date,row,action,start_reason,overlap,poc_pos,bimodal,va_sym,comp_id,comp_start,comp_days,comp_high,comp_low,comp_poc,comp_vah,comp_val,ref_source,ref_days,ref_high,ref_low,ref_poc,ref_vah,ref_val,open_location_ref
2010-06-07,0.75,start,first,,,,,1,2010-06-07,1,1070.75,1048.75,1061.25,1069.50,1058.25,none,0,,,,,,
2010-06-08,0.75,start,migration,0.00,,,,2,2010-06-08,1,1063.25,1041.25,1051.50,1056.75,1047.00,day,1,1070.75,1048.75,1061.25,1069.50,1058.25,below_value
2010-06-09,0.75,start,migration,0.00,,,,3,2010-06-09,1,1077.75,1051.25,1068.75,1077.00,1062.75,day,1,1063.25,1041.25,1051.50,1056.75,1047.00,above_range
2010-06-10,0.75,start,migration,0.46,,,,4,2010-06-10,1,1087.75,1071.75,1077.00,1082.25,1072.50,day,1,1077.75,1051.25,1068.75,1077.00,1062.75,in_value
2010-06-11,0.75,start,migration,0.22,,,,5,2010-06-11,1,1092.25,1076.00,1083.75,1087.50,1080.75,day,1,1087.75,1071.75,1077.00,1082.25,1072.50,in_value
2010-06-14,0.75,start,roll,,,,,6,2010-06-14,1,1101.75,1084.25,1092.00,1098.75,1090.50,none,0,,,,,,
2010-06-15,0.75,start,migration,0.35,,,,7,2010-06-15,1,1111.50,1091.25,1098.75,1107.00,1094.25,day,1,1101.75,1084.25,1092.00,1098.75,1090.50,in_value
2010-06-16,0.75,start,migration,0.22,,,,8,2010-06-16,1,1114.75,1102.50,1110.00,1112.25,1105.50,day,1,1111.50,1091.25,1098.75,1107.00,1094.25,in_value
2010-06-17,0.75,added,,0.67,0.42,False,0.43,8,2010-06-16,2,1114.75,1100.75,1106.25,1111.50,1104.75,day,1,1114.75,1102.50,1110.00,1112.25,1105.50,above_value
2010-06-18,0.75,start,migration,0.20,,,,9,2010-06-18,1,1116.75,1109.00,1112.25,1114.50,1110.75,composite,2,1114.75,1100.75,1106.25,1111.50,1104.75,above_value
2010-06-21,0.75,start,migration,0.12,,,,10,2010-06-21,1,1127.50,1103.25,1117.50,1125.75,1113.00,day,1,1116.75,1109.00,1112.25,1114.50,1110.75,above_range
2010-06-22,0.75,start,migration,0.00,,,,11,2010-06-22,1,1114.50,1089.50,1108.50,1112.25,1101.00,day,1,1127.50,1103.25,1117.50,1125.75,1113.00,below_value
2010-06-23,0.75,start,migration,0.00,,,,12,2010-06-23,1,1095.75,1080.25,1086.75,1090.50,1083.75,day,1,1114.50,1089.50,1108.50,1112.25,1101.00,below_value
2010-06-24,0.75,start,migration,0.00,,,,13,2010-06-24,1,1083.75,1066.50,1075.50,1080.75,1071.00,day,1,1095.75,1080.25,1086.75,1090.50,1083.75,below_value
2010-06-25,0.75,start,migration,0.46,,,,14,2010-06-25,1,1079.50,1062.75,1070.25,1075.50,1065.75,day,1,1083.75,1066.50,1075.50,1080.75,1071.00,in_value
2010-06-28,0.75,added,,0.86,0.72,False,0.33,14,2010-06-25,2,1079.50,1062.75,1074.75,1077.00,1068.75,day,1,1079.50,1062.75,1070.25,1075.50,1065.75,in_value
2010-06-29,0.75,start,migration,0.00,,,,15,2010-06-29,1,1055.75,1030.25,1041.75,1045.50,1035.75,composite,2,1079.50,1062.75,1074.75,1077.00,1068.75,below_range
2010-06-30,0.75,added,,1.00,0.56,False,0.33,15,2010-06-29,2,1055.75,1023.50,1041.00,1043.25,1035.00,day,1,1055.75,1030.25,1041.75,1045.50,1035.75,below_value
2010-07-01,0.75,start,migration,0.00,,,,16,2010-07-01,1,1029.75,1006.00,1022.25,1024.50,1013.25,composite,2,1055.75,1023.50,1041.00,1043.25,1035.00,below_value
2010-07-02,0.75,added,,0.92,0.47,False,0.46,16,2010-07-01,2,1029.75,1006.00,1017.00,1025.25,1014.00,day,1,1029.75,1006.00,1022.25,1024.50,1013.25,above_value
2010-07-06,0.75,added,,0.56,0.49,False,0.39,16,2010-07-01,3,1038.50,1006.00,1021.50,1025.25,1012.50,composite,2,1029.75,1006.00,1017.00,1025.25,1014.00,above_range
2010-07-07,0.75,start,migration,0.00,,,,17,2010-07-07,1,1057.50,1024.75,1039.50,1047.75,1033.50,composite,3,1038.50,1006.00,1021.50,1025.25,1012.50,above_value
2010-07-08,0.75,start,migration,0.00,,,,18,2010-07-08,1,1067.75,1054.00,1059.00,1062.75,1056.00,day,1,1057.50,1024.75,1039.50,1047.75,1033.50,above_range
2010-07-09,0.75,start,migration,0.00,,,,19,2010-07-09,1,1074.75,1064.25,1068.00,1071.75,1066.50,day,1,1067.75,1054.00,1059.00,1062.75,1056.00,above_value
2010-07-12,0.75,start,migration,0.33,,,,20,2010-07-12,1,1077.25,1066.50,1072.50,1076.25,1069.50,day,1,1074.75,1064.25,1068.00,1071.75,1066.50,in_value
2010-07-13,0.75,start,migration,0.00,,,,21,2010-07-13,1,1096.00,1084.25,1090.50,1092.75,1087.50,day,1,1077.25,1066.50,1072.50,1076.25,1069.50,above_range
2010-07-14,0.75,added,,0.78,0.58,False,1.00,21,2010-07-13,2,1096.00,1083.50,1090.50,1094.25,1087.50,day,1,1096.00,1084.25,1090.50,1092.75,1087.50,in_value
2010-07-15,0.75,start,migration,0.00,,,,22,2010-07-15,1,1095.50,1076.25,1086.75,1087.50,1079.25,composite,2,1096.00,1083.50,1090.50,1094.25,1087.50,in_value
2010-07-16,0.75,start,migration,0.00,,,,23,2010-07-16,1,1086.50,1059.00,1065.75,1075.50,1062.75,day,1,1095.50,1076.25,1086.75,1087.50,1079.25,in_value
2010-07-19,0.75,added,,0.67,0.31,False,0.56,23,2010-07-16,2,1086.50,1057.00,1065.75,1069.50,1059.75,day,1,1086.50,1059.00,1065.75,1075.50,1062.75,in_value
2010-07-20,0.75,skipped_daytype,,0.52,,,,23,2010-07-16,2,1086.50,1057.00,1065.75,1069.50,1059.75,composite,2,1086.50,1057.00,1065.75,1069.50,1059.75,below_range
2010-07-21,0.75,start,migration,0.00,,,,24,2010-07-21,1,1085.50,1061.00,1077.75,1086.00,1070.25,composite,2,1086.50,1057.00,1065.75,1069.50,1059.75,above_value
2010-07-22,0.75,start,migration,0.00,,,,25,2010-07-22,1,1094.50,1078.00,1090.50,1094.25,1087.50,day,1,1085.50,1061.00,1077.75,1086.00,1070.25,in_value
2010-07-23,0.75,added,,0.60,0.56,False,0.71,25,2010-07-22,2,1100.75,1078.00,1090.50,1094.25,1086.00,day,1,1094.50,1078.00,1090.50,1094.25,1087.50,below_value
2010-07-26,0.75,start,migration,0.00,,,,26,2010-07-26,1,1111.75,1097.75,1107.75,1110.00,1104.75,composite,2,1100.75,1078.00,1090.50,1094.25,1086.00,above_value
2010-07-27,0.75,start,migration,0.29,,,,27,2010-07-27,1,1117.75,1106.00,1110.00,1113.75,1108.50,day,1,1111.75,1097.75,1107.75,1110.00,1104.75,above_range
2010-07-28,0.75,start,migration,0.00,,,,28,2010-07-28,1,1111.50,1099.25,1106.25,1108.50,1103.25,day,1,1117.75,1106.00,1110.00,1113.75,1108.50,below_value
2010-07-29,0.75,start,migration,0.21,,,,29,2010-07-29,1,1113.00,1088.75,1099.50,1106.25,1092.00,day,1,1111.50,1099.25,1106.25,1108.50,1103.25,above_value
2010-07-30,0.75,added,,1.00,0.40,False,0.78,29,2010-07-29,2,1113.00,1084.50,1095.75,1102.50,1091.25,day,1,1113.00,1088.75,1099.50,1106.25,1092.00,below_range
2010-08-02,0.75,start,migration,0.00,,,,30,2010-08-02,1,1124.25,1110.25,1119.00,1124.25,1117.50,composite,2,1113.00,1084.50,1095.75,1102.50,1091.25,above_range
2010-08-03,0.75,added,,0.71,0.62,False,0.60,30,2010-08-02,2,1124.25,1110.25,1119.00,1121.25,1116.00,day,1,1124.25,1110.25,1119.00,1124.25,1117.50,in_value
2010-08-04,0.75,added,,0.57,0.57,False,0.43,30,2010-08-02,3,1126.00,1110.25,1119.00,1124.25,1117.50,composite,2,1124.25,1110.25,1119.00,1121.25,1116.00,in_value
2010-08-05,0.75,added,,1.00,0.57,False,0.60,30,2010-08-02,4,1126.00,1110.25,1119.00,1122.75,1117.50,composite,3,1126.00,1110.25,1119.00,1124.25,1117.50,below_value
2010-08-06,0.75,start,migration,0.00,,,,31,2010-08-06,1,1120.50,1103.75,1107.75,1116.00,1104.75,composite,4,1126.00,1110.25,1119.00,1122.75,1117.50,below_value
2010-08-09,0.75,start,migration,0.00,,,,32,2010-08-09,1,1126.75,1118.00,1123.50,1125.75,1120.50,day,1,1120.50,1103.75,1107.75,1116.00,1104.75,above_range
2010-08-10,0.75,start,migration,0.00,,,,33,2010-08-10,1,1124.50,1108.25,1113.00,1119.75,1110.00,day,1,1126.75,1118.00,1123.50,1125.75,1120.50,below_range
2010-08-11,0.75,start,migration,0.00,,,,34,2010-08-11,1,1101.50,1085.75,1090.50,1092.75,1086.00,day,1,1124.50,1108.25,1113.00,1119.75,1110.00,below_range
2010-08-12,0.75,start,migration,0.00,,,,35,2010-08-12,1,1084.75,1070.50,1080.75,1084.50,1077.75,day,1,1101.50,1085.75,1090.50,1092.75,1086.00,below_range
2010-08-13,0.75,added,,1.00,0.72,False,0.60,35,2010-08-12,2,1084.75,1070.50,1080.75,1083.00,1077.75,day,1,1084.75,1070.50,1080.75,1084.50,1077.75,below_value
2010-08-16,0.50,start,migration,0.31,,,,36,2010-08-16,1,1080.75,1066.25,1077.50,1080.00,1073.50,composite,2,1084.75,1070.50,1080.75,1083.00,1077.75,below_range
2010-08-17,0.50,start,migration,0.00,,,,37,2010-08-17,1,1098.50,1083.25,1093.50,1098.00,1088.50,day,1,1080.75,1066.25,1077.50,1080.00,1073.50,above_range
2010-08-18,0.50,added,,0.67,0.67,False,0.82,37,2010-08-17,2,1098.50,1083.25,1093.50,1098.00,1088.50,day,1,1098.50,1083.25,1093.50,1098.00,1088.50,in_value
2010-08-19,0.50,start,migration,0.00,,,,38,2010-08-19,1,1089.50,1068.50,1073.00,1077.50,1070.00,composite,2,1098.50,1083.25,1093.50,1098.00,1088.50,below_value
2010-08-20,0.50,start,migration,0.00,,,,39,2010-08-20,1,1071.50,1061.75,1066.50,1070.00,1064.50,day,1,1089.50,1068.50,1073.00,1077.50,1070.00,in_value
2010-08-23,0.50,start,migration,0.31,,,,40,2010-08-23,1,1080.25,1065.00,1071.00,1074.50,1068.00,day,1,1071.50,1061.75,1066.50,1070.00,1064.50,above_range
2010-08-24,0.50,start,migration,0.00,,,,41,2010-08-24,1,1058.25,1044.00,1053.50,1056.00,1050.50,day,1,1080.25,1065.00,1071.00,1074.50,1068.00,below_range
2010-08-25,0.50,start,migration,0.00,,,,42,2010-08-25,1,1057.75,1037.00,1045.00,1049.50,1039.00,day,1,1058.25,1044.00,1053.50,1056.00,1050.50,below_value
2010-08-26,0.50,start,migration,0.14,,,,43,2010-08-26,1,1060.25,1043.00,1051.00,1058.50,1048.00,day,1,1057.75,1037.00,1045.00,1049.50,1039.00,above_range
2010-08-27,0.50,added,,0.67,0.50,False,0.37,43,2010-08-26,2,1064.25,1037.25,1050.50,1060.00,1047.50,day,1,1060.25,1043.00,1051.00,1058.50,1048.00,in_value
2010-08-30,0.50,skipped_shape,,0.80,0.76,False,0.41,43,2010-08-26,2,1064.25,1037.25,1050.50,1060.00,1047.50,composite,2,1064.25,1037.25,1050.50,1060.00,1047.50,above_value
2010-08-31,0.50,added,,0.77,0.50,False,0.73,43,2010-08-26,3,1064.25,1037.25,1050.50,1056.00,1043.50,composite,2,1064.25,1037.25,1050.50,1060.00,1047.50,below_value
2010-09-01,0.50,start,migration,0.00,,,,44,2010-09-01,1,1080.75,1061.00,1076.50,1080.00,1073.50,composite,3,1064.25,1037.25,1050.50,1056.00,1043.50,above_value
2010-09-02,0.50,start,migration,0.00,,,,45,2010-09-02,1,1089.25,1079.25,1083.50,1087.00,1081.50,day,1,1080.75,1061.00,1076.50,1080.00,1073.50,above_range
2010-09-03,0.50,start,migration,0.00,,,,46,2010-09-03,1,1104.50,1093.75,1101.00,1103.50,1097.00,day,1,1089.25,1079.25,1083.50,1087.00,1081.50,above_range
2010-09-07,0.50,start,migration,0.00,,,,47,2010-09-07,1,1099.50,1089.75,1094.50,1096.00,1092.50,day,1,1104.50,1093.75,1101.00,1103.50,1097.00,in_value
2010-09-08,0.50,start,migration,0.00,,,,48,2010-09-08,1,1103.00,1092.25,1100.00,1101.50,1097.00,day,1,1099.50,1089.75,1094.50,1096.00,1092.50,in_value
2010-09-09,0.50,start,migration,0.00,,,,49,2010-09-09,1,1111.50,1100.50,1107.00,1109.50,1103.00,day,1,1103.00,1092.25,1100.00,1101.50,1097.00,above_range
2010-09-10,0.50,added,,0.78,0.67,False,0.33,49,2010-09-09,2,1111.50,1100.50,1108.00,1109.50,1104.00,day,1,1111.50,1100.50,1107.00,1109.50,1103.00,in_value
2010-09-13,0.50,start,roll,,,,,50,2010-09-13,1,1119.00,1110.75,1114.50,1118.00,1113.50,none,0,,,,,,
2010-09-14,0.50,start,migration,0.36,,,,51,2010-09-14,1,1122.50,1110.25,1118.00,1121.50,1116.00,day,1,1119.00,1110.75,1114.50,1118.00,1113.50,in_value
2010-09-15,0.50,added,,0.64,0.59,False,0.71,51,2010-09-14,2,1122.50,1109.00,1117.00,1120.50,1115.00,day,1,1122.50,1110.25,1118.00,1121.50,1116.00,below_value
2010-09-16,0.50,added,,0.86,0.59,False,0.71,51,2010-09-14,3,1122.50,1109.00,1117.00,1119.50,1114.00,composite,2,1122.50,1109.00,1117.00,1120.50,1115.00,in_value
2010-09-17,0.50,start,migration,0.29,,,,52,2010-09-17,1,1126.75,1117.00,1120.50,1122.00,1118.50,composite,3,1122.50,1109.00,1117.00,1119.50,1114.00,above_range
2010-09-20,0.50,start,migration,0.00,,,,53,2010-09-20,1,1140.25,1121.25,1131.50,1138.00,1129.50,day,1,1126.75,1117.00,1120.50,1122.00,1118.50,above_value
2010-09-21,0.50,skipped_shape,,0.91,0.69,False,0.23,53,2010-09-20,1,1140.25,1121.25,1131.50,1138.00,1129.50,day,1,1140.25,1121.25,1131.50,1138.00,1129.50,above_value
2010-09-22,0.50,added,,0.73,0.50,False,1.00,53,2010-09-20,2,1140.25,1121.25,1130.50,1134.00,1127.50,older_day,1,1140.25,1121.25,1131.50,1138.00,1129.50,in_value
2010-09-23,0.50,start,migration,0.29,,,,54,2010-09-23,1,1132.25,1117.25,1128.50,1130.00,1121.50,composite,2,1140.25,1121.25,1130.50,1134.00,1127.50,below_range
2010-09-24,0.50,start,migration,0.00,,,,55,2010-09-24,1,1144.50,1131.75,1142.00,1144.50,1140.00,day,1,1132.25,1117.25,1128.50,1130.00,1121.50,above_range
2010-09-27,0.50,skipped_shape,,0.89,0.77,False,0.43,55,2010-09-24,1,1144.50,1131.75,1142.00,1144.50,1140.00,day,1,1144.50,1131.75,1142.00,1144.50,1140.00,in_value
2010-09-28,0.50,start,migration,0.35,,,,56,2010-09-28,1,1146.00,1127.25,1139.50,1143.00,1134.50,older_day,1,1144.50,1131.75,1142.00,1144.50,1140.00,below_value
2010-09-29,0.50,added,,0.91,0.65,False,0.56,56,2010-09-28,2,1146.00,1127.25,1139.50,1144.00,1137.50,day,1,1146.00,1127.25,1139.50,1143.00,1134.50,in_value
2010-09-30,0.50,added,,0.52,0.47,False,1.00,56,2010-09-28,3,1153.50,1127.25,1139.50,1144.00,1135.50,composite,2,1146.00,1127.25,1139.50,1144.00,1137.50,above_value
2010-10-01,0.50,added,,1.00,0.47,False,0.78,56,2010-09-28,4,1153.50,1127.25,1139.50,1144.00,1136.50,composite,3,1153.50,1127.25,1139.50,1144.00,1135.50,above_value
2010-10-04,0.50,start,migration,0.05,,,,57,2010-10-04,1,1144.00,1127.00,1130.50,1137.00,1127.50,composite,4,1153.50,1127.25,1139.50,1144.00,1136.50,in_value
2010-10-05,0.50,start,migration,0.00,,,,58,2010-10-05,1,1158.75,1142.00,1156.00,1158.50,1149.00,day,1,1144.00,1127.00,1130.50,1137.00,1127.50,above_value
2010-10-06,0.50,added,,1.00,0.75,False,1.00,58,2010-10-05,2,1158.75,1142.00,1154.50,1158.00,1151.50,day,1,1158.75,1142.00,1156.00,1158.50,1149.00,in_value
2010-10-07,0.50,added,,0.69,0.67,False,1.00,58,2010-10-05,3,1160.75,1142.00,1154.50,1158.00,1151.50,composite,2,1158.75,1142.00,1154.50,1158.00,1151.50,above_range
2010-10-08,0.50,start,migration,0.31,,,,59,2010-10-08,1,1164.00,1151.50,1160.00,1162.50,1156.00,composite,3,1160.75,1142.00,1154.50,1158.00,1151.50,in_value
2010-10-11,0.50,added,,0.57,0.66,False,0.71,59,2010-10-08,2,1165.00,1151.50,1160.50,1164.00,1158.50,day,1,1164.00,1151.50,1160.00,1162.50,1156.00,above_value
2010-10-12,0.50,added,,0.58,0.51,False,0.78,59,2010-10-08,3,1169.00,1151.50,1160.50,1165.00,1157.50,composite,2,1165.00,1151.50,1160.50,1164.00,1158.50,below_value
2010-10-13,0.50,start,migration,0.00,,,,60,2010-10-13,1,1181.00,1169.25,1178.00,1180.50,1175.00,composite,3,1169.00,1151.50,1160.50,1165.00,1157.50,above_range
2010-10-14,0.50,start,migration,0.00,,,,61,2010-10-14,1,1175.50,1162.50,1167.50,1173.00,1165.50,day,1,1181.00,1169.25,1178.00,1180.50,1175.00,below_value
2010-10-15,0.50,added,,1.00,0.48,False,0.56,61,2010-10-14,2,1179.00,1162.50,1170.50,1173.00,1166.50,day,1,1175.50,1162.50,1167.50,1173.00,1165.50,above_range
2010-10-18,0.50,start,migration,0.00,,,,62,2010-10-18,1,1182.25,1170.50,1175.50,1179.00,1174.50,composite,2,1179.00,1162.50,1170.50,1173.00,1166.50,in_value
2010-10-19,0.50,start,migration,0.00,,,,63,2010-10-19,1,1173.75,1155.50,1168.50,1173.00,1161.50,day,1,1182.25,1170.50,1175.50,1179.00,1174.50,below_range
2010-10-20,0.50,start,migration,0.07,,,,64,2010-10-20,1,1180.00,1164.00,1176.50,1180.00,1172.50,day,1,1173.75,1155.50,1168.50,1173.00,1161.50,in_value
2010-10-21,0.50,added,,0.71,0.61,False,0.54,64,2010-10-20,2,1186.25,1164.00,1177.50,1181.00,1171.50,day,1,1180.00,1164.00,1176.50,1180.00,1172.50,in_value
2010-10-22,0.50,added,,1.00,0.61,False,0.78,64,2010-10-20,3,1186.25,1164.00,1177.50,1181.00,1173.50,composite,2,1186.25,1164.00,1177.50,1181.00,1171.50,in_value
2010-10-25,0.50,start,migration,0.00,,,,65,2010-10-25,1,1193.00,1181.25,1186.00,1188.50,1183.00,composite,3,1186.25,1164.00,1177.50,1181.00,1173.50,above_range
2010-10-26,0.50,start,migration,0.00,,,,66,2010-10-26,1,1183.75,1174.00,1180.50,1183.00,1178.50,day,1,1193.00,1181.25,1186.00,1188.50,1183.00,below_range
2010-10-27,0.50,start,migration,0.00,,,,67,2010-10-27,1,1180.50,1167.75,1172.50,1176.00,1169.50,day,1,1183.75,1174.00,1180.50,1183.00,1178.50,below_value
2010-10-28,0.50,start,migration,0.09,,,,68,2010-10-28,1,1186.50,1173.50,1178.50,1181.00,1175.50,day,1,1180.50,1167.75,1172.50,1176.00,1169.50,above_range
2010-10-29,0.50,added,,0.71,0.46,False,0.43,68,2010-10-28,2,1186.50,1173.50,1179.50,1181.00,1176.50,day,1,1186.50,1173.50,1178.50,1181.00,1175.50,in_value
2010-11-01,0.50,start,migration,0.00,,,,69,2010-11-01,1,1192.75,1173.75,1184.50,1192.00,1181.50,composite,2,1186.50,1173.50,1179.50,1181.00,1176.50,above_value
2010-11-02,0.50,skipped_shape,,1.00,0.76,False,0.64,69,2010-11-01,1,1192.75,1173.75,1184.50,1192.00,1181.50,day,1,1192.75,1173.75,1184.50,1192.00,1181.50,in_value
2010-11-03,0.50,added,,0.87,0.57,False,0.54,69,2010-11-01,2,1195.50,1173.75,1186.00,1192.50,1183.00,older_day,1,1192.75,1173.75,1184.50,1192.00,1181.50,above_value
2010-11-04,0.50,start,migration,0.00,,,,70,2010-11-04,1,1218.75,1206.50,1213.50,1216.00,1210.50,composite,2,1195.50,1173.75,1186.00,1192.50,1183.00,above_range
2010-11-05,0.50,start,migration,0.00,,,,71,2010-11-05,1,1224.50,1217.00,1220.00,1222.50,1217.00,day,1,1218.75,1206.50,1213.50,1216.00,1210.50,above_value
2010-11-08,0.50,added,,1.00,0.45,False,1.00,71,2010-11-05,2,1224.50,1214.75,1219.00,1221.50,1217.00,day,1,1224.50,1217.00,1220.00,1222.50,1217.00,in_value
2010-11-09,0.50,start,migration,0.47,,,,72,2010-11-09,1,1224.75,1206.25,1216.50,1223.00,1213.50,composite,2,1224.50,1214.75,1219.00,1221.50,1217.00,above_value
2010-11-10,0.50,start,migration,0.26,,,,73,2010-11-10,1,1217.00,1201.75,1213.50,1216.00,1206.50,day,1,1224.75,1206.25,1216.50,1223.00,1213.50,below_value
2010-11-11,0.50,added,,0.69,0.39,False,0.78,73,2010-11-10,2,1217.00,1201.75,1207.50,1212.00,1204.50,day,1,1217.00,1201.75,1213.50,1216.00,1206.50,below_value
2010-11-12,0.50,start,migration,0.00,,,,74,2010-11-12,1,1208.75,1191.50,1195.00,1200.50,1192.00,composite,2,1217.00,1201.75,1207.50,1212.00,1204.50,below_value
2010-11-15,0.50,start,migration,0.18,,,,75,2010-11-15,1,1205.75,1194.75,1201.50,1205.00,1199.50,day,1,1208.75,1191.50,1195.00,1200.50,1192.00,above_value
2010-11-16,0.50,start,migration,0.00,,,,76,2010-11-16,1,1190.00,1171.00,1176.00,1179.50,1172.00,day,1,1205.75,1194.75,1201.50,1205.00,1199.50,below_range
2010-11-17,0.50,added,,0.57,0.40,False,0.46,76,2010-11-16,2,1190.00,1171.00,1178.50,1181.00,1173.50,day,1,1190.00,1171.00,1176.00,1179.50,1172.00,in_value
2010-11-18,0.50,start,migration,0.00,,,,77,2010-11-18,1,1199.00,1188.50,1197.50,1199.00,1195.50,composite,2,1190.00,1171.00,1178.50,1181.00,1173.50,above_value
2010-11-19,0.50,start,migration,0.31,,,,78,2010-11-19,1,1198.75,1187.50,1195.00,1197.50,1191.00,day,1,1199.00,1188.50,1197.50,1199.00,1195.50,below_value
2010-11-22,0.50,added,,0.59,0.56,False,0.46,78,2010-11-19,2,1198.75,1182.50,1191.50,1197.00,1189.50,day,1,1198.75,1187.50,1195.00,1197.50,1191.00,in_value
2010-11-23,0.50,start,migration,0.00,,,,79,2010-11-23,1,1185.00,1174.75,1179.50,1182.00,1177.50,composite,2,1198.75,1182.50,1191.50,1197.00,1189.50,below_value
2010-11-24,0.50,start,migration,0.00,,,,80,2010-11-24,1,1197.50,1186.50,1195.00,1197.50,1193.00,day,1,1185.00,1174.75,1179.50,1182.00,1177.50,above_range
2010-11-26,0.50,start,migration,0.00,,,,81,2010-11-26,1,1193.25,1183.00,1189.50,1191.00,1186.50,day,1,1197.50,1186.50,1195.00,1197.50,1193.00,below_value
2010-11-29,0.50,start,migration,0.00,,,,82,2010-11-29,1,1190.00,1172.25,1177.00,1181.50,1173.00,day,1,1193.25,1183.00,1189.50,1191.00,1186.50,below_range
2010-11-30,0.50,start,migration,0.46,,,,83,2010-11-30,1,1187.00,1173.00,1181.50,1185.00,1178.50,day,1,1190.00,1172.25,1177.00,1181.50,1173.00,in_value
2010-12-01,0.50,start,migration,0.00,,,,84,2010-12-01,1,1207.75,1196.75,1205.00,1207.50,1201.00,day,1,1187.00,1173.00,1181.50,1185.00,1178.50,above_range
2010-12-02,0.50,start,migration,0.00,,,,85,2010-12-02,1,1221.75,1206.25,1218.00,1221.50,1215.00,day,1,1207.75,1196.75,1205.00,1207.50,1201.00,in_value
2010-12-03,0.50,added,,1.00,0.61,False,0.43,85,2010-12-02,2,1225.50,1206.25,1218.00,1221.50,1217.00,day,1,1221.75,1206.25,1218.00,1221.50,1215.00,in_value
2010-12-06,0.50,start,migration,0.29,,,,86,2010-12-06,1,1225.50,1220.00,1222.50,1224.00,1220.50,composite,2,1225.50,1206.25,1218.00,1221.50,1217.00,in_value
2010-12-07,0.50,start,migration,0.00,,,,87,2010-12-07,1,1235.00,1222.50,1229.00,1232.50,1226.00,day,1,1225.50,1220.00,1222.50,1224.00,1220.50,above_range
2010-12-08,0.50,start,migration,0.33,,,,88,2010-12-08,1,1228.75,1219.00,1225.00,1227.50,1223.00,day,1,1235.00,1222.50,1229.00,1232.50,1226.00,below_value
2010-12-09,0.50,start,migration,0.00,,,,89,2010-12-09,1,1235.25,1226.50,1230.50,1233.00,1228.50,day,1,1228.75,1219.00,1225.00,1227.50,1223.00,above_range
2010-12-10,0.50,start,migration,0.00,,,,90,2010-12-10,1,1241.00,1232.25,1238.50,1240.00,1234.50,day,1,1235.25,1226.50,1230.50,1233.00,1228.50,above_range
2010-12-13,0.50,start,roll,,,,,91,2010-12-13,1,1242.00,1235.25,1240.50,1242.00,1238.50,none,0,,,,,,
2010-12-14,0.50,skipped_shape,,0.78,0.82,False,0.60,91,2010-12-13,1,1242.00,1235.25,1240.50,1242.00,1238.50,day,1,1242.00,1235.25,1240.50,1242.00,1238.50,below_value
2010-12-15,0.50,start,migration,0.00,,,,92,2010-12-15,1,1239.50,1228.75,1234.00,1238.50,1231.00,older_day,1,1242.00,1235.25,1240.50,1242.00,1238.50,below_range
2010-12-16,0.50,skipped_shape,,0.87,0.78,False,0.27,92,2010-12-15,1,1239.50,1228.75,1234.00,1238.50,1231.00,day,1,1239.50,1228.75,1234.00,1238.50,1231.00,in_value
2010-12-17,0.50,added,,0.67,0.67,False,0.56,92,2010-12-15,2,1241.00,1228.75,1237.00,1239.50,1233.00,older_day,1,1239.50,1228.75,1234.00,1238.50,1231.00,in_value
2010-12-20,0.50,start,migration,0.09,,,,93,2010-12-20,1,1245.75,1236.25,1242.00,1244.50,1239.00,composite,2,1241.00,1228.75,1237.00,1239.50,1233.00,above_range
2010-12-21,0.50,start,migration,0.00,,,,94,2010-12-21,1,1251.25,1245.25,1248.50,1250.00,1247.50,day,1,1245.75,1236.25,1242.00,1244.50,1239.00,above_range
2010-12-22,0.50,start,migration,0.00,,,,95,2010-12-22,1,1254.75,1250.50,1252.50,1254.00,1251.50,day,1,1251.25,1245.25,1248.50,1250.00,1247.50,above_range
2010-12-23,0.50,added,,0.80,0.54,False,0.60,95,2010-12-22,2,1254.75,1249.25,1252.00,1254.50,1251.00,day,1,1254.75,1250.50,1252.50,1254.00,1251.50,in_value
2010-12-27,0.50,added,,0.67,0.72,False,0.60,95,2010-12-22,3,1254.75,1247.00,1252.50,1254.00,1250.50,composite,2,1254.75,1249.25,1252.00,1254.50,1251.00,below_range
2010-12-28,0.50,added,,0.57,0.60,False,0.60,95,2010-12-22,4,1256.00,1247.00,1252.50,1255.00,1251.50,composite,3,1254.75,1247.00,1252.50,1254.00,1250.50,above_range
2010-12-29,0.50,start,migration,0.00,,,,96,2010-12-29,1,1258.50,1255.50,1257.50,1259.00,1256.50,composite,4,1256.00,1247.00,1252.50,1255.00,1251.50,above_range
2010-12-30,0.50,start,migration,0.00,,,,97,2010-12-30,1,1257.00,1251.50,1253.50,1255.00,1252.50,day,1,1258.50,1255.50,1257.50,1259.00,1256.50,below_range
2010-12-31,0.50,added,,0.71,0.53,False,1.00,97,2010-12-30,2,1257.00,1249.50,1253.50,1255.00,1252.50,day,1,1257.00,1251.50,1253.50,1255.00,1252.50,below_range
2011-01-03,0.50,start,migration,0.00,,,,98,2011-01-03,1,1272.50,1262.75,1269.50,1272.00,1267.50,composite,2,1257.00,1249.50,1253.50,1255.00,1252.50,above_range
2011-01-04,0.50,start,migration,0.00,,,,99,2011-01-04,1,1270.00,1258.25,1264.00,1266.50,1261.00,day,1,1272.50,1262.75,1269.50,1272.00,1267.50,in_value
2011-01-05,0.50,start,migration,0.12,,,,100,2011-01-05,1,1273.75,1260.75,1271.50,1274.00,1265.50,day,1,1270.00,1258.25,1264.00,1266.50,1261.00,in_value
2011-01-06,0.50,skipped_shape,,1.00,0.78,False,0.33,100,2011-01-05,1,1273.75,1260.75,1271.50,1274.00,1265.50,day,1,1273.75,1260.75,1271.50,1274.00,1265.50,in_value
2011-01-07,0.50,skipped_shape,,0.59,0.84,True,0.18,100,2011-01-05,1,1273.75,1260.75,1271.50,1274.00,1265.50,older_day,1,1273.75,1260.75,1271.50,1274.00,1265.50,in_value
2011-01-10,0.25,start,migration,0.05,,,,101,2011-01-10,1,1268.00,1258.00,1264.00,1266.25,1261.00,older_day,1,1273.75,1260.75,1271.50,1274.00,1265.50,below_value
2011-01-11,0.25,start,migration,0.00,,,,102,2011-01-11,1,1273.75,1265.50,1269.50,1272.75,1268.50,day,1,1268.00,1258.00,1264.00,1266.25,1261.00,above_range
2011-01-12,0.25,start,migration,0.00,,,,103,2011-01-12,1,1283.50,1276.00,1281.50,1282.75,1279.00,day,1,1273.75,1265.50,1269.50,1272.75,1268.50,above_range
2011-01-13,0.25,added,,0.93,0.73,False,0.46,103,2011-01-12,2,1283.50,1276.00,1281.50,1282.75,1279.00,day,1,1283.50,1276.00,1281.50,1282.75,1279.00,in_value
2011-01-14,0.25,start,migration,0.46,,,,104,2011-01-14,1,1289.50,1277.00,1284.50,1286.75,1278.50,composite,2,1283.50,1276.00,1281.50,1282.75,1279.00,below_value
2011-01-18,0.25,start,migration,0.00,,,,105,2011-01-18,1,1292.50,1286.50,1289.75,1291.50,1288.75,day,1,1289.50,1277.00,1284.50,1286.75,1278.50,above_value
2011-01-19,0.25,start,migration,0.00,,,,106,2011-01-19,1,1291.25,1275.00,1282.25,1284.00,1276.25,day,1,1292.50,1286.50,1289.75,1291.50,1288.75,in_value
2011-01-20,0.25,start,migration,0.18,,,,107,2011-01-20,1,1280.25,1267.50,1273.75,1277.50,1270.75,day,1,1291.25,1275.00,1282.25,1284.00,1276.25,below_value
2011-01-21,0.25,start,migration,0.00,,,,108,2011-01-21,1,1288.00,1278.50,1282.00,1283.75,1279.50,day,1,1280.25,1267.50,1273.75,1277.50,1270.75,above_range
2011-01-24,0.25,start,migration,0.14,,,,109,2011-01-24,1,1288.75,1278.75,1286.00,1288.25,1283.00,day,1,1288.00,1278.50,1282.00,1283.75,1279.50,below_value
2011-01-25,0.25,skipped_shape,,0.61,0.76,False,0.26,109,2011-01-24,1,1288.75,1278.75,1286.00,1288.25,1283.00,day,1,1288.75,1278.75,1286.00,1288.25,1283.00,in_value
2011-01-26,0.25,start,migration,0.00,,,,110,2011-01-26,1,1296.75,1288.25,1293.00,1296.25,1291.50,older_day,1,1288.75,1278.75,1286.00,1288.25,1283.00,above_range
2011-01-27,0.25,added,,0.80,0.55,False,0.46,110,2011-01-26,2,1298.25,1288.25,1293.75,1296.50,1292.75,day,1,1296.75,1288.25,1293.00,1296.25,1291.50,in_value
2011-01-28,0.25,start,migration,0.00,,,,111,2011-01-28,1,1299.50,1271.00,1277.25,1283.50,1271.25,composite,2,1298.25,1288.25,1293.75,1296.50,1292.75,above_value
2011-01-31,0.25,skipped_shape,,1.00,0.25,False,1.00,111,2011-01-28,1,1299.50,1271.00,1277.25,1283.50,1271.25,day,1,1299.50,1271.00,1277.25,1283.50,1271.25,in_value
2011-02-01,0.25,start,migration,0.00,,,,112,2011-02-01,1,1306.00,1289.75,1303.25,1305.50,1297.25,older_day,1,1299.50,1271.00,1277.25,1283.50,1271.25,above_value
2011-02-02,0.25,added,,1.00,0.75,False,1.00,112,2011-02-01,2,1306.00,1289.75,1302.00,1304.75,1299.50,day,1,1306.00,1289.75,1303.25,1305.50,1297.25,in_value
2011-02-03,0.25,start,migration,0.32,,,,113,2011-02-03,1,1305.75,1291.50,1299.75,1301.50,1295.25,composite,2,1306.00,1289.75,1302.00,1304.75,1299.50,below_value
2011-02-04,0.25,start,migration,0.05,,,,114,2011-02-04,1,1308.00,1298.00,1305.75,1306.00,1301.25,day,1,1305.75,1291.50,1299.75,1301.50,1295.25,above_value
2011-02-07,0.50,start,migration,0.00,,,,115,2011-02-07,1,1320.00,1310.00,1317.00,1319.50,1315.00,day,1,1308.00,1298.00,1305.75,1306.00,1301.25,above_range
2011-02-08,0.50,added,,0.86,0.70,False,0.43,115,2011-02-07,2,1322.25,1310.00,1318.50,1320.00,1315.50,day,1,1320.00,1310.00,1317.00,1319.50,1315.00,in_value
2011-02-09,0.50,added,,0.73,0.70,False,0.33,115,2011-02-07,3,1322.25,1310.00,1318.50,1320.00,1314.50,composite,2,1322.25,1310.00,1318.50,1320.00,1315.50,in_value
2011-02-10,0.50,added,,1.00,0.62,False,0.71,115,2011-02-07,4,1322.25,1308.50,1317.00,1319.50,1314.00,composite,3,1322.25,1310.00,1318.50,1320.00,1314.50,below_value
2011-02-11,0.50,start,migration,0.00,,,,116,2011-02-11,1,1328.75,1313.25,1323.50,1329.00,1321.50,composite,4,1322.25,1308.50,1317.00,1319.50,1314.00,below_value
2011-02-14,0.50,skipped_shape,,0.71,0.82,False,0.27,116,2011-02-11,1,1328.75,1313.25,1323.50,1329.00,1321.50,day,1,1328.75,1313.25,1323.50,1329.00,1321.50,in_value
2011-02-15,0.50,added,,1.00,0.73,False,0.71,116,2011-02-11,2,1328.75,1313.25,1324.50,1328.00,1322.50,older_day,1,1328.75,1313.25,1323.50,1329.00,1321.50,in_value
2011-02-16,0.50,start,migration,0.00,,,,117,2011-02-16,1,1336.00,1327.50,1333.00,1334.50,1330.00,composite,2,1328.75,1313.25,1324.50,1328.00,1322.50,above_range
2011-02-17,0.50,start,migration,0.08,,,,118,2011-02-17,1,1340.00,1329.00,1338.00,1340.50,1334.00,day,1,1336.00,1327.50,1333.00,1334.50,1330.00,in_value
2011-02-18,0.50,added,,0.71,0.70,False,0.71,118,2011-02-17,2,1342.75,1329.00,1338.50,1342.00,1336.50,day,1,1340.00,1329.00,1338.00,1340.50,1334.00,in_value
2011-02-22,0.50,start,migration,0.00,,,,119,2011-02-22,1,1334.50,1310.25,1315.50,1327.00,1310.00,composite,2,1342.75,1329.00,1338.50,1342.00,1336.50,below_range
2011-02-23,0.50,start,migration,0.26,,,,120,2011-02-23,1,1316.50,1297.50,1305.00,1312.50,1303.00,day,1,1334.50,1310.25,1315.50,1327.00,1310.00,in_value
2011-02-24,0.50,added,,0.53,0.52,False,0.85,120,2011-02-23,2,1316.50,1292.50,1305.00,1310.50,1299.00,day,1,1316.50,1297.50,1305.00,1312.50,1303.00,in_value
2011-02-25,0.50,start,migration,0.00,,,,121,2011-02-25,1,1320.00,1309.75,1317.50,1320.00,1314.50,composite,2,1316.50,1292.50,1305.00,1310.50,1299.00,in_value
2011-02-28,0.50,start,migration,0.00,,,,122,2011-02-28,1,1329.00,1319.25,1324.00,1327.50,1322.00,day,1,1320.00,1309.75,1317.50,1320.00,1314.50,above_range
2011-03-01,0.50,start,migration,0.30,,,,123,2011-03-01,1,1332.50,1304.50,1319.50,1329.00,1310.50,day,1,1329.00,1319.25,1324.00,1327.50,1322.00,above_range
2011-03-02,0.50,start,migration,0.00,,,,124,2011-03-02,1,1313.75,1301.50,1308.00,1310.50,1305.00,day,1,1332.50,1304.50,1319.50,1329.00,1310.50,below_range
2011-03-03,0.50,start,migration,0.00,,,,125,2011-03-03,1,1332.00,1319.25,1327.50,1331.00,1323.50,day,1,1313.75,1301.50,1308.00,1310.50,1305.00,above_range
2011-03-04,0.50,start,migration,0.00,,,,126,2011-03-04,1,1330.50,1311.25,1314.00,1322.50,1312.00,day,1,1332.00,1319.25,1327.50,1331.00,1323.50,in_value
2011-03-07,0.50,start,migration,0.24,,,,127,2011-03-07,1,1327.25,1302.75,1308.50,1315.00,1302.50,day,1,1330.50,1311.25,1314.00,1322.50,1312.00,above_value
2011-03-08,0.50,start,migration,0.00,,,,128,2011-03-08,1,1325.75,1306.00,1323.00,1325.50,1317.00,day,1,1327.25,1302.75,1308.50,1315.00,1302.50,in_value
2011-03-09,0.50,added,,0.73,0.66,False,0.78,128,2011-03-08,2,1325.75,1306.00,1319.00,1323.50,1316.00,day,1,1325.75,1306.00,1323.00,1325.50,1317.00,in_value
2011-03-10,0.50,start,migration,0.00,,,,129,2011-03-10,1,1305.75,1293.25,1299.00,1302.50,1296.00,composite,2,1325.75,1306.00,1319.00,1323.50,1316.00,below_range
2011-03-11,0.50,added,,0.56,0.51,False,0.64,129,2011-03-10,2,1308.75,1290.25,1299.50,1303.00,1294.50,day,1,1305.75,1293.25,1299.00,1302.50,1296.00,below_range
2011-03-14,0.50,start,roll,,,,,130,2011-03-14,1,1295.25,1281.00,1286.00,1290.50,1283.00,none,0,,,,,,
2011-03-15,0.50,start,migration,0.00,,,,131,2011-03-15,1,1283.75,1255.25,1269.00,1278.50,1265.00,day,1,1295.25,1281.00,1286.00,1290.50,1283.00,below_range
2011-03-16,0.50,start,migration,0.06,,,,132,2011-03-16,1,1276.25,1243.25,1259.50,1266.00,1249.50,day,1,1283.75,1255.25,1269.00,1278.50,1265.00,in_value
2011-03-17,0.50,start,migration,0.08,,,,133,2011-03-17,1,1274.50,1261.50,1268.50,1272.00,1265.50,day,1,1276.25,1243.25,1259.50,1266.00,1249.50,above_value
2011-03-18,0.50,start,migration,0.00,,,,134,2011-03-18,1,1285.00,1270.75,1277.50,1283.00,1274.50,day,1,1274.50,1261.50,1268.50,1272.00,1265.50,above_range
2011-03-21,0.50,start,migration,0.00,,,,135,2011-03-21,1,1296.25,1287.75,1293.00,1295.50,1292.00,day,1,1285.00,1270.75,1277.50,1283.00,1274.50,above_range
2011-03-22,0.50,start,migration,0.00,,,,136,2011-03-22,1,1294.75,1287.50,1290.50,1292.00,1288.50,day,1,1296.25,1287.75,1293.00,1295.50,1292.00,in_value
2011-03-23,0.50,start,migration,0.29,,,,137,2011-03-23,1,1296.00,1279.00,1283.00,1291.50,1281.00,day,1,1294.75,1287.50,1290.50,1292.00,1288.50,below_range
2011-03-24,0.50,start,migration,0.00,,,,138,2011-03-24,1,1306.75,1292.50,1302.00,1306.50,1299.00,day,1,1296.00,1279.00,1283.00,1291.50,1281.00,above_range
2011-03-25,0.50,start,migration,0.00,,,,139,2011-03-25,1,1314.50,1305.25,1312.00,1313.50,1309.00,day,1,1306.75,1292.50,1302.00,1306.50,1299.00,above_range
2011-03-28,0.50,added,,1.00,0.55,False,0.43,139,2011-03-25,2,1315.25,1305.25,1310.50,1314.00,1309.50,day,1,1314.50,1305.25,1312.00,1313.50,1309.00,in_value
2011-03-29,0.50,added,,0.53,0.69,False,0.33,139,2011-03-25,3,1315.25,1300.25,1310.50,1315.00,1309.50,composite,2,1315.25,1305.25,1310.50,1314.00,1309.50,below_range
2011-03-30,0.50,start,migration,0.00,,,,140,2011-03-30,1,1327.75,1319.50,1325.50,1327.00,1322.50,composite,3,1315.25,1300.25,1310.50,1315.00,1309.50,above_range
2011-03-31,0.50,added,,0.86,0.50,False,1.00,140,2011-03-30,2,1327.75,1319.50,1323.50,1326.00,1321.50,day,1,1327.75,1319.50,1325.50,1327.00,1322.50,below_value
2011-04-01,0.50,start,migration,0.00,,,,141,2011-04-01,1,1333.75,1324.25,1331.00,1333.50,1328.00,composite,2,1327.75,1319.50,1323.50,1326.00,1321.50,above_range
2011-04-04,0.50,added,,0.57,0.47,False,0.71,141,2011-04-01,2,1333.75,1324.25,1328.50,1332.00,1326.50,day,1,1333.75,1324.25,1331.00,1333.50,1328.00,in_value
2011-04-05,0.50,added,,0.67,0.45,False,0.56,141,2011-04-01,3,1334.25,1324.25,1328.50,1333.00,1326.50,composite,2,1333.75,1324.25,1328.50,1332.00,1326.50,below_value
2011-04-06,0.50,added,,0.82,0.48,False,0.71,141,2011-04-01,4,1335.75,1324.25,1329.50,1333.00,1327.50,composite,3,1334.25,1324.25,1328.50,1333.00,1326.50,above_range
2011-04-07,0.50,added,,0.64,0.48,False,0.33,141,2011-04-01,5,1335.75,1322.25,1328.50,1333.00,1327.50,composite,4,1335.75,1324.25,1329.50,1333.00,1327.50,in_value
2011-04-08,0.50,skipped_shape,,0.52,0.56,False,0.27,141,2011-04-01,5,1335.75,1322.25,1328.50,1333.00,1327.50,composite,5,1335.75,1322.25,1328.50,1333.00,1327.50,above_value
2011-04-11,0.50,start,migration,0.20,,,,142,2011-04-11,1,1330.25,1317.00,1325.50,1329.00,1321.50,composite,5,1335.75,1322.25,1328.50,1333.00,1327.50,below_value
2011-04-12,0.50,start,migration,0.00,,,,143,2011-04-12,1,1315.50,1305.25,1308.50,1312.00,1306.50,day,1,1330.25,1317.00,1325.50,1329.00,1321.50,below_range
2011-04-13,0.50,added,,0.67,0.29,False,0.33,143,2011-04-12,2,1317.50,1305.00,1308.50,1313.00,1307.50,day,1,1315.50,1305.25,1308.50,1312.00,1306.50,above_range
2011-04-14,0.50,start,migration,0.46,,,,144,2011-04-14,1,1313.25,1298.25,1306.00,1310.50,1304.00,composite,2,1317.50,1305.00,1308.50,1313.00,1307.50,below_range
2011-04-15,0.50,start,migration,0.00,,,,145,2011-04-15,1,1319.25,1309.50,1316.50,1319.00,1313.50,day,1,1313.25,1298.25,1306.00,1310.50,1304.00,above_range
2011-04-18,0.50,start,migration,0.00,,,,146,2011-04-18,1,1303.75,1290.25,1295.00,1300.50,1293.00,day,1,1319.25,1309.50,1316.50,1319.00,1313.50,below_range
2011-04-19,0.50,start,migration,0.00,,,,147,2011-04-19,1,1309.00,1299.75,1302.50,1307.00,1301.50,day,1,1303.75,1290.25,1295.00,1300.50,1293.00,above_value
2011-04-20,0.50,start,migration,0.00,,,,148,2011-04-20,1,1329.50,1323.25,1325.50,1328.00,1324.50,day,1,1309.00,1299.75,1302.50,1307.00,1301.50,above_range
2011-04-21,0.50,start,migration,0.00,,,,149,2011-04-21,1,1334.00,1328.75,1332.00,1333.50,1331.00,day,1,1329.50,1323.25,1325.50,1328.00,1324.50,above_range
2011-04-25,0.50,added,,0.57,0.63,False,0.60,149,2011-04-21,2,1334.00,1327.25,1331.50,1334.00,1330.50,day,1,1334.00,1328.75,1332.00,1333.50,1331.00,in_value
2011-04-26,0.50,start,migration,0.00,,,,150,2011-04-26,1,1346.25,1334.50,1343.50,1346.00,1339.50,composite,2,1334.00,1327.25,1331.50,1334.00,1330.50,above_range
2011-04-27,0.50,added,,0.82,0.49,False,1.00,150,2011-04-26,2,1354.25,1334.50,1344.00,1347.50,1341.00,day,1,1346.25,1334.50,1343.50,1346.00,1339.50,above_value
2011-04-28,0.50,start,migration,0.00,,,,151,2011-04-28,1,1358.50,1349.50,1353.50,1355.00,1351.50,composite,2,1354.25,1334.50,1344.00,1347.50,1341.00,above_value
2011-04-29,0.50,start,migration,0.00,,,,152,2011-04-29,1,1361.00,1355.25,1359.50,1361.00,1357.50,day,1,1358.50,1349.50,1353.50,1355.00,1351.50,above_value
2011-05-02,0.50,start,migration,0.41,,,,153,2011-05-02,1,1367.25,1354.75,1359.50,1365.00,1356.50,day,1,1361.00,1355.25,1359.50,1361.00,1357.50,above_range
2011-05-03,0.50,start,migration,0.00,,,,154,2011-05-03,1,1357.25,1345.75,1354.50,1356.00,1349.50,day,1,1367.25,1354.75,1359.50,1365.00,1356.50,below_value
2011-05-04,0.50,start,migration,0.00,,,,155,2011-05-04,1,1352.75,1337.50,1342.50,1346.00,1339.50,day,1,1357.25,1345.75,1354.50,1356.00,1349.50,in_value
2011-05-05,0.50,start,migration,0.42,,,,156,2011-05-05,1,1344.75,1325.25,1337.00,1343.50,1334.00,day,1,1352.75,1337.50,1342.50,1346.00,1339.50,below_range
2011-05-06,0.50,added,,0.72,0.47,False,0.53,156,2011-05-05,2,1351.75,1325.25,1337.50,1346.00,1333.50,day,1,1344.75,1325.25,1337.00,1343.50,1334.00,above_value
2011-05-09,0.50,added,,0.94,0.47,False,0.47,156,2011-05-05,3,1351.75,1325.25,1337.50,1345.00,1334.50,composite,2,1351.75,1325.25,1337.50,1346.00,1333.50,in_value
2011-05-10,0.50,start,migration,0.00,,,,157,2011-05-10,1,1356.50,1345.25,1349.50,1352.00,1347.50,composite,3,1351.75,1325.25,1337.50,1345.00,1334.50,above_value
2011-05-11,0.50,start,migration,0.00,,,,158,2011-05-11,1,1352.25,1333.00,1337.00,1344.50,1333.00,day,1,1356.50,1345.25,1349.50,1352.00,1347.50,in_value
2011-05-12,0.50,added,,0.74,0.34,False,0.88,158,2011-05-11,2,1352.25,1328.75,1336.50,1345.00,1329.50,day,1,1352.25,1333.00,1337.00,1344.50,1333.00,in_value
2011-05-13,0.50,added,,1.00,0.34,False,0.73,158,2011-05-11,3,1352.25,1328.75,1336.50,1344.00,1331.50,composite,2,1352.25,1328.75,1336.50,1345.00,1329.50,above_value
2011-05-16,0.50,added,,0.71,0.44,False,0.65,158,2011-05-11,4,1352.25,1324.75,1336.50,1342.00,1328.50,composite,3,1352.25,1328.75,1336.50,1344.00,1331.50,below_value
2011-05-17,0.50,start,migration,0.00,,,,159,2011-05-17,1,1328.75,1316.00,1322.50,1327.00,1320.50,composite,4,1352.25,1324.75,1336.50,1342.00,1328.50,below_range
2011-05-18,0.50,start,migration,0.00,,,,160,2011-05-18,1,1340.25,1324.50,1333.50,1339.00,1331.50,day,1,1328.75,1316.00,1322.50,1327.00,1320.50,above_value
2011-05-19,0.50,start,migration,0.36,,,,161,2011-05-19,1,1345.50,1334.50,1340.00,1342.50,1337.00,day,1,1340.25,1324.50,1333.50,1339.00,1331.50,above_range
2011-05-20,0.50,start,migration,0.15,,,,162,2011-05-20,1,1340.25,1328.50,1333.50,1338.00,1331.50,day,1,1345.50,1334.50,1340.00,1342.50,1337.00,in_value
2011-05-23,0.50,start,migration,0.00,,,,163,2011-05-23,1,1319.75,1310.75,1315.00,1317.50,1313.00,day,1,1340.25,1328.50,1333.50,1338.00,1331.50,below_range
2011-05-24,0.50,added,,0.73,0.38,False,0.71,163,2011-05-23,2,1322.50,1310.75,1315.00,1318.50,1313.00,day,1,1319.75,1310.75,1315.00,1317.50,1313.00,above_value
2011-05-25,0.50,start,migration,0.40,,,,164,2011-05-25,1,1324.50,1308.75,1318.50,1323.00,1315.50,composite,2,1322.50,1310.75,1315.00,1318.50,1313.00,below_range
2011-05-26,0.50,added,,0.65,0.53,False,0.54,164,2011-05-25,2,1327.50,1308.75,1318.50,1322.00,1312.50,day,1,1324.50,1308.75,1318.50,1323.00,1315.50,below_value
2011-05-27,0.50,start,migration,0.00,,,,165,2011-05-27,1,1333.75,1326.75,1330.50,1332.00,1328.50,composite,2,1327.50,1308.75,1318.50,1322.00,1312.50,above_range
2011-05-31,0.50,start,migration,0.00,,,,166,2011-05-31,1,1344.25,1333.25,1337.50,1340.00,1334.50,day,1,1333.75,1326.75,1330.50,1332.00,1328.50,above_range
2011-06-01,0.50,start,migration,0.00,,,,167,2011-06-01,1,1341.00,1312.25,1320.50,1332.00,1317.50,day,1,1344.25,1333.25,1337.50,1340.00,1334.50,above_value
2011-06-02,0.50,start,migration,0.00,,,,168,2011-06-02,1,1317.00,1304.25,1313.00,1316.50,1310.00,day,1,1341.00,1312.25,1320.50,1332.00,1317.50,below_value
2011-06-03,0.50,start,migration,0.00,,,,169,2011-06-03,1,1309.00,1295.50,1303.50,1307.00,1299.50,day,1,1317.00,1304.25,1313.00,1316.50,1310.00,below_range
2011-06-06,0.50,start,migration,0.00,,,,170,2011-06-06,1,1298.25,1283.25,1294.00,1296.50,1289.00,day,1,1309.00,1295.50,1303.50,1307.00,1299.50,below_value
2011-06-07,0.50,added,,1.00,0.60,False,0.71,170,2011-06-06,2,1298.25,1283.25,1292.00,1295.50,1290.00,day,1,1298.25,1283.25,1294.00,1296.50,1289.00,in_value
2011-06-08,0.50,start,migration,0.00,,,,171,2011-06-08,1,1286.50,1276.25,1281.50,1285.00,1279.50,composite,2,1298.25,1283.25,1292.00,1295.50,1290.00,below_range
2011-06-09,0.50,start,migration,0.00,,,,172,2011-06-09,1,1294.00,1279.00,1291.00,1293.50,1287.00,day,1,1286.50,1276.25,1281.50,1285.00,1279.50,in_value
2011-06-10,0.50,start,migration,0.00,,,,173,2011-06-10,1,1284.00,1267.00,1273.00,1277.50,1270.00,day,1,1294.00,1279.00,1291.00,1293.50,1287.00,below_value
2011-06-13,0.50,start,roll,,,,,174,2011-06-13,1,1271.75,1259.50,1268.50,1271.00,1264.50,none,0,,,,,,
2011-06-14,0.50,start,migration,0.00,,,,175,2011-06-14,1,1287.00,1277.50,1283.00,1285.50,1281.00,day,1,1271.75,1259.50,1268.50,1271.00,1264.50,above_range
2011-06-15,0.50,start,migration,0.00,,,,176,2011-06-15,1,1275.75,1255.75,1260.50,1269.00,1255.50,day,1,1287.00,1277.50,1283.00,1285.50,1281.00,below_range
2011-06-16,0.50,added,,1.00,0.32,False,0.41,176,2011-06-15,2,1275.75,1252.25,1259.50,1268.00,1256.50,day,1,1275.75,1255.75,1260.50,1269.00,1255.50,in_value
2011-06-17,0.50,start,migration,0.46,,,,177,2011-06-17,1,1275.00,1261.50,1268.00,1271.50,1265.00,composite,2,1275.75,1252.25,1259.50,1268.00,1256.50,above_value
2011-06-20,0.50,start,migration,0.46,,,,178,2011-06-20,1,1275.25,1261.25,1271.50,1275.00,1268.50,day,1,1275.00,1261.50,1268.00,1271.50,1265.00,below_value
2011-06-21,0.50,start,migration,0.00,,,,179,2011-06-21,1,1292.75,1277.50,1289.50,1292.00,1285.50,day,1,1275.25,1261.25,1271.50,1275.00,1268.50,above_range
2011-06-22,0.50,added,,0.91,0.74,False,1.00,179,2011-06-21,2,1293.75,1277.50,1289.50,1293.00,1286.50,day,1,1292.75,1277.50,1289.50,1292.00,1285.50,in_value
2011-06-23,0.50,start,migration,0.00,,,,180,2011-06-23,1,1279.25,1257.00,1262.50,1271.00,1259.50,composite,2,1293.75,1277.50,1289.50,1293.00,1286.50,below_range
2011-06-24,0.50,added,,1.00,0.39,False,0.82,180,2011-06-23,2,1279.25,1257.00,1265.50,1271.00,1261.50,day,1,1279.25,1257.00,1262.50,1271.00,1259.50,above_value
2011-06-27,0.50,start,migration,0.32,,,,181,2011-06-27,1,1280.00,1261.75,1273.00,1277.50,1268.00,composite,2,1279.25,1257.00,1265.50,1271.00,1261.50,in_value
2011-06-28,0.50,start,migration,0.00,,,,182,2011-06-28,1,1292.00,1278.00,1288.00,1291.50,1285.00,day,1,1280.00,1261.75,1273.00,1277.50,1268.00,above_value
2011-06-29,0.50,start,migration,0.00,,,,183,2011-06-29,1,1305.00,1292.75,1301.50,1304.00,1297.50,day,1,1292.00,1278.00,1288.00,1291.50,1285.00,above_range
2011-06-30,0.50,start,migration,0.00,,,,184,2011-06-30,1,1317.50,1305.50,1314.00,1316.50,1312.00,day,1,1305.00,1292.75,1301.50,1304.00,1297.50,above_range
2011-07-01,0.50,start,migration,0.00,,,,185,2011-07-01,1,1336.50,1313.25,1333.00,1336.50,1325.00,day,1,1317.50,1305.50,1314.00,1316.50,1312.00,in_value
2011-07-05,0.50,skipped_shape,,1.00,0.84,False,0.78,185,2011-07-01,1,1336.50,1313.25,1333.00,1336.50,1325.00,day,1,1336.50,1313.25,1333.00,1336.50,1325.00,in_value
2011-07-06,0.50,skipped_shape,,1.00,0.84,False,0.39,185,2011-07-01,1,1336.50,1313.25,1333.00,1336.50,1325.00,older_day,1,1336.50,1313.25,1333.00,1336.50,1325.00,in_value
2011-07-07,0.50,start,migration,0.00,,,,186,2011-07-07,1,1352.75,1344.25,1347.00,1351.50,1346.00,older_day,1,1336.50,1313.25,1333.00,1336.50,1325.00,above_range
2011-07-08,0.50,start,migration,0.00,,,,187,2011-07-08,1,1339.75,1329.25,1334.50,1337.00,1332.50,day,1,1352.75,1344.25,1347.00,1351.50,1346.00,below_range
2011-07-11,0.50,start,migration,0.00,,,,188,2011-07-11,1,1327.00,1311.75,1315.00,1320.50,1314.00,day,1,1339.75,1329.25,1334.50,1337.00,1332.50,below_range
2011-07-12,0.50,added,,0.91,0.38,False,0.56,188,2011-07-11,2,1327.00,1308.75,1315.50,1320.00,1313.50,day,1,1327.00,1311.75,1315.00,1320.50,1314.00,below_value
2011-07-13,0.50,start,migration,0.32,,,,189,2011-07-13,1,1327.75,1310.50,1324.00,1326.50,1317.00,composite,2,1327.00,1308.75,1315.50,1320.00,1313.50,in_value
2011-07-14,0.50,start,migration,0.00,,,,190,2011-07-14,1,1323.25,1302.00,1307.50,1316.00,1303.50,day,1,1327.75,1310.50,1324.00,1326.50,1317.00,in_value
2011-07-15,0.50,added,,1.00,0.27,False,0.82,190,2011-07-14,2,1323.25,1302.00,1307.50,1313.00,1303.50,day,1,1323.25,1302.00,1307.50,1316.00,1303.50,in_value
2011-07-18,0.50,start,migration,0.00,,,,191,2011-07-18,1,1308.00,1291.25,1297.50,1300.00,1293.50,composite,2,1323.25,1302.00,1307.50,1313.00,1303.50,in_value
2011-07-19,0.50,start,migration,0.00,,,,192,2011-07-19,1,1324.25,1308.25,1314.50,1319.00,1309.50,day,1,1308.00,1291.25,1297.50,1300.00,1293.50,above_range
2011-07-20,0.50,start,migration,0.00,,,,193,2011-07-20,1,1326.75,1319.25,1322.50,1325.00,1320.50,day,1,1324.25,1308.25,1314.50,1319.00,1309.50,above_range
2011-07-21,0.50,start,migration,0.00,,,,194,2011-07-21,1,1343.50,1326.50,1339.50,1343.00,1335.50,day,1,1326.75,1319.25,1322.50,1325.00,1320.50,above_range
2011-07-22,0.50,skipped_shape,,1.00,0.81,False,0.56,194,2011-07-21,1,1343.50,1326.50,1339.50,1343.00,1335.50,day,1,1343.50,1326.50,1339.50,1343.00,1335.50,in_value
2011-07-25,0.50,skipped_shape,,0.64,0.76,False,0.46,194,2011-07-21,1,1343.50,1326.50,1339.50,1343.00,1335.50,older_day,1,1343.50,1326.50,1339.50,1343.00,1335.50,below_value
2011-07-26,0.50,start,migration,0.00,,,,195,2011-07-26,1,1335.00,1325.50,1330.00,1333.50,1329.00,older_day,1,1343.50,1326.50,1339.50,1343.00,1335.50,below_value
2011-07-27,0.50,start,migration,0.00,,,,196,2011-07-27,1,1321.50,1299.25,1311.00,1316.50,1306.00,day,1,1335.00,1325.50,1330.00,1333.50,1329.00,below_range
2011-07-28,0.50,added,,0.52,0.56,False,0.47,196,2011-07-27,2,1321.50,1295.25,1310.00,1313.50,1303.00,day,1,1321.50,1299.25,1311.00,1316.50,1306.00,below_value
2011-07-29,0.50,start,migration,0.00,,,,197,2011-07-29,1,1300.75,1278.50,1292.50,1297.00,1288.50,composite,2,1321.50,1295.25,1310.00,1313.50,1303.00,below_range
2011-08-01,0.50,start,migration,0.00,,,,198,2011-08-01,1,1304.75,1270.25,1276.00,1284.50,1272.00,day,1,1300.75,1278.50,1292.50,1297.00,1288.50,above_range
2011-08-02,0.50,start,migration,0.03,,,,199,2011-08-02,1,1280.00,1249.75,1264.00,1272.50,1257.00,day,1,1304.75,1270.25,1276.00,1284.50,1272.00,in_value
2011-08-03,0.50,start,migration,0.00,,,,200,2011-08-03,1,1258.00,1230.25,1244.00,1253.50,1240.00,day,1,1280.00,1249.75,1264.00,1272.50,1257.00,below_value
2011-08-04,0.50,start,migration,0.00,,,,201,2011-08-04,1,1241.00,1195.25,1218.00,1229.50,1208.00,day,1,1258.00,1230.25,1244.00,1253.50,1240.00,below_value
2011-08-05,0.50,start,migration,0.00,,,,202,2011-08-05,1,1215.50,1163.25,1198.50,1207.00,1183.50,day,1,1241.00,1195.25,1218.00,1229.50,1208.00,in_value
2011-08-08,0.50,start,migration,0.00,,,,203,2011-08-08,1,1178.25,1114.75,1154.00,1169.50,1133.00,day,1,1215.50,1163.25,1198.50,1207.00,1183.50,below_value
2011-08-09,0.50,added,,0.53,0.54,False,0.89,203,2011-08-08,2,1178.25,1097.00,1140.50,1157.00,1122.50,day,1,1178.25,1114.75,1154.00,1169.50,1133.00,in_value
2011-08-10,0.50,added,,1.00,0.47,False,0.87,203,2011-08-08,3,1178.25,1097.00,1135.00,1150.50,1122.00,composite,2,1178.25,1097.00,1140.50,1157.00,1122.50,in_value
2011-08-11,0.50,start,migration,0.29,,,,204,2011-08-11,1,1184.00,1123.00,1151.50,1172.00,1141.50,composite,3,1178.25,1097.00,1135.00,1150.50,1122.00,in_value
2011-08-12,0.50,start,migration,0.00,,,,205,2011-08-12,1,1186.75,1167.50,1177.50,1182.00,1172.50,day,1,1184.00,1123.00,1151.50,1172.00,1141.50,above_value
2011-08-15,1.00,start,migration,0.00,,,,206,2011-08-15,1,1201.75,1184.50,1191.00,1198.00,1189.00,day,1,1186.75,1167.50,1177.50,1182.00,1172.50,above_value
2011-08-16,1.00,added,,0.55,0.58,False,0.71,206,2011-08-15,2,1201.75,1177.50,1191.00,1196.00,1185.00,day,1,1201.75,1184.50,1191.00,1198.00,1189.00,in_value
2011-08-17,1.00,added,,0.73,0.45,False,0.71,206,2011-08-15,3,1206.75,1177.50,1190.00,1197.00,1186.00,composite,2,1201.75,1177.50,1191.00,1196.00,1185.00,above_value
2011-08-18,1.00,start,migration,0.00,,,,207,2011-08-18,1,1161.00,1128.25,1142.00,1145.00,1132.00,composite,3,1206.75,1177.50,1190.00,1197.00,1186.00,below_range
2011-08-19,1.00,added,,0.58,0.50,False,0.64,207,2011-08-18,2,1161.00,1119.00,1140.00,1147.00,1130.00,day,1,1161.00,1128.25,1142.00,1145.00,1132.00,below_range
2011-08-22,1.00,start,migration,0.18,,,,208,2011-08-22,1,1146.50,1118.50,1127.00,1132.00,1121.00,composite,2,1161.00,1119.00,1140.00,1147.00,1130.00,in_value
2011-08-23,1.00,start,migration,0.09,,,,209,2011-08-23,1,1160.00,1120.25,1144.00,1153.00,1130.00,day,1,1146.50,1118.50,1127.00,1132.00,1121.00,in_value
2011-08-24,1.00,start,migration,0.00,,,,210,2011-08-24,1,1176.75,1153.50,1164.00,1169.00,1158.00,day,1,1160.00,1120.25,1144.00,1153.00,1130.00,above_value
2011-08-25,1.00,skipped_shape,,0.73,0.24,False,0.71,210,2011-08-24,1,1176.75,1153.50,1164.00,1169.00,1158.00,day,1,1176.75,1153.50,1164.00,1169.00,1158.00,above_range
2011-08-26,1.00,start,migration,0.44,,,,211,2011-08-26,1,1179.75,1132.75,1171.00,1180.00,1155.00,older_day,1,1176.75,1153.50,1164.00,1169.00,1158.00,below_range
2011-08-29,1.00,start,migration,0.00,,,,212,2011-08-29,1,1208.50,1189.00,1200.00,1205.00,1194.00,day,1,1179.75,1132.75,1171.00,1180.00,1155.00,above_range
2011-08-30,1.00,start,migration,0.36,,,,213,2011-08-30,1,1218.75,1193.50,1205.00,1212.00,1201.00,day,1,1208.50,1189.00,1200.00,1205.00,1194.00,in_value
2011-08-31,1.00,start,migration,0.00,,,,214,2011-08-31,1,1229.75,1207.50,1218.00,1227.00,1216.00,day,1,1218.75,1193.50,1205.00,1212.00,1201.00,above_range
2011-09-01,1.00,start,migration,0.46,,,,215,2011-09-01,1,1228.50,1202.25,1215.00,1222.00,1209.00,day,1,1229.75,1207.50,1218.00,1227.00,1216.00,in_value
2011-09-02,1.00,start,migration,0.00,,,,216,2011-09-02,1,1185.25,1168.50,1181.00,1184.00,1175.00,day,1,1228.50,1202.25,1215.00,1222.00,1209.00,below_range
2011-09-06,1.00,start,migration,0.00,,,,217,2011-09-06,1,1166.00,1138.00,1152.00,1159.00,1144.00,day,1,1185.25,1168.50,1181.00,1184.00,1175.00,below_range
2011-09-07,1.00,start,migration,0.00,,,,218,2011-09-07,1,1198.00,1177.75,1189.00,1196.00,1183.00,day,1,1166.00,1138.00,1152.00,1159.00,1144.00,above_range
2011-09-08,1.00,skipped_shape,,0.73,0.69,False,0.27,218,2011-09-07,1,1198.00,1177.75,1189.00,1196.00,1183.00,day,1,1198.00,1177.75,1189.00,1196.00,1183.00,in_value
2011-09-09,1.00,start,migration,0.00,,,,219,2011-09-09,1,1175.50,1146.75,1154.00,1165.00,1146.00,older_day,1,1198.00,1177.75,1189.00,1196.00,1183.00,below_range
2011-09-12,1.00,start,roll,,,,,220,2011-09-12,1,1156.25,1128.75,1140.00,1145.00,1132.00,none,0,,,,,,
2011-09-13,1.00,start,migration,0.00,,,,221,2011-09-13,1,1170.50,1150.50,1161.00,1168.00,1157.00,day,1,1156.25,1128.75,1140.00,1145.00,1132.00,above_range
2011-09-14,1.00,start,migration,0.36,,,,222,2011-09-14,1,1196.25,1155.25,1171.00,1184.00,1159.00,day,1,1170.50,1150.50,1161.00,1168.00,1157.00,above_range
2011-09-15,1.00,start,migration,0.00,,,,223,2011-09-15,1,1203.00,1184.00,1196.00,1201.00,1188.00,day,1,1196.25,1155.25,1171.00,1184.00,1159.00,above_value
2011-09-16,1.00,start,migration,0.00,,,,224,2011-09-16,1,1214.50,1197.50,1206.00,1211.00,1202.00,day,1,1203.00,1184.00,1196.00,1201.00,1188.00,above_range
2011-09-19,1.00,start,migration,0.00,,,,225,2011-09-19,1,1203.75,1181.50,1189.00,1194.00,1183.00,day,1,1214.50,1197.50,1206.00,1211.00,1202.00,below_range
2011-09-20,1.00,start,migration,0.00,,,,226,2011-09-20,1,1214.50,1194.50,1211.00,1214.00,1201.00,day,1,1203.75,1181.50,1189.00,1194.00,1183.00,above_value
2011-09-21,1.00,start,migration,0.00,,,,227,2011-09-21,1,1200.50,1159.00,1189.00,1198.00,1181.00,day,1,1214.50,1194.50,1211.00,1214.00,1201.00,below_value
2011-09-22,1.00,start,migration,0.00,,,,228,2011-09-22,1,1136.00,1106.75,1121.00,1130.00,1115.00,day,1,1200.50,1159.00,1189.00,1198.00,1181.00,below_range
2011-09-23,1.00,added,,0.78,0.66,False,1.00,228,2011-09-22,2,1136.00,1106.75,1126.00,1133.00,1120.00,day,1,1136.00,1106.75,1121.00,1130.00,1115.00,below_value
2011-09-26,1.00,start,migration,0.15,,,,229,2011-09-26,1,1158.25,1123.75,1137.00,1144.00,1131.00,composite,2,1136.00,1106.75,1126.00,1133.00,1120.00,above_range
2011-09-27,1.00,start,migration,0.00,,,,230,2011-09-27,1,1190.00,1162.75,1184.00,1189.00,1178.00,day,1,1158.25,1123.75,1137.00,1144.00,1131.00,above_range
2011-09-28,1.00,start,migration,0.00,,,,231,2011-09-28,1,1179.25,1143.50,1166.00,1175.00,1156.00,day,1,1190.00,1162.75,1184.00,1189.00,1178.00,below_value
2011-09-29,1.00,start,migration,0.29,,,,232,2011-09-29,1,1170.75,1133.50,1157.00,1162.00,1141.00,day,1,1179.25,1143.50,1166.00,1175.00,1156.00,in_value
2011-09-30,1.00,start,migration,0.36,,,,233,2011-09-30,1,1148.75,1124.25,1142.00,1145.00,1134.00,day,1,1170.75,1133.50,1157.00,1162.00,1141.00,below_value
2011-10-03,1.00,start,migration,0.00,,,,234,2011-10-03,1,1133.50,1092.00,1115.00,1128.00,1103.00,day,1,1148.75,1124.25,1142.00,1145.00,1134.00,below_range
2011-10-04,1.00,start,migration,0.00,,,,235,2011-10-04,1,1119.75,1068.00,1087.00,1094.00,1075.00,day,1,1133.50,1092.00,1115.00,1128.00,1103.00,below_range
2011-10-05,1.00,start,migration,0.00,,,,236,2011-10-05,1,1141.25,1109.50,1127.00,1132.00,1117.00,day,1,1119.75,1068.00,1087.00,1094.00,1075.00,above_range
2011-10-06,1.00,start,migration,0.00,,,,237,2011-10-06,1,1160.50,1129.00,1149.00,1156.00,1143.00,day,1,1141.25,1109.50,1127.00,1132.00,1117.00,above_value
2011-10-07,1.00,added,,0.61,0.57,False,0.46,237,2011-10-06,2,1166.50,1129.00,1150.00,1161.00,1146.00,day,1,1160.50,1129.00,1149.00,1156.00,1143.00,above_range
2011-10-10,1.00,start,migration,0.00,,,,238,2011-10-10,1,1190.50,1170.75,1182.00,1187.00,1178.00,composite,2,1166.50,1129.00,1150.00,1161.00,1146.00,above_range
2011-10-11,1.00,start,migration,0.14,,,,239,2011-10-11,1,1194.75,1182.00,1188.00,1193.00,1186.00,day,1,1190.50,1170.75,1182.00,1187.00,1178.00,in_value
2011-10-12,1.00,start,migration,0.00,,,,240,2011-10-12,1,1216.00,1197.75,1207.00,1214.00,1205.00,day,1,1194.75,1182.00,1188.00,1193.00,1186.00,above_range
2011-10-13,1.00,start,migration,0.00,,,,241,2011-10-13,1,1203.00,1185.25,1190.00,1197.00,1188.00,day,1,1216.00,1197.75,1207.00,1214.00,1205.00,below_range
2011-10-14,1.00,start,migration,0.00,,,,242,2011-10-14,1,1220.75,1206.75,1213.00,1216.00,1209.00,day,1,1203.00,1185.25,1190.00,1197.00,1188.00,above_range
2011-10-17,1.00,start,migration,0.00,,,,243,2011-10-17,1,1215.25,1193.50,1201.00,1208.00,1197.00,day,1,1220.75,1206.75,1213.00,1216.00,1209.00,in_value
2011-10-18,1.00,start,migration,0.48,,,,244,2011-10-18,1,1229.75,1186.25,1207.00,1214.00,1191.00,day,1,1215.25,1193.50,1201.00,1208.00,1197.00,below_value
2011-10-19,1.00,start,migration,0.08,,,,245,2011-10-19,1,1225.25,1201.50,1219.00,1226.00,1213.00,day,1,1229.75,1186.25,1207.00,1214.00,1191.00,above_value
2011-10-20,1.00,start,migration,0.00,,,,246,2011-10-20,1,1215.50,1192.50,1206.00,1213.00,1200.00,day,1,1225.25,1201.50,1219.00,1226.00,1213.00,below_value
2011-10-21,1.00,start,migration,0.00,,,,247,2011-10-21,1,1235.75,1221.75,1228.00,1233.00,1224.00,day,1,1215.50,1192.50,1206.00,1213.00,1200.00,above_range
2011-10-24,1.00,start,migration,0.00,,,,248,2011-10-24,1,1252.50,1235.00,1248.00,1251.00,1244.00,day,1,1235.75,1221.75,1228.00,1233.00,1224.00,above_range
2011-10-25,1.00,start,migration,0.00,,,,249,2011-10-25,1,1244.00,1222.25,1235.00,1240.00,1231.00,day,1,1252.50,1235.00,1248.00,1251.00,1244.00,below_value
2011-10-26,1.00,start,migration,0.27,,,,250,2011-10-26,1,1242.50,1216.50,1224.00,1235.00,1220.00,day,1,1244.00,1222.25,1235.00,1240.00,1231.00,in_value
2011-10-27,1.00,start,migration,0.00,,,,251,2011-10-27,1,1289.25,1260.75,1281.00,1288.00,1269.00,day,1,1242.50,1216.50,1224.00,1235.00,1220.00,above_range
2011-10-28,1.00,added,,1.00,0.62,False,0.71,251,2011-10-27,2,1289.25,1260.75,1278.00,1283.00,1272.00,day,1,1289.25,1260.75,1281.00,1288.00,1269.00,in_value
2011-10-31,1.00,start,migration,0.00,,,,252,2011-10-31,1,1267.50,1248.00,1262.00,1267.00,1260.00,composite,2,1289.25,1260.75,1278.00,1283.00,1272.00,below_value
2011-11-01,1.00,start,migration,0.00,,,,253,2011-11-01,1,1229.50,1209.50,1218.00,1225.00,1214.00,day,1,1267.50,1248.00,1262.00,1267.00,1260.00,below_range
2011-11-02,1.00,start,migration,0.00,,,,254,2011-11-02,1,1238.75,1222.25,1229.00,1236.00,1227.00,day,1,1229.50,1209.50,1218.00,1225.00,1214.00,above_range
2011-11-03,1.00,start,migration,0.00,,,,255,2011-11-03,1,1259.75,1230.50,1244.00,1255.00,1238.00,day,1,1238.75,1222.25,1229.00,1236.00,1227.00,above_range
2011-11-04,1.00,added,,1.00,0.45,False,1.00,255,2011-11-03,2,1259.75,1230.50,1243.00,1250.00,1237.00,day,1,1259.75,1230.50,1244.00,1255.00,1238.00,in_value
2011-11-07,1.00,added,,0.54,0.45,False,0.56,255,2011-11-03,3,1259.75,1230.50,1243.00,1252.00,1239.00,composite,2,1259.75,1230.50,1243.00,1250.00,1237.00,in_value
2011-11-08,1.00,start,migration,0.00,,,,256,2011-11-08,1,1275.00,1251.50,1259.00,1268.00,1255.00,composite,3,1259.75,1230.50,1243.00,1252.00,1239.00,above_range
2011-11-09,1.00,start,migration,0.00,,,,257,2011-11-09,1,1249.25,1222.75,1244.00,1249.00,1232.00,day,1,1275.00,1251.50,1259.00,1268.00,1255.00,below_range
2011-11-10,1.00,added,,1.00,0.55,False,0.78,257,2011-11-09,2,1249.25,1222.75,1237.00,1246.00,1231.00,day,1,1249.25,1222.75,1244.00,1249.00,1232.00,in_value
2011-11-11,1.00,start,migration,0.00,,,,258,2011-11-11,1,1264.75,1252.50,1261.00,1264.00,1259.00,composite,2,1249.25,1222.75,1237.00,1246.00,1231.00,above_range
2011-11-14,1.00,start,migration,0.00,,,,259,2011-11-14,1,1258.25,1243.50,1248.00,1255.00,1246.00,day,1,1264.75,1252.50,1261.00,1264.00,1259.00,below_value
2011-11-15,1.00,added,,0.60,0.34,False,0.71,259,2011-11-14,2,1262.25,1241.75,1248.00,1255.00,1244.00,day,1,1258.25,1243.50,1248.00,1255.00,1246.00,in_value
2011-11-16,1.00,added,,1.00,0.52,False,0.71,259,2011-11-14,3,1262.25,1233.25,1248.00,1255.00,1244.00,composite,2,1262.25,1241.75,1248.00,1255.00,1244.00,below_value
2011-11-17,1.00,start,migration,0.00,,,,260,2011-11-17,1,1236.00,1206.50,1213.00,1228.00,1206.00,composite,3,1262.25,1233.25,1248.00,1255.00,1244.00,below_range
2011-11-18,1.00,added,,1.00,0.27,False,0.78,260,2011-11-17,2,1236.00,1206.50,1214.00,1221.00,1206.00,day,1,1236.00,1206.50,1213.00,1228.00,1206.00,in_value
2011-11-21,1.00,start,migration,0.00,,,,261,2011-11-21,1,1197.75,1180.50,1186.00,1193.00,1182.00,composite,2,1236.00,1206.50,1214.00,1221.00,1206.00,below_range
2011-11-22,1.00,added,,1.00,0.50,False,1.00,261,2011-11-21,2,1197.75,1179.25,1188.00,1193.00,1184.00,day,1,1197.75,1180.50,1186.00,1193.00,1182.00,in_value
2011-11-23,1.00,start,migration,0.00,,,,262,2011-11-23,1,1176.25,1159.75,1165.00,1170.00,1163.00,composite,2,1197.75,1179.25,1188.00,1193.00,1184.00,below_range
2011-11-25,1.00,added,,0.54,0.55,False,0.43,262,2011-11-23,2,1176.25,1149.25,1164.00,1171.00,1162.00,day,1,1176.25,1159.75,1165.00,1170.00,1163.00,below_range
2011-11-28,0.75,start,migration,0.00,,,,263,2011-11-28,1,1196.25,1182.50,1191.75,1195.50,1187.25,composite,2,1176.25,1149.25,1164.00,1171.00,1162.00,above_range
2011-11-29,0.75,start,migration,0.11,,,,264,2011-11-29,1,1203.00,1190.50,1197.75,1201.50,1194.75,day,1,1196.25,1182.50,1191.75,1195.50,1187.25,in_value
2011-11-30,0.75,start,migration,0.00,,,,265,2011-11-30,1,1246.75,1226.50,1235.25,1239.00,1232.25,day,1,1203.00,1190.50,1197.75,1201.50,1194.75,above_range
2011-12-01,0.75,start,migration,0.00,,,,266,2011-12-01,1,1251.00,1238.75,1243.50,1248.75,1242.00,day,1,1246.75,1226.50,1235.25,1239.00,1232.25,above_value
2011-12-02,0.75,start,migration,0.39,,,,267,2011-12-02,1,1259.50,1242.00,1248.00,1254.75,1245.00,day,1,1251.00,1238.75,1243.50,1248.75,1242.00,above_range
2011-12-05,0.75,start,migration,0.00,,,,268,2011-12-05,1,1266.25,1248.75,1263.00,1266.75,1255.50,day,1,1259.50,1242.00,1248.00,1254.75,1245.00,above_range
2011-12-06,0.75,added,,0.78,0.48,False,0.56,268,2011-12-05,2,1266.25,1248.75,1257.00,1263.75,1254.00,day,1,1266.25,1248.75,1263.00,1266.75,1255.50,in_value
2011-12-07,0.75,start,migration,0.47,,,,269,2011-12-07,1,1267.00,1244.00,1252.50,1259.25,1248.00,composite,2,1266.25,1248.75,1257.00,1263.75,1254.00,below_value
2011-12-08,0.75,start,migration,0.00,,,,270,2011-12-08,1,1256.25,1230.75,1242.75,1248.00,1236.75,day,1,1267.00,1244.00,1252.50,1259.25,1248.00,in_value
2011-12-09,0.75,start,migration,0.08,,,,271,2011-12-09,1,1258.25,1238.50,1253.25,1257.00,1247.25,day,1,1256.25,1230.75,1242.75,1248.00,1236.75,in_value
2011-12-12,0.75,start,roll,,,,,272,2011-12-12,1,1238.25,1220.00,1223.25,1230.00,1221.75,none,0,,,,,,
2011-12-13,0.75,start,migration,0.16,,,,273,2011-12-13,1,1244.00,1212.50,1233.75,1242.00,1227.75,day,1,1238.25,1220.00,1223.25,1230.00,1221.75,above_value
2011-12-14,0.75,start,migration,0.00,,,,274,2011-12-14,1,1218.50,1202.50,1208.25,1212.00,1203.75,day,1,1244.00,1212.50,1233.75,1242.00,1227.75,below_value
2011-12-15,0.75,start,migration,0.43,,,,275,2011-12-15,1,1220.00,1207.75,1212.75,1215.00,1209.75,day,1,1218.50,1202.50,1208.25,1212.00,1203.75,above_value
2011-12-16,0.75,start,migration,0.47,,,,276,2011-12-16,1,1225.00,1208.25,1212.00,1220.25,1209.00,day,1,1220.00,1207.75,1212.75,1215.00,1209.75,above_value
2011-12-19,0.75,start,migration,0.29,,,,277,2011-12-19,1,1218.50,1195.50,1206.00,1212.75,1200.00,day,1,1225.00,1208.25,1212.00,1220.25,1209.00,in_value
2011-12-20,0.75,start,migration,0.00,,,,278,2011-12-20,1,1237.25,1217.00,1230.75,1237.50,1226.25,day,1,1218.50,1195.50,1206.00,1212.75,1200.00,above_value
2011-12-21,0.75,added,,0.91,0.53,False,0.33,278,2011-12-20,2,1239.25,1217.00,1228.50,1235.25,1227.00,day,1,1237.25,1217.00,1230.75,1237.50,1226.25,in_value
2011-12-22,0.75,start,migration,0.00,,,,279,2011-12-22,1,1249.50,1239.00,1246.50,1250.25,1243.50,composite,2,1239.25,1217.00,1228.50,1235.25,1227.00,above_range
2011-12-23,0.75,start,migration,0.00,,,,280,2011-12-23,1,1260.25,1249.75,1256.25,1258.50,1253.25,day,1,1249.50,1239.00,1246.50,1250.25,1243.50,above_range
2011-12-27,0.75,start,migration,0.00,,,,281,2011-12-27,1,1264.00,1256.25,1261.50,1263.75,1260.00,day,1,1260.25,1249.75,1256.25,1258.50,1253.25,in_value
2011-12-28,0.75,start,migration,0.00,,,,282,2011-12-28,1,1261.25,1243.00,1247.25,1251.00,1244.25,day,1,1264.00,1256.25,1261.50,1263.75,1260.00,in_value
2011-12-29,0.75,start,migration,0.00,,,,283,2011-12-29,1,1258.50,1247.50,1254.00,1256.25,1251.00,day,1,1261.25,1243.00,1247.25,1251.00,1244.25,in_value
2011-12-30,0.75,start,migration,0.40,,,,284,2011-12-30,1,1259.25,1251.50,1256.25,1258.50,1254.75,day,1,1258.50,1247.50,1254.00,1256.25,1251.00,in_value
2012-01-03,0.75,start,migration,0.00,,,,285,2012-01-03,1,1279.75,1270.25,1274.25,1278.00,1271.25,day,1,1259.25,1251.50,1256.25,1258.50,1254.75,above_range
2012-01-04,0.75,start,migration,0.33,,,,286,2012-01-04,1,1273.75,1262.75,1271.25,1273.50,1266.75,day,1,1279.75,1270.25,1274.25,1278.00,1271.25,below_range
2012-01-05,0.75,skipped_daytype,,0.53,,,,286,2012-01-04,1,1273.75,1262.75,1271.25,1273.50,1266.75,day,1,1273.75,1262.75,1271.25,1273.50,1266.75,below_value
2012-01-06,0.75,start,migration,0.43,,,,287,2012-01-06,1,1277.50,1268.25,1274.25,1276.50,1271.25,older_day,1,1273.75,1262.75,1271.25,1273.50,1266.75,above_range
2012-01-09,0.75,added,,1.00,0.65,False,0.60,287,2012-01-06,2,1277.50,1268.25,1274.25,1276.50,1271.25,day,1,1277.50,1268.25,1274.25,1276.50,1271.25,in_value
2012-01-10,0.75,start,migration,0.00,,,,288,2012-01-10,1,1292.00,1285.00,1287.00,1290.75,1285.50,composite,2,1277.50,1268.25,1274.25,1276.50,1271.25,above_range
2012-01-11,0.75,start,migration,0.43,,,,289,2012-01-11,1,1289.50,1280.75,1285.50,1287.75,1282.50,day,1,1292.00,1285.00,1287.00,1290.75,1285.50,below_range
2012-01-12,0.75,added,,0.56,0.50,False,1.00,289,2012-01-11,2,1292.75,1280.75,1286.25,1290.00,1283.25,day,1,1289.50,1280.75,1285.50,1287.75,1282.50,above_range
2012-01-13,0.75,start,migration,0.00,,,,290,2012-01-13,1,1285.25,1272.75,1278.75,1282.50,1277.25,composite,2,1292.75,1280.75,1286.25,1290.00,1283.25,below_value
2012-01-17,0.75,start,migration,0.00,,,,291,2012-01-17,1,1299.00,1286.00,1294.50,1296.75,1290.00,day,1,1285.25,1272.75,1278.75,1282.50,1277.25,above_range
2012-01-18,0.75,start,migration,0.27,,,,292,2012-01-18,1,1304.25,1286.50,1297.50,1302.75,1294.50,day,1,1299.00,1286.00,1294.50,1296.75,1290.00,below_value
2012-01-19,0.75,start,migration,0.00,,,,293,2012-01-19,1,1311.50,1303.50,1309.50,1311.75,1308.00,day,1,1304.25,1286.50,1297.50,1302.75,1294.50,above_range
2012-01-20,0.75,start,migration,0.40,,,,294,2012-01-20,1,1311.25,1304.75,1307.25,1309.50,1305.75,day,1,1311.50,1303.50,1309.50,1311.75,1308.00,in_value
2012-01-23,0.50,start,migration,0.39,,,,295,2012-01-23,1,1318.25,1305.25,1311.50,1314.00,1307.50,day,1,1311.25,1304.75,1307.25,1309.50,1305.75,above_value
2012-01-24,0.50,added,,0.71,0.43,False,0.56,295,2012-01-23,2,1318.25,1301.50,1308.50,1313.00,1306.50,day,1,1318.25,1305.25,1311.50,1314.00,1307.50,below_range
2012-01-25,0.50,start,migration,0.45,,,,296,2012-01-25,1,1324.75,1303.00,1307.50,1318.00,1303.50,composite,2,1318.25,1301.50,1308.50,1313.00,1306.50,in_value
2012-01-26,0.50,added,,0.65,0.56,False,0.33,296,2012-01-25,2,1329.75,1303.00,1318.00,1321.50,1308.00,day,1,1324.75,1303.00,1307.50,1318.00,1303.50,above_range
2012-01-27,0.50,added,,1.00,0.29,False,0.53,296,2012-01-25,3,1329.75,1303.00,1310.50,1319.00,1306.50,composite,2,1329.75,1303.00,1318.00,1321.50,1308.00,in_value
2012-01-30,0.50,start,migration,0.05,,,,297,2012-01-30,1,1310.00,1296.00,1303.50,1307.00,1296.50,composite,3,1329.75,1303.00,1310.50,1319.00,1306.50,below_range
2012-01-31,0.50,added,,0.55,0.51,False,0.46,297,2012-01-30,2,1317.50,1296.00,1307.00,1309.50,1302.00,day,1,1310.00,1296.00,1303.50,1307.00,1296.50,above_range
2012-02-01,0.50,start,migration,0.00,,,,298,2012-02-01,1,1327.00,1316.75,1323.00,1326.50,1320.00,composite,2,1317.50,1296.00,1307.00,1309.50,1302.00,above_range
2012-02-02,0.50,added,,0.89,0.57,False,0.71,298,2012-02-01,2,1327.00,1316.75,1322.50,1325.00,1319.50,day,1,1327.00,1316.75,1323.00,1326.50,1320.00,in_value
2012-02-03,0.50,start,migration,0.00,,,,299,2012-02-03,1,1342.00,1333.25,1339.50,1341.00,1337.50,composite,2,1327.00,1316.75,1322.50,1325.00,1319.50,above_range
2012-02-06,0.50,added,,0.80,0.60,False,0.60,299,2012-02-03,2,1342.00,1333.25,1338.50,1340.00,1336.50,day,1,1342.00,1333.25,1339.50,1341.00,1337.50,below_value
2012-02-07,0.50,start,migration,0.14,,,,300,2012-02-07,1,1345.75,1331.75,1343.00,1346.00,1339.00,composite,2,1342.00,1333.25,1338.50,1340.00,1336.50,in_value
2012-02-08,0.50,added,,0.73,0.71,False,0.56,300,2012-02-07,2,1347.50,1331.75,1343.00,1347.50,1341.00,day,1,1345.75,1331.75,1343.00,1346.00,1339.00,in_value
2012-02-09,0.50,start,migration,0.36,,,,301,2012-02-09,1,1351.25,1341.00,1349.50,1351.00,1345.50,composite,2,1347.50,1331.75,1343.00,1347.50,1341.00,above_range
2012-02-10,0.50,start,migration,0.00,,,,302,2012-02-10,1,1340.25,1333.75,1337.50,1339.00,1335.50,day,1,1351.25,1341.00,1349.50,1351.00,1345.50,below_range
2012-02-13,0.50,start,migration,0.00,,,,303,2012-02-13,1,1350.75,1342.75,1346.00,1349.50,1345.00,day,1,1340.25,1333.75,1337.50,1339.00,1335.50,above_range
2012-02-14,0.50,start,migration,0.09,,,,304,2012-02-14,1,1348.00,1337.75,1342.00,1345.50,1340.00,day,1,1350.75,1342.75,1346.00,1349.50,1345.00,in_value
2012-02-15,0.50,start,migration,0.24,,,,305,2012-02-15,1,1353.75,1338.00,1351.00,1353.50,1343.00,day,1,1348.00,1337.75,1342.00,1345.50,1340.00,above_range
2012-02-16,0.50,skipped_shape,,0.70,0.68,False,0.26,305,2012-02-15,1,1353.75,1338.00,1351.00,1353.50,1343.00,day,1,1353.75,1338.00,1351.00,1353.50,1343.00,below_value
2012-02-17,0.50,start,migration,0.00,,,,306,2012-02-17,1,1361.25,1355.00,1358.00,1359.50,1356.00,older_day,1,1353.75,1338.00,1351.00,1353.50,1343.00,above_range
2012-02-21,0.50,start,migration,0.15,,,,307,2012-02-21,1,1365.75,1355.75,1363.50,1365.00,1358.50,day,1,1361.25,1355.00,1358.00,1359.50,1356.00,above_range
2012-02-22,0.50,start,migration,0.14,,,,308,2012-02-22,1,1360.75,1353.00,1357.50,1359.00,1355.50,day,1,1365.75,1355.75,1363.50,1365.00,1358.50,below_value
2012-02-23,0.50,start,migration,0.46,,,,309,2012-02-23,1,1362.75,1350.25,1359.00,1362.50,1356.00,day,1,1360.75,1353.00,1357.50,1359.00,1355.50,below_value
2012-02-24,0.50,start,migration,0.00,,,,310,2012-02-24,1,1367.50,1361.50,1363.50,1367.00,1362.50,day,1,1362.75,1350.25,1359.00,1362.50,1356.00,above_range
2012-02-27,0.50,start,migration,0.47,,,,311,2012-02-27,1,1370.75,1353.00,1366.50,1371.00,1363.50,day,1,1367.50,1361.50,1363.50,1367.00,1362.50,below_range
2012-02-28,0.50,added,,0.89,0.70,False,0.33,311,2012-02-27,2,1372.00,1353.00,1366.50,1371.00,1365.50,day,1,1370.75,1353.00,1366.50,1371.00,1363.50,in_value
2012-02-29,0.50,added,,0.73,0.60,False,0.56,311,2012-02-27,3,1377.25,1353.00,1367.50,1372.00,1365.50,composite,2,1372.00,1353.00,1366.50,1371.00,1365.50,above_range
2012-03-01,0.50,added,,0.61,0.60,False,0.46,311,2012-02-27,4,1377.25,1353.00,1367.50,1373.00,1365.50,composite,3,1377.25,1353.00,1367.50,1372.00,1365.50,in_value
2012-03-02,0.50,skipped_shape,,1.00,0.60,False,0.27,311,2012-02-27,4,1377.25,1353.00,1367.50,1373.00,1365.50,composite,4,1377.25,1353.00,1367.50,1373.00,1365.50,in_value
2012-03-05,0.50,start,migration,0.00,,,,312,2012-03-05,1,1367.25,1358.00,1360.50,1363.00,1358.50,composite,4,1377.25,1353.00,1367.50,1373.00,1365.50,in_value
2012-03-06,0.50,start,migration,0.00,,,,313,2012-03-06,1,1349.50,1338.50,1343.00,1345.50,1340.00,day,1,1367.25,1358.00,1360.50,1363.00,1358.50,below_range
2012-03-07,0.50,start,migration,0.00,,,,314,2012-03-07,1,1354.25,1344.25,1351.50,1354.00,1347.50,day,1,1349.50,1338.50,1343.00,1345.50,1340.00,above_value
2012-03-08,0.50,start,migration,0.00,,,,315,2012-03-08,1,1368.50,1357.50,1364.00,1366.50,1360.00,day,1,1354.25,1344.25,1351.50,1354.00,1347.50,above_range
2012-03-09,0.50,start,migration,0.00,,,,316,2012-03-09,1,1374.50,1366.50,1372.50,1375.00,1370.50,day,1,1368.50,1357.50,1364.00,1366.50,1360.00,above_value
2012-03-12,0.50,start,migration,0.29,,,,317,2012-03-12,1,1372.75,1366.00,1369.00,1371.50,1368.00,day,1,1374.50,1366.50,1372.50,1375.00,1370.50,in_value
2012-03-13,0.50,start,roll,,,,,318,2012-03-13,1,1391.00,1370.25,1378.00,1380.50,1371.00,none,0,,,,,,
2012-03-14,0.50,start,migration,0.00,,,,319,2012-03-14,1,1394.25,1384.25,1387.50,1392.00,1386.50,day,1,1391.00,1370.25,1378.00,1380.50,1371.00,above_value
2012-03-15,0.50,start,migration,0.23,,,,320,2012-03-15,1,1397.50,1387.25,1395.50,1397.00,1390.50,day,1,1394.25,1384.25,1387.50,1392.00,1386.50,in_value
2012-03-16,0.50,start,migration,0.00,,,,321,2012-03-16,1,1400.25,1395.50,1398.50,1400.00,1397.50,day,1,1397.50,1387.25,1395.50,1397.00,1390.50,above_range
2012-03-19,0.50,start,migration,0.00,,,,322,2012-03-19,1,1408.00,1396.25,1406.50,1408.50,1400.50,day,1,1400.25,1395.50,1398.50,1400.00,1397.50,in_value
2012-03-20,0.50,start,migration,0.00,,,,323,2012-03-20,1,1401.50,1391.75,1396.00,1400.50,1395.00,day,1,1408.00,1396.25,1406.50,1408.50,1400.50,below_range
2012-03-21,0.50,skipped_shape,,0.89,0.79,False,0.43,323,2012-03-20,1,1401.50,1391.75,1396.00,1400.50,1395.00,day,1,1401.50,1391.75,1396.00,1400.50,1395.00,in_value
2012-03-22,0.50,start,migration,0.00,,,,324,2012-03-22,1,1390.75,1382.50,1387.00,1389.50,1385.00,older_day,1,1401.50,1391.75,1396.00,1400.50,1395.00,below_range
2012-03-23,0.50,start,migration,0.47,,,,325,2012-03-23,1,1393.25,1380.50,1391.00,1393.50,1386.00,day,1,1390.75,1382.50,1387.00,1389.50,1385.00,in_value
2012-03-26,0.50,start,migration,0.00,,,,326,2012-03-26,1,1411.25,1401.25,1405.00,1408.50,1403.00,day,1,1393.25,1380.50,1391.00,1393.50,1386.00,above_range
2012-03-27,0.50,start,migration,0.00,,,,327,2012-03-27,1,1414.00,1406.25,1411.50,1413.00,1409.50,day,1,1411.25,1401.25,1405.00,1408.50,1403.00,above_range
2012-03-28,0.50,start,migration,0.00,,,,328,2012-03-28,1,1408.75,1392.00,1396.50,1402.00,1392.50,day,1,1414.00,1406.25,1411.50,1413.00,1409.50,below_value
2012-03-29,0.50,start,migration,0.15,,,,329,2012-03-29,1,1399.75,1386.25,1389.00,1393.50,1387.00,day,1,1408.75,1392.00,1396.50,1402.00,1392.50,below_value
2012-03-30,0.50,start,migration,0.00,,,,330,2012-03-30,1,1406.00,1395.75,1403.50,1406.00,1401.50,day,1,1399.75,1386.25,1389.00,1393.50,1387.00,above_range
2012-04-02,0.50,start,migration,0.00,,,,331,2012-04-02,1,1417.75,1399.00,1415.50,1418.00,1407.50,day,1,1406.00,1395.75,1403.50,1406.00,1401.50,in_value
2012-04-03,0.50,start,migration,0.41,,,,332,2012-04-03,1,1414.25,1399.50,1406.50,1411.00,1402.50,day,1,1417.75,1399.00,1415.50,1418.00,1407.50,in_value
2012-04-04,0.50,start,migration,0.00,,,,333,2012-04-04,1,1398.50,1388.50,1392.00,1395.50,1390.00,day,1,1414.25,1399.50,1406.50,1411.00,1402.50,below_range
2012-04-05,0.50,added,,0.89,0.46,False,1.00,333,2012-04-04,2,1398.50,1387.50,1392.50,1395.00,1390.50,day,1,1398.50,1388.50,1392.00,1395.50,1390.00,below_value
2012-04-09,0.50,start,migration,0.00,,,,334,2012-04-09,1,1382.75,1373.25,1377.50,1381.00,1375.50,composite,2,1398.50,1387.50,1392.50,1395.00,1390.50,below_range
2012-04-10,0.50,start,migration,0.00,,,,335,2012-04-10,1,1378.50,1352.50,1357.50,1369.00,1352.50,day,1,1382.75,1373.25,1377.50,1381.00,1375.50,below_value
2012-04-11,0.50,added,,1.00,0.52,False,0.79,335,2012-04-10,2,1378.50,1352.50,1366.00,1375.50,1359.00,day,1,1378.50,1352.50,1357.50,1369.00,1352.50,in_value
2012-04-12,0.50,start,migration,0.00,,,,336,2012-04-12,1,1384.25,1365.50,1381.50,1384.00,1375.50,composite,2,1378.50,1352.50,1366.00,1375.50,1359.00,in_value
2012-04-13,0.50,start,migration,0.00,,,,337,2012-04-13,1,1380.00,1364.75,1372.00,1374.50,1370.00,day,1,1384.25,1365.50,1381.50,1384.00,1375.50,in_value
2012-04-16,0.50,start,migration,0.00,,,,338,2012-04-16,1,1375.25,1360.75,1367.00,1369.50,1363.00,day,1,1380.00,1364.75,1372.00,1374.50,1370.00,in_value
2012-04-17,0.50,start,migration,0.00,,,,339,2012-04-17,1,1388.75,1371.75,1386.00,1389.00,1379.00,day,1,1375.25,1360.75,1367.00,1369.50,1363.00,above_value
2012-04-18,0.50,added,,1.00,0.59,False,0.78,339,2012-04-17,2,1388.75,1371.75,1381.50,1386.00,1378.50,day,1,1388.75,1371.75,1386.00,1389.00,1379.00,in_value
2012-04-19,0.50,start,migration,0.48,,,,340,2012-04-19,1,1386.50,1365.50,1381.00,1384.50,1372.00,composite,2,1388.75,1371.75,1381.50,1386.00,1378.50,in_value
2012-04-20,0.50,added,,1.00,0.52,False,0.39,340,2012-04-19,2,1386.50,1365.50,1376.50,1383.00,1374.50,day,1,1386.50,1365.50,1381.00,1384.50,1372.00,in_value
2012-04-23,0.50,start,migration,0.00,,,,341,2012-04-23,1,1364.00,1354.00,1359.00,1362.50,1356.00,composite,2,1386.50,1365.50,1376.50,1383.00,1374.50,below_range
2012-04-24,0.50,start,migration,0.00,,,,342,2012-04-24,1,1371.25,1362.75,1368.00,1369.50,1365.00,day,1,1364.00,1354.00,1359.00,1362.50,1356.00,above_value
2012-04-25,0.50,start,migration,0.00,,,,343,2012-04-25,1,1387.50,1380.25,1384.00,1386.50,1382.00,day,1,1371.25,1362.75,1368.00,1369.50,1365.00,above_range
2012-04-26,0.50,start,migration,0.29,,,,344,2012-04-26,1,1398.25,1383.00,1388.50,1394.00,1383.50,day,1,1387.50,1380.25,1384.00,1386.50,1382.00,in_value
2012-04-27,0.50,start,migration,0.00,,,,345,2012-04-27,1,1402.75,1393.00,1399.00,1401.50,1397.00,day,1,1398.25,1383.00,1388.50,1394.00,1383.50,above_range
2012-04-30,0.50,start,migration,0.00,,,,346,2012-04-30,1,1397.00,1389.75,1392.00,1394.50,1391.00,day,1,1402.75,1393.00,1399.00,1401.50,1397.00,below_value
2012-05-01,0.50,start,migration,0.00,,,,347,2012-05-01,1,1411.75,1391.25,1407.50,1411.00,1401.50,day,1,1397.00,1389.75,1392.00,1394.50,1391.00,in_value
2012-05-02,0.50,start,migration,0.00,,,,348,2012-05-02,1,1399.50,1389.25,1395.50,1399.00,1393.50,day,1,1411.75,1391.25,1407.50,1411.00,1401.50,below_value
2012-05-03,0.50,start,migration,0.47,,,,349,2012-05-03,1,1399.25,1384.50,1391.50,1398.00,1388.50,day,1,1399.50,1389.25,1395.50,1399.00,1393.50,in_value
2012-05-04,0.50,start,migration,0.00,,,,350,2012-05-04,1,1381.25,1363.50,1366.50,1372.00,1363.50,day,1,1399.25,1384.50,1391.50,1398.00,1388.50,below_range
2012-05-07,0.50,added,,0.92,0.37,False,0.78,350,2012-05-04,2,1381.25,1359.25,1367.00,1370.50,1363.00,day,1,1381.25,1363.50,1366.50,1372.00,1363.50,below_range
2012-05-08,0.50,start,migration,0.00,,,,351,2012-05-08,1,1362.25,1343.75,1350.50,1356.00,1345.50,composite,2,1381.25,1359.25,1367.00,1370.50,1363.00,below_range
2012-05-09,0.50,added,,0.78,0.52,False,1.00,351,2012-05-08,2,1362.25,1339.25,1351.00,1356.50,1346.00,day,1,1362.25,1343.75,1350.50,1356.00,1345.50,in_value
2012-05-10,0.50,start,migration,0.18,,,,352,2012-05-10,1,1363.00,1351.50,1357.50,1361.00,1355.50,composite,2,1362.25,1339.25,1351.00,1356.50,1346.00,above_value
2012-05-11,0.50,added,,0.65,0.68,False,0.78,352,2012-05-10,2,1363.25,1345.50,1357.50,1361.00,1353.50,day,1,1363.00,1351.50,1357.50,1361.00,1355.50,below_range
2012-05-14,0.50,start,migration,0.00,,,,353,2012-05-14,1,1344.75,1333.25,1340.50,1343.00,1336.50,composite,2,1363.25,1345.50,1357.50,1361.00,1353.50,below_range
2012-05-15,0.50,added,,0.60,0.63,False,0.78,353,2012-05-14,2,1344.75,1325.50,1337.50,1342.00,1334.50,day,1,1344.75,1333.25,1340.50,1343.00,1336.50,below_value
2012-05-16,0.50,start,migration,0.00,,,,354,2012-05-16,1,1339.75,1322.25,1329.50,1334.00,1324.50,composite,2,1344.75,1325.50,1337.50,1342.00,1334.50,below_value
2012-05-17,0.50,start,migration,0.00,,,,355,2012-05-17,1,1324.50,1302.50,1312.50,1320.00,1310.50,day,1,1339.75,1322.25,1329.50,1334.00,1324.50,below_value
2012-05-18,0.50,start,migration,0.00,,,,356,2012-05-18,1,1310.50,1289.75,1303.50,1308.00,1296.50,day,1,1324.50,1302.50,1312.50,1320.00,1310.50,below_value
2012-05-21,0.50,added,,0.53,0.58,False,1.00,356,2012-05-18,2,1314.50,1289.75,1304.00,1310.50,1298.00,day,1,1310.50,1289.75,1303.50,1308.00,1296.50,below_value
2012-05-22,0.50,start,migration,0.00,,,,357,2012-05-22,1,1326.50,1307.50,1319.50,1326.00,1316.50,composite,2,1314.50,1289.75,1304.00,1310.50,1298.00,above_range
2012-05-23,0.50,start,migration,0.00,,,,358,2012-05-23,1,1319.00,1294.00,1301.00,1306.50,1296.00,day,1,1326.50,1307.50,1319.50,1326.00,1316.50,below_range
2012-05-24,0.50,start,migration,0.00,,,,359,2012-05-24,1,1322.75,1308.25,1315.00,1319.50,1311.00,day,1,1319.00,1294.00,1301.00,1306.50,1296.00,above_range
2012-05-25,0.50,added,,0.64,0.68,False,0.78,359,2012-05-24,2,1322.75,1308.25,1318.00,1321.50,1314.00,day,1,1322.75,1308.25,1315.00,1319.50,1311.00,in_value
2012-05-29,0.50,start,migration,0.00,,,,360,2012-05-29,1,1333.75,1321.50,1324.50,1330.00,1322.50,composite,2,1322.75,1308.25,1318.00,1321.50,1314.00,above_range
2012-05-30,0.50,start,migration,0.00,,,,361,2012-05-30,1,1320.50,1308.75,1313.00,1316.50,1312.00,day,1,1333.75,1321.50,1324.50,1330.00,1322.50,below_range
2012-05-31,0.50,start,migration,0.17,,,,362,2012-05-31,1,1319.00,1297.25,1308.50,1314.00,1302.50,day,1,1320.50,1308.75,1313.00,1316.50,1312.00,below_value
2012-06-01,0.50,start,migration,0.00,,,,363,2012-06-01,1,1292.75,1275.50,1283.50,1287.00,1277.50,day,1,1319.00,1297.25,1308.50,1314.00,1302.50,below_range
2012-06-04,0.75,start,migration,0.00,,,,364,2012-06-04,1,1281.50,1265.25,1272.75,1276.50,1268.25,day,1,1292.75,1275.50,1283.50,1287.00,1277.50,in_value
2012-06-05,0.75,start,migration,0.00,,,,365,2012-06-05,1,1286.75,1271.75,1281.75,1284.00,1277.25,day,1,1281.50,1265.25,1272.75,1276.50,1268.25,in_value
2012-06-06,0.75,start,migration,0.00,,,,366,2012-06-06,1,1314.50,1293.25,1308.00,1310.25,1302.00,day,1,1286.75,1271.75,1281.75,1284.00,1277.25,above_range
2012-06-07,0.75,start,migration,0.00,,,,367,2012-06-07,1,1329.50,1312.00,1321.50,1323.75,1317.00,day,1,1314.50,1293.25,1308.00,1310.25,1302.00,above_range
2012-06-08,0.75,skipped_daytype,,0.60,,,,367,2012-06-07,1,1329.50,1312.00,1321.50,1323.75,1317.00,day,1,1329.50,1312.00,1321.50,1323.75,1317.00,below_range
2012-06-11,0.75,start,roll,,,,,368,2012-06-11,1,1330.00,1300.50,1315.50,1322.25,1308.00,none,0,,,,,,
2012-06-12,0.75,added,,0.61,0.37,False,0.64,368,2012-06-11,2,1330.00,1299.00,1310.25,1318.50,1305.75,day,1,1330.00,1300.50,1315.50,1322.25,1308.00,below_value
2012-06-13,0.75,added,,0.77,0.54,False,0.46,368,2012-06-11,3,1330.00,1299.00,1315.50,1319.25,1308.00,composite,2,1330.00,1299.00,1310.25,1318.50,1305.75,in_value
2012-06-14,0.75,added,,0.67,0.56,False,0.46,368,2012-06-11,4,1330.00,1299.00,1316.25,1320.00,1308.75,composite,3,1330.00,1299.00,1315.50,1319.25,1308.00,in_value
2012-06-15,0.75,start,migration,0.00,,,,369,2012-06-15,1,1337.00,1325.50,1329.00,1332.75,1327.50,composite,4,1330.00,1299.00,1316.25,1320.00,1308.75,above_value
2012-06-18,0.75,start,migration,0.00,,,,370,2012-06-18,1,1341.75,1327.25,1335.75,1341.00,1334.25,day,1,1337.00,1325.50,1329.00,1332.75,1327.50,in_value
2012-06-19,0.75,start,migration,0.00,,,,371,2012-06-19,1,1357.00,1343.75,1351.50,1355.25,1350.00,day,1,1341.75,1327.25,1335.75,1341.00,1334.25,above_range
2012-06-20,0.75,start,migration,0.27,,,,372,2012-06-20,1,1355.50,1338.75,1348.50,1352.25,1344.00,day,1,1357.00,1343.75,1351.50,1355.25,1350.00,in_value
2012-06-21,0.75,start,migration,0.00,,,,373,2012-06-21,1,1352.50,1317.50,1329.00,1338.75,1317.00,day,1,1355.50,1338.75,1348.50,1352.25,1344.00,in_value
2012-06-22,0.75,skipped_shape,,1.00,0.20,False,0.64,373,2012-06-21,1,1352.50,1317.50,1329.00,1338.75,1317.00,day,1,1352.50,1317.50,1329.00,1338.75,1317.00,in_value
2012-06-25,0.75,start,migration,0.00,,,,374,2012-06-25,1,1315.50,1302.50,1305.75,1311.00,1304.25,older_day,1,1352.50,1317.50,1329.00,1338.75,1317.00,below_range
2012-06-26,0.75,start,migration,0.31,,,,375,2012-06-26,1,1318.00,1303.25,1312.50,1317.75,1308.00,day,1,1315.50,1302.50,1305.75,1311.00,1304.25,in_value
2012-06-27,0.75,start,migration,0.00,,,,376,2012-06-27,1,1328.50,1317.25,1324.50,1328.25,1323.00,day,1,1318.00,1303.25,1312.50,1317.75,1308.00,above_value
2012-06-28,0.75,start,migration,0.00,,,,377,2012-06-28,1,1324.25,1306.75,1311.75,1315.50,1307.25,day,1,1328.50,1317.25,1324.50,1328.25,1323.00,below_range
2012-06-29,0.75,start,migration,0.00,,,,378,2012-06-29,1,1357.00,1342.75,1349.25,1353.00,1346.25,day,1,1324.25,1306.75,1311.75,1315.50,1307.25,above_range
2012-07-02,0.75,start,migration,0.33,,,,379,2012-07-02,1,1361.00,1349.50,1355.25,1357.50,1350.75,day,1,1357.00,1342.75,1349.25,1353.00,1346.25,above_range
2012-07-03,0.75,start,migration,0.00,,,,380,2012-07-03,1,1369.50,1357.75,1367.25,1369.50,1362.75,day,1,1361.00,1349.50,1355.25,1357.50,1350.75,above_value
2012-07-05,0.75,added,,0.71,0.58,False,1.00,380,2012-07-03,2,1369.50,1357.00,1364.25,1368.00,1361.25,day,1,1369.50,1357.75,1367.25,1369.50,1362.75,in_value
2012-07-06,0.75,start,migration,0.00,,,,381,2012-07-06,1,1351.75,1342.25,1347.00,1349.25,1344.00,composite,2,1369.50,1357.00,1364.25,1368.00,1361.25,below_range
2012-07-09,0.75,added,,0.57,0.37,False,0.60,381,2012-07-06,2,1351.75,1341.00,1344.75,1348.50,1343.25,day,1,1351.75,1342.25,1347.00,1349.25,1344.00,in_value
2012-07-10,0.75,start,migration,0.30,,,,382,2012-07-10,1,1356.50,1330.50,1344.00,1352.25,1335.00,composite,2,1351.75,1341.00,1344.75,1348.50,1343.25,above_range
2012-07-11,0.75,added,,0.56,0.32,False,0.64,382,2012-07-10,2,1356.50,1327.75,1336.50,1341.75,1329.00,day,1,1356.50,1330.50,1344.00,1352.25,1335.00,in_value
2012-07-12,0.75,start,migration,0.46,,,,383,2012-07-12,1,1335.00,1319.75,1328.25,1333.50,1323.75,composite,2,1356.50,1327.75,1336.50,1341.75,1329.00,below_value
2012-07-13,0.75,start,migration,0.00,,,,384,2012-07-13,1,1353.25,1332.00,1347.75,1353.00,1341.75,day,1,1335.00,1319.75,1328.25,1333.50,1323.75,in_value
2012-07-16,0.50,skipped_shape,,1.00,0.78,False,0.71,384,2012-07-13,1,1353.25,1332.00,1347.50,1353.00,1343.50,day,1,1353.25,1332.00,1347.75,1353.00,1341.75,in_value
2012-07-17,0.50,start,migration,0.44,,,,385,2012-07-17,1,1360.50,1339.25,1357.50,1360.00,1347.50,older_day,1,1353.25,1332.00,1347.50,1353.00,1343.50,above_range
2012-07-18,0.50,start,migration,0.00,,,,386,2012-07-18,1,1370.50,1353.50,1366.50,1370.00,1363.50,day,1,1360.50,1339.25,1357.50,1360.00,1347.50,in_value
2012-07-19,0.50,start,migration,0.22,,,,387,2012-07-19,1,1376.00,1366.00,1371.00,1373.50,1369.00,day,1,1370.50,1353.50,1366.50,1370.00,1363.50,above_value
2012-07-20,0.50,start,migration,0.00,,,,388,2012-07-20,1,1365.50,1357.00,1359.00,1363.50,1358.00,day,1,1376.00,1366.00,1371.00,1373.50,1369.00,below_range
2012-07-23,0.50,start,migration,0.00,,,,389,2012-07-23,1,1348.50,1332.00,1338.50,1346.00,1335.50,day,1,1365.50,1357.00,1359.00,1363.50,1358.00,below_range
2012-07-24,0.50,start,migration,0.12,,,,390,2012-07-24,1,1346.25,1323.75,1329.50,1337.00,1324.50,day,1,1348.50,1332.00,1338.50,1346.00,1335.50,in_value
2012-07-25,0.50,added,,1.00,0.32,False,0.47,390,2012-07-24,2,1346.25,1323.75,1330.50,1338.00,1327.50,day,1,1346.25,1323.75,1329.50,1337.00,1324.50,in_value
2012-07-26,0.50,start,migration,0.00,,,,391,2012-07-26,1,1358.75,1346.50,1353.00,1355.50,1349.00,composite,2,1346.25,1323.75,1330.50,1338.00,1327.50,above_range
2012-07-27,0.50,start,migration,0.00,,,,392,2012-07-27,1,1385.00,1360.50,1380.50,1385.00,1369.50,day,1,1358.75,1346.50,1353.00,1355.50,1349.00,above_range
2012-07-30,0.50,added,,1.00,0.68,False,0.39,392,2012-07-27,2,1387.50,1360.50,1379.00,1385.50,1377.00,day,1,1385.00,1360.50,1380.50,1385.00,1369.50,in_value
2012-07-31,0.50,added,,0.78,0.68,False,0.78,392,2012-07-27,3,1387.50,1360.50,1379.00,1383.50,1376.00,composite,2,1387.50,1360.50,1379.00,1385.50,1377.00,in_value
2012-08-01,0.50,added,,0.61,0.68,False,1.00,392,2012-07-27,4,1387.50,1360.50,1379.00,1383.50,1375.00,composite,3,1387.50,1360.50,1379.00,1383.50,1376.00,in_value
2012-08-02,0.50,start,migration,0.00,,,,393,2012-08-02,1,1369.50,1349.25,1354.50,1363.00,1352.50,composite,4,1387.50,1360.50,1379.00,1383.50,1375.00,below_range
2012-08-03,0.50,start,migration,0.00,,,,394,2012-08-03,1,1390.50,1378.75,1388.00,1390.50,1386.00,day,1,1369.50,1349.25,1354.50,1363.00,1352.50,above_range
2012-08-06,0.50,start,migration,0.00,,,,395,2012-08-06,1,1395.75,1389.50,1394.00,1395.50,1393.00,day,1,1390.50,1378.75,1388.00,1390.50,1386.00,above_range
2012-08-07,0.50,start,migration,0.00,,,,396,2012-08-07,1,1403.25,1395.50,1399.50,1402.00,1397.50,day,1,1395.75,1389.50,1394.00,1395.50,1393.00,above_value
2012-08-08,0.50,added,,0.56,0.59,False,0.71,396,2012-08-07,2,1403.25,1392.00,1398.50,1401.00,1395.50,day,1,1403.25,1395.50,1399.50,1402.00,1397.50,below_range
2012-08-09,0.50,added,,0.86,0.67,False,0.43,396,2012-08-07,3,1403.25,1392.00,1399.50,1401.00,1396.50,composite,2,1403.25,1392.00,1398.50,1401.00,1395.50,in_value
2012-08-10,0.50,added,,0.67,0.54,False,0.71,396,2012-08-07,4,1403.25,1392.00,1398.00,1401.50,1396.00,composite,3,1403.25,1392.00,1399.50,1401.00,1396.50,below_value
2012-08-13,0.50,added,,1.00,0.54,False,0.71,396,2012-08-07,5,1403.25,1392.00,1398.00,1401.50,1396.00,composite,4,1403.25,1392.00,1398.00,1401.50,1396.00,in_value
2012-08-14,0.50,start,migration,0.00,,,,397,2012-08-14,1,1407.75,1397.25,1402.50,1406.00,1402.50,composite,5,1403.25,1392.00,1398.00,1401.50,1396.00,above_range
2012-08-15,0.50,added,,0.80,0.52,False,0.60,397,2012-08-14,2,1407.75,1397.25,1402.50,1405.00,1401.50,day,1,1407.75,1397.25,1402.50,1406.00,1402.50,below_value
2012-08-16,0.50,start,migration,0.00,,,,398,2012-08-16,1,1415.50,1401.75,1411.50,1416.00,1407.50,composite,2,1407.75,1397.25,1402.50,1405.00,1401.50,above_value
2012-08-17,0.50,skipped_shape,,1.00,0.82,False,0.71,398,2012-08-16,1,1415.50,1401.75,1411.50,1416.00,1407.50,day,1,1415.50,1401.75,1411.50,1416.00,1407.50,above_range
2012-08-20,0.50,skipped_shape,,1.00,0.78,False,0.71,398,2012-08-16,1,1415.50,1401.75,1411.50,1416.00,1407.50,older_day,1,1415.50,1401.75,1411.50,1416.00,1407.50,in_value
2012-08-21,0.50,start,migration,0.48,,,,399,2012-08-21,1,1424.75,1408.00,1418.00,1421.50,1411.00,older_day,1,1415.50,1401.75,1411.50,1416.00,1407.50,above_range
2012-08-22,0.50,start,migration,0.09,,,,400,2012-08-22,1,1414.25,1404.25,1407.00,1411.50,1406.00,day,1,1424.75,1408.00,1418.00,1421.50,1411.00,below_range
2012-08-23,0.50,start,migration,0.00,,,,401,2012-08-23,1,1408.50,1398.00,1403.00,1405.50,1400.00,day,1,1414.25,1404.25,1407.00,1411.50,1406.00,in_value
2012-08-24,0.50,start,migration,0.32,,,,402,2012-08-24,1,1412.00,1395.50,1407.50,1412.00,1402.50,day,1,1408.50,1398.00,1403.00,1405.50,1400.00,below_range
2012-08-27,0.50,skipped_shape,,0.67,0.65,False,0.27,402,2012-08-24,1,1412.00,1395.50,1407.50,1412.00,1402.50,day,1,1412.00,1395.50,1407.50,1412.00,1402.50,above_range
2012-08-28,0.50,added,,1.00,0.75,False,0.71,402,2012-08-24,2,1412.00,1395.50,1408.00,1411.50,1406.00,older_day,1,1412.00,1395.50,1407.50,1412.00,1402.50,in_value
2012-08-29,0.50,added,,1.00,0.73,False,0.71,402,2012-08-24,3,1412.50,1395.50,1408.00,1411.50,1406.00,composite,2,1412.00,1395.50,1408.00,1411.50,1406.00,in_value
2012-08-30,0.50,start,migration,0.00,,,,403,2012-08-30,1,1402.75,1395.25,1398.50,1401.00,1397.50,composite,3,1412.50,1395.50,1408.00,1411.50,1406.00,below_value
2012-08-31,0.50,start,migration,0.00,,,,404,2012-08-31,1,1411.75,1397.00,1404.00,1408.50,1402.00,day,1,1402.75,1395.25,1398.50,1401.00,1397.50,above_range
2012-09-04,0.50,start,migration,0.18,,,,405,2012-09-04,1,1408.25,1394.50,1398.00,1403.50,1395.00,day,1,1411.75,1397.00,1404.00,1408.50,1402.00,in_value
2012-09-05,0.50,start,migration,0.46,,,,406,2012-09-05,1,1408.25,1399.75,1404.00,1406.50,1401.00,day,1,1408.25,1394.50,1398.00,1403.50,1395.00,above_value
2012-09-06,0.50,start,migration,0.00,,,,407,2012-09-06,1,1431.25,1410.75,1429.00,1431.50,1424.00,day,1,1408.25,1399.75,1404.00,1406.50,1401.00,above_range
2012-09-07,0.50,start,migration,0.00,,,,408,2012-09-07,1,1437.00,1432.25,1435.50,1437.00,1434.50,day,1,1431.25,1410.75,1429.00,1431.50,1424.00,above_range
2012-09-10,0.50,added,,0.56,0.74,False,0.60,408,2012-09-07,2,1438.00,1428.25,1435.50,1437.00,1433.50,day,1,1437.00,1432.25,1435.50,1437.00,1434.50,in_value
2012-09-11,0.50,added,,0.71,0.69,False,0.60,408,2012-09-07,3,1438.00,1428.25,1435.00,1436.50,1433.00,composite,2,1438.00,1428.25,1435.50,1437.00,1433.50,below_value
2012-09-12,0.50,added,,0.57,0.63,False,0.60,408,2012-09-07,4,1439.00,1428.25,1435.00,1437.50,1434.00,composite,3,1438.00,1428.25,1435.00,1436.50,1433.00,above_value
2012-09-13,0.50,start,migration,0.09,,,,409,2012-09-13,1,1464.25,1435.00,1437.50,1458.00,1435.50,composite,4,1439.00,1428.25,1435.00,1437.50,1434.00,in_value
2012-09-14,0.50,start,migration,0.00,,,,410,2012-09-14,1,1474.75,1461.25,1467.00,1470.50,1464.00,day,1,1464.25,1435.00,1437.50,1458.00,1435.50,above_value
2012-09-17,0.50,start,roll,,,,,411,2012-09-17,1,1459.00,1450.50,1455.50,1458.00,1453.50,none,0,,,,,,
2012-09-18,0.50,start,migration,0.00,,,,412,2012-09-18,1,1455.25,1449.50,1452.00,1453.50,1450.00,day,1,1459.00,1450.50,1455.50,1458.00,1453.50,below_value
2012-09-19,0.50,start,migration,0.00,,,,413,2012-09-19,1,1459.00,1451.25,1457.00,1458.50,1454.00,day,1,1455.25,1449.50,1452.00,1453.50,1450.00,above_value
2012-09-20,0.50,start,migration,0.00,,,,414,2012-09-20,1,1455.00,1443.50,1450.50,1454.00,1447.50,day,1,1459.00,1451.25,1457.00,1458.50,1454.00,below_range
2012-09-21,0.50,start,migration,0.00,,,,415,2012-09-21,1,1461.50,1452.50,1456.50,1459.00,1454.50,day,1,1455.00,1443.50,1450.50,1454.00,1447.50,above_range
2012-09-24,0.50,start,migration,0.00,,,,416,2012-09-24,1,1454.50,1444.75,1448.50,1452.00,1447.50,day,1,1461.50,1452.50,1456.50,1459.00,1454.50,below_range
2012-09-25,0.50,start,migration,0.33,,,,417,2012-09-25,1,1457.00,1435.00,1453.50,1457.00,1443.50,day,1,1454.50,1444.75,1448.50,1452.00,1447.50,above_value
2012-09-26,0.50,start,migration,0.00,,,,418,2012-09-26,1,1435.75,1424.00,1430.00,1432.50,1428.00,day,1,1457.00,1435.00,1453.50,1457.00,1443.50,below_value
2012-09-27,0.50,start,migration,0.00,,,,419,2012-09-27,1,1444.50,1429.75,1441.00,1444.50,1433.00,day,1,1435.75,1424.00,1430.00,1432.50,1428.00,above_value
2012-09-28,0.50,skipped_shape,,0.54,0.20,False,0.64,419,2012-09-27,1,1444.50,1429.75,1441.00,1444.50,1433.00,day,1,1444.50,1429.75,1441.00,1444.50,1433.00,in_value
2012-10-01,0.50,added,,0.74,0.54,False,1.00,419,2012-09-27,2,1451.50,1429.75,1441.50,1448.00,1435.50,older_day,1,1444.50,1429.75,1441.00,1444.50,1433.00,in_value
2012-10-02,0.50,skipped_shape,,0.69,0.54,False,0.29,419,2012-09-27,2,1451.50,1429.75,1441.50,1448.00,1435.50,composite,2,1451.50,1429.75,1441.50,1448.00,1435.50,in_value
2012-10-03,0.50,added,,1.00,0.57,False,0.69,419,2012-09-27,3,1451.50,1429.75,1442.00,1448.50,1438.00,composite,2,1451.50,1429.75,1441.50,1448.00,1435.50,in_value
2012-10-04,0.50,start,migration,0.00,,,,420,2012-10-04,1,1457.75,1448.75,1454.50,1457.00,1452.50,composite,3,1451.50,1429.75,1442.00,1448.50,1438.00,above_value
2012-10-05,0.50,start,migration,0.00,,,,421,2012-10-05,1,1466.00,1451.25,1462.00,1466.50,1457.00,day,1,1457.75,1448.75,1454.50,1457.00,1452.50,above_range
2012-10-08,0.50,start,migration,0.00,,,,422,2012-10-08,1,1453.50,1447.50,1450.50,1452.00,1448.50,day,1,1466.00,1451.25,1462.00,1466.50,1457.00,below_range
2012-10-09,0.50,start,migration,0.00,,,,423,2012-10-09,1,1451.00,1435.75,1439.50,1442.00,1436.50,day,1,1453.50,1447.50,1450.50,1452.00,1448.50,in_value
2012-10-10,0.50,start,migration,0.00,,,,424,2012-10-10,1,1437.50,1425.00,1427.50,1434.00,1425.50,day,1,1451.00,1435.75,1439.50,1442.00,1436.50,below_value
2012-10-11,0.50,added,,0.60,0.67,False,0.39,424,2012-10-10,2,1439.25,1425.00,1434.50,1437.00,1428.50,day,1,1437.50,1425.00,1427.50,1434.00,1425.50,above_value
2012-10-12,0.50,start,migration,0.00,,,,425,2012-10-12,1,1434.00,1420.00,1423.00,1428.50,1421.00,composite,2,1439.25,1425.00,1434.50,1437.00,1428.50,in_value
2012-10-15,0.50,start,migration,0.29,,,,426,2012-10-15,1,1436.50,1422.00,1432.00,1434.50,1426.00,day,1,1434.00,1420.00,1423.00,1428.50,1421.00,in_value
2012-10-16,0.50,start,migration,0.00,,,,427,2012-10-16,1,1450.75,1440.75,1448.50,1451.00,1445.50,day,1,1436.50,1422.00,1432.00,1434.50,1426.00,above_range
2012-10-17,0.50,start,migration,0.00,,,,428,2012-10-17,1,1457.75,1448.50,1455.00,1457.50,1453.00,day,1,1450.75,1440.75,1448.50,1451.00,1445.50,in_value
2012-10-18,0.50,start,migration,0.46,,,,429,2012-10-18,1,1459.75,1447.75,1453.00,1455.50,1450.00,day,1,1457.75,1448.50,1455.00,1457.50,1453.00,below_value
2012-10-19,0.50,start,migration,0.00,,,,430,2012-10-19,1,1450.25,1424.50,1428.50,1439.00,1424.50,day,1,1459.75,1447.75,1453.00,1455.50,1450.00,in_value
2012-10-22,0.50,start,migration,0.47,,,,431,2012-10-22,1,1430.75,1416.75,1424.00,1428.50,1420.00,day,1,1450.25,1424.50,1428.50,1439.00,1424.50,in_value
2012-10-23,0.50,start,migration,0.00,,,,432,2012-10-23,1,1414.50,1402.00,1409.00,1412.50,1406.00,day,1,1430.75,1416.75,1424.00,1428.50,1420.00,below_range
2012-10-24,0.50,added,,1.00,0.65,False,0.71,432,2012-10-23,2,1414.75,1401.75,1410.00,1412.50,1407.00,day,1,1414.50,1402.00,1409.00,1412.50,1406.00,above_value
2012-10-25,0.50,start,migration,0.27,,,,433,2012-10-25,1,1416.75,1399.50,1406.50,1409.00,1401.50,composite,2,1414.75,1401.75,1410.00,1412.50,1407.00,above_value
2012-10-26,0.50,added,,0.88,0.42,False,0.78,433,2012-10-25,2,1416.75,1397.50,1405.50,1409.00,1401.50,day,1,1416.75,1399.50,1406.50,1409.00,1401.50,in_value
2012-10-31,0.50,added,,0.93,0.47,False,0.46,433,2012-10-25,3,1416.75,1397.50,1406.50,1409.00,1401.50,composite,2,1416.75,1397.50,1405.50,1409.00,1401.50,above_value
2012-11-01,0.50,start,migration,0.00,,,,434,2012-11-01,1,1424.00,1409.00,1420.50,1424.00,1419.50,composite,3,1416.75,1397.50,1406.50,1409.00,1401.50,above_value
2012-11-02,0.50,start,migration,0.39,,,,435,2012-11-02,1,1430.75,1407.75,1420.00,1427.50,1416.00,day,1,1424.00,1409.00,1420.50,1424.00,1419.50,above_range
2012-11-05,0.50,start,migration,0.00,,,,436,2012-11-05,1,1415.50,1403.00,1408.50,1411.00,1404.50,day,1,1430.75,1407.75,1420.00,1427.50,1416.00,below_range
2012-11-06,0.50,start,migration,0.00,,,,437,2012-11-06,1,1429.25,1415.00,1425.50,1429.00,1419.50,day,1,1415.50,1403.00,1408.50,1411.00,1404.50,above_range
2012-11-07,0.50,start,migration,0.00,,,,438,2012-11-07,1,1410.75,1384.00,1397.00,1400.50,1390.00,day,1,1429.25,1415.00,1425.50,1429.00,1419.50,below_range
2012-11-08,0.50,start,migration,0.00,,,,439,2012-11-08,1,1397.50,1373.50,1382.50,1390.00,1377.50,day,1,1410.75,1384.00,1397.00,1400.50,1390.00,in_value
2012-11-09,0.50,added,,0.88,0.39,False,0.47,439,2012-11-08,2,1397.50,1369.00,1380.00,1387.50,1377.00,day,1,1397.50,1373.50,1382.50,1390.00,1377.50,below_range
2012-11-12,0.50,added,,0.64,0.34,False,0.69,439,2012-11-08,3,1397.50,1369.00,1378.50,1385.00,1374.50,composite,2,1397.50,1369.00,1380.00,1387.50,1377.00,in_value
2012-11-13,0.50,added,,1.00,0.41,False,0.82,439,2012-11-08,4,1397.50,1367.00,1379.50,1384.00,1374.50,composite,3,1397.50,1369.00,1378.50,1385.00,1374.50,below_value
2012-11-14,0.50,start,migration,0.00,,,,440,2012-11-14,1,1377.75,1349.50,1364.00,1370.50,1359.00,composite,4,1397.50,1367.00,1379.50,1384.00,1374.50,in_value
2012-11-15,0.50,start,migration,0.00,,,,441,2012-11-15,1,1358.50,1345.25,1350.50,1354.00,1345.50,day,1,1377.75,1349.50,1364.00,1370.50,1359.00,below_value
2012-11-16,0.50,added,,0.71,0.54,False,0.82,441,2012-11-15,2,1359.75,1340.25,1350.50,1356.00,1346.50,day,1,1358.50,1345.25,1350.50,1354.00,1345.50,in_value
2012-11-19,0.50,start,migration,0.00,,,,442,2012-11-19,1,1384.75,1371.50,1378.00,1381.50,1377.00,composite,2,1359.75,1340.25,1350.50,1356.00,1346.50,above_range
2012-11-20,0.50,start,migration,0.31,,,,443,2012-11-20,1,1387.50,1374.00,1381.50,1386.00,1379.50,day,1,1384.75,1371.50,1378.00,1381.50,1377.00,above_value
2012-11-21,0.50,start,migration,0.29,,,,444,2012-11-21,1,1389.00,1383.50,1387.00,1388.50,1385.00,day,1,1387.50,1374.00,1381.50,1386.00,1379.50,above_value
2012-11-23,0.50,start,migration,0.00,,,,445,2012-11-23,1,1407.50,1393.75,1400.50,1405.00,1396.50,day,1,1389.00,1383.50,1387.00,1388.50,1385.00,above_range
2012-11-26,0.50,added,,1.00,0.50,False,0.71,445,2012-11-23,2,1407.50,1393.75,1400.50,1403.00,1397.50,day,1,1407.50,1393.75,1400.50,1405.00,1396.50,in_value
2012-11-27,0.50,added,,0.61,0.53,False,1.00,445,2012-11-23,3,1407.50,1393.75,1401.00,1404.50,1398.00,composite,2,1407.50,1393.75,1400.50,1403.00,1397.50,in_value
2012-11-28,0.50,start,migration,0.48,,,,446,2012-11-28,1,1408.75,1383.00,1401.00,1405.50,1392.00,composite,3,1407.50,1393.75,1401.00,1404.50,1398.00,below_range
2012-11-29,0.50,start,migration,0.00,,,,447,2012-11-29,1,1418.50,1407.00,1414.50,1417.00,1412.50,day,1,1408.75,1383.00,1401.00,1405.50,1392.00,above_range
2012-11-30,0.50,added,,0.71,0.48,False,0.43,447,2012-11-29,2,1418.50,1407.00,1412.50,1416.00,1411.50,day,1,1418.50,1407.00,1414.50,1417.00,1412.50,in_value
2012-12-03,0.50,added,,0.60,0.38,False,0.71,447,2012-11-29,3,1422.75,1406.50,1412.50,1416.00,1410.50,composite,2,1418.50,1407.00,1412.50,1416.00,1411.50,above_range
2012-12-04,0.50,start,migration,0.00,,,,448,2012-12-04,1,1411.75,1401.50,1406.00,1408.50,1404.00,composite,3,1422.75,1406.50,1412.50,1416.00,1410.50,below_value
2012-12-05,0.50,start,migration,0.42,,,,449,2012-12-05,1,1414.75,1396.75,1410.50,1414.00,1404.50,day,1,1411.75,1401.50,1406.00,1408.50,1404.00,in_value
2012-12-06,0.50,skipped_shape,,1.00,0.77,False,0.78,449,2012-12-05,1,1414.75,1396.75,1410.50,1414.00,1404.50,day,1,1414.75,1396.75,1410.50,1414.00,1404.50,in_value
2012-12-07,0.50,start,migration,0.44,,,,450,2012-12-07,1,1420.00,1409.50,1414.00,1416.50,1412.00,older_day,1,1414.75,1396.75,1410.50,1414.00,1404.50,above_range
2012-12-10,0.50,start,migration,0.00,,,,451,2012-12-10,1,1421.00,1414.50,1418.50,1421.00,1417.50,day,1,1420.00,1409.50,1414.00,1416.50,1412.00,in_value
2012-12-11,0.50,start,migration,0.00,,,,452,2012-12-11,1,1434.25,1422.75,1430.50,1432.00,1426.50,day,1,1421.00,1414.50,1418.50,1421.00,1417.50,above_range
2012-12-12,0.50,added,,0.53,0.50,False,0.78,452,2012-12-11,2,1438.75,1422.75,1430.50,1434.00,1426.50,day,1,1434.25,1422.75,1430.50,1432.00,1426.50,above_value
2012-12-13,0.50,start,migration,0.00,,,,453,2012-12-13,1,1431.50,1415.75,1418.50,1426.00,1416.50,composite,2,1438.75,1422.75,1430.50,1434.00,1426.50,in_value
2012-12-14,0.50,start,migration,0.29,,,,454,2012-12-14,1,1419.00,1411.50,1416.00,1417.50,1414.00,day,1,1431.50,1415.75,1418.50,1426.00,1416.50,below_value
2012-12-17,0.50,start,roll,,,,,455,2012-12-17,1,1426.25,1411.50,1419.50,1422.00,1415.50,none,0,,,,,,
2012-12-18,0.50,start,migration,0.00,,,,456,2012-12-18,1,1443.50,1425.25,1438.00,1443.50,1434.00,day,1,1426.25,1411.50,1419.50,1422.00,1415.50,above_range
2012-12-19,0.50,skipped_shape,,1.00,0.76,False,0.56,456,2012-12-18,1,1443.50,1425.25,1438.00,1443.50,1434.00,day,1,1443.50,1425.25,1438.00,1443.50,1434.00,above_range
2012-12-20,0.50,start,migration,0.39,,,,457,2012-12-20,1,1439.50,1428.25,1433.00,1436.50,1430.00,older_day,1,1443.50,1425.25,1438.00,1443.50,1434.00,below_value
2012-12-21,0.50,start,migration,0.00,,,,458,2012-12-21,1,1428.25,1416.50,1421.50,1425.00,1418.50,day,1,1439.50,1428.25,1433.00,1436.50,1430.00,below_range
2012-12-24,0.50,added,,1.00,0.40,False,0.71,458,2012-12-21,2,1428.25,1416.50,1421.00,1424.50,1419.00,day,1,1428.25,1416.50,1421.50,1425.00,1418.50,in_value
2012-12-26,0.50,start,migration,0.00,,,,459,2012-12-26,1,1424.50,1410.75,1415.00,1418.50,1412.00,composite,2,1428.25,1416.50,1421.00,1424.50,1419.00,in_value
2012-12-27,0.50,start,migration,0.00,,,,460,2012-12-27,1,1418.50,1396.00,1405.50,1409.00,1397.50,day,1,1424.50,1410.75,1415.00,1418.50,1412.00,in_value
2012-12-28,0.50,added,,1.00,0.44,False,0.33,460,2012-12-27,2,1418.50,1395.75,1405.50,1408.00,1398.50,day,1,1418.50,1396.00,1405.50,1409.00,1397.50,in_value
2012-12-31,0.50,skipped_daytype,,0.66,,,,460,2012-12-27,2,1418.50,1395.75,1405.50,1408.00,1398.50,composite,2,1418.50,1395.75,1405.50,1408.00,1398.50,below_range
2013-01-02,0.50,start,migration,0.00,,,,461,2013-01-02,1,1458.00,1444.00,1446.50,1451.00,1444.50,composite,2,1418.50,1395.75,1405.50,1408.00,1398.50,above_range
2013-01-03,0.50,start,migration,0.00,,,,462,2013-01-03,1,1460.50,1450.00,1455.50,1460.00,1453.50,day,1,1458.00,1444.00,1446.50,1451.00,1444.50,above_value
2013-01-04,0.50,added,,0.91,0.69,False,0.33,462,2013-01-03,2,1463.00,1450.00,1459.00,1460.50,1455.00,day,1,1460.50,1450.00,1455.50,1460.00,1453.50,in_value
2013-01-07,0.50,start,migration,0.22,,,,463,2013-01-07,1,1457.75,1450.75,1454.50,1456.00,1451.50,composite,2,1463.00,1450.00,1459.00,1460.50,1455.00,in_value
2013-01-08,0.50,start,migration,0.11,,,,464,2013-01-08,1,1455.75,1446.00,1449.50,1452.00,1447.50,day,1,1457.75,1450.75,1454.50,1456.00,1451.50,in_value
2013-01-09,0.50,start,migration,0.00,,,,465,2013-01-09,1,1459.50,1452.50,1456.00,1458.50,1454.00,day,1,1455.75,1446.00,1449.50,1452.00,1447.50,above_value
2013-01-10,0.50,start,migration,0.09,,,,466,2013-01-10,1,1467.25,1455.75,1461.00,1463.50,1458.00,day,1,1459.50,1452.50,1456.00,1458.50,1454.00,above_range
2013-01-11,0.50,start,migration,0.14,,,,467,2013-01-11,1,1467.75,1462.25,1465.00,1466.50,1463.00,day,1,1467.25,1455.75,1461.00,1463.50,1458.00,above_value
2013-01-14,0.50,added,,0.71,0.53,False,0.60,467,2013-01-11,2,1467.75,1460.25,1464.00,1466.50,1463.00,day,1,1467.75,1462.25,1465.00,1466.50,1463.00,in_value
2013-01-15,0.50,skipped_daytype,,0.55,,,,467,2013-01-11,2,1467.75,1460.25,1464.00,1466.50,1463.00,composite,2,1467.75,1460.25,1464.00,1466.50,1463.00,below_range
2013-01-16,0.50,start,migration,0.29,,,,468,2013-01-16,1,1469.00,1462.00,1466.50,1469.00,1465.50,composite,2,1467.75,1460.25,1464.00,1466.50,1463.00,in_value
2013-01-17,0.50,start,migration,0.00,,,,469,2013-01-17,1,1480.50,1470.25,1476.00,1479.50,1473.00,day,1,1469.00,1462.00,1466.50,1469.00,1465.50,above_range
2013-01-18,0.50,added,,0.73,0.54,False,0.33,469,2013-01-17,2,1481.00,1470.25,1476.00,1477.50,1472.00,day,1,1480.50,1470.25,1476.00,1479.50,1473.00,in_value
2013-01-22,0.50,start,migration,0.07,,,,470,2013-01-22,1,1487.50,1475.75,1480.00,1484.50,1477.00,composite,2,1481.00,1470.25,1476.00,1477.50,1472.00,above_value
2013-01-23,0.50,start,migration,0.00,,,,471,2013-01-23,1,1491.00,1484.50,1488.00,1489.50,1486.00,day,1,1487.50,1475.75,1480.00,1484.50,1477.00,above_value
2013-01-24,0.50,start,migration,0.27,,,,472,2013-01-24,1,1497.75,1486.25,1490.50,1495.00,1487.50,day,1,1491.00,1484.50,1488.00,1489.50,1486.00,in_value
2013-01-25,0.50,start,migration,0.33,,,,473,2013-01-25,1,1498.75,1490.75,1496.50,1498.00,1493.50,day,1,1497.75,1486.25,1490.50,1495.00,1487.50,above_value
2013-01-28,0.50,added,,0.86,0.60,False,1.00,473,2013-01-25,2,1499.50,1490.75,1496.00,1498.50,1494.00,day,1,1498.75,1490.75,1496.50,1498.00,1493.50,above_range
2013-01-29,0.50,start,migration,0.20,,,,474,2013-01-29,1,1504.75,1493.00,1501.00,1504.50,1497.00,composite,2,1499.50,1490.75,1496.00,1498.50,1494.00,in_value
2013-01-30,0.50,added,,1.00,0.71,False,0.56,474,2013-01-29,2,1505.50,1493.00,1502.00,1504.50,1498.00,day,1,1504.75,1493.00,1501.00,1504.50,1497.00,in_value
2013-01-31,0.50,start,migration,0.00,,,,475,2013-01-31,1,1500.00,1492.00,1495.50,1498.00,1493.50,composite,2,1505.50,1493.00,1502.00,1504.50,1498.00,below_value
2013-02-01,0.50,start,migration,0.00,,,,476,2013-02-01,1,1510.50,1500.00,1508.50,1510.00,1504.50,day,1,1500.00,1492.00,1495.50,1498.00,1493.50,above_range
2013-02-04,0.50,start,migration,0.00,,,,477,2013-02-04,1,1501.75,1490.25,1494.00,1498.50,1492.00,day,1,1510.50,1500.00,1508.50,1510.00,1504.50,below_range
2013-02-05,0.50,start,migration,0.00,,,,478,2013-02-05,1,1511.00,1498.75,1504.50,1510.00,1503.50,day,1,1501.75,1490.25,1494.00,1498.50,1492.00,above_value
2013-02-06,0.50,added,,0.78,0.48,False,0.71,478,2013-02-05,2,1511.00,1498.75,1504.50,1508.00,1502.50,day,1,1511.00,1498.75,1504.50,1510.00,1503.50,below_value
2013-02-07,0.50,start,migration,0.33,,,,479,2013-02-07,1,1509.50,1494.50,1502.50,1505.00,1497.50,composite,2,1511.00,1498.75,1504.50,1508.00,1502.50,in_value
2013-02-08,0.50,start,migration,0.00,,,,480,2013-02-08,1,1515.00,1508.00,1513.00,1514.50,1512.00,day,1,1509.50,1494.50,1502.50,1505.00,1497.50,above_value
2013-02-11,0.50,added,,0.71,0.70,False,1.00,480,2013-02-08,2,1515.00,1508.00,1513.00,1514.50,1512.00,day,1,1515.00,1508.00,1513.00,1514.50,1512.00,in_value
2013-02-12,0.50,start,migration,0.22,,,,481,2013-02-12,1,1519.00,1512.00,1515.50,1518.00,1513.50,composite,2,1515.00,1508.00,1513.00,1514.50,1512.00,in_value
2013-02-13,0.50,added,,0.73,0.41,False,1.00,481,2013-02-12,2,1522.00,1512.00,1516.00,1518.50,1514.00,day,1,1519.00,1512.00,1515.50,1518.00,1513.50,above_range
2013-02-14,0.50,added,,0.67,0.56,False,1.00,481,2013-02-12,3,1522.00,1510.75,1517.00,1519.50,1515.00,composite,2,1522.00,1512.00,1516.00,1518.50,1514.00,below_value
2013-02-15,0.50,added,,0.69,0.56,False,0.71,481,2013-02-12,4,1522.00,1510.75,1517.00,1519.50,1514.00,composite,3,1522.00,1510.75,1517.00,1519.50,1515.00,above_value
2013-02-19,0.50,start,migration,0.00,,,,482,2013-02-19,1,1528.75,1519.50,1524.00,1527.50,1523.00,composite,4,1522.00,1510.75,1517.00,1519.50,1514.00,in_value
2013-02-20,0.50,start,migration,0.47,,,,483,2013-02-20,1,1528.00,1508.75,1521.50,1528.00,1518.50,day,1,1528.75,1519.50,1524.00,1527.50,1523.00,in_value
2013-02-21,0.50,start,migration,0.00,,,,484,2013-02-21,1,1505.50,1495.00,1500.00,1503.50,1498.00,day,1,1528.00,1508.75,1521.50,1528.00,1518.50,below_range
2013-02-22,0.50,start,migration,0.00,,,,485,2013-02-22,1,1514.25,1503.25,1509.50,1512.00,1505.50,day,1,1505.50,1495.00,1500.00,1503.50,1498.00,above_range
2013-02-25,0.50,start,migration,0.35,,,,486,2013-02-25,1,1524.50,1485.50,1508.50,1519.00,1500.50,day,1,1514.25,1503.25,1509.50,1512.00,1505.50,above_range
2013-02-26,0.50,start,migration,0.00,,,,487,2013-02-26,1,1497.75,1482.75,1492.50,1496.00,1488.50,day,1,1524.50,1485.50,1508.50,1519.00,1500.50,below_value
2013-02-27,0.50,start,migration,0.00,,,,488,2013-02-27,1,1519.25,1493.25,1511.50,1519.00,1504.50,day,1,1497.75,1482.75,1492.50,1496.00,1488.50,in_value
2013-02-28,0.50,skipped_shape,,0.69,0.76,False,1.00,488,2013-02-27,1,1519.25,1493.25,1511.50,1519.00,1504.50,day,1,1519.25,1493.25,1511.50,1519.00,1504.50,in_value
2013-03-01,0.50,skipped_shape,,1.00,0.88,False,0.41,488,2013-02-27,1,1519.25,1493.25,1511.50,1519.00,1504.50,older_day,1,1519.25,1493.25,1511.50,1519.00,1504.50,in_value
2013-03-04,0.50,added,,1.00,0.61,False,0.37,488,2013-02-27,2,1524.25,1493.25,1512.00,1521.50,1509.00,older_day,1,1519.25,1493.25,1511.50,1519.00,1504.50,in_value
2013-03-05,0.50,start,migration,0.00,,,,489,2013-03-05,1,1542.75,1532.00,1538.50,1542.00,1537.50,composite,2,1524.25,1493.25,1512.00,1521.50,1509.00,above_range
2013-03-06,0.50,added,,1.00,0.60,False,1.00,489,2013-03-05,2,1544.75,1532.00,1539.50,1542.00,1537.50,day,1,1542.75,1532.00,1538.50,1542.00,1537.50,above_range
2013-03-07,0.50,start,migration,0.00,,,,490,2013-03-07,1,1545.50,1540.75,1543.50,1545.00,1542.50,composite,2,1544.75,1532.00,1539.50,1542.00,1537.50,above_value
2013-03-08,0.50,start,migration,0.00,,,,491,2013-03-08,1,1552.00,1542.25,1547.00,1549.50,1545.00,day,1,1545.50,1540.75,1543.50,1545.00,1542.50,above_range
2013-03-11,0.50,start,migration,0.00,,,,492,2013-03-11,1,1556.00,1547.00,1553.50,1556.00,1549.50,day,1,1552.00,1542.25,1547.00,1549.50,1545.00,in_value
2013-03-12,0.50,start,roll,,,,,493,2013-03-12,1,1551.00,1541.75,1545.00,1547.50,1543.00,none,0,,,,,,
2013-03-13,0.50,start,migration,0.33,,,,494,2013-03-13,1,1551.00,1542.25,1548.00,1550.50,1546.00,day,1,1551.00,1541.75,1545.00,1547.50,1543.00,above_value
2013-03-14,0.50,start,migration,0.00,,,,495,2013-03-14,1,1557.25,1551.75,1554.50,1556.00,1553.50,day,1,1551.00,1542.25,1548.00,1550.50,1546.00,above_range
2013-03-15,0.50,added,,0.57,0.68,False,0.60,495,2013-03-14,2,1557.25,1549.00,1554.50,1556.00,1552.50,day,1,1557.25,1551.75,1554.50,1556.00,1553.50,in_value
2013-03-18,0.50,start,migration,0.00,,,,496,2013-03-18,1,1552.50,1537.75,1548.50,1551.00,1544.50,composite,2,1557.25,1549.00,1554.50,1556.00,1552.50,below_range
2013-03-19,0.50,start,migration,0.00,,,,497,2013-03-19,1,1551.00,1531.75,1538.00,1544.50,1534.00,day,1,1552.50,1537.75,1548.50,1551.00,1544.50,in_value
2013-03-20,0.50,start,migration,0.00,,,,498,2013-03-20,1,1555.75,1548.75,1550.50,1553.00,1549.50,day,1,1551.00,1531.75,1538.00,1544.50,1534.00,above_range
2013-03-21,0.50,start,migration,0.00,,,,499,2013-03-21,1,1549.00,1536.50,1543.00,1547.50,1541.00,day,1,1555.75,1548.75,1550.50,1553.00,1549.50,below_range
2013-03-22,0.50,start,migration,0.14,,,,500,2013-03-22,1,1551.75,1543.00,1548.00,1550.50,1547.00,day,1,1549.00,1536.50,1543.00,1547.50,1541.00,in_value
2013-03-25,0.50,start,migration,0.33,,,,501,2013-03-25,1,1558.50,1539.00,1546.00,1549.50,1542.00,day,1,1551.75,1543.00,1548.00,1550.50,1547.00,above_range
2013-03-26,0.50,start,migration,0.00,,,,502,2013-03-26,1,1558.50,1550.25,1554.50,1556.00,1551.50,day,1,1558.50,1539.00,1546.00,1549.50,1542.00,above_value
2013-03-27,0.50,added,,0.69,0.57,False,0.71,502,2013-03-26,2,1558.50,1545.75,1553.00,1556.50,1551.00,day,1,1558.50,1550.25,1554.50,1556.00,1551.50,below_range
2013-03-28,0.50,start,migration,0.00,,,,503,2013-03-28,1,1564.50,1554.50,1560.50,1563.00,1558.50,composite,2,1558.50,1545.75,1553.00,1556.50,1551.00,in_value
2013-04-01,0.50,start,migration,0.00,,,,504,2013-04-01,1,1565.00,1552.50,1556.00,1558.50,1553.00,day,1,1564.50,1554.50,1560.50,1563.00,1558.50,in_value
2013-04-02,0.50,start,migration,0.00,,,,505,2013-04-02,1,1568.00,1559.50,1566.00,1567.50,1563.00,day,1,1565.00,1552.50,1556.00,1558.50,1553.00,above_value
2013-04-03,0.50,start,migration,0.00,,,,506,2013-04-03,1,1566.25,1544.00,1553.50,1557.00,1546.50,day,1,1568.00,1559.50,1566.00,1567.50,1563.00,in_value
2013-04-04,0.50,added,,1.00,0.32,False,0.78,506,2013-04-03,2,1566.25,1544.00,1551.00,1555.50,1548.00,day,1,1566.25,1544.00,1553.50,1557.00,1546.50,in_value
2013-04-05,0.50,start,migration,0.00,,,,507,2013-04-05,1,1549.25,1533.25,1541.50,1544.00,1537.50,composite,2,1566.25,1544.00,1551.00,1555.50,1548.00,below_range
2013-04-08,0.50,start,migration,0.12,,,,508,2013-04-08,1,1558.25,1543.00,1547.00,1551.50,1543.00,day,1,1549.25,1533.25,1541.50,1544.00,1537.50,above_value
2013-04-09,0.50,start,migration,0.00,,,,509,2013-04-09,1,1569.00,1555.50,1561.00,1565.50,1556.00,day,1,1558.25,1543.00,1547.00,1551.50,1543.00,above_range
2013-04-10,0.50,start,migration,0.00,,,,510,2013-04-10,1,1584.50,1567.00,1582.00,1584.50,1578.00,day,1,1569.00,1555.50,1561.00,1565.50,1556.00,above_value
2013-04-11,0.50,start,migration,0.00,,,,511,2013-04-11,1,1593.00,1581.00,1588.00,1592.50,1587.00,day,1,1584.50,1567.00,1582.00,1584.50,1578.00,in_value
2013-04-12,0.50,start,migration,0.00,,,,512,2013-04-12,1,1586.25,1575.00,1580.50,1584.00,1578.50,day,1,1593.00,1581.00,1588.00,1592.50,1587.00,below_value
2013-04-15,0.50,start,migration,0.00,,,,513,2013-04-15,1,1577.00,1546.50,1560.50,1572.00,1549.50,day,1,1586.25,1575.00,1580.50,1584.00,1578.50,below_value
2013-04-16,0.50,added,,1.00,0.46,False,0.65,513,2013-04-15,2,1577.00,1546.50,1560.50,1569.00,1555.50,day,1,1577.00,1546.50,1560.50,1572.00,1549.50,in_value
2013-04-17,0.50,start,migration,0.00,,,,514,2013-04-17,1,1558.75,1538.00,1545.50,1550.00,1541.50,composite,2,1577.00,1546.50,1560.50,1569.00,1555.50,in_value
2013-04-18,0.50,start,migration,0.32,,,,515,2013-04-18,1,1549.50,1530.75,1541.00,1544.50,1535.00,day,1,1558.75,1538.00,1545.50,1550.00,1541.50,in_value
2013-04-19,0.50,start,migration,0.23,,,,516,2013-04-19,1,1550.75,1536.25,1547.00,1549.50,1543.00,day,1,1549.50,1530.75,1541.00,1544.50,1535.00,in_value
2013-04-22,0.50,start,migration,0.43,,,,517,2013-04-22,1,1561.00,1542.75,1553.00,1555.50,1545.00,day,1,1550.75,1536.25,1547.00,1549.50,1543.00,above_range
2013-04-23,0.50,start,migration,0.00,,,,518,2013-04-23,1,1574.75,1557.00,1572.50,1575.00,1568.50,day,1,1561.00,1542.75,1553.00,1555.50,1545.00,above_range
2013-04-24,0.50,start,migration,0.43,,,,519,2013-04-24,1,1578.50,1570.75,1574.50,1577.00,1573.50,day,1,1574.75,1557.00,1572.50,1575.00,1568.50,in_value
2013-04-25,0.50,start,migration,0.00,,,,520,2013-04-25,1,1588.25,1576.50,1584.50,1587.00,1580.50,day,1,1578.50,1570.75,1574.50,1577.00,1573.50,above_range
2013-04-26,0.50,start,migration,0.00,,,,521,2013-04-26,1,1581.50,1572.50,1577.50,1579.00,1574.50,day,1,1588.25,1576.50,1584.50,1587.00,1580.50,below_value
2013-04-29,0.50,start,migration,0.00,,,,522,2013-04-29,1,1592.25,1579.50,1587.00,1592.50,1585.00,day,1,1581.50,1572.50,1577.50,1579.00,1574.50,above_range
2013-04-30,0.50,skipped_shape,,1.00,0.83,False,0.27,522,2013-04-29,1,1592.25,1579.50,1587.00,1592.50,1585.00,day,1,1592.25,1579.50,1587.00,1592.50,1585.00,in_value
2013-05-01,0.50,start,migration,0.46,,,,523,2013-05-01,1,1589.50,1576.00,1583.50,1588.00,1581.50,older_day,1,1592.25,1579.50,1587.00,1592.50,1585.00,in_value
2013-05-02,0.50,start,migration,0.07,,,,524,2013-05-02,1,1594.25,1580.25,1592.50,1594.50,1587.50,day,1,1589.50,1576.00,1583.50,1588.00,1581.50,in_value
2013-05-03,0.50,start,migration,0.00,,,,525,2013-05-03,1,1614.25,1605.50,1611.50,1613.00,1608.50,day,1,1594.25,1580.25,1592.50,1594.50,1587.50,above_range
2013-05-06,0.50,added,,0.67,0.62,False,1.00,525,2013-05-03,2,1615.25,1605.50,1611.50,1614.00,1609.50,day,1,1614.25,1605.50,1611.50,1613.00,1608.50,in_value
2013-05-07,0.50,start,migration,0.00,,,,526,2013-05-07,1,1621.75,1611.75,1617.00,1620.50,1615.00,composite,2,1615.25,1605.50,1611.50,1614.00,1609.50,above_range
2013-05-08,0.50,start,migration,0.00,,,,527,2013-05-08,1,1629.25,1618.50,1626.00,1628.50,1623.00,day,1,1621.75,1611.75,1617.00,1620.50,1615.00,in_value
2013-05-09,0.50,added,,0.69,0.55,False,0.71,527,2013-05-08,2,1632.25,1618.50,1626.00,1628.50,1623.00,day,1,1629.25,1618.50,1626.00,1628.50,1623.00,in_value
2013-05-10,0.50,added,,1.00,0.55,False,0.71,527,2013-05-08,3,1632.25,1618.50,1626.00,1628.50,1623.00,composite,2,1632.25,1618.50,1626.00,1628.50,1623.00,in_value
2013-05-13,0.50,start,migration,0.11,,,,528,2013-05-13,1,1633.25,1623.25,1629.00,1632.50,1628.00,composite,3,1632.25,1618.50,1626.00,1628.50,1623.00,in_value
2013-05-14,0.50,start,migration,0.00,,,,529,2013-05-14,1,1648.75,1631.50,1644.50,1648.00,1641.50,day,1,1633.25,1623.25,1629.00,1632.50,1628.00,in_value
2013-05-15,0.50,start,migration,0.00,,,,530,2013-05-15,1,1659.75,1644.25,1652.50,1658.00,1649.50,day,1,1648.75,1631.50,1644.50,1648.00,1641.50,in_value
2013-05-16,0.50,added,,1.00,0.67,False,0.78,530,2013-05-15,2,1659.75,1644.25,1654.50,1658.00,1650.50,day,1,1659.75,1644.25,1652.50,1658.00,1649.50,in_value
2013-05-17,0.50,added,,0.64,0.56,False,0.46,530,2013-05-15,3,1665.75,1644.25,1656.00,1658.50,1651.00,composite,2,1659.75,1644.25,1654.50,1658.00,1650.50,in_value
2013-05-20,0.50,start,migration,0.00,,,,531,2013-05-20,1,1670.75,1661.00,1665.50,1667.00,1662.50,composite,3,1665.75,1644.25,1656.00,1658.50,1651.00,above_value
2013-05-21,0.50,start,migration,0.31,,,,532,2013-05-21,1,1673.25,1660.00,1669.00,1671.50,1665.00,day,1,1670.75,1661.00,1665.50,1667.00,1662.50,in_value
2013-05-22,0.50,start,migration,0.29,,,,533,2013-05-22,1,1685.75,1646.50,1676.50,1686.00,1663.50,day,1,1673.25,1660.00,1669.00,1671.50,1665.00,in_value
2013-05-23,0.50,start,migration,0.00,,,,534,2013-05-23,1,1654.00,1634.25,1647.50,1653.00,1642.50,day,1,1685.75,1646.50,1676.50,1686.00,1663.50,below_range
2013-05-24,0.50,skipped_shape,,0.59,0.65,False,0.29,534,2013-05-23,1,1654.00,1634.25,1647.50,1653.00,1642.50,day,1,1654.00,1634.25,1647.50,1653.00,1642.50,below_value
2013-05-28,0.50,start,migration,0.00,,,,535,2013-05-28,1,1672.75,1652.75,1664.00,1670.50,1657.00,older_day,1,1654.00,1634.25,1647.50,1653.00,1642.50,above_range
2013-05-29,0.50,start,migration,0.00,,,,536,2013-05-29,1,1652.75,1638.00,1645.50,1651.00,1642.50,day,1,1672.75,1652.75,1664.00,1670.50,1657.00,below_range
2013-05-30,0.50,start,migration,0.00,,,,537,2013-05-30,1,1660.75,1646.75,1657.00,1659.50,1654.00,day,1,1652.75,1638.00,1645.50,1651.00,1642.50,in_value
2013-05-31,0.50,start,migration,0.16,,,,538,2013-05-31,1,1658.00,1628.25,1650.50,1656.00,1643.50,day,1,1660.75,1646.75,1657.00,1659.50,1654.00,below_value
2013-06-03,0.50,start,migration,0.00,,,,539,2013-06-03,1,1639.00,1620.75,1628.00,1633.50,1624.00,day,1,1658.00,1628.25,1650.50,1656.00,1643.50,below_value
2013-06-04,0.50,start,migration,0.29,,,,540,2013-06-04,1,1645.75,1621.50,1640.00,1644.50,1629.00,day,1,1639.00,1620.75,1628.00,1633.50,1624.00,above_value
2013-06-05,0.50,start,migration,0.00,,,,541,2013-06-05,1,1628.75,1605.50,1612.50,1618.00,1606.50,day,1,1645.75,1621.50,1640.00,1644.50,1629.00,below_value
2013-06-06,0.50,added,,0.67,0.48,False,0.60,541,2013-06-05,2,1628.75,1596.50,1612.00,1616.50,1605.00,day,1,1628.75,1605.50,1612.50,1618.00,1606.50,below_value
2013-06-07,0.50,start,migration,0.00,,,,542,2013-06-07,1,1644.00,1625.75,1638.00,1640.50,1633.00,composite,2,1628.75,1596.50,1612.00,1616.50,1605.00,above_range
2013-06-10,0.50,start,migration,0.00,,,,543,2013-06-10,1,1648.50,1638.25,1642.50,1646.00,1640.50,day,1,1644.00,1625.75,1638.00,1640.50,1633.00,above_range
2013-06-11,0.50,start,migration,0.00,,,,544,2013-06-11,1,1639.75,1621.50,1631.00,1634.50,1625.00,day,1,1648.50,1638.25,1642.50,1646.00,1640.50,below_range
2013-06-12,0.50,start,migration,0.07,,,,545,2013-06-12,1,1638.25,1610.00,1619.50,1626.00,1611.50,day,1,1639.75,1621.50,1631.00,1634.50,1625.00,above_value
2013-06-13,0.50,skipped_daytype,,0.83,,,,545,2013-06-12,1,1638.25,1610.00,1619.50,1626.00,1611.50,day,1,1638.25,1610.00,1619.50,1626.00,1611.50,below_value
2013-06-14,0.50,start,migration,0.18,,,,546,2013-06-14,1,1640.75,1623.25,1628.50,1633.00,1624.50,older_day,1,1638.25,1610.00,1619.50,1626.00,1611.50,above_value
2013-06-17,0.75,start,roll,,,,,547,2013-06-17,1,1641.00,1623.75,1637.25,1639.50,1631.25,none,0,,,,,,
2013-06-18,0.75,start,migration,0.00,,,,548,2013-06-18,1,1648.75,1633.50,1643.25,1648.50,1641.75,day,1,1641.00,1623.75,1637.25,1639.50,1631.25,in_value
2013-06-19,0.75,start,migration,0.42,,,,549,2013-06-19,1,1647.50,1622.00,1642.50,1647.75,1633.50,day,1,1648.75,1633.50,1643.25,1648.50,1641.75,in_value
2013-06-20,0.75,start,migration,0.00,,,,550,2013-06-20,1,1609.00,1577.00,1596.75,1609.50,1592.25,day,1,1647.50,1622.00,1642.50,1647.75,1633.50,below_range
2013-06-21,0.75,start,migration,0.00,,,,551,2013-06-21,1,1593.75,1570.50,1584.00,1590.75,1578.00,day,1,1609.00,1577.00,1596.75,1609.50,1592.25,in_value
2013-06-24,0.75,start,migration,0.00,,,,552,2013-06-24,1,1580.25,1553.25,1559.25,1570.50,1554.75,day,1,1593.75,1570.50,1584.00,1590.75,1578.00,below_range
2013-06-25,0.75,start,migration,0.00,,,,553,2013-06-25,1,1587.75,1570.00,1580.25,1582.50,1575.75,day,1,1580.25,1553.25,1559.25,1570.50,1554.75,above_range
2013-06-26,0.75,start,migration,0.00,,,,554,2013-06-26,1,1601.25,1588.50,1596.75,1599.00,1590.75,day,1,1587.75,1570.00,1580.25,1582.50,1575.75,above_range
2013-06-27,0.75,start,migration,0.00,,,,555,2013-06-27,1,1614.25,1605.25,1608.75,1612.50,1607.25,day,1,1601.25,1588.50,1596.75,1599.00,1590.75,above_range
2013-06-28,0.75,start,migration,0.27,,,,556,2013-06-28,1,1609.75,1594.25,1605.75,1609.50,1601.25,day,1,1614.25,1605.25,1608.75,1612.50,1607.25,below_range
2013-07-01,0.75,start,migration,0.00,,,,557,2013-07-01,1,1620.50,1606.00,1617.00,1619.25,1611.00,day,1,1609.75,1594.25,1605.75,1609.50,1601.25,in_value
2013-07-02,0.75,added,,0.65,0.73,False,1.00,557,2013-07-01,2,1620.50,1600.25,1614.75,1620.00,1610.25,day,1,1620.50,1606.00,1617.00,1619.25,1611.00,below_value
2013-07-03,0.75,start,migration,0.00,,,,558,2013-07-03,1,1613.00,1597.25,1604.25,1609.50,1598.25,composite,2,1620.50,1600.25,1614.75,1620.00,1610.25,below_range
2013-07-05,0.75,start,migration,0.00,,,,559,2013-07-05,1,1626.25,1608.25,1618.50,1623.75,1614.00,day,1,1613.00,1597.25,1604.25,1609.50,1598.25,above_range
2013-07-08,0.75,start,migration,0.00,,,,560,2013-07-08,1,1639.50,1631.25,1634.25,1636.50,1631.25,day,1,1626.25,1608.25,1618.50,1623.75,1614.00,above_range
2013-07-09,0.75,start,migration,0.00,,,,561,2013-07-09,1,1649.00,1638.25,1646.25,1648.50,1643.25,day,1,1639.50,1631.25,1634.25,1636.50,1631.25,above_range
2013-07-10,0.75,added,,1.00,0.45,False,0.60,561,2013-07-09,2,1653.00,1638.25,1644.75,1648.50,1643.25,day,1,1649.00,1638.25,1646.25,1648.50,1643.25,in_value
2013-07-11,0.75,start,migration,0.00,,,,562,2013-07-11,1,1671.75,1660.75,1664.25,1669.50,1662.75,composite,2,1653.00,1638.25,1644.75,1648.50,1643.25,above_range
2013-07-12,0.75,start,migration,0.40,,,,563,2013-07-12,1,1674.25,1667.00,1669.50,1671.75,1668.00,day,1,1671.75,1660.75,1664.25,1669.50,1662.75,above_value
2013-07-15,0.75,start,migration,0.00,,,,564,2013-07-15,1,1679.50,1672.25,1677.00,1679.25,1675.50,day,1,1674.25,1667.00,1669.50,1671.75,1668.00,above_range
2013-07-16,0.75,start,migration,0.00,,,,565,2013-07-16,1,1679.50,1666.50,1669.50,1673.25,1666.50,day,1,1679.50,1672.25,1677.00,1679.25,1675.50,in_value
2013-07-17,0.75,start,migration,0.00,,,,566,2013-07-17,1,1680.50,1672.75,1676.25,1678.50,1674.75,day,1,1679.50,1666.50,1669.50,1673.25,1666.50,above_value
2013-07-18,0.75,start,migration,0.00,,,,567,2013-07-18,1,1688.50,1677.50,1684.50,1688.25,1683.00,day,1,1680.50,1672.75,1676.25,1678.50,1674.75,above_value
2013-07-19,0.75,added,,0.57,0.59,False,0.60,567,2013-07-18,2,1688.50,1677.50,1683.75,1687.50,1682.25,day,1,1688.50,1677.50,1684.50,1688.25,1683.00,below_value
2013-07-22,0.75,start,migration,0.00,,,,568,2013-07-22,1,1693.00,1685.50,1689.75,1692.00,1688.25,composite,2,1688.50,1677.50,1683.75,1687.50,1682.25,above_range
2013-07-23,0.75,added,,0.80,0.46,False,1.00,568,2013-07-22,2,1694.00,1685.50,1689.00,1691.25,1687.50,day,1,1693.00,1685.50,1689.75,1692.00,1688.25,above_range
2013-07-24,0.75,start,migration,0.00,,,,569,2013-07-24,1,1694.50,1677.25,1680.75,1686.00,1677.75,composite,2,1694.00,1685.50,1689.00,1691.25,1687.50,above_value
2013-07-25,0.75,added,,1.00,0.32,False,0.71,569,2013-07-24,2,1694.50,1674.75,1680.75,1686.00,1677.75,day,1,1694.50,1677.25,1680.75,1686.00,1677.75,in_value
2013-07-26,0.75,added,,0.82,0.44,False,0.71,569,2013-07-24,3,1694.50,1670.50,1680.75,1686.00,1677.75,composite,2,1694.50,1674.75,1680.75,1686.00,1677.75,in_value
2013-07-29,0.50,added,,1.00,0.42,False,0.78,569,2013-07-24,4,1694.50,1670.50,1680.50,1685.00,1677.50,composite,3,1694.50,1670.50,1680.75,1686.00,1677.75,in_value
2013-07-30,0.50,added,,0.77,0.42,False,0.64,569,2013-07-24,5,1694.50,1670.50,1680.50,1686.00,1677.50,composite,4,1694.50,1670.50,1680.50,1685.00,1677.50,above_value
2013-07-31,0.50,start,migration,0.23,,,,570,2013-07-31,1,1694.00,1680.25,1687.50,1691.00,1684.50,composite,5,1694.50,1670.50,1680.50,1686.00,1677.50,in_value
2013-08-01,0.50,start,migration,0.00,,,,571,2013-08-01,1,1703.75,1694.25,1698.50,1701.00,1696.50,day,1,1694.00,1680.25,1687.50,1691.00,1684.50,above_range
2013-08-02,0.50,added,,0.56,0.59,False,0.43,571,2013-08-01,2,1705.00,1694.25,1700.50,1702.00,1697.50,day,1,1703.75,1694.25,1698.50,1701.00,1696.50,in_value
2013-08-05,0.50,start,migration,0.29,,,,572,2013-08-05,1,1705.00,1698.75,1702.00,1704.50,1701.00,composite,2,1705.00,1694.25,1700.50,1702.00,1697.50,in_value
2013-08-06,0.50,start,migration,0.00,,,,573,2013-08-06,1,1700.50,1688.75,1693.00,1695.50,1691.00,day,1,1705.00,1698.75,1702.00,1704.50,1701.00,below_value
2013-08-07,0.50,start,migration,0.00,,,,574,2013-08-07,1,1689.50,1680.50,1686.50,1689.00,1683.50,day,1,1700.50,1688.75,1693.00,1695.50,1691.00,below_range
2013-08-08,0.50,start,migration,0.00,,,,575,2013-08-08,1,1697.00,1684.50,1694.00,1697.50,1690.00,day,1,1689.50,1680.50,1686.50,1689.00,1683.50,above_range
2013-08-09,0.50,start,migration,0.39,,,,576,2013-08-09,1,1696.25,1682.50,1689.00,1692.50,1686.00,day,1,1697.00,1684.50,1694.00,1697.50,1690.00,in_value
2013-08-12,0.50,start,migration,0.29,,,,577,2013-08-12,1,1688.25,1678.75,1685.50,1687.00,1683.50,day,1,1696.25,1682.50,1689.00,1692.50,1686.00,below_range
2013-08-13,0.50,start,migration,0.26,,,,578,2013-08-13,1,1694.50,1679.25,1691.50,1694.00,1684.50,day,1,1688.25,1678.75,1685.50,1687.00,1683.50,above_range
2013-08-14,0.50,added,,0.67,0.39,False,0.64,578,2013-08-13,2,1694.50,1679.25,1685.00,1690.50,1682.00,day,1,1694.50,1679.25,1691.50,1694.00,1684.50,in_value
2013-08-15,0.50,start,migration,0.00,,,,579,2013-08-15,1,1669.25,1655.75,1661.50,1663.00,1657.50,composite,2,1694.50,1679.25,1685.00,1690.50,1682.00,below_range
2013-08-16,0.50,start,migration,0.33,,,,580,2013-08-16,1,1661.50,1649.50,1656.50,1660.00,1652.50,day,1,1669.25,1655.75,1661.50,1663.00,1657.50,below_value
2013-08-19,0.50,start,migration,0.40,,,,581,2013-08-19,1,1657.00,1642.25,1652.00,1655.50,1648.00,day,1,1661.50,1649.50,1656.50,1660.00,1652.50,below_value
2013-08-20,0.50,skipped_shape,,0.82,0.76,False,0.46,581,2013-08-19,1,1657.00,1642.25,1652.00,1655.50,1648.00,day,1,1657.00,1642.25,1652.00,1655.50,1648.00,below_value
2013-08-21,0.50,start,migration,0.20,,,,582,2013-08-21,1,1654.75,1636.25,1645.00,1649.50,1642.00,older_day,1,1657.00,1642.25,1652.00,1655.50,1648.00,below_value
2013-08-22,0.50,start,migration,0.18,,,,583,2013-08-22,1,1657.75,1643.25,1651.50,1654.00,1648.50,day,1,1654.75,1636.25,1645.00,1649.50,1642.00,in_value
2013-08-23,0.50,start,migration,0.00,,,,584,2013-08-23,1,1662.75,1652.25,1657.50,1660.00,1655.50,day,1,1657.75,1643.25,1651.50,1654.00,1648.50,above_range
2013-08-26,0.50,start,migration,0.00,,,,585,2013-08-26,1,1667.50,1653.50,1663.50,1667.00,1660.50,day,1,1662.75,1652.25,1657.50,1660.00,1655.50,above_value
2013-08-27,0.50,start,migration,0.00,,,,586,2013-08-27,1,1644.25,1626.25,1637.50,1642.00,1631.50,day,1,1667.50,1653.50,1663.50,1667.00,1660.50,below_range
2013-08-28,0.50,added,,1.00,0.66,False,0.33,586,2013-08-27,2,1644.25,1624.75,1637.50,1640.00,1630.50,day,1,1644.25,1626.25,1637.50,1642.00,1631.50,below_value
2013-08-29,0.50,start,migration,0.47,,,,587,2013-08-29,1,1644.75,1628.25,1637.50,1644.00,1636.50,composite,2,1644.25,1624.75,1637.50,1640.00,1630.50,below_value
2013-08-30,0.50,start,migration,0.00,,,,588,2013-08-30,1,1639.50,1625.50,1631.50,1634.00,1628.50,day,1,1644.75,1628.25,1637.50,1644.00,1636.50,in_value
2013-09-03,0.50,start,migration,0.32,,,,589,2013-09-03,1,1650.00,1630.75,1635.00,1640.50,1631.00,day,1,1639.50,1625.50,1631.50,1634.00,1628.50,above_range
2013-09-04,0.50,start,migration,0.00,,,,590,2013-09-04,1,1654.75,1635.25,1652.00,1654.50,1647.00,day,1,1650.00,1630.75,1635.00,1640.50,1631.00,in_value
2013-09-05,0.50,start,migration,0.43,,,,591,2013-09-05,1,1658.25,1651.25,1655.00,1656.50,1653.00,day,1,1654.75,1635.25,1652.00,1654.50,1647.00,in_value
2013-09-06,0.50,start,migration,0.28,,,,592,2013-09-06,1,1664.00,1638.75,1658.50,1664.00,1651.50,day,1,1658.25,1651.25,1655.00,1656.50,1653.00,above_range
2013-09-09,0.50,start,migration,0.47,,,,593,2013-09-09,1,1671.75,1658.25,1663.00,1668.50,1660.00,day,1,1664.00,1638.75,1658.50,1664.00,1651.50,in_value
2013-09-10,0.50,start,migration,0.00,,,,594,2013-09-10,1,1683.25,1676.75,1680.50,1683.00,1678.50,day,1,1671.75,1658.25,1663.00,1668.50,1660.00,above_range
2013-09-11,0.50,start,migration,0.23,,,,595,2013-09-11,1,1688.50,1677.75,1685.50,1688.00,1681.50,day,1,1683.25,1676.75,1680.50,1683.00,1678.50,in_value
2013-09-12,0.50,added,,1.00,0.64,False,0.71,595,2013-09-11,2,1690.00,1677.75,1685.50,1688.00,1682.50,day,1,1688.50,1677.75,1685.50,1688.00,1681.50,in_value
2013-09-13,0.50,added,,1.00,0.64,False,1.00,595,2013-09-11,3,1690.00,1677.75,1685.50,1688.00,1683.50,composite,2,1690.00,1677.75,1685.50,1688.00,1682.50,in_value
2013-09-16,0.50,start,roll,,,,,596,2013-09-16,1,1700.50,1688.00,1695.00,1697.50,1691.00,none,0,,,,,,
2013-09-17,0.50,added,,0.60,0.64,False,0.71,596,2013-09-16,2,1700.50,1688.00,1696.00,1698.50,1693.00,day,1,1700.50,1688.00,1695.00,1697.50,1691.00,in_value
2013-09-18,0.50,start,migration,0.22,,,,597,2013-09-18,1,1723.25,1693.25,1695.50,1716.00,1693.50,composite,2,1700.50,1688.00,1696.00,1698.50,1693.00,in_value
2013-09-19,0.50,start,migration,0.36,,,,598,2013-09-19,1,1723.75,1713.25,1718.00,1719.50,1714.00,day,1,1723.25,1693.25,1695.50,1716.00,1693.50,above_value
2013-09-20,0.50,start,migration,0.00,,,,599,2013-09-20,1,1719.25,1701.25,1707.00,1712.50,1702.00,day,1,1723.75,1713.25,1718.00,1719.50,1714.00,in_value
2013-09-23,0.50,start,migration,0.00,,,,600,2013-09-23,1,1702.25,1689.50,1695.00,1697.50,1693.00,day,1,1719.25,1701.25,1707.00,1712.50,1702.00,below_range
2013-09-24,0.50,skipped_shape,,0.60,0.62,False,0.27,600,2013-09-23,1,1702.25,1689.50,1695.00,1697.50,1693.00,day,1,1702.25,1689.50,1695.00,1697.50,1693.00,in_value
2013-09-25,0.50,start,migration,0.00,,,,601,2013-09-25,1,1695.00,1684.50,1689.50,1692.00,1686.50,older_day,1,1702.25,1689.50,1695.00,1697.50,1693.00,below_value
2013-09-26,0.50,added,,0.82,0.32,False,0.71,601,2013-09-25,2,1697.50,1684.50,1688.50,1692.00,1686.50,day,1,1695.00,1684.50,1689.50,1692.00,1686.50,in_value
2013-09-27,0.50,start,migration,0.00,,,,602,2013-09-27,1,1686.75,1680.00,1684.00,1686.50,1682.00,composite,2,1697.50,1684.50,1688.50,1692.00,1686.50,below_range
2013-09-30,0.50,start,migration,0.00,,,,603,2013-09-30,1,1681.00,1666.75,1676.50,1679.00,1673.50,day,1,1686.75,1680.00,1684.00,1686.50,1682.00,below_range
2013-10-01,0.50,start,migration,0.00,,,,604,2013-10-01,1,1690.50,1675.25,1687.00,1689.50,1683.00,day,1,1681.00,1666.75,1676.50,1679.00,1673.50,in_value
2013-10-02,0.50,start,migration,0.47,,,,605,2013-10-02,1,1687.50,1673.25,1683.50,1687.00,1678.50,day,1,1690.50,1675.25,1687.00,1689.50,1683.00,below_value
2013-10-03,0.50,start,migration,0.00,,,,606,2013-10-03,1,1684.75,1663.25,1673.50,1678.00,1668.50,day,1,1687.50,1673.25,1683.50,1687.00,1678.50,in_value
2013-10-04,0.50,start,migration,0.12,,,,607,2013-10-04,1,1686.00,1670.25,1683.00,1685.50,1677.00,day,1,1684.75,1663.25,1673.50,1678.00,1668.50,in_value
2013-10-07,0.50,start,migration,0.36,,,,608,2013-10-07,1,1679.50,1667.25,1675.50,1679.00,1673.50,day,1,1686.00,1670.25,1683.00,1685.50,1677.00,below_range
2013-10-08,0.50,start,migration,0.00,,,,609,2013-10-08,1,1671.25,1648.25,1655.50,1662.00,1650.50,day,1,1679.50,1667.25,1675.50,1679.00,1673.50,below_value
2013-10-09,0.50,start,migration,0.41,,,,610,2013-10-09,1,1656.75,1640.00,1647.50,1654.00,1645.50,day,1,1671.25,1648.25,1655.50,1662.00,1650.50,in_value
2013-10-10,0.50,start,migration,0.00,,,,611,2013-10-10,1,1687.75,1667.25,1678.50,1681.00,1671.50,day,1,1656.75,1640.00,1647.50,1654.00,1645.50,above_range
2013-10-11,0.50,start,migration,0.00,,,,612,2013-10-11,1,1698.25,1682.50,1695.50,1698.00,1688.50,day,1,1687.75,1667.25,1678.50,1681.00,1671.50,above_value
2013-10-14,0.50,start,migration,0.45,,,,613,2013-10-14,1,1706.00,1685.50,1700.50,1706.00,1691.50,day,1,1698.25,1682.50,1695.50,1698.00,1688.50,below_value
2013-10-15,0.50,added,,1.00,0.71,False,0.69,613,2013-10-14,2,1706.50,1685.50,1700.50,1705.00,1694.50,day,1,1706.00,1685.50,1700.50,1706.00,1691.50,in_value
2013-10-16,0.50,start,migration,0.00,,,,614,2013-10-16,1,1717.00,1701.25,1712.50,1716.00,1710.50,composite,2,1706.50,1685.50,1700.50,1705.00,1694.50,in_value
2013-10-17,0.50,start,migration,0.00,,,,615,2013-10-17,1,1728.50,1708.50,1722.00,1728.50,1717.00,day,1,1717.00,1701.25,1712.50,1716.00,1710.50,below_value
2013-10-18,0.50,start,migration,0.00,,,,616,2013-10-18,1,1740.25,1730.25,1735.00,1738.50,1732.00,day,1,1728.50,1708.50,1722.00,1728.50,1717.00,above_range
2013-10-21,0.50,added,,0.57,0.64,False,0.56,616,2013-10-18,2,1742.50,1730.25,1738.00,1740.50,1734.00,day,1,1740.25,1730.25,1735.00,1738.50,1732.00,above_value
2013-10-22,0.50,start,migration,0.00,,,,617,2013-10-22,1,1754.50,1741.75,1747.50,1752.00,1744.50,composite,2,1742.50,1730.25,1738.00,1740.50,1734.00,above_range
2013-10-23,0.50,start,migration,0.00,,,,618,2013-10-23,1,1744.00,1734.50,1739.50,1742.00,1737.50,day,1,1754.50,1741.75,1747.50,1752.00,1744.50,below_value
2013-10-24,0.50,start,migration,0.00,,,,619,2013-10-24,1,1749.00,1740.00,1745.00,1747.50,1743.00,day,1,1744.00,1734.50,1739.50,1742.00,1737.50,above_range
2013-10-25,0.50,start,migration,0.00,,,,620,2013-10-25,1,1754.75,1746.75,1750.50,1752.00,1748.50,day,1,1749.00,1740.00,1745.00,1747.50,1743.00,above_range
2013-10-28,0.75,start,migration,0.00,,,,621,2013-10-28,1,1760.00,1752.00,1757.25,1759.50,1754.25,day,1,1754.75,1746.75,1750.50,1752.00,1748.50,above_value
2013-10-29,0.75,start,migration,0.00,,,,622,2013-10-29,1,1767.75,1759.00,1763.25,1765.50,1760.25,day,1,1760.00,1752.00,1757.25,1759.50,1754.25,above_range
2013-10-30,0.75,start,migration,0.47,,,,623,2013-10-30,1,1770.50,1751.75,1762.50,1769.25,1758.00,day,1,1767.75,1759.00,1763.25,1765.50,1760.25,above_range
2013-10-31,0.75,start,migration,0.36,,,,624,2013-10-31,1,1764.00,1750.25,1758.75,1761.00,1752.75,day,1,1770.50,1751.75,1762.50,1769.25,1758.00,below_value
2013-11-01,0.75,start,migration,0.46,,,,625,2013-11-01,1,1761.25,1747.00,1754.25,1756.50,1748.25,day,1,1764.00,1750.25,1758.75,1761.00,1752.75,in_value
2013-11-04,0.75,start,migration,0.00,,,,626,2013-11-04,1,1763.75,1756.00,1759.50,1761.75,1758.00,day,1,1761.25,1747.00,1754.25,1756.50,1748.25,above_range
2013-11-05,0.75,added,,0.71,0.69,False,0.60,626,2013-11-04,2,1763.75,1750.50,1759.50,1761.75,1756.50,day,1,1763.75,1756.00,1759.50,1761.75,1758.00,below_value
2013-11-06,0.75,start,migration,0.00,,,,627,2013-11-06,1,1770.00,1760.00,1764.75,1767.00,1763.25,composite,2,1763.75,1750.50,1759.50,1761.75,1756.50,above_range
2013-11-07,0.75,start,migration,0.00,,,,628,2013-11-07,1,1771.50,1742.25,1758.00,1761.75,1747.50,day,1,1770.00,1760.00,1764.75,1767.00,1763.25,above_value
2013-11-08,0.75,added,,0.80,0.61,False,0.33,628,2013-11-07,2,1771.50,1742.25,1760.25,1764.00,1749.75,day,1,1771.50,1742.25,1758.00,1761.75,1747.50,below_value
2013-11-11,0.50,start,migration,0.00,,,,629,2013-11-11,1,1770.25,1764.00,1767.50,1769.00,1766.50,composite,2,1771.50,1742.25,1760.25,1764.00,1749.75,above_value
2013-11-12,0.50,start,migration,0.00,,,,630,2013-11-12,1,1768.50,1758.50,1763.50,1766.00,1760.50,day,1,1770.25,1764.00,1767.50,1769.00,1766.50,below_value
2013-11-13,0.50,start,migration,0.28,,,,631,2013-11-13,1,1779.00,1755.50,1771.00,1776.50,1762.00,day,1,1768.50,1758.50,1763.50,1766.00,1760.50,below_range
2013-11-14,0.50,start,migration,0.00,,,,632,2013-11-14,1,1789.00,1777.25,1785.50,1789.00,1782.50,day,1,1779.00,1755.50,1771.00,1776.50,1762.00,above_range
2013-11-15,0.50,start,migration,0.14,,,,633,2013-11-15,1,1795.50,1788.00,1790.50,1792.00,1788.50,day,1,1789.00,1777.25,1785.50,1789.00,1782.50,above_range
2013-11-18,0.50,start,migration,0.00,,,,634,2013-11-18,1,1799.75,1784.75,1797.00,1798.50,1793.00,day,1,1795.50,1788.00,1790.50,1792.00,1788.50,above_range
2013-11-19,0.50,start,migration,0.00,,,,635,2013-11-19,1,1793.75,1782.00,1788.00,1790.50,1784.00,day,1,1799.75,1784.75,1797.00,1798.50,1793.00,below_value
2013-11-20,0.50,added,,0.62,0.71,False,0.78,635,2013-11-19,2,1794.25,1774.50,1788.50,1792.00,1784.50,day,1,1793.75,1782.00,1788.00,1790.50,1784.00,in_value
2013-11-21,0.50,added,,0.61,0.69,False,0.78,635,2013-11-19,3,1795.50,1774.50,1789.00,1792.50,1785.00,composite,2,1794.25,1774.50,1788.50,1792.00,1784.50,in_value
2013-11-22,0.50,start,migration,0.00,,,,636,2013-11-22,1,1803.25,1792.50,1799.50,1803.00,1796.50,composite,3,1795.50,1774.50,1789.00,1792.50,1785.00,above_value
2013-11-25,0.50,start,migration,0.29,,,,637,2013-11-25,1,1806.75,1798.50,1804.00,1805.50,1802.00,day,1,1803.25,1792.50,1799.50,1803.00,1796.50,above_range
2013-11-26,0.50,added,,0.78,0.58,False,1.00,637,2013-11-25,2,1807.00,1798.50,1803.50,1806.00,1801.50,day,1,1806.75,1798.50,1804.00,1805.50,1802.00,in_value
2013-11-27,0.50,added,,0.57,0.60,False,1.00,637,2013-11-25,3,1807.50,1798.50,1804.00,1806.50,1802.00,composite,2,1807.00,1798.50,1803.50,1806.00,1801.50,in_value
2013-11-29,0.50,start,migration,0.00,,,,638,2013-11-29,1,1812.50,1802.75,1810.00,1812.50,1807.00,composite,3,1807.50,1798.50,1804.00,1806.50,1802.00,above_range
2013-12-02,0.50,start,migration,0.15,,,,639,2013-12-02,1,1809.00,1797.00,1804.50,1808.00,1801.50,day,1,1812.50,1802.75,1810.00,1812.50,1807.00,below_value
2013-12-03,0.50,start,migration,0.00,,,,640,2013-12-03,1,1798.50,1786.25,1792.00,1794.50,1788.00,day,1,1809.00,1797.00,1804.50,1808.00,1801.50,below_range
2013-12-04,0.50,added,,0.52,0.52,False,0.33,640,2013-12-03,2,1799.50,1777.75,1789.00,1796.50,1787.00,day,1,1798.50,1786.25,1792.00,1794.50,1788.00,below_range
2013-12-05,0.50,start,migration,0.33,,,,641,2013-12-05,1,1792.00,1782.00,1787.00,1788.50,1784.00,composite,2,1799.50,1777.75,1789.00,1796.50,1787.00,in_value
2013-12-06,0.50,start,migration,0.00,,,,642,2013-12-06,1,1806.00,1796.25,1801.00,1805.50,1800.00,day,1,1792.00,1782.00,1787.00,1788.50,1784.00,above_range
2013-12-09,0.50,start,migration,0.00,,,,643,2013-12-09,1,1811.50,1806.25,1808.50,1811.00,1807.50,day,1,1806.00,1796.25,1801.00,1805.50,1800.00,above_range
2013-12-10,0.50,start,migration,0.00,,,,644,2013-12-10,1,1808.25,1801.00,1803.50,1806.00,1802.50,day,1,1811.50,1806.25,1808.50,1811.00,1807.50,below_range
2013-12-11,0.50,start,migration,0.00,,,,645,2013-12-11,1,1803.00,1779.25,1791.00,1795.50,1785.00,day,1,1808.25,1801.00,1803.50,1806.00,1802.50,in_value
2013-12-12,0.50,start,migration,0.00,,,,646,2013-12-12,1,1783.25,1771.75,1777.50,1782.00,1775.50,day,1,1803.00,1779.25,1791.00,1795.50,1785.00,below_value
2013-12-13,0.50,added,,0.67,0.48,False,0.71,646,2013-12-12,2,1783.25,1771.75,1777.00,1779.50,1774.00,day,1,1783.25,1771.75,1777.50,1782.00,1775.50,in_value
2013-12-16,0.50,start,roll,,,,,647,2013-12-16,1,1786.25,1777.00,1781.50,1784.00,1779.50,none,0,,,,,,
2013-12-17,0.50,start,migration,0.00,,,,648,2013-12-17,1,1782.25,1770.25,1775.50,1779.00,1772.50,day,1,1786.25,1777.00,1781.50,1784.00,1779.50,in_value
2013-12-18,0.50,start,migration,0.24,,,,649,2013-12-18,1,1805.75,1760.75,1775.50,1788.00,1761.50,day,1,1782.25,1770.25,1775.50,1779.00,1772.50,in_value
2013-12-19,0.50,start,migration,0.00,,,,650,2013-12-19,1,1805.00,1795.00,1801.50,1804.00,1799.50,day,1,1805.75,1760.75,1775.50,1788.00,1761.50,above_value
2013-12-20,0.50,start,migration,0.00,,,,651,2013-12-20,1,1817.75,1804.25,1816.00,1817.50,1811.00,day,1,1805.00,1795.00,1801.50,1804.00,1799.50,above_value
2013-12-23,0.50,start,migration,0.00,,,,652,2013-12-23,1,1824.50,1818.25,1822.00,1823.50,1820.00,day,1,1817.75,1804.25,1816.00,1817.50,1811.00,above_range
2013-12-24,0.50,start,migration,0.00,,,,653,2013-12-24,1,1829.50,1823.00,1827.00,1828.50,1825.00,day,1,1824.50,1818.25,1822.00,1823.50,1820.00,in_value
2013-12-26,0.50,start,migration,0.00,,,,654,2013-12-26,1,1837.75,1831.00,1833.50,1836.00,1831.50,day,1,1829.50,1823.00,1827.00,1828.50,1825.00,above_range
2013-12-27,0.50,start,migration,0.40,,,,655,2013-12-27,1,1840.00,1834.25,1836.00,1837.50,1835.00,day,1,1837.75,1831.00,1833.50,1836.00,1831.50,above_range
2013-12-30,0.50,added,,0.60,0.25,False,0.60,655,2013-12-27,2,1840.00,1833.50,1835.00,1837.50,1834.00,day,1,1840.00,1834.25,1836.00,1837.50,1835.00,in_value
2013-12-31,0.50,start,migration,0.00,,,,656,2013-12-31,1,1844.25,1836.75,1840.50,1843.00,1838.50,composite,2,1840.00,1833.50,1835.00,1837.50,1834.00,above_value
2014-01-02,0.50,start,migration,0.00,,,,657,2014-01-02,1,1838.00,1821.75,1826.00,1831.50,1824.00,day,1,1844.25,1836.75,1840.50,1843.00,1838.50,below_value
2014-01-03,0.50,skipped_daytype,,0.92,,,,657,2014-01-02,1,1838.00,1821.75,1826.00,1831.50,1824.00,day,1,1838.00,1821.75,1826.00,1831.50,1824.00,in_value
2014-01-06,0.50,start,migration,0.31,,,,658,2014-01-06,1,1832.50,1817.25,1823.50,1826.00,1819.50,older_day,1,1838.00,1821.75,1826.00,1831.50,1824.00,in_value
2014-01-07,0.50,start,migration,0.00,,,,659,2014-01-07,1,1834.75,1826.25,1832.00,1833.50,1830.00,day,1,1832.50,1817.25,1823.50,1826.00,1819.50,above_value
2014-01-08,0.50,added,,0.78,0.71,False,0.43,659,2014-01-07,2,1834.75,1825.50,1832.00,1833.50,1829.00,day,1,1834.75,1826.25,1832.00,1833.50,1830.00,in_value
2014-01-09,0.50,added,,0.61,0.57,False,0.33,659,2014-01-07,3,1838.00,1824.25,1832.00,1833.50,1828.00,composite,2,1834.75,1825.50,1832.00,1833.50,1829.00,above_range
2014-01-10,0.50,added,,1.00,0.55,False,0.33,659,2014-01-07,4,1838.75,1824.25,1832.00,1833.50,1828.00,composite,3,1838.00,1824.25,1832.00,1833.50,1828.00,above_value
2014-01-13,0.50,start,migration,0.32,,,,660,2014-01-13,1,1838.25,1809.50,1834.50,1838.50,1821.50,composite,4,1838.75,1824.25,1832.00,1833.50,1828.00,in_value
2014-01-14,0.50,added,,1.00,0.73,False,0.68,660,2014-01-13,2,1838.25,1809.50,1830.50,1837.00,1821.50,day,1,1838.25,1809.50,1834.50,1838.50,1821.50,below_value
2014-01-15,0.50,start,migration,0.00,,,,661,2014-01-15,1,1845.75,1836.50,1842.00,1844.50,1841.00,composite,2,1838.25,1809.50,1830.50,1837.00,1821.50,above_value
2014-01-16,0.50,start,migration,0.00,,,,662,2014-01-16,1,1841.00,1834.50,1838.50,1840.00,1836.50,day,1,1845.75,1836.50,1842.00,1844.50,1841.00,below_value
2014-01-17,0.50,added,,0.64,0.74,False,1.00,662,2014-01-16,2,1841.00,1829.25,1838.00,1840.50,1836.00,day,1,1841.00,1834.50,1838.50,1840.00,1836.50,in_value
2014-01-21,0.50,start,migration,0.29,,,,663,2014-01-21,1,1844.00,1826.25,1835.00,1838.50,1830.00,composite,2,1841.00,1829.25,1838.00,1840.50,1836.00,above_range
2014-01-22,0.50,start,migration,0.33,,,,664,2014-01-22,1,1841.75,1835.00,1839.00,1841.50,1837.00,day,1,1844.00,1826.25,1835.00,1838.50,1830.00,above_value
2014-01-23,0.50,start,migration,0.00,,,,665,2014-01-23,1,1830.00,1813.75,1818.50,1824.00,1817.50,day,1,1841.75,1835.00,1839.00,1841.50,1837.00,below_range
2014-01-24,0.50,start,migration,0.00,,,,666,2014-01-24,1,1812.25,1784.25,1799.00,1803.50,1789.00,day,1,1830.00,1813.75,1818.50,1824.00,1817.50,below_range
2014-01-27,0.50,start,migration,0.00,,,,667,2014-01-27,1,1791.00,1767.00,1778.00,1787.50,1775.00,day,1,1812.25,1784.25,1799.00,1803.50,1789.00,below_value
2014-01-28,0.50,added,,1.00,0.66,False,1.00,667,2014-01-27,2,1791.00,1767.00,1783.00,1788.50,1778.00,day,1,1791.00,1767.00,1778.00,1787.50,1775.00,in_value
2014-01-29,0.50,start,migration,0.21,,,,668,2014-01-29,1,1781.00,1764.00,1775.50,1780.00,1770.50,composite,2,1791.00,1767.00,1783.00,1788.50,1778.00,below_value
2014-01-30,0.50,start,migration,0.00,,,,669,2014-01-30,1,1793.75,1778.00,1789.50,1793.00,1784.50,day,1,1781.00,1764.00,1775.50,1780.00,1770.50,above_range
2014-01-31,0.50,start,migration,0.16,,,,670,2014-01-31,1,1788.25,1764.75,1780.00,1786.50,1774.00,day,1,1793.75,1778.00,1789.50,1793.00,1784.50,below_range
2014-02-03,0.50,start,migration,0.00,,,,671,2014-02-03,1,1779.00,1733.50,1739.00,1759.50,1735.00,day,1,1788.25,1764.75,1780.00,1786.50,1774.00,in_value
2014-02-04,0.50,skipped_shape,,1.00,0.35,False,0.30,671,2014-02-03,1,1779.00,1733.50,1739.00,1759.50,1735.00,day,1,1779.00,1733.50,1739.00,1759.50,1735.00,in_value
2014-02-05,0.50,skipped_shape,,1.00,0.35,False,0.18,671,2014-02-03,1,1779.00,1733.50,1739.00,1759.50,1735.00,older_day,1,1779.00,1733.50,1739.00,1759.50,1735.00,in_value
2014-02-06,0.50,start,migration,0.00,,,,672,2014-02-06,1,1769.75,1750.50,1764.00,1769.50,1762.00,older_day,1,1779.00,1733.50,1739.00,1759.50,1735.00,in_value
2014-02-07,0.50,start,migration,0.00,,,,673,2014-02-07,1,1793.75,1772.25,1782.00,1785.50,1773.00,day,1,1769.75,1750.50,1764.00,1769.50,1762.00,above_range
2014-02-10,0.50,start,migration,0.00,,,,674,2014-02-10,1,1795.50,1786.75,1792.00,1794.50,1790.00,day,1,1793.75,1772.25,1782.00,1785.50,1773.00,above_value
2014-02-11,0.50,start,migration,0.00,,,,675,2014-02-11,1,1819.50,1795.25,1813.50,1820.00,1803.50,day,1,1795.50,1786.75,1792.00,1794.50,1790.00,above_range
2014-02-12,0.50,added,,1.00,0.69,False,0.60,675,2014-02-11,2,1823.25,1795.25,1814.50,1822.00,1810.50,day,1,1819.50,1795.25,1813.50,1820.00,1803.50,in_value
2014-02-13,0.50,added,,0.70,0.61,False,0.87,675,2014-02-11,3,1827.00,1795.25,1814.50,1822.00,1808.50,composite,2,1823.25,1795.25,1814.50,1822.00,1810.50,below_value
2014-02-14,0.50,start,migration,0.00,,,,676,2014-02-14,1,1838.75,1821.50,1830.00,1837.50,1829.00,composite,3,1827.00,1795.25,1814.50,1822.00,1808.50,above_value
2014-02-18,0.75,skipped_shape,,0.60,0.83,False,0.71,676,2014-02-14,1,1838.75,1821.50,1830.00,1838.25,1828.50,day,1,1838.75,1821.50,1830.00,1837.50,1829.00,in_value
2014-02-19,0.75,skipped_shape,,0.77,0.45,False,0.27,676,2014-02-14,1,1838.75,1821.50,1830.00,1838.25,1828.50,older_day,1,1838.75,1821.50,1830.00,1838.25,1828.50,in_value
2014-02-20,0.75,skipped_shape,,0.92,0.83,True,0.27,676,2014-02-14,1,1838.75,1821.50,1830.00,1838.25,1828.50,older_day,1,1838.75,1821.50,1830.00,1838.25,1828.50,below_value
2014-02-21,0.75,start,migration,0.14,,,,677,2014-02-21,1,1844.00,1832.75,1839.00,1842.75,1837.50,older_day,1,1838.75,1821.50,1830.00,1838.25,1828.50,above_range
2014-02-24,0.75,start,migration,0.00,,,,678,2014-02-24,1,1856.75,1837.00,1849.50,1856.25,1846.50,day,1,1844.00,1832.75,1839.00,1842.75,1837.50,in_value
2014-02-25,0.75,start,migration,0.11,,,,679,2014-02-25,1,1851.00,1837.25,1845.00,1847.25,1840.50,day,1,1856.75,1837.00,1849.50,1856.25,1846.50,below_value
2014-02-26,0.75,added,,0.55,0.62,False,0.71,679,2014-02-25,2,1851.00,1837.25,1845.75,1849.50,1841.25,day,1,1851.00,1837.25,1845.00,1847.25,1840.50,in_value
2014-02-27,0.75,added,,0.73,0.54,False,0.71,679,2014-02-25,3,1853.50,1837.25,1845.75,1849.50,1841.25,composite,2,1851.00,1837.25,1845.75,1849.50,1841.25,below_value
2014-02-28,0.75,start,migration,0.00,,,,680,2014-02-28,1,1866.50,1845.25,1864.50,1866.75,1855.50,composite,3,1853.50,1837.25,1845.75,1849.50,1841.25,above_value
2014-03-03,0.75,start,migration,0.00,,,,681,2014-03-03,1,1849.50,1832.25,1839.75,1845.00,1838.25,day,1,1866.50,1845.25,1864.50,1866.75,1855.50,below_range
2014-03-04,0.75,start,migration,0.00,,,,682,2014-03-04,1,1874.75,1862.25,1869.00,1872.75,1867.50,day,1,1849.50,1832.25,1839.75,1845.00,1838.25,above_range
2014-03-05,0.75,added,,0.60,0.69,False,0.60,682,2014-03-04,2,1875.50,1862.25,1871.25,1873.50,1868.25,day,1,1874.75,1862.25,1869.00,1872.75,1867.50,in_value
2014-03-06,0.75,start,migration,0.00,,,,683,2014-03-06,1,1881.00,1873.75,1877.25,1881.00,1875.75,composite,2,1875.50,1862.25,1871.25,1873.50,1868.25,above_range
2014-03-07,0.75,start,migration,0.33,,,,684,2014-03-07,1,1884.75,1869.25,1875.75,1878.00,1871.25,day,1,1881.00,1873.75,1877.25,1881.00,1875.75,above_range
2014-03-10,0.75,added,,0.71,0.43,False,1.00,684,2014-03-07,2,1884.75,1865.75,1873.50,1877.25,1870.50,day,1,1884.75,1869.25,1875.75,1878.00,1871.25,in_value
2014-03-11,0.75,added,,0.60,0.48,False,0.71,684,2014-03-07,3,1884.75,1863.00,1873.50,1877.25,1869.00,composite,2,1884.75,1865.75,1873.50,1877.25,1870.50,above_value
2014-03-12,0.75,start,migration,0.00,,,,685,2014-03-12,1,1868.50,1853.75,1863.75,1867.50,1862.25,composite,3,1884.75,1863.00,1873.50,1877.25,1869.00,below_range
2014-03-13,0.75,start,migration,0.00,,,,686,2014-03-13,1,1875.00,1841.50,1848.00,1862.25,1842.00,day,1,1868.50,1853.75,1863.75,1867.50,1862.25,above_range
2014-03-14,0.75,skipped_shape,,1.00,0.19,False,0.78,686,2014-03-13,1,1875.00,1841.50,1848.00,1862.25,1842.00,day,1,1875.00,1841.50,1848.00,1862.25,1842.00,in_value
2014-03-17,0.50,start,roll,,,,,687,2014-03-17,1,1855.75,1842.75,1851.50,1854.00,1848.50,none,0,,,,,,
2014-03-18,0.50,start,migration,0.00,,,,688,2014-03-18,1,1867.00,1852.75,1864.50,1866.00,1860.50,day,1,1855.75,1842.75,1851.50,1854.00,1848.50,above_value
2014-03-19,0.50,start,migration,0.48,,,,689,2014-03-19,1,1867.25,1842.00,1864.50,1867.00,1855.50,day,1,1867.00,1852.75,1864.50,1866.00,1860.50,in_value
2014-03-20,0.50,skipped_shape,,1.00,0.89,False,0.26,689,2014-03-19,1,1867.25,1842.00,1864.50,1867.00,1855.50,day,1,1867.25,1842.00,1864.50,1867.00,1855.50,below_value
2014-03-21,0.50,start,migration,0.34,,,,690,2014-03-21,1,1876.75,1855.50,1872.00,1876.50,1862.00,older_day,1,1867.25,1842.00,1864.50,1867.00,1855.50,above_range
2014-03-24,0.50,start,migration,0.00,,,,691,2014-03-24,1,1866.00,1841.25,1847.00,1852.50,1843.00,day,1,1876.75,1855.50,1872.00,1876.50,1862.00,in_value
2014-03-25,0.50,start,migration,0.00,,,,692,2014-03-25,1,1864.50,1848.00,1858.50,1861.00,1852.50,day,1,1866.00,1841.25,1847.00,1852.50,1843.00,above_value
2014-03-26,0.50,added,,0.52,0.65,False,0.41,692,2014-03-25,2,1868.75,1844.25,1860.00,1863.50,1852.00,day,1,1864.50,1848.00,1858.50,1861.00,1852.50,above_range
2014-03-27,0.50,start,migration,0.00,,,,693,2014-03-27,1,1848.25,1834.00,1841.00,1844.50,1838.00,composite,2,1868.75,1844.25,1860.00,1863.50,1852.00,below_range
2014-03-28,0.50,start,migration,0.00,,,,694,2014-03-28,1,1859.50,1845.00,1854.50,1858.00,1848.50,day,1,1848.25,1834.00,1841.00,1844.50,1838.00,above_value
2014-03-31,0.50,start,migration,0.00,,,,695,2014-03-31,1,1868.00,1859.50,1864.50,1867.00,1862.50,day,1,1859.50,1845.00,1854.50,1858.00,1848.50,above_range
2014-04-01,0.50,start,migration,0.00,,,,696,2014-04-01,1,1878.50,1869.25,1872.00,1875.50,1871.00,day,1,1868.00,1859.50,1864.50,1867.00,1862.50,above_range
2014-04-02,0.50,start,migration,0.00,,,,697,2014-04-02,1,1886.25,1876.25,1881.00,1883.50,1879.00,day,1,1878.50,1869.25,1872.00,1875.50,1871.00,above_range
2014-04-03,0.50,added,,0.82,0.48,False,0.71,697,2014-04-02,2,1887.00,1875.50,1881.00,1883.50,1878.00,day,1,1886.25,1876.25,1881.00,1883.50,1879.00,above_range
2014-04-04,0.50,start,migration,0.10,,,,698,2014-04-04,1,1892.25,1855.75,1866.00,1880.50,1856.00,composite,2,1887.00,1875.50,1881.00,1883.50,1878.00,above_range
2014-04-07,0.50,start,migration,0.00,,,,699,2014-04-07,1,1857.50,1834.50,1842.50,1849.00,1836.50,day,1,1892.25,1855.75,1866.00,1880.50,1856.00,below_range
2014-04-08,0.50,added,,1.00,0.45,False,1.00,699,2014-04-07,2,1857.50,1830.75,1842.50,1848.00,1837.50,day,1,1857.50,1834.50,1842.50,1849.00,1836.50,in_value
2014-04-09,0.50,start,migration,0.18,,,,700,2014-04-09,1,1866.50,1845.25,1852.50,1859.00,1845.50,composite,2,1857.50,1830.75,1842.50,1848.00,1837.50,above_value
2014-04-10,0.50,start,migration,0.22,,,,701,2014-04-10,1,1866.50,1823.75,1841.00,1851.50,1824.00,day,1,1866.50,1845.25,1852.50,1859.00,1845.50,above_value
2014-04-11,0.50,start,migration,0.00,,,,702,2014-04-11,1,1828.50,1807.25,1819.00,1823.50,1813.00,day,1,1866.50,1823.75,1841.00,1851.50,1824.00,below_range
2014-04-14,0.50,added,,0.68,0.56,False,0.69,702,2014-04-11,2,1828.50,1807.25,1819.00,1825.50,1815.00,day,1,1828.50,1807.25,1819.00,1823.50,1813.00,above_value
2014-04-15,0.50,start,migration,0.31,,,,703,2014-04-15,1,1837.75,1809.25,1823.00,1837.50,1820.00,composite,2,1828.50,1807.25,1819.00,1825.50,1815.00,above_value
2014-04-16,0.50,start,migration,0.00,,,,704,2014-04-16,1,1856.00,1840.75,1848.00,1852.50,1845.00,day,1,1837.75,1809.25,1823.00,1837.50,1820.00,above_range
2014-04-17,0.50,start,migration,0.00,,,,705,2014-04-17,1,1863.75,1850.25,1856.50,1862.00,1853.50,day,1,1856.00,1840.75,1848.00,1852.50,1845.00,above_value
2014-04-21,0.75,start,migration,0.43,,,,706,2014-04-21,1,1865.50,1856.50,1862.25,1866.00,1860.75,day,1,1863.75,1850.25,1856.50,1862.00,1853.50,in_value
2014-04-22,0.75,start,migration,0.00,,,,707,2014-04-22,1,1878.75,1865.75,1876.50,1878.75,1872.00,day,1,1865.50,1856.50,1862.25,1866.00,1860.75,above_range
2014-04-23,0.75,start,migration,0.20,,,,708,2014-04-23,1,1873.75,1867.50,1870.50,1872.75,1869.00,day,1,1878.75,1865.75,1876.50,1878.75,1872.00,in_value
2014-04-24,0.75,start,migration,0.44,,,,709,2014-04-24,1,1878.50,1863.75,1871.25,1876.50,1869.75,day,1,1873.75,1867.50,1870.50,1872.75,1869.00,above_range
2014-04-25,0.75,start,migration,0.00,,,,710,2014-04-25,1,1868.00,1853.00,1858.50,1862.25,1855.50,day,1,1878.50,1863.75,1871.25,1876.50,1869.75,below_value
2014-04-28,0.75,start,migration,0.43,,,,711,2014-04-28,1,1871.75,1844.00,1856.25,1869.00,1853.25,day,1,1868.00,1853.00,1858.50,1862.25,1855.50,above_value
2014-04-29,0.75,start,migration,0.00,,,,712,2014-04-29,1,1875.25,1865.25,1872.00,1874.25,1869.00,day,1,1871.75,1844.00,1856.25,1869.00,1853.25,above_value
2014-04-30,0.75,start,migration,0.44,,,,713,2014-04-30,1,1879.50,1866.50,1874.25,1878.00,1871.25,day,1,1875.25,1865.25,1872.00,1874.25,1869.00,in_value
2014-05-01,0.75,added,,0.57,0.50,False,0.43,713,2014-04-30,2,1882.75,1866.50,1874.25,1879.50,1872.75,day,1,1879.50,1866.50,1874.25,1878.00,1871.25,in_value
2014-05-02,0.75,added,,0.89,0.46,False,0.43,713,2014-04-30,3,1885.75,1866.50,1875.00,1880.25,1873.50,composite,2,1882.75,1866.50,1874.25,1879.50,1872.75,in_value
2014-05-05,0.50,added,,0.77,0.58,False,0.56,713,2014-04-30,4,1885.75,1860.50,1875.00,1879.50,1873.00,composite,3,1885.75,1866.50,1875.00,1880.25,1873.50,below_range
2014-05-06,0.50,start,migration,0.26,,,,714,2014-05-06,1,1875.50,1861.75,1870.00,1875.50,1866.00,composite,4,1885.75,1860.50,1875.00,1879.50,1873.00,in_value
2014-05-07,0.50,added,,0.67,0.71,False,0.39,714,2014-05-06,2,1875.50,1854.50,1869.50,1872.00,1863.50,day,1,1875.50,1861.75,1870.00,1875.50,1866.00,in_value
2014-05-08,0.50,start,migration,0.00,,,,715,2014-05-08,1,1884.75,1865.00,1879.50,1884.00,1872.50,composite,2,1875.50,1854.50,1869.50,1872.00,1863.50,in_value
2014-05-09,0.50,start,migration,0.07,,,,716,2014-05-09,1,1875.00,1862.50,1868.50,1873.00,1865.50,day,1,1884.75,1865.00,1879.50,1884.00,1872.50,below_value
2014-05-12,0.50,start,migration,0.00,,,,717,2014-05-12,1,1893.00,1881.75,1888.00,1891.50,1887.00,day,1,1875.00,1862.50,1868.50,1873.00,1865.50,above_range
2014-05-13,0.50,start,migration,0.00,,,,718,2014-05-13,1,1898.50,1892.00,1894.50,1896.00,1892.50,day,1,1893.00,1881.75,1888.00,1891.50,1887.00,above_range
2014-05-14,0.50,start,migration,0.00,,,,719,2014-05-14,1,1893.25,1882.25,1890.00,1892.50,1888.00,day,1,1898.50,1892.00,1894.50,1896.00,1892.50,in_value
2014-05-15,0.50,start,migration,0.00,,,,720,2014-05-15,1,1881.50,1859.00,1864.50,1869.00,1860.50,day,1,1893.25,1882.25,1890.00,1892.50,1888.00,below_range
2014-05-16,0.50,added,,0.82,0.34,False,0.46,720,2014-05-15,2,1881.50,1859.00,1866.50,1869.00,1861.50,day,1,1881.50,1859.00,1864.50,1869.00,1860.50,above_value
2014-05-19,0.50,start,migration,0.00,,,,721,2014-05-19,1,1883.00,1869.25,1880.50,1882.00,1876.50,composite,2,1881.50,1859.00,1866.50,1869.00,1861.50,above_value
2014-05-20,0.50,start,migration,0.35,,,,722,2014-05-20,1,1880.75,1864.75,1877.00,1880.50,1869.00,day,1,1883.00,1869.25,1880.50,1882.00,1876.50,in_value
2014-05-21,0.50,start,migration,0.36,,,,723,2014-05-21,1,1886.50,1874.50,1881.50,1884.00,1878.50,day,1,1880.75,1864.75,1877.00,1880.50,1869.00,in_value
2014-05-22,0.50,start,migration,0.00,,,,724,2014-05-22,1,1894.00,1882.75,1891.00,1893.50,1888.00,day,1,1886.50,1874.50,1881.50,1884.00,1878.50,above_value
2014-05-23,0.50,start,migration,0.00,,,,725,2014-05-23,1,1899.25,1890.75,1896.50,1898.00,1894.50,day,1,1894.00,1882.75,1891.00,1893.50,1888.00,in_value
2014-05-27,0.50,start,migration,0.00,,,,726,2014-05-27,1,1910.00,1903.50,1907.00,1908.50,1905.00,day,1,1899.25,1890.75,1896.50,1898.00,1894.50,above_range
2014-05-28,0.50,start,migration,0.11,,,,727,2014-05-28,1,1912.50,1904.50,1910.00,1912.50,1908.00,day,1,1910.00,1903.50,1907.00,1908.50,1905.00,above_value
2014-05-29,0.50,added,,0.64,0.52,False,0.33,727,2014-05-28,2,1918.00,1904.50,1911.50,1913.00,1907.50,day,1,1912.50,1904.50,1910.00,1912.50,1908.00,in_value
2014-05-30,0.50,start,migration,0.00,,,,728,2014-05-30,1,1922.25,1914.25,1918.00,1919.50,1916.00,composite,2,1918.00,1904.50,1911.50,1913.00,1907.50,above_value
2014-06-02,0.50,start,migration,0.11,,,,729,2014-06-02,1,1924.00,1913.75,1922.00,1923.50,1919.00,day,1,1922.25,1914.25,1918.00,1919.50,1916.00,above_range
2014-06-03,0.50,added,,0.78,0.75,False,0.43,729,2014-06-02,2,1924.00,1913.75,1921.50,1923.00,1918.50,day,1,1924.00,1913.75,1922.00,1923.50,1919.00,below_value
2014-06-04,0.50,start,migration,0.27,,,,730,2014-06-04,1,1927.00,1916.75,1925.50,1927.00,1921.50,composite,2,1924.00,1913.75,1921.50,1923.00,1918.50,in_value
2014-06-05,0.50,start,migration,0.00,,,,731,2014-06-05,1,1940.75,1921.00,1937.50,1941.00,1928.50,day,1,1927.00,1916.75,1925.50,1927.00,1921.50,above_range
2014-06-06,0.50,start,migration,0.00,,,,732,2014-06-06,1,1948.25,1941.75,1946.50,1948.00,1945.50,day,1,1940.75,1921.00,1937.50,1941.00,1928.50,above_range
2014-06-09,0.50,start,migration,0.00,,,,733,2014-06-09,1,1954.75,1945.75,1950.00,1952.50,1948.00,day,1,1948.25,1941.75,1946.50,1948.00,1945.50,in_value
2014-06-10,0.50,start,migration,0.43,,,,734,2014-06-10,1,1950.25,1943.00,1947.00,1949.50,1946.00,day,1,1954.75,1945.75,1950.00,1952.50,1948.00,below_value
2014-06-11,0.50,start,migration,0.00,,,,735,2014-06-11,1,1945.25,1938.50,1943.50,1945.00,1941.50,day,1,1950.25,1943.00,1947.00,1949.50,1946.00,below_value
2014-06-16,0.50,start,roll,,,,,736,2014-06-16,1,1933.50,1922.75,1928.50,1932.00,1925.50,none,0,,,,,,
2014-06-17,0.50,start,migration,0.39,,,,737,2014-06-17,1,1935.75,1924.25,1932.50,1936.00,1929.50,day,1,1933.50,1922.75,1928.50,1932.00,1925.50,in_value
2014-06-18,0.50,added,,0.58,0.37,False,0.46,737,2014-06-17,2,1950.25,1924.25,1933.50,1936.00,1928.50,day,1,1935.75,1924.25,1932.50,1936.00,1929.50,in_value
2014-06-19,0.50,start,migration,0.00,,,,738,2014-06-19,1,1952.25,1944.00,1948.00,1950.50,1946.00,composite,2,1950.25,1924.25,1933.50,1936.00,1928.50,above_range
2014-06-20,0.50,start,migration,0.00,,,,739,2014-06-20,1,1955.50,1952.00,1953.00,1954.50,1952.00,day,1,1952.25,1944.00,1948.00,1950.50,1946.00,above_range
2014-06-23,0.50,added,,0.57,0.46,False,0.60,739,2014-06-20,2,1955.50,1950.00,1952.50,1955.00,1951.50,day,1,1955.50,1952.00,1953.00,1954.50,1952.00,in_value
2014-06-24,0.50,start,migration,0.30,,,,740,2014-06-24,1,1960.00,1939.75,1951.00,1959.50,1948.00,composite,2,1955.50,1950.00,1952.50,1955.00,1951.50,below_value
2014-06-25,0.50,added,,0.54,0.49,False,0.85,740,2014-06-24,2,1960.00,1937.75,1948.50,1954.00,1942.50,day,1,1960.00,1939.75,1951.00,1959.50,1948.00,below_range
2014-06-26,0.50,added,,0.58,0.52,False,0.47,740,2014-06-24,3,1960.00,1936.25,1948.50,1952.00,1941.50,composite,2,1960.00,1937.75,1948.50,1954.00,1942.50,in_value
2014-06-27,0.50,added,,1.00,0.50,False,0.54,740,2014-06-24,4,1960.00,1936.25,1948.00,1951.50,1942.00,composite,3,1960.00,1936.25,1948.50,1952.00,1941.50,in_value
2014-06-30,0.50,start,migration,0.00,,,,741,2014-06-30,1,1956.75,1950.25,1953.50,1956.00,1952.50,composite,4,1960.00,1936.25,1948.00,1951.50,1942.00,above_value
2014-07-01,0.50,start,migration,0.00,,,,742,2014-07-01,1,1971.75,1956.25,1966.00,1971.50,1963.00,day,1,1956.75,1950.25,1953.50,1956.00,1952.50,above_value
2014-07-02,0.50,added,,1.00,0.70,False,1.00,742,2014-07-01,2,1971.75,1956.25,1967.00,1969.50,1965.00,day,1,1971.75,1956.25,1966.00,1971.50,1963.00,in_value
2014-07-03,0.50,start,migration,0.00,,,,743,2014-07-03,1,1978.25,1971.25,1974.50,1978.00,1972.50,composite,2,1971.75,1956.25,1967.00,1969.50,1965.00,above_range
2014-07-07,0.50,start,migration,0.00,,,,744,2014-07-07,1,1975.00,1967.25,1970.00,1971.50,1968.00,day,1,1978.25,1971.25,1974.50,1978.00,1972.50,in_value
2014-07-08,0.50,start,migration,0.00,,,,745,2014-07-08,1,1967.50,1952.75,1958.50,1961.00,1954.50,day,1,1975.00,1967.25,1970.00,1971.50,1968.00,below_range
2014-07-09,0.50,start,migration,0.15,,,,746,2014-07-09,1,1968.25,1958.25,1963.00,1966.50,1960.00,day,1,1967.50,1952.75,1958.50,1961.00,1954.50,above_value
2014-07-10,0.50,start,migration,0.33,,,,747,2014-07-10,1,1964.00,1945.75,1957.00,1962.50,1955.00,day,1,1968.25,1958.25,1963.00,1966.50,1960.00,below_range
2014-07-11,0.50,added,,0.91,0.62,False,0.56,747,2014-07-10,2,1964.00,1945.75,1957.00,1961.50,1955.00,day,1,1964.00,1945.75,1957.00,1962.50,1955.00,in_value
2014-07-14,0.50,start,migration,0.00,,,,748,2014-07-14,1,1974.00,1969.75,1972.00,1973.50,1971.00,composite,2,1964.00,1945.75,1957.00,1961.50,1955.00,above_range
2014-07-15,0.50,start,migration,0.00,,,,749,2014-07-15,1,1976.25,1958.75,1966.50,1970.00,1962.50,day,1,1974.00,1969.75,1972.00,1973.50,1971.00,in_value
2014-07-16,0.50,start,migration,0.00,,,,750,2014-07-16,1,1978.00,1969.25,1974.00,1976.50,1972.00,day,1,1976.25,1958.75,1966.50,1970.00,1962.50,above_range
2014-07-17,0.50,start,migration,0.07,,,,751,2014-07-17,1,1976.00,1949.00,1963.50,1973.00,1959.50,day,1,1978.00,1969.25,1974.00,1976.50,1972.00,below_range
2014-07-18,0.50,added,,1.00,0.56,False,0.53,751,2014-07-17,2,1976.00,1949.00,1964.00,1972.50,1960.00,day,1,1976.00,1949.00,1963.50,1973.00,1959.50,below_value
2014-07-21,0.50,added,,1.00,0.56,False,0.69,751,2014-07-17,3,1976.00,1949.00,1964.00,1970.50,1960.00,composite,2,1976.00,1949.00,1964.00,1972.50,1960.00,in_value
2014-07-22,0.50,start,migration,0.00,,,,752,2014-07-22,1,1980.50,1973.75,1978.00,1979.50,1976.00,composite,3,1976.00,1949.00,1964.00,1970.50,1960.00,above_value
2014-07-23,0.50,start,migration,0.00,,,,753,2014-07-23,1,1983.50,1975.75,1981.00,1983.50,1980.00,day,1,1980.50,1973.75,1978.00,1979.50,1976.00,above_value
2014-07-24,0.50,added,,0.71,0.55,False,0.43,753,2014-07-23,2,1985.75,1975.75,1981.00,1984.50,1980.00,day,1,1983.50,1975.75,1981.00,1983.50,1980.00,in_value
2014-07-25,0.50,start,migration,0.00,,,,754,2014-07-25,1,1977.50,1968.00,1972.50,1974.00,1969.50,composite,2,1985.75,1975.75,1981.00,1984.50,1980.00,below_value
2014-07-28,0.50,start,migration,0.32,,,,755,2014-07-28,1,1976.00,1960.75,1968.00,1972.50,1963.00,day,1,1977.50,1968.00,1972.50,1974.00,1969.50,in_value
2014-07-29,0.50,start,migration,0.47,,,,756,2014-07-29,1,1979.50,1964.25,1973.50,1977.00,1968.50,day,1,1976.00,1960.75,1968.00,1972.50,1963.00,above_range
2014-07-30,0.50,start,migration,0.00,,,,757,2014-07-30,1,1974.25,1956.50,1962.50,1967.00,1958.50,day,1,1979.50,1964.25,1973.50,1977.00,1968.50,in_value
2014-07-31,0.50,start,migration,0.00,,,,758,2014-07-31,1,1952.75,1925.00,1937.00,1941.50,1928.00,day,1,1974.25,1956.50,1962.50,1967.00,1958.50,below_range
2014-08-01,0.50,start,migration,0.00,,,,759,2014-08-01,1,1932.25,1910.25,1922.50,1927.00,1915.50,day,1,1952.75,1925.00,1937.00,1941.50,1928.00,below_range
2014-08-04,0.50,added,,0.91,0.46,False,0.41,759,2014-08-01,2,1937.50,1910.25,1922.50,1926.00,1914.50,day,1,1932.25,1910.25,1922.50,1927.00,1915.50,in_value
2014-08-05,0.50,added,,0.68,0.50,False,1.00,759,2014-08-01,3,1937.50,1907.50,1922.50,1929.00,1916.50,composite,2,1937.50,1910.25,1922.50,1926.00,1914.50,in_value
2014-08-06,0.50,added,,0.60,0.54,False,0.37,759,2014-08-01,4,1937.50,1905.25,1922.50,1926.00,1913.50,composite,3,1937.50,1907.50,1922.50,1929.00,1916.50,below_range
2014-08-07,0.50,start,migration,0.22,,,,760,2014-08-07,1,1925.75,1899.75,1912.00,1916.50,1903.00,composite,4,1937.50,1905.25,1922.50,1926.00,1913.50,in_value
2014-08-08,0.50,added,,0.71,0.44,False,0.52,760,2014-08-07,2,1928.25,1899.75,1912.00,1917.50,1902.00,day,1,1925.75,1899.75,1912.00,1916.50,1903.00,in_value
2014-08-11,0.50,start,migration,0.00,,,,761,2014-08-11,1,1941.00,1931.25,1935.50,1939.00,1933.50,composite,2,1928.25,1899.75,1912.00,1917.50,1902.00,above_range
2014-08-12,0.50,start,migration,0.00,,,,762,2014-08-12,1,1936.00,1923.50,1929.00,1932.50,1926.00,day,1,1941.00,1931.25,1935.50,1939.00,1933.50,below_range
2014-08-13,0.50,start,migration,0.00,,,,763,2014-08-13,1,1945.25,1934.00,1942.50,1945.00,1938.50,day,1,1936.00,1923.50,1929.00,1932.50,1926.00,above_range
2014-08-14,0.50,start,migration,0.00,,,,764,2014-08-14,1,1952.00,1944.00,1949.00,1950.50,1947.00,day,1,1945.25,1934.00,1942.50,1945.00,1938.50,above_range
2014-08-15,0.50,start,migration,0.33,,,,765,2014-08-15,1,1961.00,1937.25,1946.00,1952.50,1942.00,day,1,1952.00,1944.00,1949.00,1950.50,1947.00,above_range
2014-08-18,0.50,start,migration,0.00,,,,766,2014-08-18,1,1969.00,1961.25,1967.00,1968.50,1965.00,day,1,1961.00,1937.25,1946.00,1952.50,1942.00,above_range
2014-08-19,0.50,start,migration,0.00,,,,767,2014-08-19,1,1979.75,1970.75,1977.00,1979.50,1974.00,day,1,1969.00,1961.25,1967.00,1968.50,1965.00,above_range
2014-08-20,0.50,start,migration,0.31,,,,768,2014-08-20,1,1986.00,1975.25,1980.50,1984.00,1977.50,day,1,1979.75,1970.75,1977.00,1979.50,1974.00,in_value
2014-08-21,0.50,start,migration,0.00,,,,769,2014-08-21,1,1992.00,1983.50,1988.50,1991.00,1987.50,day,1,1986.00,1975.25,1980.50,1984.00,1977.50,above_value
2014-08-22,0.50,start,migration,0.44,,,,770,2014-08-22,1,1991.25,1981.50,1988.00,1989.50,1985.00,day,1,1992.00,1983.50,1988.50,1991.00,1987.50,in_value
2014-08-25,0.50,start,migration,0.00,,,,771,2014-08-25,1,1999.75,1992.75,1996.00,1998.50,1994.00,day,1,1991.25,1981.50,1988.00,1989.50,1985.00,above_range
2014-08-26,0.50,start,migration,0.29,,,,772,2014-08-26,1,2002.75,1997.00,1999.50,2001.00,1997.50,day,1,1999.75,1992.75,1996.00,1998.50,1994.00,in_value
2014-08-27,0.50,start,migration,0.43,,,,773,2014-08-27,1,2000.00,1993.50,1997.50,1999.00,1995.50,day,1,2002.75,1997.00,1999.50,2001.00,1997.50,in_value
2014-08-28,0.50,start,migration,0.33,,,,774,2014-08-28,1,1997.00,1988.00,1995.50,1997.00,1992.50,day,1,2000.00,1993.50,1997.50,1999.00,1995.50,below_range
2014-08-29,0.50,start,migration,0.11,,,,775,2014-08-29,1,2001.75,1992.25,1998.50,2001.00,1996.50,day,1,1997.00,1988.00,1995.50,1997.00,1992.50,above_range
2014-09-02,0.50,added,,0.60,0.54,False,0.78,775,2014-08-29,2,2004.25,1992.25,1998.50,2002.00,1994.50,day,1,2001.75,1992.25,1998.50,2001.00,1996.50,above_range
2014-09-03,0.50,added,,0.77,0.43,False,1.00,775,2014-08-29,3,2008.50,1992.25,1999.00,2002.50,1996.00,composite,2,2004.25,1992.25,1998.50,2002.00,1994.50,above_range
2014-09-04,0.50,start,migration,0.16,,,,776,2014-09-04,1,2010.00,1990.75,2004.00,2010.50,2001.00,composite,3,2008.50,1992.25,1999.00,2002.50,1996.00,in_value
2014-09-05,0.50,start,migration,0.30,,,,777,2014-09-05,1,2006.25,1988.25,2002.00,2004.50,1993.00,day,1,2010.00,1990.75,2004.00,2010.50,2001.00,below_value
2014-09-08,0.50,added,,0.93,0.74,False,0.54,777,2014-09-05,2,2006.25,1988.25,2001.50,2005.00,1995.50,day,1,2006.25,1988.25,2002.00,2004.50,1993.00,in_value
2014-09-09,0.50,start,migration,0.08,,,,778,2014-09-09,1,1999.50,1983.25,1992.50,1996.00,1989.50,composite,2,2006.25,1988.25,2001.50,2005.00,1995.50,in_value
2014-09-10,0.50,added,,0.63,0.61,False,1.00,778,2014-09-09,2,1999.50,1981.50,1992.50,1997.00,1988.50,day,1,1999.50,1983.25,1992.50,1996.00,1989.50,below_value
2014-09-11,0.50,added,,1.00,0.64,False,0.78,778,2014-09-09,3,1999.50,1981.50,1993.00,1996.50,1989.00,composite,2,1999.50,1981.50,1992.50,1997.00,1988.50,below_value
2014-09-12,0.50,start,migration,0.37,,,,779,2014-09-12,1,1995.50,1979.50,1989.00,1992.50,1983.00,composite,3,1999.50,1981.50,1993.00,1996.50,1989.00,in_value
2014-09-15,0.50,start,roll,,,,,780,2014-09-15,1,1979.00,1969.50,1973.50,1976.00,1971.50,none,0,,,,,,
2014-09-16,0.50,start,migration,0.00,,,,781,2014-09-16,1,1994.50,1970.75,1992.00,1994.50,1980.00,day,1,1979.00,1969.50,1973.50,1976.00,1971.50,in_value
2014-09-17,0.50,added,,0.59,0.67,False,0.73,781,2014-09-16,2,2003.25,1970.75,1992.50,2000.00,1987.50,day,1,1994.50,1970.75,1992.00,1994.50,1980.00,in_value
2014-09-18,0.50,start,migration,0.00,,,,782,2014-09-18,1,2005.00,1997.25,2001.00,2003.50,2000.00,composite,2,2003.25,1970.75,1992.50,2000.00,1987.50,in_value
2014-09-19,0.50,start,migration,0.40,,,,783,2014-09-19,1,2012.75,1998.25,2004.50,2008.00,2000.50,day,1,2005.00,1997.25,2001.00,2003.50,2000.00,above_range
2014-09-22,0.50,start,migration,0.00,,,,784,2014-09-22,1,1999.25,1982.50,1986.50,1990.00,1983.50,day,1,2012.75,1998.25,2004.50,2008.00,2000.50,below_value
2014-09-26,0.50,start,migration,0.00,,,,785,2014-09-26,1,1979.25,1959.50,1964.50,1970.00,1959.50,day,1,1999.25,1982.50,1986.50,1990.00,1983.50,below_range
2014-09-29,0.50,added,,0.80,0.49,False,0.82,785,2014-09-26,2,1979.25,1955.50,1967.00,1971.50,1962.00,day,1,1979.25,1959.50,1964.50,1970.00,1959.50,below_range
2014-09-30,0.50,added,,0.95,0.43,False,0.54,785,2014-09-26,3,1979.25,1955.50,1965.50,1972.00,1962.50,composite,2,1979.25,1955.50,1967.00,1971.50,1962.00,above_value
2014-10-01,0.50,start,migration,0.00,,,,786,2014-10-01,1,1962.75,1933.75,1951.00,1956.50,1941.00,composite,3,1979.25,1955.50,1965.50,1972.00,1962.50,below_value
2014-10-02,0.50,start,migration,0.14,,,,787,2014-10-02,1,1945.25,1918.25,1936.50,1943.00,1928.50,day,1,1962.75,1933.75,1951.00,1956.50,1941.00,below_value
2014-10-03,0.50,start,migration,0.00,,,,788,2014-10-03,1,1964.50,1945.50,1960.00,1963.50,1955.00,day,1,1945.25,1918.25,1936.50,1943.00,1928.50,above_range
2014-10-06,0.50,added,,0.81,0.55,False,0.82,788,2014-10-03,2,1971.00,1945.50,1959.50,1964.00,1954.50,day,1,1964.50,1945.50,1960.00,1963.50,1955.00,above_range
2014-10-07,0.50,start,migration,0.00,,,,789,2014-10-07,1,1951.75,1926.75,1945.50,1949.00,1939.50,composite,2,1971.00,1945.50,1959.50,1964.00,1954.50,below_value
2014-10-08,0.50,start,migration,0.16,,,,790,2014-10-08,1,1964.00,1918.00,1930.00,1943.50,1918.00,day,1,1951.75,1926.75,1945.50,1949.00,1939.50,below_value
2014-10-09,0.50,skipped_shape,,0.92,0.23,False,0.58,790,2014-10-08,1,1964.00,1918.00,1930.00,1943.50,1918.00,day,1,1964.00,1918.00,1930.00,1943.50,1918.00,above_value
2014-10-10,0.50,start,migration,0.48,,,,791,2014-10-10,1,1931.25,1899.50,1917.00,1924.50,1911.00,older_day,1,1964.00,1918.00,1930.00,1943.50,1918.00,in_value
2014-10-13,0.75,start,migration,0.00,,,,792,2014-10-13,1,1906.00,1867.25,1893.75,1903.50,1887.75,day,1,1931.25,1899.50,1917.00,1924.50,1911.00,below_range
2014-10-14,0.75,start,migration,0.00,,,,793,2014-10-14,1,1892.75,1865.00,1878.00,1886.25,1872.00,day,1,1906.00,1867.25,1893.75,1903.50,1887.75,below_value
2014-10-15,0.75,start,migration,0.00,,,,794,2014-10-15,1,1863.00,1813.00,1842.75,1852.50,1826.25,day,1,1892.75,1865.00,1878.00,1886.25,1872.00,below_range
2014-10-16,0.75,start,migration,0.44,,,,795,2014-10-16,1,1869.75,1822.75,1857.75,1863.00,1844.25,day,1,1863.00,1813.00,1842.75,1852.50,1826.25,below_value
2014-10-17,0.75,start,migration,0.00,,,,796,2014-10-17,1,1891.75,1870.00,1881.75,1887.00,1875.75,day,1,1869.75,1822.75,1857.75,1863.00,1844.25,above_range
2014-10-20,0.75,added,,0.53,0.55,False,0.54,796,2014-10-17,2,1898.50,1870.00,1885.50,1890.75,1876.50,day,1,1891.75,1870.00,1881.75,1887.00,1875.75,below_value
2014-10-21,0.75,start,migration,0.00,,,,797,2014-10-21,1,1936.25,1908.75,1923.00,1934.25,1918.50,composite,2,1898.50,1870.00,1885.50,1890.75,1876.50,above_range
2014-10-22,0.75,added,,0.74,0.52,False,0.47,797,2014-10-21,2,1943.25,1908.75,1926.75,1938.00,1922.25,day,1,1936.25,1908.75,1923.00,1934.25,1918.50,above_range
2014-10-23,0.75,start,migration,0.00,,,,798,2014-10-23,1,1956.25,1937.00,1947.00,1952.25,1942.50,composite,2,1943.25,1908.75,1926.75,1938.00,1922.25,above_value
2014-10-24,0.75,added,,0.54,0.53,False,0.56,798,2014-10-23,2,1959.25,1937.00,1948.50,1955.25,1945.50,day,1,1956.25,1937.00,1947.00,1952.25,1942.50,in_value
2014-10-27,1.00,added,,0.86,0.54,False,0.43,798,2014-10-23,3,1959.25,1937.00,1949.00,1956.00,1947.00,composite,2,1959.25,1937.00,1948.50,1955.25,1945.50,in_value
2014-10-28,1.00,start,migration,0.00,,,,799,2014-10-28,1,1978.75,1961.50,1966.00,1969.00,1962.00,composite,3,1959.25,1937.00,1949.00,1956.00,1947.00,above_range
2014-10-29,1.00,start,migration,0.00,,,,800,2014-10-29,1,1985.75,1962.00,1974.00,1983.00,1970.00,day,1,1978.75,1961.50,1966.00,1969.00,1962.00,above_range
2014-10-30,1.00,start,migration,0.47,,,,801,2014-10-30,1,1994.25,1968.00,1982.00,1991.00,1976.00,day,1,1985.75,1962.00,1974.00,1983.00,1970.00,in_value
2014-10-31,1.00,start,migration,0.00,,,,802,2014-10-31,1,2013.00,2002.25,2007.00,2010.00,2005.00,day,1,1994.25,1968.00,1982.00,1991.00,1976.00,above_range
2014-11-03,1.00,start,migration,0.00,,,,803,2014-11-03,1,2019.25,2007.75,2013.00,2018.00,2011.00,day,1,2013.00,2002.25,2007.00,2010.00,2005.00,above_range
2014-11-04,1.00,start,migration,0.00,,,,804,2014-11-04,1,2010.75,1995.25,2004.00,2009.00,2000.00,day,1,2019.25,2007.75,2013.00,2018.00,2011.00,below_range
2014-11-05,1.00,start,migration,0.00,,,,805,2014-11-05,1,2020.50,2008.75,2014.00,2017.00,2012.00,day,1,2010.75,1995.25,2004.00,2009.00,2000.00,above_range
2014-11-06,1.00,start,migration,0.11,,,,806,2014-11-06,1,2027.50,2010.75,2022.00,2025.00,2016.00,day,1,2020.50,2008.75,2014.00,2017.00,2012.00,above_value
2014-11-07,1.00,start,migration,0.29,,,,807,2014-11-07,1,2030.75,2020.50,2027.00,2030.00,2023.00,day,1,2027.50,2010.75,2022.00,2025.00,2016.00,above_value
2014-11-10,1.00,start,migration,0.00,,,,808,2014-11-10,1,2035.00,2025.75,2032.00,2035.00,2030.00,day,1,2030.75,2020.50,2027.00,2030.00,2023.00,in_value
2014-11-11,1.00,added,,0.60,0.65,False,1.00,808,2014-11-10,2,2037.75,2025.75,2033.00,2036.00,2031.00,day,1,2035.00,2025.75,2032.00,2035.00,2030.00,above_range
2014-11-12,1.00,added,,0.80,0.65,False,1.00,808,2014-11-10,3,2037.75,2025.75,2033.00,2036.00,2031.00,composite,2,2037.75,2025.75,2033.00,2036.00,2031.00,below_value
2014-11-13,1.00,added,,0.56,0.50,False,0.60,808,2014-11-10,4,2043.25,2025.75,2034.00,2037.00,2030.00,composite,3,2037.75,2025.75,2033.00,2036.00,2031.00,above_value
2014-11-14,1.00,added,,0.80,0.50,False,0.60,808,2014-11-10,5,2043.25,2025.75,2034.00,2037.00,2030.00,composite,4,2043.25,2025.75,2034.00,2037.00,2030.00,in_value
2014-11-17,0.75,added,,0.57,0.48,False,1.00,808,2014-11-10,6,2043.25,2025.75,2034.00,2037.75,2031.00,composite,5,2043.25,2025.75,2034.00,2037.00,2030.00,in_value
2014-11-18,0.75,start,migration,0.00,,,,809,2014-11-18,1,2054.00,2039.00,2046.75,2053.50,2045.25,composite,6,2043.25,2025.75,2034.00,2037.75,2031.00,above_value
2014-11-19,0.75,start,migration,0.33,,,,810,2014-11-19,1,2050.50,2037.75,2043.75,2047.50,2040.75,day,1,2054.00,2039.00,2046.75,2053.50,2045.25,in_value
2014-11-20,0.75,start,migration,0.00,,,,811,2014-11-20,1,2052.00,2036.50,2049.00,2052.75,2047.50,day,1,2050.50,2037.75,2043.75,2047.50,2040.75,below_range
2014-11-21,0.75,start,migration,0.00,,,,812,2014-11-21,1,2072.25,2054.75,2059.50,2066.25,2056.50,day,1,2052.00,2036.50,2049.00,2052.75,2047.50,above_range
2014-11-24,0.75,added,,0.60,0.62,False,0.56,812,2014-11-21,2,2072.25,2054.75,2065.50,2069.25,2059.50,day,1,2072.25,2054.75,2059.50,2066.25,2056.50,above_value
2014-11-25,0.75,added,,0.86,0.60,False,0.43,812,2014-11-21,3,2073.00,2054.75,2065.50,2070.75,2064.00,composite,2,2072.25,2054.75,2065.50,2069.25,2059.50,above_value
2014-11-26,0.75,added,,1.00,0.71,False,0.43,812,2014-11-21,4,2073.00,2054.75,2067.75,2070.00,2063.25,composite,3,2073.00,2054.75,2065.50,2070.75,2064.00,in_value
2014-11-28,0.75,start,migration,0.44,,,,813,2014-11-28,1,2073.25,2063.50,2070.00,2073.75,2067.00,composite,4,2073.00,2054.75,2067.75,2070.00,2063.25,in_value
2014-12-01,0.50,start,migration,0.00,,,,814,2014-12-01,1,2060.00,2048.25,2053.50,2057.00,2050.50,day,1,2073.25,2063.50,2070.00,2073.75,2067.00,below_range
2014-12-02,0.50,start,migration,0.00,,,,815,2014-12-02,1,2068.00,2052.50,2061.00,2066.50,2060.00,day,1,2060.00,2048.25,2053.50,2057.00,2050.50,in_value
2014-12-03,0.50,start,migration,0.00,,,,816,2014-12-03,1,2076.00,2065.50,2070.50,2073.00,2068.50,day,1,2068.00,2052.50,2061.00,2066.50,2060.00,above_value
2014-12-04,0.50,added,,0.53,0.59,False,1.00,816,2014-12-03,2,2077.25,2061.25,2070.50,2074.00,2067.50,day,1,2076.00,2065.50,2070.50,2073.00,2068.50,in_value
2014-12-05,0.50,start,migration,0.22,,,,817,2014-12-05,1,2079.00,2069.75,2075.00,2077.50,2073.00,composite,2,2077.25,2061.25,2070.50,2074.00,2067.50,in_value
2014-12-08,0.50,start,migration,0.19,,,,818,2014-12-08,1,2075.75,2053.75,2073.50,2076.00,2060.50,day,1,2079.00,2069.75,2075.00,2077.50,2073.00,below_value
2014-12-09,0.50,start,migration,0.00,,,,819,2014-12-09,1,2060.75,2033.25,2043.50,2052.00,2033.50,day,1,2075.75,2053.75,2073.50,2076.00,2060.50,below_range
2014-12-10,0.50,added,,0.95,0.55,False,0.52,819,2014-12-09,2,2060.75,2023.25,2043.50,2050.00,2031.50,day,1,2060.75,2033.25,2043.50,2052.00,2033.50,above_value
2014-12-11,0.50,added,,0.59,0.55,False,0.81,819,2014-12-09,3,2060.75,2023.25,2043.50,2054.00,2035.50,composite,2,2060.75,2023.25,2043.50,2050.00,2031.50,in_value
2014-12-12,0.50,start,migration,0.00,,,,820,2014-12-12,1,2032.25,2002.00,2019.50,2026.00,2014.50,composite,3,2060.75,2023.25,2043.50,2054.00,2035.50,below_range
2014-12-15,0.50,start,roll,,,,,821,2014-12-15,1,2012.25,1974.50,1988.50,1996.00,1981.50,none,0,,,,,,
2014-12-16,0.50,added,,0.62,0.46,False,1.00,821,2014-12-15,2,2012.25,1965.75,1987.00,1996.50,1978.00,day,1,2012.25,1974.50,1988.50,1996.00,1981.50,below_range
2014-12-17,0.50,added,,0.79,0.46,False,1.00,821,2014-12-15,3,2012.25,1965.75,1987.00,1997.50,1977.00,composite,2,2012.25,1965.75,1987.00,1996.50,1978.00,below_value
2014-12-18,0.50,start,migration,0.00,,,,822,2014-12-18,1,2056.75,2026.75,2042.00,2044.50,2031.00,composite,3,2012.25,1965.75,1987.00,1997.50,1977.00,above_range
2014-12-19,0.50,start,migration,0.00,,,,823,2014-12-19,1,2076.25,2056.50,2062.00,2067.50,2058.00,day,1,2056.75,2026.75,2042.00,2044.50,2031.00,above_range
2014-12-22,0.50,start,migration,0.00,,,,824,2014-12-22,1,2075.00,2068.00,2071.50,2074.00,2069.50,day,1,2076.25,2056.50,2062.00,2067.50,2058.00,above_value
2014-12-23,0.50,start,migration,0.00,,,,825,2014-12-23,1,2082.75,2075.50,2079.50,2082.00,2078.50,day,1,2075.00,2068.00,2071.50,2074.00,2069.50,above_range
2014-12-24,0.50,added,,0.56,0.56,False,1.00,825,2014-12-23,2,2083.50,2075.50,2080.00,2082.50,2078.00,day,1,2082.75,2075.50,2079.50,2082.00,2078.50,in_value
2014-12-26,0.50,start,migration,0.00,,,,826,2014-12-26,1,2088.75,2082.25,2086.00,2088.50,2085.00,composite,2,2083.50,2075.50,2080.00,2082.50,2078.00,above_value
2014-12-29,0.75,added,,1.00,0.71,False,1.00,826,2014-12-26,2,2088.75,2081.00,2086.50,2088.75,2085.00,day,1,2088.75,2082.25,2086.00,2088.50,2085.00,below_range
2014-12-30,0.75,start,migration,0.00,,,,827,2014-12-30,1,2081.75,2073.00,2076.75,2080.50,2075.25,composite,2,2088.75,2081.00,2086.50,2088.75,2085.00,below_range
2015-01-02,0.75,start,migration,0.00,,,,828,2015-01-02,1,2066.50,2038.75,2048.25,2052.00,2040.75,day,1,2081.75,2073.00,2076.75,2080.50,2075.25,below_range
2015-01-05,0.75,start,migration,0.00,,,,829,2015-01-05,1,2040.50,2009.50,2015.25,2025.00,2010.75,day,1,2066.50,2038.75,2048.25,2052.00,2040.75,below_range
2015-01-06,0.75,start,migration,0.00,,,,830,2015-01-06,1,2023.50,1984.25,1995.75,2010.00,1988.25,day,1,2040.50,2009.50,2015.25,2025.00,2010.75,in_value
2015-01-07,0.75,start,migration,0.00,,,,831,2015-01-07,1,2023.75,2004.75,2013.75,2020.50,2010.75,day,1,2023.50,1984.25,1995.75,2010.00,1988.25,above_value
2015-01-08,0.75,start,migration,0.00,,,,832,2015-01-08,1,2058.50,2036.00,2052.75,2058.00,2048.25,day,1,2023.75,2004.75,2013.75,2020.50,2010.75,above_range
2015-01-09,0.75,start,migration,0.00,,,,833,2015-01-09,1,2061.00,2031.25,2040.75,2047.50,2034.75,day,1,2058.50,2036.00,2052.75,2058.00,2048.25,above_range
2015-01-12,0.75,start,migration,0.00,,,,834,2015-01-12,1,2042.25,2015.25,2022.75,2028.00,2018.25,day,1,2061.00,2031.25,2040.75,2047.50,2034.75,in_value
2015-01-13,0.75,start,migration,0.26,,,,835,2015-01-13,1,2051.75,2001.00,2011.50,2039.25,2001.00,day,1,2042.25,2015.25,2022.75,2028.00,2018.25,above_value
2015-01-14,0.75,start,migration,0.18,,,,836,2015-01-14,1,2007.00,1981.25,1993.50,2003.25,1990.50,day,1,2051.75,2001.00,2011.50,2039.25,2001.00,below_range
2015-01-15,0.75,added,,0.77,0.36,False,0.64,836,2015-01-14,2,2016.00,1981.25,1993.50,2001.75,1989.00,day,1,2007.00,1981.25,1993.50,2003.25,1990.50,above_range
2015-01-16,0.75,added,,0.71,0.34,False,0.33,836,2015-01-14,3,2016.00,1981.25,1992.75,2004.00,1989.75,composite,2,2016.00,1981.25,1993.50,2001.75,1989.00,below_value
2015-01-20,1.00,start,migration,0.23,,,,837,2015-01-20,1,2023.25,1997.50,2007.00,2014.00,2001.00,composite,3,2016.00,1981.25,1992.75,2004.00,1989.75,above_range
2015-01-21,1.00,start,migration,0.00,,,,838,2015-01-21,1,2032.75,2005.25,2022.00,2029.00,2018.00,day,1,2023.25,1997.50,2007.00,2014.00,2001.00,in_value
2015-01-22,1.00,start,migration,0.00,,,,839,2015-01-22,1,2059.25,2019.25,2041.00,2048.00,2031.00,day,1,2032.75,2005.25,2022.00,2029.00,2018.00,above_range
2015-01-23,1.00,start,migration,0.00,,,,840,2015-01-23,1,2057.25,2044.00,2053.00,2056.00,2049.00,day,1,2059.25,2019.25,2041.00,2048.00,2031.00,above_value
2015-01-26,1.00,start,migration,0.11,,,,841,2015-01-26,1,2051.75,2034.50,2047.00,2050.00,2041.00,day,1,2057.25,2044.00,2053.00,2056.00,2049.00,below_range
2015-01-27,1.00,start,migration,0.00,,,,842,2015-01-27,1,2037.00,2013.25,2027.00,2032.00,2021.00,day,1,2051.75,2034.50,2047.00,2050.00,2041.00,below_range
2015-01-28,1.00,added,,0.52,0.68,False,0.78,842,2015-01-27,2,2038.75,1994.50,2024.00,2033.00,2018.00,day,1,2037.00,2013.25,2027.00,2032.00,2021.00,above_range
2015-01-29,1.00,start,migration,0.00,,,,843,2015-01-29,1,2018.75,1982.00,1994.00,2005.00,1984.00,composite,2,2038.75,1994.50,2024.00,2033.00,2018.00,below_value
2015-01-30,1.00,added,,0.61,0.53,False,1.00,843,2015-01-29,2,2018.75,1982.00,2001.00,2010.00,1993.00,day,1,2018.75,1982.00,1994.00,2005.00,1984.00,in_value
2015-02-02,1.00,start,migration,0.40,,,,844,2015-02-02,1,2015.50,1973.75,1994.00,1999.00,1984.00,composite,2,2018.75,1982.00,2001.00,2010.00,1993.00,in_value
2015-02-03,1.00,start,migration,0.00,,,,845,2015-02-03,1,2044.00,2021.00,2027.00,2036.00,2023.00,day,1,2015.50,1973.75,1994.00,1999.00,1984.00,above_range
2015-02-04,1.00,start,migration,0.11,,,,846,2015-02-04,1,2049.25,2030.25,2039.00,2044.00,2035.00,day,1,2044.00,2021.00,2027.00,2036.00,2023.00,in_value
2015-02-05,1.00,start,migration,0.00,,,,847,2015-02-05,1,2058.75,2043.00,2052.00,2055.00,2048.00,day,1,2049.25,2030.25,2039.00,2044.00,2035.00,above_value
2015-02-06,1.00,start,migration,0.00,,,,848,2015-02-06,1,2068.00,2044.50,2059.00,2068.00,2055.00,day,1,2058.75,2043.00,2052.00,2055.00,2048.00,above_range
2015-02-09,1.00,start,migration,0.00,,,,849,2015-02-09,1,2051.75,2036.50,2044.00,2051.00,2042.00,day,1,2068.00,2044.50,2059.00,2068.00,2055.00,below_range
2015-02-10,1.00,start,migration,0.36,,,,850,2015-02-10,1,2066.50,2043.25,2053.00,2058.00,2047.00,day,1,2051.75,2036.50,2044.00,2051.00,2042.00,above_range
2015-02-11,1.00,start,migration,0.00,,,,851,2015-02-11,1,2069.75,2053.25,2061.00,2066.00,2059.00,day,1,2066.50,2043.25,2053.00,2058.00,2047.00,above_value
2015-02-12,1.00,start,migration,0.00,,,,852,2015-02-12,1,2085.50,2071.75,2078.00,2083.00,2074.00,day,1,2069.75,2053.25,2061.00,2066.00,2059.00,above_range
2015-02-13,1.00,start,migration,0.00,,,,853,2015-02-13,1,2093.75,2082.75,2089.00,2092.00,2087.00,day,1,2085.50,2071.75,2078.00,2083.00,2074.00,above_range
2015-02-17,1.00,start,migration,0.14,,,,854,2015-02-17,1,2098.75,2086.25,2091.00,2098.00,2091.00,day,1,2093.75,2082.75,2089.00,2092.00,2087.00,in_value
2015-02-18,1.00,added,,0.60,0.50,False,0.60,854,2015-02-17,2,2098.75,2086.25,2092.00,2097.00,2090.00,day,1,2098.75,2086.25,2091.00,2098.00,2091.00,in_value
2015-02-19,1.00,added,,0.80,0.54,False,0.60,854,2015-02-17,3,2099.50,2086.25,2093.00,2098.00,2091.00,composite,2,2098.75,2086.25,2092.00,2097.00,2090.00,below_value
2015-02-20,1.00,start,migration,0.41,,,,855,2015-02-20,1,2108.75,2082.25,2093.00,2100.00,2083.00,composite,3,2099.50,2086.25,2093.00,2098.00,2091.00,below_value
2015-02-23,1.00,start,migration,0.00,,,,856,2015-02-23,1,2107.25,2099.75,2103.00,2106.00,2101.00,day,1,2108.75,2082.25,2093.00,2100.00,2083.00,above_value
2015-02-24,1.00,start,migration,0.00,,,,857,2015-02-24,1,2115.75,2102.75,2110.00,2115.00,2108.00,day,1,2107.25,2099.75,2103.00,2106.00,2101.00,above_value
2015-02-25,1.00,added,,0.86,0.53,False,0.60,857,2015-02-24,2,2117.75,2102.75,2110.00,2115.00,2108.00,day,1,2115.75,2102.75,2110.00,2115.00,2108.00,in_value
2015-02-26,1.00,added,,0.57,0.56,False,0.60,857,2015-02-24,3,2117.75,2101.50,2110.00,2113.00,2106.00,composite,2,2117.75,2102.75,2110.00,2115.00,2108.00,in_value
2015-02-27,1.00,added,,1.00,0.56,False,0.60,857,2015-02-24,4,2117.75,2101.50,2110.00,2113.00,2106.00,composite,3,2117.75,2101.50,2110.00,2113.00,2106.00,in_value
2015-03-02,0.50,added,,1.00,0.53,False,0.56,857,2015-02-24,5,2117.75,2101.50,2110.00,2112.50,2106.00,composite,4,2117.75,2101.50,2110.00,2113.00,2106.00,below_value
2015-03-03,0.50,start,migration,0.23,,,,858,2015-03-03,1,2110.75,2095.50,2104.00,2107.50,2101.00,composite,5,2117.75,2101.50,2110.00,2112.50,2106.00,in_value
2015-03-04,0.50,start,migration,0.00,,,,859,2015-03-04,1,2099.75,2085.25,2096.50,2099.00,2091.50,day,1,2110.75,2095.50,2104.00,2107.50,2101.00,below_value
2015-03-05,0.50,start,migration,0.44,,,,860,2015-03-05,1,2102.75,2093.25,2098.00,2101.50,2097.00,day,1,2099.75,2085.25,2096.50,2099.00,2091.50,above_range
2015-03-06,0.50,start,migration,0.00,,,,861,2015-03-06,1,2094.25,2065.50,2073.50,2083.00,2065.50,day,1,2102.75,2093.25,2098.00,2101.50,2097.00,below_range
2015-03-09,0.50,added,,1.00,0.39,False,0.85,861,2015-03-06,2,2094.25,2065.50,2076.50,2082.00,2070.50,day,1,2094.25,2065.50,2073.50,2083.00,2065.50,in_value
2015-03-10,0.50,start,migration,0.00,,,,862,2015-03-10,1,2062.75,2044.00,2052.00,2056.50,2047.00,composite,2,2094.25,2065.50,2076.50,2082.00,2070.50,below_range
2015-03-11,0.50,start,migration,0.23,,,,863,2015-03-11,1,2049.50,2038.25,2045.00,2048.50,2042.00,day,1,2062.75,2044.00,2052.00,2056.50,2047.00,in_value
2015-03-12,0.50,start,migration,0.00,,,,864,2015-03-12,1,2066.50,2046.50,2058.50,2062.00,2054.50,day,1,2049.50,2038.25,2045.00,2048.50,2042.00,in_value
2015-03-13,0.50,start,migration,0.00,,,,865,2015-03-13,1,2064.00,2040.00,2045.50,2052.00,2040.50,day,1,2066.50,2046.50,2058.50,2062.00,2054.50,above_value
2015-03-16,0.50,start,roll,,,,,866,2015-03-16,1,2074.00,2053.75,2066.00,2071.50,2063.00,none,0,,,,,,
2015-03-17,0.50,added,,0.60,0.61,False,0.54,866,2015-03-16,2,2074.00,2053.75,2066.00,2069.50,2060.00,day,1,2074.00,2053.75,2066.00,2071.50,2063.00,in_value
2015-03-18,0.50,start,migration,0.30,,,,867,2015-03-18,1,2099.75,2052.25,2059.50,2084.00,2052.50,composite,2,2074.00,2053.75,2066.00,2069.50,2060.00,in_value
2015-03-19,0.50,added,,0.91,0.65,False,0.94,867,2015-03-18,2,2099.75,2052.25,2083.00,2099.50,2068.00,day,1,2099.75,2052.25,2059.50,2084.00,2052.50,above_value
2015-03-20,0.50,start,migration,0.00,,,,868,2015-03-20,1,2106.75,2092.25,2104.50,2107.00,2099.50,composite,2,2099.75,2052.25,2083.00,2099.50,2068.00,in_value
2015-03-23,0.50,added,,1.00,0.69,False,0.71,868,2015-03-20,2,2107.00,2092.25,2102.50,2106.00,2100.50,day,1,2106.75,2092.25,2104.50,2107.00,2099.50,in_value
2015-03-24,0.50,start,migration,0.00,,,,869,2015-03-24,1,2100.25,2083.00,2091.00,2096.50,2085.00,composite,2,2107.00,2092.25,2102.50,2106.00,2100.50,below_value
2015-03-25,0.50,start,migration,0.00,,,,870,2015-03-25,1,2089.25,2052.25,2066.50,2079.00,2052.50,day,1,2100.25,2083.00,2091.00,2096.50,2085.00,in_value
2015-03-26,0.50,start,migration,0.26,,,,871,2015-03-26,1,2058.75,2036.25,2048.50,2055.00,2045.50,day,1,2089.25,2052.25,2066.50,2079.00,2052.50,below_range
2015-03-27,0.50,added,,1.00,0.62,False,0.78,871,2015-03-26,2,2058.75,2036.25,2050.00,2054.50,2047.00,day,1,2058.75,2036.25,2048.50,2055.00,2045.50,in_value
2015-03-30,0.50,start,migration,0.00,,,,872,2015-03-30,1,2081.75,2064.50,2074.00,2080.50,2072.00,composite,2,2058.75,2036.25,2050.00,2054.50,2047.00,above_range
2015-03-31,0.50,start,migration,0.27,,,,873,2015-03-31,1,2076.25,2058.50,2070.50,2074.00,2066.50,day,1,2081.75,2064.50,2074.00,2080.50,2072.00,below_value
2015-04-01,0.50,start,migration,0.00,,,,874,2015-04-01,1,2059.00,2039.75,2049.00,2053.50,2046.00,day,1,2076.25,2058.50,2070.50,2074.00,2066.50,below_value
2015-04-02,0.50,start,migration,0.00,,,,875,2015-04-02,1,2064.75,2048.75,2059.00,2062.50,2056.00,day,1,2059.00,2039.75,2049.00,2053.50,2046.00,in_value
2015-04-06,0.50,start,migration,0.00,,,,876,2015-04-06,1,2080.00,2047.00,2077.50,2080.00,2064.50,day,1,2064.75,2048.75,2059.00,2062.50,2056.00,below_value
2015-04-07,0.50,skipped_shape,,0.77,0.85,False,0.82,876,2015-04-06,1,2080.00,2047.00,2077.50,2080.00,2064.50,day,1,2080.00,2047.00,2077.50,2080.00,2064.50,in_value
2015-04-08,0.50,skipped_shape,,1.00,0.80,False,0.64,876,2015-04-06,1,2080.00,2047.00,2077.50,2080.00,2064.50,older_day,1,2080.00,2047.00,2077.50,2080.00,2064.50,in_value
2015-04-09,0.50,skipped_shape,,0.95,0.76,False,0.26,876,2015-04-06,1,2080.00,2047.00,2077.50,2080.00,2064.50,older_day,1,2080.00,2047.00,2077.50,2080.00,2064.50,in_value
2015-04-10,0.50,start,migration,0.00,,,,877,2015-04-10,1,2096.00,2084.50,2093.00,2095.50,2091.00,older_day,1,2080.00,2047.00,2077.50,2080.00,2064.50,above_range
2015-04-13,0.75,start,migration,0.47,,,,878,2015-04-13,1,2101.25,2085.25,2091.75,2098.50,2087.25,day,1,2096.00,2084.50,2093.00,2095.50,2091.00,in_value
2015-04-14,0.75,start,migration,0.46,,,,879,2015-04-14,1,2092.00,2075.75,2088.00,2091.75,2082.00,day,1,2101.25,2085.25,2091.75,2098.50,2087.25,below_range
2015-04-15,0.75,start,migration,0.00,,,,880,2015-04-15,1,2105.50,2094.25,2099.25,2104.50,2097.75,day,1,2092.00,2075.75,2088.00,2091.75,2082.00,above_range
2015-04-16,0.75,added,,0.67,0.47,False,0.43,880,2015-04-15,2,2105.50,2092.75,2098.50,2103.75,2097.00,day,1,2105.50,2094.25,2099.25,2104.50,2097.75,below_value
2015-04-17,0.75,start,migration,0.00,,,,881,2015-04-17,1,2087.00,2064.50,2075.25,2079.00,2069.25,composite,2,2105.50,2092.75,2098.50,2103.75,2097.00,below_range
2015-04-20,0.75,start,migration,0.00,,,,882,2015-04-20,1,2097.50,2084.25,2094.00,2097.75,2092.50,day,1,2087.00,2064.50,2075.25,2079.00,2069.25,above_value
2015-04-21,0.75,added,,0.56,0.48,False,1.00,882,2015-04-20,2,2103.50,2084.25,2093.25,2097.00,2090.25,day,1,2097.50,2084.25,2094.00,2097.75,2092.50,above_range
2015-04-22,0.75,start,migration,0.40,,,,883,2015-04-22,1,2103.75,2083.75,2095.50,2103.75,2092.50,composite,2,2103.50,2084.25,2093.25,2097.00,2090.25,in_value
2015-04-23,0.75,start,migration,0.21,,,,884,2015-04-23,1,2114.50,2094.75,2109.75,2115.00,2100.75,day,1,2103.75,2083.75,2095.50,2103.75,2092.50,in_value
2015-04-24,0.75,skipped_shape,,1.00,0.80,False,0.71,884,2015-04-23,1,2114.50,2094.75,2109.75,2115.00,2100.75,day,1,2114.50,2094.75,2109.75,2115.00,2100.75,in_value
2015-04-27,0.75,skipped_daytype,,0.95,,,,884,2015-04-23,1,2114.50,2094.75,2109.75,2115.00,2100.75,older_day,1,2114.50,2094.75,2109.75,2115.00,2100.75,above_range
2015-04-28,0.75,added,,0.87,0.71,False,0.64,884,2015-04-23,2,2114.50,2088.25,2106.75,2112.00,2099.25,older_day,1,2114.50,2094.75,2109.75,2115.00,2100.75,in_value
2015-04-29,0.75,added,,0.55,0.49,False,0.64,884,2015-04-23,3,2114.50,2088.25,2100.75,2109.00,2096.25,composite,2,2114.50,2088.25,2106.75,2112.00,2099.25,below_value
2015-04-30,0.75,start,migration,0.00,,,,885,2015-04-30,1,2098.00,2070.25,2088.75,2095.50,2082.75,composite,3,2114.50,2088.25,2100.75,2109.00,2096.25,below_value
2015-05-01,0.75,added,,0.85,0.58,False,0.39,885,2015-04-30,2,2102.50,2070.25,2088.75,2098.50,2085.75,day,1,2098.00,2070.25,2088.75,2095.50,2082.75,in_value
2015-05-04,0.75,start,migration,0.00,,,,886,2015-05-04,1,2115.00,2105.50,2109.75,2113.50,2108.25,composite,2,2102.50,2070.25,2088.75,2098.50,2085.75,above_range
2015-05-05,0.75,start,migration,0.00,,,,887,2015-05-05,1,2109.25,2081.50,2087.25,2097.00,2081.25,day,1,2115.00,2105.50,2109.75,2113.50,2108.25,below_range
2015-05-06,0.75,start,migration,0.05,,,,888,2015-05-06,1,2093.75,2061.25,2075.25,2082.00,2067.75,day,1,2109.25,2081.50,2087.25,2097.00,2081.25,in_value
2015-05-07,0.75,start,migration,0.40,,,,889,2015-05-07,1,2088.25,2069.25,2083.50,2088.75,2077.50,day,1,2093.75,2061.25,2075.25,2082.00,2067.75,in_value
2015-05-08,0.75,start,migration,0.00,,,,890,2015-05-08,1,2113.50,2102.50,2109.75,2112.00,2108.25,day,1,2088.25,2069.25,2083.50,2088.75,2077.50,above_range
2015-05-11,0.75,start,migration,0.33,,,,891,2015-05-11,1,2113.50,2099.50,2106.75,2110.50,2103.75,day,1,2113.50,2102.50,2109.75,2112.00,2108.25,in_value
2015-05-12,0.75,start,migration,0.00,,,,892,2015-05-12,1,2100.75,2080.25,2094.75,2100.00,2090.25,day,1,2113.50,2099.50,2106.75,2110.50,2103.75,below_range
2015-05-13,0.75,added,,1.00,0.57,False,0.71,892,2015-05-12,2,2106.50,2080.25,2094.75,2100.00,2091.75,day,1,2100.75,2080.25,2094.75,2100.00,2090.25,in_value
2015-05-14,0.75,start,migration,0.00,,,,893,2015-05-14,1,2117.75,2103.50,2109.00,2115.75,2106.00,composite,2,2106.50,2080.25,2094.75,2100.00,2091.75,above_range
2015-05-15,0.75,start,migration,0.40,,,,894,2015-05-15,1,2120.50,2113.25,2115.75,2118.00,2114.25,day,1,2117.75,2103.50,2109.00,2115.75,2106.00,above_range
2015-05-18,0.75,start,migration,0.00,,,,895,2015-05-18,1,2128.75,2116.25,2124.75,2128.50,2118.75,day,1,2120.50,2113.25,2115.75,2118.00,2114.25,in_value
2015-05-19,0.75,added,,1.00,0.68,False,1.00,895,2015-05-18,2,2130.25,2116.25,2125.50,2129.25,2122.50,day,1,2128.75,2116.25,2124.75,2128.50,2118.75,in_value
2015-05-20,0.75,added,,0.67,0.46,False,0.43,895,2015-05-18,3,2132.25,2116.25,2123.25,2128.50,2121.75,composite,2,2130.25,2116.25,2125.50,2129.25,2122.50,in_value
2015-05-21,0.75,start,migration,0.43,,,,896,2015-05-21,1,2132.00,2119.50,2127.75,2131.50,2126.25,composite,3,2132.25,2116.25,2123.25,2128.50,2121.75,below_value
2015-05-22,0.75,added,,0.80,0.68,False,0.60,896,2015-05-21,2,2132.00,2119.50,2127.75,2130.00,2124.75,day,1,2132.00,2119.50,2127.75,2131.50,2126.25,below_value
2015-05-26,0.75,start,migration,0.00,,,,897,2015-05-26,1,2119.25,2096.00,2102.25,2106.00,2096.25,composite,2,2132.00,2119.50,2127.75,2130.00,2124.75,below_range
2015-05-27,0.75,start,migration,0.00,,,,898,2015-05-27,1,2124.25,2102.50,2115.75,2121.00,2109.75,day,1,2119.25,2096.00,2102.25,2106.00,2096.25,above_value
2015-05-28,0.75,added,,1.00,0.55,False,0.71,898,2015-05-27,2,2124.25,2102.50,2114.25,2119.50,2111.25,day,1,2124.25,2102.50,2115.75,2121.00,2109.75,in_value
2015-05-29,0.75,start,migration,0.18,,,,899,2015-05-29,1,2118.75,2102.25,2107.50,2112.75,2104.50,composite,2,2124.25,2102.50,2114.25,2119.50,2111.25,in_value
2015-06-01,0.50,added,,0.71,0.38,False,0.33,899,2015-05-29,2,2118.75,2100.25,2107.00,2114.50,2105.00,day,1,2118.75,2102.25,2107.50,2112.75,2104.50,above_value
2015-06-02,0.50,added,,0.78,0.49,False,0.54,899,2015-05-29,3,2118.75,2096.25,2107.00,2113.50,2104.00,composite,2,2118.75,2100.25,2107.00,2114.50,2105.00,below_value
2015-06-03,0.50,start,migration,0.46,,,,900,2015-06-03,1,2120.75,2107.25,2113.50,2117.00,2110.50,composite,3,2118.75,2096.25,2107.00,2113.50,2104.00,above_value
2015-06-04,0.50,start,migration,0.00,,,,901,2015-06-04,1,2111.75,2091.25,2094.50,2102.00,2091.50,day,1,2120.75,2107.25,2113.50,2117.00,2110.50,below_range
2015-06-05,0.50,added,,0.73,0.34,False,0.54,901,2015-06-04,2,2111.75,2083.50,2093.00,2099.50,2090.00,day,1,2111.75,2091.25,2094.50,2102.00,2091.50,in_value
2015-06-08,0.50,start,migration,0.00,,,,902,2015-06-08,1,2092.00,2077.50,2085.00,2088.50,2081.00,composite,2,2111.75,2083.50,2093.00,2099.50,2090.00,in_value
2015-06-09,0.50,start,migration,0.33,,,,903,2015-06-09,1,2084.75,2070.75,2080.00,2083.50,2076.00,day,1,2092.00,2077.50,2085.00,2088.50,2081.00,below_value
2015-06-10,0.50,start,migration,0.00,,,,904,2015-06-10,1,2108.00,2086.75,2104.50,2108.00,2098.50,day,1,2084.75,2070.75,2080.00,2083.50,2076.00,above_range
2015-06-11,0.50,start,migration,0.00,,,,905,2015-06-11,1,2114.75,2105.75,2110.00,2112.50,2108.00,day,1,2108.00,2086.75,2104.50,2108.00,2098.50,above_range
2015-06-12,0.50,start,migration,0.00,,,,906,2015-06-12,1,2102.00,2090.25,2093.50,2098.00,2091.50,day,1,2114.75,2105.75,2110.00,2112.50,2108.00,below_range
2015-06-15,0.50,start,roll,,,,,907,2015-06-15,1,2079.50,2062.75,2074.50,2079.00,2071.50,none,0,,,,,,
2015-06-16,0.50,start,migration,0.05,,,,908,2015-06-16,1,2088.75,2072.00,2086.50,2089.00,2078.50,day,1,2079.50,2062.75,2074.50,2079.00,2071.50,in_value
2015-06-17,0.50,start,migration,0.39,,,,909,2015-06-17,1,2098.75,2078.75,2092.50,2096.00,2084.50,day,1,2088.75,2072.00,2086.50,2089.00,2078.50,above_range
2015-06-18,0.50,start,migration,0.00,,,,910,2015-06-18,1,2119.25,2097.00,2113.50,2117.00,2109.50,day,1,2098.75,2078.75,2092.50,2096.00,2084.50,above_value
2015-06-19,0.50,start,migration,0.31,,,,911,2015-06-19,1,2111.50,2099.75,2107.00,2111.50,2105.00,day,1,2119.25,2097.00,2113.50,2117.00,2109.50,in_value
2015-06-22,0.50,start,migration,0.00,,,,912,2015-06-22,1,2122.00,2112.25,2115.50,2118.00,2112.50,day,1,2111.50,2099.75,2107.00,2111.50,2105.00,above_range
2015-06-23,0.50,added,,1.00,0.37,False,1.00,912,2015-06-22,2,2122.00,2111.25,2115.00,2117.50,2113.00,day,1,2122.00,2112.25,2115.50,2118.00,2112.50,in_value
2015-06-24,0.50,start,migration,0.00,,,,913,2015-06-24,1,2117.50,2100.00,2104.00,2112.50,2101.00,composite,2,2122.00,2111.25,2115.00,2117.50,2113.00,below_value
2015-06-25,0.50,added,,0.68,0.38,False,0.65,913,2015-06-24,2,2117.50,2092.50,2102.00,2110.50,2097.00,day,1,2117.50,2100.00,2104.00,2112.50,2101.00,in_value
2015-06-26,0.50,start,migration,0.12,,,,914,2015-06-26,1,2100.75,2086.25,2094.50,2098.00,2089.50,composite,2,2117.50,2092.50,2102.00,2110.50,2097.00,in_value
2015-06-29,0.75,start,migration,0.00,,,,915,2015-06-29,1,2083.25,2047.25,2065.50,2079.75,2058.00,day,1,2100.75,2086.25,2094.50,2098.00,2089.50,below_range
2015-06-30,0.75,start,migration,0.31,,,,916,2015-06-30,1,2067.50,2046.75,2055.75,2061.00,2051.25,day,1,2083.25,2047.25,2065.50,2079.75,2058.00,in_value
2015-07-01,0.75,start,migration,0.00,,,,917,2015-07-01,1,2074.50,2059.75,2065.50,2070.75,2062.50,day,1,2067.50,2046.75,2055.75,2061.00,2051.25,above_range
2015-07-02,0.75,added,,0.91,0.31,False,0.71,917,2015-07-01,2,2077.00,2059.75,2064.75,2070.00,2061.75,day,1,2074.50,2059.75,2065.50,2070.75,2062.50,above_range
2015-07-06,0.75,start,migration,0.27,,,,918,2015-07-06,1,2070.50,2049.25,2061.00,2064.75,2053.50,composite,2,2077.00,2059.75,2064.75,2070.00,2061.75,below_range
2015-07-07,0.75,start,migration,0.45,,,,919,2015-07-07,1,2076.00,2035.00,2057.25,2064.00,2040.75,day,1,2070.50,2049.25,2061.00,2064.75,2053.50,in_value
2015-07-08,0.75,added,,1.00,0.35,False,0.73,919,2015-07-07,2,2076.00,2035.00,2049.00,2060.25,2041.50,day,1,2076.00,2035.00,2057.25,2064.00,2040.75,in_value
2015-07-09,0.75,added,,0.95,0.35,False,0.53,919,2015-07-07,3,2076.00,2035.00,2049.00,2061.75,2043.00,composite,2,2076.00,2035.00,2049.00,2060.25,2041.50,above_value
2015-07-10,0.75,start,migration,0.00,,,,920,2015-07-10,1,2074.75,2059.50,2067.00,2072.25,2065.50,composite,3,2076.00,2035.00,2049.00,2061.75,2043.00,above_value
2015-07-13,0.75,start,migration,0.00,,,,921,2015-07-13,1,2094.00,2084.00,2088.75,2091.00,2085.75,day,1,2074.75,2059.50,2067.00,2072.25,2065.50,above_range
2015-07-14,0.75,start,migration,0.00,,,,922,2015-07-14,1,2105.50,2091.50,2100.75,2104.50,2097.75,day,1,2094.00,2084.00,2088.75,2091.00,2085.75,above_value
2015-07-15,0.75,skipped_shape,,0.67,0.76,False,0.43,922,2015-07-14,1,2105.50,2091.50,2100.75,2104.50,2097.75,day,1,2105.50,2091.50,2100.75,2104.50,2097.75,in_value
2015-07-16,0.75,start,migration,0.00,,,,923,2015-07-16,1,2117.75,2110.75,2114.25,2116.50,2112.75,older_day,1,2105.50,2091.50,2100.75,2104.50,2097.75,above_range
2015-07-17,0.75,added,,0.80,0.42,False,1.00,923,2015-07-16,2,2120.00,2110.75,2114.25,2116.50,2112.75,day,1,2117.75,2110.75,2114.25,2116.50,2112.75,above_value
2015-07-20,0.75,start,migration,0.00,,,,924,2015-07-20,1,2126.25,2116.50,2123.25,2125.50,2120.25,composite,2,2120.00,2110.75,2114.25,2116.50,2112.75,above_range
2015-07-21,0.75,start,migration,0.00,,,,925,2015-07-21,1,2121.75,2108.00,2112.00,2115.75,2109.00,day,1,2126.25,2116.50,2123.25,2125.50,2120.25,below_value
2015-07-22,0.75,start,migration,0.00,,,,926,2015-07-22,1,2112.00,2103.00,2106.75,2109.00,2103.75,day,1,2121.75,2108.00,2112.00,2115.75,2109.00,below_range
2015-07-23,0.75,start,migration,0.06,,,,927,2015-07-23,1,2110.50,2091.50,2097.75,2104.50,2091.75,day,1,2112.00,2103.00,2106.75,2109.00,2103.75,above_value
2015-07-24,0.75,start,migration,0.00,,,,928,2015-07-24,1,2097.75,2069.75,2073.75,2088.00,2070.75,day,1,2110.50,2091.50,2097.75,2104.50,2091.75,in_value
2015-07-27,0.50,start,migration,0.00,,,,929,2015-07-27,1,2069.50,2056.50,2061.50,2065.00,2059.50,day,1,2097.75,2069.75,2073.75,2088.00,2070.75,below_range
2015-07-28,0.50,start,migration,0.00,,,,930,2015-07-28,1,2089.00,2061.50,2084.50,2089.00,2068.50,day,1,2069.50,2056.50,2061.50,2065.00,2059.50,above_range
2015-07-29,0.50,start,migration,0.00,,,,931,2015-07-29,1,2104.25,2086.75,2097.00,2103.50,2093.00,day,1,2089.00,2061.50,2084.50,2089.00,2068.50,in_value
2015-07-30,0.50,added,,1.00,0.54,False,0.54,931,2015-07-29,2,2104.25,2086.75,2096.00,2102.50,2093.00,day,1,2104.25,2086.75,2097.00,2103.50,2093.00,in_value
2015-07-31,0.50,start,migration,0.47,,,,932,2015-07-31,1,2108.50,2095.25,2105.50,2107.00,2098.50,composite,2,2104.25,2086.75,2096.00,2102.50,2093.00,above_range
2015-08-03,0.50,start,migration,0.00,,,,933,2015-08-03,1,2099.00,2080.00,2084.00,2093.50,2080.00,day,1,2108.50,2095.25,2105.50,2107.00,2098.50,below_value
2015-08-04,0.50,added,,1.00,0.50,False,1.00,933,2015-08-03,2,2099.00,2080.00,2089.50,2095.00,2084.50,day,1,2099.00,2080.00,2084.00,2093.50,2080.00,in_value
2015-08-05,0.50,start,migration,0.29,,,,934,2015-08-05,1,2107.00,2090.75,2096.00,2102.50,2092.00,composite,2,2099.00,2080.00,2089.50,2095.00,2084.50,above_value
2015-08-06,0.50,start,migration,0.00,,,,935,2015-08-06,1,2098.00,2070.00,2078.50,2085.00,2070.50,day,1,2107.00,2090.75,2096.00,2102.50,2092.00,in_value
2015-08-07,0.50,start,migration,0.12,,,,936,2015-08-07,1,2076.75,2062.00,2065.00,2071.50,2063.00,day,1,2098.00,2070.00,2078.50,2085.00,2070.50,in_value
2015-08-10,0.50,start,migration,0.00,,,,937,2015-08-10,1,2100.75,2086.00,2097.00,2099.50,2093.00,day,1,2076.75,2062.00,2065.00,2071.50,2063.00,above_range
2015-08-11,0.50,start,migration,0.00,,,,938,2015-08-11,1,2088.25,2070.75,2076.00,2081.50,2072.00,day,1,2100.75,2086.00,2097.00,2099.50,2093.00,below_range
2015-08-12,0.50,start,migration,0.00,,,,939,2015-08-12,1,2084.75,2046.50,2056.50,2070.00,2048.50,day,1,2088.25,2070.75,2076.00,2081.50,2072.00,below_range
2015-08-13,0.50,start,migration,0.00,,,,940,2015-08-13,1,2089.00,2073.25,2086.50,2088.00,2078.50,day,1,2084.75,2046.50,2056.50,2070.00,2048.50,above_value
2015-08-14,0.50,added,,1.00,0.59,False,1.00,940,2015-08-13,2,2089.00,2073.25,2082.50,2087.00,2078.50,day,1,2089.00,2073.25,2086.50,2088.00,2078.50,below_value
2015-08-17,0.50,start,migration,0.14,,,,941,2015-08-17,1,2099.25,2074.75,2096.00,2099.50,2085.00,composite,2,2089.00,2073.25,2082.50,2087.00,2078.50,in_value
2015-08-18,0.50,added,,1.00,0.72,False,0.54,941,2015-08-17,2,2100.25,2074.75,2093.00,2099.50,2090.00,day,1,2099.25,2074.75,2096.00,2099.50,2085.00,in_value
2015-08-19,0.50,start,migration,0.00,,,,942,2015-08-19,1,2093.50,2066.50,2078.00,2084.50,2072.00,composite,2,2100.25,2074.75,2093.00,2099.50,2090.00,below_value
2015-08-20,0.50,start,migration,0.00,,,,943,2015-08-20,1,2065.00,2032.25,2050.00,2056.50,2042.00,day,1,2093.50,2066.50,2078.00,2084.50,2072.00,below_range
2015-08-21,0.50,start,migration,0.00,,,,944,2015-08-21,1,2022.25,1968.00,1995.00,2008.50,1980.00,day,1,2065.00,2032.25,2050.00,2056.50,2042.00,below_range
2015-08-24,0.75,start,migration,0.00,,,,945,2015-08-24,1,1950.75,1831.00,1917.00,1931.25,1878.00,day,1,2022.25,1968.00,1995.00,2008.50,1980.00,below_range
2015-08-25,0.75,added,,0.72,0.72,False,0.94,945,2015-08-24,2,1950.75,1831.00,1917.00,1941.75,1894.50,day,1,1950.75,1831.00,1917.00,1931.25,1878.00,above_value
2015-08-26,0.75,added,,0.56,0.69,False,0.56,945,2015-08-24,3,1950.75,1831.00,1913.25,1930.50,1883.25,composite,2,1950.75,1831.00,1917.00,1941.75,1894.50,in_value
2015-08-27,0.75,start,migration,0.00,,,,946,2015-08-27,1,1986.75,1944.25,1966.50,1979.25,1957.50,composite,3,1950.75,1831.00,1913.25,1930.50,1883.25,above_range
2015-08-28,0.75,start,migration,0.36,,,,947,2015-08-28,1,1991.00,1971.50,1980.75,1984.50,1976.25,day,1,1986.75,1944.25,1966.50,1979.25,1957.50,in_value
2015-08-31,0.75,start,migration,0.13,,,,948,2015-08-31,1,1983.75,1962.25,1972.50,1977.75,1966.50,day,1,1991.00,1971.50,1980.75,1984.50,1976.25,below_value
2015-09-01,0.75,start,migration,0.00,,,,949,2015-09-01,1,1939.50,1898.75,1922.25,1933.50,1916.25,day,1,1983.75,1962.25,1972.50,1977.75,1966.50,below_range
2015-09-02,0.75,added,,0.84,0.64,False,0.69,949,2015-09-01,2,1946.75,1898.75,1929.00,1935.75,1920.00,day,1,1939.50,1898.75,1922.25,1933.50,1916.25,above_value
2015-09-03,0.75,start,migration,0.00,,,,950,2015-09-03,1,1973.50,1942.00,1952.25,1963.50,1946.25,composite,2,1946.75,1898.75,1929.00,1935.75,1920.00,above_range
2015-09-04,0.75,start,migration,0.00,,,,951,2015-09-04,1,1930.75,1907.75,1916.25,1926.00,1913.25,day,1,1973.50,1942.00,1952.25,1963.50,1946.25,below_range
2015-09-08,1.00,start,migration,0.00,,,,952,2015-09-08,1,1968.75,1944.00,1950.00,1957.00,1946.00,day,1,1930.75,1907.75,1916.25,1926.00,1913.25,above_range
2015-09-09,1.00,start,migration,0.10,,,,953,2015-09-09,1,1987.50,1935.50,1968.00,1983.00,1954.00,day,1,1968.75,1944.00,1950.00,1957.00,1946.00,above_range
2015-09-10,1.00,start,migration,0.23,,,,954,2015-09-10,1,1965.25,1934.75,1951.00,1958.00,1941.00,day,1,1987.50,1935.50,1968.00,1983.00,1954.00,below_value
2015-09-11,1.00,added,,1.00,0.52,False,0.46,954,2015-09-10,2,1965.25,1934.75,1950.00,1955.00,1940.00,day,1,1965.25,1934.75,1951.00,1958.00,1941.00,in_value
2015-09-14,1.00,start,roll,,,,,955,2015-09-14,1,1952.50,1936.50,1940.00,1945.00,1938.00,none,0,,,,,,
2015-09-15,1.00,start,migration,0.00,,,,956,2015-09-15,1,1973.00,1943.50,1959.00,1972.00,1955.00,day,1,1952.50,1936.50,1940.00,1945.00,1938.00,above_value
2015-09-16,1.00,start,migration,0.00,,,,957,2015-09-16,1,1987.00,1967.00,1980.00,1985.00,1972.00,day,1,1973.00,1943.50,1959.00,1972.00,1955.00,in_value
2015-09-17,1.00,start,migration,0.37,,,,958,2015-09-17,1,2011.75,1975.50,1986.00,1997.00,1978.00,day,1,1987.00,1967.00,1980.00,1985.00,1972.00,in_value
2015-09-18,1.00,start,migration,0.00,,,,959,2015-09-18,1,1967.50,1941.25,1954.00,1961.00,1948.00,day,1,2011.75,1975.50,1986.00,1997.00,1978.00,below_range
2015-09-21,1.00,added,,0.85,0.47,False,0.56,959,2015-09-18,2,1969.00,1941.25,1954.00,1963.00,1950.00,day,1,1967.50,1941.25,1954.00,1961.00,1948.00,in_value
2015-09-22,1.00,start,migration,0.00,,,,960,2015-09-22,1,1936.75,1917.75,1924.00,1931.00,1920.00,composite,2,1969.00,1941.25,1954.00,1963.00,1950.00,below_range
2015-09-23,1.00,added,,0.73,0.39,False,0.71,960,2015-09-22,2,1938.75,1917.75,1925.00,1932.00,1921.00,day,1,1936.75,1917.75,1924.00,1931.00,1920.00,above_value
2015-09-24,1.00,start,migration,0.00,,,,961,2015-09-24,1,1926.75,1897.25,1906.00,1917.00,1902.00,composite,2,1938.75,1917.75,1925.00,1932.00,1921.00,below_range
2015-09-25,1.00,start,migration,0.00,,,,962,2015-09-25,1,1942.50,1910.25,1937.00,1942.00,1925.00,day,1,1926.75,1897.25,1906.00,1917.00,1902.00,above_range
2015-09-28,1.00,start,migration,0.00,,,,963,2015-09-28,1,1911.75,1868.75,1879.00,1894.00,1869.00,day,1,1942.50,1910.25,1937.00,1942.00,1925.00,below_value
2015-09-29,1.00,added,,1.00,0.32,False,1.00,963,2015-09-28,2,1911.75,1861.50,1877.00,1886.00,1869.00,day,1,1911.75,1868.75,1879.00,1894.00,1869.00,in_value
2015-09-30,1.00,start,migration,0.00,,,,964,2015-09-30,1,1910.50,1886.50,1900.00,1905.00,1894.00,composite,2,1911.75,1861.50,1877.00,1886.00,1869.00,above_value
2015-10-01,1.00,start,migration,0.47,,,,965,2015-10-01,1,1917.25,1890.25,1903.00,1914.00,1897.00,day,1,1910.50,1886.50,1900.00,1905.00,1894.00,above_range
2015-10-02,1.00,start,migration,0.46,,,,966,2015-10-02,1,1942.25,1883.00,1920.00,1931.00,1894.00,day,1,1917.25,1890.25,1903.00,1914.00,1897.00,below_range
2015-10-05,1.00,start,migration,0.00,,,,967,2015-10-05,1,1980.00,1955.25,1967.00,1976.00,1961.00,day,1,1942.25,1883.00,1920.00,1931.00,1894.00,above_range
2015-10-06,1.00,added,,1.00,0.45,False,0.33,967,2015-10-05,2,1982.25,1955.25,1967.00,1976.00,1965.00,day,1,1980.00,1955.25,1967.00,1976.00,1961.00,in_value
2015-10-07,1.00,start,migration,0.15,,,,968,2015-10-07,1,1991.25,1967.50,1980.00,1987.00,1974.00,composite,2,1982.25,1955.25,1967.00,1976.00,1965.00,above_value
2015-10-08,1.00,skipped_daytype,,0.60,,,,968,2015-10-07,1,1991.25,1967.50,1980.00,1987.00,1974.00,day,1,1991.25,1967.50,1980.00,1987.00,1974.00,in_value
2015-10-09,1.00,start,migration,0.00,,,,969,2015-10-09,1,2012.25,1998.75,2004.00,2011.00,2002.00,older_day,1,1991.25,1967.50,1980.00,1987.00,1974.00,above_range
2015-10-12,1.00,added,,1.00,0.63,False,0.60,969,2015-10-09,2,2012.25,1998.75,2007.00,2010.00,2003.00,day,1,2012.25,1998.75,2004.00,2011.00,2002.00,in_value
2015-10-13,1.00,added,,0.54,0.66,False,0.43,969,2015-10-09,3,2014.75,1993.50,2007.00,2010.00,2001.00,composite,2,2012.25,1998.75,2007.00,2010.00,2003.00,below_value
2015-10-14,1.00,start,migration,0.00,,,,970,2015-10-14,1,2001.75,1982.50,1991.00,1996.00,1985.00,composite,3,2014.75,1993.50,2007.00,2010.00,2001.00,below_value
2015-10-15,1.00,start,migration,0.35,,,,971,2015-10-15,1,2017.00,1989.50,1998.00,2007.00,1990.00,day,1,2001.75,1982.50,1991.00,1996.00,1985.00,in_value
2015-10-16,1.00,start,migration,0.00,,,,972,2015-10-16,1,2026.00,2012.25,2018.00,2023.00,2016.00,day,1,2017.00,1989.50,1998.00,2007.00,1990.00,above_range
2015-10-19,1.00,added,,0.71,0.59,False,0.60,972,2015-10-16,2,2027.00,2012.25,2021.00,2024.00,2017.00,day,1,2026.00,2012.25,2018.00,2023.00,2016.00,in_value
2015-10-20,1.00,added,,0.57,0.47,False,1.00,972,2015-10-16,3,2031.50,2012.25,2021.00,2026.00,2017.00,composite,2,2027.00,2012.25,2021.00,2024.00,2017.00,in_value
2015-10-21,1.00,added,,0.82,0.54,False,1.00,972,2015-10-16,4,2031.50,2009.50,2021.00,2026.00,2017.00,composite,3,2031.50,2012.25,2021.00,2026.00,2017.00,above_value
2015-10-22,1.00,start,migration,0.00,,,,973,2015-10-22,1,2048.75,2021.50,2042.00,2049.00,2036.00,composite,4,2031.50,2009.50,2021.00,2026.00,2017.00,in_value
2015-10-23,1.00,start,migration,0.00,,,,974,2015-10-23,1,2073.50,2056.75,2066.00,2071.00,2062.00,day,1,2048.75,2021.50,2042.00,2049.00,2036.00,above_range
2015-10-26,1.00,added,,1.00,0.47,False,0.60,974,2015-10-23,2,2073.50,2056.75,2064.00,2069.00,2062.00,day,1,2073.50,2056.75,2066.00,2071.00,2062.00,in_value
2015-10-27,1.00,start,migration,0.00,,,,975,2015-10-27,1,2063.75,2051.25,2055.00,2060.00,2053.00,composite,2,2073.50,2056.75,2064.00,2069.00,2062.00,below_range
2015-10-28,1.00,start,migration,0.00,,,,976,2015-10-28,1,2083.50,2055.50,2073.00,2078.00,2065.00,day,1,2063.75,2051.25,2055.00,2060.00,2053.00,above_value
2015-10-29,1.00,start,migration,0.00,,,,977,2015-10-29,1,2086.50,2075.50,2080.00,2083.00,2078.00,day,1,2083.50,2055.50,2073.00,2078.00,2065.00,in_value
2015-10-30,1.00,added,,0.56,0.53,False,0.60,977,2015-10-29,2,2088.25,2071.75,2080.00,2085.00,2078.00,day,1,2086.50,2075.50,2080.00,2083.00,2078.00,above_value
2015-11-02,1.00,start,migration,0.41,,,,978,2015-11-02,1,2100.00,2075.25,2086.00,2095.00,2078.00,composite,2,2088.25,2071.75,2080.00,2085.00,2078.00,below_value
2015-11-03,1.00,start,migration,0.00,,,,979,2015-11-03,1,2110.25,2090.50,2102.00,2107.00,2096.00,day,1,2100.00,2075.25,2086.00,2095.00,2078.00,in_value
2015-11-04,1.00,added,,0.57,0.36,False,0.71,979,2015-11-03,2,2110.25,2090.50,2097.00,2104.00,2093.00,day,1,2110.25,2090.50,2102.00,2107.00,2096.00,in_value
2015-11-05,1.00,start,migration,0.44,,,,980,2015-11-05,1,2103.25,2084.00,2094.00,2097.00,2088.00,composite,2,2110.25,2090.50,2097.00,2104.00,2093.00,in_value
2015-11-06,1.00,start,migration,0.44,,,,981,2015-11-06,1,2096.25,2077.50,2087.00,2092.00,2083.00,day,1,2103.25,2084.00,2094.00,2097.00,2088.00,in_value
2015-11-09,0.75,start,migration,0.00,,,,982,2015-11-09,1,2088.00,2062.00,2070.00,2075.25,2064.00,day,1,2096.25,2077.50,2087.00,2092.00,2083.00,in_value
2015-11-10,0.75,added,,1.00,0.32,False,1.00,982,2015-11-09,2,2088.00,2062.00,2070.00,2075.25,2065.50,day,1,2088.00,2062.00,2070.00,2075.25,2064.00,in_value
2015-11-11,0.75,added,,0.67,0.46,False,0.56,982,2015-11-09,3,2088.00,2062.00,2073.75,2077.50,2067.75,composite,2,2088.00,2062.00,2070.00,2075.25,2065.50,above_value
2015-11-12,0.75,start,migration,0.00,,,,983,2015-11-12,1,2063.50,2041.00,2053.50,2058.75,2049.00,composite,3,2088.00,2062.00,2073.75,2077.50,2067.75,below_range
2015-11-13,0.75,start,migration,0.00,,,,984,2015-11-13,1,2039.50,2016.75,2028.00,2033.25,2022.00,day,1,2063.50,2041.00,2053.50,2058.75,2049.00,below_range
2015-11-16,0.75,added,,0.65,0.31,False,0.82,984,2015-11-13,2,2049.50,2014.50,2025.00,2033.25,2019.00,day,1,2039.50,2016.75,2028.00,2033.25,2022.00,below_range
2015-11-17,0.75,start,migration,0.00,,,,985,2015-11-17,1,2063.50,2041.50,2049.75,2059.50,2046.75,composite,2,2049.50,2014.50,2025.00,2033.25,2019.00,above_range
2015-11-18,0.75,start,migration,0.33,,,,986,2015-11-18,1,2082.50,2052.75,2060.25,2070.00,2054.25,day,1,2063.50,2041.50,2049.75,2059.50,2046.75,in_value
2015-11-19,0.75,start,migration,0.00,,,,987,2015-11-19,1,2083.75,2075.25,2079.00,2082.75,2077.50,day,1,2082.50,2052.75,2060.25,2070.00,2054.25,above_value
2015-11-20,0.75,start,migration,0.00,,,,988,2015-11-20,1,2094.50,2081.75,2087.25,2092.50,2085.75,day,1,2083.75,2075.25,2079.00,2082.75,2077.50,above_range
2015-11-23,0.75,added,,0.82,0.70,False,0.71,988,2015-11-20,2,2094.50,2078.25,2089.50,2093.25,2085.00,day,1,2094.50,2081.75,2087.25,2092.50,2085.75,in_value
2015-11-24,0.75,start,migration,0.43,,,,989,2015-11-24,1,2091.50,2067.00,2086.50,2091.75,2076.00,composite,2,2094.50,2078.25,2089.50,2093.25,2085.00,below_range
2015-11-25,0.75,skipped_shape,,1.00,0.86,False,0.46,989,2015-11-24,1,2091.50,2067.00,2086.50,2091.75,2076.00,day,1,2091.50,2067.00,2086.50,2091.75,2076.00,in_value
2015-11-27,0.75,skipped_shape,,1.00,0.83,False,0.46,989,2015-11-24,1,2091.50,2067.00,2086.50,2091.75,2076.00,older_day,1,2091.50,2067.00,2086.50,2091.75,2076.00,in_value
2015-11-30,0.75,added,,1.00,0.69,False,1.00,989,2015-11-24,2,2092.00,2067.00,2084.25,2089.50,2079.75,older_day,1,2091.50,2067.00,2086.50,2091.75,2076.00,in_value
2015-12-01,0.75,start,migration,0.22,,,,990,2015-12-01,1,2101.50,2084.25,2091.00,2094.75,2088.00,composite,2,2092.00,2067.00,2084.25,2089.50,2079.75,in_value
2015-12-02,0.75,start,migration,0.31,,,,991,2015-12-02,1,2103.25,2075.00,2094.00,2103.75,2082.00,day,1,2101.50,2084.25,2091.00,2094.75,2088.00,above_value
2015-12-03,0.75,start,migration,0.00,,,,992,2015-12-03,1,2084.50,2040.00,2069.25,2080.50,2051.25,day,1,2103.25,2075.00,2094.00,2103.75,2082.00,below_value
2015-12-04,0.75,added,,0.78,0.56,False,0.76,992,2015-12-03,2,2093.00,2040.00,2069.25,2083.50,2051.25,day,1,2084.50,2040.00,2069.25,2080.50,2051.25,in_value
2015-12-07,0.75,added,,1.00,0.58,False,0.68,992,2015-12-03,3,2093.00,2040.00,2070.75,2080.50,2057.25,composite,2,2093.00,2040.00,2069.25,2083.50,2051.25,above_value
2015-12-08,0.75,added,,0.93,0.58,False,0.43,992,2015-12-03,4,2093.00,2040.00,2070.75,2077.50,2055.75,composite,3,2093.00,2040.00,2070.75,2080.50,2057.25,in_value
2015-12-09,0.75,start,migration,0.28,,,,993,2015-12-09,1,2079.75,2034.25,2043.75,2064.00,2034.75,composite,4,2093.00,2040.00,2070.75,2077.50,2055.75,below_value
2015-12-10,0.75,added,,1.00,0.43,False,0.77,993,2015-12-09,2,2079.75,2034.25,2053.50,2063.25,2041.50,day,1,2079.75,2034.25,2043.75,2064.00,2034.75,in_value
2015-12-11,0.75,start,migration,0.00,,,,994,2015-12-11,1,2033.75,2007.25,2020.50,2027.25,2013.00,composite,2,2079.75,2034.25,2053.50,2063.25,2041.50,below_range
2015-12-14,0.75,start,roll,,,,,995,2015-12-14,1,2014.25,1983.25,1999.50,2009.25,1995.00,none,0,,,,,,
2015-12-15,0.75,start,migration,0.00,,,,996,2015-12-15,1,2045.75,2029.50,2037.75,2043.00,2033.25,day,1,2014.25,1983.25,1999.50,2009.25,1995.00,above_range
2015-12-16,0.75,start,migration,0.38,,,,997,2015-12-16,1,2068.75,2031.00,2041.50,2052.75,2037.00,day,1,2045.75,2029.50,2037.75,2043.00,2033.25,above_range
2015-12-17,0.75,added,,1.00,0.28,False,0.54,997,2015-12-16,2,2069.50,2031.00,2041.50,2051.25,2037.00,day,1,2068.75,2031.00,2041.50,2052.75,2037.00,above_value
2015-12-18,0.75,start,migration,0.00,,,,998,2015-12-18,1,2023.75,1994.00,2008.50,2015.25,2002.50,composite,2,2069.50,2031.00,2041.50,2051.25,2037.00,below_range
2015-12-21,1.00,added,,0.73,0.48,False,0.56,998,2015-12-18,2,2023.75,1994.00,2008.00,2013.00,2000.00,day,1,2023.75,1994.00,2008.50,2015.25,2002.50,in_value
2015-12-22,1.00,start,migration,0.00,,,,999,2015-12-22,1,2034.50,2010.50,2018.00,2029.00,2014.00,composite,2,2023.75,1994.00,2008.00,2013.00,2000.00,above_value
2015-12-23,1.00,start,migration,0.00,,,,1000,2015-12-23,1,2057.75,2041.75,2050.00,2057.00,2046.00,day,1,2034.50,2010.50,2018.00,2029.00,2014.00,above_range
2015-12-24,1.00,added,,0.71,0.60,False,1.00,1000,2015-12-23,2,2059.75,2041.75,2052.00,2057.00,2048.00,day,1,2057.75,2041.75,2050.00,2057.00,2046.00,in_value
2015-12-28,1.00,start,migration,0.00,,,,1001,2015-12-28,1,2048.50,2035.25,2042.00,2047.00,2038.00,composite,2,2059.75,2041.75,2052.00,2057.00,2048.00,below_value
2015-12-29,1.00,start,migration,0.00,,,,1002,2015-12-29,1,2074.50,2060.75,2068.00,2073.00,2066.00,day,1,2048.50,2035.25,2042.00,2047.00,2038.00,above_range
2015-12-30,1.00,start,migration,0.00,,,,1003,2015-12-30,1,2068.50,2053.50,2063.00,2066.00,2061.00,day,1,2074.50,2060.75,2068.00,2073.00,2066.00,in_value
2015-12-31,1.00,start,migration,0.00,,,,1004,2015-12-31,1,2054.75,2033.75,2043.00,2052.00,2039.00,day,1,2068.50,2053.50,2063.00,2066.00,2061.00,below_range
2016-01-04,1.00,start,migration,0.00,,,,1005,2016-01-04,1,2005.00,1980.25,1992.00,1997.00,1986.00,day,1,2054.75,2033.75,2043.00,2052.00,2039.00,below_range
2016-01-05,1.00,start,migration,0.00,,,,1006,2016-01-05,1,2014.25,1995.25,2005.00,2010.00,1999.00,day,1,2005.00,1980.25,1992.00,1997.00,1986.00,above_range
2016-01-06,1.00,start,migration,0.00,,,,1007,2016-01-06,1,1995.50,1970.50,1985.00,1992.00,1979.00,day,1,2014.25,1995.25,2005.00,2010.00,1999.00,below_range
2016-01-07,1.00,start,migration,0.00,,,,1008,2016-01-07,1,1969.00,1930.25,1957.00,1968.00,1939.00,day,1,1995.50,1970.50,1985.00,1992.00,1979.00,below_range
2016-01-08,1.00,start,migration,0.32,,,,1009,2016-01-08,1,1953.25,1910.00,1936.00,1945.00,1926.00,day,1,1969.00,1930.25,1957.00,1968.00,1939.00,in_value
2016-01-11,1.00,start,migration,0.00,,,,1010,2016-01-11,1,1929.00,1892.50,1909.00,1920.00,1903.00,day,1,1953.25,1910.00,1936.00,1945.00,1926.00,below_value
2016-01-12,1.00,start,migration,0.47,,,,1011,2016-01-12,1,1940.25,1905.75,1918.00,1929.00,1912.00,day,1,1929.00,1892.50,1909.00,1920.00,1903.00,above_range
2016-01-13,1.00,start,migration,0.28,,,,1012,2016-01-13,1,1943.25,1878.00,1896.00,1925.00,1878.00,day,1,1940.25,1905.75,1918.00,1929.00,1912.00,above_value
2016-01-14,1.00,added,,1.00,0.35,False,0.60,1012,2016-01-13,2,1943.25,1871.00,1896.00,1921.00,1882.00,day,1,1943.25,1878.00,1896.00,1925.00,1878.00,in_value
2016-01-15,1.00,start,migration,0.00,,,,1013,2016-01-15,1,1882.00,1849.25,1865.00,1876.00,1861.00,composite,2,1943.25,1871.00,1896.00,1921.00,1882.00,below_range
2016-01-19,1.00,start,migration,0.26,,,,1014,2016-01-19,1,1895.50,1856.25,1874.00,1893.00,1870.00,day,1,1882.00,1849.25,1865.00,1876.00,1861.00,above_range
2016-01-20,1.00,start,migration,0.00,,,,1015,2016-01-20,1,1869.25,1804.25,1820.00,1845.00,1810.00,day,1,1895.50,1856.25,1874.00,1893.00,1870.00,below_range
2016-01-21,1.00,start,migration,0.00,,,,1016,2016-01-21,1,1883.25,1840.75,1866.00,1877.00,1858.00,day,1,1869.25,1804.25,1820.00,1845.00,1810.00,above_value
2016-01-22,1.00,start,migration,0.00,,,,1017,2016-01-22,1,1902.25,1883.25,1892.00,1899.00,1890.00,day,1,1883.25,1840.75,1866.00,1877.00,1858.00,above_range
2016-01-25,1.00,start,migration,0.39,,,,1018,2016-01-25,1,1895.75,1868.00,1886.00,1895.00,1882.00,day,1,1902.25,1883.25,1892.00,1899.00,1890.00,in_value
2016-01-26,1.00,added,,0.64,0.64,False,0.56,1018,2016-01-25,2,1899.75,1868.00,1888.00,1897.00,1884.00,day,1,1895.75,1868.00,1886.00,1895.00,1882.00,below_value
2016-01-27,1.00,start,migration,0.45,,,,1019,2016-01-27,1,1910.00,1864.50,1887.00,1904.00,1875.00,composite,2,1899.75,1868.00,1888.00,1897.00,1884.00,in_value
2016-01-28,1.00,added,,1.00,0.50,False,0.47,1019,2016-01-27,2,1910.00,1864.50,1887.00,1894.00,1873.00,day,1,1910.00,1864.50,1887.00,1904.00,1875.00,in_value
2016-01-29,1.00,start,migration,0.00,,,,1020,2016-01-29,1,1932.00,1893.25,1917.00,1926.00,1905.00,composite,2,1910.00,1864.50,1887.00,1894.00,1873.00,above_value
2016-02-01,1.00,added,,0.67,0.61,False,1.00,1020,2016-01-29,2,1940.00,1893.25,1922.00,1933.00,1912.00,day,1,1932.00,1893.25,1917.00,1926.00,1905.00,in_value
2016-02-02,1.00,start,migration,0.00,,,,1021,2016-02-02,1,1914.00,1889.00,1902.00,1907.00,1894.00,composite,2,1940.00,1893.25,1922.00,1933.00,1912.00,in_value
2016-02-03,1.00,start,migration,0.18,,,,1022,2016-02-03,1,1912.25,1865.00,1882.00,1899.00,1872.00,day,1,1914.00,1889.00,1902.00,1907.00,1894.00,above_value
2016-02-04,1.00,start,migration,0.00,,,,1023,2016-02-04,1,1921.75,1893.75,1906.00,1913.00,1900.00,day,1,1912.25,1865.00,1882.00,1899.00,1872.00,above_value
2016-02-05,1.00,start,migration,0.00,,,,1024,2016-02-05,1,1905.25,1865.75,1882.00,1887.00,1868.00,day,1,1921.75,1893.75,1906.00,1913.00,1900.00,in_value
2016-02-08,1.50,start,migration,0.00,,,,1025,2016-02-08,1,1855.00,1821.75,1836.00,1843.50,1827.00,day,1,1905.25,1865.75,1882.00,1887.00,1868.00,below_range
2016-02-09,1.50,added,,0.55,0.40,False,0.56,1025,2016-02-08,2,1863.75,1821.75,1837.50,1851.00,1831.50,day,1,1855.00,1821.75,1836.00,1843.50,1827.00,in_value
2016-02-10,1.50,start,migration,0.00,,,,1026,2016-02-10,1,1877.75,1845.25,1861.50,1869.00,1855.50,composite,2,1863.75,1821.75,1837.50,1851.00,1831.50,above_value
2016-02-11,1.50,start,migration,0.00,,,,1027,2016-02-11,1,1834.75,1805.00,1816.50,1827.00,1810.50,day,1,1877.75,1845.25,1861.50,1869.00,1855.50,below_range
2016-02-12,1.50,start,migration,0.00,,,,1028,2016-02-12,1,1860.75,1833.50,1849.50,1857.00,1840.50,day,1,1834.75,1805.00,1816.50,1827.00,1810.50,above_range
2016-02-16,1.50,start,migration,0.00,,,,1029,2016-02-16,1,1892.00,1870.25,1887.00,1891.50,1875.00,day,1,1860.75,1833.50,1849.50,1857.00,1840.50,above_range
2016-02-17,1.50,start,migration,0.00,,,,1030,2016-02-17,1,1927.25,1904.00,1920.00,1927.50,1917.00,day,1,1892.00,1870.25,1887.00,1891.50,1875.00,above_range
2016-02-18,1.50,added,,0.80,0.66,False,0.60,1030,2016-02-17,2,1927.25,1904.00,1918.50,1926.00,1915.50,day,1,1927.25,1904.00,1920.00,1927.50,1917.00,in_value
2016-02-19,1.50,start,migration,0.00,,,,1031,2016-02-19,1,1916.00,1898.50,1911.00,1915.50,1908.00,composite,2,1927.25,1904.00,1918.50,1926.00,1915.50,below_value
2016-02-22,1.50,start,migration,0.00,,,,1032,2016-02-22,1,1943.75,1932.00,1938.00,1942.50,1935.00,day,1,1916.00,1898.50,1911.00,1915.50,1908.00,above_range
2016-02-23,1.50,start,migration,0.00,,,,1033,2016-02-23,1,1937.25,1915.75,1923.00,1927.50,1917.00,day,1,1943.75,1932.00,1938.00,1942.50,1935.00,below_value
2016-02-24,1.50,start,migration,0.00,,,,1034,2016-02-24,1,1929.25,1886.75,1905.00,1912.50,1887.00,day,1,1937.25,1915.75,1923.00,1927.50,1917.00,below_range
2016-02-25,1.50,start,migration,0.00,,,,1035,2016-02-25,1,1949.50,1922.00,1929.00,1939.50,1926.00,day,1,1929.25,1886.75,1905.00,1912.50,1887.00,above_range
2016-02-26,1.50,start,migration,0.00,,,,1036,2016-02-26,1,1961.00,1943.00,1951.50,1956.00,1945.50,day,1,1949.50,1922.00,1929.00,1939.50,1926.00,above_range
2016-02-29,1.00,start,migration,0.47,,,,1037,2016-02-29,1,1956.25,1927.75,1949.00,1954.00,1939.00,day,1,1961.00,1943.00,1951.50,1956.00,1945.50,below_value
2016-03-01,1.00,start,migration,0.04,,,,1038,2016-03-01,1,1975.75,1938.25,1967.00,1976.00,1953.00,day,1,1956.25,1927.75,1949.00,1954.00,1939.00,in_value
2016-03-02,1.00,skipped_shape,,0.78,0.76,False,0.78,1038,2016-03-01,1,1975.75,1938.25,1967.00,1976.00,1953.00,day,1,1975.75,1938.25,1967.00,1976.00,1953.00,in_value
2016-03-03,1.00,start,migration,0.00,,,,1039,2016-03-03,1,1991.75,1974.75,1980.00,1987.00,1976.00,older_day,1,1975.75,1938.25,1967.00,1976.00,1953.00,above_range
2016-03-04,1.00,start,migration,0.00,,,,1040,2016-03-04,1,2007.50,1984.00,1998.00,2003.00,1990.00,day,1,1991.75,1974.75,1980.00,1987.00,1976.00,above_range
2016-03-07,1.00,added,,1.00,0.60,False,0.71,1040,2016-03-04,2,2007.50,1984.00,1998.00,2003.00,1992.00,day,1,2007.50,1984.00,1998.00,2003.00,1990.00,below_value
2016-03-08,1.00,start,migration,0.00,,,,1041,2016-03-08,1,1993.00,1976.00,1986.00,1989.00,1980.00,composite,2,2007.50,1984.00,1998.00,2003.00,1992.00,below_value
2016-03-09,1.00,added,,0.86,0.58,False,1.00,1041,2016-03-08,2,1993.00,1976.00,1986.00,1991.00,1982.00,day,1,1993.00,1976.00,1986.00,1989.00,1980.00,in_value
2016-03-10,1.00,start,migration,0.47,,,,1042,2016-03-10,1,2004.75,1967.25,1977.00,1992.00,1973.00,composite,2,1993.00,1976.00,1986.00,1991.00,1982.00,above_range
2016-03-11,1.00,start,migration,0.00,,,,1043,2016-03-11,1,2022.25,2005.25,2015.00,2020.00,2011.00,day,1,2004.75,1967.25,1977.00,1992.00,1973.00,above_range
2016-03-14,1.00,start,roll,,,,,1044,2016-03-14,1,2015.00,2002.00,2008.00,2013.00,2004.00,none,0,,,,,,
2016-03-15,1.00,start,migration,0.00,,,,1045,2016-03-15,1,2006.75,1995.00,2001.00,2004.00,1997.00,day,1,2015.00,2002.00,2008.00,2013.00,2004.00,below_range
2016-03-16,1.00,start,migration,0.33,,,,1046,2016-03-16,1,2022.75,1999.75,2007.00,2014.00,1999.00,day,1,2006.75,1995.00,2001.00,2004.00,1997.00,in_value
2016-03-17,1.00,start,migration,0.00,,,,1047,2016-03-17,1,2036.75,2012.00,2031.00,2036.00,2021.00,day,1,2022.75,1999.75,2007.00,2014.00,1999.00,above_value
2016-03-18,1.00,start,migration,0.00,,,,1048,2016-03-18,1,2042.75,2033.00,2038.00,2041.00,2036.00,day,1,2036.75,2012.00,2031.00,2036.00,2021.00,above_value
2016-03-21,0.75,added,,0.67,0.50,False,1.00,1048,2016-03-18,2,2044.50,2032.75,2038.50,2042.25,2035.50,day,1,2042.75,2033.00,2038.00,2041.00,2036.00,below_value
2016-03-22,0.75,added,,0.55,0.52,False,1.00,1048,2016-03-18,3,2047.50,2030.50,2039.25,2043.00,2036.25,composite,2,2044.50,2032.75,2038.50,2042.25,2035.50,below_range
2016-03-23,0.75,start,migration,0.00,,,,1049,2016-03-23,1,2038.50,2025.25,2032.50,2036.25,2029.50,composite,3,2047.50,2030.50,2039.25,2043.00,2036.25,in_value
2016-03-24,0.75,start,migration,0.00,,,,1050,2016-03-24,1,2026.75,2012.25,2018.25,2022.00,2015.25,day,1,2038.50,2025.25,2032.50,2036.25,2029.50,below_range
2016-03-28,0.75,start,migration,0.00,,,,1051,2016-03-28,1,2034.00,2022.00,2028.00,2031.75,2025.00,day,1,2026.75,2012.25,2018.25,2022.00,2015.25,above_range
2016-03-29,0.75,start,migration,0.33,,,,1052,2016-03-29,1,2047.50,2019.25,2025.75,2040.00,2019.75,day,1,2034.00,2022.00,2028.00,2031.75,2025.00,below_value
2016-03-30,0.75,start,migration,0.00,,,,1053,2016-03-30,1,2064.50,2051.50,2056.50,2061.75,2055.00,day,1,2047.50,2019.25,2025.75,2040.00,2019.75,above_range
2016-03-31,0.75,added,,0.67,0.48,False,0.43,1053,2016-03-30,2,2064.50,2048.75,2055.75,2061.00,2054.25,day,1,2064.50,2051.50,2056.50,2061.75,2055.00,below_value
2016-04-01,0.75,start,migration,0.43,,,,1054,2016-04-01,1,2067.00,2035.25,2052.75,2064.00,2048.25,composite,2,2064.50,2048.75,2055.75,2061.00,2054.25,below_range
2016-04-04,0.75,added,,0.91,0.72,False,0.78,1054,2016-04-01,2,2067.00,2035.25,2058.00,2064.75,2053.50,day,1,2067.00,2035.25,2052.75,2064.00,2048.25,above_value
2016-04-05,0.75,start,migration,0.00,,,,1055,2016-04-05,1,2048.00,2034.25,2040.75,2046.00,2037.75,composite,2,2067.00,2035.25,2058.00,2064.75,2053.50,below_value
2016-04-06,0.75,start,migration,0.13,,,,1056,2016-04-06,1,2060.50,2035.00,2051.25,2061.00,2043.75,day,1,2048.00,2034.25,2040.75,2046.00,2037.75,in_value
2016-04-07,0.75,start,migration,0.00,,,,1057,2016-04-07,1,2051.00,2026.00,2040.00,2043.75,2029.50,day,1,2060.50,2035.00,2051.25,2061.00,2043.75,in_value
2016-04-08,0.75,added,,0.61,0.50,False,0.54,1057,2016-04-07,2,2054.25,2026.00,2040.00,2049.75,2035.50,day,1,2051.00,2026.00,2040.00,2043.75,2029.50,above_value
2016-04-11,0.75,skipped_shape,,0.73,0.46,False,0.20,1057,2016-04-07,2,2054.25,2026.00,2040.00,2049.75,2035.50,composite,2,2054.25,2026.00,2040.00,2049.75,2035.50,in_value
2016-04-12,0.75,added,,0.52,0.44,False,0.47,1057,2016-04-07,3,2058.50,2026.00,2040.00,2051.25,2035.50,composite,2,2054.25,2026.00,2040.00,2049.75,2035.50,in_value
2016-04-13,0.75,start,migration,0.00,,,,1058,2016-04-13,1,2077.00,2064.00,2070.00,2073.75,2067.00,composite,3,2058.50,2026.00,2040.00,2051.25,2035.50,above_range
2016-04-14,0.75,start,migration,0.00,,,,1059,2016-04-14,1,2081.75,2071.75,2077.50,2079.75,2074.50,day,1,2077.00,2064.00,2070.00,2073.75,2067.00,above_value
2016-04-15,0.75,start,migration,0.43,,,,1060,2016-04-15,1,2077.00,2069.50,2074.50,2076.75,2071.50,day,1,2081.75,2071.75,2077.50,2079.75,2074.50,in_value
2016-04-18,0.50,start,migration,0.00,,,,1061,2016-04-18,1,2088.75,2065.25,2083.00,2088.50,2080.00,day,1,2077.00,2069.50,2074.50,2076.75,2071.50,below_range
2016-04-19,0.50,start,migration,0.00,,,,1062,2016-04-19,1,2097.75,2085.00,2093.00,2096.50,2089.00,day,1,2088.75,2065.25,2083.00,2088.50,2080.00,above_range
2016-04-20,0.50,start,migration,0.18,,,,1063,2016-04-20,1,2105.25,2089.50,2098.00,2103.50,2095.00,day,1,2097.75,2085.00,2093.00,2096.50,2089.00,in_value
2016-04-21,0.50,start,migration,0.24,,,,1064,2016-04-21,1,2098.50,2082.25,2091.00,2097.50,2087.00,day,1,2105.25,2089.50,2098.00,2103.50,2095.00,in_value
2016-04-22,0.50,start,migration,0.00,,,,1065,2016-04-22,1,2089.00,2075.00,2083.00,2086.50,2078.00,day,1,2098.50,2082.25,2091.00,2097.50,2087.00,below_range
2016-04-25,0.50,start,migration,0.27,,,,1066,2016-04-25,1,2082.25,2071.00,2076.00,2079.50,2074.00,day,1,2089.00,2075.00,2083.00,2086.50,2078.00,in_value
2016-04-26,0.50,start,migration,0.00,,,,1067,2016-04-26,1,2091.25,2079.50,2084.00,2086.50,2081.00,day,1,2082.25,2071.00,2076.00,2079.50,2074.00,above_range
2016-04-27,0.50,added,,0.58,0.45,False,0.56,1067,2016-04-26,2,2094.00,2076.25,2084.00,2086.50,2080.00,day,1,2091.25,2079.50,2084.00,2086.50,2081.00,below_value
2016-04-28,0.50,start,migration,0.48,,,,1068,2016-04-28,1,2093.50,2065.25,2089.00,2093.50,2080.00,composite,2,2094.00,2076.25,2084.00,2086.50,2080.00,in_value
2016-04-29,0.50,start,migration,0.00,,,,1069,2016-04-29,1,2067.00,2045.75,2055.50,2058.00,2047.50,day,1,2093.50,2065.25,2089.00,2093.50,2080.00,below_range
2016-05-02,0.50,start,migration,0.00,,,,1070,2016-05-02,1,2077.50,2059.50,2065.50,2070.00,2059.50,day,1,2067.00,2045.75,2055.50,2058.00,2047.50,above_value
2016-05-03,0.50,start,migration,0.06,,,,1071,2016-05-03,1,2063.25,2048.00,2055.50,2060.00,2051.50,day,1,2077.50,2059.50,2065.50,2070.00,2059.50,in_value
2016-05-04,0.50,start,migration,0.00,,,,1072,2016-05-04,1,2053.50,2039.00,2045.00,2047.50,2041.00,day,1,2063.25,2048.00,2055.50,2060.00,2051.50,below_range
2016-05-05,0.50,start,migration,0.42,,,,1073,2016-05-05,1,2055.00,2039.50,2048.50,2053.00,2043.50,day,1,2053.50,2039.00,2045.00,2047.50,2041.00,above_value
2016-05-06,0.50,start,migration,0.26,,,,1074,2016-05-06,1,2052.75,2033.75,2041.00,2046.50,2035.00,day,1,2055.00,2039.50,2048.50,2053.00,2043.50,below_range
2016-05-09,0.75,start,migration,0.00,,,,1075,2016-05-09,1,2058.75,2048.25,2053.50,2057.25,2050.50,day,1,2052.75,2033.75,2041.00,2046.50,2035.00,above_value
2016-05-10,0.75,start,migration,0.00,,,,1076,2016-05-10,1,2079.75,2061.25,2074.50,2076.75,2067.00,day,1,2058.75,2048.25,2053.50,2057.25,2050.50,above_range
2016-05-11,0.75,added,,0.80,0.55,False,1.00,1076,2016-05-10,2,2079.75,2059.75,2070.75,2076.00,2066.25,day,1,2079.75,2061.25,2074.50,2076.75,2067.00,in_value
2016-05-12,0.75,start,migration,0.00,,,,1077,2016-05-12,1,2069.75,2048.50,2061.75,2065.50,2052.75,composite,2,2079.75,2059.75,2070.75,2076.00,2066.25,in_value
2016-05-13,0.75,skipped_daytype,,0.67,,,,1077,2016-05-12,1,2069.75,2048.50,2061.75,2065.50,2052.75,day,1,2069.75,2048.50,2061.75,2065.50,2052.75,in_value
2016-05-16,0.75,added,,0.76,0.68,False,0.64,1077,2016-05-12,2,2069.75,2043.50,2061.00,2066.25,2053.50,older_day,1,2069.75,2048.50,2061.75,2065.50,2052.75,below_range
2016-05-17,0.75,added,,0.52,0.57,False,0.54,1077,2016-05-12,3,2069.75,2036.75,2055.00,2064.75,2050.50,composite,2,2069.75,2043.50,2061.00,2066.25,2053.50,in_value
2016-05-18,0.75,start,migration,0.16,,,,1078,2016-05-18,1,2057.75,2030.75,2047.50,2052.75,2038.50,composite,3,2069.75,2036.75,2055.00,2064.75,2050.50,below_value
2016-05-19,0.75,start,migration,0.00,,,,1079,2016-05-19,1,2039.75,2022.00,2028.00,2034.75,2025.00,day,1,2057.75,2030.75,2047.50,2052.75,2038.50,below_value
2016-05-20,0.75,start,migration,0.00,,,,1080,2016-05-20,1,2055.50,2042.75,2052.00,2054.25,2047.50,day,1,2039.75,2022.00,2028.00,2034.75,2025.00,above_range
2016-05-23,0.75,added,,0.71,0.53,False,0.60,1080,2016-05-20,2,2055.50,2042.75,2049.00,2052.75,2047.50,day,1,2055.50,2042.75,2052.00,2054.25,2047.50,in_value
2016-05-24,0.75,start,migration,0.00,,,,1081,2016-05-24,1,2077.25,2056.00,2072.25,2076.00,2067.75,composite,2,2055.50,2042.75,2049.00,2052.75,2047.50,above_range
2016-05-25,0.75,start,migration,0.00,,,,1082,2016-05-25,1,2092.50,2080.75,2087.25,2091.00,2085.75,day,1,2077.25,2056.00,2072.25,2076.00,2067.75,above_range
2016-05-26,0.75,added,,0.80,0.56,False,0.60,1082,2016-05-25,2,2092.50,2080.75,2087.25,2091.00,2085.75,day,1,2092.50,2080.75,2087.25,2091.00,2085.75,in_value
2016-05-27,0.75,start,migration,0.00,,,,1083,2016-05-27,1,2096.75,2089.25,2093.25,2095.50,2091.75,composite,2,2092.50,2080.75,2087.25,2091.00,2085.75,in_value
2016-05-31,0.75,start,migration,0.39,,,,1084,2016-05-31,1,2101.50,2086.00,2092.50,2097.75,2088.00,day,1,2096.75,2089.25,2093.25,2095.50,2091.75,above_range
2016-06-01,0.75,added,,0.91,0.48,False,0.33,1084,2016-05-31,2,2101.50,2083.25,2091.75,2098.50,2090.25,day,1,2101.50,2086.00,2092.50,2097.75,2088.00,below_range
2016-06-02,0.75,added,,0.73,0.48,False,0.56,1084,2016-05-31,3,2103.50,2083.25,2092.50,2099.25,2089.50,composite,2,2101.50,2083.25,2091.75,2098.50,2090.25,in_value
2016-06-03,0.75,added,,0.85,0.52,False,1.00,1084,2016-05-31,4,2103.50,2082.75,2093.25,2098.50,2088.75,composite,3,2103.50,2083.25,2092.50,2099.25,2089.50,in_value
2016-06-06,0.75,start,migration,0.00,,,,1085,2016-06-06,1,2112.25,2099.50,2106.75,2110.50,2103.75,composite,4,2103.50,2082.75,2093.25,2098.50,2088.75,above_value
2016-06-07,0.75,start,migration,0.00,,,,1086,2016-06-07,1,2118.00,2109.25,2114.25,2118.00,2112.75,day,1,2112.25,2099.50,2106.75,2110.50,2103.75,in_value
2016-06-08,0.75,added,,0.86,0.57,False,0.60,1086,2016-06-07,2,2119.75,2109.25,2115.00,2118.75,2113.50,day,1,2118.00,2109.25,2114.25,2118.00,2112.75,in_value
2016-06-09,0.75,start,migration,0.22,,,,1087,2016-06-09,1,2116.75,2106.25,2111.25,2115.00,2108.25,composite,2,2119.75,2109.25,2115.00,2118.75,2113.50,below_value
2016-06-10,0.75,start,migration,0.00,,,,1088,2016-06-10,1,2103.00,2088.50,2097.75,2103.00,2094.75,day,1,2116.75,2106.25,2111.25,2115.00,2108.25,below_range
2016-06-13,0.75,start,roll,,,,,1089,2016-06-13,1,2089.25,2068.75,2078.25,2085.00,2075.25,none,0,,,,,,
2016-06-14,0.75,start,migration,0.00,,,,1090,2016-06-14,1,2072.75,2054.75,2061.00,2066.25,2056.50,day,1,2089.25,2068.75,2078.25,2085.00,2075.25,below_range
2016-06-15,0.75,start,migration,0.00,,,,1091,2016-06-15,1,2079.50,2061.00,2071.50,2075.25,2070.00,day,1,2072.75,2054.75,2061.00,2066.25,2056.50,above_value
2016-06-16,0.75,start,migration,0.00,,,,1092,2016-06-16,1,2071.50,2040.75,2058.00,2064.75,2046.00,day,1,2079.50,2061.00,2071.50,2075.25,2070.00,below_range
2016-06-17,0.75,added,,1.00,0.66,False,0.54,1092,2016-06-16,2,2071.50,2040.75,2061.00,2066.25,2052.00,day,1,2071.50,2040.75,2058.00,2064.75,2046.00,above_value
2016-06-20,0.50,start,migration,0.00,,,,1093,2016-06-20,1,2092.50,2073.75,2084.00,2089.50,2082.00,composite,2,2071.50,2040.75,2061.00,2066.25,2052.00,above_range
2016-06-21,0.50,start,migration,0.00,,,,1094,2016-06-21,1,2085.75,2074.00,2079.50,2082.00,2076.50,day,1,2092.50,2073.75,2084.00,2089.50,2082.00,below_value
2016-06-22,0.50,start,migration,0.41,,,,1095,2016-06-22,1,2091.25,2075.25,2082.50,2087.00,2078.50,day,1,2085.75,2074.00,2079.50,2082.00,2076.50,above_value
2016-06-23,0.50,start,migration,0.00,,,,1096,2016-06-23,1,2105.00,2089.00,2097.00,2099.50,2093.00,day,1,2091.25,2075.25,2082.50,2087.00,2078.50,above_range
2016-06-24,0.50,start,migration,0.00,,,,1097,2016-06-24,1,2064.75,2022.25,2036.50,2052.00,2030.50,day,1,2105.00,2089.00,2097.00,2099.50,2093.00,below_range
2016-06-27,0.50,start,migration,0.00,,,,1098,2016-06-27,1,2010.75,1981.50,1991.00,1995.50,1984.00,day,1,2064.75,2022.25,2036.50,2052.00,2030.50,below_range
2016-06-28,0.50,start,migration,0.00,,,,1099,2016-06-28,1,2027.00,2006.00,2012.00,2017.50,2008.00,day,1,2010.75,1981.50,1991.00,1995.50,1984.00,above_value
2016-06-29,0.50,start,migration,0.00,,,,1100,2016-06-29,1,2064.50,2042.25,2057.00,2064.50,2052.00,day,1,2027.00,2006.00,2012.00,2017.50,2008.00,above_range
2016-06-30,0.50,start,migration,0.00,,,,1101,2016-06-30,1,2091.25,2061.00,2083.50,2091.00,2071.50,day,1,2064.50,2042.25,2057.00,2064.50,2052.00,above_range
2016-07-01,0.50,start,migration,0.00,,,,1102,2016-07-01,1,2100.75,2089.00,2095.00,2097.50,2092.00,day,1,2091.25,2061.00,2083.50,2091.00,2071.50,in_value
2016-07-05,0.75,start,migration,0.00,,,,1103,2016-07-05,1,2086.50,2072.50,2078.25,2082.00,2075.25,day,1,2100.75,2089.00,2095.00,2097.50,2092.00,below_range
2016-07-06,0.75,start,migration,0.39,,,,1104,2016-07-06,1,2093.75,2065.75,2087.25,2092.50,2075.25,day,1,2086.50,2072.50,2078.25,2082.00,2075.25,below_value
2016-07-07,0.75,added,,0.77,0.60,False,0.60,1104,2016-07-06,2,2102.00,2065.75,2087.25,2098.50,2081.25,day,1,2093.75,2065.75,2087.25,2092.50,2075.25,above_range
2016-07-08,0.75,start,migration,0.00,,,,1105,2016-07-08,1,2125.50,2103.50,2117.25,2124.00,2112.75,composite,2,2102.00,2065.75,2087.25,2098.50,2081.25,above_range
2016-07-11,0.75,start,migration,0.00,,,,1106,2016-07-11,1,2136.75,2125.25,2133.75,2136.00,2129.25,day,1,2125.50,2103.50,2117.25,2124.00,2112.75,above_range
2016-07-12,0.75,start,migration,0.00,,,,1107,2016-07-12,1,2149.25,2138.25,2146.50,2148.75,2142.00,day,1,2136.75,2125.25,2133.75,2136.00,2129.25,above_range
2016-07-13,0.75,added,,1.00,0.62,False,0.60,1107,2016-07-12,2,2150.75,2138.25,2145.75,2148.00,2142.75,day,1,2149.25,2138.25,2146.50,2148.75,2142.00,above_range
2016-07-14,0.75,start,migration,0.00,,,,1108,2016-07-14,1,2163.00,2152.75,2157.00,2160.75,2155.50,composite,2,2150.75,2138.25,2145.75,2148.00,2142.75,above_range
2016-07-15,0.75,start,migration,0.33,,,,1109,2016-07-15,1,2164.25,2149.00,2154.00,2157.75,2151.00,day,1,2163.00,2152.75,2157.00,2160.75,2155.50,above_range
2016-07-18,0.75,start,migration,0.00,,,,1110,2016-07-18,1,2162.50,2152.75,2160.00,2162.25,2158.50,day,1,2164.25,2149.00,2154.00,2157.75,2151.00,in_value
2016-07-19,0.75,start,migration,0.00,,,,1111,2016-07-19,1,2158.50,2152.25,2154.75,2157.00,2153.25,day,1,2162.50,2152.75,2160.00,2162.25,2158.50,below_value
2016-07-20,0.75,start,migration,0.00,,,,1112,2016-07-20,1,2169.75,2158.50,2167.50,2170.50,2164.50,day,1,2158.50,2152.25,2154.75,2157.00,2153.25,above_range
2016-07-21,0.75,start,migration,0.07,,,,1113,2016-07-21,1,2168.50,2153.50,2160.00,2165.25,2154.00,day,1,2169.75,2158.50,2167.50,2170.50,2164.50,in_value
2016-07-22,0.75,skipped_daytype,,0.56,,,,1113,2016-07-21,1,2168.50,2153.50,2160.00,2165.25,2154.00,day,1,2168.50,2153.50,2160.00,2165.25,2154.00,in_value
2016-07-25,0.75,added,,1.00,0.41,False,1.00,1113,2016-07-21,2,2168.50,2153.50,2159.25,2163.00,2156.25,older_day,1,2168.50,2153.50,2160.00,2165.25,2154.00,above_value
2016-07-26,0.75,added,,0.89,0.41,False,0.71,1113,2016-07-21,3,2168.50,2153.50,2159.25,2164.50,2156.25,composite,2,2168.50,2153.50,2159.25,2163.00,2156.25,in_value
2016-07-27,0.75,added,,1.00,0.44,False,0.71,1113,2016-07-21,4,2169.25,2152.00,2159.25,2164.50,2156.25,composite,3,2168.50,2153.50,2159.25,2164.50,2156.25,above_value
2016-07-28,0.75,added,,0.82,0.35,False,0.33,1113,2016-07-21,5,2169.25,2152.00,2157.75,2164.50,2156.25,composite,4,2169.25,2152.00,2159.25,2164.50,2156.25,in_value
2016-07-29,0.75,start,migration,0.00,,,,1114,2016-07-29,1,2171.75,2157.50,2168.25,2172.00,2165.25,composite,5,2169.25,2152.00,2157.75,2164.50,2156.25,in_value
2016-08-01,0.50,start,migration,0.46,,,,1115,2016-08-01,1,2172.75,2159.75,2165.00,2167.50,2161.00,day,1,2171.75,2157.50,2168.25,2172.00,2165.25,in_value
2016-08-02,0.50,start,migration,0.00,,,,1116,2016-08-02,1,2164.00,2141.50,2149.00,2151.50,2143.00,day,1,2172.75,2159.75,2165.00,2167.50,2161.00,in_value
2016-08-03,0.50,start,migration,0.00,,,,1117,2016-08-03,1,2158.25,2147.00,2153.00,2156.50,2152.00,day,1,2164.00,2141.50,2149.00,2151.50,2143.00,in_value
2016-08-04,0.50,start,migration,0.00,,,,1118,2016-08-04,1,2163.50,2154.00,2159.00,2161.50,2157.00,day,1,2158.25,2147.00,2153.00,2156.50,2152.00,above_range
2016-08-05,0.50,start,migration,0.00,,,,1119,2016-08-05,1,2178.50,2166.50,2176.50,2178.00,2173.50,day,1,2163.50,2154.00,2159.00,2161.50,2157.00,above_range
2016-08-08,0.50,added,,1.00,0.68,False,0.60,1119,2016-08-05,2,2181.25,2166.50,2176.50,2178.00,2174.50,day,1,2178.50,2166.50,2176.50,2178.00,2173.50,above_range
2016-08-09,0.50,start,migration,0.39,,,,1120,2016-08-09,1,2183.50,2173.75,2177.50,2182.00,2175.50,composite,2,2181.25,2166.50,2176.50,2178.00,2174.50,in_value
2016-08-10,0.50,start,migration,0.00,,,,1121,2016-08-10,1,2180.00,2167.75,2172.00,2175.50,2168.00,day,1,2183.50,2173.75,2177.50,2182.00,2175.50,in_value
2016-08-11,0.50,start,migration,0.00,,,,1122,2016-08-11,1,2185.25,2175.25,2182.50,2185.00,2180.50,day,1,2180.00,2167.75,2172.00,2175.50,2168.00,above_value
2016-08-12,0.50,start,migration,0.33,,,,1123,2016-08-12,1,2183.00,2175.50,2179.50,2182.00,2177.50,day,1,2185.25,2175.25,2182.50,2185.00,2180.50,below_value
2016-08-15,0.50,start,migration,0.00,,,,1124,2016-08-15,1,2190.75,2184.50,2189.00,2190.50,2187.00,day,1,2183.00,2175.50,2179.50,2182.00,2177.50,above_range
2016-08-16,0.50,start,migration,0.00,,,,1125,2016-08-16,1,2182.50,2175.25,2179.00,2181.50,2178.00,day,1,2190.75,2184.50,2189.00,2190.50,2187.00,below_range
2016-08-17,0.50,start,migration,0.00,,,,1126,2016-08-17,1,2181.00,2165.50,2169.50,2177.00,2168.50,day,1,2182.50,2175.25,2179.00,2181.50,2178.00,below_value
2016-08-18,0.50,start,migration,0.00,,,,1127,2016-08-18,1,2184.50,2177.75,2181.00,2183.50,2179.00,day,1,2181.00,2165.50,2169.50,2177.00,2168.50,above_value
2016-08-19,0.50,start,migration,0.46,,,,1128,2016-08-19,1,2183.00,2172.50,2179.00,2181.50,2176.00,day,1,2184.50,2177.75,2181.00,2183.50,2179.00,below_value
2016-08-22,0.50,added,,1.00,0.59,False,0.71,1128,2016-08-19,2,2183.50,2172.50,2179.00,2181.50,2176.00,day,1,2183.00,2172.50,2179.00,2181.50,2176.00,in_value
2016-08-23,0.50,start,migration,0.00,,,,1129,2016-08-23,1,2191.50,2184.50,2187.50,2190.00,2186.50,composite,2,2183.50,2172.50,2179.00,2181.50,2176.00,above_range
2016-08-24,0.50,start,migration,0.00,,,,1130,2016-08-24,1,2184.75,2168.75,2181.00,2183.50,2176.00,day,1,2191.50,2184.50,2187.50,2190.00,2186.50,below_range
2016-08-25,0.50,start,migration,0.00,,,,1131,2016-08-25,1,2177.25,2167.50,2173.50,2176.00,2169.50,day,1,2184.75,2168.75,2181.00,2183.50,2176.00,below_value
2016-08-26,0.50,start,migration,0.33,,,,1132,2016-08-26,1,2186.75,2157.50,2166.00,2177.50,2158.00,day,1,2177.25,2167.50,2173.50,2176.00,2169.50,in_value
2016-08-29,0.50,start,migration,0.23,,,,1133,2016-08-29,1,2182.25,2169.25,2179.00,2182.50,2176.00,day,1,2186.75,2157.50,2166.00,2177.50,2158.00,in_value
2016-08-30,0.50,start,migration,0.09,,,,1134,2016-08-30,1,2181.50,2168.50,2174.00,2176.50,2171.00,day,1,2182.25,2169.25,2179.00,2182.50,2176.00,in_value
2016-08-31,0.50,start,migration,0.00,,,,1135,2016-08-31,1,2172.75,2159.50,2165.50,2169.00,2160.50,day,1,2181.50,2168.50,2174.00,2176.50,2171.00,in_value
2016-09-01,0.50,added,,1.00,0.61,False,1.00,1135,2016-08-31,2,2172.75,2154.75,2165.50,2170.00,2161.50,day,1,2172.75,2159.50,2165.50,2169.00,2160.50,in_value
2016-09-02,0.50,start,migration,0.00,,,,1136,2016-09-02,1,2183.75,2171.75,2177.50,2181.00,2173.50,composite,2,2172.75,2154.75,2165.50,2170.00,2161.50,above_range
2016-09-06,0.50,skipped_shape,,0.61,0.67,False,0.27,1136,2016-09-02,1,2183.75,2171.75,2177.50,2181.00,2173.50,day,1,2183.75,2171.75,2177.50,2181.00,2173.50,above_value
2016-09-07,0.50,start,migration,0.27,,,,1137,2016-09-07,1,2186.75,2177.50,2181.50,2185.00,2179.50,older_day,1,2183.75,2171.75,2177.50,2181.00,2173.50,above_value
2016-09-08,0.50,added,,0.71,0.50,False,0.71,1137,2016-09-07,2,2186.75,2175.75,2181.00,2183.50,2178.00,day,1,2186.75,2177.50,2181.50,2185.00,2179.50,in_value
2016-09-09,0.50,start,migration,0.00,,,,1138,2016-09-09,1,2164.50,2126.50,2138.50,2155.00,2132.50,composite,2,2186.75,2175.75,2181.00,2183.50,2178.00,below_range
2016-09-12,0.50,start,roll,,,,,1139,2016-09-12,1,2156.00,2110.50,2132.50,2145.00,2119.50,none,0,,,,,,
2016-09-13,0.50,skipped_shape,,0.62,0.22,False,0.60,1139,2016-09-12,1,2156.00,2110.50,2132.50,2145.00,2119.50,day,1,2156.00,2110.50,2132.50,2145.00,2119.50,in_value
2016-09-14,0.50,added,,0.91,0.36,False,0.60,1139,2016-09-12,2,2156.00,2110.50,2127.00,2134.50,2115.00,older_day,1,2156.00,2110.50,2132.50,2145.00,2119.50,in_value
2016-09-15,0.50,start,migration,0.39,,,,1140,2016-09-15,1,2144.50,2114.50,2134.00,2144.50,2128.00,composite,2,2156.00,2110.50,2127.00,2134.50,2115.00,in_value
2016-09-16,0.50,added,,0.73,0.47,False,0.73,1140,2016-09-15,2,2144.50,2114.50,2128.50,2136.00,2123.50,day,1,2144.50,2114.50,2134.00,2144.50,2128.00,in_value
2016-09-19,0.50,start,migration,0.38,,,,1141,2016-09-19,1,2146.75,2127.75,2136.00,2142.50,2132.00,composite,2,2144.50,2114.50,2128.50,2136.00,2123.50,above_value
2016-09-20,0.50,skipped_daytype,,1.00,,,,1141,2016-09-19,1,2146.75,2127.75,2136.00,2142.50,2132.00,day,1,2146.75,2127.75,2136.00,2142.50,2132.00,in_value
2016-09-21,0.50,added,,0.83,0.29,False,0.47,1141,2016-09-19,2,2157.50,2127.75,2136.00,2143.50,2133.00,older_day,1,2146.75,2127.75,2136.00,2142.50,2132.00,in_value
2016-09-22,0.50,start,migration,0.00,,,,1142,2016-09-22,1,2172.75,2164.25,2169.00,2171.50,2167.00,composite,2,2157.50,2127.75,2136.00,2143.50,2133.00,above_range
2016-09-23,0.50,start,migration,0.00,,,,1143,2016-09-23,1,2166.25,2156.00,2162.50,2165.00,2158.50,day,1,2172.75,2164.25,2169.00,2171.50,2167.00,below_value
2016-09-26,0.50,start,migration,0.00,,,,1144,2016-09-26,1,2149.50,2136.75,2141.50,2145.00,2138.50,day,1,2166.25,2156.00,2162.50,2165.00,2158.50,below_range
2016-09-27,0.50,start,migration,0.19,,,,1145,2016-09-27,1,2154.00,2132.75,2151.00,2153.50,2143.00,day,1,2149.50,2136.75,2141.50,2145.00,2138.50,below_value
2016-09-28,0.50,added,,0.64,0.57,False,0.58,1145,2016-09-27,2,2165.25,2132.75,2151.00,2156.50,2142.00,day,1,2154.00,2132.75,2151.00,2153.50,2143.00,above_range
2016-09-29,0.50,added,,0.74,0.56,False,0.36,1145,2016-09-27,3,2165.75,2132.75,2151.00,2155.50,2139.00,composite,2,2165.25,2132.75,2151.00,2156.50,2142.00,above_value
2016-09-30,0.50,start,migration,0.00,,,,1146,2016-09-30,1,2168.25,2150.50,2163.00,2168.50,2158.00,composite,3,2165.75,2132.75,2151.00,2155.50,2139.00,in_value
2016-10-03,0.50,start,migration,0.00,,,,1147,2016-10-03,1,2156.75,2146.75,2151.50,2154.00,2149.50,day,1,2168.25,2150.50,2163.00,2168.50,2158.00,below_value
2016-10-04,0.50,start,migration,0.31,,,,1148,2016-10-04,1,2158.25,2136.00,2147.50,2157.00,2142.50,day,1,2156.75,2146.75,2151.50,2154.00,2149.50,above_value
2016-10-05,0.50,skipped_shape,,1.00,0.86,False,0.29,1148,2016-10-04,1,2158.25,2136.00,2147.50,2157.00,2142.50,day,1,2158.25,2136.00,2147.50,2157.00,2142.50,in_value
2016-10-06,0.50,skipped_shape,,1.00,0.83,False,0.26,1148,2016-10-04,1,2158.25,2136.00,2147.50,2157.00,2142.50,older_day,1,2158.25,2136.00,2147.50,2157.00,2142.50,in_value
2016-10-07,0.50,added,,1.00,0.54,False,0.53,1148,2016-10-04,2,2159.25,2136.00,2148.50,2153.00,2140.50,older_day,1,2158.25,2136.00,2147.50,2157.00,2142.50,above_value
2016-10-10,0.75,start,migration,0.00,,,,1149,2016-10-10,1,2163.50,2156.25,2158.50,2163.75,2157.00,composite,2,2159.25,2136.00,2148.50,2153.00,2140.50,above_value
2016-10-11,0.75,start,migration,0.00,,,,1150,2016-10-11,1,2153.75,2121.75,2136.00,2138.25,2124.00,day,1,2163.50,2156.25,2158.50,2163.75,2157.00,below_range
2016-10-12,0.75,added,,1.00,0.41,False,0.46,1150,2016-10-11,2,2153.75,2121.75,2134.50,2138.25,2127.00,day,1,2153.75,2121.75,2136.00,2138.25,2124.00,in_value
2016-10-13,0.75,start,migration,0.00,,,,1151,2016-10-13,1,2132.25,2107.75,2118.75,2127.00,2108.25,composite,2,2153.75,2121.75,2134.50,2138.25,2127.00,below_range
2016-10-14,0.75,start,migration,0.09,,,,1152,2016-10-14,1,2143.25,2126.50,2130.75,2134.50,2126.25,day,1,2132.25,2107.75,2118.75,2127.00,2108.25,above_range
2016-10-17,0.75,start,migration,0.09,,,,1153,2016-10-17,1,2130.00,2117.75,2121.75,2127.00,2118.75,day,1,2143.25,2126.50,2130.75,2134.50,2126.25,in_value
2016-10-18,0.75,start,migration,0.00,,,,1154,2016-10-18,1,2139.25,2129.00,2135.25,2139.00,2133.75,day,1,2130.00,2117.75,2121.75,2127.00,2118.75,above_range
2016-10-19,0.75,start,migration,0.29,,,,1155,2016-10-19,1,2142.50,2132.25,2140.50,2142.75,2137.50,day,1,2139.25,2129.00,2135.25,2139.00,2133.75,in_value
2016-10-20,0.75,start,migration,0.27,,,,1156,2016-10-20,1,2141.25,2126.75,2134.50,2139.75,2131.50,day,1,2142.50,2132.25,2140.50,2142.75,2137.50,below_value
2016-10-21,0.75,added,,0.67,0.62,False,0.71,1156,2016-10-20,2,2141.25,2123.25,2134.50,2138.25,2130.00,day,1,2141.25,2126.75,2134.50,2139.75,2131.50,below_range
2016-10-24,0.75,start,migration,0.00,,,,1157,2016-10-24,1,2149.00,2140.50,2144.25,2146.50,2142.75,composite,2,2141.25,2123.25,2134.50,2138.25,2130.00,above_range
2016-10-25,0.75,start,migration,0.00,,,,1158,2016-10-25,1,2145.75,2135.25,2138.25,2142.00,2136.75,day,1,2149.00,2140.50,2144.25,2146.50,2142.75,below_value
2016-10-26,0.75,start,migration,0.08,,,,1159,2016-10-26,1,2140.00,2124.75,2132.25,2137.50,2127.75,day,1,2145.75,2135.25,2138.25,2142.00,2136.75,below_range
2016-10-27,0.75,added,,1.00,0.52,False,0.33,1159,2016-10-26,2,2142.25,2124.75,2133.75,2136.00,2127.75,day,1,2140.00,2124.75,2132.25,2137.50,2127.75,above_range
2016-10-28,0.75,start,migration,0.32,,,,1160,2016-10-28,1,2135.25,2112.50,2122.50,2132.25,2118.00,composite,2,2142.25,2124.75,2133.75,2136.00,2127.75,below_value
2016-10-31,0.50,added,,1.00,0.45,False,0.82,1160,2016-10-28,2,2135.25,2112.50,2122.50,2128.00,2118.50,day,1,2135.25,2112.50,2122.50,2132.25,2118.00,in_value
2016-11-01,0.50,start,migration,0.00,,,,1161,2016-11-01,1,2125.50,2091.00,2102.50,2114.00,2094.50,composite,2,2135.25,2112.50,2122.50,2128.00,2118.50,in_value
2016-11-02,0.50,added,,0.80,0.33,False,0.87,1161,2016-11-01,2,2125.50,2087.25,2099.50,2106.00,2092.50,day,1,2125.50,2091.00,2102.50,2114.00,2094.50,in_value
2016-11-03,0.50,start,migration,0.16,,,,1162,2016-11-03,1,2097.75,2079.75,2088.00,2094.50,2082.00,composite,2,2125.50,2087.25,2099.50,2106.00,2092.50,in_value
2016-11-04,0.50,added,,1.00,0.46,False,0.54,1162,2016-11-03,2,2097.75,2079.00,2087.50,2094.00,2084.50,day,1,2097.75,2079.75,2088.00,2094.50,2082.00,in_value
2016-11-07,0.50,start,migration,0.00,,,,1163,2016-11-07,1,2127.50,2108.00,2123.00,2125.50,2118.00,composite,2,2097.75,2079.00,2087.50,2094.00,2084.50,above_range
2016-11-08,0.50,start,migration,0.00,,,,1164,2016-11-08,1,2143.25,2119.00,2138.50,2143.00,2131.50,day,1,2127.50,2108.00,2123.00,2125.50,2118.00,in_value
2016-11-09,0.50,start,migration,0.19,,,,1165,2016-11-09,1,2166.75,2118.25,2155.50,2167.00,2137.50,day,1,2143.25,2119.00,2138.50,2143.00,2131.50,below_range
2016-11-10,0.50,added,,0.61,0.62,False,0.55,1165,2016-11-09,2,2178.50,2118.25,2155.50,2171.00,2147.50,day,1,2166.75,2118.25,2155.50,2167.00,2137.50,above_range
2016-11-11,0.50,added,,1.00,0.64,False,0.83,1165,2016-11-09,3,2178.50,2118.25,2156.50,2168.00,2147.50,composite,2,2178.50,2118.25,2155.50,2171.00,2147.50,in_value
2016-11-14,0.50,added,,1.00,0.64,False,1.00,1165,2016-11-09,4,2178.50,2118.25,2157.00,2165.50,2149.00,composite,3,2178.50,2118.25,2156.50,2168.00,2147.50,in_value
2016-11-15,0.50,start,migration,0.15,,,,1166,2016-11-15,1,2178.00,2163.00,2167.50,2171.00,2164.50,composite,4,2178.50,2118.25,2157.00,2165.50,2149.00,in_value
2016-11-16,0.50,start,migration,0.00,,,,1167,2016-11-16,1,2176.25,2169.00,2172.00,2174.50,2171.00,day,1,2178.00,2163.00,2167.50,2171.00,2164.50,in_value
2016-11-17,0.50,start,migration,0.00,,,,1168,2016-11-17,1,2185.50,2174.00,2182.50,2185.00,2178.50,day,1,2176.25,2169.00,2172.00,2174.50,2171.00,above_value
2016-11-18,0.50,added,,1.00,0.48,False,0.71,1168,2016-11-17,2,2187.50,2174.00,2180.50,2184.00,2178.50,day,1,2185.50,2174.00,2182.50,2185.00,2178.50,above_value
2016-11-21,0.50,start,migration,0.00,,,,1169,2016-11-21,1,2196.50,2184.75,2193.50,2195.00,2188.50,composite,2,2187.50,2174.00,2180.50,2184.00,2178.50,above_value
2016-11-22,0.50,start,migration,0.09,,,,1170,2016-11-22,1,2202.75,2191.75,2196.50,2200.00,2194.50,day,1,2196.50,2184.75,2193.50,2195.00,2188.50,above_range
2016-11-23,0.50,added,,0.91,0.63,False,0.56,1170,2016-11-22,2,2202.75,2191.75,2198.50,2201.00,2194.50,day,1,2202.75,2191.75,2196.50,2200.00,2194.50,in_value
2016-11-25,0.50,start,migration,0.00,,,,1171,2016-11-25,1,2211.75,2204.75,2207.50,2210.00,2206.50,composite,2,2202.75,2191.75,2198.50,2201.00,2194.50,above_range
2016-11-28,0.50,start,migration,0.27,,,,1172,2016-11-28,1,2209.50,2198.25,2205.50,2208.00,2202.50,day,1,2211.75,2204.75,2207.50,2210.00,2206.50,below_value
2016-11-29,0.50,added,,0.73,0.62,False,1.00,1172,2016-11-28,2,2209.50,2196.25,2204.50,2208.00,2201.50,day,1,2209.50,2198.25,2205.50,2208.00,2202.50,below_value
2016-11-30,0.50,added,,0.87,0.56,False,0.56,1172,2016-11-28,3,2213.00,2196.25,2205.50,2208.00,2201.50,composite,2,2209.50,2196.25,2204.50,2208.00,2201.50,above_range
2016-12-01,0.50,start,migration,0.00,,,,1173,2016-12-01,1,2202.00,2186.00,2190.50,2197.00,2186.50,composite,3,2213.00,2196.25,2205.50,2208.00,2201.50,in_value
2016-12-02,0.50,skipped_shape,,1.00,0.23,False,0.46,1173,2016-12-01,1,2202.00,2186.00,2190.50,2197.00,2186.50,day,1,2202.00,2186.00,2190.50,2197.00,2186.50,in_value
2016-12-05,0.50,start,migration,0.00,,,,1174,2016-12-05,1,2208.75,2198.75,2203.50,2207.00,2201.50,older_day,1,2202.00,2186.00,2190.50,2197.00,2186.50,above_value
2016-12-06,0.50,added,,0.54,0.45,False,1.00,1174,2016-12-05,2,2212.00,2198.75,2204.50,2208.00,2201.50,day,1,2208.75,2198.75,2203.50,2207.00,2201.50,in_value
2016-12-07,0.50,start,migration,0.00,,,,1175,2016-12-07,1,2241.25,2207.75,2232.00,2241.50,2217.00,composite,2,2212.00,2198.75,2204.50,2208.00,2201.50,above_value
2016-12-08,0.50,start,migration,0.18,,,,1176,2016-12-08,1,2251.50,2236.75,2246.00,2248.50,2240.00,day,1,2241.25,2207.75,2232.00,2241.50,2217.00,in_value
2016-12-09,0.50,start,migration,0.00,,,,1177,2016-12-09,1,2259.75,2247.75,2252.00,2255.50,2250.00,day,1,2251.50,2236.75,2246.00,2248.50,2240.00,in_value
2016-12-12,0.50,start,migration,0.36,,,,1178,2016-12-12,1,2264.25,2252.25,2255.50,2259.00,2253.50,day,1,2259.75,2247.75,2252.00,2255.50,2250.00,above_value
2016-12-13,0.50,start,roll,,,,,1179,2016-12-13,1,2273.00,2259.00,2266.50,2270.00,2262.50,none,0,,,,,,
2016-12-14,0.50,start,migration,0.41,,,,1180,2016-12-14,1,2272.50,2243.00,2262.00,2268.50,2254.00,day,1,2273.00,2259.00,2266.50,2270.00,2262.50,in_value
2016-12-15,0.50,added,,1.00,0.64,False,0.41,1180,2016-12-14,2,2272.50,2243.00,2262.00,2265.50,2254.00,day,1,2272.50,2243.00,2262.00,2268.50,2254.00,below_value
2016-12-16,0.50,start,migration,0.47,,,,1181,2016-12-16,1,2262.75,2249.50,2253.00,2257.50,2250.00,composite,2,2272.50,2243.00,2262.00,2265.50,2254.00,in_value
2016-12-19,0.50,start,migration,0.22,,,,1182,2016-12-19,1,2263.75,2254.00,2258.50,2261.00,2256.50,day,1,2262.75,2249.50,2253.00,2257.50,2250.00,in_value
2016-12-20,0.50,start,migration,0.00,,,,1183,2016-12-20,1,2269.50,2262.25,2265.50,2268.00,2264.50,day,1,2263.75,2254.00,2258.50,2261.00,2256.50,above_range
2016-12-21,0.50,added,,0.60,0.53,False,0.60,1183,2016-12-20,2,2269.50,2260.25,2265.00,2267.50,2264.00,day,1,2269.50,2262.25,2265.50,2268.00,2264.50,in_value
2016-12-22,0.50,start,migration,0.00,,,,1184,2016-12-22,1,2260.00,2251.50,2255.00,2257.50,2253.00,composite,2,2269.50,2260.25,2265.00,2267.50,2264.00,below_range
2016-12-23,0.50,added,,0.80,0.58,False,0.60,1184,2016-12-22,2,2260.00,2251.50,2256.50,2258.00,2254.50,day,1,2260.00,2251.50,2255.00,2257.50,2253.00,in_value
2016-12-27,0.50,start,migration,0.00,,,,1185,2016-12-27,1,2269.50,2262.00,2265.50,2268.00,2264.50,composite,2,2260.00,2251.50,2256.50,2258.00,2254.50,above_range
2016-12-28,0.50,start,migration,0.00,,,,1186,2016-12-28,1,2267.00,2243.50,2246.50,2257.00,2243.50,day,1,2269.50,2262.00,2265.50,2268.00,2264.50,in_value
2016-12-29,0.50,skipped_shape,,0.67,0.19,False,0.69,1186,2016-12-28,1,2267.00,2243.50,2246.50,2257.00,2243.50,day,1,2267.00,2243.50,2246.50,2257.00,2243.50,in_value
2016-12-30,0.50,start,migration,0.00,,,,1187,2016-12-30,1,2249.50,2228.00,2238.50,2242.00,2232.50,older_day,1,2267.00,2243.50,2246.50,2257.00,2243.50,in_value
2017-01-03,0.50,start,migration,0.19,,,,1188,2017-01-03,1,2259.50,2239.50,2244.00,2250.50,2240.00,day,1,2249.50,2228.00,2238.50,2242.00,2232.50,above_range
2017-01-04,0.50,start,migration,0.00,,,,1189,2017-01-04,1,2267.25,2256.00,2262.50,2266.00,2260.50,day,1,2259.50,2239.50,2244.00,2250.50,2240.00,above_value
2017-01-05,0.50,added,,0.53,0.65,False,0.56,1189,2017-01-04,2,2267.25,2254.00,2262.50,2265.00,2258.50,day,1,2267.25,2256.00,2262.50,2266.00,2260.50,in_value
2017-01-06,0.50,start,migration,0.00,,,,1190,2017-01-06,1,2277.00,2258.25,2273.50,2277.50,2265.50,composite,2,2267.25,2254.00,2262.50,2265.00,2258.50,in_value
2017-01-09,0.50,added,,0.89,0.42,False,1.00,1190,2017-01-06,2,2277.00,2258.25,2266.00,2271.50,2261.00,day,1,2277.00,2258.25,2273.50,2277.50,2265.50,in_value
2017-01-10,0.50,added,,1.00,0.42,False,0.64,1190,2017-01-06,3,2277.00,2258.25,2266.00,2271.50,2263.00,composite,2,2277.00,2258.25,2266.00,2271.50,2261.00,in_value
2017-01-11,0.50,added,,0.73,0.50,False,0.82,1190,2017-01-06,4,2277.00,2255.00,2266.00,2270.50,2261.00,composite,3,2277.00,2258.25,2266.00,2271.50,2263.00,in_value
2017-01-12,0.50,start,migration,0.44,,,,1191,2017-01-12,1,2267.25,2248.50,2263.00,2266.50,2254.00,composite,4,2277.00,2255.00,2266.00,2270.50,2261.00,in_value
2017-01-13,0.50,start,migration,0.00,,,,1192,2017-01-13,1,2273.50,2266.25,2269.50,2273.00,2267.50,day,1,2267.25,2248.50,2263.00,2266.50,2254.00,above_value
2017-01-17,0.50,start,migration,0.00,,,,1193,2017-01-17,1,2267.25,2257.25,2264.50,2267.00,2261.50,day,1,2273.50,2266.25,2269.50,2273.00,2267.50,below_range
2017-01-18,0.50,added,,1.00,0.64,False,1.00,1193,2017-01-17,2,2267.25,2257.25,2263.50,2266.00,2261.50,day,1,2267.25,2257.25,2264.50,2267.00,2261.50,in_value
2017-01-19,0.50,start,migration,0.41,,,,1194,2017-01-19,1,2269.50,2253.00,2262.50,2265.00,2256.50,composite,2,2267.25,2257.25,2263.50,2266.00,2261.50,above_range
2017-01-20,0.50,added,,0.60,0.49,False,0.64,1194,2017-01-19,2,2272.75,2253.00,2262.50,2268.00,2259.50,day,1,2269.50,2253.00,2262.50,2265.00,2256.50,above_value
2017-01-23,0.50,start,migration,0.40,,,,1195,2017-01-23,1,2267.50,2251.75,2258.00,2262.50,2255.00,composite,2,2272.75,2253.00,2262.50,2268.00,2259.50,in_value
2017-01-24,0.50,start,migration,0.00,,,,1196,2017-01-24,1,2280.50,2262.00,2276.50,2281.00,2266.50,day,1,2267.50,2251.75,2258.00,2262.50,2255.00,above_value
2017-01-25,0.50,start,migration,0.00,,,,1197,2017-01-25,1,2295.25,2284.25,2290.50,2294.00,2287.50,day,1,2280.50,2262.00,2276.50,2281.00,2266.50,above_range
2017-01-26,0.50,added,,0.71,0.67,False,1.00,1197,2017-01-25,2,2296.50,2284.25,2292.50,2295.00,2290.50,day,1,2295.25,2284.25,2290.50,2294.00,2287.50,in_value
2017-01-27,0.50,start,migration,0.29,,,,1198,2017-01-27,1,2295.50,2287.00,2289.00,2291.50,2288.00,composite,2,2296.50,2284.25,2292.50,2295.00,2290.50,in_value
2017-01-30,0.50,start,migration,0.00,,,,1199,2017-01-30,1,2281.25,2263.25,2269.00,2273.50,2266.00,day,1,2295.50,2287.00,2289.00,2291.50,2288.00,below_range
2017-01-31,0.50,added,,0.55,0.29,False,0.78,1199,2017-01-30,2,2281.25,2262.25,2267.50,2272.00,2264.50,day,1,2281.25,2263.25,2269.00,2273.50,2266.00,in_value
2017-02-01,0.50,start,migration,0.33,,,,1200,2017-02-01,1,2285.00,2268.25,2272.50,2277.00,2269.50,composite,2,2281.25,2262.25,2267.50,2272.00,2264.50,above_range
2017-02-02,0.50,added,,1.00,0.33,False,0.56,1200,2017-02-01,2,2285.00,2266.75,2272.50,2277.00,2270.50,day,1,2285.00,2268.25,2272.50,2277.00,2269.50,in_value
2017-02-03,0.50,start,migration,0.00,,,,1201,2017-02-03,1,2294.00,2283.00,2291.50,2294.00,2289.50,composite,2,2285.00,2266.75,2272.50,2277.00,2270.50,above_range
2017-02-06,0.50,start,migration,0.00,,,,1202,2017-02-06,1,2291.50,2283.50,2286.00,2289.50,2285.00,day,1,2294.00,2283.00,2291.50,2294.00,2289.50,below_value
2017-02-07,0.50,start,migration,0.46,,,,1203,2017-02-07,1,2295.00,2285.25,2289.00,2292.50,2287.00,day,1,2291.50,2283.50,2286.00,2289.50,2285.00,above_range
2017-02-08,0.50,added,,0.77,0.57,False,0.71,1203,2017-02-07,2,2295.00,2281.00,2289.00,2291.50,2286.00,day,1,2295.00,2285.25,2289.00,2292.50,2287.00,below_range
2017-02-09,0.50,start,migration,0.00,,,,1204,2017-02-09,1,2307.75,2293.00,2305.00,2307.50,2302.00,composite,2,2295.00,2281.00,2289.00,2291.50,2286.00,above_value
2017-02-10,0.50,start,migration,0.00,,,,1205,2017-02-10,1,2315.75,2306.75,2313.00,2315.50,2310.00,day,1,2307.75,2293.00,2305.00,2307.50,2302.00,above_range
2017-02-13,0.50,start,migration,0.00,,,,1206,2017-02-13,1,2329.00,2318.50,2323.00,2326.50,2321.00,day,1,2315.75,2306.75,2313.00,2315.50,2310.00,above_range
2017-02-14,0.50,start,migration,0.24,,,,1207,2017-02-14,1,2335.75,2319.75,2332.50,2336.00,2323.50,day,1,2329.00,2318.50,2323.00,2326.50,2321.00,in_value
2017-02-15,0.50,start,migration,0.00,,,,1208,2017-02-15,1,2349.75,2332.00,2339.50,2347.00,2337.50,day,1,2335.75,2319.75,2332.50,2336.00,2323.50,in_value
2017-02-16,0.50,added,,1.00,0.54,False,0.78,1208,2017-02-15,2,2349.75,2332.00,2341.50,2346.00,2338.50,day,1,2349.75,2332.00,2339.50,2347.00,2337.50,above_value
2017-02-17,0.50,added,,1.00,0.54,False,0.56,1208,2017-02-15,3,2349.75,2332.00,2341.50,2346.00,2339.50,composite,2,2349.75,2332.00,2341.50,2346.00,2338.50,below_value
2017-02-21,0.50,start,migration,0.00,,,,1209,2017-02-21,1,2365.00,2352.75,2358.50,2363.00,2357.50,composite,3,2349.75,2332.00,2341.50,2346.00,2339.50,above_range
2017-02-22,0.50,added,,1.00,0.52,False,0.43,1209,2017-02-21,2,2365.00,2352.75,2359.00,2362.50,2358.00,day,1,2365.00,2352.75,2358.50,2363.00,2357.50,in_value
2017-02-23,0.50,added,,0.69,0.50,False,0.71,1209,2017-02-21,3,2366.75,2352.75,2359.50,2363.00,2357.50,composite,2,2365.00,2352.75,2359.00,2362.50,2358.00,above_range
2017-02-24,0.50,added,,0.67,0.47,False,0.56,1209,2017-02-21,4,2366.75,2351.50,2358.50,2363.00,2356.50,composite,3,2366.75,2352.75,2359.50,2363.00,2357.50,below_range
2017-02-27,0.50,start,migration,0.00,,,,1210,2017-02-27,1,2370.75,2361.00,2365.50,2369.00,2364.50,composite,4,2366.75,2351.50,2358.50,2363.00,2356.50,above_value
2017-02-28,0.50,start,migration,0.27,,,,1211,2017-02-28,1,2367.00,2357.50,2361.50,2366.00,2360.50,day,1,2370.75,2361.00,2365.50,2369.00,2364.50,in_value
2017-03-01,0.50,start,migration,0.00,,,,1212,2017-03-01,1,2401.00,2381.25,2395.50,2401.50,2390.50,day,1,2367.00,2357.50,2361.50,2366.00,2360.50,above_range
2017-03-02,0.50,start,migration,0.00,,,,1213,2017-03-02,1,2393.00,2379.25,2386.00,2388.50,2383.00,day,1,2401.00,2381.25,2395.50,2401.50,2390.50,in_value
2017-03-03,0.50,start,migration,0.00,,,,1214,2017-03-03,1,2383.25,2374.25,2379.50,2381.00,2376.50,day,1,2393.00,2379.25,2386.00,2388.50,2383.00,below_range
2017-03-06,0.50,start,migration,0.00,,,,1215,2017-03-06,1,2378.25,2367.00,2370.00,2375.50,2368.00,day,1,2383.25,2374.25,2379.50,2381.00,2376.50,below_range
2017-03-07,0.50,added,,0.89,0.38,False,0.71,1215,2017-03-06,2,2378.25,2364.50,2369.50,2373.00,2367.50,day,1,2378.25,2367.00,2370.00,2375.50,2368.00,in_value
2017-03-08,0.50,added,,0.73,0.51,False,1.00,1215,2017-03-06,3,2378.25,2360.75,2369.50,2373.00,2366.50,composite,2,2378.25,2364.50,2369.50,2373.00,2367.50,in_value
2017-03-09,0.50,start,migration,0.23,,,,1216,2017-03-09,1,2369.25,2354.00,2365.50,2368.00,2361.50,composite,3,2378.25,2360.75,2369.50,2373.00,2366.50,below_value
2017-03-10,0.50,start,migration,0.20,,,,1217,2017-03-10,1,2377.25,2362.25,2370.50,2374.00,2366.50,day,1,2369.25,2354.00,2365.50,2368.00,2361.50,above_range
2017-03-13,0.50,start,roll,,,,,1218,2017-03-13,1,2372.00,2365.50,2368.50,2370.00,2366.50,none,0,,,,,,
2017-03-14,0.50,start,migration,0.00,,,,1219,2017-03-14,1,2365.50,2354.75,2361.00,2363.50,2358.00,day,1,2372.00,2365.50,2368.50,2370.00,2366.50,below_range
2017-03-15,0.50,start,migration,0.00,,,,1220,2017-03-15,1,2387.75,2365.75,2370.50,2381.00,2367.50,day,1,2365.50,2354.75,2361.00,2363.50,2358.00,above_range
2017-03-16,0.50,added,,1.00,0.54,False,0.69,1220,2017-03-15,2,2387.75,2365.75,2377.50,2384.00,2373.50,day,1,2387.75,2365.75,2370.50,2381.00,2367.50,above_value
2017-03-17,0.50,added,,1.00,0.54,False,1.00,1220,2017-03-15,3,2387.75,2365.75,2377.50,2382.00,2373.50,composite,2,2387.75,2365.75,2377.50,2384.00,2373.50,in_value
2017-03-20,0.50,start,migration,0.27,,,,1221,2017-03-20,1,2376.00,2365.50,2372.50,2375.00,2369.50,composite,3,2387.75,2365.75,2377.50,2382.00,2373.50,below_value
2017-03-21,0.50,start,migration,0.00,,,,1222,2017-03-21,1,2378.75,2338.00,2348.00,2356.50,2341.00,day,1,2376.00,2365.50,2372.50,2375.00,2369.50,above_range
2017-03-22,0.50,added,,0.71,0.30,False,0.58,1222,2017-03-21,2,2378.75,2332.75,2346.00,2351.50,2337.00,day,1,2378.75,2338.00,2348.00,2356.50,2341.00,below_value
2017-03-23,0.50,added,,0.76,0.30,False,0.87,1222,2017-03-21,3,2378.75,2332.75,2346.00,2352.50,2339.00,composite,2,2378.75,2332.75,2346.00,2351.50,2337.00,in_value
2017-03-24,0.50,added,,1.00,0.32,False,0.73,1222,2017-03-21,4,2378.75,2331.75,2346.50,2352.00,2339.50,composite,3,2378.75,2332.75,2346.00,2352.50,2339.00,in_value
2017-03-27,0.50,start,migration,0.09,,,,1223,2017-03-27,1,2341.50,2318.00,2337.00,2340.50,2329.00,composite,4,2378.75,2331.75,2346.50,2352.00,2339.50,below_range
2017-03-28,0.50,start,migration,0.00,,,,1224,2017-03-28,1,2360.50,2333.50,2356.50,2361.00,2342.50,day,1,2341.50,2318.00,2337.00,2340.50,2329.00,in_value
2017-03-29,0.50,skipped_shape,,1.00,0.83,False,0.47,1224,2017-03-28,1,2360.50,2333.50,2356.50,2361.00,2342.50,day,1,2360.50,2333.50,2356.50,2361.00,2342.50,in_value
2017-03-30,0.50,start,migration,0.00,,,,1225,2017-03-30,1,2366.75,2354.00,2363.50,2367.00,2361.50,older_day,1,2360.50,2333.50,2356.50,2361.00,2342.50,in_value
2017-03-31,0.50,added,,0.89,0.75,False,1.00,1225,2017-03-30,2,2366.75,2354.00,2363.50,2366.00,2361.50,day,1,2366.75,2354.00,2363.50,2367.00,2361.50,below_value
2017-04-03,0.50,start,migration,0.00,,,,1226,2017-04-03,1,2361.75,2340.00,2348.00,2354.50,2343.00,composite,2,2366.75,2354.00,2363.50,2366.00,2361.50,below_value
2017-04-04,0.50,added,,0.73,0.58,False,0.64,1226,2017-04-03,2,2361.75,2340.00,2352.50,2356.00,2347.50,day,1,2361.75,2340.00,2348.00,2354.50,2343.00,in_value
2017-04-05,0.50,start,migration,0.00,,,,1227,2017-04-05,1,2375.00,2346.25,2370.50,2375.00,2363.50,composite,2,2361.75,2340.00,2352.50,2356.00,2347.50,above_range
2017-04-06,0.50,start,migration,0.00,,,,1228,2017-04-06,1,2361.25,2345.00,2354.00,2357.50,2351.00,day,1,2375.00,2346.25,2370.50,2375.00,2363.50,below_value
2017-04-07,0.50,added,,1.00,0.56,False,1.00,1228,2017-04-06,2,2361.25,2345.00,2354.00,2357.50,2351.00,day,1,2361.25,2345.00,2354.00,2357.50,2351.00,in_value
2017-04-10,0.50,added,,0.59,0.50,False,0.64,1228,2017-04-06,3,2363.25,2345.00,2354.00,2359.50,2351.00,composite,2,2361.25,2345.00,2354.00,2357.50,2351.00,in_value
2017-04-11,0.50,start,migration,0.00,,,,1229,2017-04-11,1,2351.75,2333.25,2345.50,2350.00,2340.50,composite,3,2363.25,2345.00,2354.00,2359.50,2351.00,below_value
2017-04-12,0.50,added,,0.77,0.49,False,0.64,1229,2017-04-11,2,2351.75,2333.25,2342.00,2347.50,2339.00,day,1,2351.75,2333.25,2345.50,2350.00,2340.50,in_value
2017-04-13,0.50,start,migration,0.22,,,,1230,2017-04-13,1,2345.00,2325.25,2335.00,2341.50,2330.00,composite,2,2351.75,2333.25,2342.00,2347.50,2339.00,below_value
2017-04-17,0.50,added,,1.00,0.61,False,0.47,1230,2017-04-13,2,2345.50,2325.25,2337.50,2341.00,2330.50,day,1,2345.00,2325.25,2335.00,2341.50,2330.00,in_value
2017-04-18,0.50,added,,1.00,0.61,False,0.64,1230,2017-04-13,3,2345.50,2325.25,2337.50,2341.00,2332.50,composite,2,2345.50,2325.25,2337.50,2341.00,2330.50,in_value
2017-04-19,0.50,start,migration,0.38,,,,1231,2017-04-19,1,2349.25,2331.25,2344.00,2347.50,2337.00,composite,3,2345.50,2325.25,2337.50,2341.00,2332.50,above_value
2017-04-20,0.50,start,migration,0.24,,,,1232,2017-04-20,1,2358.25,2337.25,2353.00,2358.50,2344.00,day,1,2349.25,2331.25,2344.00,2347.50,2337.00,in_value
2017-04-21,0.50,added,,1.00,0.52,False,0.85,1232,2017-04-20,2,2358.25,2337.25,2348.00,2353.50,2342.00,day,1,2358.25,2337.25,2353.00,2358.50,2344.00,in_value
2017-04-24,0.75,start,migration,0.00,,,,1233,2017-04-24,1,2374.00,2365.75,2369.25,2373.00,2367.75,composite,2,2358.25,2337.25,2348.00,2353.50,2342.00,above_range
2017-04-25,0.75,start,migration,0.00,,,,1234,2017-04-25,1,2389.25,2377.50,2385.00,2387.25,2382.00,day,1,2374.00,2365.75,2369.25,2373.00,2367.75,above_range
2017-04-26,0.75,start,migration,0.00,,,,1235,2017-04-26,1,2394.75,2382.50,2388.75,2392.50,2387.25,day,1,2389.25,2377.50,2385.00,2387.25,2382.00,in_value
2017-04-27,0.75,start,migration,0.00,,,,1236,2017-04-27,1,2388.75,2378.75,2385.00,2387.25,2380.50,day,1,2394.75,2382.50,2388.75,2392.50,2387.25,below_value
2017-04-28,0.75,skipped_shape,,0.60,0.23,False,0.43,1236,2017-04-27,1,2388.75,2378.75,2385.00,2387.25,2380.50,day,1,2388.75,2378.75,2385.00,2387.25,2380.50,above_value
2017-05-01,0.75,added,,0.57,0.56,False,1.00,1236,2017-04-27,2,2390.75,2378.75,2385.00,2388.75,2382.00,older_day,1,2388.75,2378.75,2385.00,2387.25,2380.50,in_value
2017-05-02,0.75,added,,1.00,0.56,False,0.60,1236,2017-04-27,3,2390.75,2378.75,2385.00,2387.25,2382.00,composite,2,2390.75,2378.75,2385.00,2388.75,2382.00,in_value
2017-05-03,0.75,start,migration,0.43,,,,1237,2017-05-03,1,2386.00,2375.50,2380.50,2384.25,2379.00,composite,3,2390.75,2378.75,2385.00,2387.25,2382.00,below_value
2017-05-04,0.75,start,migration,0.43,,,,1238,2017-05-04,1,2387.75,2376.00,2383.50,2387.25,2382.00,day,1,2386.00,2375.50,2380.50,2384.25,2379.00,above_range
2017-05-05,0.75,start,migration,0.14,,,,1239,2017-05-05,1,2395.75,2385.00,2388.00,2391.75,2386.50,day,1,2387.75,2376.00,2383.50,2387.25,2382.00,above_range
2017-05-08,0.50,start,migration,0.00,,,,1240,2017-05-08,1,2397.75,2389.75,2394.00,2395.50,2392.00,day,1,2395.75,2385.00,2388.00,2391.75,2386.50,above_value
2017-05-09,0.50,start,migration,0.46,,,,1241,2017-05-09,1,2400.00,2388.75,2395.00,2398.50,2393.00,day,1,2397.75,2389.75,2394.00,2395.50,2392.00,above_value
2017-05-10,0.50,added,,0.89,0.56,False,0.71,1241,2017-05-09,2,2400.00,2388.75,2395.00,2397.50,2392.00,day,1,2400.00,2388.75,2395.00,2398.50,2393.00,below_value
2017-05-11,0.50,start,migration,0.06,,,,1242,2017-05-11,1,2393.50,2379.00,2390.00,2392.50,2384.00,composite,2,2400.00,2388.75,2395.00,2397.50,2392.00,below_value
2017-05-12,0.50,added,,1.00,0.58,False,1.00,1242,2017-05-11,2,2393.50,2379.00,2387.50,2391.00,2384.50,day,1,2393.50,2379.00,2390.00,2392.50,2384.00,in_value
2017-05-15,0.50,start,migration,0.00,,,,1243,2017-05-15,1,2402.25,2392.25,2398.50,2401.00,2397.50,composite,2,2393.50,2379.00,2387.50,2391.00,2384.50,above_value
2017-05-16,0.50,added,,0.67,0.52,False,1.00,1243,2017-05-15,2,2404.50,2392.25,2398.50,2401.00,2396.50,day,1,2402.25,2392.25,2398.50,2401.00,2397.50,above_range
2017-05-17,0.50,start,migration,0.00,,,,1244,2017-05-17,1,2383.75,2354.75,2373.50,2376.00,2362.50,composite,2,2404.50,2392.25,2398.50,2401.00,2396.50,below_range
2017-05-18,0.50,added,,0.57,0.39,False,0.87,1244,2017-05-17,2,2383.75,2351.50,2364.00,2371.50,2358.00,day,1,2383.75,2354.75,2373.50,2376.00,2362.50,below_range
2017-05-19,0.50,start,migration,0.00,,,,1245,2017-05-19,1,2388.00,2369.75,2380.00,2385.50,2378.00,composite,2,2383.75,2351.50,2364.00,2371.50,2358.00,in_value
2017-05-22,0.50,start,migration,0.00,,,,1246,2017-05-22,1,2394.25,2385.00,2391.00,2393.50,2387.00,day,1,2388.00,2369.75,2380.00,2385.50,2378.00,above_value
2017-05-23,0.50,start,migration,0.00,,,,1247,2017-05-23,1,2399.50,2392.00,2396.50,2399.00,2395.50,day,1,2394.25,2385.00,2391.00,2393.50,2387.00,above_range
2017-05-24,0.50,start,migration,0.43,,,,1248,2017-05-24,1,2404.00,2396.00,2398.50,2401.00,2397.50,day,1,2399.50,2392.00,2396.50,2399.00,2395.50,above_range
2017-05-25,0.50,start,migration,0.00,,,,1249,2017-05-25,1,2417.75,2406.00,2413.50,2416.00,2411.50,day,1,2404.00,2396.00,2398.50,2401.00,2397.50,above_range
2017-05-26,0.50,added,,1.00,0.65,False,0.60,1249,2017-05-25,2,2417.75,2406.00,2413.50,2416.00,2412.50,day,1,2417.75,2406.00,2413.50,2416.00,2411.50,in_value
2017-05-30,0.50,added,,0.57,0.65,False,0.60,1249,2017-05-25,3,2417.75,2406.00,2413.50,2415.00,2411.50,composite,2,2417.75,2406.00,2413.50,2416.00,2412.50,below_value
2017-05-31,0.50,start,migration,0.00,,,,1250,2017-05-31,1,2415.25,2402.75,2406.50,2410.00,2405.50,composite,3,2417.75,2406.00,2413.50,2415.00,2411.50,in_value
2017-06-01,0.50,start,migration,0.00,,,,1251,2017-06-01,1,2429.75,2412.75,2424.50,2428.00,2415.50,day,1,2415.25,2402.75,2406.50,2410.00,2405.50,above_range
2017-06-02,0.50,start,migration,0.00,,,,1252,2017-06-02,1,2439.75,2427.00,2436.50,2439.00,2432.50,day,1,2429.75,2412.75,2424.50,2428.00,2415.50,above_range
2017-06-05,0.50,skipped_shape,,1.00,0.79,False,1.00,1252,2017-06-02,1,2439.75,2427.00,2436.50,2439.00,2432.50,day,1,2439.75,2427.00,2436.50,2439.00,2432.50,in_value
2017-06-06,0.50,start,migration,0.29,,,,1253,2017-06-06,1,2435.75,2427.00,2431.00,2433.50,2430.00,older_day,1,2439.75,2427.00,2436.50,2439.00,2432.50,below_value
2017-06-07,0.50,added,,0.64,0.60,False,1.00,1253,2017-06-06,2,2435.75,2424.00,2431.00,2433.50,2429.00,day,1,2435.75,2427.00,2431.00,2433.50,2430.00,in_value
2017-06-08,0.50,added,,0.61,0.50,False,0.71,1253,2017-06-06,3,2439.00,2424.00,2431.50,2434.00,2428.50,composite,2,2435.75,2424.00,2431.00,2433.50,2429.00,in_value
2017-06-09,0.50,start,migration,0.28,,,,1254,2017-06-09,1,2445.75,2414.75,2430.00,2440.50,2421.00,composite,3,2439.00,2424.00,2431.50,2434.00,2428.50,above_value
2017-06-12,0.50,start,roll,,,,,1255,2017-06-12,1,2427.50,2416.75,2422.00,2424.50,2419.00,none,0,,,,,,
2017-06-13,0.50,start,migration,0.00,,,,1256,2017-06-13,1,2439.25,2428.75,2436.00,2437.50,2432.00,day,1,2427.50,2416.75,2422.00,2424.50,2419.00,above_range
2017-06-14,0.50,added,,0.73,0.63,False,0.56,1256,2017-06-13,2,2442.00,2425.75,2436.00,2438.50,2432.00,day,1,2439.25,2428.75,2436.00,2437.50,2432.00,above_range
2017-06-15,0.50,start,migration,0.00,,,,1257,2017-06-15,1,2432.00,2416.25,2425.50,2431.00,2422.50,composite,2,2442.00,2425.75,2436.00,2438.50,2432.00,below_range
2017-06-16,0.50,added,,1.00,0.63,False,0.78,1257,2017-06-15,2,2432.50,2416.25,2426.50,2430.00,2422.50,day,1,2432.00,2416.25,2425.50,2431.00,2422.50,above_value
2017-06-19,0.50,start,migration,0.00,,,,1258,2017-06-19,1,2451.50,2438.50,2448.00,2450.50,2445.00,composite,2,2432.50,2416.25,2426.50,2430.00,2422.50,above_range
2017-06-20,0.50,start,migration,0.00,,,,1259,2017-06-20,1,2446.75,2434.00,2441.00,2443.50,2438.00,day,1,2451.50,2438.50,2448.00,2450.50,2445.00,in_value
2017-06-21,0.50,start,migration,0.00,,,,1260,2017-06-21,1,2440.00,2428.00,2432.50,2436.00,2430.50,day,1,2446.75,2434.00,2441.00,2443.50,2438.00,in_value
2017-06-22,0.50,start,migration,0.36,,,,1261,2017-06-22,1,2439.00,2430.00,2436.00,2439.50,2434.00,day,1,2440.00,2428.00,2432.50,2436.00,2430.50,in_value
2017-06-23,0.50,skipped_shape,,0.82,0.80,False,0.33,1261,2017-06-22,1,2439.00,2430.00,2436.00,2439.50,2434.00,day,1,2439.00,2430.00,2436.00,2439.50,2434.00,below_value
2017-06-26,0.50,skipped_daytype,,0.61,,,,1261,2017-06-22,1,2439.00,2430.00,2436.00,2439.50,2434.00,older_day,1,2439.00,2430.00,2436.00,2439.50,2434.00,above_range
2017-06-27,0.50,start,migration,0.24,,,,1262,2017-06-27,1,2437.00,2416.50,2434.50,2437.00,2424.50,older_day,1,2439.00,2430.00,2436.00,2439.50,2434.00,below_value
2017-06-28,0.50,start,migration,0.47,,,,1263,2017-06-28,1,2440.50,2425.50,2437.50,2441.00,2433.50,day,1,2437.00,2416.50,2434.50,2437.00,2424.50,in_value
2017-06-29,0.50,start,migration,0.00,,,,1264,2017-06-29,1,2440.50,2402.25,2416.00,2423.50,2403.00,day,1,2440.50,2425.50,2437.50,2441.00,2433.50,in_value
2017-06-30,0.50,added,,0.69,0.53,False,0.79,1264,2017-06-29,2,2440.50,2402.25,2422.50,2430.00,2413.50,day,1,2440.50,2402.25,2416.00,2423.50,2403.00,above_value
2017-07-03,0.50,start,migration,0.13,,,,1265,2017-07-03,1,2436.50,2422.00,2433.00,2436.50,2429.00,composite,2,2440.50,2402.25,2422.50,2430.00,2413.50,above_value
2017-07-05,0.50,start,migration,0.46,,,,1266,2017-07-05,1,2432.25,2419.25,2428.50,2432.00,2425.50,day,1,2436.50,2422.00,2433.00,2436.50,2429.00,below_value
2017-07-06,0.50,start,migration,0.00,,,,1267,2017-07-06,1,2422.25,2405.25,2415.50,2420.00,2412.50,day,1,2432.25,2419.25,2428.50,2432.00,2425.50,below_value
2017-07-07,0.50,start,migration,0.42,,,,1268,2017-07-07,1,2425.00,2412.00,2423.00,2425.50,2416.00,day,1,2422.25,2405.25,2415.50,2420.00,2412.50,in_value
2017-07-10,0.50,start,migration,0.31,,,,1269,2017-07-10,1,2430.00,2419.25,2427.50,2430.00,2423.50,day,1,2425.00,2412.00,2423.00,2425.50,2416.00,in_value
2017-07-11,0.50,start,migration,0.27,,,,1270,2017-07-11,1,2427.25,2410.25,2424.00,2425.50,2418.00,day,1,2430.00,2419.25,2427.50,2430.00,2423.50,below_value
2017-07-12,0.50,start,migration,0.00,,,,1271,2017-07-12,1,2443.75,2434.75,2440.00,2442.50,2438.00,day,1,2427.25,2410.25,2424.00,2425.50,2418.00,above_range
2017-07-13,0.50,start,migration,0.00,,,,1272,2017-07-13,1,2447.00,2439.00,2444.50,2447.00,2442.50,day,1,2443.75,2434.75,2440.00,2442.50,2438.00,in_value
2017-07-14,0.50,start,migration,0.05,,,,1273,2017-07-14,1,2461.25,2444.25,2449.50,2457.00,2446.50,day,1,2447.00,2439.00,2444.50,2447.00,2442.50,in_value
2017-07-17,0.50,start,migration,0.29,,,,1274,2017-07-17,1,2460.50,2454.25,2458.00,2459.50,2456.00,day,1,2461.25,2444.25,2449.50,2457.00,2446.50,in_value
2017-07-18,0.50,start,migration,0.22,,,,1275,2017-07-18,1,2458.50,2448.00,2454.50,2457.00,2452.50,day,1,2460.50,2454.25,2458.00,2459.50,2456.00,below_range
2017-07-19,0.50,start,migration,0.00,,,,1276,2017-07-19,1,2471.00,2461.25,2465.00,2469.50,2463.00,day,1,2458.50,2448.00,2454.50,2457.00,2452.50,above_range
2017-07-20,0.50,start,migration,0.00,,,,1277,2017-07-20,1,2475.25,2465.50,2472.50,2475.00,2470.50,day,1,2471.00,2461.25,2465.00,2469.50,2463.00,above_range
2017-07-21,0.50,start,migration,0.00,,,,1278,2017-07-21,1,2470.25,2462.75,2466.50,2469.00,2464.50,day,1,2475.25,2465.50,2472.50,2475.00,2470.50,below_value
2017-07-24,0.50,added,,0.89,0.50,False,1.00,1278,2017-07-21,2,2470.50,2462.75,2466.50,2469.00,2464.50,day,1,2470.25,2462.75,2466.50,2469.00,2464.50,in_value
2017-07-25,0.50,start,migration,0.00,,,,1279,2017-07-25,1,2478.75,2472.50,2476.50,2478.00,2474.50,composite,2,2470.50,2462.75,2466.50,2469.00,2464.50,above_range
2017-07-26,0.50,added,,0.71,0.57,False,0.60,1279,2017-07-25,2,2478.75,2471.50,2475.50,2478.00,2474.50,day,1,2478.75,2472.50,2476.50,2478.00,2474.50,above_value
2017-07-27,0.50,start,migration,0.21,,,,1280,2017-07-27,1,2480.50,2457.00,2478.50,2481.00,2464.50,composite,2,2478.75,2471.50,2475.50,2478.00,2474.50,above_range
2017-07-28,0.50,added,,1.00,0.41,False,0.85,1280,2017-07-27,2,2480.50,2457.00,2466.50,2472.00,2460.50,day,1,2480.50,2457.00,2478.50,2481.00,2464.50,in_value
2017-07-31,0.50,added,,1.00,0.51,False,0.39,1280,2017-07-27,3,2480.50,2457.00,2469.00,2471.50,2463.00,composite,2,2480.50,2457.00,2466.50,2472.00,2460.50,above_value
2017-08-01,0.50,start,migration,0.14,,,,1281,2017-08-01,1,2475.00,2468.00,2473.00,2474.50,2471.00,composite,3,2480.50,2457.00,2469.00,2471.50,2463.00,above_value
2017-08-02,0.50,start,migration,0.20,,,,1282,2017-08-02,1,2475.75,2463.25,2468.00,2472.50,2465.00,day,1,2475.00,2468.00,2473.00,2474.50,2471.00,above_value
2017-08-03,0.50,added,,1.00,0.64,False,0.33,1282,2017-08-02,2,2475.75,2463.25,2471.00,2472.50,2467.00,day,1,2475.75,2463.25,2468.00,2472.50,2465.00,above_value
2017-08-04,0.50,start,migration,0.29,,,,1283,2017-08-04,1,2477.75,2469.25,2472.50,2475.00,2471.50,composite,2,2475.75,2463.25,2471.00,2472.50,2467.00,above_value
2017-08-07,0.50,start,migration,0.43,,,,1284,2017-08-07,1,2478.25,2473.00,2476.50,2477.00,2473.50,day,1,2477.75,2469.25,2472.50,2475.00,2471.50,in_value
2017-08-08,0.50,start,migration,0.30,,,,1285,2017-08-08,1,2488.50,2467.50,2477.50,2485.00,2473.50,day,1,2478.25,2473.00,2476.50,2477.00,2473.50,in_value
2017-08-09,0.50,start,migration,0.00,,,,1286,2017-08-09,1,2472.00,2459.25,2466.50,2469.00,2463.50,day,1,2488.50,2467.50,2477.50,2485.00,2473.50,below_range
2017-08-10,0.50,start,migration,0.00,,,,1287,2017-08-10,1,2463.00,2435.75,2449.00,2454.50,2444.00,day,1,2472.00,2459.25,2466.50,2469.00,2463.50,below_value
2017-08-11,0.50,start,migration,0.00,,,,1288,2017-08-11,1,2446.50,2436.00,2442.50,2444.00,2438.50,day,1,2463.00,2435.75,2449.00,2454.50,2444.00,below_value
2017-08-14,0.50,start,migration,0.00,,,,1289,2017-08-14,1,2466.50,2454.00,2463.50,2466.00,2461.50,day,1,2446.50,2436.00,2442.50,2444.00,2438.50,above_range
2017-08-15,0.50,added,,1.00,0.65,False,1.00,1289,2017-08-14,2,2468.50,2454.00,2463.50,2466.00,2461.50,day,1,2466.50,2454.00,2463.50,2466.00,2461.50,above_range
2017-08-16,0.50,start,migration,0.00,,,,1290,2017-08-16,1,2474.00,2462.50,2470.00,2472.50,2466.00,composite,2,2468.50,2454.00,2463.50,2466.00,2461.50,above_range
2017-08-17,0.50,start,migration,0.00,,,,1291,2017-08-17,1,2464.00,2428.75,2442.50,2457.00,2438.50,day,1,2474.00,2462.50,2470.00,2472.50,2466.00,below_range
2017-08-18,0.50,start,migration,0.00,,,,1292,2017-08-18,1,2439.50,2419.50,2430.00,2434.50,2424.00,day,1,2464.00,2428.75,2442.50,2457.00,2438.50,below_range
2017-08-21,0.50,added,,0.61,0.42,False,1.00,1292,2017-08-18,2,2439.50,2415.75,2425.50,2431.00,2420.50,day,1,2439.50,2419.50,2430.00,2434.50,2424.00,in_value
2017-08-22,0.50,start,migration,0.00,,,,1293,2017-08-22,1,2454.00,2432.75,2447.00,2452.50,2442.00,composite,2,2439.50,2415.75,2425.50,2431.00,2420.50,above_value
2017-08-23,0.50,added,,1.00,0.51,False,0.56,1293,2017-08-22,2,2454.00,2432.75,2443.50,2448.00,2441.50,day,1,2454.00,2432.75,2447.00,2452.50,2442.00,below_value
2017-08-24,0.50,start,migration,0.27,,,,1294,2017-08-24,1,2449.00,2434.50,2440.50,2443.00,2437.50,composite,2,2454.00,2432.75,2443.50,2448.00,2441.50,in_value
2017-08-25,0.50,start,migration,0.20,,,,1295,2017-08-25,1,2453.50,2441.00,2445.50,2449.00,2441.50,day,1,2449.00,2434.50,2440.50,2443.00,2437.50,above_value
2017-08-28,0.50,added,,0.67,0.48,False,0.46,1295,2017-08-25,2,2453.50,2438.00,2445.50,2448.00,2440.50,day,1,2453.50,2441.00,2445.50,2449.00,2441.50,in_value
2017-08-29,0.50,skipped_daytype,,0.65,,,,1295,2017-08-25,2,2453.50,2438.00,2445.50,2448.00,2440.50,composite,2,2453.50,2438.00,2445.50,2448.00,2440.50,below_range
2017-08-30,0.50,start,migration,0.00,,,,1296,2017-08-30,1,2459.75,2442.75,2457.50,2460.00,2450.50,composite,2,2453.50,2438.00,2445.50,2448.00,2440.50,in_value
2017-08-31,0.50,start,migration,0.00,,,,1297,2017-08-31,1,2474.25,2462.50,2468.50,2470.00,2464.50,day,1,2459.75,2442.75,2457.50,2460.00,2450.50,above_range
2017-09-01,0.50,start,migration,0.00,,,,1298,2017-09-01,1,2479.75,2473.00,2477.50,2479.00,2475.50,day,1,2474.25,2462.50,2468.50,2470.00,2464.50,above_range
2017-09-05,0.50,start,migration,0.00,,,,1299,2017-09-05,1,2471.25,2445.50,2453.50,2463.00,2446.50,day,1,2479.75,2473.00,2477.50,2479.00,2475.50,below_range
2017-09-06,0.50,start,migration,0.31,,,,1300,2017-09-06,1,2469.00,2458.25,2466.00,2467.50,2461.00,day,1,2471.25,2445.50,2453.50,2463.00,2446.50,above_value
2017-09-07,0.50,added,,1.00,0.46,False,0.71,1300,2017-09-06,2,2469.00,2458.25,2463.00,2466.50,2461.00,day,1,2469.00,2458.25,2466.00,2467.50,2461.00,above_value
2017-09-08,0.50,added,,1.00,0.46,False,1.00,1300,2017-09-06,3,2469.00,2458.25,2463.00,2465.50,2461.00,composite,2,2469.00,2458.25,2463.00,2466.50,2461.00,below_value
2017-09-11,0.50,start,roll,,,,,1301,2017-09-11,1,2487.00,2474.00,2485.00,2486.50,2480.00,none,0,,,,,,
2017-09-12,0.50,start,migration,0.00,,,,1302,2017-09-12,1,2494.50,2487.75,2491.50,2493.00,2489.50,day,1,2487.00,2474.00,2485.00,2486.50,2480.00,above_range
2017-09-13,0.50,start,migration,0.40,,,,1303,2017-09-13,1,2495.50,2489.25,2493.00,2494.50,2492.00,day,1,2494.50,2487.75,2491.50,2493.00,2489.50,in_value
2017-09-14,0.50,added,,0.80,0.57,False,1.00,1303,2017-09-13,2,2496.25,2489.00,2493.00,2494.50,2492.00,day,1,2495.50,2489.25,2493.00,2494.50,2492.00,below_value
2017-09-15,0.50,start,migration,0.33,,,,1304,2017-09-15,1,2498.00,2490.50,2495.00,2497.50,2493.00,composite,2,2496.25,2489.00,2493.00,2494.50,2492.00,in_value
2017-09-18,0.50,start,migration,0.00,,,,1305,2017-09-18,1,2506.00,2497.75,2503.50,2506.00,2501.50,day,1,2498.00,2490.50,2495.00,2497.50,2493.00,above_range
2017-09-19,0.50,added,,1.00,0.75,False,0.60,1305,2017-09-18,2,2506.00,2497.75,2504.00,2505.50,2502.00,day,1,2506.00,2497.75,2503.50,2506.00,2501.50,in_value
2017-09-20,0.50,skipped_shape,,0.54,0.76,False,1.00,1305,2017-09-18,2,2506.00,2497.75,2504.00,2505.50,2502.00,composite,2,2506.00,2497.75,2504.00,2505.50,2502.00,above_value
2017-09-21,0.50,start,migration,0.29,,,,1306,2017-09-21,1,2504.50,2496.50,2501.50,2503.00,2499.50,composite,2,2506.00,2497.75,2504.00,2505.50,2502.00,in_value
2017-09-22,0.50,start,migration,0.00,,,,1307,2017-09-22,1,2501.00,2494.75,2497.00,2498.50,2496.00,day,1,2504.50,2496.50,2501.50,2503.00,2499.50,below_range
2017-09-25,0.50,start,migration,0.00,,,,1308,2017-09-25,1,2500.00,2485.00,2491.00,2494.50,2487.00,day,1,2501.00,2494.75,2497.00,2498.50,2496.00,below_value
2017-09-26,0.50,start,migration,0.00,,,,1309,2017-09-26,1,2501.25,2492.25,2497.00,2499.50,2495.00,day,1,2500.00,2485.00,2491.00,2494.50,2487.00,above_value
2017-09-27,0.50,start,migration,0.38,,,,1310,2017-09-27,1,2509.25,2493.00,2498.50,2506.00,2495.50,day,1,2501.25,2492.25,2497.00,2499.50,2495.00,above_range
2017-09-28,0.50,skipped_shape,,0.67,0.80,False,0.39,1310,2017-09-27,1,2509.25,2493.00,2498.50,2506.00,2495.50,day,1,2509.25,2493.00,2498.50,2506.00,2495.50,in_value
2017-09-29,0.50,start,migration,0.00,,,,1311,2017-09-29,1,2517.00,2504.75,2514.00,2516.50,2510.00,older_day,1,2509.25,2493.00,2498.50,2506.00,2495.50,above_value
2017-10-02,0.25,start,migration,0.00,,,,1312,2017-10-02,1,2526.75,2517.50,2524.00,2525.25,2521.00,day,1,2517.00,2504.75,2514.00,2516.50,2510.00,above_range
2017-10-03,0.25,start,migration,0.00,,,,1313,2017-10-03,1,2532.50,2525.75,2529.00,2529.75,2526.00,day,1,2526.75,2517.50,2524.00,2525.25,2521.00,above_range
2017-10-04,0.25,start,migration,0.00,,,,1314,2017-10-04,1,2538.00,2529.00,2535.25,2537.50,2532.75,day,1,2532.50,2525.75,2529.00,2529.75,2526.00,above_value
2017-10-05,0.25,start,migration,0.00,,,,1315,2017-10-05,1,2550.00,2537.25,2548.00,2550.25,2542.00,day,1,2538.00,2529.00,2535.25,2537.50,2532.75,above_range
2017-10-06,0.25,added,,1.00,0.53,False,0.53,1315,2017-10-05,2,2550.00,2537.25,2544.00,2548.25,2542.00,day,1,2550.00,2537.25,2548.00,2550.25,2542.00,in_value
2017-10-09,0.25,added,,1.00,0.66,False,0.73,1315,2017-10-05,3,2550.00,2537.25,2545.75,2548.50,2542.25,composite,2,2550.00,2537.25,2544.00,2548.25,2542.00,above_value
2017-10-10,0.25,added,,1.00,0.55,False,0.85,1315,2017-10-05,4,2553.25,2537.25,2546.00,2548.75,2543.00,composite,3,2550.00,2537.25,2545.75,2548.50,2542.25,above_value
2017-10-11,0.25,start,migration,0.23,,,,1316,2017-10-11,1,2553.25,2546.00,2549.50,2551.25,2548.00,composite,4,2553.25,2537.25,2546.00,2548.75,2543.00,in_value
2017-10-12,0.25,added,,0.53,0.48,False,0.46,1316,2017-10-11,2,2553.25,2546.00,2549.50,2552.25,2548.50,day,1,2553.25,2546.00,2549.50,2551.25,2548.00,in_value
2017-10-13,0.25,start,migration,0.00,,,,1317,2017-10-13,1,2555.50,2550.25,2553.50,2555.25,2552.50,composite,2,2553.25,2546.00,2549.50,2552.25,2548.50,above_range
2017-10-16,0.25,added,,0.91,0.47,False,0.71,1317,2017-10-13,2,2557.75,2550.25,2553.75,2555.00,2552.25,day,1,2555.50,2550.25,2553.50,2555.25,2552.50,in_value
2017-10-17,0.25,added,,0.67,0.50,False,0.71,1317,2017-10-13,3,2557.75,2550.25,2554.00,2555.25,2552.50,composite,2,2557.75,2550.25,2553.75,2555.00,2552.25,in_value
2017-10-18,0.25,start,migration,0.00,,,,1318,2017-10-18,1,2562.00,2557.25,2560.25,2561.50,2558.75,composite,3,2557.75,2550.25,2554.00,2555.25,2552.50,above_range
2017-10-19,0.25,start,migration,0.00,,,,1319,2017-10-19,1,2560.50,2545.25,2553.00,2556.25,2546.00,day,1,2562.00,2557.25,2560.25,2561.50,2558.75,below_range
2017-10-20,0.25,start,migration,0.00,,,,1320,2017-10-20,1,2573.25,2566.00,2568.50,2571.25,2566.00,day,1,2560.50,2545.25,2553.00,2556.25,2546.00,above_range
2017-10-23,0.25,added,,0.52,0.68,False,0.37,1320,2017-10-20,2,2576.75,2562.00,2572.00,2573.75,2567.50,day,1,2573.25,2566.00,2568.50,2571.25,2566.00,above_range
2017-10-24,0.25,start,migration,0.40,,,,1321,2017-10-24,1,2570.25,2563.25,2567.75,2569.00,2565.25,composite,2,2576.75,2562.00,2572.00,2573.75,2567.50,in_value
2017-10-25,0.25,start,migration,0.00,,,,1322,2017-10-25,1,2565.00,2541.50,2553.25,2557.50,2546.75,day,1,2570.25,2563.25,2567.75,2569.00,2565.25,below_value
2017-10-26,0.25,start,migration,0.00,,,,1323,2017-10-26,1,2565.00,2557.25,2561.00,2562.75,2559.00,day,1,2565.00,2541.50,2553.25,2557.50,2546.75,above_value
2017-10-27,0.25,start,migration,0.00,,,,1324,2017-10-27,1,2580.75,2563.25,2578.00,2580.75,2571.50,day,1,2565.00,2557.25,2561.00,2562.75,2559.00,above_range
2017-10-30,0.25,start,migration,0.26,,,,1325,2017-10-30,1,2577.50,2565.50,2569.75,2573.00,2567.25,day,1,2580.75,2563.25,2578.00,2580.75,2571.50,in_value
2017-10-31,0.25,start,migration,0.27,,,,1326,2017-10-31,1,2575.50,2569.00,2572.75,2575.00,2572.25,day,1,2577.50,2565.50,2569.75,2573.00,2567.25,in_value
2017-11-01,0.25,start,migration,0.18,,,,1327,2017-11-01,1,2585.50,2571.50,2576.75,2580.50,2573.75,day,1,2575.50,2569.00,2572.75,2575.00,2572.25,above_range
2017-11-02,0.25,start,migration,0.26,,,,1328,2017-11-02,1,2578.25,2562.25,2573.00,2575.25,2569.50,day,1,2585.50,2571.50,2576.75,2580.50,2573.75,in_value
2017-11-03,0.25,start,migration,0.00,,,,1329,2017-11-03,1,2585.50,2573.50,2583.50,2585.75,2577.50,day,1,2578.25,2562.25,2573.00,2575.25,2569.50,above_value
2017-11-06,0.25,start,migration,0.15,,,,1330,2017-11-06,1,2590.00,2582.25,2587.75,2588.50,2585.25,day,1,2585.50,2573.50,2583.50,2585.75,2577.50,in_value
2017-11-07,0.25,skipped_shape,,0.52,0.55,False,0.16,1330,2017-11-06,1,2590.00,2582.25,2587.75,2588.50,2585.25,day,1,2590.00,2582.25,2587.75,2588.50,2585.25,above_value
2017-11-08,0.25,start,migration,0.39,,,,1331,2017-11-08,1,2592.50,2581.50,2585.50,2590.25,2582.00,older_day,1,2590.00,2582.25,2587.75,2588.50,2585.25,below_value
2017-11-09,0.25,start,migration,0.16,,,,1332,2017-11-09,1,2583.75,2563.25,2577.50,2583.75,2572.50,day,1,2592.50,2581.50,2585.50,2590.25,2582.00,below_range
2017-11-10,0.25,added,,1.00,0.70,False,0.88,1332,2017-11-09,2,2583.75,2563.25,2577.75,2582.00,2574.25,day,1,2583.75,2563.25,2577.50,2583.75,2572.50,in_value
2017-11-13,0.50,start,migration,0.46,,,,1333,2017-11-13,1,2585.50,2572.00,2581.50,2585.00,2579.50,composite,2,2583.75,2563.25,2577.75,2582.00,2574.25,below_value
2017-11-14,0.50,start,migration,0.00,,,,1334,2017-11-14,1,2578.25,2564.25,2575.50,2578.00,2572.50,day,1,2585.50,2572.00,2581.50,2585.00,2579.50,below_value
2017-11-15,0.50,start,migration,0.00,,,,1335,2017-11-15,1,2571.50,2555.50,2566.00,2569.50,2562.00,day,1,2578.25,2564.25,2575.50,2578.00,2572.50,below_value
2017-11-16,0.50,start,migration,0.00,,,,1336,2017-11-16,1,2589.50,2573.75,2586.50,2589.00,2580.50,day,1,2571.50,2555.50,2566.00,2569.50,2562.00,above_range
2017-11-17,0.50,start,migration,0.43,,,,1337,2017-11-17,1,2583.25,2576.25,2580.50,2582.00,2578.50,day,1,2589.50,2573.75,2586.50,2589.00,2580.50,in_value
2017-11-20,0.50,added,,0.57,0.56,False,0.60,1337,2017-11-17,2,2584.00,2576.25,2580.50,2583.00,2579.50,day,1,2583.25,2576.25,2580.50,2582.00,2578.50,in_value
2017-11-21,0.50,start,migration,0.00,,,,1338,2017-11-21,1,2600.50,2589.25,2598.00,2599.50,2596.00,composite,2,2584.00,2576.25,2580.50,2583.00,2579.50,above_range
2017-11-22,0.50,added,,0.71,0.73,False,0.43,1338,2017-11-21,2,2600.50,2589.25,2597.50,2599.00,2594.50,day,1,2600.50,2589.25,2598.00,2599.50,2596.00,in_value
2017-11-24,0.50,start,migration,0.00,,,,1339,2017-11-24,1,2603.00,2599.25,2601.00,2602.50,2600.00,composite,2,2600.50,2589.25,2597.50,2599.00,2594.50,above_value
2017-11-27,0.50,added,,0.71,0.44,False,0.60,1339,2017-11-24,2,2605.50,2597.75,2601.00,2603.50,2600.00,day,1,2603.00,2599.25,2601.00,2602.50,2600.00,in_value
2017-11-28,0.50,start,migration,0.00,,,,1340,2017-11-28,1,2627.00,2604.25,2615.50,2620.00,2606.50,composite,2,2605.50,2597.75,2601.00,2603.50,2600.00,above_range
2017-11-29,0.50,start,migration,0.00,,,,1341,2017-11-29,1,2634.25,2619.75,2625.50,2628.00,2621.50,day,1,2627.00,2604.25,2615.50,2620.00,2606.50,above_range
2017-11-30,0.50,start,migration,0.00,,,,1342,2017-11-30,1,2658.50,2634.50,2646.50,2653.00,2640.50,day,1,2634.25,2619.75,2625.50,2628.00,2621.50,above_range
2017-12-01,0.50,start,migration,0.29,,,,1343,2017-12-01,1,2650.75,2605.00,2634.00,2647.50,2623.00,day,1,2658.50,2634.50,2646.50,2653.00,2640.50,in_value
2017-12-04,0.50,start,migration,0.00,,,,1344,2017-12-04,1,2665.25,2638.25,2655.00,2662.50,2651.00,day,1,2650.75,2605.00,2634.00,2647.50,2623.00,above_range
2017-12-05,0.50,start,migration,0.00,,,,1345,2017-12-05,1,2648.75,2627.50,2639.50,2649.00,2637.50,day,1,2665.25,2638.25,2655.00,2662.50,2651.00,below_value
2017-12-06,0.50,start,migration,0.00,,,,1346,2017-12-06,1,2634.50,2624.00,2629.50,2633.00,2627.50,day,1,2648.75,2627.50,2639.50,2649.00,2637.50,below_range
2017-12-07,0.50,start,migration,0.00,,,,1347,2017-12-07,1,2641.25,2626.25,2637.50,2641.00,2633.50,day,1,2634.50,2624.00,2629.50,2633.00,2627.50,in_value
2017-12-08,0.50,start,migration,0.00,,,,1348,2017-12-08,1,2652.25,2644.00,2647.50,2651.00,2646.50,day,1,2641.25,2626.25,2637.50,2641.00,2633.50,above_range
2017-12-11,0.50,start,roll,,,,,1349,2017-12-11,1,2664.00,2654.50,2659.00,2661.50,2657.00,none,0,,,,,,
2017-12-12,0.50,start,migration,0.00,,,,1350,2017-12-12,1,2673.00,2663.25,2670.00,2672.50,2668.00,day,1,2664.00,2654.50,2659.00,2661.50,2657.00,above_range
2017-12-13,0.50,start,migration,0.46,,,,1351,2017-12-13,1,2675.50,2666.25,2672.00,2675.50,2670.00,day,1,2673.00,2663.25,2670.00,2672.50,2668.00,in_value
2017-12-14,0.50,start,migration,0.08,,,,1352,2017-12-14,1,2671.25,2654.75,2668.50,2671.00,2658.50,day,1,2675.50,2666.25,2672.00,2675.50,2670.00,in_value
2017-12-15,0.50,start,migration,0.00,,,,1353,2017-12-15,1,2682.75,2666.00,2677.00,2682.50,2673.00,day,1,2671.25,2654.75,2668.50,2671.00,2658.50,in_value
2017-12-18,0.50,start,migration,0.00,,,,1354,2017-12-18,1,2698.00,2691.50,2695.00,2697.50,2694.00,day,1,2682.75,2666.00,2677.00,2682.50,2673.00,above_range
2017-12-19,0.50,start,migration,0.00,,,,1355,2017-12-19,1,2697.50,2683.00,2688.00,2691.50,2686.00,day,1,2698.00,2691.50,2695.00,2697.50,2694.00,in_value
2017-12-20,0.50,start,migration,0.31,,,,1356,2017-12-20,1,2695.50,2679.00,2684.50,2688.00,2681.50,day,1,2697.50,2683.00,2688.00,2691.50,2686.00,above_value
2017-12-21,0.50,start,migration,0.00,,,,1357,2017-12-21,1,2696.00,2684.75,2691.50,2695.00,2688.50,day,1,2695.50,2679.00,2684.50,2688.00,2681.50,above_value
2017-12-22,0.50,start,migration,0.00,,,,1358,2017-12-22,1,2689.50,2682.25,2685.50,2688.00,2684.50,day,1,2696.00,2684.75,2691.50,2695.00,2688.50,below_value
2017-12-26,0.50,added,,1.00,0.47,False,0.60,1358,2017-12-22,2,2689.50,2682.25,2685.50,2688.00,2684.50,day,1,2689.50,2682.25,2685.50,2688.00,2684.50,in_value
2017-12-27,0.50,added,,0.54,0.53,False,0.43,1358,2017-12-22,3,2691.00,2681.50,2686.50,2688.00,2683.50,composite,2,2689.50,2682.25,2685.50,2688.00,2684.50,above_value
2017-12-28,0.50,added,,0.80,0.42,False,1.00,1358,2017-12-22,4,2691.00,2681.50,2685.50,2688.00,2683.50,composite,3,2691.00,2681.50,2686.50,2688.00,2683.50,above_value
2017-12-29,0.50,added,,0.69,0.55,False,1.00,1358,2017-12-22,5,2694.00,2674.25,2685.00,2687.50,2683.00,composite,4,2691.00,2681.50,2685.50,2688.00,2683.50,above_range
2018-01-02,0.50,start,migration,0.00,,,,1359,2018-01-02,1,2696.00,2681.75,2690.50,2693.00,2687.50,composite,5,2694.00,2674.25,2685.00,2687.50,2683.00,in_value
2018-01-03,0.50,start,migration,0.00,,,,1360,2018-01-03,1,2714.25,2697.00,2707.50,2712.00,2705.50,day,1,2696.00,2681.75,2690.50,2693.00,2687.50,above_range
2018-01-04,0.50,start,migration,0.00,,,,1361,2018-01-04,1,2729.00,2718.25,2725.00,2727.50,2724.00,day,1,2714.25,2697.00,2707.50,2712.00,2705.50,above_range
2018-01-05,0.50,start,migration,0.00,,,,1362,2018-01-05,1,2743.00,2726.50,2733.50,2736.00,2728.50,day,1,2729.00,2718.25,2725.00,2727.50,2724.00,above_range
2018-01-08,0.50,start,migration,0.00,,,,1363,2018-01-08,1,2748.50,2737.00,2741.50,2746.00,2737.50,day,1,2743.00,2726.50,2733.50,2736.00,2728.50,above_value
2018-01-09,0.50,start,migration,0.00,,,,1364,2018-01-09,1,2760.00,2748.00,2757.00,2759.50,2752.00,day,1,2748.50,2737.00,2741.50,2746.00,2737.50,above_range
2018-01-10,0.50,start,migration,0.00,,,,1365,2018-01-10,1,2751.75,2736.50,2745.50,2751.00,2743.50,day,1,2760.00,2748.00,2757.00,2759.50,2752.00,below_range
2018-01-11,0.50,start,migration,0.00,,,,1366,2018-01-11,1,2768.50,2752.75,2763.00,2766.50,2757.00,day,1,2751.75,2736.50,2745.50,2751.00,2743.50,above_range
2018-01-12,0.50,start,migration,0.00,,,,1367,2018-01-12,1,2788.75,2770.00,2784.00,2787.50,2780.00,day,1,2768.50,2752.75,2763.00,2766.50,2757.00,above_range
2018-01-16,0.50,start,migration,0.21,,,,1368,2018-01-16,1,2808.50,2769.25,2791.00,2808.50,2782.00,day,1,2788.75,2770.00,2784.00,2787.50,2780.00,above_range
2018-01-17,0.50,skipped_daytype,,0.93,,,,1368,2018-01-16,1,2808.50,2769.25,2791.00,2808.50,2782.00,day,1,2808.50,2769.25,2791.00,2808.50,2782.00,in_value
2018-01-18,0.50,skipped_shape,,1.00,0.78,False,0.71,1368,2018-01-16,1,2808.50,2769.25,2791.00,2808.50,2782.00,older_day,1,2808.50,2769.25,2791.00,2808.50,2782.00,in_value
2018-01-19,0.50,skipped_shape,,1.00,0.79,False,0.70,1368,2018-01-16,1,2808.50,2769.25,2791.00,2808.50,2782.00,older_day,1,2808.50,2769.25,2791.00,2808.50,2782.00,in_value
2018-01-22,0.50,start,migration,0.00,,,,1369,2018-01-22,1,2835.50,2809.25,2825.50,2828.00,2817.50,older_day,1,2808.50,2769.25,2791.00,2808.50,2782.00,above_range
2018-01-23,0.50,start,migration,0.00,,,,1370,2018-01-23,1,2844.75,2832.00,2840.00,2843.50,2837.00,day,1,2835.50,2809.25,2825.50,2828.00,2817.50,above_value
2018-01-24,0.50,start,migration,0.39,,,,1371,2018-01-24,1,2855.25,2825.50,2840.00,2847.50,2831.00,day,1,2844.75,2832.00,2840.00,2843.50,2837.00,above_range
2018-01-25,0.50,added,,1.00,0.51,False,0.85,1371,2018-01-24,2,2855.25,2825.50,2840.50,2846.00,2834.50,day,1,2855.25,2825.50,2840.00,2847.50,2831.00,above_value
2018-01-26,0.50,start,migration,0.00,,,,1372,2018-01-26,1,2873.25,2846.50,2855.50,2862.00,2846.50,composite,2,2855.25,2825.50,2840.50,2846.00,2834.50,above_value
2018-01-29,0.50,start,migration,0.41,,,,1373,2018-01-29,1,2871.25,2851.50,2863.50,2867.00,2858.50,day,1,2873.25,2846.50,2855.50,2862.00,2846.50,above_value
2018-01-30,0.50,start,migration,0.00,,,,1374,2018-01-30,1,2839.50,2818.50,2828.00,2831.50,2822.00,day,1,2871.25,2851.50,2863.50,2867.00,2858.50,below_range
2018-01-31,0.50,added,,0.72,0.56,False,0.69,1374,2018-01-30,2,2839.75,2813.00,2828.00,2832.50,2822.00,day,1,2839.50,2818.50,2828.00,2831.50,2822.00,above_value
2018-02-01,0.50,added,,0.52,0.56,False,0.73,1374,2018-01-30,3,2839.75,2812.50,2827.50,2833.00,2820.50,composite,2,2839.75,2813.00,2828.00,2832.50,2822.00,below_value
2018-02-02,0.50,start,migration,0.00,,,,1375,2018-02-02,1,2807.75,2758.75,2795.00,2804.50,2774.00,composite,3,2839.75,2812.50,2827.50,2833.00,2820.50,below_range
2018-02-05,0.75,start,migration,0.00,,,,1376,2018-02-05,1,2763.00,2635.50,2736.00,2763.75,2685.00,day,1,2807.75,2758.75,2795.00,2804.50,2774.00,below_range
2018-02-06,0.75,start,migration,0.00,,,,1377,2018-02-06,1,2699.75,2589.00,2637.75,2665.50,2622.75,day,1,2763.00,2635.50,2736.00,2763.75,2685.00,below_range
2018-02-07,0.75,start,migration,0.00,,,,1378,2018-02-07,1,2726.75,2678.75,2702.25,2712.00,2687.25,day,1,2699.75,2589.00,2637.75,2665.50,2622.75,above_value
2018-02-08,0.75,start,migration,0.00,,,,1379,2018-02-08,1,2684.00,2577.00,2630.25,2655.00,2613.75,day,1,2726.75,2678.75,2702.25,2712.00,2687.25,below_value
2018-02-09,0.75,start,migration,0.00,,,,1380,2018-02-09,1,2637.75,2530.25,2596.50,2609.25,2557.50,day,1,2684.00,2577.00,2630.25,2655.00,2613.75,below_value
2018-02-12,0.75,start,migration,0.00,,,,1381,2018-02-12,1,2671.50,2620.00,2652.00,2667.75,2638.50,day,1,2637.75,2530.25,2596.50,2609.25,2557.50,above_range
2018-02-13,0.75,skipped_shape,,0.90,0.51,True,0.48,1381,2018-02-12,1,2671.50,2620.00,2652.00,2667.75,2638.50,day,1,2671.50,2620.00,2652.00,2667.75,2638.50,in_value
2018-02-14,0.75,start,migration,0.49,,,,1382,2018-02-14,1,2701.75,2642.75,2674.50,2688.75,2647.50,older_day,1,2671.50,2620.00,2652.00,2667.75,2638.50,in_value
2018-02-15,0.75,start,migration,0.00,,,,1383,2018-02-15,1,2731.75,2688.50,2709.75,2724.00,2702.25,day,1,2701.75,2642.75,2674.50,2688.75,2647.50,above_range
2018-02-16,0.75,start,migration,0.00,,,,1384,2018-02-16,1,2754.75,2723.75,2736.75,2745.00,2730.75,day,1,2731.75,2688.50,2709.75,2724.00,2702.25,in_value
2018-02-20,1.50,start,migration,0.27,,,,1385,2018-02-20,1,2737.75,2705.75,2724.00,2734.50,2718.00,day,1,2754.75,2723.75,2736.75,2745.00,2730.75,below_range
2018-02-21,1.50,added,,0.85,0.67,False,0.33,1385,2018-02-20,2,2747.75,2700.25,2731.50,2736.00,2719.50,day,1,2737.75,2705.75,2724.00,2734.50,2718.00,in_value
2018-02-22,1.50,start,migration,0.27,,,,1386,2018-02-22,1,2731.00,2696.50,2716.50,2724.00,2707.50,composite,2,2747.75,2700.25,2731.50,2736.00,2719.50,below_value
2018-02-23,1.50,added,,0.64,0.53,False,0.56,1386,2018-02-22,2,2747.50,2696.50,2722.50,2730.00,2710.50,day,1,2731.00,2696.50,2716.50,2724.00,2707.50,in_value
2018-02-26,1.50,start,migration,0.00,,,,1387,2018-02-26,1,2780.50,2752.75,2772.00,2776.50,2760.00,composite,2,2747.50,2696.50,2722.50,2730.00,2710.50,above_range
2018-02-27,1.50,added,,0.73,0.47,False,1.00,1387,2018-02-26,2,2789.75,2743.50,2764.50,2775.00,2755.50,day,1,2780.50,2752.75,2772.00,2776.50,2760.00,above_range
2018-02-28,1.50,start,migration,0.23,,,,1388,2018-02-28,1,2762.00,2712.50,2746.50,2760.00,2740.50,composite,2,2789.75,2743.50,2764.50,2775.00,2755.50,in_value
2018-03-01,1.50,start,migration,0.00,,,,1389,2018-03-01,1,2731.00,2658.50,2706.00,2722.50,2679.00,day,1,2762.00,2712.50,2746.50,2760.00,2740.50,below_value
2018-03-02,1.50,start,migration,0.23,,,,1390,2018-03-02,1,2696.00,2647.00,2671.50,2685.00,2659.50,day,1,2731.00,2658.50,2706.00,2722.50,2679.00,below_range
2018-03-05,1.50,start,migration,0.00,,,,1391,2018-03-05,1,2727.75,2674.50,2712.00,2728.50,2703.00,day,1,2696.00,2647.00,2671.50,2685.00,2659.50,in_value
2018-03-06,1.50,skipped_shape,,0.89,0.78,False,1.00,1391,2018-03-05,1,2727.75,2674.50,2712.00,2728.50,2703.00,day,1,2727.75,2674.50,2712.00,2728.50,2703.00,above_range
2018-03-07,1.50,added,,1.00,0.67,False,0.78,1391,2018-03-05,2,2730.25,2674.50,2712.00,2725.50,2703.00,older_day,1,2727.75,2674.50,2712.00,2728.50,2703.00,below_value
2018-03-08,1.50,start,migration,0.14,,,,1392,2018-03-08,1,2740.50,2722.00,2727.00,2734.50,2724.00,composite,2,2730.25,2674.50,2712.00,2725.50,2703.00,above_range
2018-03-09,1.50,start,migration,0.00,,,,1393,2018-03-09,1,2787.00,2751.50,2775.00,2782.50,2763.00,day,1,2740.50,2722.00,2727.00,2734.50,2724.00,above_range
2018-03-12,1.50,start,migration,0.29,,,,1394,2018-03-12,1,2797.25,2779.00,2785.50,2790.00,2779.50,day,1,2787.00,2751.50,2775.00,2782.50,2763.00,above_range
2018-03-13,1.50,start,migration,0.20,,,,1395,2018-03-13,1,2802.50,2758.50,2779.50,2784.00,2761.50,day,1,2797.25,2779.00,2785.50,2790.00,2779.50,above_value
2018-03-14,1.50,start,roll,,,,,1396,2018-03-14,1,2782.50,2748.25,2754.00,2767.50,2748.00,none,0,,,,,,
2018-03-15,1.50,added,,1.00,0.33,False,0.71,1396,2018-03-14,2,2782.50,2745.75,2757.00,2764.50,2748.00,day,1,2782.50,2748.25,2754.00,2767.50,2748.00,in_value
2018-03-16,1.50,added,,1.00,0.33,False,1.00,1396,2018-03-14,3,2782.50,2745.75,2757.00,2764.50,2751.00,composite,2,2782.50,2745.75,2757.00,2764.50,2748.00,in_value
2018-03-19,1.50,start,migration,0.00,,,,1397,2018-03-19,1,2745.25,2697.25,2712.00,2722.50,2697.00,composite,3,2782.50,2745.75,2757.00,2764.50,2751.00,below_range
2018-03-20,1.50,added,,0.80,0.47,False,0.56,1397,2018-03-19,2,2745.25,2697.25,2719.50,2727.00,2707.50,day,1,2745.25,2697.25,2712.00,2722.50,2697.00,in_value
2018-03-21,1.50,added,,0.64,0.47,False,0.78,1397,2018-03-19,3,2745.25,2697.25,2719.50,2733.00,2710.50,composite,2,2745.25,2697.25,2719.50,2727.00,2707.50,in_value
2018-03-22,1.50,start,migration,0.00,,,,1398,2018-03-22,1,2698.25,2642.00,2671.50,2691.00,2668.50,composite,3,2745.25,2697.25,2719.50,2733.00,2710.50,below_range
2018-03-23,1.50,start,migration,0.00,,,,1399,2018-03-23,1,2658.75,2586.00,2634.00,2653.50,2625.00,day,1,2698.25,2642.00,2671.50,2691.00,2668.50,below_value
2018-03-26,1.50,added,,0.52,0.55,False,0.47,1399,2018-03-23,2,2662.75,2586.00,2628.00,2650.50,2619.00,day,1,2658.75,2586.00,2634.00,2653.50,2625.00,in_value
2018-03-27,1.50,start,migration,0.16,,,,1400,2018-03-27,1,2676.00,2596.00,2655.00,2674.50,2646.00,composite,2,2662.75,2586.00,2628.00,2650.50,2619.00,above_range
2018-03-28,1.50,start,migration,0.00,,,,1401,2018-03-28,1,2633.75,2593.00,2611.50,2622.00,2605.50,day,1,2676.00,2596.00,2655.00,2674.50,2646.00,below_value
2018-03-29,1.50,start,migration,0.00,,,,1402,2018-03-29,1,2659.50,2609.25,2634.00,2656.50,2628.00,day,1,2633.75,2593.00,2611.50,2622.00,2605.50,in_value
2018-04-02,1.50,start,migration,0.00,,,,1403,2018-04-02,1,2638.00,2552.00,2574.00,2593.50,2553.00,day,1,2659.50,2609.25,2634.00,2656.50,2628.00,in_value
2018-04-03,1.50,added,,0.54,0.44,False,0.47,1403,2018-04-02,2,2638.00,2552.00,2589.00,2602.50,2562.00,day,1,2638.00,2552.00,2574.00,2593.50,2553.00,above_value
2018-04-04,1.50,skipped_daytype,,0.56,,,,1403,2018-04-02,2,2638.00,2552.00,2589.00,2602.50,2562.00,composite,2,2638.00,2552.00,2589.00,2602.50,2562.00,in_value
2018-04-05,1.50,start,migration,0.00,,,,1404,2018-04-05,1,2672.25,2649.00,2659.50,2670.00,2656.50,composite,2,2638.00,2552.00,2589.00,2602.50,2562.00,above_range
2018-04-06,1.50,start,migration,0.00,,,,1405,2018-04-06,1,2656.75,2584.50,2631.00,2656.50,2607.00,day,1,2672.25,2649.00,2659.50,2670.00,2656.50,below_range
2018-04-09,1.50,added,,1.00,0.64,False,0.47,1405,2018-04-06,2,2656.75,2584.50,2631.00,2653.50,2622.00,day,1,2656.75,2584.50,2631.00,2656.50,2607.00,in_value
2018-04-10,1.50,start,migration,0.46,,,,1406,2018-04-10,1,2666.25,2635.00,2655.00,2662.50,2646.00,composite,2,2656.75,2584.50,2631.00,2653.50,2622.00,in_value
2018-04-11,1.50,added,,0.71,0.48,False,0.71,1406,2018-04-10,2,2666.25,2635.00,2649.00,2659.50,2643.00,day,1,2666.25,2635.00,2655.00,2662.50,2646.00,below_value
2018-04-12,1.50,start,migration,0.00,,,,1407,2018-04-12,1,2675.00,2655.00,2665.50,2673.00,2662.50,composite,2,2666.25,2635.00,2649.00,2659.50,2643.00,in_value
2018-04-13,1.50,start,migration,0.33,,,,1408,2018-04-13,1,2680.50,2644.75,2662.50,2667.00,2653.50,day,1,2675.00,2655.00,2665.50,2673.00,2662.50,above_range
2018-04-16,2.00,start,migration,0.00,,,,1409,2018-04-16,1,2687.00,2666.00,2676.00,2686.00,2672.00,day,1,2680.50,2644.75,2662.50,2667.00,2653.50,above_value
2018-04-17,2.00,start,migration,0.00,,,,1410,2018-04-17,1,2713.75,2692.50,2704.00,2710.00,2700.00,day,1,2687.00,2666.00,2676.00,2686.00,2672.00,above_range
2018-04-18,2.00,start,migration,0.00,,,,1411,2018-04-18,1,2718.00,2703.75,2712.00,2718.00,2712.00,day,1,2713.75,2692.50,2704.00,2710.00,2700.00,above_value
2018-04-19,2.00,start,migration,0.00,,,,1412,2018-04-19,1,2703.50,2681.50,2686.00,2700.00,2682.00,day,1,2718.00,2703.75,2712.00,2718.00,2712.00,below_range
2018-04-20,2.00,start,migration,0.00,,,,1413,2018-04-20,1,2694.75,2659.75,2670.00,2680.00,2662.00,day,1,2703.50,2681.50,2686.00,2700.00,2682.00,in_value
2018-04-23,2.00,added,,1.00,0.42,False,0.60,1413,2018-04-20,2,2694.75,2657.25,2672.00,2678.00,2664.00,day,1,2694.75,2659.75,2670.00,2680.00,2662.00,in_value
2018-04-24,2.00,start,migration,0.04,,,,1414,2018-04-24,1,2683.75,2616.00,2628.00,2666.00,2616.00,composite,2,2694.75,2657.25,2672.00,2678.00,2664.00,above_value
2018-04-25,2.00,added,,1.00,0.26,False,1.00,1414,2018-04-24,2,2683.75,2611.25,2628.00,2642.00,2616.00,day,1,2683.75,2616.00,2628.00,2666.00,2616.00,in_value
2018-04-26,2.00,start,migration,0.00,,,,1415,2018-04-26,1,2675.50,2645.50,2658.00,2672.00,2654.00,composite,2,2683.75,2611.25,2628.00,2642.00,2616.00,above_value
2018-04-27,2.00,added,,1.00,0.73,False,0.60,1415,2018-04-26,2,2676.25,2645.50,2668.00,2674.00,2660.00,day,1,2675.50,2645.50,2658.00,2672.00,2654.00,above_value
2018-04-30,1.50,start,migration,0.47,,,,1416,2018-04-30,1,2681.75,2645.75,2658.00,2671.50,2646.00,composite,2,2676.25,2645.50,2668.00,2674.00,2660.00,above_value
2018-05-01,1.50,start,migration,0.00,,,,1417,2018-05-01,1,2653.00,2623.25,2638.50,2643.00,2626.50,day,1,2681.75,2645.75,2658.00,2671.50,2646.00,below_range
2018-05-02,1.50,start,migration,0.14,,,,1418,2018-05-02,1,2658.50,2629.00,2647.50,2652.00,2641.50,day,1,2653.00,2623.25,2638.50,2643.00,2626.50,above_value
2018-05-03,1.50,start,migration,0.00,,,,1419,2018-05-03,1,2634.75,2591.25,2623.50,2631.00,2602.50,day,1,2658.50,2629.00,2647.50,2652.00,2641.50,below_range
2018-05-04,1.50,start,migration,0.00,,,,1420,2018-05-04,1,2669.50,2612.25,2653.50,2670.00,2638.50,day,1,2634.75,2591.25,2623.50,2631.00,2602.50,in_value
2018-05-07,1.50,start,migration,0.00,,,,1421,2018-05-07,1,2681.50,2662.50,2676.00,2680.50,2670.00,day,1,2669.50,2612.25,2653.50,2670.00,2638.50,above_range
2018-05-08,1.50,start,migration,0.00,,,,1422,2018-05-08,1,2674.25,2652.25,2664.00,2668.50,2658.00,day,1,2681.50,2662.50,2676.00,2680.50,2670.00,below_value
2018-05-09,1.50,start,migration,0.00,,,,1423,2018-05-09,1,2700.00,2672.00,2695.50,2700.00,2677.50,day,1,2674.25,2652.25,2664.00,2668.50,2658.00,above_range
2018-05-10,1.50,start,migration,0.00,,,,1424,2018-05-10,1,2725.00,2703.00,2719.50,2724.00,2713.50,day,1,2700.00,2672.00,2695.50,2700.00,2677.50,above_range
2018-05-11,1.50,start,migration,0.43,,,,1425,2018-05-11,1,2732.50,2716.75,2722.50,2730.00,2719.50,day,1,2725.00,2703.00,2719.50,2724.00,2713.50,in_value
2018-05-14,1.00,start,migration,0.36,,,,1426,2018-05-14,1,2741.25,2724.25,2730.00,2737.00,2726.00,day,1,2732.50,2716.75,2722.50,2730.00,2719.50,above_range
2018-05-15,1.00,start,migration,0.00,,,,1427,2018-05-15,1,2717.00,2700.50,2707.00,2712.00,2703.00,day,1,2741.25,2724.25,2730.00,2737.00,2726.00,below_range
2018-05-16,1.00,start,migration,0.00,,,,1428,2018-05-16,1,2728.00,2711.00,2724.00,2727.00,2716.00,day,1,2717.00,2700.50,2707.00,2712.00,2703.00,in_value
2018-05-17,1.00,added,,1.00,0.39,False,0.33,1428,2018-05-16,2,2732.00,2711.00,2719.00,2728.00,2717.00,day,1,2728.00,2711.00,2724.00,2727.00,2716.00,in_value
2018-05-18,1.00,start,migration,0.00,,,,1429,2018-05-18,1,2719.75,2708.75,2714.00,2717.00,2712.00,composite,2,2732.00,2711.00,2719.00,2728.00,2717.00,below_value
2018-05-21,1.00,start,migration,0.00,,,,1430,2018-05-21,1,2739.25,2725.25,2732.00,2735.00,2728.00,day,1,2719.75,2708.75,2714.00,2717.00,2712.00,above_range
2018-05-22,1.00,start,migration,0.29,,,,1431,2018-05-22,1,2741.75,2721.50,2735.00,2740.00,2733.00,day,1,2739.25,2725.25,2732.00,2735.00,2728.00,above_value
2018-05-23,1.00,start,migration,0.00,,,,1432,2018-05-23,1,2732.75,2708.50,2716.00,2721.00,2710.00,day,1,2741.75,2721.50,2735.00,2740.00,2733.00,below_range
2018-05-24,1.00,start,migration,0.47,,,,1433,2018-05-24,1,2730.50,2705.75,2724.00,2729.00,2714.00,day,1,2732.75,2708.50,2716.00,2721.00,2710.00,above_value
2018-05-25,1.00,added,,1.00,0.48,False,0.33,1433,2018-05-24,2,2730.50,2705.75,2717.00,2726.00,2715.00,day,1,2730.50,2705.75,2724.00,2729.00,2714.00,in_value
2018-05-29,1.00,start,migration,0.00,,,,1434,2018-05-29,1,2709.50,2675.00,2686.00,2695.00,2675.00,composite,2,2730.50,2705.75,2717.00,2726.00,2715.00,below_range
2018-05-30,1.00,start,migration,0.00,,,,1435,2018-05-30,1,2729.25,2701.75,2725.00,2730.00,2713.00,day,1,2709.50,2675.00,2686.00,2695.00,2675.00,above_value
2018-05-31,1.00,start,migration,0.39,,,,1436,2018-05-31,1,2722.50,2699.75,2711.00,2718.00,2705.00,day,1,2729.25,2701.75,2725.00,2730.00,2713.00,in_value
2018-06-01,1.00,start,migration,0.00,,,,1437,2018-06-01,1,2737.00,2720.50,2731.00,2736.00,2727.00,day,1,2722.50,2699.75,2711.00,2718.00,2705.00,above_value
2018-06-04,0.75,start,migration,0.00,,,,1438,2018-06-04,1,2749.25,2739.75,2745.75,2748.00,2742.75,day,1,2737.00,2720.50,2731.00,2736.00,2727.00,above_range
2018-06-05,0.75,added,,0.64,0.50,False,1.00,1438,2018-06-04,2,2752.50,2739.00,2745.75,2749.50,2742.75,day,1,2749.25,2739.75,2745.75,2748.00,2742.75,in_value
2018-06-06,0.75,start,migration,0.00,,,,1439,2018-06-06,1,2772.00,2748.00,2760.00,2763.75,2749.50,composite,2,2752.50,2739.00,2745.75,2749.50,2742.75,above_range
2018-06-07,0.75,start,migration,0.00,,,,1440,2018-06-07,1,2779.50,2760.00,2770.50,2774.25,2764.50,day,1,2772.00,2748.00,2760.00,2763.75,2749.50,above_range
2018-06-08,0.75,added,,0.60,0.46,False,0.56,1440,2018-06-07,2,2779.50,2760.00,2769.00,2775.75,2766.00,day,1,2779.50,2760.00,2770.50,2774.25,2764.50,in_value
2018-06-11,0.75,start,migration,0.00,,,,1441,2018-06-11,1,2790.50,2779.25,2787.00,2789.25,2782.50,composite,2,2779.50,2760.00,2769.00,2775.75,2766.00,above_range
2018-06-12,0.75,added,,1.00,0.50,False,0.43,1441,2018-06-11,2,2790.50,2778.50,2784.00,2789.25,2782.50,day,1,2790.50,2779.25,2787.00,2789.25,2782.50,in_value
2018-06-13,0.75,start,roll,,,,,1442,2018-06-13,1,2796.00,2778.75,2791.50,2795.25,2785.50,none,0,,,,,,
2018-06-14,0.75,added,,0.78,0.48,False,0.33,1442,2018-06-13,2,2796.00,2778.75,2787.00,2793.75,2785.50,day,1,2796.00,2778.75,2791.50,2795.25,2785.50,in_value
2018-06-15,0.75,start,migration,0.00,,,,1443,2018-06-15,1,2787.50,2765.50,2775.75,2781.00,2771.25,composite,2,2796.00,2778.75,2787.00,2793.75,2785.50,below_value
2018-06-18,0.75,added,,0.85,0.51,False,1.00,1443,2018-06-15,2,2787.50,2761.25,2774.25,2779.50,2769.75,day,1,2787.50,2765.50,2775.75,2781.00,2771.25,below_value
2018-06-19,0.75,start,migration,0.00,,,,1444,2018-06-19,1,2769.00,2746.25,2757.00,2766.75,2755.50,composite,2,2787.50,2761.25,2774.25,2779.50,2769.75,below_range
2018-06-20,0.75,start,migration,0.00,,,,1445,2018-06-20,1,2778.25,2767.00,2774.25,2776.50,2769.75,day,1,2769.00,2746.25,2757.00,2766.75,2755.50,above_range
2018-06-21,0.75,start,migration,0.00,,,,1446,2018-06-21,1,2770.50,2747.00,2757.00,2760.75,2751.00,day,1,2778.25,2767.00,2774.25,2776.50,2769.75,in_value
2018-06-22,0.75,start,migration,0.00,,,,1447,2018-06-22,1,2768.50,2755.25,2763.75,2767.50,2760.75,day,1,2770.50,2747.00,2757.00,2760.75,2751.00,above_value
2018-06-25,0.75,start,migration,0.00,,,,1448,2018-06-25,1,2746.25,2700.50,2716.50,2724.75,2706.00,day,1,2768.50,2755.25,2763.75,2767.50,2760.75,below_range
2018-06-26,0.75,start,migration,0.23,,,,1449,2018-06-26,1,2735.25,2717.25,2730.00,2732.25,2722.50,day,1,2746.25,2700.50,2716.50,2724.75,2706.00,above_value
2018-06-27,0.75,start,migration,0.29,,,,1450,2018-06-27,1,2748.00,2701.00,2715.00,2735.25,2701.50,day,1,2735.25,2717.25,2730.00,2732.25,2722.50,in_value
2018-06-28,0.75,added,,0.76,0.25,False,0.65,1450,2018-06-27,2,2748.00,2693.50,2706.75,2724.00,2696.25,day,1,2748.00,2701.00,2715.00,2735.25,2701.50,below_value
2018-06-29,0.75,start,migration,0.00,,,,1451,2018-06-29,1,2745.50,2720.50,2736.75,2742.00,2733.75,composite,2,2748.00,2693.50,2706.75,2724.00,2696.25,above_value
2018-07-02,0.75,start,migration,0.00,,,,1452,2018-07-02,1,2728.50,2700.50,2710.50,2718.75,2704.50,day,1,2745.50,2720.50,2736.75,2742.00,2733.75,below_range
2018-07-03,0.75,start,migration,0.00,,,,1453,2018-07-03,1,2738.00,2712.00,2730.75,2737.50,2723.25,day,1,2728.50,2700.50,2710.50,2718.75,2704.50,above_range
2018-07-05,0.75,added,,1.00,0.74,False,0.64,1453,2018-07-03,2,2739.50,2712.00,2732.25,2737.50,2724.75,day,1,2738.00,2712.00,2730.75,2737.50,2723.25,in_value
2018-07-06,0.75,start,migration,0.00,,,,1454,2018-07-06,1,2766.25,2734.50,2762.25,2766.00,2750.25,composite,2,2739.50,2712.00,2732.25,2737.50,2724.75,above_value
2018-07-09,0.75,start,migration,0.00,,,,1455,2018-07-09,1,2787.25,2772.75,2782.50,2786.25,2778.00,day,1,2766.25,2734.50,2762.25,2766.00,2750.25,above_range
2018-07-10,0.75,start,migration,0.00,,,,1456,2018-07-10,1,2797.75,2788.50,2793.75,2796.00,2790.75,day,1,2787.25,2772.75,2782.50,2786.25,2778.00,above_range
2018-07-11,0.75,start,migration,0.00,,,,1457,2018-07-11,1,2787.75,2772.25,2779.50,2781.75,2775.00,day,1,2797.75,2788.50,2793.75,2796.00,2790.75,below_range
2018-07-12,0.75,start,migration,0.00,,,,1458,2018-07-12,1,2801.00,2782.75,2796.00,2799.75,2790.00,day,1,2787.75,2772.25,2779.50,2781.75,2775.00,above_range
2018-07-13,0.75,start,migration,0.00,,,,1459,2018-07-13,1,2806.25,2793.25,2802.75,2806.50,2801.25,day,1,2801.00,2782.75,2796.00,2799.75,2790.00,in_value
2018-07-16,1.00,added,,0.80,0.61,False,0.60,1459,2018-07-13,2,2806.25,2793.25,2801.00,2804.00,2797.00,day,1,2806.25,2793.25,2802.75,2806.50,2801.25,in_value
2018-07-17,1.00,start,migration,0.08,,,,1460,2018-07-17,1,2815.75,2790.75,2811.00,2816.00,2803.00,composite,2,2806.25,2793.25,2801.00,2804.00,2797.00,below_range
2018-07-18,1.00,added,,0.71,0.74,False,0.71,1460,2018-07-17,2,2818.25,2790.75,2811.00,2818.00,2807.00,day,1,2815.75,2790.75,2811.00,2816.00,2803.00,in_value
2018-07-19,1.00,added,,0.71,0.71,False,0.71,1460,2018-07-17,3,2818.25,2790.75,2810.00,2815.00,2804.00,composite,2,2818.25,2790.75,2811.00,2818.00,2807.00,in_value
2018-07-20,1.00,added,,0.80,0.60,False,0.71,1460,2018-07-17,4,2818.25,2790.75,2807.00,2814.00,2803.00,composite,3,2818.25,2790.75,2810.00,2815.00,2804.00,below_value
2018-07-23,1.00,added,,0.78,0.60,False,0.71,1460,2018-07-17,5,2818.25,2790.75,2807.00,2814.00,2803.00,composite,4,2818.25,2790.75,2807.00,2814.00,2803.00,below_value
2018-07-24,1.00,start,migration,0.00,,,,1461,2018-07-24,1,2831.25,2812.00,2823.00,2830.00,2817.00,composite,5,2818.25,2790.75,2807.00,2814.00,2803.00,above_range
2018-07-25,1.00,added,,0.67,0.38,False,0.46,1461,2018-07-24,2,2849.50,2812.00,2826.00,2831.00,2816.00,day,1,2831.25,2812.00,2823.00,2830.00,2817.00,in_value
2018-07-26,1.00,start,migration,0.00,,,,1462,2018-07-26,1,2846.50,2836.00,2840.00,2843.00,2838.00,composite,2,2849.50,2812.00,2826.00,2831.00,2816.00,above_value
2018-07-27,1.00,start,migration,0.00,,,,1463,2018-07-27,1,2843.25,2808.75,2817.00,2832.00,2809.00,day,1,2846.50,2836.00,2840.00,2843.00,2838.00,in_value
2018-07-30,0.75,start,migration,0.27,,,,1464,2018-07-30,1,2821.75,2798.25,2807.25,2812.50,2801.25,day,1,2843.25,2808.75,2817.00,2832.00,2809.00,in_value
2018-07-31,0.75,start,migration,0.00,,,,1465,2018-07-31,1,2825.00,2808.50,2820.75,2823.00,2813.25,day,1,2821.75,2798.25,2807.25,2812.50,2801.25,above_value
2018-08-01,0.75,added,,0.53,0.38,False,0.46,1465,2018-07-31,2,2825.75,2805.50,2812.50,2820.75,2809.50,day,1,2825.00,2808.50,2820.75,2823.00,2813.25,in_value
2018-08-02,0.75,added,,0.52,0.50,False,0.33,1465,2018-07-31,3,2829.50,2795.00,2811.75,2823.00,2808.75,composite,2,2825.75,2805.50,2812.50,2820.75,2809.50,below_range
2018-08-03,0.75,start,migration,0.00,,,,1466,2018-08-03,1,2840.25,2827.00,2833.50,2837.25,2829.00,composite,3,2829.50,2795.00,2811.75,2823.00,2808.75,above_value
2018-08-06,0.75,start,migration,0.00,,,,1467,2018-08-06,1,2853.50,2835.50,2850.00,2853.75,2842.50,day,1,2840.25,2827.00,2833.50,2837.25,2829.00,above_value
2018-08-07,0.75,start,migration,0.00,,,,1468,2018-08-07,1,2863.75,2855.75,2860.50,2862.75,2859.00,day,1,2853.50,2835.50,2850.00,2853.75,2842.50,above_range
2018-08-08,0.75,start,migration,0.29,,,,1469,2018-08-08,1,2862.50,2853.00,2856.75,2860.50,2855.25,day,1,2863.75,2855.75,2860.50,2862.75,2859.00,below_value
2018-08-09,0.75,added,,0.71,0.63,False,0.60,1469,2018-08-08,2,2862.75,2852.25,2859.00,2861.25,2856.00,day,1,2862.50,2853.00,2856.75,2860.50,2855.25,in_value
2018-08-10,0.75,start,migration,0.00,,,,1470,2018-08-10,1,2843.00,2826.00,2836.50,2840.25,2832.00,composite,2,2862.75,2852.25,2859.00,2861.25,2856.00,below_range
2018-08-13,0.50,start,migration,0.17,,,,1471,2018-08-13,1,2843.75,2820.00,2827.00,2833.50,2822.00,day,1,2843.00,2826.00,2836.50,2840.25,2832.00,in_value
2018-08-14,0.50,start,migration,0.00,,,,1472,2018-08-14,1,2843.50,2826.75,2840.00,2843.50,2837.00,day,1,2843.75,2820.00,2827.00,2833.50,2822.00,in_value
2018-08-15,0.50,start,migration,0.00,,,,1473,2018-08-15,1,2826.75,2803.00,2811.50,2817.00,2806.50,day,1,2843.50,2826.75,2840.00,2843.50,2837.00,below_range
2018-08-16,0.50,start,migration,0.00,,,,1474,2018-08-16,1,2851.75,2834.75,2846.00,2849.50,2841.00,day,1,2826.75,2803.00,2811.50,2817.00,2806.50,above_range
2018-08-17,0.50,added,,0.56,0.49,False,0.41,1474,2018-08-16,2,2857.00,2834.75,2845.50,2849.00,2837.50,day,1,2851.75,2834.75,2846.00,2849.50,2841.00,below_value
2018-08-20,0.50,start,migration,0.00,,,,1475,2018-08-20,1,2860.75,2851.50,2858.00,2860.50,2855.00,composite,2,2857.00,2834.75,2845.50,2849.00,2837.50,above_value
2018-08-21,0.50,start,migration,0.00,,,,1476,2018-08-21,1,2874.00,2862.00,2868.00,2871.50,2865.00,day,1,2860.75,2851.50,2858.00,2860.50,2855.00,above_range
2018-08-22,0.50,start,migration,0.31,,,,1477,2018-08-22,1,2868.25,2856.25,2863.50,2867.00,2860.50,day,1,2874.00,2862.00,2868.00,2871.50,2865.00,below_range
2018-08-23,0.50,start,migration,0.29,,,,1478,2018-08-23,1,2869.75,2854.75,2859.50,2863.00,2854.50,day,1,2868.25,2856.25,2863.50,2867.00,2860.50,below_value
2018-08-24,0.50,start,migration,0.00,,,,1479,2018-08-24,1,2877.25,2864.00,2874.50,2877.00,2871.50,day,1,2869.75,2854.75,2859.50,2863.00,2854.50,above_value
2018-08-27,0.75,start,migration,0.00,,,,1480,2018-08-27,1,2899.25,2887.00,2895.75,2899.50,2894.25,day,1,2877.25,2864.00,2874.50,2877.00,2871.50,above_range
2018-08-28,0.75,added,,0.71,0.65,False,0.60,1480,2018-08-27,2,2904.50,2887.00,2898.00,2900.25,2895.00,day,1,2899.25,2887.00,2895.75,2899.50,2894.25,above_range
2018-08-29,0.75,start,migration,0.00,,,,1481,2018-08-29,1,2917.50,2898.75,2913.75,2917.50,2909.25,composite,2,2904.50,2887.00,2898.00,2900.25,2895.00,above_value
2018-08-30,0.75,start,migration,0.39,,,,1482,2018-08-30,1,2913.00,2895.50,2910.75,2913.00,2903.25,day,1,2917.50,2898.75,2913.75,2917.50,2909.25,below_value
2018-08-31,0.75,start,migration,0.00,,,,1483,2018-08-31,1,2907.50,2891.75,2896.50,2901.75,2893.50,day,1,2913.00,2895.50,2910.75,2913.00,2903.25,below_value
2018-09-04,0.75,added,,0.64,0.48,False,0.71,1483,2018-08-31,2,2907.50,2885.50,2895.75,2899.50,2891.25,day,1,2907.50,2891.75,2896.50,2901.75,2893.50,in_value
2018-09-05,0.75,start,migration,0.09,,,,1484,2018-09-05,1,2895.00,2877.50,2886.75,2892.00,2883.75,composite,2,2907.50,2885.50,2895.75,2899.50,2891.25,in_value
2018-09-06,0.75,start,migration,0.06,,,,1485,2018-09-06,1,2893.00,2868.00,2874.75,2884.50,2871.75,day,1,2895.00,2877.50,2886.75,2892.00,2883.75,in_value
2018-09-07,0.75,added,,0.67,0.33,False,0.78,1485,2018-09-06,2,2893.00,2865.00,2874.00,2880.75,2869.50,day,1,2893.00,2868.00,2874.75,2884.50,2871.75,below_range
2018-09-10,0.75,start,migration,0.43,,,,1486,2018-09-10,1,2888.25,2876.50,2880.00,2883.75,2878.50,composite,2,2893.00,2865.00,2874.00,2880.75,2869.50,above_value
2018-09-11,0.75,start,migration,0.28,,,,1487,2018-09-11,1,2893.00,2867.25,2890.50,2893.50,2880.00,day,1,2888.25,2876.50,2880.00,2883.75,2878.50,below_range
2018-09-12,0.75,skipped_shape,,1.00,0.78,False,0.56,1487,2018-09-11,1,2893.00,2867.25,2890.50,2893.50,2880.00,day,1,2893.00,2867.25,2890.50,2893.50,2880.00,in_value
2018-09-13,0.75,start,migration,0.00,,,,1488,2018-09-13,1,2907.00,2896.50,2902.50,2906.25,2901.00,older_day,1,2893.00,2867.25,2890.50,2893.50,2880.00,above_range
2018-09-14,0.75,added,,0.64,0.58,False,0.43,1488,2018-09-13,2,2909.50,2896.50,2904.00,2906.25,2899.50,day,1,2907.00,2896.50,2902.50,2906.25,2901.00,above_value
2018-09-17,0.75,start,roll,,,,,1489,2018-09-17,1,2910.25,2892.25,2901.75,2907.00,2897.25,none,0,,,,,,
2018-09-18,0.75,start,migration,0.00,,,,1490,2018-09-18,1,2917.75,2897.25,2913.00,2916.75,2907.00,day,1,2910.25,2892.25,2901.75,2907.00,2897.25,in_value
2018-09-19,0.75,skipped_shape,,1.00,0.78,False,1.00,1490,2018-09-18,1,2917.75,2897.25,2913.00,2916.75,2907.00,day,1,2917.75,2897.25,2913.00,2916.75,2907.00,in_value
2018-09-20,0.75,start,migration,0.00,,,,1491,2018-09-20,1,2940.75,2926.25,2935.50,2939.25,2931.00,older_day,1,2917.75,2897.25,2913.00,2916.75,2907.00,above_range
2018-09-21,0.75,start,migration,0.44,,,,1492,2018-09-21,1,2946.50,2932.50,2939.25,2943.00,2936.25,day,1,2940.75,2926.25,2935.50,2939.25,2931.00,above_range
2018-09-24,0.75,start,migration,0.00,,,,1493,2018-09-24,1,2929.00,2917.75,2922.75,2926.50,2921.25,day,1,2946.50,2932.50,2939.25,2943.00,2936.25,below_range
2018-09-25,0.75,added,,0.78,0.42,False,1.00,1493,2018-09-24,2,2930.25,2917.75,2922.75,2926.50,2919.75,day,1,2929.00,2917.75,2922.75,2926.50,2921.25,above_value
2018-09-26,0.75,added,,0.53,0.55,False,0.71,1493,2018-09-24,3,2936.00,2907.50,2922.75,2928.00,2919.75,composite,2,2930.25,2917.75,2922.75,2926.50,2919.75,in_value
2018-09-27,0.75,added,,0.77,0.58,False,0.71,1493,2018-09-24,4,2936.00,2907.50,2923.50,2928.75,2920.50,composite,3,2936.00,2907.50,2922.75,2928.00,2919.75,below_value
2018-09-28,0.75,start,migration,0.44,,,,1494,2018-09-28,1,2925.50,2912.00,2918.25,2923.50,2916.75,composite,4,2936.00,2907.50,2923.50,2928.75,2920.50,below_value
2018-10-01,0.75,start,migration,0.00,,,,1495,2018-10-01,1,2942.00,2922.50,2932.50,2939.25,2929.50,day,1,2925.50,2912.00,2918.25,2923.50,2916.75,above_range
2018-10-02,0.75,skipped_shape,,0.82,0.57,False,0.27,1495,2018-10-01,1,2942.00,2922.50,2932.50,2939.25,2929.50,day,1,2942.00,2922.50,2932.50,2939.25,2929.50,below_value
2018-10-03,0.75,added,,0.56,0.73,False,0.56,1495,2018-10-01,2,2944.75,2922.50,2938.50,2942.25,2932.50,older_day,1,2942.00,2922.50,2932.50,2939.25,2929.50,above_value
2018-10-04,0.75,start,migration,0.00,,,,1496,2018-10-04,1,2924.00,2887.75,2902.50,2909.25,2892.00,composite,2,2944.75,2922.50,2938.50,2942.25,2932.50,below_value
2018-10-05,0.75,start,migration,0.14,,,,1497,2018-10-05,1,2914.00,2873.25,2880.75,2895.00,2873.25,day,1,2924.00,2887.75,2902.50,2909.25,2892.00,in_value
2018-10-08,0.75,added,,0.67,0.42,False,0.65,1497,2018-10-05,2,2914.00,2866.00,2886.00,2894.25,2874.00,day,1,2914.00,2873.25,2880.75,2895.00,2873.25,in_value
2018-10-09,0.75,added,,0.92,0.50,False,0.41,1497,2018-10-05,3,2914.00,2866.00,2889.75,2895.00,2877.75,composite,2,2914.00,2866.00,2886.00,2894.25,2874.00,in_value
2018-10-10,0.75,start,migration,0.00,,,,1498,2018-10-10,1,2880.00,2789.50,2839.50,2862.75,2821.50,composite,3,2914.00,2866.00,2889.75,2895.00,2877.75,in_value
2018-10-11,0.75,start,migration,0.00,,,,1499,2018-10-11,1,2798.75,2712.25,2775.00,2786.25,2748.00,day,1,2880.00,2789.50,2839.50,2862.75,2821.50,below_range
2018-10-12,0.75,added,,0.61,0.63,False,0.55,1499,2018-10-11,2,2798.75,2712.25,2766.75,2779.50,2744.25,day,1,2798.75,2712.25,2775.00,2786.25,2748.00,in_value
2018-10-15,0.75,added,,1.00,0.62,False,0.74,1499,2018-10-11,3,2798.75,2712.25,2765.25,2778.00,2748.75,composite,2,2798.75,2712.25,2766.75,2779.50,2744.25,in_value
2018-10-16,0.75,start,migration,0.00,,,,1500,2018-10-16,1,2816.25,2768.50,2802.00,2810.25,2782.50,composite,3,2798.75,2712.25,2765.25,2778.00,2748.75,in_value
2018-10-17,0.75,added,,0.61,0.66,False,0.52,1500,2018-10-16,2,2819.25,2768.50,2802.00,2817.75,2794.50,day,1,2816.25,2768.50,2802.00,2810.25,2782.50,above_value
2018-10-18,0.75,start,migration,0.00,,,,1501,2018-10-18,1,2808.00,2756.50,2773.50,2787.75,2758.50,composite,2,2819.25,2768.50,2802.00,2817.75,2794.50,in_value
2018-10-19,0.75,added,,1.00,0.36,False,0.90,1501,2018-10-18,2,2808.00,2756.50,2775.00,2789.25,2763.00,day,1,2808.00,2756.50,2773.50,2787.75,2758.50,in_value
2018-10-22,0.75,start,migration,0.47,,,,1502,2018-10-22,1,2780.50,2751.00,2761.50,2768.25,2757.00,composite,2,2808.00,2756.50,2775.00,2789.25,2763.00,in_value
2018-10-23,0.75,start,migration,0.00,,,,1503,2018-10-23,1,2754.75,2692.25,2710.50,2735.25,2700.00,day,1,2780.50,2751.00,2761.50,2768.25,2757.00,below_range
2018-10-24,0.75,added,,0.82,0.55,False,0.52,1503,2018-10-23,2,2754.75,2652.25,2708.25,2733.00,2696.25,day,1,2754.75,2692.25,2710.50,2735.25,2700.00,above_value
2018-10-25,0.75,added,,0.51,0.48,False,0.37,1503,2018-10-23,3,2754.75,2652.25,2701.50,2727.75,2692.50,composite,2,2754.75,2652.25,2708.25,2733.00,2696.25,below_value
2018-10-26,0.75,start,migration,0.00,,,,1504,2018-10-26,1,2692.75,2627.25,2659.50,2675.25,2644.50,composite,3,2754.75,2652.25,2701.50,2727.75,2692.50,below_value
2018-10-29,1.50,start,migration,0.46,,,,1505,2018-10-29,1,2707.00,2603.00,2671.50,2706.00,2650.50,day,1,2692.75,2627.25,2659.50,2675.25,2644.50,above_value
2018-10-30,1.50,added,,0.87,0.54,False,0.65,1505,2018-10-29,2,2707.00,2603.00,2658.00,2683.50,2643.00,day,1,2707.00,2603.00,2671.50,2706.00,2650.50,below_value
2018-10-31,1.50,start,migration,0.00,,,,1506,2018-10-31,1,2737.25,2706.25,2724.00,2731.50,2715.00,composite,2,2707.00,2603.00,2658.00,2683.50,2643.00,above_range
2018-11-01,1.50,added,,0.67,0.65,False,0.71,1506,2018-10-31,2,2741.25,2706.25,2728.50,2736.00,2719.50,day,1,2737.25,2706.25,2724.00,2731.50,2715.00,in_value
2018-11-02,1.50,start,migration,0.40,,,,1507,2018-11-02,1,2756.50,2699.50,2721.00,2728.50,2706.00,composite,2,2741.25,2706.25,2728.50,2736.00,2719.50,above_range
2018-11-05,1.50,start,migration,0.36,,,,1508,2018-11-05,1,2743.75,2717.00,2728.50,2739.00,2722.50,day,1,2756.50,2699.50,2721.00,2728.50,2706.00,in_value
2018-11-06,1.50,start,migration,0.00,,,,1509,2018-11-06,1,2756.50,2735.75,2748.00,2752.50,2742.00,day,1,2743.75,2717.00,2728.50,2739.00,2722.50,in_value
2018-11-07,1.50,start,migration,0.00,,,,1510,2018-11-07,1,2815.00,2774.25,2797.50,2805.00,2782.50,day,1,2756.50,2735.75,2748.00,2752.50,2742.00,above_range
2018-11-08,1.50,start,migration,0.14,,,,1511,2018-11-08,1,2815.25,2795.00,2803.50,2814.00,2803.50,day,1,2815.00,2774.25,2797.50,2805.00,2782.50,in_value
2018-11-09,1.50,start,migration,0.00,,,,1512,2018-11-09,1,2795.25,2764.50,2779.50,2787.00,2770.50,day,1,2815.25,2795.00,2803.50,2814.00,2803.50,below_range
2018-11-12,1.50,start,migration,0.00,,,,1513,2018-11-12,1,2777.50,2722.25,2743.50,2751.00,2731.50,day,1,2795.25,2764.50,2779.50,2787.00,2770.50,in_value
2018-11-13,1.50,start,migration,0.47,,,,1514,2018-11-13,1,2755.75,2714.50,2734.50,2742.00,2719.50,day,1,2777.50,2722.25,2743.50,2751.00,2731.50,in_value
2018-11-14,1.50,start,migration,0.00,,,,1515,2018-11-14,1,2748.25,2686.25,2706.00,2719.50,2694.00,day,1,2755.75,2714.50,2734.50,2742.00,2719.50,above_value
2018-11-15,1.50,added,,0.59,0.46,False,0.41,1515,2018-11-14,2,2748.25,2671.25,2706.00,2731.50,2697.00,day,1,2748.25,2686.25,2706.00,2719.50,2694.00,below_value
2018-11-16,1.50,start,migration,0.36,,,,1516,2018-11-16,1,2748.75,2713.25,2728.50,2742.00,2725.50,composite,2,2748.25,2671.25,2706.00,2731.50,2697.00,in_value
2018-11-19,1.50,start,migration,0.00,,,,1517,2018-11-19,1,2734.75,2681.50,2697.00,2710.50,2682.00,day,1,2748.75,2713.25,2728.50,2742.00,2725.50,in_value
2018-11-20,1.50,start,migration,0.00,,,,1518,2018-11-20,1,2670.75,2631.75,2650.50,2661.00,2641.50,day,1,2734.75,2681.50,2697.00,2710.50,2682.00,below_range
2018-11-21,1.50,start,migration,0.14,,,,1519,2018-11-21,1,2671.25,2649.75,2665.50,2670.00,2659.50,day,1,2670.75,2631.75,2650.50,2661.00,2641.50,in_value
2018-11-23,1.50,start,migration,0.00,,,,1520,2018-11-23,1,2647.50,2628.50,2640.00,2644.50,2634.00,day,1,2671.25,2649.75,2665.50,2670.00,2659.50,below_range
2018-11-26,1.50,start,migration,0.00,,,,1521,2018-11-26,1,2674.50,2652.50,2664.00,2671.50,2658.00,day,1,2647.50,2628.50,2640.00,2644.50,2634.00,above_range
2018-11-27,1.50,start,migration,0.44,,,,1522,2018-11-27,1,2683.00,2655.25,2674.50,2679.00,2665.50,day,1,2674.50,2652.50,2664.00,2671.50,2658.00,in_value
2018-11-28,1.50,start,migration,0.00,,,,1523,2018-11-28,1,2745.00,2684.25,2724.00,2746.50,2697.00,day,1,2683.00,2655.25,2674.50,2679.00,2665.50,above_range
2018-11-29,1.50,added,,1.00,0.70,False,0.85,1523,2018-11-28,2,2754.50,2684.25,2733.00,2752.50,2718.00,day,1,2745.00,2684.25,2724.00,2746.50,2697.00,in_value
2018-11-30,1.50,added,,1.00,0.71,False,0.82,1523,2018-11-28,3,2761.50,2684.25,2739.00,2752.50,2724.00,composite,2,2754.50,2684.25,2733.00,2752.50,2718.00,in_value
2018-12-03,1.50,start,migration,0.00,,,,1524,2018-12-03,1,2802.50,2773.50,2784.00,2791.50,2778.00,composite,3,2761.50,2684.25,2739.00,2752.50,2724.00,above_range
2018-12-04,1.50,start,migration,0.00,,,,1525,2018-12-04,1,2787.25,2697.25,2721.00,2752.50,2697.00,day,1,2802.50,2773.50,2784.00,2791.50,2778.00,in_value
2018-12-06,1.50,start,migration,0.00,,,,1526,2018-12-06,1,2697.25,2621.25,2658.00,2671.50,2640.00,day,1,2787.25,2697.25,2721.00,2752.50,2697.00,below_range
2018-12-07,1.50,added,,0.72,0.39,False,0.73,1526,2018-12-06,2,2709.75,2621.25,2655.00,2671.50,2634.00,day,1,2697.25,2621.25,2658.00,2671.50,2640.00,above_value
2018-12-10,1.50,start,migration,0.00,,,,1527,2018-12-10,1,2648.50,2583.00,2623.50,2634.00,2599.50,composite,2,2709.75,2621.25,2655.00,2671.50,2634.00,below_value
2018-12-11,1.50,start,migration,0.00,,,,1528,2018-12-11,1,2675.50,2621.25,2643.00,2662.50,2634.00,day,1,2648.50,2583.00,2623.50,2634.00,2599.50,above_range
2018-12-12,1.50,start,migration,0.08,,,,1529,2018-12-12,1,2686.50,2650.25,2676.00,2680.50,2661.00,day,1,2675.50,2621.25,2643.00,2662.50,2634.00,above_value
2018-12-13,1.50,start,migration,0.00,,,,1530,2018-12-13,1,2671.00,2637.25,2647.50,2658.00,2641.50,day,1,2686.50,2650.25,2676.00,2680.50,2661.00,in_value
2018-12-14,1.50,start,migration,0.00,,,,1531,2018-12-14,1,2636.50,2594.00,2608.50,2628.00,2602.50,day,1,2671.00,2637.25,2647.50,2658.00,2641.50,below_range
2018-12-17,1.50,start,roll,,,,,1532,2018-12-17,1,2605.50,2533.50,2592.00,2605.50,2565.00,none,0,,,,,,
2018-12-18,1.50,added,,0.53,0.40,False,0.58,1532,2018-12-17,2,2605.50,2531.00,2560.50,2589.00,2545.50,day,1,2605.50,2533.50,2592.00,2605.50,2565.00,in_value
2018-12-19,1.50,added,,0.88,0.67,False,0.68,1532,2018-12-17,3,2605.50,2489.50,2566.50,2586.00,2539.50,composite,2,2605.50,2531.00,2560.50,2589.00,2545.50,in_value
2018-12-20,1.50,start,migration,0.00,,,,1533,2018-12-20,1,2512.00,2441.50,2473.50,2490.00,2458.50,composite,3,2605.50,2489.50,2566.50,2586.00,2539.50,below_value
2018-12-21,1.50,added,,0.52,0.60,False,0.68,1533,2018-12-20,2,2512.00,2409.25,2470.50,2490.00,2443.50,day,1,2512.00,2441.50,2473.50,2490.00,2458.50,in_value
2018-12-24,1.50,start,migration,0.00,,,,1534,2018-12-24,1,2412.50,2340.50,2376.00,2401.50,2367.00,composite,2,2512.00,2409.25,2470.50,2490.00,2443.50,below_range
2018-12-26,1.50,added,,0.54,0.27,False,0.41,1534,2018-12-24,2,2468.50,2340.50,2374.50,2415.00,2359.50,day,1,2412.50,2340.50,2376.00,2401.50,2367.00,in_value
2018-12-27,1.50,start,migration,0.13,,,,1535,2018-12-27,1,2491.25,2397.00,2425.50,2445.00,2410.50,composite,2,2468.50,2340.50,2374.50,2415.00,2359.50,above_value
2018-12-28,1.50,start,migration,0.00,,,,1536,2018-12-28,1,2523.00,2472.75,2493.00,2503.50,2481.00,day,1,2491.25,2397.00,2425.50,2445.00,2410.50,above_range
2018-12-31,2.50,added,,0.86,0.45,False,1.00,1536,2018-12-28,2,2523.00,2472.75,2495.00,2507.50,2485.00,day,1,2523.00,2472.75,2493.00,2503.50,2481.00,in_value
2019-01-02,2.50,added,,0.55,0.52,False,0.71,1536,2018-12-28,3,2523.00,2467.00,2495.00,2512.50,2485.00,composite,2,2523.00,2472.75,2495.00,2507.50,2485.00,below_range
2019-01-03,2.50,start,migration,0.00,,,,1537,2019-01-03,1,2493.50,2443.25,2470.00,2482.50,2450.00,composite,3,2523.00,2467.00,2495.00,2512.50,2485.00,in_value
2019-01-04,2.50,start,migration,0.00,,,,1538,2019-01-04,1,2539.25,2478.75,2522.50,2540.00,2507.50,day,1,2493.50,2443.25,2470.00,2482.50,2450.00,above_value
2019-01-07,2.50,start,migration,0.00,,,,1539,2019-01-07,1,2567.50,2524.50,2555.00,2567.50,2545.00,day,1,2539.25,2478.75,2522.50,2540.00,2507.50,in_value
2019-01-08,2.50,added,,0.71,0.60,False,1.00,1539,2019-01-07,2,2581.25,2524.50,2557.50,2570.00,2547.50,day,1,2567.50,2524.50,2555.00,2567.50,2545.00,above_range
2019-01-09,2.50,start,migration,0.00,,,,1540,2019-01-09,1,2596.75,2569.00,2587.50,2595.00,2582.50,composite,2,2581.25,2524.50,2557.50,2570.00,2547.50,above_range
2019-01-10,2.50,added,,0.57,0.72,False,0.60,1540,2019-01-09,2,2598.75,2562.00,2587.50,2595.00,2577.50,day,1,2596.75,2569.00,2587.50,2595.00,2582.50,below_value
2019-01-11,2.50,added,,1.00,0.72,False,1.00,1540,2019-01-09,3,2598.75,2562.00,2587.50,2595.00,2582.50,composite,2,2598.75,2562.00,2587.50,2595.00,2577.50,in_value
2019-01-14,2.50,added,,0.75,0.72,False,1.00,1540,2019-01-09,4,2598.75,2562.00,2587.50,2595.00,2582.50,composite,3,2598.75,2562.00,2587.50,2595.00,2582.50,below_value
2019-01-15,2.50,start,migration,0.00,,,,1541,2019-01-15,1,2613.75,2584.25,2605.00,2612.50,2595.00,composite,4,2598.75,2562.00,2587.50,2595.00,2582.50,in_value
2019-01-16,2.50,start,migration,0.00,,,,1542,2019-01-16,1,2626.25,2612.50,2620.00,2627.50,2615.00,day,1,2613.75,2584.25,2605.00,2612.50,2595.00,above_range
2019-01-17,2.50,added,,0.71,0.38,False,1.00,1542,2019-01-16,2,2645.50,2605.50,2620.00,2627.50,2615.00,day,1,2626.25,2612.50,2620.00,2627.50,2615.00,below_range
2019-01-18,2.50,start,migration,0.00,,,,1543,2019-01-18,1,2676.50,2647.00,2667.50,2675.00,2657.50,composite,2,2645.50,2605.50,2620.00,2627.50,2615.00,above_range
2019-01-22,1.50,start,migration,0.00,,,,1544,2019-01-22,1,2656.50,2616.50,2626.50,2643.00,2617.50,day,1,2676.50,2647.00,2667.50,2675.00,2657.50,below_value
2019-01-23,1.50,added,,1.00,0.37,False,0.78,1544,2019-01-22,2,2656.50,2612.50,2628.00,2641.50,2619.00,day,1,2656.50,2616.50,2626.50,2643.00,2617.50,above_value
2019-01-24,1.50,added,,1.00,0.50,False,1.00,1544,2019-01-22,3,2656.50,2612.50,2634.00,2644.50,2625.00,composite,2,2656.50,2612.50,2628.00,2641.50,2619.00,in_value
2019-01-25,1.50,start,migration,0.00,,,,1545,2019-01-25,1,2672.50,2656.50,2664.00,2668.50,2661.00,composite,3,2656.50,2612.50,2634.00,2644.50,2625.00,above_range
2019-01-28,1.50,start,migration,0.00,,,,1546,2019-01-28,1,2643.25,2622.25,2635.50,2640.00,2629.50,day,1,2672.50,2656.50,2664.00,2668.50,2661.00,below_range
2019-01-29,1.50,added,,0.56,0.50,False,1.00,1546,2019-01-28,2,2650.00,2622.25,2635.50,2643.00,2629.50,day,1,2643.25,2622.25,2635.50,2640.00,2629.50,above_range
2019-01-30,1.50,start,migration,0.00,,,,1547,2019-01-30,1,2689.75,2646.50,2661.00,2677.50,2646.00,composite,2,2650.00,2622.25,2635.50,2643.00,2629.50,above_range
2019-01-31,1.50,start,migration,0.00,,,,1548,2019-01-31,1,2708.00,2676.50,2697.00,2707.50,2694.00,day,1,2689.75,2646.50,2661.00,2677.50,2646.00,above_value
2019-02-01,1.50,added,,0.67,0.61,False,0.71,1548,2019-01-31,2,2716.00,2676.50,2700.00,2710.50,2694.00,day,1,2708.00,2676.50,2697.00,2707.50,2694.00,in_value
2019-02-04,1.50,start,migration,0.46,,,,1549,2019-02-04,1,2724.00,2697.00,2712.00,2719.50,2703.00,composite,2,2716.00,2676.50,2700.00,2710.50,2694.00,in_value
2019-02-05,1.50,start,migration,0.00,,,,1550,2019-02-05,1,2737.75,2722.25,2731.50,2736.00,2725.50,day,1,2724.00,2697.00,2712.00,2719.50,2703.00,above_range
2019-02-06,1.50,added,,1.00,0.54,False,1.00,1550,2019-02-05,2,2737.75,2722.25,2730.00,2734.50,2727.00,day,1,2737.75,2722.25,2731.50,2736.00,2725.50,in_value
2019-02-07,1.50,start,migration,0.00,,,,1551,2019-02-07,1,2718.50,2685.50,2694.00,2704.50,2685.00,composite,2,2737.75,2722.25,2730.00,2734.50,2727.00,below_range
2019-02-08,1.50,added,,0.82,0.36,False,0.71,1551,2019-02-07,2,2718.50,2680.75,2694.00,2701.50,2685.00,day,1,2718.50,2685.50,2694.00,2704.50,2685.00,in_value
2019-02-11,1.00,start,migration,0.00,,,,1552,2019-02-11,1,2717.50,2702.75,2708.00,2713.00,2706.00,composite,2,2718.50,2680.75,2694.00,2701.50,2685.00,above_value
2019-02-12,1.00,start,migration,0.00,,,,1553,2019-02-12,1,2748.00,2726.00,2744.00,2749.00,2738.00,day,1,2717.50,2702.75,2708.00,2713.00,2706.00,above_range
2019-02-13,1.00,start,migration,0.00,,,,1554,2019-02-13,1,2762.00,2748.00,2753.00,2760.00,2751.00,day,1,2748.00,2726.00,2744.00,2749.00,2738.00,above_range
2019-02-14,1.00,start,migration,0.33,,,,1555,2019-02-14,1,2758.25,2730.25,2751.00,2756.00,2741.00,day,1,2762.00,2748.00,2753.00,2760.00,2751.00,below_range
2019-02-15,1.00,start,migration,0.00,,,,1556,2019-02-15,1,2775.75,2763.00,2768.00,2771.00,2764.00,day,1,2758.25,2730.25,2751.00,2756.00,2741.00,above_range
2019-02-19,1.00,start,migration,0.00,,,,1557,2019-02-19,1,2787.50,2766.00,2781.00,2786.00,2775.00,day,1,2775.75,2763.00,2768.00,2771.00,2764.00,in_value
2019-02-20,1.00,added,,0.82,0.70,False,0.43,1557,2019-02-19,2,2790.75,2766.00,2783.00,2786.00,2777.00,day,1,2787.50,2766.00,2781.00,2786.00,2775.00,in_value
2019-02-21,1.00,start,migration,0.22,,,,1558,2019-02-21,1,2781.75,2764.25,2772.00,2779.00,2770.00,composite,2,2790.75,2766.00,2783.00,2786.00,2777.00,in_value
2019-02-22,1.00,start,migration,0.00,,,,1559,2019-02-22,1,2794.50,2778.75,2789.00,2792.00,2783.00,day,1,2781.75,2764.25,2772.00,2779.00,2770.00,above_value
2019-02-25,1.00,start,migration,0.00,,,,1560,2019-02-25,1,2814.00,2795.00,2805.00,2812.00,2801.00,day,1,2794.50,2778.75,2789.00,2792.00,2783.00,above_range
2019-02-26,1.00,start,migration,0.00,,,,1561,2019-02-26,1,2803.50,2789.50,2796.00,2801.00,2792.00,day,1,2814.00,2795.00,2805.00,2812.00,2801.00,below_range
2019-02-27,1.00,start,migration,0.36,,,,1562,2019-02-27,1,2796.25,2775.00,2791.00,2796.00,2785.00,day,1,2803.50,2789.50,2796.00,2801.00,2792.00,below_range
2019-02-28,1.00,added,,1.00,0.70,False,1.00,1562,2019-02-27,2,2796.25,2775.00,2790.00,2795.00,2786.00,day,1,2796.25,2775.00,2791.00,2796.00,2785.00,in_value
2019-03-01,1.00,start,migration,0.18,,,,1563,2019-03-01,1,2808.25,2787.50,2797.00,2804.00,2793.00,composite,2,2796.25,2775.00,2790.00,2795.00,2786.00,above_range
2019-03-04,0.75,start,migration,0.11,,,,1564,2019-03-04,1,2818.00,2767.50,2788.50,2793.75,2767.50,day,1,2808.25,2787.50,2797.00,2804.00,2793.00,above_range
2019-03-05,0.75,added,,0.78,0.48,False,0.37,1564,2019-03-04,2,2818.00,2767.50,2791.50,2796.75,2778.00,day,1,2818.00,2767.50,2788.50,2793.75,2767.50,above_value
2019-03-06,0.75,start,migration,0.31,,,,1565,2019-03-06,1,2790.75,2768.50,2775.75,2781.00,2771.25,composite,2,2818.00,2767.50,2791.50,2796.75,2778.00,in_value
2019-03-07,0.75,start,migration,0.00,,,,1566,2019-03-07,1,2767.75,2738.50,2751.75,2757.00,2744.25,day,1,2790.75,2768.50,2775.75,2781.00,2771.25,below_range
2019-03-08,0.75,start,migration,0.00,,,,1567,2019-03-08,1,2744.50,2722.00,2730.75,2736.00,2724.75,day,1,2767.75,2738.50,2751.75,2757.00,2744.25,below_range
2019-03-11,0.75,start,roll,,,,,1568,2019-03-11,1,2789.25,2755.00,2782.50,2789.25,2772.00,none,0,,,,,,
2019-03-12,0.75,start,migration,0.00,,,,1569,2019-03-12,1,2803.25,2791.00,2798.25,2802.00,2795.25,day,1,2789.25,2755.00,2782.50,2789.25,2772.00,above_range
2019-03-13,0.75,start,migration,0.00,,,,1570,2019-03-13,1,2826.50,2805.50,2819.25,2823.00,2813.25,day,1,2803.25,2791.00,2798.25,2802.00,2795.25,above_range
2019-03-14,0.75,added,,0.86,0.43,False,0.56,1570,2019-03-13,2,2826.50,2805.50,2814.00,2820.75,2811.00,day,1,2826.50,2805.50,2819.25,2823.00,2813.25,in_value
2019-03-15,0.75,start,migration,0.00,,,,1571,2019-03-15,1,2836.50,2817.25,2828.25,2835.00,2822.25,composite,2,2826.50,2805.50,2814.00,2820.75,2811.00,in_value
2019-03-18,0.75,start,migration,0.46,,,,1572,2019-03-18,1,2841.00,2827.50,2834.25,2839.50,2831.25,day,1,2836.50,2817.25,2828.25,2835.00,2822.25,in_value
2019-03-19,0.75,start,migration,0.00,,,,1573,2019-03-19,1,2858.75,2829.00,2847.75,2853.00,2841.75,day,1,2841.00,2827.50,2834.25,2839.50,2831.25,above_range
2019-03-20,0.75,start,migration,0.00,,,,1574,2019-03-20,1,2849.25,2817.25,2831.25,2838.00,2820.75,day,1,2858.75,2829.00,2847.75,2853.00,2841.75,below_value
2019-03-21,0.75,start,migration,0.00,,,,1575,2019-03-21,1,2866.00,2819.75,2848.50,2865.75,2844.00,day,1,2849.25,2817.25,2831.25,2838.00,2820.75,below_value
2019-03-22,0.75,start,migration,0.00,,,,1576,2019-03-22,1,2851.75,2805.25,2817.00,2829.75,2808.00,day,1,2866.00,2819.75,2848.50,2865.75,2844.00,in_value
2019-03-25,0.75,start,migration,0.06,,,,1577,2019-03-25,1,2815.25,2789.50,2803.50,2808.75,2796.00,day,1,2851.75,2805.25,2817.00,2829.75,2808.00,below_range
2019-03-26,0.75,start,migration,0.00,,,,1578,2019-03-26,1,2835.00,2808.50,2821.50,2828.25,2811.00,day,1,2815.25,2789.50,2803.50,2808.75,2796.00,above_range
2019-03-27,0.75,start,migration,0.41,,,,1579,2019-03-27,1,2830.50,2791.75,2811.00,2819.25,2799.00,day,1,2835.00,2808.50,2821.50,2828.25,2811.00,in_value
2019-03-28,0.75,added,,0.87,0.52,False,0.85,1579,2019-03-27,2,2830.50,2791.75,2811.75,2821.50,2804.25,day,1,2830.50,2791.75,2811.00,2819.25,2799.00,in_value
2019-03-29,0.75,start,migration,0.00,,,,1580,2019-03-29,1,2840.50,2823.25,2832.00,2835.75,2827.50,composite,2,2830.50,2791.75,2811.75,2821.50,2804.25,above_range
2019-04-01,0.75,start,migration,0.00,,,,1581,2019-04-01,1,2873.50,2856.00,2863.50,2868.75,2859.00,day,1,2840.50,2823.25,2832.00,2835.75,2827.50,above_range
2019-04-02,0.75,start,migration,0.43,,,,1582,2019-04-02,1,2873.75,2862.25,2868.00,2871.75,2866.50,day,1,2873.50,2856.00,2863.50,2868.75,2859.00,above_value
2019-04-03,0.75,start,migration,0.00,,,,1583,2019-04-03,1,2889.25,2869.00,2878.50,2885.25,2874.00,day,1,2873.75,2862.25,2868.00,2871.75,2866.50,above_range
2019-04-04,0.75,added,,1.00,0.48,False,1.00,1583,2019-04-03,2,2889.25,2869.00,2878.50,2883.75,2874.00,day,1,2889.25,2869.00,2878.50,2885.25,2874.00,in_value
2019-04-05,0.75,start,migration,0.00,,,,1584,2019-04-05,1,2897.25,2886.75,2892.75,2895.00,2891.25,composite,2,2889.25,2869.00,2878.50,2883.75,2874.00,above_range
2019-04-08,0.75,start,migration,0.46,,,,1585,2019-04-08,1,2899.75,2884.25,2890.50,2895.75,2887.50,day,1,2897.25,2886.75,2892.75,2895.00,2891.25,in_value
2019-04-09,0.75,start,migration,0.00,,,,1586,2019-04-09,1,2891.00,2877.25,2883.75,2887.50,2880.75,day,1,2899.75,2884.25,2890.50,2895.75,2887.50,below_value
2019-04-10,0.75,start,migration,0.43,,,,1587,2019-04-10,1,2894.25,2883.25,2888.25,2890.50,2885.25,day,1,2891.00,2877.25,2883.75,2887.50,2880.75,above_value
2019-04-11,0.75,start,migration,0.46,,,,1588,2019-04-11,1,2898.50,2885.25,2888.25,2895.00,2886.75,day,1,2894.25,2883.25,2888.25,2890.50,2885.25,above_range
2019-04-12,0.75,start,migration,0.00,,,,1589,2019-04-12,1,2914.75,2902.50,2908.50,2912.25,2905.50,day,1,2898.50,2885.25,2888.25,2895.00,2886.75,above_range
2019-04-15,0.75,added,,0.56,0.57,False,0.43,1589,2019-04-12,2,2914.75,2900.50,2908.50,2910.75,2904.00,day,1,2914.75,2902.50,2908.50,2912.25,2905.50,in_value
2019-04-16,0.75,start,migration,0.00,,,,1590,2019-04-16,1,2920.00,2904.50,2912.25,2916.00,2910.75,composite,2,2914.75,2900.50,2908.50,2910.75,2904.00,above_range
2019-04-17,0.75,start,migration,0.08,,,,1591,2019-04-17,1,2923.50,2898.50,2904.75,2911.50,2901.75,day,1,2920.00,2904.50,2912.25,2916.00,2910.75,above_range
2019-04-18,0.75,added,,0.92,0.42,False,0.56,1591,2019-04-17,2,2923.50,2895.00,2907.00,2910.75,2901.00,day,1,2923.50,2898.50,2904.75,2911.50,2901.75,in_value
2019-04-22,0.75,added,,1.00,0.47,False,0.33,1591,2019-04-17,3,2923.50,2895.00,2908.50,2910.75,2902.50,composite,2,2923.50,2895.00,2907.00,2910.75,2901.00,below_value
2019-04-23,0.75,start,migration,0.00,,,,1592,2019-04-23,1,2939.75,2912.25,2936.25,2940.00,2924.25,composite,3,2923.50,2895.00,2908.50,2910.75,2902.50,above_value
2019-04-24,0.75,skipped_shape,,1.00,0.85,False,0.71,1592,2019-04-23,1,2939.75,2912.25,2936.25,2940.00,2924.25,day,1,2939.75,2912.25,2936.25,2940.00,2924.25,in_value
2019-04-25,0.75,added,,0.88,0.66,False,1.00,1592,2019-04-23,2,2939.75,2912.25,2930.25,2938.50,2922.75,older_day,1,2939.75,2912.25,2936.25,2940.00,2924.25,in_value
2019-04-26,0.75,added,,1.00,0.62,False,0.82,1592,2019-04-23,3,2942.25,2912.25,2931.00,2937.75,2923.50,composite,2,2939.75,2912.25,2930.25,2938.50,2922.75,in_value
2019-04-29,0.75,start,migration,0.00,,,,1593,2019-04-29,1,2951.50,2941.00,2947.50,2949.75,2944.50,composite,3,2942.25,2912.25,2931.00,2937.75,2923.50,above_value
2019-04-30,0.75,start,migration,0.13,,,,1594,2019-04-30,1,2950.25,2926.00,2939.25,2946.00,2934.75,day,1,2951.50,2941.00,2947.50,2949.75,2944.50,below_value
2019-05-01,0.75,start,migration,0.13,,,,1595,2019-05-01,1,2956.00,2924.50,2950.50,2955.75,2944.50,day,1,2950.25,2926.00,2939.25,2946.00,2934.75,above_range
2019-05-02,0.75,start,migration,0.00,,,,1596,2019-05-02,1,2932.75,2901.00,2913.75,2922.00,2906.25,day,1,2956.00,2924.50,2950.50,2955.75,2944.50,below_range
2019-05-03,0.75,start,migration,0.00,,,,1597,2019-05-03,1,2949.00,2931.25,2945.25,2949.00,2937.75,day,1,2932.75,2901.00,2913.75,2922.00,2906.25,above_range
2019-05-06,0.75,start,migration,0.00,,,,1598,2019-05-06,1,2938.25,2894.00,2917.50,2928.75,2905.50,day,1,2949.00,2931.25,2945.25,2949.00,2937.75,below_range
2019-05-07,0.75,start,migration,0.00,,,,1599,2019-05-07,1,2913.00,2862.50,2886.75,2896.50,2873.25,day,1,2938.25,2894.00,2917.50,2928.75,2905.50,in_value
2019-05-08,0.75,added,,1.00,0.57,False,0.37,1599,2019-05-07,2,2913.00,2862.50,2891.25,2896.50,2877.75,day,1,2913.00,2862.50,2886.75,2896.50,2873.25,in_value
2019-05-09,0.75,start,migration,0.00,,,,1600,2019-05-09,1,2877.00,2836.25,2865.75,2877.00,2847.75,composite,2,2913.00,2862.50,2891.25,2896.50,2877.75,below_range
2019-05-10,0.75,added,,0.66,0.59,False,0.48,1600,2019-05-09,2,2893.00,2826.00,2865.75,2877.00,2843.25,day,1,2877.00,2836.25,2865.75,2877.00,2847.75,in_value
2019-05-13,0.75,start,migration,0.00,,,,1601,2019-05-13,1,2837.75,2802.00,2814.00,2823.75,2808.00,composite,2,2893.00,2826.00,2865.75,2877.00,2843.25,below_value
2019-05-14,0.75,start,migration,0.00,,,,1602,2019-05-14,1,2853.75,2821.00,2845.50,2853.75,2836.50,day,1,2837.75,2802.00,2814.00,2823.75,2808.00,in_value
2019-05-15,0.75,added,,0.70,0.68,False,0.77,1602,2019-05-14,2,2860.00,2815.75,2845.50,2858.25,2836.50,day,1,2853.75,2821.00,2845.50,2853.75,2836.50,below_range
2019-05-16,0.75,start,migration,0.00,,,,1603,2019-05-16,1,2894.00,2859.25,2884.50,2891.25,2878.50,composite,2,2860.00,2815.75,2845.50,2858.25,2836.50,above_value
2019-05-17,0.75,start,migration,0.09,,,,1604,2019-05-17,1,2887.50,2852.50,2873.25,2880.00,2862.75,day,1,2894.00,2859.25,2884.50,2891.25,2878.50,below_range
2019-05-20,1.50,start,migration,0.00,,,,1605,2019-05-20,1,2855.75,2832.50,2842.50,2853.00,2839.50,day,1,2887.50,2852.50,2873.25,2880.00,2862.75,below_range
2019-05-21,1.50,start,migration,0.00,,,,1606,2019-05-21,1,2870.75,2856.50,2866.50,2871.00,2863.50,day,1,2855.75,2832.50,2842.50,2853.00,2839.50,above_range
2019-05-22,1.50,start,migration,0.00,,,,1607,2019-05-22,1,2868.00,2852.00,2859.00,2863.50,2856.00,day,1,2870.75,2856.50,2866.50,2871.00,2863.50,below_range
2019-05-23,1.50,start,migration,0.00,,,,1608,2019-05-23,1,2832.25,2805.75,2814.00,2824.50,2811.00,day,1,2868.00,2852.00,2859.00,2863.50,2856.00,below_range
2019-05-24,1.50,start,migration,0.11,,,,1609,2019-05-24,1,2842.00,2820.75,2829.00,2836.50,2823.00,day,1,2832.25,2805.75,2814.00,2824.50,2811.00,above_range
2019-05-28,1.50,added,,0.73,0.70,False,1.00,1609,2019-05-24,2,2842.00,2801.00,2829.00,2836.50,2823.00,day,1,2842.00,2820.75,2829.00,2836.50,2823.00,in_value
2019-05-29,1.50,start,migration,0.00,,,,1610,2019-05-29,1,2792.75,2766.25,2778.00,2788.50,2772.00,composite,2,2842.00,2801.00,2829.00,2836.50,2823.00,below_range
2019-05-30,1.50,added,,0.71,0.54,False,0.71,1610,2019-05-29,2,2799.00,2766.25,2784.00,2791.50,2775.00,day,1,2792.75,2766.25,2778.00,2788.50,2772.00,above_value
2019-05-31,1.50,start,migration,0.00,,,,1611,2019-05-31,1,2769.50,2750.50,2758.50,2766.00,2755.50,composite,2,2799.00,2766.25,2784.00,2791.50,2775.00,below_range
2019-06-03,1.50,start,migration,0.00,,,,1612,2019-06-03,1,2763.75,2728.75,2745.00,2755.50,2736.00,day,1,2769.50,2750.50,2758.50,2766.00,2755.50,below_value
2019-06-04,1.50,start,migration,0.00,,,,1613,2019-06-04,1,2805.00,2764.00,2790.00,2803.50,2778.00,day,1,2763.75,2728.75,2745.00,2755.50,2736.00,above_range
2019-06-05,1.50,start,migration,0.00,,,,1614,2019-06-05,1,2828.00,2801.00,2818.50,2826.00,2812.50,day,1,2805.00,2764.00,2790.00,2803.50,2778.00,above_range
2019-06-06,1.50,start,migration,0.18,,,,1615,2019-06-06,1,2853.00,2823.25,2832.00,2839.50,2823.00,day,1,2828.00,2801.00,2818.50,2826.00,2812.50,above_range
2019-06-07,1.50,start,migration,0.00,,,,1616,2019-06-07,1,2886.25,2854.75,2878.50,2883.00,2872.50,day,1,2853.00,2823.25,2832.00,2839.50,2823.00,above_range
2019-06-10,1.50,start,migration,0.00,,,,1617,2019-06-10,1,2905.75,2886.25,2895.00,2899.50,2889.00,day,1,2886.25,2854.75,2878.50,2883.00,2872.50,above_range
2019-06-11,1.50,start,migration,0.36,,,,1618,2019-06-11,1,2911.50,2879.25,2884.50,2895.00,2878.50,day,1,2905.75,2886.25,2895.00,2899.50,2889.00,above_range
2019-06-12,1.50,skipped_shape,,0.80,0.21,False,0.43,1618,2019-06-11,1,2911.50,2879.25,2884.50,2895.00,2878.50,day,1,2911.50,2879.25,2884.50,2895.00,2878.50,in_value
2019-06-13,1.50,added,,1.00,0.28,False,1.00,1618,2019-06-11,2,2911.50,2879.25,2887.50,2895.00,2881.50,older_day,1,2911.50,2879.25,2884.50,2895.00,2878.50,in_value
2019-06-14,1.50,skipped_shape,,1.00,0.24,False,0.60,1618,2019-06-11,2,2911.50,2879.25,2887.50,2895.00,2881.50,composite,2,2911.50,2879.25,2887.50,2895.00,2881.50,in_value
2019-06-17,1.50,start,roll,,,,,1619,2019-06-17,1,2902.75,2892.00,2898.00,2902.50,2895.00,none,0,,,,,,
2019-06-18,1.50,start,migration,0.00,,,,1620,2019-06-18,1,2936.50,2910.25,2925.00,2932.50,2922.00,day,1,2902.75,2892.00,2898.00,2902.50,2895.00,above_range
2019-06-19,1.50,added,,0.71,0.47,False,0.60,1620,2019-06-18,2,2936.75,2910.25,2922.00,2929.50,2919.00,day,1,2936.50,2910.25,2925.00,2932.50,2922.00,in_value
2019-06-20,1.50,start,migration,0.00,,,,1621,2019-06-20,1,2963.25,2935.75,2952.00,2959.50,2946.00,composite,2,2936.75,2910.25,2922.00,2929.50,2919.00,above_range
2019-06-21,1.50,added,,0.57,0.63,False,0.71,1621,2019-06-20,2,2969.25,2935.75,2956.50,2964.00,2947.50,day,1,2963.25,2935.75,2952.00,2959.50,2946.00,in_value
2019-06-24,1.00,added,,1.00,0.61,False,0.71,1621,2019-06-20,3,2969.25,2935.75,2956.00,2961.00,2950.00,composite,2,2969.25,2935.75,2956.50,2964.00,2947.50,in_value
2019-06-25,1.00,start,migration,0.00,,,,1622,2019-06-25,1,2951.25,2920.00,2938.00,2945.00,2928.00,composite,3,2969.25,2935.75,2956.00,2961.00,2950.00,in_value
2019-06-26,1.00,start,migration,0.22,,,,1623,2019-06-26,1,2936.75,2917.00,2927.00,2930.00,2921.00,day,1,2951.25,2920.00,2938.00,2945.00,2928.00,in_value
2019-06-27,1.00,added,,0.57,0.62,False,0.43,1623,2019-06-26,2,2936.75,2917.00,2929.00,2932.00,2923.00,day,1,2936.75,2917.00,2927.00,2930.00,2921.00,in_value
2019-06-28,1.00,start,migration,0.00,,,,1624,2019-06-28,1,2948.50,2932.75,2938.00,2943.00,2934.00,composite,2,2936.75,2917.00,2929.00,2932.00,2923.00,above_range
2019-07-01,1.00,start,migration,0.00,,,,1625,2019-07-01,1,2981.75,2955.50,2965.00,2974.00,2959.00,day,1,2948.50,2932.75,2938.00,2943.00,2934.00,above_range
2019-07-02,1.00,added,,1.00,0.46,False,0.56,1625,2019-07-01,2,2981.75,2955.50,2967.00,2972.00,2959.00,day,1,2981.75,2955.50,2965.00,2974.00,2959.00,in_value
2019-07-03,1.00,start,migration,0.00,,,,1626,2019-07-03,1,3001.50,2981.50,2991.00,2996.00,2983.00,composite,2,2981.75,2955.50,2967.00,2972.00,2959.00,above_range
2019-07-05,1.00,added,,0.68,0.66,False,0.64,1626,2019-07-03,2,3001.50,2971.25,2991.00,2998.00,2981.00,day,1,3001.50,2981.50,2991.00,2996.00,2983.00,in_value
2019-07-08,0.75,start,migration,0.14,,,,1627,2019-07-08,1,2984.75,2973.25,2977.50,2981.25,2976.00,composite,2,3001.50,2971.25,2991.00,2998.00,2981.00,in_value
2019-07-09,0.75,added,,0.67,0.59,False,0.60,1627,2019-07-08,2,2986.25,2965.75,2977.50,2981.25,2976.00,day,1,2984.75,2973.25,2977.50,2981.25,2976.00,below_range
2019-07-10,0.75,start,migration,0.00,,,,1628,2019-07-10,1,3007.50,2988.50,2997.00,3002.25,2994.00,composite,2,2986.25,2965.75,2977.50,2981.25,2976.00,above_range
2019-07-11,0.75,added,,0.64,0.50,False,0.71,1628,2019-07-10,2,3007.50,2988.50,2997.75,3003.00,2994.75,day,1,3007.50,2988.50,2997.00,3002.25,2994.00,above_value
2019-07-12,0.75,start,migration,0.00,,,,1629,2019-07-12,1,3018.00,3005.50,3010.50,3012.75,3006.00,composite,2,3007.50,2988.50,2997.75,3003.00,2994.75,above_range
2019-07-15,0.75,start,migration,0.00,,,,1630,2019-07-15,1,3021.50,3012.50,3015.75,3018.00,3012.75,day,1,3018.00,3005.50,3010.50,3012.75,3006.00,above_range
2019-07-16,0.75,start,migration,0.00,,,,1631,2019-07-16,1,3018.75,3004.50,3010.50,3012.75,3004.50,day,1,3021.50,3012.50,3015.75,3018.00,3012.75,in_value
2019-07-17,0.75,start,migration,0.00,,,,1632,2019-07-17,1,3009.25,2987.00,2997.75,3003.00,2991.75,day,1,3018.75,3004.50,3010.50,3012.75,3004.50,in_value
2019-07-18,0.75,start,migration,0.00,,,,1633,2019-07-18,1,3001.50,2975.75,2985.00,2990.25,2976.00,day,1,3009.25,2987.00,2997.75,3003.00,2991.75,below_range
2019-07-19,0.75,start,migration,0.00,,,,1634,2019-07-19,1,3009.75,2977.75,3000.00,3006.75,2991.00,day,1,3001.50,2975.75,2985.00,2990.25,2976.00,above_range
2019-07-22,0.75,start,migration,0.00,,,,1635,2019-07-22,1,2993.50,2978.50,2986.50,2990.25,2982.00,day,1,3009.75,2977.75,3000.00,3006.75,2991.00,below_value
2019-07-23,0.75,start,migration,0.00,,,,1636,2019-07-23,1,3008.25,2990.25,2994.75,3003.00,2990.25,day,1,2993.50,2978.50,2986.50,2990.25,2982.00,above_range
2019-07-24,0.75,start,migration,0.00,,,,1637,2019-07-24,1,3022.00,2998.75,3008.25,3015.00,3005.25,day,1,3008.25,2990.25,2994.75,3003.00,2990.25,in_value
2019-07-25,0.75,added,,0.61,0.35,False,0.56,1637,2019-07-24,2,3022.00,2998.00,3006.00,3012.75,3003.00,day,1,3022.00,2998.75,3008.25,3015.00,3005.25,above_value
2019-07-26,0.75,start,migration,0.00,,,,1638,2019-07-26,1,3029.50,3013.25,3023.25,3028.50,3018.75,composite,2,3022.00,2998.00,3006.00,3012.75,3003.00,above_value
2019-07-29,0.75,added,,0.86,0.59,False,0.43,1638,2019-07-26,2,3029.50,3013.25,3022.50,3024.75,3018.00,day,1,3029.50,3013.25,3023.25,3028.50,3018.75,in_value
2019-07-30,0.75,start,migration,0.00,,,,1639,2019-07-30,1,3018.25,3001.50,3011.25,3015.00,3009.75,composite,2,3029.50,3013.25,3022.50,3024.75,3018.00,below_range
2019-07-31,0.75,start,migration,0.16,,,,1640,2019-07-31,1,3018.50,2958.00,3015.75,3018.75,2985.75,day,1,3018.25,3001.50,3011.25,3015.00,3009.75,above_value
2019-08-01,0.75,start,migration,0.17,,,,1641,2019-08-01,1,3014.25,2944.50,2961.75,2994.00,2945.25,day,1,3018.50,2958.00,3015.75,3018.75,2985.75,below_value
2019-08-02,0.75,start,migration,0.00,,,,1642,2019-08-02,1,2946.00,2913.50,2923.50,2933.25,2917.50,day,1,3014.25,2944.50,2961.75,2994.00,2945.25,below_range
2019-08-05,0.75,start,migration,0.00,,,,1643,2019-08-05,1,2886.25,2820.50,2845.50,2867.25,2829.00,day,1,2946.00,2913.50,2923.50,2933.25,2917.50,below_range
2019-08-06,0.75,added,,0.69,0.71,False,0.60,1643,2019-08-05,2,2886.25,2820.50,2867.25,2878.50,2849.25,day,1,2886.25,2820.50,2845.50,2867.25,2829.00,in_value
2019-08-07,0.75,added,,0.76,0.49,False,0.45,1643,2019-08-05,3,2891.50,2820.50,2855.25,2877.00,2846.25,composite,2,2886.25,2820.50,2867.25,2878.50,2849.25,below_value
2019-08-08,0.75,start,migration,0.00,,,,1644,2019-08-08,1,2939.00,2892.50,2927.25,2937.00,2915.25,composite,3,2891.50,2820.50,2855.25,2877.00,2846.25,above_range
2019-08-09,0.75,added,,0.74,0.72,False,0.47,1644,2019-08-08,2,2939.00,2892.50,2925.75,2932.50,2912.25,day,1,2939.00,2892.50,2927.25,2937.00,2915.25,in_value
2019-08-12,0.75,start,migration,0.00,,,,1645,2019-08-12,1,2908.25,2872.50,2893.50,2906.25,2889.00,composite,2,2939.00,2892.50,2925.75,2932.50,2912.25,below_value
2019-08-13,0.75,start,migration,0.00,,,,1646,2019-08-13,1,2944.25,2875.75,2928.00,2937.75,2919.00,day,1,2908.25,2872.50,2893.50,2906.25,2889.00,below_value
2019-08-14,0.75,start,migration,0.00,,,,1647,2019-08-14,1,2889.75,2839.25,2857.50,2864.25,2839.50,day,1,2944.25,2875.75,2928.00,2937.75,2919.00,below_value
2019-08-15,0.75,added,,0.95,0.40,False,0.65,1647,2019-08-14,2,2889.75,2825.00,2850.75,2859.00,2838.75,day,1,2889.75,2839.25,2857.50,2864.25,2839.50,in_value
2019-08-16,0.75,start,migration,0.00,,,,1648,2019-08-16,1,2894.75,2865.00,2888.25,2893.50,2882.25,composite,2,2889.75,2825.00,2850.75,2859.00,2838.75,above_value
2019-08-19,1.50,start,migration,0.00,,,,1649,2019-08-19,1,2932.25,2915.50,2925.00,2929.50,2922.00,day,1,2894.75,2865.00,2888.25,2893.50,2882.25,above_range
2019-08-20,1.50,start,migration,0.00,,,,1650,2019-08-20,1,2924.50,2900.25,2910.00,2920.50,2907.00,day,1,2932.25,2915.50,2925.00,2929.50,2922.00,below_value
2019-08-21,1.50,start,migration,0.00,,,,1651,2019-08-21,1,2929.50,2918.00,2925.00,2929.50,2922.00,day,1,2924.50,2900.25,2910.00,2920.50,2907.00,above_range
2019-08-22,1.50,start,migration,0.39,,,,1652,2019-08-22,1,2939.75,2904.25,2922.00,2932.50,2913.00,day,1,2929.50,2918.00,2925.00,2929.50,2922.00,above_range
2019-08-23,1.50,start,migration,0.00,,,,1653,2019-08-23,1,2927.75,2834.00,2865.00,2899.50,2835.00,day,1,2939.75,2904.25,2922.00,2932.50,2913.00,below_value
2019-08-26,1.50,added,,1.00,0.37,False,0.82,1653,2019-08-23,2,2927.75,2834.00,2868.00,2881.50,2853.00,day,1,2927.75,2834.00,2865.00,2899.50,2835.00,in_value
2019-08-27,1.50,added,,0.85,0.42,False,0.64,1653,2019-08-23,3,2927.75,2834.00,2872.50,2883.00,2857.50,composite,2,2927.75,2834.00,2868.00,2881.50,2853.00,above_value
2019-08-28,1.50,added,,0.64,0.44,False,0.82,1653,2019-08-23,4,2927.75,2834.00,2874.00,2887.50,2859.00,composite,3,2927.75,2834.00,2872.50,2883.00,2857.50,in_value
2019-08-29,1.50,start,migration,0.00,,,,1654,2019-08-29,1,2930.75,2905.25,2925.00,2929.50,2919.00,composite,4,2927.75,2834.00,2874.00,2887.50,2859.00,above_value
2019-08-30,1.50,added,,0.78,0.56,False,0.43,1654,2019-08-29,2,2941.75,2905.25,2925.00,2929.50,2916.00,day,1,2930.75,2905.25,2925.00,2929.50,2919.00,above_range
2019-09-03,1.50,start,migration,0.00,,,,1655,2019-09-03,1,2914.50,2891.00,2901.00,2908.50,2898.00,composite,2,2941.75,2905.25,2925.00,2929.50,2916.00,below_range
2019-09-04,1.50,start,migration,0.00,,,,1656,2019-09-04,1,2939.00,2921.50,2931.00,2935.50,2925.00,day,1,2914.50,2891.00,2901.00,2908.50,2898.00,above_range
2019-09-05,1.50,start,migration,0.00,,,,1657,2019-09-05,1,2986.50,2964.50,2976.00,2980.50,2973.00,day,1,2939.00,2921.50,2931.00,2935.50,2925.00,above_range
2019-09-06,1.50,start,migration,0.20,,,,1658,2019-09-06,1,2985.75,2972.25,2982.00,2986.50,2979.00,day,1,2986.50,2964.50,2976.00,2980.50,2973.00,in_value
2019-09-09,1.50,start,migration,0.44,,,,1659,2019-09-09,1,2990.25,2969.50,2974.50,2985.00,2971.50,day,1,2985.75,2972.25,2982.00,2986.50,2979.00,above_range
2019-09-10,1.50,start,migration,0.22,,,,1660,2019-09-10,1,2979.75,2957.25,2964.00,2974.50,2961.00,day,1,2990.25,2969.50,2974.50,2985.00,2971.50,below_value
2019-09-11,1.50,start,migration,0.00,,,,1661,2019-09-11,1,3001.00,2974.75,2992.50,2997.00,2986.50,day,1,2979.75,2957.25,2964.00,2974.50,2961.00,above_range
2019-09-12,1.50,start,migration,0.00,,,,1662,2019-09-12,1,3021.75,3001.00,3016.50,3021.00,3007.50,day,1,3001.00,2974.75,2992.50,2997.00,2986.50,above_range
2019-09-13,1.50,added,,1.00,0.50,False,0.60,1662,2019-09-12,2,3021.75,3001.00,3010.50,3018.00,3007.50,day,1,3021.75,3001.00,3016.50,3021.00,3007.50,in_value
2019-09-16,1.00,start,roll,,,,,1663,2019-09-16,1,3005.25,2993.25,2999.00,3004.00,2997.00,none,0,,,,,,
2019-09-17,1.00,added,,1.00,0.44,False,0.60,1663,2019-09-16,2,3009.00,2993.25,3000.00,3005.00,2998.00,day,1,3005.25,2993.25,2999.00,3004.00,2997.00,in_value
2019-09-18,1.00,start,migration,0.47,,,,1664,2019-09-18,1,3010.75,2980.75,2999.00,3006.00,2991.00,composite,2,3009.00,2993.25,3000.00,3005.00,2998.00,in_value
2019-09-19,1.00,start,migration,0.00,,,,1665,2019-09-19,1,3024.50,3004.75,3014.00,3023.00,3014.00,day,1,3010.75,2980.75,2999.00,3006.00,2991.00,above_range
2019-09-20,1.00,start,migration,0.19,,,,1666,2019-09-20,1,3018.00,2985.25,3011.00,3018.00,2997.00,day,1,3024.50,3004.75,3014.00,3023.00,3014.00,in_value
2019-09-23,1.00,start,migration,0.22,,,,1667,2019-09-23,1,3000.75,2983.50,2996.00,2999.00,2990.00,day,1,3018.00,2985.25,3011.00,3018.00,2997.00,below_value
2019-09-24,1.00,start,migration,0.00,,,,1668,2019-09-24,1,3009.25,2958.50,2968.00,2985.00,2958.00,day,1,3000.75,2983.50,2996.00,2999.00,2990.00,above_range
2019-09-25,1.00,added,,1.00,0.38,False,0.60,1668,2019-09-24,2,3009.25,2953.75,2974.00,2983.00,2960.00,day,1,3009.25,2958.50,2968.00,2985.00,2958.00,in_value
2019-09-26,1.00,added,,0.85,0.41,False,0.69,1668,2019-09-24,3,3009.25,2953.75,2976.00,2985.00,2964.00,composite,2,3009.25,2953.75,2974.00,2983.00,2960.00,above_value
2019-09-27,1.00,added,,0.56,0.49,False,0.41,1668,2019-09-24,4,3009.25,2946.25,2977.00,2984.00,2961.00,composite,3,3009.25,2953.75,2976.00,2985.00,2964.00,above_value
2019-09-30,1.00,added,,1.00,0.49,False,0.69,1668,2019-09-24,5,3009.25,2946.25,2977.00,2986.00,2965.00,composite,4,3009.25,2946.25,2977.00,2984.00,2961.00,in_value
2019-10-01,1.00,start,migration,0.07,,,,1669,2019-10-01,1,2994.00,2938.50,2944.00,2967.00,2938.00,composite,5,3009.25,2946.25,2977.00,2986.00,2965.00,above_value
2019-10-02,1.00,start,migration,0.00,,,,1670,2019-10-02,1,2923.75,2874.00,2889.00,2896.00,2877.00,day,1,2994.00,2938.50,2944.00,2967.00,2938.00,below_range
2019-10-03,1.00,start,migration,0.48,,,,1671,2019-10-03,1,2911.25,2855.00,2903.00,2910.00,2883.00,day,1,2923.75,2874.00,2889.00,2896.00,2877.00,in_value
2019-10-04,1.00,start,migration,0.00,,,,1672,2019-10-04,1,2953.25,2917.50,2936.00,2941.00,2920.00,day,1,2911.25,2855.00,2903.00,2910.00,2883.00,above_range
2019-10-07,1.00,start,migration,0.00,,,,1673,2019-10-07,1,2959.50,2934.25,2947.00,2954.00,2941.00,day,1,2953.25,2917.50,2936.00,2941.00,2920.00,above_value
2019-10-08,1.00,start,migration,0.00,,,,1674,2019-10-08,1,2924.75,2890.75,2907.00,2914.00,2899.00,day,1,2959.50,2934.25,2947.00,2954.00,2941.00,below_range
2019-10-09,1.00,start,migration,0.23,,,,1675,2019-10-09,1,2929.50,2906.50,2917.00,2924.00,2911.00,day,1,2924.75,2890.75,2907.00,2914.00,2899.00,in_value
2019-10-10,1.00,start,migration,0.00,,,,1676,2019-10-10,1,2948.25,2915.75,2935.00,2944.00,2931.00,day,1,2929.50,2906.50,2917.00,2924.00,2911.00,in_value
2019-10-11,1.00,start,migration,0.00,,,,1677,2019-10-11,1,2994.00,2967.50,2983.00,2990.00,2977.00,day,1,2948.25,2915.75,2935.00,2944.00,2931.00,above_range
2019-10-14,1.00,start,migration,0.00,,,,1678,2019-10-14,1,2972.50,2961.50,2968.00,2971.00,2966.00,day,1,2994.00,2967.50,2983.00,2990.00,2977.00,below_range
2019-10-15,1.00,start,migration,0.00,,,,1679,2019-10-15,1,3003.25,2975.50,2998.00,3003.00,2994.00,day,1,2972.50,2961.50,2968.00,2971.00,2966.00,above_range
2019-10-16,1.00,start,migration,0.00,,,,1680,2019-10-16,1,2997.50,2984.75,2991.00,2994.00,2987.00,day,1,3003.25,2975.50,2998.00,3003.00,2994.00,below_value
2019-10-17,1.00,start,migration,0.00,,,,1681,2019-10-17,1,3008.00,2990.50,2998.00,3003.00,2994.00,day,1,2997.50,2984.75,2991.00,2994.00,2987.00,above_range
2019-10-18,1.00,start,migration,0.15,,,,1682,2019-10-18,1,2999.00,2975.00,2991.00,2996.00,2983.00,day,1,3008.00,2990.50,2998.00,3003.00,2994.00,below_value
2019-10-21,1.00,start,migration,0.00,,,,1683,2019-10-21,1,3007.50,2994.50,3003.00,3006.00,2999.00,day,1,2999.00,2975.00,2991.00,2996.00,2983.00,above_range
2019-10-22,1.00,start,migration,0.00,,,,1684,2019-10-22,1,3014.00,2994.25,3010.00,3015.00,3006.00,day,1,3007.50,2994.50,3003.00,3006.00,2999.00,above_range
2019-10-23,1.00,start,migration,0.00,,,,1685,2019-10-23,1,3004.50,2989.75,2998.00,3001.00,2994.00,day,1,3014.00,2994.25,3010.00,3015.00,3006.00,below_range
2019-10-24,1.00,start,migration,0.00,,,,1686,2019-10-24,1,3015.25,2998.75,3005.00,3010.00,3001.00,day,1,3004.50,2989.75,2998.00,3001.00,2994.00,above_range
2019-10-25,1.00,start,migration,0.00,,,,1687,2019-10-25,1,3026.50,3001.25,3021.00,3026.00,3015.00,day,1,3015.25,2998.75,3005.00,3010.00,3001.00,in_value
2019-10-28,1.00,start,migration,0.00,,,,1688,2019-10-28,1,3042.75,3033.25,3038.00,3041.00,3036.00,day,1,3026.50,3001.25,3021.00,3026.00,3015.00,above_range
2019-10-29,1.00,added,,0.56,0.43,False,0.60,1688,2019-10-28,2,3046.25,3032.25,3038.00,3043.00,3036.00,day,1,3042.75,3033.25,3038.00,3041.00,3036.00,below_value
2019-10-30,1.00,start,migration,0.09,,,,1689,2019-10-30,1,3049.00,3023.25,3032.00,3037.00,3026.00,composite,2,3046.25,3032.25,3038.00,3043.00,3036.00,in_value
2019-10-31,1.00,added,,0.67,0.42,False,0.33,1689,2019-10-30,2,3049.00,3020.25,3032.00,3035.00,3024.00,day,1,3049.00,3023.25,3032.00,3037.00,3026.00,above_value
2019-11-01,1.00,start,migration,0.00,,,,1690,2019-11-01,1,3065.00,3050.25,3059.00,3062.00,3055.00,composite,2,3049.00,3020.25,3032.00,3035.00,3024.00,above_range
2019-11-04,1.00,start,migration,0.00,,,,1691,2019-11-04,1,3083.00,3072.50,3077.00,3080.00,3075.00,day,1,3065.00,3050.25,3059.00,3062.00,3055.00,above_range
2019-11-05,1.00,start,migration,0.43,,,,1692,2019-11-05,1,3082.00,3069.75,3075.00,3078.00,3071.00,day,1,3083.00,3072.50,3077.00,3080.00,3075.00,in_value
2019-11-06,1.00,start,migration,0.43,,,,1693,2019-11-06,1,3077.00,3063.00,3071.00,3074.00,3067.00,day,1,3082.00,3069.75,3075.00,3078.00,3071.00,in_value
2019-11-07,1.00,start,migration,0.00,,,,1694,2019-11-07,1,3097.00,3078.75,3091.00,3096.00,3087.00,day,1,3077.00,3063.00,3071.00,3074.00,3067.00,above_range
2019-11-08,1.00,start,migration,0.00,,,,1695,2019-11-08,1,3092.00,3072.50,3084.00,3087.00,3078.00,day,1,3097.00,3078.75,3091.00,3096.00,3087.00,below_value
2019-11-11,0.75,added,,1.00,0.61,False,0.43,1695,2019-11-08,2,3092.00,3072.50,3084.00,3086.25,3079.50,day,1,3092.00,3072.50,3084.00,3087.00,3078.00,below_value
2019-11-12,0.75,start,migration,0.00,,,,1696,2019-11-12,1,3102.00,3083.00,3094.50,3098.25,3088.50,composite,2,3092.00,3072.50,3084.00,3086.25,3079.50,above_value
2019-11-13,0.75,skipped_shape,,0.82,0.68,False,0.27,1696,2019-11-12,1,3102.00,3083.00,3094.50,3098.25,3088.50,day,1,3102.00,3083.00,3094.50,3098.25,3088.50,below_range
2019-11-14,0.75,added,,0.82,0.48,False,1.00,1696,2019-11-12,2,3102.00,3081.75,3091.50,3096.75,3087.00,older_day,1,3102.00,3083.00,3094.50,3098.25,3088.50,in_value
2019-11-15,0.75,start,migration,0.00,,,,1697,2019-11-15,1,3119.25,3103.25,3112.50,3116.25,3108.00,composite,2,3102.00,3081.75,3091.50,3096.75,3087.00,above_range
2019-11-18,0.75,start,migration,0.11,,,,1698,2019-11-18,1,3123.50,3111.00,3120.00,3122.25,3115.50,day,1,3119.25,3103.25,3112.50,3116.25,3108.00,in_value
2019-11-19,0.75,added,,0.78,0.54,False,1.00,1698,2019-11-18,2,3128.00,3111.00,3120.00,3123.75,3117.00,day,1,3123.50,3111.00,3120.00,3122.25,3115.50,above_range
2019-11-20,0.75,start,migration,0.12,,,,1699,2019-11-20,1,3118.50,3090.75,3114.00,3119.25,3100.50,composite,2,3128.00,3111.00,3120.00,3123.75,3117.00,below_value
2019-11-21,0.75,added,,0.73,0.43,False,0.64,1699,2019-11-20,2,3118.50,3090.75,3102.75,3108.00,3095.25,day,1,3118.50,3090.75,3114.00,3119.25,3100.50,in_value
2019-11-22,0.75,added,,0.56,0.49,False,0.78,1699,2019-11-20,3,3118.50,3090.75,3104.25,3109.50,3098.25,composite,2,3118.50,3090.75,3102.75,3108.00,3095.25,above_value
2019-11-25,0.75,start,migration,0.00,,,,1700,2019-11-25,1,3133.50,3119.25,3128.25,3132.00,3126.75,composite,3,3118.50,3090.75,3104.25,3109.50,3098.25,above_range
2019-11-26,0.75,start,migration,0.00,,,,1701,2019-11-26,1,3142.00,3129.75,3137.25,3139.50,3134.25,day,1,3133.50,3119.25,3128.25,3132.00,3126.75,above_range
2019-11-27,0.75,start,migration,0.00,,,,1702,2019-11-27,1,3153.75,3142.25,3151.50,3153.75,3144.00,day,1,3142.00,3129.75,3137.25,3139.50,3134.25,above_range
2019-11-29,0.75,added,,0.89,0.38,False,0.71,1702,2019-11-27,2,3153.75,3139.50,3144.75,3150.00,3141.75,day,1,3153.75,3142.25,3151.50,3153.75,3144.00,in_value
2019-12-02,0.75,start,migration,0.00,,,,1703,2019-12-02,1,3145.25,3110.25,3116.25,3123.00,3111.75,composite,2,3153.75,3139.50,3144.75,3150.00,3141.75,in_value
2019-12-03,0.75,start,migration,0.00,,,,1704,2019-12-03,1,3094.75,3069.50,3081.75,3087.00,3075.75,day,1,3145.25,3110.25,3116.25,3123.00,3111.75,below_range
2019-12-04,0.75,start,migration,0.00,,,,1705,2019-12-04,1,3119.50,3101.25,3114.75,3118.50,3111.75,day,1,3094.75,3069.50,3081.75,3087.00,3075.75,above_range
2019-12-05,0.75,added,,0.64,0.71,False,0.71,1705,2019-12-04,2,3120.25,3101.25,3114.75,3118.50,3110.25,day,1,3119.50,3101.25,3114.75,3118.50,3111.75,above_range
2019-12-06,0.75,start,migration,0.00,,,,1706,2019-12-06,1,3151.00,3138.50,3148.50,3150.75,3144.00,composite,2,3120.25,3101.25,3114.75,3118.50,3110.25,above_range
2019-12-09,0.75,start,migration,0.36,,,,1707,2019-12-09,1,3149.50,3135.50,3141.75,3147.00,3138.75,day,1,3151.00,3138.50,3148.50,3150.75,3144.00,below_value
2019-12-10,0.75,start,migration,0.11,,,,1708,2019-12-10,1,3143.00,3125.50,3137.25,3139.50,3132.75,day,1,3149.50,3135.50,3141.75,3147.00,3138.75,below_value
2019-12-11,0.75,added,,0.78,0.56,False,0.33,1708,2019-12-10,2,3144.50,3125.50,3135.75,3142.50,3134.25,day,1,3143.00,3125.50,3137.25,3139.50,3132.75,in_value
2019-12-12,0.75,start,migration,0.00,,,,1709,2019-12-12,1,3177.50,3138.75,3157.50,3170.25,3154.50,composite,2,3144.50,3125.50,3135.75,3142.50,3134.25,in_value
2019-12-13,0.75,added,,0.77,0.65,False,0.33,1709,2019-12-12,2,3184.00,3138.75,3168.00,3171.75,3157.50,day,1,3177.50,3138.75,3157.50,3170.25,3154.50,in_value
2019-12-16,0.75,start,roll,,,,,1710,2019-12-16,1,3202.50,3191.75,3200.25,3202.50,3197.25,none,0,,,,,,
2019-12-17,0.75,added,,1.00,0.68,False,0.60,1710,2019-12-16,2,3203.50,3191.75,3199.50,3201.75,3196.50,day,1,3202.50,3191.75,3200.25,3202.50,3197.25,in_value
2019-12-18,0.75,added,,1.00,0.62,False,1.00,1710,2019-12-16,3,3203.50,3191.75,3198.75,3201.00,3197.25,composite,2,3203.50,3191.75,3199.50,3201.75,3196.50,in_value
2019-12-19,0.75,start,migration,0.00,,,,1711,2019-12-19,1,3211.00,3197.50,3206.25,3211.50,3204.75,composite,3,3203.50,3191.75,3198.75,3201.00,3197.25,in_value
2019-12-20,0.75,start,migration,0.00,,,,1712,2019-12-20,1,3229.50,3219.25,3226.50,3228.75,3223.50,day,1,3211.00,3197.50,3206.25,3211.50,3204.75,above_range
2019-12-23,0.75,added,,0.60,0.66,False,0.60,1712,2019-12-20,2,3230.75,3219.25,3226.50,3230.25,3225.00,day,1,3229.50,3219.25,3226.50,3228.75,3223.50,above_range
2019-12-24,0.75,added,,0.60,0.66,False,0.60,1712,2019-12-20,3,3230.75,3219.25,3226.50,3230.25,3225.00,composite,2,3230.75,3219.25,3226.50,3230.25,3225.00,in_value
2019-12-26,0.75,start,migration,0.00,,,,1713,2019-12-26,1,3242.75,3229.00,3235.50,3237.75,3232.50,composite,3,3230.75,3219.25,3226.50,3230.25,3225.00,in_value
2019-12-27,0.75,start,migration,0.00,,,,1714,2019-12-27,1,3251.00,3235.50,3243.00,3246.75,3240.00,day,1,3242.75,3229.00,3235.50,3237.75,3232.50,above_range
2019-12-30,0.50,start,migration,0.00,,,,1715,2019-12-30,1,3243.00,3217.25,3225.50,3231.00,3220.50,day,1,3251.00,3235.50,3243.00,3246.75,3240.00,in_value
2019-12-31,0.50,start,migration,0.41,,,,1716,2019-12-31,1,3232.50,3213.00,3218.50,3224.00,3215.50,day,1,3243.00,3217.25,3225.50,3231.00,3220.50,below_range
2020-01-02,0.50,start,migration,0.00,,,,1717,2020-01-02,1,3258.75,3235.50,3242.00,3248.50,3238.00,day,1,3232.50,3213.00,3218.50,3224.00,3215.50,above_range
2020-01-03,0.50,added,,0.62,0.56,False,0.41,1717,2020-01-02,2,3258.75,3220.75,3242.00,3245.50,3234.00,day,1,3258.75,3235.50,3242.00,3248.50,3238.00,below_range
2020-01-06,0.50,added,,0.59,0.62,False,0.47,1717,2020-01-02,3,3258.75,3213.25,3241.50,3246.00,3232.50,composite,2,3258.75,3220.75,3242.00,3245.50,3234.00,below_range
2020-01-07,0.50,added,,1.00,0.56,False,0.85,1717,2020-01-02,4,3258.75,3213.25,3238.50,3245.00,3233.50,composite,3,3258.75,3213.25,3241.50,3246.00,3232.50,in_value
2020-01-08,0.50,start,migration,0.00,,,,1718,2020-01-08,1,3267.75,3236.00,3257.00,3267.50,3247.00,composite,4,3258.75,3213.25,3238.50,3245.00,3233.50,in_value
2020-01-09,0.50,start,migration,0.00,,,,1719,2020-01-09,1,3276.75,3264.25,3271.00,3274.50,3269.00,day,1,3267.75,3236.00,3257.00,3267.50,3247.00,above_range
2020-01-10,0.50,start,migration,0.24,,,,1720,2020-01-10,1,3283.75,3260.75,3275.00,3282.50,3272.00,day,1,3276.75,3264.25,3271.00,3274.50,3269.00,above_range
2020-01-13,0.50,added,,0.67,0.52,False,0.41,1720,2020-01-10,2,3288.75,3260.75,3275.00,3283.50,3272.00,day,1,3283.75,3260.75,3275.00,3282.50,3272.00,in_value
2020-01-14,0.50,start,migration,0.47,,,,1721,2020-01-14,1,3295.00,3277.25,3285.50,3288.00,3279.50,composite,2,3288.75,3260.75,3275.00,3283.50,3272.00,above_value
2020-01-15,0.50,start,migration,0.00,,,,1722,2020-01-15,1,3299.00,3281.25,3294.00,3297.50,3288.00,day,1,3295.00,3277.25,3285.50,3288.00,3279.50,in_value
2020-01-16,0.50,start,migration,0.00,,,,1723,2020-01-16,1,3317.75,3302.75,3307.50,3310.00,3304.50,day,1,3299.00,3281.25,3294.00,3297.50,3288.00,above_range
2020-01-17,0.50,start,migration,0.00,,,,1724,2020-01-17,1,3330.25,3319.00,3324.00,3326.50,3322.00,day,1,3317.75,3302.75,3307.50,3310.00,3304.50,above_range
2020-01-21,0.50,start,migration,0.47,,,,1725,2020-01-21,1,3329.75,3316.00,3322.00,3325.50,3318.00,day,1,3330.25,3319.00,3324.00,3326.50,3322.00,below_range
2020-01-22,0.50,start,migration,0.12,,,,1726,2020-01-22,1,3337.50,3319.50,3328.50,3333.00,3324.50,day,1,3329.75,3316.00,3322.00,3325.50,3318.00,above_range
2020-01-23,0.50,start,migration,0.00,,,,1727,2020-01-23,1,3327.00,3301.25,3309.50,3316.00,3303.50,day,1,3337.50,3319.50,3328.50,3333.00,3324.50,below_range
2020-01-24,0.50,start,migration,0.26,,,,1728,2020-01-24,1,3332.50,3280.50,3296.00,3311.50,3281.00,day,1,3327.00,3301.25,3309.50,3316.00,3303.50,above_range
2020-01-27,0.75,start,migration,0.00,,,,1729,2020-01-27,1,3257.75,3233.00,3248.25,3255.00,3243.75,day,1,3332.50,3280.50,3296.00,3311.50,3281.00,below_range
2020-01-28,0.75,start,migration,0.00,,,,1730,2020-01-28,1,3285.00,3251.75,3276.75,3283.50,3270.75,day,1,3257.75,3233.00,3248.25,3255.00,3243.75,above_value
2020-01-29,0.75,start,migration,0.47,,,,1731,2020-01-29,1,3292.75,3270.25,3284.25,3289.50,3278.25,day,1,3285.00,3251.75,3276.75,3283.50,3270.75,above_range
2020-01-30,0.75,start,migration,0.00,,,,1732,2020-01-30,1,3285.25,3241.00,3252.75,3264.00,3246.75,day,1,3292.75,3270.25,3284.25,3289.50,3278.25,below_range
2020-01-31,0.75,start,migration,0.03,,,,1733,2020-01-31,1,3277.50,3212.75,3227.25,3247.50,3221.25,day,1,3285.25,3241.00,3252.75,3264.00,3246.75,above_value
2020-02-03,0.75,start,migration,0.27,,,,1734,2020-02-03,1,3267.25,3237.75,3252.00,3255.75,3244.50,day,1,3277.50,3212.75,3227.25,3247.50,3221.25,in_value
2020-02-04,0.75,start,migration,0.00,,,,1735,2020-02-04,1,3305.25,3282.25,3300.75,3304.50,3294.75,day,1,3267.25,3237.75,3252.00,3255.75,3244.50,above_range
2020-02-05,0.75,start,migration,0.00,,,,1736,2020-02-05,1,3336.00,3311.75,3323.25,3328.50,3317.25,day,1,3305.25,3282.25,3300.75,3304.50,3294.75,above_range
2020-02-06,0.75,start,migration,0.00,,,,1737,2020-02-06,1,3346.50,3332.75,3342.00,3345.75,3339.00,day,1,3336.00,3311.75,3323.25,3328.50,3317.25,above_range
2020-02-07,0.75,start,migration,0.00,,,,1738,2020-02-07,1,3341.25,3320.75,3334.50,3336.75,3325.50,day,1,3346.50,3332.75,3342.00,3345.75,3339.00,below_value
2020-02-10,1.00,start,migration,0.46,,,,1739,2020-02-10,1,3351.75,3316.25,3337.00,3344.00,3331.00,day,1,3341.25,3320.75,3334.50,3336.75,3325.50,below_range
2020-02-11,1.00,start,migration,0.00,,,,1740,2020-02-11,1,3374.50,3351.75,3366.00,3369.00,3358.00,day,1,3351.75,3316.25,3337.00,3344.00,3331.00,above_range
2020-02-12,1.00,start,migration,0.00,,,,1741,2020-02-12,1,3380.75,3368.50,3374.00,3377.00,3372.00,day,1,3374.50,3351.75,3366.00,3369.00,3358.00,above_value
2020-02-13,1.00,start,migration,0.39,,,,1742,2020-02-13,1,3384.75,3359.00,3379.00,3384.00,3371.00,day,1,3380.75,3368.50,3374.00,3377.00,3372.00,below_range
2020-02-14,1.00,added,,0.89,0.67,False,0.71,1742,2020-02-13,2,3384.75,3359.00,3376.00,3381.00,3370.00,day,1,3384.75,3359.00,3379.00,3384.00,3371.00,in_value
2020-02-18,1.00,start,migration,0.36,,,,1743,2020-02-18,1,3375.00,3355.25,3367.00,3374.00,3363.00,composite,2,3384.75,3359.00,3376.00,3381.00,3370.00,below_value
2020-02-19,1.00,start,migration,0.00,,,,1744,2020-02-19,1,3393.75,3377.75,3390.00,3393.00,3386.00,day,1,3375.00,3355.25,3367.00,3374.00,3363.00,above_range
2020-02-20,1.00,start,migration,0.00,,,,1745,2020-02-20,1,3389.00,3339.25,3364.00,3375.00,3348.00,day,1,3393.75,3377.75,3390.00,3393.00,3386.00,below_value
2020-02-21,1.00,start,migration,0.00,,,,1746,2020-02-21,1,3360.50,3328.00,3344.00,3347.00,3332.00,day,1,3389.00,3339.25,3364.00,3375.00,3348.00,in_value
2020-02-24,1.00,start,migration,0.00,,,,1747,2020-02-24,1,3260.00,3213.75,3235.00,3250.00,3227.00,day,1,3360.50,3328.00,3344.00,3347.00,3332.00,below_range
2020-02-25,1.00,start,migration,0.00,,,,1748,2020-02-25,1,3247.25,3117.25,3185.00,3216.00,3135.00,day,1,3260.00,3213.75,3235.00,3250.00,3227.00,in_value
2020-02-26,1.00,skipped_shape,,0.86,0.24,False,0.83,1748,2020-02-25,1,3247.25,3117.25,3185.00,3216.00,3135.00,day,1,3247.25,3117.25,3185.00,3216.00,3135.00,in_value
2020-02-27,1.00,start,migration,0.00,,,,1749,2020-02-27,1,3096.25,2973.75,3036.00,3073.00,3022.00,older_day,1,3247.25,3117.25,3185.00,3216.00,3135.00,below_range
2020-02-28,1.00,start,migration,0.00,,,,1750,2020-02-28,1,2966.00,2853.25,2909.00,2932.00,2881.00,day,1,3096.25,2973.75,3036.00,3073.00,3022.00,below_range
2020-03-02,1.00,start,migration,0.00,,,,1751,2020-03-02,1,3090.75,2942.50,3016.00,3039.00,2980.00,day,1,2966.00,2853.25,2909.00,2932.00,2881.00,above_range
2020-03-03,1.00,start,migration,0.29,,,,1752,2020-03-03,1,3137.00,2973.00,3056.00,3099.00,3014.00,day,1,3090.75,2942.50,3016.00,3039.00,2980.00,above_range
2020-03-04,1.00,added,,1.00,0.51,False,0.81,1752,2020-03-03,2,3137.00,2973.00,3057.00,3098.00,3025.00,day,1,3137.00,2973.00,3056.00,3099.00,3014.00,in_value
2020-03-05,1.00,added,,0.63,0.51,False,0.43,1752,2020-03-03,3,3137.00,2973.00,3057.00,3078.00,3009.00,composite,2,3137.00,2973.00,3057.00,3098.00,3025.00,in_value
2020-03-06,1.00,start,migration,0.00,,,,1753,2020-03-06,1,2984.25,2898.00,2944.00,2959.00,2922.00,composite,3,3137.00,2973.00,3057.00,3078.00,3009.00,below_range
2020-03-09,2.00,start,migration,0.00,,,,1754,2020-03-09,1,2836.75,2715.00,2778.00,2812.00,2750.00,day,1,2984.25,2898.00,2944.00,2959.00,2922.00,below_range
2020-03-10,2.00,added,,0.84,0.42,False,0.79,1754,2020-03-09,2,2882.00,2715.00,2784.00,2814.00,2748.00,day,1,2836.75,2715.00,2778.00,2812.00,2750.00,above_range
2020-03-11,2.00,added,,0.85,0.46,False,0.62,1754,2020-03-09,3,2882.00,2702.75,2784.00,2810.00,2744.00,composite,2,2882.00,2715.00,2784.00,2814.00,2748.00,in_value
2020-03-12,2.00,start,migration,0.00,,,,1755,2020-03-12,1,2658.75,2465.00,2532.00,2578.00,2504.00,composite,3,2882.00,2702.75,2784.00,2810.00,2744.00,below_range
2020-03-13,2.00,added,,0.77,0.41,False,0.48,1755,2020-03-12,2,2706.00,2465.00,2564.00,2590.00,2512.00,day,1,2658.75,2465.00,2532.00,2578.00,2504.00,above_value
2020-03-16,4.00,start,migration,0.09,,,,1756,2020-03-16,1,2562.50,2360.25,2456.00,2524.00,2432.00,composite,2,2706.00,2465.00,2564.00,2590.00,2512.00,in_value
2020-03-17,4.00,added,,0.91,0.68,False,0.41,1756,2020-03-16,2,2562.50,2360.25,2496.00,2524.00,2432.00,day,1,2562.50,2360.25,2456.00,2524.00,2432.00,in_value
2020-03-18,4.00,start,roll,,,,,1757,2020-03-18,1,2442.00,2262.00,2356.00,2400.00,2300.00,none,0,,,,,,
2020-03-19,4.00,start,migration,0.33,,,,1758,2020-03-19,1,2457.25,2306.25,2404.00,2440.00,2380.00,day,1,2442.00,2262.00,2356.00,2400.00,2300.00,in_value
2020-03-20,4.00,start,migration,0.43,,,,1759,2020-03-20,1,2442.50,2280.75,2380.00,2416.00,2332.00,day,1,2457.25,2306.25,2404.00,2440.00,2380.00,in_value
2020-03-23,6.00,start,migration,0.00,,,,1760,2020-03-23,1,2290.75,2179.50,2226.00,2268.00,2202.00,day,1,2442.50,2280.75,2380.00,2416.00,2332.00,below_range
2020-03-24,6.00,start,migration,0.00,,,,1761,2020-03-24,1,2437.75,2334.00,2376.00,2406.00,2352.00,day,1,2290.75,2179.50,2226.00,2268.00,2202.00,above_range
2020-03-25,6.00,start,migration,0.00,,,,1762,2020-03-25,1,2560.75,2393.50,2526.00,2556.00,2454.00,day,1,2437.75,2334.00,2376.00,2406.00,2352.00,above_range
2020-03-26,6.00,start,migration,0.36,,,,1763,2020-03-26,1,2625.75,2487.25,2568.00,2598.00,2532.00,day,1,2560.75,2393.50,2526.00,2556.00,2454.00,in_value
2020-03-27,6.00,added,,0.78,0.60,False,0.43,1763,2020-03-26,2,2625.75,2487.25,2568.00,2586.00,2532.00,day,1,2625.75,2487.25,2568.00,2598.00,2532.00,below_value
2020-03-30,6.00,start,migration,0.43,,,,1764,2020-03-30,1,2621.75,2532.25,2592.00,2610.00,2568.00,composite,2,2625.75,2487.25,2568.00,2586.00,2532.00,in_value
2020-03-31,6.00,added,,0.71,0.62,False,0.60,1764,2020-03-30,2,2629.50,2532.25,2592.00,2610.00,2568.00,day,1,2621.75,2532.25,2592.00,2610.00,2568.00,in_value
2020-04-01,6.00,start,migration,0.00,,,,1765,2020-04-01,1,2509.75,2434.25,2466.00,2496.00,2454.00,composite,2,2629.50,2532.25,2592.00,2610.00,2568.00,below_range
2020-04-02,6.00,added,,0.71,0.53,False,1.00,1765,2020-04-01,2,2523.00,2434.25,2478.00,2508.00,2454.00,day,1,2509.75,2434.25,2466.00,2496.00,2454.00,below_value
2020-04-03,6.00,added,,0.89,0.38,False,0.43,1765,2020-04-01,3,2529.50,2434.25,2466.00,2508.00,2454.00,composite,2,2523.00,2434.25,2478.00,2508.00,2454.00,in_value
2020-04-06,6.00,start,migration,0.00,,,,1766,2020-04-06,1,2668.50,2564.00,2622.00,2628.00,2586.00,composite,3,2529.50,2434.25,2466.00,2508.00,2454.00,above_range
2020-04-07,6.00,start,migration,0.00,,,,1767,2020-04-07,1,2750.00,2647.50,2688.00,2730.00,2676.00,day,1,2668.50,2564.00,2622.00,2628.00,2586.00,above_range
2020-04-08,6.00,added,,0.82,0.58,False,1.00,1767,2020-04-07,2,2752.50,2647.50,2706.00,2736.00,2682.00,day,1,2750.00,2647.50,2688.00,2730.00,2676.00,in_value
2020-04-09,6.00,start,migration,0.00,,,,1768,2020-04-09,1,2809.50,2752.25,2784.00,2802.00,2772.00,composite,2,2752.50,2647.50,2706.00,2736.00,2682.00,above_range
2020-04-13,4.00,start,migration,0.00,,,,1769,2020-04-13,1,2771.75,2711.00,2728.00,2748.00,2720.00,day,1,2809.50,2752.25,2784.00,2802.00,2772.00,below_value
2020-04-14,4.00,start,migration,0.00,,,,1770,2020-04-14,1,2846.00,2796.25,2828.00,2840.00,2812.00,day,1,2771.75,2711.00,2728.00,2748.00,2720.00,above_range
2020-04-15,4.00,start,migration,0.00,,,,1771,2020-04-15,1,2792.75,2751.25,2768.00,2788.00,2752.00,day,1,2846.00,2796.25,2828.00,2840.00,2812.00,below_range
2020-04-16,4.00,added,,0.86,0.50,False,0.60,1771,2020-04-15,2,2797.75,2751.25,2772.00,2792.00,2764.00,day,1,2792.75,2751.25,2768.00,2788.00,2752.00,above_value
2020-04-17,4.00,start,migration,0.00,,,,1772,2020-04-17,1,2871.00,2821.00,2836.00,2848.00,2828.00,composite,2,2797.75,2751.25,2772.00,2792.00,2764.00,above_range
2020-04-20,4.00,start,migration,0.46,,,,1773,2020-04-20,1,2860.75,2810.75,2848.00,2860.00,2816.00,day,1,2871.00,2821.00,2836.00,2848.00,2828.00,below_value
2020-04-21,4.00,start,migration,0.00,,,,1774,2020-04-21,1,2777.50,2717.25,2732.00,2760.00,2716.00,day,1,2860.75,2810.75,2848.00,2860.00,2816.00,below_range
2020-04-22,4.00,start,migration,0.00,,,,1775,2020-04-22,1,2808.00,2766.25,2784.00,2796.00,2768.00,day,1,2777.50,2717.25,2732.00,2760.00,2716.00,above_range
2020-04-23,4.00,start,migration,0.22,,,,1776,2020-04-23,1,2836.75,2785.00,2804.00,2824.00,2788.00,day,1,2808.00,2766.25,2784.00,2796.00,2768.00,above_value
2020-04-24,4.00,added,,0.86,0.30,False,0.43,1776,2020-04-23,2,2836.75,2782.25,2796.00,2824.00,2788.00,day,1,2836.75,2785.00,2804.00,2824.00,2788.00,in_value
2020-04-27,2.50,start,migration,0.00,,,,1777,2020-04-27,1,2881.25,2843.75,2865.00,2872.50,2855.00,composite,2,2836.75,2782.25,2796.00,2824.00,2788.00,above_range
2020-04-28,2.50,added,,0.67,0.38,False,0.43,1777,2020-04-27,2,2912.25,2843.75,2867.50,2875.00,2852.50,day,1,2881.25,2843.75,2865.00,2872.50,2855.00,above_range
2020-04-29,2.50,start,migration,0.00,,,,1778,2020-04-29,1,2947.25,2902.25,2935.00,2942.50,2915.00,composite,2,2912.25,2843.75,2867.50,2875.00,2852.50,above_range
2020-04-30,2.50,start,migration,0.00,,,,1779,2020-04-30,1,2920.00,2883.25,2892.50,2910.00,2887.50,day,1,2947.25,2902.25,2935.00,2942.50,2915.00,below_value
2020-05-01,2.50,start,migration,0.00,,,,1780,2020-05-01,1,2857.75,2811.75,2820.00,2842.50,2810.00,day,1,2920.00,2883.25,2892.50,2910.00,2887.50,below_range
2020-05-04,2.50,added,,0.57,0.40,False,0.71,1780,2020-05-01,2,2857.75,2788.50,2815.00,2827.50,2800.00,day,1,2857.75,2811.75,2820.00,2842.50,2810.00,below_range
2020-05-05,2.50,start,migration,0.00,,,,1781,2020-05-05,1,2889.75,2854.25,2880.00,2887.50,2870.00,composite,2,2857.75,2788.50,2815.00,2827.50,2800.00,above_range
2020-05-06,2.50,start,migration,0.00,,,,1782,2020-05-06,1,2881.75,2837.75,2862.50,2870.00,2852.50,day,1,2889.75,2854.25,2880.00,2887.50,2870.00,in_value
2020-05-07,2.50,start,migration,0.00,,,,1783,2020-05-07,1,2895.00,2867.75,2880.00,2887.50,2870.00,day,1,2881.75,2837.75,2862.50,2870.00,2852.50,above_value
2020-05-08,2.50,start,migration,0.00,,,,1784,2020-05-08,1,2926.00,2895.75,2910.00,2917.50,2905.00,day,1,2895.00,2867.75,2880.00,2887.50,2870.00,above_range
2020-05-11,2.00,start,migration,0.23,,,,1785,2020-05-11,1,2937.00,2895.50,2924.00,2938.00,2912.00,day,1,2926.00,2895.75,2910.00,2917.50,2905.00,below_value
2020-05-12,2.00,skipped_shape,,0.53,0.78,False,0.46,1785,2020-05-11,1,2937.00,2895.50,2924.00,2938.00,2912.00,day,1,2937.00,2895.50,2924.00,2938.00,2912.00,in_value
2020-05-13,2.00,start,migration,0.00,,,,1786,2020-05-13,1,2868.75,2786.00,2808.00,2838.00,2788.00,older_day,1,2937.00,2895.50,2924.00,2938.00,2912.00,below_range
2020-05-14,2.00,added,,1.00,0.45,False,0.85,1786,2020-05-13,2,2868.75,2760.25,2808.00,2834.00,2788.00,day,1,2868.75,2786.00,2808.00,2838.00,2788.00,below_value
2020-05-15,2.00,start,migration,0.46,,,,1787,2020-05-15,1,2859.50,2809.50,2838.00,2848.00,2822.00,composite,2,2868.75,2760.25,2808.00,2834.00,2788.00,in_value
2020-05-18,2.00,start,migration,0.00,,,,1788,2020-05-18,1,2964.75,2923.50,2950.00,2960.00,2938.00,day,1,2859.50,2809.50,2838.00,2848.00,2822.00,above_range
2020-05-19,2.00,added,,0.91,0.71,False,0.43,1788,2020-05-18,2,2964.75,2915.75,2950.00,2956.00,2938.00,day,1,2964.75,2923.50,2950.00,2960.00,2938.00,in_value
2020-05-20,2.00,start,migration,0.00,,,,1789,2020-05-20,1,2975.75,2952.25,2962.00,2972.00,2958.00,composite,2,2964.75,2915.75,2950.00,2956.00,2938.00,in_value
2020-05-21,2.00,start,migration,0.00,,,,1790,2020-05-21,1,2973.00,2933.00,2950.00,2956.00,2938.00,day,1,2975.75,2952.25,2962.00,2972.00,2958.00,in_value
2020-05-22,2.00,added,,0.56,0.37,False,1.00,1790,2020-05-21,2,2973.00,2928.25,2944.00,2954.00,2936.00,day,1,2973.00,2933.00,2950.00,2956.00,2938.00,in_value
2020-05-26,2.00,start,migration,0.00,,,,1791,2020-05-26,1,3019.00,2983.50,3004.00,3014.00,3000.00,composite,2,2973.00,2928.25,2944.00,2954.00,2936.00,above_range
2020-05-27,2.00,start,migration,0.41,,,,1792,2020-05-27,1,3032.00,2965.50,2992.00,3014.00,2980.00,day,1,3019.00,2983.50,3004.00,3014.00,3000.00,above_value
2020-05-28,2.00,start,migration,0.00,,,,1793,2020-05-28,1,3065.50,3019.50,3042.00,3060.00,3038.00,day,1,3032.00,2965.50,2992.00,3014.00,2980.00,above_range
2020-05-29,2.00,start,migration,0.00,,,,1794,2020-05-29,1,3046.25,2992.00,3014.00,3024.00,3002.00,day,1,3065.50,3019.50,3042.00,3060.00,3038.00,below_value
2020-06-01,2.00,start,migration,0.00,,,,1795,2020-06-01,1,3059.00,3027.00,3044.00,3058.00,3040.00,day,1,3046.25,2992.00,3014.00,3024.00,3002.00,above_value
2020-06-02,2.00,start,migration,0.14,,,,1796,2020-06-02,1,3078.25,3047.75,3060.00,3070.00,3056.00,day,1,3059.00,3027.00,3044.00,3058.00,3040.00,above_range
2020-06-03,2.00,start,migration,0.00,,,,1797,2020-06-03,1,3129.50,3096.00,3112.00,3122.00,3108.00,day,1,3078.25,3047.75,3060.00,3070.00,3056.00,above_range
2020-06-04,2.00,added,,0.56,0.52,False,1.00,1797,2020-06-03,2,3129.50,3087.50,3108.00,3118.00,3100.00,day,1,3129.50,3096.00,3112.00,3122.00,3108.00,below_value
2020-06-05,2.00,start,migration,0.00,,,,1798,2020-06-05,1,3210.50,3168.50,3198.00,3204.00,3182.00,composite,2,3129.50,3087.50,3108.00,3118.00,3100.00,above_range
2020-06-08,2.00,start,migration,0.11,,,,1799,2020-06-08,1,3231.25,3193.50,3206.00,3220.00,3202.00,day,1,3210.50,3168.50,3198.00,3204.00,3182.00,in_value
2020-06-09,2.00,added,,0.82,0.41,False,0.43,1799,2020-06-08,2,3231.25,3190.75,3206.00,3220.00,3202.00,day,1,3231.25,3193.50,3206.00,3220.00,3202.00,below_value
2020-06-10,2.00,start,migration,0.18,,,,1800,2020-06-10,1,3221.25,3179.75,3196.00,3206.00,3184.00,composite,2,3231.25,3190.75,3206.00,3220.00,3202.00,in_value
2020-06-11,2.00,start,migration,0.00,,,,1801,2020-06-11,1,3118.25,2996.25,3044.00,3074.00,2996.00,day,1,3221.25,3179.75,3196.00,3206.00,3184.00,below_range
2020-06-12,2.00,added,,1.00,0.40,False,0.58,1801,2020-06-11,2,3118.25,2982.00,3036.00,3058.00,3000.00,day,1,3118.25,2996.25,3044.00,3074.00,2996.00,above_value
2020-06-15,1.50,added,,0.84,0.48,False,0.76,1801,2020-06-11,3,3118.25,2963.50,3036.00,3064.50,3000.00,composite,2,3118.25,2982.00,3036.00,3058.00,3000.00,below_range
2020-06-16,1.50,start,migration,0.00,,,,1802,2020-06-16,1,3153.50,3072.75,3123.00,3142.50,3108.00,composite,3,3118.25,2963.50,3036.00,3064.50,3000.00,above_range
2020-06-17,1.50,start,roll,,,,,1803,2020-06-17,1,3130.25,3094.50,3115.50,3126.00,3106.50,none,0,,,,,,
2020-06-18,1.50,start,migration,0.00,,,,1804,2020-06-18,1,3109.00,3080.75,3100.50,3105.00,3091.50,day,1,3130.25,3094.50,3115.50,3126.00,3106.50,below_range
2020-06-19,1.50,start,migration,0.36,,,,1805,2020-06-19,1,3144.00,3071.00,3085.50,3108.00,3070.50,day,1,3109.00,3080.75,3100.50,3105.00,3091.50,above_range
2020-06-22,1.50,skipped_shape,,1.00,0.46,False,0.18,1805,2020-06-19,1,3144.00,3071.00,3085.50,3108.00,3070.50,day,1,3144.00,3071.00,3085.50,3108.00,3070.50,in_value
2020-06-23,1.50,start,migration,0.00,,,,1806,2020-06-23,1,3145.00,3115.50,3135.00,3139.50,3126.00,older_day,1,3144.00,3071.00,3085.50,3108.00,3070.50,above_value
2020-06-24,1.50,start,migration,0.00,,,,1807,2020-06-24,1,3104.50,3019.75,3043.50,3057.00,3025.50,day,1,3145.00,3115.50,3135.00,3139.50,3126.00,below_range
2020-06-25,1.50,added,,1.00,0.34,False,0.69,1807,2020-06-24,2,3104.50,3011.50,3042.00,3055.50,3024.00,day,1,3104.50,3019.75,3043.50,3057.00,3025.50,in_value
2020-06-26,1.50,start,migration,0.19,,,,1808,2020-06-26,1,3063.25,2992.50,3019.50,3030.00,2998.50,composite,2,3104.50,3011.50,3042.00,3055.50,3024.00,above_value
2020-06-29,1.50,added,,0.54,0.46,False,0.69,1808,2020-06-26,2,3063.25,2988.50,3022.50,3036.00,3004.50,day,1,3063.25,2992.50,3019.50,3030.00,2998.50,in_value
2020-06-30,1.50,start,migration,0.00,,,,1809,2020-06-30,1,3101.25,3037.50,3064.50,3075.00,3049.50,composite,2,3063.25,2988.50,3022.50,3036.00,3004.50,above_value
2020-07-01,1.50,start,migration,0.00,,,,1810,2020-07-01,1,3117.75,3089.25,3103.50,3111.00,3097.50,day,1,3101.25,3037.50,3064.50,3075.00,3049.50,above_value
2020-07-02,1.50,start,migration,0.00,,,,1811,2020-07-02,1,3156.50,3114.25,3135.00,3142.50,3126.00,day,1,3117.75,3089.25,3103.50,3111.00,3097.50,above_range
2020-07-06,1.50,start,migration,0.00,,,,1812,2020-07-06,1,3174.50,3155.00,3163.50,3168.00,3157.50,day,1,3156.50,3114.25,3135.00,3142.50,3126.00,above_range
2020-07-07,1.50,added,,0.54,0.67,False,0.43,1812,2020-07-06,2,3174.50,3132.50,3160.50,3171.00,3157.50,day,1,3174.50,3155.00,3163.50,3168.00,3157.50,below_range
2020-07-08,1.50,start,migration,0.00,,,,1813,2020-07-08,1,3162.25,3126.00,3142.50,3156.00,3136.50,composite,2,3174.50,3132.50,3160.50,3171.00,3157.50,below_value
2020-07-09,1.50,added,,0.62,0.53,False,0.64,1813,2020-07-08,2,3170.00,3105.25,3139.50,3156.00,3130.50,day,1,3162.25,3126.00,3142.50,3156.00,3136.50,above_range
2020-07-10,1.50,added,,0.59,0.52,False,0.64,1813,2020-07-08,3,3177.75,3105.25,3142.50,3159.00,3133.50,composite,2,3170.00,3105.25,3139.50,3156.00,3130.50,in_value
2020-07-13,2.00,start,migration,0.00,,,,1814,2020-07-13,1,3226.25,3140.50,3214.00,3224.00,3190.00,composite,3,3177.75,3105.25,3142.50,3159.00,3133.50,above_range
2020-07-14,2.00,start,migration,0.00,,,,1815,2020-07-14,1,3192.25,3119.00,3156.00,3178.00,3140.00,day,1,3226.25,3140.50,3214.00,3224.00,3190.00,below_range
2020-07-15,2.00,start,migration,0.00,,,,1816,2020-07-15,1,3229.75,3192.00,3210.00,3224.00,3206.00,day,1,3192.25,3119.00,3156.00,3178.00,3140.00,above_range
2020-07-16,2.00,start,migration,0.00,,,,1817,2020-07-16,1,3212.00,3190.25,3198.00,3204.00,3190.00,day,1,3229.75,3192.00,3210.00,3224.00,3206.00,below_value
2020-07-17,2.00,start,migration,0.00,,,,1818,2020-07-17,1,3225.25,3196.50,3214.00,3220.00,3206.00,day,1,3212.00,3190.25,3198.00,3204.00,3190.00,above_range
2020-07-20,2.00,start,migration,0.23,,,,1819,2020-07-20,1,3250.50,3205.25,3226.00,3240.00,3214.00,day,1,3225.25,3196.50,3214.00,3220.00,3206.00,in_value
2020-07-21,2.00,start,migration,0.00,,,,1820,2020-07-21,1,3268.75,3239.25,3262.00,3268.00,3254.00,day,1,3250.50,3205.25,3226.00,3240.00,3214.00,above_range
2020-07-22,2.00,added,,0.57,0.56,False,0.60,1820,2020-07-21,2,3271.75,3239.25,3256.00,3266.00,3252.00,day,1,3268.75,3239.25,3262.00,3268.00,3254.00,below_value
2020-07-23,2.00,start,migration,0.32,,,,1821,2020-07-23,1,3271.75,3214.25,3264.00,3272.00,3228.00,composite,2,3271.75,3239.25,3256.00,3266.00,3252.00,in_value
2020-07-24,2.00,start,migration,0.00,,,,1822,2020-07-24,1,3219.25,3191.50,3204.00,3214.00,3200.00,day,1,3271.75,3214.25,3264.00,3272.00,3228.00,below_range
2020-07-27,2.00,start,migration,0.00,,,,1823,2020-07-27,1,3233.75,3207.25,3222.00,3232.00,3214.00,day,1,3219.25,3191.50,3204.00,3214.00,3200.00,above_value
2020-07-28,2.00,added,,0.86,0.59,False,0.60,1823,2020-07-27,2,3236.25,3207.25,3224.00,3234.00,3220.00,day,1,3233.75,3207.25,3222.00,3232.00,3214.00,in_value
2020-07-29,2.00,start,migration,0.18,,,,1824,2020-07-29,1,3257.00,3220.00,3238.00,3252.00,3230.00,composite,2,3236.25,3207.25,3224.00,3234.00,3220.00,in_value
2020-07-30,2.00,start,migration,0.47,,,,1825,2020-07-30,1,3243.75,3195.00,3234.00,3244.00,3214.00,day,1,3257.00,3220.00,3238.00,3252.00,3230.00,below_range
2020-07-31,2.00,added,,0.92,0.54,False,1.00,1825,2020-07-30,2,3265.25,3195.00,3232.00,3246.00,3220.00,day,1,3243.75,3195.00,3234.00,3244.00,3214.00,above_range
2020-08-03,1.50,start,migration,0.00,,,,1826,2020-08-03,1,3295.50,3276.50,3288.00,3292.50,3282.00,composite,2,3265.25,3195.00,3232.00,3246.00,3220.00,above_range
2020-08-04,1.50,added,,0.57,0.56,False,0.60,1826,2020-08-03,2,3300.50,3276.50,3289.50,3294.00,3283.50,day,1,3295.50,3276.50,3288.00,3292.50,3282.00,below_value
2020-08-05,1.50,start,migration,0.00,,,,1827,2020-08-05,1,3323.25,3311.25,3318.00,3322.50,3315.00,composite,2,3300.50,3276.50,3289.50,3294.00,3283.50,above_range
2020-08-06,1.50,start,migration,0.39,,,,1828,2020-08-06,1,3344.00,3310.50,3322.50,3330.00,3310.50,day,1,3323.25,3311.25,3318.00,3322.50,3315.00,below_value
2020-08-07,1.50,start,migration,0.11,,,,1829,2020-08-07,1,3346.75,3322.25,3337.50,3342.00,3328.50,day,1,3344.00,3310.50,3322.50,3330.00,3310.50,above_value
2020-08-10,1.50,start,migration,0.00,,,,1830,2020-08-10,1,3357.25,3329.00,3349.50,3357.00,3343.50,day,1,3346.75,3322.25,3337.50,3342.00,3328.50,above_range
2020-08-11,1.50,start,migration,0.08,,,,1831,2020-08-11,1,3374.75,3319.50,3367.50,3375.00,3355.50,day,1,3357.25,3329.00,3349.50,3357.00,3343.50,above_range
2020-08-12,1.50,skipped_shape,,0.56,0.80,False,0.56,1831,2020-08-11,1,3374.75,3319.50,3367.50,3375.00,3355.50,day,1,3374.75,3319.50,3367.50,3375.00,3355.50,below_value
2020-08-13,1.50,skipped_shape,,0.56,0.82,False,1.00,1831,2020-08-11,1,3374.75,3319.50,3367.50,3375.00,3355.50,older_day,1,3374.75,3319.50,3367.50,3375.00,3355.50,in_value
2020-08-14,1.50,skipped_shape,,1.00,0.88,False,0.71,1831,2020-08-11,1,3374.75,3319.50,3367.50,3375.00,3355.50,older_day,1,3374.75,3319.50,3367.50,3375.00,3355.50,in_value
2020-08-17,1.00,start,migration,0.00,,,,1832,2020-08-17,1,3382.75,3374.00,3379.00,3382.00,3377.00,older_day,1,3374.75,3319.50,3367.50,3375.00,3355.50,above_range
2020-08-18,1.00,start,migration,0.31,,,,1833,2020-08-18,1,3390.75,3365.25,3386.00,3391.00,3378.00,day,1,3382.75,3374.00,3379.00,3382.00,3377.00,above_value
2020-08-19,1.00,added,,0.73,0.69,False,0.78,1833,2020-08-18,2,3395.75,3365.25,3386.00,3393.00,3378.00,day,1,3390.75,3365.25,3386.00,3391.00,3378.00,in_value
2020-08-20,1.00,start,migration,0.20,,,,1834,2020-08-20,1,3387.00,3351.25,3374.00,3381.00,3366.00,composite,2,3395.75,3365.25,3386.00,3393.00,3378.00,below_range
2020-08-21,1.00,start,migration,0.18,,,,1835,2020-08-21,1,3396.25,3374.75,3385.00,3390.00,3379.00,day,1,3387.00,3351.25,3374.00,3381.00,3366.00,in_value
2020-08-24,1.00,start,migration,0.00,,,,1836,2020-08-24,1,3429.50,3409.50,3417.00,3420.00,3413.00,day,1,3396.25,3374.75,3385.00,3390.00,3379.00,above_range
2020-08-25,1.00,start,migration,0.00,,,,1837,2020-08-25,1,3441.50,3421.75,3430.00,3435.00,3424.00,day,1,3429.50,3409.50,3417.00,3420.00,3413.00,above_range
2020-08-26,1.00,start,migration,0.00,,,,1838,2020-08-26,1,3478.00,3441.00,3468.00,3479.00,3460.00,day,1,3441.50,3421.75,3430.00,3435.00,3424.00,above_range
2020-08-27,1.00,start,migration,0.06,,,,1839,2020-08-27,1,3498.25,3464.75,3488.00,3495.00,3478.00,day,1,3478.00,3441.00,3468.00,3479.00,3460.00,above_range
2020-08-28,1.00,added,,0.82,0.66,False,0.46,1839,2020-08-27,2,3506.75,3464.75,3492.00,3497.00,3482.00,day,1,3498.25,3464.75,3488.00,3495.00,3478.00,in_value
2020-08-31,1.00,start,migration,0.00,,,,1840,2020-08-31,1,3513.00,3490.25,3502.00,3507.00,3498.00,composite,2,3506.75,3464.75,3492.00,3497.00,3482.00,above_value
2020-09-01,1.00,start,migration,0.23,,,,1841,2020-09-01,1,3526.50,3491.75,3508.00,3517.00,3504.00,day,1,3513.00,3490.25,3502.00,3507.00,3498.00,in_value
2020-09-02,1.00,start,migration,0.00,,,,1842,2020-09-02,1,3587.00,3533.75,3546.00,3565.00,3536.00,day,1,3526.50,3491.75,3508.00,3517.00,3504.00,above_range
2020-09-03,1.00,start,migration,0.00,,,,1843,2020-09-03,1,3563.50,3424.50,3458.00,3493.00,3430.00,day,1,3587.00,3533.75,3546.00,3565.00,3536.00,in_value
2020-09-04,1.00,start,migration,0.01,,,,1844,2020-09-04,1,3477.25,3347.75,3400.00,3431.00,3356.00,day,1,3563.50,3424.50,3458.00,3493.00,3430.00,in_value
2020-09-08,1.00,added,,0.64,0.26,False,0.67,1844,2020-09-04,2,3477.25,3327.50,3365.00,3408.00,3337.00,day,1,3477.25,3347.75,3400.00,3431.00,3356.00,in_value
2020-09-09,1.00,start,migration,0.48,,,,1845,2020-09-09,1,3424.00,3365.00,3411.00,3422.00,3395.00,composite,2,3477.25,3327.50,3365.00,3408.00,3337.00,in_value
2020-09-10,1.00,start,migration,0.41,,,,1846,2020-09-10,1,3424.25,3327.25,3390.00,3425.00,3360.00,day,1,3424.00,3365.00,3411.00,3422.00,3395.00,in_value
2020-09-11,1.00,start,migration,0.00,,,,1847,2020-09-11,1,3368.50,3308.75,3345.00,3360.00,3327.00,day,1,3424.25,3327.25,3390.00,3425.00,3360.00,below_value
2020-09-14,1.00,start,roll,,,,,1848,2020-09-14,1,3392.50,3358.25,3376.00,3389.00,3372.00,none,0,,,,,,
2020-09-15,1.00,start,migration,0.00,,,,1849,2020-09-15,1,3409.00,3378.50,3403.00,3408.00,3395.00,day,1,3392.50,3358.25,3376.00,3389.00,3372.00,above_range
2020-09-16,1.00,added,,0.77,0.61,False,0.78,1849,2020-09-15,2,3419.50,3373.75,3401.00,3408.00,3393.00,day,1,3409.00,3378.50,3403.00,3408.00,3395.00,in_value
2020-09-17,1.00,start,migration,0.00,,,,1850,2020-09-17,1,3365.25,3317.75,3333.00,3346.00,3319.00,composite,2,3419.50,3373.75,3401.00,3408.00,3393.00,below_range
2020-09-18,1.00,added,,0.57,0.61,False,0.71,1850,2020-09-17,2,3365.25,3280.75,3332.00,3353.00,3318.00,day,1,3365.25,3317.75,3333.00,3346.00,3319.00,above_value
2020-09-21,1.50,start,migration,0.00,,,,1851,2020-09-21,1,3271.50,3217.75,3238.50,3249.00,3223.50,composite,2,3365.25,3280.75,3332.00,3353.00,3318.00,below_range
2020-09-22,1.50,start,migration,0.00,,,,1852,2020-09-22,1,3309.50,3258.75,3282.00,3292.50,3267.00,day,1,3271.50,3217.75,3238.50,3249.00,3223.50,above_range
2020-09-23,1.50,start,migration,0.44,,,,1853,2020-09-23,1,3312.50,3221.00,3277.50,3312.00,3253.50,day,1,3309.50,3258.75,3282.00,3292.50,3267.00,above_value
2020-09-24,1.50,start,migration,0.00,,,,1854,2020-09-24,1,3268.25,3198.00,3228.00,3250.50,3219.00,day,1,3312.50,3221.00,3277.50,3312.00,3253.50,below_range
2020-09-25,1.50,skipped_daytype,,0.68,,,,1854,2020-09-24,1,3268.25,3198.00,3228.00,3250.50,3219.00,day,1,3268.25,3198.00,3228.00,3250.50,3219.00,in_value
2020-09-28,1.50,start,migration,0.00,,,,1855,2020-09-28,1,3350.75,3321.75,3337.50,3348.00,3331.50,older_day,1,3268.25,3198.00,3228.00,3250.50,3219.00,above_range
2020-09-29,1.50,added,,0.55,0.59,False,0.71,1855,2020-09-28,2,3350.75,3316.50,3336.00,3346.50,3330.00,day,1,3350.75,3321.75,3337.50,3348.00,3331.50,in_value
2020-09-30,1.50,start,migration,0.00,,,,1856,2020-09-30,1,3384.00,3329.25,3361.50,3375.00,3346.50,composite,2,3350.75,3316.50,3336.00,3346.50,3330.00,in_value
2020-10-01,1.50,added,,1.00,0.66,False,0.56,1856,2020-09-30,2,3387.50,3329.25,3367.50,3375.00,3355.50,day,1,3384.00,3329.25,3361.50,3375.00,3346.50,above_value
2020-10-02,1.50,start,migration,0.15,,,,1857,2020-10-02,1,3359.50,3311.50,3348.00,3358.50,3339.00,composite,2,3387.50,3329.25,3367.50,3375.00,3355.50,below_range
2020-10-05,2.00,start,migration,0.00,,,,1858,2020-10-05,1,3400.00,3360.50,3382.00,3396.00,3370.00,day,1,3359.50,3311.50,3348.00,3358.50,3339.00,above_range
2020-10-06,2.00,start,migration,0.48,,,,1859,2020-10-06,1,3421.75,3343.75,3402.00,3420.00,3374.00,day,1,3400.00,3360.50,3382.00,3396.00,3370.00,above_value
2020-10-07,2.00,added,,1.00,0.66,False,0.46,1859,2020-10-06,2,3421.75,3343.75,3394.00,3416.00,3386.00,day,1,3421.75,3343.75,3402.00,3420.00,3374.00,in_value
2020-10-08,2.00,start,migration,0.00,,,,1860,2020-10-08,1,3438.75,3418.75,3432.00,3438.00,3428.00,composite,2,3421.75,3343.75,3394.00,3416.00,3386.00,above_range
2020-10-09,2.00,start,migration,0.00,,,,1861,2020-10-09,1,3474.00,3449.50,3464.00,3470.00,3456.00,day,1,3438.75,3418.75,3432.00,3438.00,3428.00,above_range
2020-10-12,2.00,start,migration,0.00,,,,1862,2020-10-12,1,3541.00,3491.25,3532.00,3542.00,3516.00,day,1,3474.00,3449.50,3464.00,3470.00,3456.00,above_range
2020-10-13,2.00,start,migration,0.11,,,,1863,2020-10-13,1,3524.75,3491.50,3512.00,3518.00,3500.00,day,1,3541.00,3491.25,3532.00,3542.00,3516.00,in_value
2020-10-14,2.00,start,migration,0.12,,,,1864,2020-10-14,1,3520.25,3472.00,3482.00,3504.00,3472.00,day,1,3524.75,3491.50,3512.00,3518.00,3500.00,in_value
2020-10-15,2.00,start,migration,0.00,,,,1865,2020-10-15,1,3481.00,3431.50,3454.00,3472.00,3446.00,day,1,3520.25,3472.00,3482.00,3504.00,3472.00,below_range
2020-10-16,2.00,start,migration,0.00,,,,1866,2020-10-16,1,3508.50,3472.00,3490.00,3500.00,3486.00,day,1,3481.00,3431.50,3454.00,3472.00,3446.00,above_range
2020-10-19,2.00,start,migration,0.00,,,,1867,2020-10-19,1,3493.75,3410.75,3460.00,3486.00,3440.00,day,1,3508.50,3472.00,3490.00,3500.00,3486.00,in_value
2020-10-20,2.00,added,,0.69,0.44,False,0.64,1867,2020-10-19,2,3493.75,3410.75,3446.00,3468.00,3434.00,day,1,3493.75,3410.75,3460.00,3486.00,3440.00,below_value
2020-10-21,2.00,added,,0.73,0.37,False,0.78,1867,2020-10-19,3,3493.75,3410.75,3440.00,3458.00,3428.00,composite,2,3493.75,3410.75,3446.00,3468.00,3434.00,below_value
2020-10-22,2.00,added,,0.69,0.42,False,1.00,1867,2020-10-19,4,3493.75,3406.75,3442.00,3460.00,3426.00,composite,3,3493.75,3410.75,3440.00,3458.00,3428.00,in_value
2020-10-23,2.00,added,,1.00,0.47,False,0.46,1867,2020-10-19,5,3493.75,3406.75,3446.00,3456.00,3426.00,composite,4,3493.75,3406.75,3442.00,3460.00,3426.00,in_value
2020-10-26,2.00,start,migration,0.00,,,,1868,2020-10-26,1,3430.00,3356.00,3386.00,3396.00,3366.00,composite,5,3493.75,3406.75,3446.00,3456.00,3426.00,below_value
2020-10-27,2.00,added,,0.71,0.41,False,0.71,1868,2020-10-26,2,3430.00,3356.00,3386.00,3400.00,3378.00,day,1,3430.00,3356.00,3386.00,3396.00,3366.00,above_value
2020-10-28,2.00,start,migration,0.00,,,,1869,2020-10-28,1,3328.25,3260.75,3284.00,3298.00,3276.00,composite,2,3430.00,3356.00,3386.00,3400.00,3378.00,below_range
2020-10-29,2.00,start,migration,0.48,,,,1870,2020-10-29,1,3333.75,3250.25,3290.00,3316.00,3270.00,day,1,3328.25,3260.75,3284.00,3298.00,3276.00,below_value
2020-10-30,2.00,start,migration,0.00,,,,1871,2020-10-30,1,3296.25,3225.00,3246.00,3260.00,3230.00,day,1,3333.75,3250.25,3290.00,3316.00,3270.00,in_value
2020-11-02,2.00,start,migration,0.00,,,,1872,2020-11-02,1,3323.50,3272.00,3300.00,3310.00,3284.00,day,1,3296.25,3225.00,3246.00,3260.00,3230.00,above_range
2020-11-03,2.00,start,migration,0.00,,,,1873,2020-11-03,1,3382.75,3331.50,3360.00,3378.00,3352.00,day,1,3323.50,3272.00,3300.00,3310.00,3284.00,above_range
2020-11-04,2.00,start,migration,0.00,,,,1874,2020-11-04,1,3480.00,3395.75,3454.00,3472.00,3438.00,day,1,3382.75,3331.50,3360.00,3378.00,3352.00,above_range
2020-11-05,2.00,start,migration,0.00,,,,1875,2020-11-05,1,3522.50,3488.75,3508.00,3518.00,3500.00,day,1,3480.00,3395.75,3454.00,3472.00,3438.00,above_range
2020-11-06,2.00,added,,0.56,0.60,False,0.71,1875,2020-11-05,2,3522.50,3476.50,3504.00,3514.00,3492.00,day,1,3522.50,3488.75,3508.00,3518.00,3500.00,below_value
2020-11-09,2.00,start,migration,0.00,,,,1876,2020-11-09,1,3645.25,3541.25,3594.00,3624.00,3590.00,composite,2,3522.50,3476.50,3504.00,3514.00,3492.00,above_range
2020-11-10,2.00,start,migration,0.00,,,,1877,2020-11-10,1,3552.50,3506.50,3536.00,3550.00,3528.00,day,1,3645.25,3541.25,3594.00,3624.00,3590.00,below_range
2020-11-11,2.00,start,migration,0.00,,,,1878,2020-11-11,1,3576.75,3551.25,3562.00,3572.00,3554.00,day,1,3552.50,3506.50,3536.00,3550.00,3528.00,above_range
2020-11-12,2.00,start,migration,0.00,,,,1879,2020-11-12,1,3565.25,3513.00,3526.00,3552.00,3514.00,day,1,3576.75,3551.25,3562.00,3572.00,3554.00,in_value
2020-11-13,2.00,start,migration,0.00,,,,1880,2020-11-13,1,3590.00,3547.50,3570.00,3576.00,3554.00,day,1,3565.25,3513.00,3526.00,3552.00,3514.00,above_value
2020-11-16,2.00,start,migration,0.00,,,,1881,2020-11-16,1,3626.50,3596.75,3610.00,3620.00,3602.00,day,1,3590.00,3547.50,3570.00,3576.00,3554.00,above_range
2020-11-17,2.00,added,,0.73,0.57,False,1.00,1881,2020-11-16,2,3626.50,3584.25,3608.00,3618.00,3600.00,day,1,3626.50,3596.75,3610.00,3620.00,3602.00,below_value
2020-11-18,2.00,added,,0.61,0.74,False,0.71,1881,2020-11-16,3,3626.50,3563.00,3610.00,3620.00,3598.00,composite,2,3626.50,3584.25,3608.00,3618.00,3600.00,in_value
2020-11-19,2.00,start,migration,0.00,,,,1882,2020-11-19,1,3582.75,3542.25,3562.00,3568.00,3550.00,composite,3,3626.50,3563.00,3610.00,3620.00,3598.00,below_range
2020-11-20,2.00,start,migration,0.20,,,,1883,2020-11-20,1,3577.50,3552.75,3570.00,3576.00,3566.00,day,1,3582.75,3542.25,3562.00,3568.00,3550.00,above_value
2020-11-23,2.00,start,migration,0.46,,,,1884,2020-11-23,1,3588.00,3548.75,3566.00,3580.00,3558.00,day,1,3577.50,3552.75,3570.00,3576.00,3566.00,in_value
2020-11-24,2.00,start,migration,0.00,,,,1885,2020-11-24,1,3638.75,3593.25,3628.00,3638.00,3616.00,day,1,3588.00,3548.75,3566.00,3580.00,3558.00,above_range
2020-11-25,2.00,added,,1.00,0.69,False,0.60,1885,2020-11-24,2,3638.75,3593.25,3624.00,3634.00,3620.00,day,1,3638.75,3593.25,3628.00,3638.00,3616.00,in_value
2020-11-27,2.00,start,migration,0.20,,,,1886,2020-11-27,1,3642.75,3626.25,3636.00,3642.00,3632.00,composite,2,3638.75,3593.25,3624.00,3634.00,3620.00,above_value
2020-11-30,2.00,start,migration,0.00,,,,1887,2020-11-30,1,3631.50,3592.25,3610.00,3624.00,3606.00,day,1,3642.75,3626.25,3636.00,3642.00,3632.00,below_value
2020-12-01,2.00,start,migration,0.00,,,,1888,2020-12-01,1,3677.50,3650.25,3664.00,3674.00,3660.00,day,1,3631.50,3592.25,3610.00,3624.00,3606.00,above_range
2020-12-02,2.00,added,,0.57,0.58,False,0.60,1888,2020-12-01,2,3677.50,3642.25,3662.00,3672.00,3658.00,day,1,3677.50,3650.25,3664.00,3674.00,3660.00,below_range
2020-12-03,2.00,start,migration,0.43,,,,1889,2020-12-03,1,3682.00,3655.25,3670.00,3680.00,3666.00,composite,2,3677.50,3642.25,3662.00,3672.00,3658.00,in_value
2020-12-04,2.00,start,migration,0.00,,,,1890,2020-12-04,1,3699.00,3672.25,3690.00,3696.00,3686.00,day,1,3682.00,3655.25,3670.00,3680.00,3666.00,in_value
2020-12-07,1.50,skipped_shape,,0.78,0.71,False,0.14,1890,2020-12-04,1,3699.00,3672.25,3690.00,3694.50,3684.00,day,1,3699.00,3672.25,3690.00,3696.00,3686.00,in_value
2020-12-08,1.50,start,migration,0.33,,,,1891,2020-12-08,1,3708.00,3676.50,3699.00,3709.50,3687.00,older_day,1,3699.00,3672.25,3690.00,3694.50,3684.00,below_value
2020-12-09,1.50,start,migration,0.22,,,,1892,2020-12-09,1,3710.50,3659.50,3672.00,3694.50,3660.00,day,1,3708.00,3676.50,3699.00,3709.50,3687.00,above_range
2020-12-10,1.50,added,,1.00,0.41,False,0.56,1892,2020-12-09,2,3710.50,3644.00,3670.50,3678.00,3658.50,day,1,3710.50,3659.50,3672.00,3694.50,3660.00,below_range
2020-12-11,1.50,start,migration,0.15,,,,1893,2020-12-11,1,3665.50,3632.25,3645.00,3661.50,3642.00,composite,2,3710.50,3644.00,3670.50,3678.00,3658.50,below_value
2020-12-14,1.50,start,roll,,,,,1894,2020-12-14,1,3691.50,3637.50,3663.00,3682.50,3651.00,none,0,,,,,,
2020-12-15,1.50,added,,0.77,0.47,False,0.54,1894,2020-12-14,2,3691.50,3637.50,3663.00,3682.50,3654.00,day,1,3691.50,3637.50,3663.00,3682.50,3651.00,in_value
2020-12-16,1.50,start,migration,0.00,,,,1895,2020-12-16,1,3704.50,3681.25,3691.50,3696.00,3685.50,composite,2,3691.50,3637.50,3663.00,3682.50,3654.00,above_value
2020-12-17,1.50,start,migration,0.00,,,,1896,2020-12-17,1,3717.00,3702.00,3708.00,3712.50,3705.00,day,1,3704.50,3681.25,3691.50,3696.00,3685.50,above_range
2020-12-18,1.50,start,migration,0.00,,,,1897,2020-12-18,1,3718.50,3677.25,3696.00,3700.50,3681.00,day,1,3717.00,3702.00,3708.00,3712.50,3705.00,above_value
2020-12-21,1.50,start,migration,0.26,,,,1898,2020-12-21,1,3694.25,3625.00,3681.00,3691.50,3651.00,day,1,3718.50,3677.25,3696.00,3700.50,3681.00,below_range
2020-12-22,1.50,skipped_shape,,1.00,0.84,False,0.33,1898,2020-12-21,1,3694.25,3625.00,3681.00,3691.50,3651.00,day,1,3694.25,3625.00,3681.00,3691.50,3651.00,in_value
2020-12-23,1.50,start,migration,0.29,,,,1899,2020-12-23,1,3701.75,3679.25,3694.50,3699.00,3688.50,older_day,1,3694.25,3625.00,3681.00,3691.50,3651.00,in_value
2020-12-24,1.50,added,,0.57,0.72,False,0.43,1899,2020-12-23,2,3701.75,3679.25,3694.50,3699.00,3685.50,day,1,3701.75,3679.25,3694.50,3699.00,3688.50,below_value
2020-12-28,1.00,start,migration,0.00,,,,1900,2020-12-28,1,3732.25,3716.00,3727.00,3730.00,3723.00,composite,2,3701.75,3679.25,3694.50,3699.00,3685.50,above_range
2020-12-29,1.00,start,migration,0.41,,,,1901,2020-12-29,1,3746.25,3714.50,3723.00,3732.00,3715.00,day,1,3732.25,3716.00,3727.00,3730.00,3723.00,above_range
2020-12-30,1.00,added,,0.73,0.47,False,0.56,1901,2020-12-29,2,3746.25,3714.50,3729.00,3734.00,3721.00,day,1,3746.25,3714.50,3723.00,3732.00,3715.00,in_value
2020-12-31,1.00,skipped_daytype,,0.77,,,,1901,2020-12-29,2,3746.25,3714.50,3729.00,3734.00,3721.00,composite,2,3746.25,3714.50,3729.00,3734.00,3721.00,in_value
2021-01-04,1.00,start,migration,0.00,,,,1902,2021-01-04,1,3760.00,3652.50,3685.00,3700.00,3655.00,composite,2,3746.25,3714.50,3729.00,3734.00,3721.00,above_range
2021-01-05,1.00,start,migration,0.30,,,,1903,2021-01-05,1,3730.00,3685.25,3708.00,3719.00,3692.00,day,1,3760.00,3652.50,3685.00,3700.00,3655.00,in_value
2021-01-06,1.00,start,migration,0.00,,,,1904,2021-01-06,1,3774.75,3695.75,3762.00,3771.00,3738.00,day,1,3730.00,3685.25,3708.00,3719.00,3692.00,in_value
2021-01-07,1.00,start,migration,0.00,,,,1905,2021-01-07,1,3804.00,3763.75,3794.00,3801.00,3788.00,day,1,3774.75,3695.75,3762.00,3771.00,3738.00,in_value
2021-01-08,1.00,start,migration,0.42,,,,1906,2021-01-08,1,3819.25,3775.00,3803.00,3812.00,3793.00,day,1,3804.00,3763.75,3794.00,3801.00,3788.00,above_range
2021-01-11,1.00,added,,0.85,0.57,False,1.00,1906,2021-01-08,2,3819.25,3775.00,3800.00,3811.00,3790.00,day,1,3819.25,3775.00,3803.00,3812.00,3793.00,below_value
2021-01-12,1.00,added,,0.60,0.49,False,0.54,1906,2021-01-08,3,3819.25,3768.00,3793.00,3806.00,3787.00,composite,2,3819.25,3775.00,3800.00,3811.00,3790.00,in_value
2021-01-13,1.00,added,,0.69,0.55,False,0.54,1906,2021-01-08,4,3819.25,3768.00,3796.00,3809.00,3790.00,composite,3,3819.25,3768.00,3793.00,3806.00,3787.00,in_value
2021-01-14,1.00,added,,0.55,0.55,False,0.33,1906,2021-01-08,5,3819.25,3768.00,3796.00,3811.00,3792.00,composite,4,3819.25,3768.00,3796.00,3809.00,3790.00,above_value
2021-01-15,1.00,start,migration,0.00,,,,1907,2021-01-15,1,3780.50,3741.50,3769.00,3778.00,3761.00,composite,5,3819.25,3768.00,3796.00,3811.00,3792.00,below_value
2021-01-19,1.50,start,migration,0.00,,,,1908,2021-01-19,1,3797.00,3772.25,3792.00,3796.50,3780.00,day,1,3780.50,3741.50,3769.00,3778.00,3761.00,above_range
2021-01-20,1.50,start,migration,0.00,,,,1909,2021-01-20,1,3852.50,3811.25,3841.50,3849.00,3826.50,day,1,3797.00,3772.25,3792.00,3796.50,3780.00,above_range
2021-01-21,1.50,skipped_shape,,0.57,0.78,False,0.71,1909,2021-01-20,1,3852.50,3811.25,3841.50,3849.00,3826.50,day,1,3852.50,3811.25,3841.50,3849.00,3826.50,above_value
2021-01-22,1.50,added,,1.00,0.60,False,0.71,1909,2021-01-20,2,3852.50,3811.25,3835.50,3846.00,3829.50,older_day,1,3852.50,3811.25,3841.50,3849.00,3826.50,below_value
2021-01-25,1.50,skipped_shape,,0.52,0.76,False,0.78,1909,2021-01-20,2,3852.50,3811.25,3835.50,3846.00,3829.50,composite,2,3852.50,3811.25,3835.50,3846.00,3829.50,in_value
2021-01-26,1.50,start,migration,0.14,,,,1910,2021-01-26,1,3862.25,3840.00,3847.50,3855.00,3844.50,composite,2,3852.50,3811.25,3835.50,3846.00,3829.50,above_range
2021-01-27,1.50,start,migration,0.00,,,,1911,2021-01-27,1,3806.75,3723.25,3783.00,3799.50,3762.00,day,1,3862.25,3840.00,3847.50,3855.00,3844.50,below_range
2021-01-28,1.50,start,migration,0.30,,,,1912,2021-01-28,1,3823.50,3762.50,3801.00,3823.50,3789.00,day,1,3806.75,3723.25,3783.00,3799.50,3762.00,in_value
2021-01-29,1.50,start,migration,0.00,,,,1913,2021-01-29,1,3770.25,3685.50,3711.00,3742.50,3690.00,day,1,3823.50,3762.50,3801.00,3823.50,3789.00,below_range
2021-02-01,1.50,start,migration,0.15,,,,1914,2021-02-01,1,3777.00,3717.25,3763.50,3777.00,3736.50,day,1,3770.25,3685.50,3711.00,3742.50,3690.00,in_value
2021-02-02,1.50,start,migration,0.00,,,,1915,2021-02-02,1,3835.75,3799.00,3828.00,3835.50,3822.00,day,1,3777.00,3717.25,3763.50,3777.00,3736.50,above_range
2021-02-03,1.50,added,,0.73,0.71,False,0.71,1915,2021-02-02,2,3840.00,3799.00,3828.00,3835.50,3819.00,day,1,3835.75,3799.00,3828.00,3835.50,3822.00,in_value
2021-02-04,1.50,start,migration,0.00,,,,1916,2021-02-04,1,3865.75,3830.50,3853.50,3858.00,3841.50,composite,2,3840.00,3799.00,3828.00,3835.50,3819.00,in_value
2021-02-05,1.50,start,migration,0.00,,,,1917,2021-02-05,1,3888.25,3868.50,3880.50,3885.00,3874.50,day,1,3865.75,3830.50,3853.50,3858.00,3841.50,above_range
2021-02-08,1.50,start,migration,0.00,,,,1918,2021-02-08,1,3909.25,3887.00,3895.50,3903.00,3892.50,day,1,3888.25,3868.50,3880.50,3885.00,3874.50,above_range
2021-02-09,1.50,start,migration,0.22,,,,1919,2021-02-09,1,3912.25,3895.00,3906.00,3913.50,3900.00,day,1,3909.25,3887.00,3895.50,3903.00,3892.50,in_value
2021-02-10,1.50,start,migration,0.46,,,,1920,2021-02-10,1,3926.00,3878.25,3898.50,3909.00,3889.50,day,1,3912.25,3895.00,3906.00,3913.50,3900.00,above_range
2021-02-11,1.50,added,,0.77,0.44,False,0.56,1920,2021-02-10,2,3926.00,3878.25,3898.50,3912.00,3892.50,day,1,3926.00,3878.25,3898.50,3909.00,3889.50,above_value
2021-02-12,1.50,start,migration,0.44,,,,1921,2021-02-12,1,3932.75,3901.00,3915.00,3919.50,3906.00,composite,2,3926.00,3878.25,3898.50,3912.00,3892.50,in_value
2021-02-16,1.50,start,migration,0.00,,,,1922,2021-02-16,1,3945.00,3918.75,3931.50,3939.00,3925.50,day,1,3932.75,3901.00,3915.00,3919.50,3906.00,above_range
2021-02-17,1.50,start,migration,0.00,,,,1923,2021-02-17,1,3930.00,3896.50,3915.00,3922.50,3903.00,day,1,3945.00,3918.75,3931.50,3939.00,3925.50,below_range
2021-02-18,1.50,start,migration,0.27,,,,1924,2021-02-18,1,3918.50,3880.50,3895.50,3909.00,3886.50,day,1,3930.00,3896.50,3915.00,3922.50,3903.00,below_value
2021-02-19,1.50,start,migration,0.39,,,,1925,2021-02-19,1,3927.25,3898.75,3910.50,3921.00,3901.50,day,1,3918.50,3880.50,3895.50,3909.00,3886.50,above_range
2021-02-22,1.50,start,migration,0.00,,,,1926,2021-02-22,1,3899.25,3870.00,3883.50,3891.00,3871.50,day,1,3927.25,3898.75,3910.50,3921.00,3901.50,below_range
2021-02-23,1.50,start,migration,0.00,,,,1927,2021-02-23,1,3892.25,3804.75,3846.00,3862.50,3828.00,day,1,3899.25,3870.00,3883.50,3891.00,3871.50,below_range
2021-02-24,1.50,start,migration,0.00,,,,1928,2021-02-24,1,3925.75,3855.50,3916.50,3927.00,3883.50,day,1,3892.25,3804.75,3846.00,3862.50,3828.00,above_value
2021-02-25,1.50,start,migration,0.00,,,,1929,2021-02-25,1,3921.75,3810.25,3849.00,3874.50,3819.00,day,1,3925.75,3855.50,3916.50,3927.00,3883.50,in_value
2021-02-26,1.50,added,,0.91,0.41,False,0.58,1929,2021-02-25,2,3921.75,3785.00,3840.00,3856.50,3813.00,day,1,3921.75,3810.25,3849.00,3874.50,3819.00,in_value
2021-03-01,1.50,start,migration,0.00,,,,1930,2021-03-01,1,3912.00,3858.00,3892.50,3909.00,3883.50,composite,2,3921.75,3785.00,3840.00,3856.50,3813.00,above_value
2021-03-02,1.50,added,,0.69,0.64,False,0.46,1930,2021-03-01,2,3912.00,3858.00,3892.50,3900.00,3877.50,day,1,3912.00,3858.00,3892.50,3909.00,3883.50,in_value
2021-03-03,1.50,start,migration,0.00,,,,1931,2021-03-03,1,3870.50,3815.50,3844.50,3858.00,3832.50,composite,2,3912.00,3858.00,3892.50,3900.00,3877.50,below_value
2021-03-04,1.50,start,migration,0.00,,,,1932,2021-03-04,1,3842.25,3720.50,3769.50,3807.00,3720.00,day,1,3870.50,3815.50,3844.50,3858.00,3832.50,below_range
2021-03-05,1.50,added,,0.88,0.33,False,0.37,1932,2021-03-04,2,3850.00,3720.50,3762.00,3814.50,3744.00,day,1,3842.25,3720.50,3769.50,3807.00,3720.00,in_value
2021-03-08,1.50,start,migration,0.00,,,,1933,2021-03-08,1,3878.75,3816.25,3861.00,3874.50,3843.00,composite,2,3850.00,3720.50,3762.00,3814.50,3744.00,above_value
2021-03-09,1.50,start,migration,0.00,,,,1934,2021-03-09,1,3901.25,3855.25,3891.00,3901.50,3882.00,day,1,3878.75,3816.25,3861.00,3874.50,3843.00,in_value
2021-03-10,1.50,start,migration,0.44,,,,1935,2021-03-10,1,3916.25,3883.50,3898.50,3909.00,3895.50,day,1,3901.25,3855.25,3891.00,3901.50,3882.00,in_value
2021-03-11,1.50,start,migration,0.00,,,,1936,2021-03-11,1,3958.50,3919.00,3948.00,3955.50,3936.00,day,1,3916.25,3883.50,3898.50,3909.00,3895.50,above_range
2021-03-12,1.50,start,migration,0.00,,,,1937,2021-03-12,1,3944.25,3913.75,3928.50,3936.00,3919.50,day,1,3958.50,3919.00,3948.00,3955.50,3936.00,below_value
2021-03-15,1.50,start,roll,,,,,1938,2021-03-15,1,3959.75,3913.00,3933.00,3946.50,3924.00,none,0,,,,,,
2021-03-16,1.50,start,migration,0.00,,,,1939,2021-03-16,1,3970.75,3942.75,3961.50,3966.00,3952.50,day,1,3959.75,3913.00,3933.00,3946.50,3924.00,above_range
2021-03-17,1.50,start,migration,0.05,,,,1940,2021-03-17,1,3973.50,3925.00,3934.50,3954.00,3925.50,day,1,3970.75,3942.75,3961.50,3966.00,3952.50,below_range
2021-03-18,1.50,added,,1.00,0.47,False,0.47,1940,2021-03-17,2,3973.50,3900.50,3934.50,3957.00,3925.50,day,1,3973.50,3925.00,3934.50,3954.00,3925.50,in_value
2021-03-19,1.50,start,migration,0.00,,,,1941,2021-03-19,1,3919.50,3875.00,3910.50,3918.00,3892.50,composite,2,3973.50,3900.50,3934.50,3957.00,3925.50,below_value
2021-03-22,1.50,start,migration,0.00,,,,1942,2021-03-22,1,3944.50,3903.50,3933.00,3943.50,3921.00,day,1,3919.50,3875.00,3910.50,3918.00,3892.50,in_value
2021-03-23,1.50,added,,0.92,0.66,False,0.78,1942,2021-03-22,2,3944.50,3890.50,3925.50,3939.00,3916.50,day,1,3944.50,3903.50,3933.00,3943.50,3921.00,in_value
2021-03-24,1.50,start,migration,0.47,,,,1943,2021-03-24,1,3931.50,3879.00,3916.50,3927.00,3904.50,composite,2,3944.50,3890.50,3925.50,3939.00,3916.50,below_value
2021-03-25,1.50,start,migration,0.00,,,,1944,2021-03-25,1,3909.50,3843.25,3876.00,3889.50,3855.00,day,1,3931.50,3879.00,3916.50,3927.00,3904.50,below_range
2021-03-26,1.50,start,migration,0.00,,,,1945,2021-03-26,1,3968.00,3906.75,3922.50,3933.00,3910.50,day,1,3909.50,3843.25,3876.00,3889.50,3855.00,above_range
2021-03-29,2.00,start,migration,0.00,,,,1946,2021-03-29,1,3971.25,3931.75,3958.00,3968.00,3942.00,day,1,3968.00,3906.75,3922.50,3933.00,3910.50,above_value
2021-03-30,2.00,added,,0.86,0.41,False,0.71,1946,2021-03-29,2,3971.25,3931.75,3946.00,3960.00,3938.00,day,1,3971.25,3931.75,3958.00,3968.00,3942.00,in_value
2021-03-31,2.00,start,migration,0.00,,,,1947,2021-03-31,1,3983.75,3956.50,3978.00,3984.00,3966.00,composite,2,3971.25,3931.75,3946.00,3960.00,3938.00,in_value
2021-04-01,2.00,start,migration,0.00,,,,1948,2021-04-01,1,4011.00,3985.00,3998.00,4004.00,3990.00,day,1,3983.75,3956.50,3978.00,3984.00,3966.00,above_range
2021-04-05,2.00,start,migration,0.00,,,,1949,2021-04-05,1,4073.75,4037.50,4064.00,4074.00,4060.00,day,1,4011.00,3985.00,3998.00,4004.00,3990.00,above_range
2021-04-06,2.00,skipped_shape,,0.80,0.83,False,0.60,1949,2021-04-05,1,4073.75,4037.50,4064.00,4074.00,4060.00,day,1,4073.75,4037.50,4064.00,4074.00,4060.00,in_value
2021-04-07,2.00,skipped_shape,,1.00,0.82,False,1.00,1949,2021-04-05,1,4073.75,4037.50,4064.00,4074.00,4060.00,older_day,1,4073.75,4037.50,4064.00,4074.00,4060.00,in_value
2021-04-08,2.00,start,migration,0.00,,,,1950,2021-04-08,1,4090.00,4073.00,4082.00,4088.00,4078.00,older_day,1,4073.75,4037.50,4064.00,4074.00,4060.00,above_range
2021-04-09,2.00,start,migration,0.00,,,,1951,2021-04-09,1,4121.50,4086.75,4098.00,4104.00,4090.00,day,1,4090.00,4073.00,4082.00,4088.00,4078.00,in_value
2021-04-12,2.00,start,migration,0.00,,,,1952,2021-04-12,1,4123.75,4106.00,4114.00,4120.00,4110.00,day,1,4121.50,4086.75,4098.00,4104.00,4090.00,above_value
2021-04-13,2.00,start,migration,0.00,,,,1953,2021-04-13,1,4139.75,4115.50,4124.00,4134.00,4120.00,day,1,4123.75,4106.00,4114.00,4120.00,4110.00,in_value
2021-04-14,2.00,added,,0.64,0.38,False,0.43,1953,2021-04-13,2,4144.00,4113.00,4124.00,4138.00,4120.00,day,1,4139.75,4115.50,4124.00,4134.00,4120.00,in_value
2021-04-15,2.00,start,migration,0.00,,,,1954,2021-04-15,1,4166.50,4141.25,4156.00,4162.00,4148.00,composite,2,4144.00,4113.00,4124.00,4138.00,4120.00,above_value
2021-04-16,2.00,start,migration,0.00,,,,1955,2021-04-16,1,4183.50,4161.75,4170.00,4176.00,4166.00,day,1,4166.50,4141.25,4156.00,4162.00,4148.00,above_range
2021-04-19,1.00,start,migration,0.00,,,,1956,2021-04-19,1,4171.50,4141.75,4155.00,4160.00,4145.00,day,1,4183.50,4161.75,4170.00,4176.00,4166.00,in_value
2021-04-20,1.00,start,migration,0.00,,,,1957,2021-04-20,1,4151.00,4110.50,4124.00,4129.00,4112.00,day,1,4171.50,4141.75,4155.00,4160.00,4145.00,below_value
2021-04-21,1.00,start,migration,0.00,,,,1958,2021-04-21,1,4167.25,4117.75,4152.00,4157.00,4136.00,day,1,4151.00,4110.50,4124.00,4129.00,4112.00,in_value
2021-04-22,1.00,added,,0.54,0.64,False,0.90,1958,2021-04-21,2,4171.75,4115.25,4151.00,4168.00,4133.00,day,1,4167.25,4117.75,4152.00,4157.00,4136.00,above_value
2021-04-23,1.00,start,migration,0.37,,,,1959,2021-04-23,1,4186.75,4131.75,4176.00,4185.00,4158.00,composite,2,4171.75,4115.25,4151.00,4168.00,4133.00,below_value
2021-04-26,1.00,skipped_shape,,1.00,0.81,False,0.64,1959,2021-04-23,1,4186.75,4131.75,4176.00,4185.00,4158.00,day,1,4186.75,4131.75,4176.00,4185.00,4158.00,in_value
2021-04-27,1.00,skipped_shape,,1.00,0.81,False,0.78,1959,2021-04-23,1,4186.75,4131.75,4176.00,4185.00,4158.00,older_day,1,4186.75,4131.75,4176.00,4185.00,4158.00,in_value
2021-04-28,1.00,added,,1.00,0.72,False,0.39,1959,2021-04-23,2,4193.75,4131.75,4176.00,4189.00,4172.00,older_day,1,4186.75,4131.75,4176.00,4185.00,4158.00,in_value
2021-04-29,1.00,added,,0.52,0.56,False,0.53,1959,2021-04-23,3,4211.00,4131.75,4176.00,4193.00,4168.00,composite,2,4193.75,4131.75,4176.00,4189.00,4172.00,above_range
2021-04-30,1.00,added,,1.00,0.56,False,0.54,1959,2021-04-23,4,4211.00,4131.75,4176.00,4189.00,4170.00,composite,3,4211.00,4131.75,4176.00,4193.00,4168.00,in_value
2021-05-03,1.00,start,migration,0.27,,,,1960,2021-05-03,1,4202.50,4181.00,4190.00,4197.00,4186.00,composite,4,4211.00,4131.75,4176.00,4189.00,4170.00,above_value
2021-05-04,1.00,start,migration,0.00,,,,1961,2021-05-04,1,4170.25,4120.50,4141.00,4148.00,4129.00,day,1,4202.50,4181.00,4190.00,4197.00,4186.00,below_range
2021-05-05,1.00,start,migration,0.00,,,,1962,2021-05-05,1,4180.00,4153.00,4170.00,4177.00,4162.00,day,1,4170.25,4120.50,4141.00,4148.00,4129.00,above_range
2021-05-06,1.00,added,,0.60,0.55,False,0.82,1962,2021-05-05,2,4195.75,4140.50,4170.00,4179.00,4160.00,day,1,4180.00,4153.00,4170.00,4177.00,4162.00,in_value
2021-05-07,1.00,start,migration,0.00,,,,1963,2021-05-07,1,4232.25,4195.50,4224.00,4231.00,4218.00,composite,2,4195.75,4140.50,4170.00,4179.00,4160.00,above_range
2021-05-10,1.00,start,migration,0.42,,,,1964,2021-05-10,1,4231.00,4181.75,4221.00,4232.00,4201.00,day,1,4232.25,4195.50,4224.00,4231.00,4218.00,in_value
2021-05-11,1.00,start,migration,0.00,,,,1965,2021-05-11,1,4156.25,4103.75,4139.00,4150.00,4129.00,day,1,4231.00,4181.75,4221.00,4232.00,4201.00,below_range
2021-05-12,1.00,start,migration,0.00,,,,1966,2021-05-12,1,4129.00,4051.00,4078.00,4099.00,4060.00,day,1,4156.25,4103.75,4139.00,4150.00,4129.00,below_value
2021-05-13,1.00,start,migration,0.04,,,,1967,2021-05-13,1,4126.75,4073.25,4110.00,4121.00,4098.00,day,1,4129.00,4051.00,4078.00,4099.00,4060.00,in_value
2021-05-14,1.00,start,migration,0.00,,,,1968,2021-05-14,1,4178.25,4134.75,4156.00,4171.00,4144.00,day,1,4126.75,4073.25,4110.00,4121.00,4098.00,above_range
2021-05-17,1.00,added,,0.85,0.37,False,0.82,1968,2021-05-14,2,4178.25,4134.75,4150.00,4161.00,4142.00,day,1,4178.25,4134.75,4156.00,4171.00,4144.00,in_value
2021-05-18,1.00,added,,0.95,0.55,False,0.82,1968,2021-05-14,3,4178.25,4120.50,4152.00,4161.00,4142.00,composite,2,4178.25,4134.75,4150.00,4161.00,4142.00,in_value
2021-05-19,1.00,start,migration,0.00,,,,1969,2021-05-19,1,4113.00,4055.50,4093.00,4106.00,4075.00,composite,3,4178.25,4120.50,4152.00,4161.00,4142.00,below_range
2021-05-20,1.00,start,migration,0.00,,,,1970,2021-05-20,1,4169.25,4119.25,4155.00,4168.00,4145.00,day,1,4113.00,4055.50,4093.00,4106.00,4075.00,above_range
2021-05-21,1.00,skipped_daytype,,0.81,,,,1970,2021-05-20,1,4169.25,4119.25,4155.00,4168.00,4145.00,day,1,4169.25,4119.25,4155.00,4168.00,4145.00,above_range
2021-05-24,1.50,start,migration,0.00,,,,1971,2021-05-24,1,4206.25,4173.50,4194.00,4204.50,4191.00,older_day,1,4169.25,4119.25,4155.00,4168.00,4145.00,above_range
2021-05-25,1.50,added,,0.67,0.58,False,0.71,1971,2021-05-24,2,4210.00,4173.50,4194.00,4201.50,4185.00,day,1,4206.25,4173.50,4194.00,4204.50,4191.00,above_value
2021-05-26,1.50,added,,1.00,0.58,False,0.43,1971,2021-05-24,3,4210.00,4173.50,4194.00,4198.50,4185.00,composite,2,4210.00,4173.50,4194.00,4201.50,4185.00,in_value
2021-05-27,1.50,start,migration,0.29,,,,1972,2021-05-27,1,4210.00,4194.25,4201.50,4206.00,4195.50,composite,3,4210.00,4173.50,4194.00,4198.50,4185.00,above_value
2021-05-28,1.50,start,migration,0.00,,,,1973,2021-05-28,1,4215.50,4201.00,4210.50,4215.00,4207.50,day,1,4210.00,4194.25,4201.50,4206.00,4195.50,above_range
2021-06-01,1.50,start,migration,0.22,,,,1974,2021-06-01,1,4230.00,4195.00,4203.00,4210.50,4197.00,day,1,4215.50,4201.00,4210.50,4215.00,4207.50,above_range
2021-06-02,1.50,skipped_shape,,1.00,0.22,False,0.71,1974,2021-06-01,1,4230.00,4195.00,4203.00,4210.50,4197.00,day,1,4230.00,4195.00,4203.00,4210.50,4197.00,in_value
2021-06-03,1.50,start,migration,0.31,,,,1975,2021-06-03,1,4202.50,4165.25,4192.50,4203.00,4183.50,older_day,1,4230.00,4195.00,4203.00,4210.50,4197.00,below_range
2021-06-04,1.50,start,migration,0.00,,,,1976,2021-06-04,1,4232.00,4209.25,4219.50,4230.00,4216.50,day,1,4202.50,4165.25,4192.50,4203.00,4183.50,above_range
2021-06-07,1.50,added,,0.80,0.47,False,0.60,1976,2021-06-04,2,4232.00,4209.25,4219.50,4227.00,4216.50,day,1,4232.00,4209.25,4219.50,4230.00,4216.50,in_value
2021-06-08,1.50,added,,0.67,0.50,False,0.43,1976,2021-06-04,3,4235.00,4205.75,4219.50,4230.00,4216.50,composite,2,4232.00,4209.25,4219.50,4227.00,4216.50,above_range
2021-06-09,1.50,added,,0.60,0.50,False,0.43,1976,2021-06-04,4,4235.00,4205.75,4219.50,4230.00,4216.50,composite,3,4235.00,4205.75,4219.50,4230.00,4216.50,above_value
2021-06-10,1.50,start,migration,0.00,,,,1977,2021-06-10,1,4249.00,4218.25,4237.50,4245.00,4231.50,composite,4,4235.00,4205.75,4219.50,4230.00,4216.50,above_value
2021-06-11,1.50,added,,1.00,0.64,False,1.00,1977,2021-06-10,2,4249.00,4218.25,4237.50,4245.00,4231.50,day,1,4249.00,4218.25,4237.50,4245.00,4231.50,in_value
2021-06-14,1.50,start,roll,,,,,1978,2021-06-14,1,4247.50,4224.50,4227.00,4234.50,4224.00,none,0,,,,,,
2021-06-15,1.50,start,migration,0.20,,,,1979,2021-06-15,1,4248.25,4228.25,4236.00,4240.50,4233.00,day,1,4247.50,4224.50,4227.00,4234.50,4224.00,above_range
2021-06-16,1.50,start,migration,0.05,,,,1980,2021-06-16,1,4241.50,4190.25,4224.00,4234.50,4203.00,day,1,4248.25,4228.25,4236.00,4240.50,4233.00,in_value
2021-06-17,1.50,added,,1.00,0.46,False,0.64,1980,2021-06-16,2,4241.50,4185.50,4210.50,4227.00,4201.50,day,1,4241.50,4190.25,4224.00,4234.50,4203.00,in_value
2021-06-18,1.50,start,migration,0.00,,,,1981,2021-06-18,1,4183.75,4151.75,4168.50,4179.00,4165.50,composite,2,4241.50,4185.50,4210.50,4227.00,4201.50,below_range
2021-06-21,1.50,start,migration,0.00,,,,1982,2021-06-21,1,4216.25,4164.75,4206.00,4216.50,4197.00,day,1,4183.75,4151.75,4168.50,4179.00,4165.50,in_value
2021-06-22,1.50,start,migration,0.00,,,,1983,2021-06-22,1,4245.50,4205.75,4228.50,4246.50,4219.50,day,1,4216.25,4164.75,4206.00,4216.50,4197.00,in_value
2021-06-23,1.50,skipped_shape,,1.00,0.84,False,0.33,1983,2021-06-22,1,4245.50,4205.75,4228.50,4246.50,4219.50,day,1,4245.50,4205.75,4228.50,4246.50,4219.50,in_value
2021-06-24,1.50,start,migration,0.00,,,,1984,2021-06-24,1,4260.75,4251.25,4255.50,4260.00,4252.50,older_day,1,4245.50,4205.75,4228.50,4246.50,4219.50,above_range
2021-06-25,1.50,start,migration,0.00,,,,1985,2021-06-25,1,4276.75,4260.75,4267.50,4272.00,4264.50,day,1,4260.75,4251.25,4255.50,4260.00,4252.50,above_range
2021-06-28,1.00,added,,0.56,0.37,False,1.00,1985,2021-06-25,2,4282.00,4260.75,4268.00,4273.00,4264.00,day,1,4276.75,4260.75,4267.50,4272.00,4264.50,above_range
2021-06-29,1.00,start,migration,0.00,,,,1986,2021-06-29,1,4291.00,4277.00,4286.00,4289.00,4280.00,composite,2,4282.00,4260.75,4268.00,4273.00,4264.00,above_range
2021-06-30,1.00,added,,1.00,0.50,False,0.60,1986,2021-06-29,2,4293.75,4277.00,4285.00,4288.00,4281.00,day,1,4291.00,4277.00,4286.00,4289.00,4280.00,below_value
2021-07-01,1.00,start,migration,0.00,,,,1987,2021-07-01,1,4312.00,4293.25,4300.00,4307.00,4296.00,composite,2,4293.75,4277.00,4285.00,4288.00,4281.00,above_range
2021-07-02,1.00,start,migration,0.00,,,,1988,2021-07-02,1,4347.00,4319.00,4338.00,4345.00,4326.00,day,1,4312.00,4293.25,4300.00,4307.00,4296.00,above_range
2021-07-06,1.00,start,migration,0.30,,,,1989,2021-07-06,1,4345.75,4305.25,4316.00,4333.00,4310.00,day,1,4347.00,4319.00,4338.00,4345.00,4326.00,in_value
2021-07-07,1.00,start,migration,0.00,,,,1990,2021-07-07,1,4353.25,4320.25,4343.00,4352.00,4337.00,day,1,4345.75,4305.25,4316.00,4333.00,4310.00,above_value
2021-07-08,1.00,start,migration,0.00,,,,1991,2021-07-08,1,4322.75,4280.25,4315.00,4318.00,4293.00,day,1,4353.25,4320.25,4343.00,4352.00,4337.00,below_range
2021-07-09,1.00,start,migration,0.00,,,,1992,2021-07-09,1,4364.00,4328.25,4352.00,4363.00,4346.00,day,1,4322.75,4280.25,4315.00,4318.00,4293.00,above_range
2021-07-12,1.00,start,migration,0.00,,,,1993,2021-07-12,1,4379.25,4354.75,4370.00,4377.00,4366.00,day,1,4364.00,4328.25,4352.00,4363.00,4346.00,in_value
2021-07-13,1.00,added,,0.65,0.55,False,0.78,1993,2021-07-12,2,4383.75,4354.75,4370.00,4377.00,4362.00,day,1,4379.25,4354.75,4370.00,4377.00,4366.00,in_value
2021-07-14,1.00,added,,1.00,0.53,False,0.78,1993,2021-07-12,3,4384.50,4354.50,4370.00,4377.00,4362.00,composite,2,4383.75,4354.75,4370.00,4377.00,4362.00,above_value
2021-07-15,1.00,start,migration,0.00,,,,1994,2021-07-15,1,4360.75,4332.50,4349.00,4358.00,4343.00,composite,3,4384.50,4354.50,4370.00,4377.00,4362.00,below_range
2021-07-16,1.00,start,migration,0.22,,,,1995,2021-07-16,1,4365.75,4314.25,4341.00,4348.00,4325.00,day,1,4360.75,4332.50,4349.00,4358.00,4343.00,above_range
2021-07-19,1.00,start,migration,0.00,,,,1996,2021-07-19,1,4272.00,4224.00,4238.00,4249.00,4226.00,day,1,4365.75,4314.25,4341.00,4348.00,4325.00,below_range
2021-07-20,1.00,start,migration,0.00,,,,1997,2021-07-20,1,4329.00,4252.75,4318.00,4329.00,4294.00,day,1,4272.00,4224.00,4238.00,4249.00,4226.00,above_value
2021-07-21,1.00,start,migration,0.00,,,,1998,2021-07-21,1,4352.25,4326.00,4340.00,4347.00,4336.00,day,1,4329.00,4252.75,4318.00,4329.00,4294.00,in_value
2021-07-22,1.00,start,migration,0.00,,,,1999,2021-07-22,1,4362.25,4341.50,4351.00,4358.00,4347.00,day,1,4352.25,4326.00,4340.00,4347.00,4336.00,above_value
2021-07-23,1.00,start,migration,0.00,,,,2000,2021-07-23,1,4408.25,4372.50,4400.00,4409.00,4390.00,day,1,4362.25,4341.50,4351.00,4358.00,4347.00,above_range
2021-07-26,1.00,added,,0.64,0.65,False,0.39,2000,2021-07-23,2,4415.00,4372.50,4400.00,4413.00,4396.00,day,1,4408.25,4372.50,4400.00,4409.00,4390.00,in_value
2021-07-27,1.00,start,migration,0.00,,,,2001,2021-07-27,1,4404.00,4364.75,4385.00,4394.00,4371.00,composite,2,4415.00,4372.50,4400.00,4413.00,4396.00,in_value
2021-07-28,1.00,added,,0.54,0.72,False,0.47,2001,2021-07-27,2,4407.75,4364.75,4395.00,4402.00,4381.00,day,1,4404.00,4364.75,4385.00,4394.00,4371.00,above_value
2021-07-29,1.00,start,migration,0.00,,,,2002,2021-07-29,1,4422.50,4402.50,4418.00,4423.00,4414.00,composite,2,4407.75,4364.75,4395.00,4402.00,4381.00,above_value
2021-07-30,1.00,start,migration,0.00,,,,2003,2021-07-30,1,4405.00,4382.25,4391.00,4396.00,4385.00,day,1,4422.50,4402.50,4418.00,4423.00,4414.00,below_range
2021-08-02,1.00,start,migration,0.48,,,,2004,2021-08-02,1,4414.00,4377.25,4393.00,4406.00,4383.00,day,1,4405.00,4382.25,4391.00,4396.00,4385.00,above_range
2021-08-03,1.00,skipped_shape,,0.51,0.50,True,0.88,2004,2021-08-02,1,4414.00,4377.25,4393.00,4406.00,4383.00,day,1,4414.00,4377.25,4393.00,4406.00,4383.00,in_value
2021-08-04,1.00,added,,1.00,0.62,False,0.78,2004,2021-08-02,2,4414.00,4377.25,4400.00,4407.00,4392.00,older_day,1,4414.00,4377.25,4393.00,4406.00,4383.00,in_value
2021-08-05,1.00,start,migration,0.00,,,,2005,2021-08-05,1,4422.75,4402.00,4411.00,4416.00,4409.00,composite,2,4414.00,4377.25,4400.00,4407.00,4392.00,in_value
2021-08-06,1.00,start,migration,0.00,,,,2006,2021-08-06,1,4433.25,4421.75,4429.00,4432.00,4423.00,day,1,4422.75,4402.00,4411.00,4416.00,4409.00,above_range
2021-08-09,1.00,added,,0.89,0.58,False,0.60,2006,2021-08-06,2,4433.25,4416.75,4426.00,4431.00,4424.00,day,1,4433.25,4421.75,4429.00,4432.00,4423.00,in_value
2021-08-10,1.00,added,,0.57,0.59,False,0.43,2006,2021-08-06,3,4438.25,4416.75,4429.00,4432.00,4423.00,composite,2,4433.25,4416.75,4426.00,4431.00,4424.00,in_value
2021-08-11,1.00,start,migration,0.00,,,,2007,2021-08-11,1,4442.50,4430.00,4437.00,4442.00,4433.00,composite,3,4438.25,4416.75,4429.00,4432.00,4423.00,above_range
2021-08-12,1.00,start,migration,0.47,,,,2008,2021-08-12,1,4456.25,4430.25,4446.00,4451.00,4434.00,day,1,4442.50,4430.00,4437.00,4442.00,4433.00,in_value
2021-08-13,1.00,start,migration,0.00,,,,2009,2021-08-13,1,4463.25,4454.25,4459.00,4462.00,4457.00,day,1,4456.25,4430.25,4446.00,4451.00,4434.00,above_range
2021-08-16,1.00,start,migration,0.04,,,,2010,2021-08-16,1,4474.75,4432.50,4447.00,4458.00,4433.00,day,1,4463.25,4454.25,4459.00,4462.00,4457.00,below_range
2021-08-17,1.00,added,,0.64,0.54,False,0.33,2010,2021-08-16,2,4474.75,4411.75,4445.00,4452.00,4425.00,day,1,4474.75,4432.50,4447.00,4458.00,4433.00,in_value
2021-08-18,1.00,added,,1.00,0.51,False,0.65,2010,2021-08-16,3,4474.75,4392.50,4434.00,4451.00,4424.00,composite,2,4474.75,4411.75,4445.00,4452.00,4425.00,in_value
2021-08-19,1.00,start,migration,0.00,,,,2011,2021-08-19,1,4414.75,4364.50,4397.00,4414.00,4389.00,composite,3,4474.75,4392.50,4434.00,4451.00,4424.00,below_range
2021-08-20,1.00,start,migration,0.00,,,,2012,2021-08-20,1,4440.50,4400.00,4430.00,4439.00,4424.00,day,1,4414.75,4364.50,4397.00,4414.00,4389.00,in_value
2021-08-23,1.00,start,migration,0.00,,,,2013,2021-08-23,1,4485.75,4454.25,4480.00,4485.00,4474.00,day,1,4440.50,4400.00,4430.00,4439.00,4424.00,above_range
2021-08-24,1.00,skipped_shape,,0.57,0.81,False,0.71,2013,2021-08-23,1,4485.75,4454.25,4480.00,4485.00,4474.00,day,1,4485.75,4454.25,4480.00,4485.00,4474.00,in_value
2021-08-25,1.00,start,migration,0.00,,,,2014,2021-08-25,1,4498.00,4480.75,4494.00,4497.00,4488.00,older_day,1,4485.75,4454.25,4480.00,4485.00,4474.00,in_value
2021-08-26,1.00,start,migration,0.00,,,,2015,2021-08-26,1,4492.00,4465.00,4478.00,4483.00,4470.00,day,1,4498.00,4480.75,4494.00,4497.00,4488.00,in_value
2021-08-27,1.00,start,migration,0.00,,,,2016,2021-08-27,1,4510.00,4473.75,4505.00,4510.00,4493.00,day,1,4492.00,4465.00,4478.00,4483.00,4470.00,in_value
2021-08-30,1.00,start,migration,0.00,,,,2017,2021-08-30,1,4534.50,4510.50,4531.00,4534.00,4525.00,day,1,4510.00,4473.75,4505.00,4510.00,4493.00,above_range
2021-08-31,1.00,start,migration,0.22,,,,2018,2021-08-31,1,4528.50,4512.50,4520.00,4527.00,4518.00,day,1,4534.50,4510.50,4531.00,4534.00,4525.00,in_value
2021-09-01,1.00,start,migration,0.44,,,,2019,2021-09-01,1,4535.00,4519.25,4529.00,4532.00,4523.00,day,1,4528.50,4512.50,4520.00,4527.00,4518.00,above_range
2021-09-02,1.00,start,migration,0.31,,,,2020,2021-09-02,1,4544.00,4522.75,4536.00,4541.00,4528.00,day,1,4535.00,4519.25,4529.00,4532.00,4523.00,above_range
2021-09-03,1.00,added,,1.00,0.67,False,0.33,2020,2021-09-02,2,4544.00,4519.25,4536.00,4539.00,4528.00,day,1,4544.00,4522.75,4536.00,4541.00,4528.00,below_value
2021-09-07,1.00,start,migration,0.00,,,,2021,2021-09-07,1,4532.00,4510.75,4521.00,4526.00,4515.00,composite,2,4544.00,4519.25,4536.00,4539.00,4528.00,in_value
2021-09-08,1.00,start,migration,0.00,,,,2022,2021-09-08,1,4520.25,4492.00,4510.00,4515.00,4502.00,day,1,4532.00,4510.75,4521.00,4526.00,4515.00,below_value
2021-09-09,1.00,start,migration,0.42,,,,2023,2021-09-09,1,4529.50,4490.50,4511.00,4530.00,4499.00,day,1,4520.25,4492.00,4510.00,4515.00,4502.00,in_value
2021-09-10,1.00,start,migration,0.00,,,,2024,2021-09-10,1,4518.25,4456.50,4490.00,4499.00,4476.00,day,1,4529.50,4490.50,4511.00,4530.00,4499.00,in_value
2021-09-13,1.00,start,roll,,,,,2025,2021-09-13,1,4483.50,4434.50,4454.00,4461.00,4442.00,none,0,,,,,,
2021-09-14,1.00,added,,0.56,0.45,False,0.41,2025,2021-09-13,2,4483.50,4425.25,4451.00,4458.00,4435.00,day,1,4483.50,4434.50,4454.00,4461.00,4442.00,above_value
2021-09-15,1.00,added,,0.59,0.33,False,0.87,2025,2021-09-13,3,4483.50,4425.25,4444.00,4459.00,4432.00,composite,2,4483.50,4425.25,4451.00,4458.00,4435.00,in_value
2021-09-16,1.00,added,,0.84,0.33,False,0.65,2025,2021-09-13,4,4483.50,4425.25,4444.00,4461.00,4434.00,composite,3,4483.50,4425.25,4444.00,4459.00,4432.00,above_value
2021-09-17,1.00,start,migration,0.18,,,,2026,2021-09-17,1,4460.25,4416.25,4426.00,4437.00,4420.00,composite,4,4483.50,4425.25,4444.00,4461.00,4434.00,in_value
2021-09-20,1.00,start,migration,0.00,,,,2027,2021-09-20,1,4371.25,4293.75,4325.00,4350.00,4299.00,day,1,4460.25,4416.25,4426.00,4437.00,4420.00,below_range
2021-09-21,1.00,start,migration,0.22,,,,2028,2021-09-21,1,4385.00,4336.50,4355.00,4368.00,4345.00,day,1,4371.25,4293.75,4325.00,4350.00,4299.00,above_value
2021-09-22,1.00,start,migration,0.00,,,,2029,2021-09-22,1,4406.50,4356.50,4389.00,4400.00,4377.00,day,1,4385.00,4336.50,4355.00,4368.00,4345.00,in_value
2021-09-23,1.00,start,migration,0.00,,,,2030,2021-09-23,1,4455.00,4401.25,4442.00,4455.00,4432.00,day,1,4406.50,4356.50,4389.00,4400.00,4377.00,above_value
2021-09-24,1.00,added,,0.85,0.68,False,0.82,2030,2021-09-23,2,4455.00,4401.25,4438.00,4449.00,4430.00,day,1,4455.00,4401.25,4442.00,4455.00,4432.00,below_value
2021-09-27,1.00,added,,1.00,0.68,False,0.78,2030,2021-09-23,3,4455.00,4401.25,4438.00,4445.00,4430.00,composite,2,4455.00,4401.25,4438.00,4449.00,4430.00,in_value
2021-09-28,1.00,start,migration,0.00,,,,2031,2021-09-28,1,4406.25,4334.75,4355.00,4368.00,4341.00,composite,3,4455.00,4401.25,4438.00,4445.00,4430.00,below_value
2021-09-29,1.00,added,,0.79,0.29,False,0.73,2031,2021-09-28,2,4406.25,4334.75,4355.00,4370.00,4345.00,day,1,4406.25,4334.75,4355.00,4368.00,4341.00,in_value
2021-09-30,1.00,start,migration,0.00,,,,2032,2021-09-30,1,4373.50,4294.25,4329.00,4344.00,4307.00,composite,2,4406.25,4334.75,4355.00,4370.00,4345.00,in_value
2021-10-01,1.00,start,migration,0.45,,,,2033,2021-10-01,1,4365.75,4277.00,4321.00,4330.00,4279.00,day,1,4373.50,4294.25,4329.00,4344.00,4307.00,in_value
2021-10-04,2.00,skipped_shape,,0.77,0.17,False,0.26,2033,2021-10-01,1,4365.75,4277.00,4320.00,4330.00,4276.00,day,1,4365.75,4277.00,4321.00,4330.00,4279.00,above_value
2021-10-05,2.00,start,migration,0.00,,,,2034,2021-10-05,1,4359.75,4298.50,4350.00,4360.00,4338.00,older_day,1,4365.75,4277.00,4320.00,4330.00,4276.00,in_value
2021-10-06,2.00,start,migration,0.00,,,,2035,2021-10-06,1,4355.75,4279.50,4310.00,4324.00,4286.00,day,1,4359.75,4298.50,4350.00,4360.00,4338.00,below_range
2021-10-07,2.00,start,migration,0.00,,,,2036,2021-10-07,1,4421.50,4386.50,4412.00,4422.00,4400.00,day,1,4355.75,4279.50,4310.00,4324.00,4286.00,above_range
2021-10-08,2.00,start,migration,0.00,,,,2037,2021-10-08,1,4403.25,4376.25,4390.00,4396.00,4382.00,day,1,4421.50,4386.50,4412.00,4422.00,4400.00,below_value
2021-10-11,2.00,start,migration,0.37,,,,2038,2021-10-11,1,4407.50,4350.00,4372.00,4402.00,4364.00,day,1,4403.25,4376.25,4390.00,4396.00,4382.00,below_range
2021-10-12,2.00,start,migration,0.00,,,,2039,2021-10-12,1,4365.00,4331.75,4346.00,4356.00,4342.00,day,1,4407.50,4350.00,4372.00,4402.00,4364.00,below_value
2021-10-13,2.00,added,,0.55,0.60,False,0.71,2039,2021-10-12,2,4365.00,4318.75,4346.00,4360.00,4338.00,day,1,4365.00,4331.75,4346.00,4356.00,4342.00,in_value
2021-10-14,2.00,start,migration,0.00,,,,2040,2021-10-14,1,4431.00,4390.00,4422.00,4432.00,4410.00,composite,2,4365.00,4318.75,4346.00,4360.00,4338.00,above_range
2021-10-15,2.00,start,migration,0.00,,,,2041,2021-10-15,1,4467.50,4445.00,4454.00,4464.00,4450.00,day,1,4431.00,4390.00,4422.00,4432.00,4410.00,above_range
2021-10-18,2.00,start,migration,0.36,,,,2042,2021-10-18,1,4479.75,4436.75,4472.00,4478.00,4456.00,day,1,4467.50,4445.00,4454.00,4464.00,4450.00,below_range
2021-10-19,2.00,start,migration,0.00,,,,2043,2021-10-19,1,4512.25,4487.25,4506.00,4512.00,4498.00,day,1,4479.75,4436.75,4472.00,4478.00,4456.00,above_range
2021-10-20,2.00,start,migration,0.00,,,,2044,2021-10-20,1,4532.25,4514.50,4526.00,4532.00,4522.00,day,1,4512.25,4487.25,4506.00,4512.00,4498.00,above_range
2021-10-21,2.00,added,,1.00,0.43,False,1.00,2044,2021-10-20,2,4543.25,4514.50,4526.00,4532.00,4522.00,day,1,4532.25,4514.50,4526.00,4532.00,4522.00,in_value
2021-10-22,2.00,start,migration,0.22,,,,2045,2021-10-22,1,4551.50,4515.25,4536.00,4546.00,4528.00,composite,2,4543.25,4514.50,4526.00,4532.00,4522.00,above_value
2021-10-25,2.00,start,migration,0.18,,,,2046,2021-10-25,1,4564.00,4528.75,4558.00,4564.00,4542.00,day,1,4551.50,4515.25,4536.00,4546.00,4528.00,above_value
2021-10-26,2.00,start,migration,0.00,,,,2047,2021-10-26,1,4590.00,4560.75,4576.00,4586.00,4568.00,day,1,4564.00,4528.75,4558.00,4564.00,4542.00,above_range
2021-10-27,2.00,added,,0.57,0.50,False,0.43,2047,2021-10-26,2,4590.00,4543.75,4566.00,4580.00,4562.00,day,1,4590.00,4560.75,4576.00,4586.00,4568.00,in_value
2021-10-28,2.00,added,,0.71,0.66,False,0.43,2047,2021-10-26,3,4590.00,4543.75,4574.00,4580.00,4562.00,composite,2,4590.00,4543.75,4566.00,4580.00,4562.00,below_value
2021-10-29,2.00,start,migration,0.00,,,,2048,2021-10-29,1,4601.00,4560.25,4584.00,4598.00,4580.00,composite,3,4590.00,4543.75,4574.00,4580.00,4562.00,in_value
2021-11-01,1.50,start,migration,0.44,,,,2049,2021-11-01,1,4612.00,4586.50,4597.50,4605.00,4591.50,day,1,4601.00,4560.25,4584.00,4598.00,4580.00,above_range
2021-11-02,1.50,start,migration,0.00,,,,2050,2021-11-02,1,4627.00,4605.50,4620.00,4624.50,4614.00,day,1,4612.00,4586.50,4597.50,4605.00,4591.50,above_value
2021-11-03,1.50,start,migration,0.50,,,,2051,2021-11-03,1,4657.00,4613.00,4617.00,4633.50,4612.50,day,1,4627.00,4605.50,4620.00,4624.50,4614.00,in_value
2021-11-04,1.50,start,migration,0.00,,,,2052,2021-11-04,1,4674.75,4654.50,4663.50,4671.00,4660.50,day,1,4657.00,4613.00,4617.00,4633.50,4612.50,above_range
2021-11-05,1.50,start,migration,0.00,,,,2053,2021-11-05,1,4711.75,4674.25,4692.00,4708.50,4686.00,day,1,4674.75,4654.50,4663.50,4671.00,4660.50,above_range
2021-11-08,1.50,added,,1.00,0.48,False,0.71,2053,2021-11-05,2,4711.75,4674.25,4692.00,4702.50,4686.00,day,1,4711.75,4674.25,4692.00,4708.50,4686.00,in_value
2021-11-09,1.50,start,migration,0.00,,,,2054,2021-11-09,1,4700.50,4663.25,4672.50,4680.00,4666.50,composite,2,4711.75,4674.25,4692.00,4702.50,4686.00,in_value
2021-11-10,1.50,start,migration,0.35,,,,2055,2021-11-10,1,4678.75,4625.25,4671.00,4678.50,4644.00,day,1,4700.50,4663.25,4672.50,4680.00,4666.50,below_range
2021-11-11,1.50,added,,1.00,0.42,False,1.00,2055,2021-11-10,2,4678.75,4625.25,4647.00,4663.50,4632.00,day,1,4678.75,4625.25,4671.00,4678.50,4644.00,in_value
2021-11-12,1.50,start,migration,0.23,,,,2056,2021-11-12,1,4683.50,4645.75,4672.50,4683.00,4657.50,composite,2,4678.75,4625.25,4647.00,4663.50,4632.00,in_value
2021-11-15,1.50,added,,0.89,0.61,False,0.71,2056,2021-11-12,2,4692.75,4645.75,4674.00,4684.50,4668.00,day,1,4683.50,4645.75,4672.50,4683.00,4657.50,above_range
2021-11-16,1.50,start,migration,0.00,,,,2057,2021-11-16,1,4709.75,4675.50,4702.50,4710.00,4690.50,composite,2,4692.75,4645.75,4674.00,4684.50,4668.00,in_value
2021-11-17,1.50,start,migration,0.14,,,,2058,2021-11-17,1,4696.75,4679.25,4687.50,4692.00,4681.50,day,1,4709.75,4675.50,4702.50,4710.00,4690.50,in_value
2021-11-18,1.50,start,migration,0.31,,,,2059,2021-11-18,1,4705.00,4668.00,4698.00,4705.50,4686.00,day,1,4696.75,4679.25,4687.50,4692.00,4681.50,above_range
2021-11-19,1.50,added,,0.82,0.66,False,1.00,2059,2021-11-18,2,4714.25,4668.00,4698.00,4708.50,4689.00,day,1,4705.00,4668.00,4698.00,4705.50,4686.00,in_value
2021-11-22,1.50,start,migration,0.10,,,,2060,2021-11-22,1,4740.50,4678.00,4711.50,4734.00,4705.50,composite,2,4714.25,4668.00,4698.00,4708.50,4689.00,above_value
2021-11-23,1.50,start,migration,0.00,,,,2061,2021-11-23,1,4695.50,4649.00,4671.00,4678.50,4656.00,day,1,4740.50,4678.00,4711.50,4734.00,4705.50,below_range
2021-11-24,1.50,start,migration,0.20,,,,2062,2021-11-24,1,4700.75,4656.25,4689.00,4696.50,4674.00,day,1,4695.50,4649.00,4671.00,4678.50,4656.00,in_value
2021-11-26,1.50,start,migration,0.00,,,,2063,2021-11-26,1,4643.25,4577.25,4600.50,4617.00,4588.50,day,1,4700.75,4656.25,4689.00,4696.50,4674.00,below_range
2021-11-29,1.50,start,migration,0.00,,,,2064,2021-11-29,1,4669.75,4621.25,4662.00,4669.50,4638.00,day,1,4643.25,4577.25,4600.50,4617.00,4588.50,above_range
2021-11-30,1.50,start,migration,0.00,,,,2065,2021-11-30,1,4644.25,4557.00,4576.50,4602.00,4561.50,day,1,4669.75,4621.25,4662.00,4669.50,4638.00,below_value
2021-12-01,1.50,start,migration,0.36,,,,2066,2021-12-01,1,4650.75,4505.50,4627.50,4647.00,4576.50,day,1,4644.25,4557.00,4576.50,4602.00,4561.50,above_value
2021-12-02,1.50,start,migration,0.33,,,,2067,2021-12-02,1,4593.75,4506.25,4573.50,4590.00,4549.50,day,1,4650.75,4505.50,4627.50,4647.00,4576.50,below_value
2021-12-03,1.50,start,migration,0.00,,,,2068,2021-12-03,1,4606.50,4492.00,4518.00,4540.50,4500.00,day,1,4593.75,4506.25,4573.50,4590.00,4549.50,above_range
2021-12-06,1.50,start,migration,0.00,,,,2069,2021-12-06,1,4611.75,4539.25,4585.50,4605.00,4567.50,day,1,4606.50,4492.00,4518.00,4540.50,4500.00,above_value
2021-12-07,1.50,start,migration,0.00,,,,2070,2021-12-07,1,4692.50,4647.25,4684.50,4692.00,4675.50,day,1,4611.75,4539.25,4585.50,4605.00,4567.50,above_range
2021-12-08,1.50,added,,0.91,0.67,False,0.71,2070,2021-12-07,2,4703.25,4647.25,4684.50,4692.00,4675.50,day,1,4692.50,4647.25,4684.50,4692.00,4675.50,in_value
2021-12-09,1.50,added,,0.91,0.67,False,0.71,2070,2021-12-07,3,4703.25,4647.25,4684.50,4692.00,4675.50,composite,2,4703.25,4647.25,4684.50,4692.00,4675.50,in_value
2021-12-10,1.50,added,,0.55,0.58,False,0.71,2070,2021-12-07,4,4712.50,4647.25,4684.50,4695.00,4678.50,composite,3,4703.25,4647.25,4684.50,4692.00,4675.50,above_value
2021-12-13,1.50,start,roll,,,,,2071,2021-12-13,1,4701.50,4657.50,4672.50,4680.00,4663.50,none,0,,,,,,
2021-12-14,1.50,start,migration,0.00,,,,2072,2021-12-14,1,4652.00,4596.25,4606.50,4629.00,4597.50,day,1,4701.50,4657.50,4672.50,4680.00,4663.50,below_range
2021-12-15,1.50,skipped_shape,,0.55,0.19,False,0.73,2072,2021-12-14,1,4652.00,4596.25,4606.50,4629.00,4597.50,day,1,4652.00,4596.25,4606.50,4629.00,4597.50,in_value
2021-12-16,1.50,start,migration,0.00,,,,2073,2021-12-16,1,4723.25,4642.00,4680.00,4702.50,4653.00,older_day,1,4652.00,4596.25,4606.50,4629.00,4597.50,above_range
2021-12-17,1.50,start,migration,0.00,,,,2074,2021-12-17,1,4657.00,4590.00,4629.00,4645.50,4614.00,day,1,4723.25,4642.00,4680.00,4702.50,4653.00,below_range
2021-12-20,2.50,start,migration,0.00,,,,2075,2021-12-20,1,4563.50,4520.25,4532.50,4550.00,4527.50,day,1,4657.00,4590.00,4629.00,4645.50,4614.00,below_range
2021-12-21,2.50,start,migration,0.00,,,,2076,2021-12-21,1,4642.25,4572.25,4627.50,4640.00,4592.50,day,1,4563.50,4520.25,4532.50,4550.00,4527.50,above_range
2021-12-22,2.50,start,migration,0.00,,,,2077,2021-12-22,1,4687.50,4635.50,4672.50,4680.00,4657.50,day,1,4642.25,4572.25,4627.50,4640.00,4592.50,in_value
2021-12-23,2.50,start,migration,0.00,,,,2078,2021-12-23,1,4731.25,4695.50,4720.00,4727.50,4715.00,day,1,4687.50,4635.50,4672.50,4680.00,4657.50,above_range
2021-12-27,2.50,start,migration,0.00,,,,2079,2021-12-27,1,4783.50,4729.50,4770.00,4777.50,4750.00,day,1,4731.25,4695.50,4720.00,4727.50,4715.00,above_value
2021-12-28,2.50,start,migration,0.14,,,,2080,2021-12-28,1,4798.00,4770.50,4780.00,4792.50,4775.00,day,1,4783.50,4729.50,4770.00,4777.50,4750.00,above_range
2021-12-29,2.50,added,,0.80,0.38,False,0.60,2080,2021-12-28,2,4798.00,4770.00,4780.00,4792.50,4775.00,day,1,4798.00,4770.50,4780.00,4792.50,4775.00,in_value
2021-12-30,2.50,added,,0.60,0.46,False,0.60,2080,2021-12-28,3,4799.75,4767.25,4780.00,4792.50,4775.00,composite,2,4798.00,4770.00,4780.00,4792.50,4775.00,in_value
2021-12-31,2.50,start,migration,0.00,,,,2081,2021-12-31,1,4778.50,4757.25,4767.50,4775.00,4762.50,composite,3,4799.75,4767.25,4780.00,4792.50,4775.00,below_range
2022-01-03,2.50,added,,0.56,0.53,False,0.60,2081,2021-12-31,2,4787.25,4747.50,4767.50,4775.00,4757.50,day,1,4778.50,4757.25,4767.50,4775.00,4762.50,in_value
2022-01-04,2.50,start,migration,0.09,,,,2082,2022-01-04,1,4808.25,4764.50,4782.50,4800.00,4772.50,composite,2,4787.25,4747.50,4767.50,4775.00,4757.50,above_range
2022-01-05,2.50,start,migration,0.33,,,,2083,2022-01-05,1,4788.25,4691.00,4777.50,4790.00,4737.50,day,1,4808.25,4764.50,4782.50,4800.00,4772.50,in_value
2022-01-06,2.50,start,migration,0.00,,,,2084,2022-01-06,1,4715.75,4662.00,4692.50,4710.00,4687.50,day,1,4788.25,4691.00,4777.50,4790.00,4737.50,below_range
2022-01-07,2.50,start,migration,0.00,,,,2085,2022-01-07,1,4699.50,4653.75,4675.00,4687.50,4670.00,day,1,4715.75,4662.00,4692.50,4710.00,4687.50,below_value
2022-01-10,2.00,start,migration,0.00,,,,2086,2022-01-10,1,4665.00,4572.75,4602.00,4632.00,4578.00,day,1,4699.50,4653.75,4675.00,4687.50,4670.00,below_range
2022-01-11,2.00,start,migration,0.00,,,,2087,2022-01-11,1,4706.50,4627.25,4686.00,4704.00,4650.00,day,1,4665.00,4572.75,4602.00,4632.00,4578.00,above_value
2022-01-12,2.00,start,migration,0.00,,,,2088,2022-01-12,1,4739.50,4696.75,4716.00,4726.00,4708.00,day,1,4706.50,4627.25,4686.00,4704.00,4650.00,above_range
2022-01-13,2.00,start,migration,0.30,,,,2089,2022-01-13,1,4736.25,4642.50,4680.00,4722.00,4676.00,day,1,4739.50,4696.75,4716.00,4726.00,4708.00,above_value
2022-01-14,2.00,start,migration,0.00,,,,2090,2022-01-14,1,4658.50,4606.00,4632.00,4642.00,4616.00,day,1,4736.25,4642.50,4680.00,4722.00,4676.00,below_range
2022-01-18,2.00,start,migration,0.00,,,,2091,2022-01-18,1,4606.50,4560.00,4578.00,4592.00,4570.00,day,1,4658.50,4606.00,4632.00,4642.00,4616.00,below_range
2022-01-19,2.00,added,,0.59,0.60,False,0.78,2091,2022-01-18,2,4606.50,4521.25,4572.00,4590.00,4560.00,day,1,4606.50,4560.00,4578.00,4592.00,4570.00,in_value
2022-01-20,2.00,added,,0.56,0.75,False,0.82,2091,2022-01-18,3,4606.50,4469.00,4572.00,4594.00,4556.00,composite,2,4606.50,4521.25,4572.00,4590.00,4560.00,below_value
2022-01-21,2.00,start,migration,0.00,,,,2092,2022-01-21,1,4487.00,4385.25,4436.00,4466.00,4416.00,composite,3,4606.50,4469.00,4572.00,4594.00,4556.00,below_range
2022-01-24,2.00,start,migration,0.00,,,,2093,2022-01-24,1,4410.00,4212.75,4292.00,4330.00,4248.00,day,1,4487.00,4385.25,4436.00,4466.00,4416.00,below_range
2022-01-25,2.00,added,,0.52,0.48,False,0.76,2093,2022-01-24,2,4410.00,4212.75,4308.00,4346.00,4260.00,day,1,4410.00,4212.75,4292.00,4330.00,4248.00,above_value
2022-01-26,2.00,start,migration,0.00,,,,2094,2022-01-26,1,4446.25,4294.25,4414.00,4444.00,4374.00,composite,2,4410.00,4212.75,4308.00,4346.00,4260.00,above_range
2022-01-27,2.00,added,,0.51,0.64,False,0.70,2094,2022-01-26,2,4446.25,4294.25,4392.00,4430.00,4340.00,day,1,4446.25,4294.25,4414.00,4444.00,4374.00,in_value
2022-01-28,2.00,skipped_shape,,0.64,0.28,False,0.31,2094,2022-01-26,2,4446.25,4294.25,4392.00,4430.00,4340.00,composite,2,4446.25,4294.25,4392.00,4430.00,4340.00,below_value
2022-01-31,4.00,start,migration,0.00,,,,2095,2022-01-31,1,4507.75,4402.75,4472.00,4492.00,4448.00,composite,2,4446.25,4294.25,4392.00,4430.00,4340.00,in_value
2022-02-01,4.00,start,migration,0.14,,,,2096,2022-02-01,1,4541.00,4474.00,4504.00,4516.00,4488.00,day,1,4507.75,4402.75,4472.00,4492.00,4448.00,above_range
2022-02-02,4.00,start,migration,0.00,,,,2097,2022-02-02,1,4586.00,4535.25,4556.00,4576.00,4548.00,day,1,4541.00,4474.00,4504.00,4516.00,4488.00,above_range
2022-02-03,4.00,start,migration,0.00,,,,2098,2022-02-03,1,4534.25,4462.00,4504.00,4532.00,4496.00,day,1,4586.00,4535.25,4556.00,4576.00,4548.00,below_range
2022-02-04,4.00,start,migration,0.20,,,,2099,2022-02-04,1,4532.50,4442.50,4472.00,4508.00,4448.00,day,1,4534.25,4462.00,4504.00,4532.00,4496.00,below_value
2022-02-07,4.00,added,,0.86,0.65,False,0.33,2099,2022-02-04,2,4532.50,4442.50,4500.00,4512.00,4468.00,day,1,4532.50,4442.50,4472.00,4508.00,4448.00,in_value
2022-02-08,4.00,added,,0.89,0.69,False,0.33,2099,2022-02-04,3,4532.50,4442.50,4504.00,4516.00,4472.00,composite,2,4532.50,4442.50,4500.00,4512.00,4468.00,in_value
2022-02-09,4.00,start,migration,0.00,,,,2100,2022-02-09,1,4582.50,4554.50,4568.00,4580.00,4560.00,composite,3,4532.50,4442.50,4504.00,4516.00,4472.00,above_range
2022-02-10,4.00,start,migration,0.27,,,,2101,2022-02-10,1,4581.75,4476.00,4556.00,4576.00,4516.00,day,1,4582.50,4554.50,4568.00,4580.00,4560.00,below_range
2022-02-11,4.00,start,migration,0.08,,,,2102,2022-02-11,1,4520.50,4393.25,4480.00,4524.00,4424.00,day,1,4581.75,4476.00,4556.00,4576.00,4516.00,below_value
2022-02-14,4.00,start,migration,0.00,,,,2103,2022-02-14,1,4420.00,4357.00,4392.00,4412.00,4376.00,day,1,4520.50,4393.25,4480.00,4524.00,4424.00,below_value
2022-02-15,4.00,start,migration,0.00,,,,2104,2022-02-15,1,4466.75,4436.00,4452.00,4464.00,4444.00,day,1,4420.00,4357.00,4392.00,4412.00,4376.00,above_range
2022-02-16,4.00,start,migration,0.33,,,,2105,2022-02-16,1,4484.50,4422.75,4436.00,4456.00,4420.00,day,1,4466.75,4436.00,4452.00,4464.00,4444.00,below_value
2022-02-17,4.00,start,migration,0.11,,,,2106,2022-02-17,1,4441.75,4367.75,4412.00,4424.00,4388.00,day,1,4484.50,4422.75,4436.00,4456.00,4420.00,in_value
2022-02-18,4.00,start,migration,0.00,,,,2107,2022-02-18,1,4390.25,4321.00,4352.00,4364.00,4328.00,day,1,4441.75,4367.75,4412.00,4424.00,4388.00,below_value
2022-02-22,4.00,start,migration,0.15,,,,2108,2022-02-22,1,4358.75,4261.50,4316.00,4336.00,4284.00,day,1,4390.25,4321.00,4352.00,4364.00,4328.00,below_value
2022-02-23,4.00,start,migration,0.41,,,,2109,2022-02-23,1,4335.75,4216.25,4276.00,4312.00,4244.00,day,1,4358.75,4261.50,4316.00,4336.00,4284.00,in_value
2022-02-24,4.00,start,migration,0.00,,,,2110,2022-02-24,1,4290.00,4108.75,4180.00,4208.00,4132.00,day,1,4335.75,4216.25,4276.00,4312.00,4244.00,below_range
2022-02-25,4.00,start,migration,0.00,,,,2111,2022-02-25,1,4381.75,4281.25,4360.00,4380.00,4328.00,day,1,4290.00,4108.75,4180.00,4208.00,4132.00,above_range
2022-02-28,3.00,skipped_shape,,0.69,0.79,False,0.39,2111,2022-02-25,1,4381.75,4281.25,4362.00,4383.00,4332.00,day,1,4381.75,4281.25,4360.00,4380.00,4328.00,below_value
2022-03-01,3.00,start,migration,0.00,,,,2112,2022-03-01,1,4374.50,4275.00,4305.00,4332.00,4281.00,older_day,1,4381.75,4281.25,4362.00,4383.00,4332.00,in_value
2022-03-02,3.00,start,migration,0.00,,,,2113,2022-03-02,1,4399.25,4318.75,4383.00,4398.00,4347.00,day,1,4374.50,4275.00,4305.00,4332.00,4281.00,in_value
2022-03-03,3.00,added,,1.00,0.68,False,0.46,2113,2022-03-02,2,4414.00,4318.75,4383.00,4398.00,4353.00,day,1,4399.25,4318.75,4383.00,4398.00,4347.00,above_range
2022-03-04,3.00,start,migration,0.00,,,,2114,2022-03-04,1,4337.00,4281.25,4308.00,4323.00,4296.00,composite,2,4414.00,4318.75,4383.00,4398.00,4353.00,below_value
2022-03-07,3.00,start,migration,0.00,,,,2115,2022-03-07,1,4321.25,4197.00,4242.00,4269.00,4212.00,day,1,4337.00,4281.25,4308.00,4323.00,4296.00,in_value
2022-03-08,3.00,start,migration,0.24,,,,2116,2022-03-08,1,4275.00,4153.25,4194.00,4227.00,4164.00,day,1,4321.25,4197.00,4242.00,4269.00,4212.00,below_value
2022-03-09,3.00,start,migration,0.00,,,,2117,2022-03-09,1,4298.25,4230.75,4278.00,4287.00,4254.00,day,1,4275.00,4153.25,4194.00,4227.00,4164.00,above_value
2022-03-10,3.00,start,migration,0.00,,,,2118,2022-03-10,1,4267.50,4207.00,4221.00,4254.00,4215.00,day,1,4298.25,4230.75,4278.00,4287.00,4254.00,below_range
2022-03-11,3.00,start,migration,0.46,,,,2119,2022-03-11,1,4290.75,4198.00,4242.00,4275.00,4236.00,day,1,4267.50,4207.00,4221.00,4254.00,4215.00,above_range
2022-03-14,3.00,start,roll,,,,,2120,2022-03-14,1,4239.75,4152.25,4167.00,4212.00,4152.00,none,0,,,,,,
2022-03-15,3.00,start,migration,0.18,,,,2121,2022-03-15,1,4263.25,4178.50,4218.00,4239.00,4206.00,day,1,4239.75,4152.25,4167.00,4212.00,4152.00,in_value
2022-03-16,3.00,start,migration,0.00,,,,2122,2022-03-16,1,4351.75,4242.25,4320.00,4335.00,4290.00,day,1,4263.25,4178.50,4218.00,4239.00,4206.00,above_range
2022-03-17,3.00,start,migration,0.06,,,,2123,2022-03-17,1,4406.50,4325.75,4356.00,4383.00,4332.00,day,1,4351.75,4242.25,4320.00,4335.00,4290.00,in_value
2022-03-18,3.00,start,migration,0.00,,,,2124,2022-03-18,1,4457.00,4379.00,4410.00,4431.00,4392.00,day,1,4406.50,4325.75,4356.00,4383.00,4332.00,above_value
2022-03-21,3.00,start,migration,0.09,,,,2125,2022-03-21,1,4473.00,4415.00,4434.00,4461.00,4428.00,day,1,4457.00,4379.00,4410.00,4431.00,4392.00,above_value
2022-03-22,3.00,start,migration,0.00,,,,2126,2022-03-22,1,4514.75,4467.00,4497.00,4506.00,4491.00,day,1,4473.00,4415.00,4434.00,4461.00,4428.00,above_value
2022-03-23,3.00,start,migration,0.00,,,,2127,2022-03-23,1,4493.75,4446.00,4467.00,4488.00,4461.00,day,1,4514.75,4467.00,4497.00,4506.00,4491.00,below_value
2022-03-24,3.00,added,,0.64,0.59,False,0.33,2127,2022-03-23,2,4513.50,4446.00,4485.00,4494.00,4461.00,day,1,4493.75,4446.00,4467.00,4488.00,4461.00,in_value
2022-03-25,3.00,start,migration,0.00,,,,2128,2022-03-25,1,4539.00,4493.25,4512.00,4533.00,4506.00,composite,2,4513.50,4446.00,4485.00,4494.00,4461.00,above_range
2022-03-28,3.00,start,migration,0.44,,,,2129,2022-03-28,1,4569.00,4509.75,4533.00,4548.00,4521.00,day,1,4539.00,4493.25,4512.00,4533.00,4506.00,in_value
2022-03-29,3.00,start,migration,0.00,,,,2130,2022-03-29,1,4631.00,4581.75,4605.00,4614.00,4587.00,day,1,4569.00,4509.75,4533.00,4548.00,4521.00,above_range
2022-03-30,3.00,added,,0.82,0.47,False,1.00,2130,2022-03-29,2,4631.00,4574.75,4599.00,4614.00,4587.00,day,1,4631.00,4581.75,4605.00,4614.00,4587.00,in_value
2022-03-31,3.00,start,migration,0.33,,,,2131,2022-03-31,1,4597.25,4526.25,4575.00,4596.00,4569.00,composite,2,4631.00,4574.75,4599.00,4614.00,4587.00,in_value
2022-04-01,3.00,start,migration,0.00,,,,2132,2022-04-01,1,4545.00,4501.25,4524.00,4539.00,4512.00,day,1,4597.25,4526.25,4575.00,4596.00,4569.00,below_value
2022-04-04,3.00,start,migration,0.00,,,,2133,2022-04-04,1,4578.75,4532.75,4566.00,4575.00,4548.00,day,1,4545.00,4501.25,4524.00,4539.00,4512.00,above_value
2022-04-05,3.00,added,,0.55,0.62,False,0.71,2133,2022-04-04,2,4588.75,4507.75,4557.00,4572.00,4539.00,day,1,4578.75,4532.75,4566.00,4575.00,4548.00,in_value
2022-04-06,3.00,start,migration,0.00,,,,2134,2022-04-06,1,4499.50,4444.50,4464.00,4485.00,4452.00,composite,2,4588.75,4507.75,4557.00,4572.00,4539.00,below_range
2022-04-07,3.00,added,,0.73,0.34,False,0.71,2134,2022-04-06,2,4517.25,4444.50,4467.00,4488.00,4455.00,day,1,4499.50,4444.50,4464.00,4485.00,4452.00,in_value
2022-04-08,3.00,start,migration,0.22,,,,2135,2022-04-08,1,4516.00,4468.75,4500.00,4509.00,4482.00,composite,2,4517.25,4444.50,4467.00,4488.00,4455.00,above_value
2022-04-11,2.50,start,migration,0.00,,,,2136,2022-04-11,1,4459.50,4403.50,4427.50,4440.00,4417.50,day,1,4516.00,4468.75,4500.00,4509.00,4482.00,below_range
2022-04-12,2.50,start,migration,0.39,,,,2137,2022-04-12,1,4466.75,4375.50,4432.50,4465.00,4407.50,day,1,4459.50,4403.50,4427.50,4440.00,4417.50,above_value
2022-04-13,2.50,added,,1.00,0.64,False,0.69,2137,2022-04-12,2,4466.75,4375.50,4432.50,4455.00,4402.50,day,1,4466.75,4375.50,4432.50,4465.00,4407.50,below_value
2022-04-14,2.50,added,,1.00,0.55,False,0.39,2137,2022-04-12,3,4466.75,4375.50,4425.00,4437.50,4395.00,composite,2,4466.75,4375.50,4432.50,4455.00,4402.50,in_value
2022-04-18,2.50,start,migration,0.27,,,,2138,2022-04-18,1,4406.25,4364.50,4380.00,4402.50,4375.00,composite,3,4466.75,4375.50,4425.00,4437.50,4395.00,below_value
2022-04-19,2.50,start,migration,0.00,,,,2139,2022-04-19,1,4467.00,4385.00,4442.50,4460.00,4432.50,day,1,4406.25,4364.50,4380.00,4402.50,4375.00,in_value
2022-04-20,2.50,start,migration,0.11,,,,2140,2022-04-20,1,4484.25,4443.50,4467.50,4480.00,4457.50,day,1,4467.00,4385.00,4442.50,4460.00,4432.50,above_range
2022-04-21,2.50,start,migration,0.09,,,,2141,2022-04-21,1,4509.00,4380.00,4442.50,4465.00,4382.50,day,1,4484.25,4443.50,4467.50,4480.00,4457.50,above_range
2022-04-22,2.50,start,migration,0.00,,,,2142,2022-04-22,1,4380.50,4262.25,4310.00,4342.50,4275.00,day,1,4509.00,4380.00,4442.50,4465.00,4382.50,below_range
2022-04-25,2.50,start,migration,0.00,,,,2143,2022-04-25,1,4294.75,4195.25,4227.50,4250.00,4207.50,day,1,4380.50,4262.25,4310.00,4342.50,4275.00,below_range
2022-04-26,2.50,added,,0.60,0.39,False,0.54,2143,2022-04-25,2,4294.75,4167.25,4215.00,4247.50,4200.00,day,1,4294.75,4195.25,4227.50,4250.00,4207.50,above_value
2022-04-27,2.50,added,,0.65,0.44,False,0.82,2143,2022-04-25,3,4294.75,4157.00,4215.00,4237.50,4190.00,composite,2,4294.75,4167.25,4215.00,4247.50,4200.00,below_value
2022-04-28,2.50,added,,0.51,0.39,False,1.00,2143,2022-04-25,4,4303.50,4157.00,4212.50,4240.00,4187.50,composite,3,4294.75,4157.00,4215.00,4237.50,4190.00,in_value
2022-04-29,2.50,added,,0.64,0.51,False,0.85,2143,2022-04-25,5,4303.50,4118.75,4212.50,4240.00,4182.50,composite,4,4303.50,4157.00,4212.50,4240.00,4187.50,above_value
2022-05-02,2.50,start,migration,0.00,,,,2144,2022-05-02,1,4165.75,4056.00,4120.00,4142.50,4080.00,composite,5,4303.50,4118.75,4212.50,4240.00,4182.50,below_value
2022-05-03,2.50,start,migration,0.00,,,,2145,2022-05-03,1,4195.75,4139.00,4177.50,4185.00,4152.50,day,1,4165.75,4056.00,4120.00,4142.50,4080.00,above_value
2022-05-04,2.50,skipped_shape,,0.52,0.25,False,0.39,2145,2022-05-03,1,4195.75,4139.00,4177.50,4185.00,4152.50,day,1,4195.75,4139.00,4177.50,4185.00,4152.50,in_value
2022-05-05,2.50,start,migration,0.38,,,,2146,2022-05-05,1,4252.00,4099.25,4145.00,4172.50,4120.00,older_day,1,4195.75,4139.00,4177.50,4185.00,4152.50,above_range
2022-05-06,2.50,start,migration,0.37,,,,2147,2022-05-06,1,4153.25,4062.00,4115.00,4137.50,4090.00,day,1,4252.00,4099.25,4145.00,4172.50,4120.00,below_value
2022-05-09,4.00,start,migration,0.00,,,,2148,2022-05-09,1,4069.00,3970.00,4016.00,4044.00,4000.00,day,1,4153.25,4062.00,4115.00,4137.50,4090.00,below_range
2022-05-10,4.00,added,,0.67,0.58,False,0.56,2148,2022-05-09,2,4069.00,3953.00,4020.00,4040.00,3988.00,day,1,4069.00,3970.00,4016.00,4044.00,4000.00,above_value
2022-05-11,4.00,start,migration,0.43,,,,2149,2022-05-11,1,4045.00,3923.75,3956.00,4024.00,3940.00,composite,2,4069.00,3953.00,4020.00,4040.00,3988.00,below_value
2022-05-12,4.00,start,migration,0.00,,,,2150,2022-05-12,1,3961.75,3855.00,3900.00,3928.00,3876.00,day,1,4045.00,3923.75,3956.00,4024.00,3940.00,below_range
2022-05-13,4.00,start,migration,0.00,,,,2151,2022-05-13,1,4036.00,3959.50,4008.00,4028.00,3992.00,day,1,3961.75,3855.00,3900.00,3928.00,3876.00,above_range
2022-05-16,4.00,added,,1.00,0.61,False,1.00,2151,2022-05-13,2,4043.50,3959.50,4008.00,4028.00,3992.00,day,1,4036.00,3959.50,4008.00,4028.00,3992.00,in_value
2022-05-17,4.00,start,migration,0.00,,,,2152,2022-05-17,1,4089.75,4029.75,4064.00,4076.00,4048.00,composite,2,4043.50,3959.50,4008.00,4028.00,3992.00,above_range
2022-05-18,4.00,start,migration,0.00,,,,2153,2022-05-18,1,4041.50,3908.00,3968.00,3988.00,3912.00,day,1,4089.75,4029.75,4064.00,4076.00,4048.00,below_value
2022-05-19,4.00,start,migration,0.33,,,,2154,2022-05-19,1,3943.50,3874.00,3904.00,3924.00,3888.00,day,1,4041.50,3908.00,3968.00,3988.00,3912.00,below_range
2022-05-20,4.00,start,migration,0.00,,,,2155,2022-05-20,1,3941.00,3807.50,3840.00,3884.00,3816.00,day,1,3943.50,3874.00,3904.00,3924.00,3888.00,above_value
2022-05-23,4.00,start,migration,0.00,,,,2156,2022-05-23,1,3980.50,3906.50,3964.00,3976.00,3940.00,day,1,3941.00,3807.50,3840.00,3884.00,3816.00,above_value
2022-05-24,4.00,start,migration,0.00,,,,2157,2022-05-24,1,3954.50,3872.00,3912.00,3932.00,3888.00,day,1,3980.50,3906.50,3964.00,3976.00,3940.00,below_value
2022-05-25,4.00,start,migration,0.00,,,,2158,2022-05-25,1,3997.75,3921.50,3948.00,3968.00,3932.00,day,1,3954.50,3872.00,3912.00,3932.00,3888.00,in_value
2022-05-26,4.00,start,migration,0.00,,,,2159,2022-05-26,1,4073.50,3987.50,4060.00,4072.00,4036.00,day,1,3997.75,3921.50,3948.00,3968.00,3932.00,above_value
2022-05-27,4.00,start,migration,0.00,,,,2160,2022-05-27,1,4157.25,4079.50,4124.00,4136.00,4108.00,day,1,4073.50,3987.50,4060.00,4072.00,4036.00,above_range
2022-05-31,4.00,start,migration,0.44,,,,2161,2022-05-31,1,4167.75,4102.75,4136.00,4156.00,4120.00,day,1,4157.25,4079.50,4124.00,4136.00,4108.00,above_value
2022-06-01,4.00,start,migration,0.18,,,,2162,2022-06-01,1,4165.00,4071.50,4108.00,4128.00,4084.00,day,1,4167.75,4102.75,4136.00,4156.00,4120.00,in_value
2022-06-02,4.00,start,migration,0.47,,,,2163,2022-06-02,1,4176.50,4072.25,4148.00,4168.00,4092.00,day,1,4165.00,4071.50,4108.00,4128.00,4084.00,in_value
2022-06-03,4.00,added,,1.00,0.39,False,0.56,2163,2022-06-02,2,4176.50,4072.25,4112.00,4148.00,4096.00,day,1,4176.50,4072.25,4148.00,4168.00,4092.00,in_value
2022-06-06,4.00,added,,1.00,0.39,False,0.33,2163,2022-06-02,3,4176.50,4072.25,4112.00,4148.00,4104.00,composite,2,4176.50,4072.25,4112.00,4148.00,4096.00,above_value
2022-06-07,4.00,added,,0.91,0.39,False,0.33,2163,2022-06-02,4,4176.50,4072.25,4112.00,4148.00,4104.00,composite,3,4176.50,4072.25,4112.00,4148.00,4104.00,below_value
2022-06-08,4.00,added,,0.91,0.43,False,0.33,2163,2022-06-02,5,4176.50,4072.25,4116.00,4152.00,4108.00,composite,4,4176.50,4072.25,4112.00,4148.00,4104.00,in_value
2022-06-09,4.00,start,migration,0.11,,,,2164,2022-06-09,1,4118.25,4014.75,4092.00,4112.00,4076.00,composite,5,4176.50,4072.25,4116.00,4152.00,4108.00,below_value
2022-06-10,4.00,start,migration,0.00,,,,2165,2022-06-10,1,3958.25,3897.00,3912.00,3932.00,3904.00,day,1,4118.25,4014.75,4092.00,4112.00,4076.00,below_range
2022-06-13,3.00,start,migration,0.00,,,,2166,2022-06-13,1,3818.00,3732.50,3780.00,3801.00,3762.00,day,1,3958.25,3897.00,3912.00,3932.00,3904.00,below_range
2022-06-14,3.00,start,migration,0.00,,,,2167,2022-06-14,1,3778.75,3705.25,3738.00,3759.00,3726.00,day,1,3818.00,3732.50,3780.00,3801.00,3762.00,in_value
2022-06-15,3.00,start,roll,,,,,2168,2022-06-15,1,3843.00,3723.50,3777.00,3804.00,3759.00,none,0,,,,,,
2022-06-16,3.00,start,migration,0.00,,,,2169,2022-06-16,1,3711.75,3642.00,3675.00,3690.00,3657.00,day,1,3843.00,3723.50,3777.00,3804.00,3759.00,below_range
2022-06-17,3.00,added,,0.61,0.50,False,0.71,2169,2022-06-16,2,3711.75,3639.00,3675.00,3696.00,3663.00,day,1,3711.75,3642.00,3675.00,3690.00,3657.00,in_value
2022-06-21,3.00,start,migration,0.00,,,,2170,2022-06-21,1,3783.75,3735.50,3768.00,3783.00,3762.00,composite,2,3711.75,3639.00,3675.00,3696.00,3663.00,above_range
2022-06-22,3.00,added,,0.64,0.62,False,0.71,2170,2022-06-21,2,3805.50,3719.25,3771.00,3792.00,3759.00,day,1,3783.75,3735.50,3768.00,3783.00,3762.00,below_range
2022-06-23,3.00,added,,0.91,0.62,False,0.71,2170,2022-06-21,3,3805.75,3719.25,3771.00,3792.00,3759.00,composite,2,3805.50,3719.25,3771.00,3792.00,3759.00,in_value
2022-06-24,3.00,start,migration,0.00,,,,2171,2022-06-24,1,3919.50,3831.00,3885.00,3906.00,3873.00,composite,3,3805.75,3719.25,3771.00,3792.00,3759.00,above_range
2022-06-27,3.00,start,migration,0.43,,,,2172,2022-06-27,1,3931.75,3892.50,3909.00,3918.00,3897.00,day,1,3919.50,3831.00,3885.00,3906.00,3873.00,above_range
2022-06-28,3.00,start,migration,0.04,,,,2173,2022-06-28,1,3950.00,3823.00,3855.00,3900.00,3825.00,day,1,3931.75,3892.50,3909.00,3918.00,3897.00,above_value
2022-06-29,3.00,start,migration,0.29,,,,2174,2022-06-29,1,3840.00,3801.25,3816.00,3831.00,3810.00,day,1,3950.00,3823.00,3855.00,3900.00,3825.00,in_value
2022-06-30,3.00,start,migration,0.13,,,,2175,2022-06-30,1,3822.75,3741.25,3783.00,3816.00,3771.00,day,1,3840.00,3801.25,3816.00,3831.00,3810.00,below_range
2022-07-01,3.00,added,,0.87,0.47,False,0.78,2175,2022-06-30,2,3833.50,3741.25,3783.00,3810.00,3765.00,day,1,3822.75,3741.25,3783.00,3816.00,3771.00,in_value
2022-07-05,3.00,added,,0.60,0.45,False,0.64,2175,2022-06-30,3,3835.75,3741.25,3783.00,3816.00,3765.00,composite,2,3833.50,3741.25,3783.00,3810.00,3765.00,in_value
2022-07-06,3.00,start,migration,0.00,,,,2176,2022-07-06,1,3875.00,3811.50,3822.00,3855.00,3822.00,composite,3,3835.75,3741.25,3783.00,3816.00,3765.00,above_range
2022-07-07,3.00,start,migration,0.00,,,,2177,2022-07-07,1,3914.25,3866.50,3891.00,3906.00,3885.00,day,1,3875.00,3811.50,3822.00,3855.00,3822.00,above_value
2022-07-08,3.00,start,migration,0.44,,,,2178,2022-07-08,1,3922.00,3871.50,3906.00,3921.00,3894.00,day,1,3914.25,3866.50,3891.00,3906.00,3885.00,in_value
2022-07-11,3.00,start,migration,0.00,,,,2179,2022-07-11,1,3884.00,3850.00,3861.00,3876.00,3849.00,day,1,3922.00,3871.50,3906.00,3921.00,3894.00,below_value
2022-07-12,3.00,added,,0.67,0.69,False,1.00,2179,2022-07-11,2,3884.00,3804.75,3858.00,3873.00,3846.00,day,1,3884.00,3850.00,3861.00,3876.00,3849.00,in_value
2022-07-13,3.00,start,migration,0.00,,,,2180,2022-07-13,1,3834.75,3760.50,3813.00,3828.00,3789.00,composite,2,3884.00,3804.75,3858.00,3873.00,3846.00,below_range
2022-07-14,3.00,start,migration,0.00,,,,2181,2022-07-14,1,3800.00,3723.75,3756.00,3777.00,3732.00,day,1,3834.75,3760.50,3813.00,3828.00,3789.00,below_range
2022-07-15,3.00,start,migration,0.00,,,,2182,2022-07-15,1,3867.00,3819.75,3852.00,3867.00,3846.00,day,1,3800.00,3723.75,3756.00,3777.00,3732.00,above_range
2022-07-18,3.00,start,migration,0.23,,,,2183,2022-07-18,1,3905.25,3820.25,3891.00,3906.00,3855.00,day,1,3867.00,3819.75,3852.00,3867.00,3846.00,above_range
2022-07-19,3.00,start,migration,0.20,,,,2184,2022-07-19,1,3943.25,3868.00,3927.00,3942.00,3897.00,day,1,3905.25,3820.25,3891.00,3906.00,3855.00,in_value
2022-07-20,3.00,start,migration,0.00,,,,2185,2022-07-20,1,3977.25,3924.75,3960.00,3975.00,3948.00,day,1,3943.25,3868.00,3927.00,3942.00,3897.00,in_value
2022-07-21,3.00,added,,0.61,0.46,False,0.56,2185,2022-07-20,2,4003.00,3924.75,3960.00,3975.00,3936.00,day,1,3977.25,3924.75,3960.00,3975.00,3948.00,in_value
2022-07-22,3.00,added,,0.65,0.47,False,0.46,2185,2022-07-20,3,4016.25,3924.75,3966.00,3981.00,3936.00,composite,2,4003.00,3924.75,3960.00,3975.00,3936.00,above_range
2022-07-25,3.00,added,,1.00,0.50,False,0.33,2185,2022-07-20,4,4016.25,3924.75,3969.00,3978.00,3945.00,composite,3,4016.25,3924.75,3966.00,3981.00,3936.00,in_value
2022-07-26,3.00,start,migration,0.00,,,,2186,2022-07-26,1,3955.00,3913.25,3927.00,3942.00,3915.00,composite,4,4016.25,3924.75,3969.00,3978.00,3945.00,in_value
2022-07-27,3.00,start,migration,0.00,,,,2187,2022-07-27,1,4042.75,3954.50,3975.00,4014.00,3957.00,day,1,3955.00,3913.25,3927.00,3942.00,3915.00,above_range
2022-07-28,3.00,start,migration,0.00,,,,2188,2022-07-28,1,4081.25,3994.50,4047.00,4080.00,4023.00,day,1,4042.75,3954.50,3975.00,4014.00,3957.00,above_value
2022-07-29,3.00,start,migration,0.00,,,,2189,2022-07-29,1,4144.00,4081.00,4107.00,4128.00,4095.00,day,1,4081.25,3994.50,4047.00,4080.00,4023.00,above_range
2022-08-01,3.00,start,migration,0.44,,,,2190,2022-08-01,1,4147.25,4097.00,4128.00,4143.00,4116.00,day,1,4144.00,4081.00,4107.00,4128.00,4095.00,in_value
2022-08-02,3.00,start,migration,0.33,,,,2191,2022-08-02,1,4143.00,4080.50,4110.00,4125.00,4098.00,day,1,4147.25,4097.00,4128.00,4143.00,4116.00,below_value
2022-08-03,3.00,start,migration,0.00,,,,2192,2022-08-03,1,4170.00,4112.50,4158.00,4167.00,4128.00,day,1,4143.00,4080.50,4110.00,4125.00,4098.00,in_value
2022-08-04,3.00,added,,1.00,0.74,False,0.43,2192,2022-08-03,2,4170.00,4112.50,4155.00,4164.00,4137.00,day,1,4170.00,4112.50,4158.00,4167.00,4128.00,in_value
2022-08-05,3.00,start,migration,0.36,,,,2193,2022-08-05,1,4153.25,4107.25,4134.00,4149.00,4116.00,composite,2,4170.00,4112.50,4155.00,4164.00,4137.00,below_range
2022-08-08,3.00,start,migration,0.39,,,,2194,2022-08-08,1,4188.00,4129.25,4140.00,4173.00,4134.00,day,1,4153.25,4107.25,4134.00,4149.00,4116.00,above_range
2022-08-09,3.00,start,migration,0.00,,,,2195,2022-08-09,1,4138.75,4113.00,4122.00,4131.00,4116.00,day,1,4188.00,4129.25,4140.00,4173.00,4134.00,below_value
2022-08-10,3.00,start,migration,0.00,,,,2196,2022-08-10,1,4213.00,4178.50,4200.00,4209.00,4194.00,day,1,4138.75,4113.00,4122.00,4131.00,4116.00,above_range
2022-08-11,3.00,start,migration,0.00,,,,2197,2022-08-11,1,4260.50,4202.75,4230.00,4251.00,4218.00,day,1,4213.00,4178.50,4200.00,4209.00,4194.00,above_range
2022-08-12,3.00,skipped_daytype,,0.69,,,,2197,2022-08-11,1,4260.50,4202.75,4230.00,4251.00,4218.00,day,1,4260.50,4202.75,4230.00,4251.00,4218.00,in_value
2022-08-15,2.50,start,migration,0.00,,,,2198,2022-08-15,1,4304.75,4257.75,4295.00,4302.50,4270.00,older_day,1,4260.50,4202.75,4230.00,4251.00,4218.00,above_value
2022-08-16,2.50,added,,0.55,0.53,False,0.78,2198,2022-08-15,2,4327.50,4257.75,4295.00,4317.50,4280.00,day,1,4304.75,4257.75,4295.00,4302.50,4270.00,in_value
2022-08-17,2.50,start,migration,0.22,,,,2199,2022-08-17,1,4305.25,4255.00,4272.50,4285.00,4262.50,composite,2,4327.50,4257.75,4295.00,4317.50,4280.00,below_value
2022-08-18,2.50,added,,0.86,0.41,False,1.00,2199,2022-08-17,2,4305.25,4255.00,4275.00,4287.50,4265.00,day,1,4305.25,4255.00,4272.50,4285.00,4262.50,in_value
2022-08-19,2.50,start,migration,0.00,,,,2200,2022-08-19,1,4261.75,4220.75,4235.00,4242.50,4225.00,composite,2,4305.25,4255.00,4275.00,4287.50,4265.00,below_value
2022-08-22,2.50,start,migration,0.00,,,,2201,2022-08-22,1,4180.50,4131.50,4155.00,4172.50,4140.00,day,1,4261.75,4220.75,4235.00,4242.50,4225.00,below_range
2022-08-23,2.50,start,migration,0.29,,,,2202,2022-08-23,1,4161.75,4125.00,4137.50,4145.00,4127.50,day,1,4180.50,4131.50,4155.00,4172.50,4140.00,below_value
2022-08-24,2.50,added,,0.71,0.44,False,0.60,2202,2022-08-23,2,4161.75,4121.25,4137.50,4145.00,4127.50,day,1,4161.75,4125.00,4137.50,4145.00,4127.50,in_value
2022-08-25,2.50,start,migration,0.00,,,,2203,2022-08-25,1,4202.75,4147.50,4167.50,4180.00,4157.50,composite,2,4161.75,4121.25,4137.50,4145.00,4127.50,above_value
2022-08-26,2.50,start,migration,0.00,,,,2204,2022-08-26,1,4206.25,4058.25,4110.00,4147.50,4060.00,day,1,4202.75,4147.50,4167.50,4180.00,4157.50,above_value
2022-08-29,2.00,start,migration,0.00,,,,2205,2022-08-29,1,4064.00,4017.00,4044.00,4058.00,4032.00,day,1,4206.25,4058.25,4110.00,4147.50,4060.00,below_range
2022-08-30,2.00,start,migration,0.00,,,,2206,2022-08-30,1,4046.50,3964.50,3982.00,4000.00,3970.00,day,1,4064.00,4017.00,4044.00,4058.00,4032.00,in_value
2022-08-31,2.00,added,,0.87,0.31,False,0.78,2206,2022-08-30,2,4046.50,3954.75,3982.00,4000.00,3970.00,day,1,4046.50,3964.50,3982.00,4000.00,3970.00,above_value
2022-09-01,2.00,start,migration,0.00,,,,2207,2022-09-01,1,3971.25,3903.50,3922.00,3936.00,3906.00,composite,2,4046.50,3954.75,3982.00,4000.00,3970.00,below_range
2022-09-02,2.00,start,migration,0.00,,,,2208,2022-09-02,1,4019.25,3906.00,4004.00,4018.00,3940.00,day,1,3971.25,3903.50,3922.00,3936.00,3906.00,above_range
2022-09-06,2.00,start,migration,0.00,,,,2209,2022-09-06,1,3944.50,3886.75,3914.00,3928.00,3898.00,day,1,4019.25,3906.00,4004.00,4018.00,3940.00,below_value
2022-09-07,2.00,start,migration,0.41,,,,2210,2022-09-07,1,3988.75,3904.50,3936.00,3962.00,3904.00,day,1,3944.50,3886.75,3914.00,3928.00,3898.00,in_value
2022-09-08,2.00,start,migration,0.00,,,,2211,2022-09-08,1,4010.75,3942.75,3984.00,4002.00,3972.00,day,1,3988.75,3904.50,3936.00,3962.00,3904.00,in_value
2022-09-09,2.00,start,migration,0.00,,,,2212,2022-09-09,1,4077.25,4026.25,4062.00,4072.00,4050.00,day,1,4010.75,3942.75,3984.00,4002.00,3972.00,above_range
2022-09-12,2.00,start,migration,0.00,,,,2213,2022-09-12,1,4119.75,4086.00,4104.00,4114.00,4096.00,day,1,4077.25,4026.25,4062.00,4072.00,4050.00,above_range
2022-09-13,2.00,start,migration,0.00,,,,2214,2022-09-13,1,4032.00,3919.75,3984.00,4018.00,3968.00,day,1,4119.75,4086.00,4104.00,4114.00,4096.00,below_range
2022-09-14,2.00,start,roll,,,,,2215,2022-09-14,1,3981.25,3929.00,3964.00,3974.00,3944.00,none,0,,,,,,
2022-09-15,2.00,start,migration,0.35,,,,2216,2022-09-15,1,3977.50,3905.00,3942.00,3956.00,3922.00,day,1,3981.25,3929.00,3964.00,3974.00,3944.00,in_value
2022-09-16,2.00,start,migration,0.00,,,,2217,2022-09-16,1,3895.00,3853.00,3868.00,3882.00,3860.00,day,1,3977.50,3905.00,3942.00,3956.00,3922.00,below_range
2022-09-19,2.00,start,migration,0.39,,,,2218,2022-09-19,1,3918.75,3853.25,3884.00,3898.00,3872.00,day,1,3895.00,3853.00,3868.00,3882.00,3860.00,below_value
2022-09-20,2.00,start,migration,0.46,,,,2219,2022-09-20,1,3893.25,3843.25,3874.00,3884.00,3858.00,day,1,3918.75,3853.25,3884.00,3898.00,3872.00,in_value
2022-09-21,2.00,start,migration,0.48,,,,2220,2022-09-21,1,3925.25,3804.00,3890.00,3908.00,3854.00,day,1,3893.25,3843.25,3874.00,3884.00,3858.00,above_value
2022-09-22,2.00,start,migration,0.00,,,,2221,2022-09-22,1,3806.75,3763.50,3782.00,3788.00,3770.00,day,1,3925.25,3804.00,3890.00,3908.00,3854.00,below_range
2022-09-23,2.00,start,migration,0.00,,,,2222,2022-09-23,1,3735.25,3660.25,3690.00,3712.00,3674.00,day,1,3806.75,3763.50,3782.00,3788.00,3770.00,below_range
2022-09-26,2.50,added,,0.60,0.39,False,1.00,2222,2022-09-23,2,3735.25,3657.50,3687.50,3710.00,3667.50,day,1,3735.25,3660.25,3690.00,3712.00,3674.00,in_value
2022-09-27,2.50,start,migration,0.48,,,,2223,2022-09-27,1,3733.00,3635.25,3652.50,3695.00,3637.50,composite,2,3735.25,3657.50,3687.50,3710.00,3667.50,in_value
2022-09-28,2.50,start,migration,0.21,,,,2224,2022-09-28,1,3751.25,3652.25,3720.00,3732.50,3685.00,day,1,3733.00,3635.25,3652.50,3695.00,3637.50,in_value
2022-09-29,2.50,start,migration,0.00,,,,2225,2022-09-29,1,3697.50,3622.00,3655.00,3662.50,3630.00,day,1,3751.25,3652.25,3720.00,3732.50,3685.00,in_value
2022-09-30,2.50,added,,0.77,0.56,False,0.46,2225,2022-09-29,2,3697.50,3596.50,3652.50,3665.00,3627.50,day,1,3697.50,3622.00,3655.00,3662.50,3630.00,in_value
2022-10-03,2.50,start,migration,0.21,,,,2226,2022-10-03,1,3711.75,3617.00,3665.00,3702.50,3655.00,composite,2,3697.50,3596.50,3652.50,3665.00,3627.50,in_value
2022-10-04,2.50,start,migration,0.00,,,,2227,2022-10-04,1,3805.75,3748.50,3792.50,3805.00,3777.50,day,1,3711.75,3617.00,3665.00,3702.50,3655.00,above_range
2022-10-05,2.50,start,migration,0.48,,,,2228,2022-10-05,1,3820.00,3734.00,3790.00,3802.50,3750.00,day,1,3805.75,3748.50,3792.50,3805.00,3777.50,below_value
2022-10-06,2.50,added,,1.00,0.49,False,1.00,2228,2022-10-05,2,3820.00,3734.00,3775.00,3797.50,3755.00,day,1,3820.00,3734.00,3790.00,3802.50,3750.00,in_value
2022-10-07,2.50,start,migration,0.00,,,,2229,2022-10-07,1,3717.50,3632.50,3677.50,3695.00,3652.50,composite,2,3820.00,3734.00,3775.00,3797.50,3755.00,below_range
2022-10-10,3.00,start,migration,0.00,,,,2230,2022-10-10,1,3665.50,3600.00,3630.00,3645.00,3618.00,day,1,3717.50,3632.50,3677.50,3695.00,3652.50,in_value
2022-10-11,3.00,start,migration,0.35,,,,2231,2022-10-11,1,3653.25,3579.00,3597.00,3636.00,3585.00,day,1,3665.50,3600.00,3630.00,3645.00,3618.00,below_value
2022-10-12,3.00,added,,1.00,0.34,False,0.71,2231,2022-10-11,2,3653.25,3579.00,3603.00,3618.00,3585.00,day,1,3653.25,3579.00,3597.00,3636.00,3585.00,in_value
2022-10-13,3.00,start,migration,0.27,,,,2232,2022-10-13,1,3697.75,3502.00,3672.00,3699.00,3588.00,composite,2,3653.25,3579.00,3603.00,3618.00,3585.00,below_range
2022-10-14,3.00,skipped_shape,,1.00,0.50,False,0.20,2232,2022-10-13,1,3697.75,3502.00,3672.00,3699.00,3588.00,day,1,3697.75,3502.00,3672.00,3699.00,3588.00,above_range
2022-10-17,3.00,skipped_shape,,1.00,0.90,False,0.26,2232,2022-10-13,1,3697.75,3502.00,3672.00,3699.00,3588.00,older_day,1,3697.75,3502.00,3672.00,3699.00,3588.00,in_value
2022-10-18,3.00,start,migration,0.00,,,,2233,2022-10-18,1,3777.25,3697.25,3735.00,3744.00,3705.00,older_day,1,3697.75,3502.00,3672.00,3699.00,3588.00,above_range
2022-10-19,3.00,added,,0.55,0.44,False,1.00,2233,2022-10-18,2,3777.25,3676.75,3720.00,3741.00,3702.00,day,1,3777.25,3697.25,3735.00,3744.00,3705.00,in_value
2022-10-20,3.00,start,migration,0.42,,,,2234,2022-10-20,1,3748.00,3666.25,3681.00,3726.00,3669.00,composite,2,3777.25,3676.75,3720.00,3741.00,3702.00,below_value
2022-10-21,3.00,added,,0.62,0.40,False,0.47,2234,2022-10-20,2,3769.50,3655.50,3699.00,3744.00,3681.00,day,1,3748.00,3666.25,3681.00,3726.00,3669.00,in_value
2022-10-24,3.00,start,migration,0.00,,,,2235,2022-10-24,1,3822.00,3751.75,3789.00,3810.00,3777.00,composite,2,3769.50,3655.50,3699.00,3744.00,3681.00,above_range
2022-10-25,3.00,start,migration,0.00,,,,2236,2022-10-25,1,3874.25,3807.00,3855.00,3864.00,3837.00,day,1,3822.00,3751.75,3789.00,3810.00,3777.00,in_value
2022-10-26,3.00,added,,0.60,0.47,False,0.71,2236,2022-10-25,2,3897.50,3807.00,3849.00,3870.00,3837.00,day,1,3874.25,3807.00,3855.00,3864.00,3837.00,in_value
2022-10-27,3.00,start,migration,0.46,,,,2237,2022-10-27,1,3870.75,3813.50,3828.00,3855.00,3816.00,composite,2,3897.50,3807.00,3849.00,3870.00,3837.00,in_value
2022-10-28,3.00,start,migration,0.00,,,,2238,2022-10-28,1,3916.50,3816.50,3870.00,3915.00,3858.00,day,1,3870.75,3813.50,3828.00,3855.00,3816.00,in_value
2022-10-31,3.00,added,,1.00,0.69,False,0.71,2238,2022-10-28,2,3916.50,3816.50,3885.00,3906.00,3873.00,day,1,3916.50,3816.50,3870.00,3915.00,3858.00,in_value
2022-11-01,3.00,start,migration,0.33,,,,2239,2022-11-01,1,3924.25,3852.50,3867.00,3882.00,3855.00,composite,2,3916.50,3816.50,3885.00,3906.00,3873.00,above_range
2022-11-02,3.00,start,migration,0.39,,,,2240,2022-11-02,1,3907.00,3766.75,3843.00,3882.00,3813.00,day,1,3924.25,3852.50,3867.00,3882.00,3855.00,in_value
2022-11-03,3.00,start,migration,0.00,,,,2241,2022-11-03,1,3758.50,3704.25,3744.00,3753.00,3726.00,day,1,3907.00,3766.75,3843.00,3882.00,3813.00,below_range
2022-11-04,3.00,added,,0.53,0.41,False,0.56,2241,2022-11-03,2,3805.50,3704.25,3744.00,3759.00,3720.00,day,1,3758.50,3704.25,3744.00,3753.00,3726.00,above_range
2022-11-07,3.00,start,migration,0.00,,,,2242,2022-11-07,1,3821.75,3771.25,3786.00,3801.00,3774.00,composite,2,3805.50,3704.25,3744.00,3759.00,3720.00,above_value
2022-11-08,3.00,start,migration,0.00,,,,2243,2022-11-08,1,3867.00,3792.75,3828.00,3861.00,3816.00,day,1,3821.75,3771.25,3786.00,3801.00,3774.00,above_range
2022-11-09,3.00,start,migration,0.07,,,,2244,2022-11-09,1,3825.75,3750.00,3798.00,3819.00,3774.00,day,1,3867.00,3792.75,3828.00,3861.00,3816.00,below_value
2022-11-10,3.00,start,migration,0.00,,,,2245,2022-11-10,1,3965.50,3870.75,3918.00,3939.00,3900.00,day,1,3825.75,3750.00,3798.00,3819.00,3774.00,above_range
2022-11-11,3.00,start,migration,0.00,,,,2246,2022-11-11,1,4009.75,3951.00,3975.00,3996.00,3957.00,day,1,3965.50,3870.75,3918.00,3939.00,3900.00,above_range
2022-11-14,3.00,start,migration,0.46,,,,2247,2022-11-14,1,4017.50,3964.00,3999.00,4014.00,3981.00,day,1,4009.75,3951.00,3975.00,3996.00,3957.00,in_value
2022-11-15,3.00,added,,0.60,0.50,False,1.00,2247,2022-11-14,2,4038.75,3960.00,3999.00,4020.00,3981.00,day,1,4017.50,3964.00,3999.00,4014.00,3981.00,above_range
2022-11-16,3.00,start,migration,0.20,,,,2248,2022-11-16,1,3992.75,3962.00,3975.00,3984.00,3969.00,composite,2,4038.75,3960.00,3999.00,4020.00,3981.00,in_value
2022-11-17,3.00,start,migration,0.00,,,,2249,2022-11-17,1,3962.50,3913.75,3942.00,3957.00,3924.00,day,1,3992.75,3962.00,3975.00,3984.00,3969.00,below_range
2022-11-18,3.00,start,migration,0.29,,,,2250,2022-11-18,1,3991.75,3942.50,3957.00,3972.00,3951.00,day,1,3962.50,3913.75,3942.00,3957.00,3924.00,above_range
2022-11-21,3.00,added,,0.71,0.40,False,0.60,2250,2022-11-18,2,3991.75,3937.50,3957.00,3966.00,3945.00,day,1,3991.75,3942.50,3957.00,3972.00,3951.00,in_value
2022-11-22,3.00,start,migration,0.00,,,,2251,2022-11-22,1,4012.50,3962.75,3984.00,3999.00,3972.00,composite,2,3991.75,3937.50,3957.00,3966.00,3945.00,above_value
2022-11-23,3.00,start,migration,0.00,,,,2252,2022-11-23,1,4039.50,4003.25,4029.00,4032.00,4011.00,day,1,4012.50,3962.75,3984.00,3999.00,3972.00,above_value
2022-11-25,3.00,start,migration,0.00,,,,2253,2022-11-25,1,4039.25,4025.25,4032.00,4041.00,4032.00,day,1,4039.50,4003.25,4029.00,4032.00,4011.00,in_value
2022-11-28,2.00,start,migration,0.00,,,,2254,2022-11-28,1,4017.75,3960.25,3998.00,4016.00,3978.00,day,1,4039.25,4025.25,4032.00,4041.00,4032.00,below_range
2022-11-29,2.00,start,migration,0.00,,,,2255,2022-11-29,1,3981.75,3941.25,3956.00,3970.00,3948.00,day,1,4017.75,3960.25,3998.00,4016.00,3978.00,below_value
2022-11-30,2.00,start,migration,0.28,,,,2256,2022-11-30,1,4083.50,3942.75,3958.00,4020.00,3942.00,day,1,3981.75,3941.25,3956.00,3970.00,3948.00,in_value
2022-12-01,2.00,start,migration,0.00,,,,2257,2022-12-01,1,4110.00,4054.50,4082.00,4092.00,4070.00,day,1,4083.50,3942.75,3958.00,4020.00,3942.00,above_range
2022-12-02,2.00,start,migration,0.07,,,,2258,2022-12-02,1,4085.50,4027.50,4054.00,4072.00,4042.00,day,1,4110.00,4054.50,4082.00,4092.00,4070.00,below_range
2022-12-05,2.00,start,migration,0.04,,,,2259,2022-12-05,1,4055.50,3987.25,4014.00,4044.00,3998.00,day,1,4085.50,4027.50,4054.00,4072.00,4042.00,in_value
2022-12-06,2.00,start,migration,0.00,,,,2260,2022-12-06,1,4005.50,3921.50,3932.00,3966.00,3928.00,day,1,4055.50,3987.25,4014.00,4044.00,3998.00,in_value
2022-12-07,2.00,skipped_shape,,1.00,0.22,False,1.00,2260,2022-12-06,1,4005.50,3921.50,3932.00,3966.00,3928.00,day,1,4005.50,3921.50,3932.00,3966.00,3928.00,in_value
2022-12-08,2.00,added,,0.78,0.50,False,0.39,2260,2022-12-06,2,4005.50,3921.50,3962.00,3972.00,3938.00,older_day,1,4005.50,3921.50,3932.00,3966.00,3928.00,in_value
2022-12-09,2.00,added,,0.82,0.50,False,0.78,2260,2022-12-06,3,4005.50,3921.50,3962.00,3976.00,3946.00,composite,2,4005.50,3921.50,3962.00,3972.00,3938.00,in_value
2022-12-12,2.00,added,,0.85,0.48,False,0.78,2260,2022-12-06,4,4005.50,3921.50,3960.00,3974.00,3944.00,composite,3,4005.50,3921.50,3962.00,3976.00,3946.00,below_value
2022-12-13,2.00,start,migration,0.00,,,,2261,2022-12-13,1,4107.25,3993.50,4020.00,4058.00,4000.00,composite,4,4005.50,3921.50,3960.00,3974.00,3944.00,above_range
2022-12-14,2.00,start,roll,,,,,2262,2022-12-14,1,4090.75,3997.00,4076.00,4086.00,4032.00,none,0,,,,,,
2022-12-15,2.00,start,migration,0.00,,,,2263,2022-12-15,1,3985.25,3908.00,3932.00,3942.00,3912.00,day,1,4090.75,3997.00,4076.00,4086.00,4032.00,below_range
2022-12-16,2.00,start,migration,0.00,,,,2264,2022-12-16,1,3912.50,3855.25,3872.00,3882.00,3856.00,day,1,3985.25,3908.00,3932.00,3942.00,3912.00,below_range
2022-12-19,2.00,added,,0.63,0.42,False,0.39,2264,2022-12-16,2,3912.50,3827.25,3862.00,3888.00,3854.00,day,1,3912.50,3855.25,3872.00,3882.00,3856.00,in_value
2022-12-20,2.00,start,migration,0.44,,,,2265,2022-12-20,1,3866.50,3822.25,3856.00,3862.00,3844.00,composite,2,3912.50,3827.25,3862.00,3888.00,3854.00,below_value
2022-12-21,2.00,start,migration,0.00,,,,2266,2022-12-21,1,3918.75,3870.50,3904.00,3914.00,3896.00,day,1,3866.50,3822.25,3856.00,3862.00,3844.00,above_range
2022-12-22,2.00,start,migration,0.00,,,,2267,2022-12-22,1,3875.50,3788.50,3834.00,3856.00,3806.00,day,1,3918.75,3870.50,3904.00,3914.00,3896.00,below_value
2022-12-23,2.00,start,migration,0.36,,,,2268,2022-12-23,1,3872.50,3821.25,3856.00,3870.00,3848.00,day,1,3875.50,3788.50,3834.00,3856.00,3806.00,in_value
2022-12-27,2.00,skipped_shape,,1.00,0.76,False,0.71,2268,2022-12-23,1,3872.50,3821.25,3856.00,3870.00,3848.00,day,1,3872.50,3821.25,3856.00,3870.00,3848.00,in_value
2022-12-28,2.00,start,migration,0.00,,,,2269,2022-12-28,1,3875.00,3804.50,3832.00,3846.00,3808.00,older_day,1,3872.50,3821.25,3856.00,3870.00,3848.00,in_value
2022-12-29,2.00,start,migration,0.00,,,,2270,2022-12-29,1,3882.75,3829.00,3874.00,3884.00,3862.00,day,1,3875.00,3804.50,3832.00,3846.00,3808.00,in_value
2022-12-30,2.00,start,migration,0.00,,,,2271,2022-12-30,1,3862.25,3821.50,3840.00,3850.00,3828.00,day,1,3882.75,3829.00,3874.00,3884.00,3862.00,below_value
2023-01-03,2.50,skipped_shape,,0.69,0.24,False,0.71,2271,2022-12-30,1,3862.25,3821.50,3840.00,3852.50,3830.00,day,1,3862.25,3821.50,3840.00,3850.00,3828.00,above_range
2023-01-04,2.50,start,migration,0.07,,,,2272,2023-01-04,1,3896.25,3836.50,3865.00,3887.50,3850.00,older_day,1,3862.25,3821.50,3840.00,3852.50,3830.00,above_range
2023-01-05,2.50,start,migration,0.00,,,,2273,2023-01-05,1,3853.50,3822.50,3835.00,3842.50,3825.00,day,1,3896.25,3836.50,3865.00,3887.50,3850.00,in_value
2023-01-06,2.50,start,migration,0.00,,,,2274,2023-01-06,1,3928.75,3829.00,3887.50,3920.00,3857.50,day,1,3853.50,3822.50,3835.00,3842.50,3825.00,above_range
2023-01-09,2.50,start,migration,0.00,,,,2275,2023-01-09,1,3973.25,3911.75,3952.50,3970.00,3932.50,day,1,3928.75,3829.00,3887.50,3920.00,3857.50,above_range
2023-01-10,2.50,start,migration,0.11,,,,2276,2023-01-10,1,3942.00,3897.25,3917.50,3935.00,3912.50,day,1,3973.25,3911.75,3952.50,3970.00,3932.50,below_range
2023-01-11,2.50,start,migration,0.00,,,,2277,2023-01-11,1,3990.75,3948.75,3965.00,3977.50,3955.00,day,1,3942.00,3897.25,3917.50,3935.00,3912.50,above_range
2023-01-12,2.50,start,migration,0.00,,,,2278,2023-01-12,1,4018.50,3957.25,3995.00,4012.50,3980.00,day,1,3990.75,3948.75,3965.00,3977.50,3955.00,above_range
2023-01-13,2.50,added,,1.00,0.59,False,0.71,2278,2023-01-12,2,4024.25,3957.25,3995.00,4012.50,3985.00,day,1,4018.50,3957.25,3995.00,4012.50,3980.00,below_value
2023-01-17,2.50,start,migration,0.40,,,,2279,2023-01-17,1,4035.25,4002.75,4012.50,4020.00,4007.50,composite,2,4024.25,3957.25,3995.00,4012.50,3985.00,above_value
2023-01-18,2.50,start,migration,0.00,,,,2280,2023-01-18,1,4033.50,3943.75,3965.00,4007.50,3950.00,day,1,4035.25,4002.75,4012.50,4020.00,4007.50,above_value
2023-01-19,2.50,start,migration,0.00,,,,2281,2023-01-19,1,3940.25,3901.75,3920.00,3932.50,3910.00,day,1,4033.50,3943.75,3965.00,4007.50,3950.00,below_range
2023-01-20,2.50,start,migration,0.26,,,,2282,2023-01-20,1,3990.50,3912.25,3950.00,3967.50,3920.00,day,1,3940.25,3901.75,3920.00,3932.50,3910.00,in_value
2023-01-23,2.50,start,migration,0.00,,,,2283,2023-01-23,1,4056.75,3986.25,4032.50,4050.00,4017.50,day,1,3990.50,3912.25,3950.00,3967.50,3920.00,above_range
2023-01-24,2.50,added,,1.00,0.67,False,0.71,2283,2023-01-23,2,4056.75,3986.25,4032.50,4045.00,4017.50,day,1,4056.75,3986.25,4032.50,4050.00,4017.50,in_value
2023-01-25,2.50,start,migration,0.05,,,,2284,2023-01-25,1,4035.75,3963.25,3997.50,4020.00,3967.50,composite,2,4056.75,3986.25,4032.50,4045.00,4017.50,below_value
2023-01-26,2.50,start,migration,0.00,,,,2285,2023-01-26,1,4077.00,4027.25,4052.50,4065.00,4037.50,day,1,4035.75,3963.25,3997.50,4020.00,3967.50,above_range
2023-01-27,2.50,start,migration,0.00,,,,2286,2023-01-27,1,4109.25,4061.75,4087.50,4100.00,4072.50,day,1,4077.00,4027.25,4052.50,4065.00,4037.50,in_value
2023-01-30,2.50,start,migration,0.00,,,,2287,2023-01-30,1,4078.00,4029.50,4052.50,4065.00,4042.50,day,1,4109.25,4061.75,4087.50,4100.00,4072.50,below_range
2023-01-31,2.50,added,,0.61,0.48,False,0.71,2287,2023-01-30,2,4091.25,4029.50,4057.50,4070.00,4042.50,day,1,4078.00,4029.50,4052.50,4065.00,4042.50,below_value
2023-02-01,2.50,start,migration,0.38,,,,2288,2023-02-01,1,4163.25,4048.50,4070.00,4102.50,4050.00,composite,2,4091.25,4029.50,4057.50,4070.00,4042.50,above_value
2023-02-02,2.50,start,migration,0.00,,,,2289,2023-02-02,1,4208.50,4153.25,4190.00,4197.50,4170.00,day,1,4163.25,4048.50,4070.00,4102.50,4050.00,above_range
2023-02-03,2.50,start,migration,0.23,,,,2290,2023-02-03,1,4194.00,4135.00,4152.50,4180.00,4137.50,day,1,4208.50,4153.25,4190.00,4197.50,4170.00,below_range
2023-02-06,2.50,start,migration,0.00,,,,2291,2023-02-06,1,4136.50,4104.00,4122.50,4130.00,4112.50,day,1,4194.00,4135.00,4152.50,4180.00,4137.50,below_range
2023-02-07,2.50,start,migration,0.33,,,,2292,2023-02-07,1,4188.25,4098.25,4120.00,4157.50,4105.00,day,1,4136.50,4104.00,4122.50,4130.00,4112.50,below_value
2023-02-08,2.50,added,,1.00,0.39,False,0.54,2292,2023-02-07,2,4188.25,4098.25,4132.50,4165.00,4117.50,day,1,4188.25,4098.25,4120.00,4157.50,4105.00,in_value
2023-02-09,2.50,added,,0.61,0.50,False,0.82,2292,2023-02-07,3,4188.25,4078.25,4132.50,4160.00,4112.50,composite,2,4188.25,4098.25,4132.50,4165.00,4117.50,above_value
2023-02-10,2.50,start,migration,0.00,,,,2293,2023-02-10,1,4104.25,4069.75,4085.00,4097.50,4080.00,composite,3,4188.25,4078.25,4132.50,4160.00,4112.50,below_value
2023-02-13,2.50,start,migration,0.00,,,,2294,2023-02-13,1,4149.50,4101.50,4137.50,4150.00,4132.50,day,1,4104.25,4069.75,4085.00,4097.50,4080.00,above_range
2023-02-14,2.50,added,,0.54,0.53,False,1.00,2294,2023-02-13,2,4170.00,4101.50,4137.50,4155.00,4122.50,day,1,4149.50,4101.50,4137.50,4150.00,4132.50,below_value
2023-02-15,2.50,added,,1.00,0.53,False,0.71,2294,2023-02-13,3,4170.00,4101.50,4137.50,4150.00,4122.50,composite,2,4170.00,4101.50,4137.50,4155.00,4122.50,below_value
2023-02-16,2.50,added,,0.82,0.56,False,0.71,2294,2023-02-13,4,4170.00,4097.25,4137.50,4150.00,4122.50,composite,3,4170.00,4101.50,4137.50,4150.00,4122.50,below_value
2023-02-17,2.50,start,migration,0.00,,,,2295,2023-02-17,1,4090.50,4055.75,4067.50,4080.00,4057.50,composite,4,4170.00,4097.25,4137.50,4150.00,4122.50,below_range
2023-02-21,2.50,start,migration,0.00,,,,2296,2023-02-21,1,4056.25,4002.00,4015.00,4032.50,4005.00,day,1,4090.50,4055.75,4067.50,4080.00,4057.50,below_range
2023-02-22,2.50,added,,0.56,0.45,False,0.56,2296,2023-02-21,2,4056.25,3983.75,4015.00,4027.50,3995.00,day,1,4056.25,4002.00,4015.00,4032.50,4005.00,in_value
2023-02-23,2.50,added,,0.53,0.52,False,0.46,2296,2023-02-21,3,4056.25,3974.25,4015.00,4027.50,3990.00,composite,2,4056.25,3983.75,4015.00,4027.50,3995.00,above_value
2023-02-24,2.50,start,migration,0.00,,,,2297,2023-02-24,1,3984.00,3947.50,3965.00,3977.50,3955.00,composite,3,4056.25,3974.25,4015.00,4027.50,3990.00,below_range
2023-02-27,2.00,start,migration,0.00,,,,2298,2023-02-27,1,4024.75,3978.50,3996.00,4010.00,3984.00,day,1,3984.00,3947.50,3965.00,3977.50,3955.00,above_range
2023-02-28,2.00,added,,0.73,0.48,False,0.33,2298,2023-02-27,2,4024.75,3971.75,3996.00,4002.00,3980.00,day,1,4024.75,3978.50,3996.00,4010.00,3984.00,below_value
2023-03-01,2.00,start,migration,0.00,,,,2299,2023-03-01,1,3976.50,3943.00,3956.00,3970.00,3952.00,composite,2,4024.75,3971.75,3996.00,4002.00,3980.00,below_range
2023-03-02,2.00,start,migration,0.43,,,,2300,2023-03-02,1,3995.25,3931.00,3948.00,3974.00,3932.00,day,1,3976.50,3943.00,3956.00,3970.00,3952.00,below_range
2023-03-03,2.00,start,migration,0.00,,,,2301,2023-03-03,1,4053.00,3998.00,4016.00,4038.00,4000.00,day,1,3995.25,3931.00,3948.00,3974.00,3932.00,above_range
2023-03-06,2.00,start,migration,0.00,,,,2302,2023-03-06,1,4082.50,4048.00,4074.00,4080.00,4058.00,day,1,4053.00,3998.00,4016.00,4038.00,4000.00,above_range
2023-03-07,2.00,start,migration,0.00,,,,2303,2023-03-07,1,4054.00,3982.50,4016.00,4034.00,3992.00,day,1,4082.50,4048.00,4074.00,4080.00,4058.00,below_value
2023-03-08,2.00,start,migration,0.22,,,,2304,2023-03-08,1,4003.25,3971.50,3986.00,3996.00,3978.00,day,1,4054.00,3982.50,4016.00,4034.00,3992.00,below_value
2023-03-09,2.00,start,migration,0.26,,,,2305,2023-03-09,1,4019.75,3909.50,3996.00,4018.00,3948.00,day,1,4003.25,3971.50,3986.00,3996.00,3978.00,above_value
2023-03-10,2.00,start,migration,0.00,,,,2306,2023-03-10,1,3934.75,3846.25,3886.00,3916.00,3866.00,day,1,4019.75,3909.50,3996.00,4018.00,3948.00,below_value
2023-03-13,2.00,added,,0.74,0.56,False,0.85,2306,2023-03-10,2,3934.75,3810.00,3880.00,3902.00,3856.00,day,1,3934.75,3846.25,3886.00,3916.00,3866.00,below_range
2023-03-14,2.00,start,migration,0.21,,,,2307,2023-03-14,1,3938.00,3873.00,3922.00,3932.00,3894.00,composite,2,3934.75,3810.00,3880.00,3902.00,3856.00,above_value
2023-03-15,2.00,start,roll,,,,,2308,2023-03-15,1,3928.75,3869.50,3888.00,3914.00,3876.00,none,0,,,,,,
2023-03-16,2.00,start,migration,0.00,,,,2309,2023-03-16,1,3999.00,3895.00,3984.00,3998.00,3940.00,day,1,3928.75,3869.50,3888.00,3914.00,3876.00,in_value
2023-03-17,2.00,added,,0.92,0.52,False,0.41,2309,2023-03-16,2,3999.00,3895.00,3948.00,3982.00,3936.00,day,1,3999.00,3895.00,3984.00,3998.00,3940.00,in_value
2023-03-20,2.00,skipped_shape,,0.77,0.76,False,0.47,2309,2023-03-16,2,3999.00,3895.00,3948.00,3982.00,3936.00,composite,2,3999.00,3895.00,3948.00,3982.00,3936.00,in_value
2023-03-21,2.00,start,migration,0.00,,,,2310,2023-03-21,1,4043.25,4003.50,4018.00,4024.00,4006.00,composite,2,3999.00,3895.00,3948.00,3982.00,3936.00,above_range
2023-03-22,2.00,start,migration,0.21,,,,2311,2023-03-22,1,4073.75,3967.75,4032.00,4054.00,4016.00,day,1,4043.25,4003.50,4018.00,4024.00,4006.00,above_value
2023-03-23,2.00,start,migration,0.31,,,,2312,2023-03-23,1,4039.50,3948.50,3992.00,4034.00,3976.00,day,1,4073.75,3967.75,4032.00,4054.00,4016.00,below_value
2023-03-24,2.00,start,migration,0.32,,,,2313,2023-03-24,1,4003.50,3937.50,3970.00,3988.00,3950.00,day,1,4039.50,3948.50,3992.00,4034.00,3976.00,below_value
2023-03-27,2.50,start,migration,0.00,,,,2314,2023-03-27,1,4034.25,4000.25,4017.50,4025.00,4007.50,day,1,4003.50,3937.50,3970.00,3988.00,3950.00,above_range
2023-03-28,2.50,start,migration,0.00,,,,2315,2023-03-28,1,4009.50,3980.75,3995.00,4007.50,3985.00,day,1,4034.25,4000.25,4017.50,4025.00,4007.50,below_value
2023-03-29,2.50,start,migration,0.00,,,,2316,2023-03-29,1,4061.25,4032.00,4042.50,4050.00,4037.50,day,1,4009.50,3980.75,3995.00,4007.50,3985.00,above_range
2023-03-30,2.50,start,migration,0.00,,,,2317,2023-03-30,1,4087.75,4061.25,4075.00,4082.50,4065.00,day,1,4061.25,4032.00,4042.50,4050.00,4037.50,above_range
2023-03-31,2.50,start,migration,0.00,,,,2318,2023-03-31,1,4141.25,4088.50,4115.00,4127.50,4100.00,day,1,4087.75,4061.25,4075.00,4082.50,4065.00,above_range
2023-04-03,2.50,start,migration,0.00,,,,2319,2023-04-03,1,4157.75,4127.75,4137.50,4150.00,4132.50,day,1,4141.25,4088.50,4115.00,4127.50,4100.00,above_value
2023-04-04,2.50,start,migration,0.33,,,,2320,2023-04-04,1,4163.25,4115.25,4127.50,4140.00,4117.50,day,1,4157.75,4127.75,4137.50,4150.00,4132.50,above_range
2023-04-05,2.50,start,migration,0.00,,,,2321,2023-04-05,1,4127.75,4099.00,4110.00,4117.50,4100.00,day,1,4163.25,4115.25,4127.50,4140.00,4117.50,in_value
2023-04-06,2.50,start,migration,0.36,,,,2322,2023-04-06,1,4135.25,4096.50,4127.50,4135.00,4107.50,day,1,4127.75,4099.00,4110.00,4117.50,4100.00,in_value
2023-04-10,2.50,skipped_shape,,0.64,0.75,True,0.33,2322,2023-04-06,1,4135.25,4096.50,4127.50,4135.00,4107.50,day,1,4135.25,4096.50,4127.50,4135.00,4107.50,below_value
2023-04-11,2.50,start,migration,0.00,,,,2323,2023-04-11,1,4151.75,4128.75,4140.00,4147.50,4135.00,older_day,1,4135.25,4096.50,4127.50,4135.00,4107.50,above_range
2023-04-12,2.50,start,migration,0.46,,,,2324,2023-04-12,1,4161.00,4113.50,4142.50,4155.00,4127.50,day,1,4151.75,4128.75,4140.00,4147.50,4135.00,above_range
2023-04-13,2.50,added,,0.65,0.48,False,0.56,2324,2023-04-12,2,4177.00,4113.50,4142.50,4155.00,4122.50,day,1,4161.00,4113.50,4142.50,4155.00,4127.50,in_value
2023-04-14,2.50,start,migration,0.46,,,,2325,2023-04-14,1,4189.00,4138.00,4152.50,4170.00,4142.50,composite,2,4177.00,4113.50,4142.50,4155.00,4122.50,above_value
2023-04-17,1.50,added,,1.00,0.33,False,0.46,2325,2023-04-14,2,4189.00,4138.00,4153.50,4170.00,4147.50,day,1,4189.00,4138.00,4152.50,4170.00,4142.50,in_value
2023-04-18,1.50,start,migration,0.11,,,,2326,2023-04-18,1,4194.75,4164.50,4174.50,4182.00,4168.50,composite,2,4189.00,4138.00,4153.50,4170.00,4147.50,above_range
2023-04-19,1.50,added,,0.82,0.56,False,0.43,2326,2023-04-18,2,4194.75,4157.75,4177.50,4182.00,4168.50,day,1,4194.75,4164.50,4174.50,4182.00,4168.50,below_range
2023-04-20,1.50,start,migration,0.00,,,,2327,2023-04-20,1,4171.75,4137.00,4152.00,4165.50,4143.00,composite,2,4194.75,4157.75,4177.50,4182.00,4168.50,below_range
2023-04-21,1.50,added,,1.00,0.48,False,0.71,2327,2023-04-20,2,4171.75,4135.25,4152.00,4159.50,4143.00,day,1,4171.75,4137.00,4152.00,4165.50,4143.00,in_value
2023-04-24,1.50,added,,0.91,0.48,False,0.71,2327,2023-04-20,3,4171.75,4135.25,4152.00,4159.50,4143.00,composite,2,4171.75,4135.25,4152.00,4159.50,4143.00,in_value
2023-04-25,1.50,start,migration,0.00,,,,2328,2023-04-25,1,4144.25,4092.25,4102.50,4128.00,4093.50,composite,3,4171.75,4135.25,4152.00,4159.50,4143.00,below_value
2023-04-26,1.50,start,migration,0.47,,,,2329,2023-04-26,1,4109.75,4068.75,4101.00,4105.50,4080.00,day,1,4144.25,4092.25,4102.50,4128.00,4093.50,in_value
2023-04-27,1.50,start,migration,0.15,,,,2330,2023-04-27,1,4157.50,4097.25,4114.50,4140.00,4099.50,day,1,4109.75,4068.75,4101.00,4105.50,4080.00,in_value
2023-04-28,1.50,start,migration,0.00,,,,2331,2023-04-28,1,4190.00,4143.75,4176.00,4186.50,4164.00,day,1,4157.50,4097.25,4114.50,4140.00,4099.50,above_value
2023-05-01,1.50,start,migration,0.00,,,,2332,2023-05-01,1,4206.25,4182.25,4197.00,4201.50,4188.00,day,1,4190.00,4143.75,4176.00,4186.50,4164.00,in_value
2023-05-02,1.50,start,migration,0.00,,,,2333,2023-05-02,1,4177.25,4105.50,4137.00,4141.50,4113.00,day,1,4206.25,4182.25,4197.00,4201.50,4188.00,below_range
2023-05-03,1.50,start,migration,0.40,,,,2334,2023-05-03,1,4167.00,4105.00,4141.50,4155.00,4132.50,day,1,4177.25,4105.50,4137.00,4141.50,4113.00,in_value
2023-05-04,1.50,start,migration,0.00,,,,2335,2023-05-04,1,4098.25,4062.25,4080.00,4087.50,4071.00,day,1,4167.00,4105.00,4141.50,4155.00,4132.50,below_range
2023-05-05,1.50,start,migration,0.00,,,,2336,2023-05-05,1,4163.25,4111.50,4135.50,4155.00,4123.50,day,1,4098.25,4062.25,4080.00,4087.50,4071.00,above_range
2023-05-08,1.50,added,,1.00,0.73,False,0.46,2336,2023-05-05,2,4163.25,4111.50,4149.00,4156.50,4134.00,day,1,4163.25,4111.50,4135.50,4155.00,4123.50,in_value
2023-05-09,1.50,skipped_shape,,1.00,0.47,False,0.27,2336,2023-05-05,2,4163.25,4111.50,4149.00,4156.50,4134.00,composite,2,4163.25,4111.50,4149.00,4156.50,4134.00,in_value
2023-05-10,1.50,added,,0.68,0.65,False,0.39,2336,2023-05-05,3,4169.50,4111.50,4149.00,4156.50,4131.00,composite,2,4163.25,4111.50,4149.00,4156.50,4134.00,above_value
2023-05-11,1.50,added,,1.00,0.42,False,0.39,2336,2023-05-05,4,4169.50,4111.50,4135.50,4155.00,4129.50,composite,3,4169.50,4111.50,4149.00,4156.50,4131.00,in_value
2023-05-12,1.50,start,migration,0.35,,,,2337,2023-05-12,1,4158.25,4111.75,4125.00,4138.50,4113.00,composite,4,4169.50,4111.50,4135.50,4155.00,4129.50,above_value
2023-05-15,1.50,start,migration,0.27,,,,2338,2023-05-15,1,4155.25,4123.00,4140.00,4150.50,4134.00,day,1,4158.25,4111.75,4125.00,4138.50,4113.00,above_value
2023-05-16,1.50,added,,0.86,0.50,False,0.43,2338,2023-05-15,2,4155.25,4122.50,4138.50,4143.00,4129.50,day,1,4155.25,4123.00,4140.00,4150.50,4134.00,in_value
2023-05-17,1.50,start,migration,0.11,,,,2339,2023-05-17,1,4179.00,4125.75,4171.50,4179.00,4138.50,composite,2,4155.25,4122.50,4138.50,4143.00,4129.50,above_value
2023-05-18,1.50,start,migration,0.20,,,,2340,2023-05-18,1,4215.50,4164.75,4186.50,4197.00,4174.50,day,1,4179.00,4125.75,4171.50,4179.00,4138.50,in_value
2023-05-19,1.50,start,migration,0.31,,,,2341,2023-05-19,1,4225.75,4191.50,4203.00,4210.50,4191.00,day,1,4215.50,4164.75,4186.50,4197.00,4174.50,above_range
2023-05-22,1.50,added,,0.67,0.40,False,1.00,2341,2023-05-19,2,4225.75,4191.00,4204.50,4215.00,4195.50,day,1,4225.75,4191.50,4203.00,4210.50,4191.00,in_value
2023-05-23,1.50,start,migration,0.14,,,,2342,2023-05-23,1,4198.50,4153.00,4189.50,4200.00,4168.50,composite,2,4225.75,4191.00,4204.50,4215.00,4195.50,below_range
2023-05-24,1.50,start,migration,0.00,,,,2343,2023-05-24,1,4143.75,4114.00,4125.00,4129.50,4116.00,day,1,4198.50,4153.00,4189.50,4200.00,4168.50,below_range
2023-05-25,1.50,start,migration,0.00,,,,2344,2023-05-25,1,4175.50,4137.50,4153.50,4164.00,4144.50,day,1,4143.75,4114.00,4125.00,4129.50,4116.00,above_range
2023-05-26,1.50,start,migration,0.00,,,,2345,2023-05-26,1,4221.25,4165.50,4210.50,4221.00,4195.50,day,1,4175.50,4137.50,4153.50,4164.00,4144.50,above_value
2023-05-30,1.50,added,,0.82,0.62,False,1.00,2345,2023-05-26,2,4238.50,4165.50,4210.50,4221.00,4201.50,day,1,4221.25,4165.50,4210.50,4221.00,4195.50,above_range
2023-05-31,1.50,start,migration,0.00,,,,2346,2023-05-31,1,4204.50,4174.00,4192.50,4197.00,4177.50,composite,2,4238.50,4165.50,4210.50,4221.00,4201.50,below_value
2023-06-01,1.50,start,migration,0.00,,,,2347,2023-06-01,1,4239.75,4178.00,4227.00,4240.50,4200.00,day,1,4204.50,4174.00,4192.50,4197.00,4177.50,in_value
2023-06-02,1.50,start,migration,0.00,,,,2348,2023-06-02,1,4297.75,4249.00,4285.50,4296.00,4267.50,day,1,4239.75,4178.00,4227.00,4240.50,4200.00,above_range
2023-06-05,1.50,added,,0.54,0.73,False,0.78,2348,2023-06-02,2,4305.75,4249.00,4290.00,4300.50,4278.00,day,1,4297.75,4249.00,4285.50,4296.00,4267.50,in_value
2023-06-06,1.50,added,,0.89,0.65,False,0.78,2348,2023-06-02,3,4305.75,4249.00,4285.50,4296.00,4273.50,composite,2,4305.75,4249.00,4290.00,4300.50,4278.00,below_value
2023-06-07,1.50,added,,0.82,0.65,False,0.78,2348,2023-06-02,4,4305.75,4249.00,4285.50,4296.00,4273.50,composite,3,4305.75,4249.00,4285.50,4296.00,4273.50,in_value
2023-06-08,1.50,added,,0.82,0.65,False,0.78,2348,2023-06-02,5,4305.75,4249.00,4285.50,4296.00,4273.50,composite,4,4305.75,4249.00,4285.50,4296.00,4273.50,below_value
2023-06-09,1.50,start,migration,0.00,,,,2349,2023-06-09,1,4325.50,4294.00,4306.50,4317.00,4300.50,composite,5,4305.75,4249.00,4285.50,4296.00,4273.50,above_value
2023-06-12,1.50,skipped_daytype,,0.55,,,,2349,2023-06-09,1,4325.50,4294.00,4306.50,4317.00,4300.50,day,1,4325.50,4294.00,4306.50,4317.00,4300.50,in_value
2023-06-13,1.50,start,migration,0.00,,,,2350,2023-06-13,1,4377.75,4350.75,4365.00,4375.50,4362.00,older_day,1,4325.50,4294.00,4306.50,4317.00,4300.50,above_range
2023-06-14,1.50,start,roll,,,,,2351,2023-06-14,1,4439.50,4383.50,4417.50,4434.00,4405.50,none,0,,,,,,
2023-06-15,1.50,start,migration,0.10,,,,2352,2023-06-15,1,4485.50,4407.25,4453.50,4473.00,4429.50,day,1,4439.50,4383.50,4417.50,4434.00,4405.50,in_value
2023-06-16,1.50,start,migration,0.27,,,,2353,2023-06-16,1,4493.50,4451.00,4474.50,4485.00,4468.50,day,1,4485.50,4407.25,4453.50,4473.00,4429.50,above_range
2023-06-20,1.50,start,migration,0.00,,,,2354,2023-06-20,1,4444.75,4410.50,4434.00,4444.50,4422.00,day,1,4493.50,4451.00,4474.50,4485.00,4468.50,below_range
2023-06-21,1.50,start,migration,0.00,,,,2355,2023-06-21,1,4430.75,4403.50,4414.50,4422.00,4408.50,day,1,4444.75,4410.50,4434.00,4444.50,4422.00,in_value
2023-06-22,1.50,added,,0.78,0.58,False,0.43,2355,2023-06-21,2,4430.75,4393.75,4414.50,4419.00,4405.50,day,1,4430.75,4403.50,4414.50,4422.00,4408.50,below_range
2023-06-23,1.50,start,migration,0.00,,,,2356,2023-06-23,1,4408.00,4381.50,4395.00,4399.50,4386.00,composite,2,4430.75,4393.75,4414.50,4419.00,4405.50,below_range
2023-06-26,1.50,start,migration,0.27,,,,2357,2023-06-26,1,4403.00,4368.50,4383.00,4390.50,4374.00,day,1,4408.00,4381.50,4395.00,4399.50,4386.00,below_value
2023-06-27,1.50,start,migration,0.08,,,,2358,2023-06-27,1,4424.75,4374.50,4417.50,4425.00,4387.50,day,1,4403.00,4368.50,4383.00,4390.50,4374.00,in_value
2023-06-28,1.50,added,,1.00,0.62,False,0.78,2358,2023-06-27,2,4430.25,4374.50,4408.50,4422.00,4399.50,day,1,4424.75,4374.50,4417.50,4425.00,4387.50,in_value
2023-06-29,1.50,start,migration,0.11,,,,2359,2023-06-29,1,4437.75,4409.75,4426.50,4434.00,4420.50,composite,2,4430.25,4374.50,4408.50,4422.00,4399.50,in_value
2023-06-30,1.50,start,migration,0.00,,,,2360,2023-06-30,1,4498.00,4465.00,4489.50,4497.00,4477.50,day,1,4437.75,4409.75,4426.50,4434.00,4420.50,above_range
2023-07-03,1.50,skipped_shape,,1.00,0.76,False,0.33,2360,2023-06-30,1,4498.00,4465.00,4489.50,4497.00,4477.50,day,1,4498.00,4465.00,4489.50,4497.00,4477.50,in_value
2023-07-05,1.50,added,,1.00,0.63,False,1.00,2360,2023-06-30,2,4498.00,4465.00,4485.00,4492.50,4479.00,older_day,1,4498.00,4465.00,4489.50,4497.00,4477.50,below_value
2023-07-06,1.50,start,migration,0.00,,,,2361,2023-07-06,1,4451.00,4419.50,4444.50,4449.00,4429.50,composite,2,4498.00,4465.00,4485.00,4492.50,4479.00,below_range
2023-07-07,1.50,added,,0.58,0.45,False,0.54,2361,2023-07-06,2,4476.00,4419.50,4444.50,4455.00,4426.50,day,1,4451.00,4419.50,4444.50,4449.00,4429.50,in_value
2023-07-10,1.50,added,,1.00,0.40,False,0.78,2361,2023-07-06,3,4476.00,4419.50,4441.50,4452.00,4429.50,composite,2,4476.00,4419.50,4444.50,4455.00,4426.50,in_value
2023-07-11,1.50,start,migration,0.22,,,,2362,2023-07-11,1,4478.50,4442.00,4455.00,4462.50,4449.00,composite,3,4476.00,4419.50,4441.50,4452.00,4429.50,above_value
2023-07-12,1.50,start,migration,0.00,,,,2363,2023-07-12,1,4523.75,4497.00,4509.00,4516.50,4503.00,day,1,4478.50,4442.00,4455.00,4462.50,4449.00,above_range
2023-07-13,1.50,start,migration,0.00,,,,2364,2023-07-13,1,4551.50,4521.25,4531.50,4539.00,4525.50,day,1,4523.75,4497.00,4509.00,4516.50,4503.00,above_range
2023-07-14,1.50,start,migration,0.09,,,,2365,2023-07-14,1,4560.50,4531.00,4543.50,4554.00,4537.50,day,1,4551.50,4521.25,4531.50,4539.00,4525.50,above_value
2023-07-17,1.50,added,,0.78,0.52,False,1.00,2365,2023-07-14,2,4565.75,4531.00,4548.00,4558.50,4539.00,day,1,4560.50,4531.00,4543.50,4554.00,4537.50,below_value
2023-07-18,1.50,start,migration,0.00,,,,2366,2023-07-18,1,4594.50,4545.25,4576.50,4593.00,4561.50,composite,2,4565.75,4531.00,4548.00,4558.50,4539.00,in_value
2023-07-19,1.50,start,migration,0.11,,,,2367,2023-07-19,1,4609.25,4588.50,4597.50,4605.00,4591.50,day,1,4594.50,4545.25,4576.50,4593.00,4561.50,above_range
2023-07-20,1.50,start,migration,0.07,,,,2368,2023-07-20,1,4594.25,4557.25,4576.50,4593.00,4570.50,day,1,4609.25,4588.50,4597.50,4605.00,4591.50,below_range
2023-07-21,1.50,added,,0.78,0.50,False,0.71,2368,2023-07-20,2,4594.25,4557.25,4575.00,4582.50,4566.00,day,1,4594.25,4557.25,4576.50,4593.00,4570.50,in_value
2023-07-24,1.50,start,migration,0.43,,,,2369,2023-07-24,1,4592.50,4568.75,4584.00,4588.50,4578.00,composite,2,4594.25,4557.25,4575.00,4582.50,4566.00,in_value
2023-07-25,1.50,start,migration,0.09,,,,2370,2023-07-25,1,4608.75,4579.50,4599.00,4603.50,4587.00,day,1,4592.50,4568.75,4584.00,4588.50,4578.00,in_value
2023-07-26,1.50,added,,0.56,0.34,False,0.56,2370,2023-07-25,2,4610.75,4573.75,4585.50,4599.00,4579.50,day,1,4608.75,4579.50,4599.00,4603.50,4587.00,below_value
2023-07-27,1.50,start,migration,0.34,,,,2371,2023-07-27,1,4633.50,4553.75,4614.00,4633.50,4581.00,composite,2,4610.75,4573.75,4585.50,4599.00,4579.50,above_range
2023-07-28,1.50,skipped_shape,,1.00,0.59,False,0.29,2371,2023-07-27,1,4633.50,4553.75,4614.00,4633.50,4581.00,day,1,4633.50,4553.75,4614.00,4633.50,4581.00,in_value
2023-07-31,1.00,added,,1.00,0.65,False,0.37,2371,2023-07-27,2,4633.50,4553.75,4605.00,4624.00,4599.00,older_day,1,4633.50,4553.75,4614.00,4633.50,4581.00,in_value
2023-08-01,1.00,added,,0.56,0.62,False,0.53,2371,2023-07-27,3,4633.50,4553.75,4603.00,4620.00,4595.00,composite,2,4633.50,4553.75,4605.00,4624.00,4599.00,in_value
2023-08-02,1.00,start,migration,0.00,,,,2372,2023-08-02,1,4570.25,4527.75,4541.00,4552.00,4535.00,composite,3,4633.50,4553.75,4603.00,4620.00,4595.00,below_value
2023-08-03,1.00,start,migration,0.00,,,,2373,2023-08-03,1,4540.50,4505.75,4526.00,4535.00,4516.00,day,1,4570.25,4527.75,4541.00,4552.00,4535.00,below_range
2023-08-04,1.00,start,migration,0.39,,,,2374,2023-08-04,1,4560.75,4493.75,4546.00,4559.00,4520.00,day,1,4540.50,4505.75,4526.00,4535.00,4516.00,above_value
2023-08-07,1.00,added,,0.93,0.51,False,1.00,2374,2023-08-04,2,4560.75,4493.75,4527.00,4544.00,4511.00,day,1,4560.75,4493.75,4546.00,4559.00,4520.00,below_value
2023-08-08,1.00,start,migration,0.00,,,,2375,2023-08-08,1,4522.25,4482.00,4492.00,4505.00,4484.00,composite,2,4560.75,4493.75,4527.00,4544.00,4511.00,below_value
2023-08-09,1.00,skipped_daytype,,0.52,,,,2375,2023-08-08,1,4522.25,4482.00,4492.00,4505.00,4484.00,day,1,4522.25,4482.00,4492.00,4505.00,4484.00,above_value
2023-08-10,1.00,added,,0.51,0.27,False,0.39,2375,2023-08-08,2,4544.75,4473.50,4492.00,4515.00,4484.00,older_day,1,4522.25,4482.00,4492.00,4505.00,4484.00,above_value
2023-08-11,1.00,start,migration,0.13,,,,2376,2023-08-11,1,4493.00,4459.00,4477.00,4486.00,4471.00,composite,2,4544.75,4473.50,4492.00,4515.00,4484.00,below_range
2023-08-14,1.00,start,migration,0.00,,,,2377,2023-08-14,1,4507.00,4469.00,4493.00,4502.00,4489.00,day,1,4493.00,4459.00,4477.00,4486.00,4471.00,in_value
2023-08-15,1.00,start,migration,0.00,,,,2378,2023-08-15,1,4491.00,4447.00,4466.00,4477.00,4460.00,day,1,4507.00,4469.00,4493.00,4502.00,4489.00,below_value
2023-08-16,1.00,start,migration,0.07,,,,2379,2023-08-16,1,4465.50,4418.50,4441.00,4462.00,4435.00,day,1,4491.00,4447.00,4466.00,4477.00,4460.00,below_value
2023-08-17,1.00,start,migration,0.00,,,,2380,2023-08-17,1,4435.75,4378.50,4421.00,4430.00,4401.00,day,1,4465.50,4418.50,4441.00,4462.00,4435.00,below_value
2023-08-18,1.00,start,migration,0.00,,,,2381,2023-08-18,1,4396.00,4350.00,4378.00,4387.00,4366.00,day,1,4435.75,4378.50,4421.00,4430.00,4401.00,below_range
2023-08-21,1.50,start,migration,0.18,,,,2382,2023-08-21,1,4421.00,4372.25,4387.50,4407.00,4381.50,day,1,4396.00,4350.00,4378.00,4387.00,4366.00,above_value
2023-08-22,1.50,added,,0.61,0.50,False,0.64,2382,2023-08-21,2,4431.25,4372.25,4401.00,4417.50,4392.00,day,1,4421.00,4372.25,4387.50,4407.00,4381.50,above_range
2023-08-23,1.50,start,migration,0.00,,,,2383,2023-08-23,1,4455.25,4409.00,4441.50,4455.00,4432.50,composite,2,4431.25,4372.25,4401.00,4417.50,4392.00,in_value
2023-08-24,1.50,start,migration,0.15,,,,2384,2023-08-24,1,4468.75,4384.25,4408.50,4440.00,4390.50,day,1,4455.25,4409.00,4441.50,4455.00,4432.50,above_range
2023-08-25,1.50,added,,0.74,0.35,False,0.73,2384,2023-08-24,2,4468.75,4365.25,4401.00,4423.50,4386.00,day,1,4468.75,4384.25,4408.50,4440.00,4390.50,in_value
2023-08-28,1.50,start,migration,0.00,,,,2385,2023-08-28,1,4449.50,4423.25,4434.00,4441.50,4425.00,composite,2,4468.75,4365.25,4401.00,4423.50,4386.00,above_value
2023-08-29,1.50,start,migration,0.00,,,,2386,2023-08-29,1,4509.00,4438.50,4495.50,4509.00,4471.50,day,1,4449.50,4423.25,4434.00,4441.50,4425.00,in_value
2023-08-30,1.50,start,migration,0.00,,,,2387,2023-08-30,1,4530.75,4501.00,4522.50,4527.00,4513.50,day,1,4509.00,4438.50,4495.50,4509.00,4471.50,above_range
2023-08-31,1.50,added,,0.56,0.65,False,0.71,2387,2023-08-30,2,4539.75,4501.00,4525.50,4533.00,4516.50,day,1,4530.75,4501.00,4522.50,4527.00,4513.50,above_value
2023-09-01,1.50,added,,0.54,0.48,False,0.71,2387,2023-08-30,3,4547.50,4501.00,4522.50,4530.00,4513.50,composite,2,4539.75,4501.00,4525.50,4533.00,4516.50,above_range
2023-09-05,2.00,start,migration,0.20,,,,2388,2023-09-05,1,4520.75,4501.50,4510.00,4516.00,4506.00,composite,3,4547.50,4501.00,4522.50,4530.00,4513.50,in_value
2023-09-06,2.00,start,migration,0.00,,,,2389,2023-09-06,1,4494.25,4447.00,4466.00,4476.00,4454.00,day,1,4520.75,4501.50,4510.00,4516.00,4506.00,below_range
2023-09-07,2.00,start,migration,0.44,,,,2390,2023-09-07,1,4463.00,4434.25,4452.00,4462.00,4444.00,day,1,4494.25,4447.00,4466.00,4476.00,4454.00,below_range
2023-09-08,2.00,start,migration,0.29,,,,2391,2023-09-08,1,4477.50,4451.50,4466.00,4472.00,4458.00,day,1,4463.00,4434.25,4452.00,4462.00,4444.00,in_value
2023-09-11,2.00,start,migration,0.00,,,,2392,2023-09-11,1,4493.50,4470.00,4480.00,4490.00,4476.00,day,1,4477.50,4451.50,4466.00,4472.00,4458.00,above_range
2023-09-12,2.00,start,migration,0.44,,,,2393,2023-09-12,1,4491.00,4458.75,4474.00,4484.00,4466.00,day,1,4493.50,4470.00,4480.00,4490.00,4476.00,below_value
2023-09-13,2.00,start,roll,,,,,2394,2023-09-13,1,4530.25,4503.00,4520.00,4530.00,4516.00,none,0,,,,,,
2023-09-14,2.00,start,migration,0.00,,,,2395,2023-09-14,1,4562.00,4528.00,4554.00,4560.00,4542.00,day,1,4530.25,4503.00,4520.00,4530.00,4516.00,above_range
2023-09-15,2.00,start,migration,0.00,,,,2396,2023-09-15,1,4540.50,4494.00,4514.00,4520.00,4494.00,day,1,4562.00,4528.00,4554.00,4560.00,4542.00,below_value
2023-09-18,1.50,skipped_shape,,1.00,0.24,False,0.56,2396,2023-09-15,1,4540.50,4494.00,4515.00,4519.50,4494.00,day,1,4540.50,4494.00,4514.00,4520.00,4494.00,in_value
2023-09-19,1.50,start,migration,0.06,,,,2397,2023-09-19,1,4496.75,4462.25,4485.00,4495.50,4470.00,older_day,1,4540.50,4494.00,4515.00,4519.50,4494.00,below_range
2023-09-20,1.50,added,,0.63,0.63,False,0.69,2397,2023-09-19,2,4507.50,4446.00,4485.00,4504.50,4473.00,day,1,4496.75,4462.25,4485.00,4495.50,4470.00,above_range
2023-09-21,1.50,start,migration,0.00,,,,2398,2023-09-21,1,4418.50,4370.75,4398.00,4411.50,4392.00,composite,2,4507.50,4446.00,4485.00,4504.50,4473.00,below_range
2023-09-22,1.50,start,migration,0.18,,,,2399,2023-09-22,1,4399.00,4357.25,4389.00,4396.50,4371.00,day,1,4418.50,4370.75,4398.00,4411.50,4392.00,below_value
2023-09-25,1.50,start,migration,0.31,,,,2400,2023-09-25,1,4380.25,4343.50,4366.50,4377.00,4357.50,day,1,4399.00,4357.25,4389.00,4396.50,4371.00,below_range
2023-09-26,1.50,start,migration,0.00,,,,2401,2023-09-26,1,4354.00,4305.50,4329.00,4345.50,4317.00,day,1,4380.25,4343.50,4366.50,4377.00,4357.50,below_value
2023-09-27,1.50,start,migration,0.29,,,,2402,2023-09-27,1,4331.75,4277.00,4312.50,4326.00,4294.50,day,1,4354.00,4305.50,4329.00,4345.50,4317.00,in_value
2023-09-28,1.50,start,migration,0.10,,,,2403,2023-09-28,1,4355.75,4301.00,4335.00,4351.50,4323.00,day,1,4331.75,4277.00,4312.50,4326.00,4294.50,in_value
2023-09-29,1.50,added,,0.68,0.53,False,0.41,2403,2023-09-28,2,4371.25,4301.00,4338.00,4348.50,4314.00,day,1,4355.75,4301.00,4335.00,4351.50,4323.00,above_range
2023-10-02,1.50,start,migration,0.47,,,,2404,2023-10-02,1,4337.75,4295.50,4308.00,4324.50,4302.00,composite,2,4371.25,4301.00,4338.00,4348.50,4314.00,in_value
2023-10-03,1.50,start,migration,0.00,,,,2405,2023-10-03,1,4317.00,4251.25,4264.50,4278.00,4252.50,day,1,4337.75,4295.50,4308.00,4324.50,4302.00,below_value
2023-10-04,1.50,start,migration,0.47,,,,2406,2023-10-04,1,4304.00,4254.25,4275.00,4291.50,4266.00,day,1,4317.00,4251.25,4264.50,4278.00,4252.50,in_value
2023-10-05,1.50,added,,0.90,0.43,False,0.64,2406,2023-10-04,2,4304.00,4254.25,4275.00,4291.50,4266.00,day,1,4304.00,4254.25,4275.00,4291.50,4266.00,in_value
2023-10-06,1.50,start,migration,0.00,,,,2407,2023-10-06,1,4358.50,4251.50,4339.50,4359.00,4291.50,composite,2,4304.00,4254.25,4275.00,4291.50,4266.00,below_value
2023-10-09,1.50,added,,1.00,0.66,False,0.65,2407,2023-10-06,2,4375.75,4251.50,4333.50,4368.00,4312.50,day,1,4358.50,4251.50,4339.50,4359.00,4291.50,in_value
2023-10-10,1.50,start,migration,0.00,,,,2408,2023-10-10,1,4419.00,4371.25,4398.00,4411.50,4389.00,composite,2,4375.75,4251.50,4333.50,4368.00,4312.50,above_range
2023-10-11,1.50,added,,0.69,0.56,False,0.46,2408,2023-10-10,2,4419.00,4371.25,4398.00,4405.50,4383.00,day,1,4419.00,4371.25,4398.00,4411.50,4389.00,in_value
2023-10-12,1.50,added,,0.60,0.67,False,0.82,2408,2023-10-10,3,4419.00,4355.50,4398.00,4414.50,4386.00,composite,2,4419.00,4371.25,4398.00,4405.50,4383.00,above_value
2023-10-13,1.50,start,migration,0.00,,,,2409,2023-10-13,1,4407.75,4340.75,4359.00,4372.50,4347.00,composite,3,4419.00,4355.50,4398.00,4414.50,4386.00,in_value
2023-10-16,2.00,start,migration,0.00,,,,2410,2023-10-16,1,4414.25,4377.75,4402.00,4412.00,4394.00,day,1,4407.75,4340.75,4359.00,4372.50,4347.00,above_value
2023-10-17,2.00,added,,0.60,0.65,False,0.56,2410,2023-10-16,2,4423.25,4365.75,4402.00,4412.00,4386.00,day,1,4414.25,4377.75,4402.00,4412.00,4394.00,below_range
2023-10-18,2.00,start,migration,0.00,,,,2411,2023-10-18,1,4392.50,4330.75,4362.00,4380.00,4354.00,composite,2,4423.25,4365.75,4402.00,4412.00,4386.00,below_value
2023-10-19,2.00,start,migration,0.06,,,,2412,2023-10-19,1,4366.50,4294.75,4330.00,4356.00,4322.00,day,1,4392.50,4330.75,4362.00,4380.00,4354.00,below_value
2023-10-20,2.00,start,migration,0.00,,,,2413,2023-10-20,1,4302.25,4247.25,4268.00,4278.00,4256.00,day,1,4366.50,4294.75,4330.00,4356.00,4322.00,below_value
2023-10-23,2.00,added,,0.53,0.55,False,0.78,2413,2023-10-20,2,4302.25,4213.25,4262.00,4280.00,4250.00,day,1,4302.25,4247.25,4268.00,4278.00,4256.00,below_range
2023-10-24,2.00,added,,1.00,0.55,False,0.56,2413,2023-10-20,3,4302.25,4213.25,4262.00,4280.00,4254.00,composite,2,4302.25,4213.25,4262.00,4280.00,4250.00,in_value
2023-10-25,2.00,start,migration,0.00,,,,2414,2023-10-25,1,4253.50,4203.75,4228.00,4246.00,4212.00,composite,3,4302.25,4213.25,4262.00,4280.00,4254.00,below_value
2023-10-26,2.00,start,migration,0.00,,,,2415,2023-10-26,1,4205.00,4146.25,4174.00,4192.00,4158.00,day,1,4253.50,4203.75,4228.00,4246.00,4212.00,below_range
2023-10-27,2.00,start,migration,0.47,,,,2416,2023-10-27,1,4176.75,4122.25,4158.00,4176.00,4138.00,day,1,4205.00,4146.25,4174.00,4192.00,4158.00,in_value
2023-10-30,2.00,added,,0.77,0.57,False,0.54,2416,2023-10-27,2,4197.50,4122.25,4164.00,4190.00,4152.00,day,1,4176.75,4122.25,4158.00,4176.00,4138.00,in_value
2023-10-31,2.00,start,migration,0.39,,,,2417,2023-10-31,1,4215.00,4171.75,4192.00,4206.00,4180.00,composite,2,4197.50,4122.25,4164.00,4190.00,4152.00,above_value
2023-11-01,2.00,start,migration,0.00,,,,2418,2023-11-01,1,4264.75,4215.50,4232.00,4242.00,4220.00,day,1,4215.00,4171.75,4192.00,4206.00,4180.00,above_range
2023-11-02,2.00,start,migration,0.00,,,,2419,2023-11-02,1,4337.75,4293.75,4316.00,4334.00,4308.00,day,1,4264.75,4215.50,4232.00,4242.00,4220.00,above_range
2023-11-03,2.00,start,migration,0.00,,,,2420,2023-11-03,1,4391.75,4358.25,4382.00,4388.00,4370.00,day,1,4337.75,4293.75,4316.00,4334.00,4308.00,above_range
2023-11-06,2.00,added,,1.00,0.62,False,1.00,2420,2023-11-03,2,4391.75,4358.25,4378.00,4388.00,4370.00,day,1,4391.75,4358.25,4382.00,4388.00,4370.00,in_value
2023-11-07,2.00,start,migration,0.00,,,,2421,2023-11-07,1,4403.25,4372.25,4394.00,4404.00,4390.00,composite,2,4391.75,4358.25,4378.00,4388.00,4370.00,in_value
2023-11-08,2.00,added,,0.64,0.58,False,0.60,2421,2023-11-07,2,4407.75,4372.25,4392.00,4402.00,4388.00,day,1,4403.25,4372.25,4394.00,4404.00,4390.00,in_value
2023-11-09,2.00,start,migration,0.41,,,,2422,2023-11-09,1,4409.50,4357.75,4398.00,4408.00,4374.00,composite,2,4407.75,4372.25,4392.00,4402.00,4388.00,above_range
2023-11-10,2.00,skipped_daytype,,0.68,,,,2422,2023-11-09,1,4409.50,4357.75,4398.00,4408.00,4374.00,day,1,4409.50,4357.75,4398.00,4408.00,4374.00,in_value
2023-11-13,2.00,start,migration,0.00,,,,2423,2023-11-13,1,4436.75,4407.25,4426.00,4436.00,4422.00,older_day,1,4409.50,4357.75,4398.00,4408.00,4374.00,above_range
2023-11-14,2.00,start,migration,0.00,,,,2424,2023-11-14,1,4524.25,4483.75,4508.00,4522.00,4500.00,day,1,4436.75,4407.25,4426.00,4436.00,4422.00,above_range
2023-11-15,2.00,start,migration,0.43,,,,2425,2023-11-15,1,4536.75,4510.75,4520.00,4530.00,4516.00,day,1,4524.25,4483.75,4508.00,4522.00,4500.00,above_value
2023-11-16,2.00,start,migration,0.43,,,,2426,2023-11-16,1,4526.25,4501.75,4512.00,4522.00,4508.00,day,1,4536.75,4510.75,4520.00,4530.00,4516.00,below_value
2023-11-17,2.00,start,migration,0.29,,,,2427,2023-11-17,1,4534.50,4512.75,4522.00,4532.00,4518.00,day,1,4526.25,4501.75,4512.00,4522.00,4508.00,above_value
2023-11-20,2.00,start,migration,0.00,,,,2428,2023-11-20,1,4571.00,4524.50,4544.00,4562.00,4532.00,day,1,4534.50,4512.75,4522.00,4532.00,4518.00,in_value
2023-11-21,2.00,added,,1.00,0.48,False,1.00,2428,2023-11-20,2,4571.00,4524.50,4546.00,4556.00,4538.00,day,1,4571.00,4524.50,4544.00,4562.00,4532.00,in_value
2023-11-22,2.00,start,migration,0.00,,,,2429,2023-11-22,1,4580.50,4555.00,4568.00,4574.00,4560.00,composite,2,4571.00,4524.50,4546.00,4556.00,4538.00,above_value
2023-11-24,2.00,added,,1.00,0.46,False,1.00,2429,2023-11-22,2,4580.50,4555.00,4566.00,4572.00,4562.00,day,1,4580.50,4555.00,4568.00,4574.00,4560.00,in_value
2023-11-27,1.50,added,,1.00,0.42,False,0.60,2429,2023-11-22,3,4580.50,4555.00,4564.50,4572.00,4561.50,composite,2,4580.50,4555.00,4566.00,4572.00,4562.00,below_value
2023-11-28,1.50,start,migration,0.22,,,,2430,2023-11-28,1,4577.25,4549.25,4560.00,4564.50,4551.00,composite,3,4580.50,4555.00,4564.50,4572.00,4561.50,below_value
2023-11-29,1.50,start,migration,0.08,,,,2431,2023-11-29,1,4597.00,4555.50,4575.00,4582.50,4563.00,day,1,4577.25,4549.25,4560.00,4564.50,4551.00,above_range
2023-11-30,1.50,start,migration,0.09,,,,2432,2023-11-30,1,4579.50,4544.75,4554.00,4564.50,4548.00,day,1,4597.00,4555.50,4575.00,4582.50,4563.00,in_value
2023-12-01,1.50,start,migration,0.00,,,,2433,2023-12-01,1,4607.75,4562.50,4597.50,4608.00,4576.50,day,1,4579.50,4544.75,4554.00,4564.50,4548.00,above_value
2023-12-04,1.50,start,migration,0.11,,,,2434,2023-12-04,1,4579.75,4553.50,4570.50,4578.00,4564.50,day,1,4607.75,4562.50,4597.50,4608.00,4576.50,below_value
2023-12-05,1.50,added,,1.00,0.54,False,1.00,2434,2023-12-04,2,4585.50,4553.50,4570.50,4578.00,4564.50,day,1,4579.75,4553.50,4570.50,4578.00,4564.50,below_value
2023-12-06,1.50,skipped_daytype,,0.69,,,,2434,2023-12-04,2,4585.50,4553.50,4570.50,4578.00,4564.50,composite,2,4585.50,4553.50,4570.50,4578.00,4564.50,above_range
2023-12-07,1.50,start,migration,0.00,,,,2435,2023-12-07,1,4596.00,4569.75,4587.00,4594.50,4581.00,composite,2,4585.50,4553.50,4570.50,4578.00,4564.50,in_value
2023-12-08,1.50,start,migration,0.31,,,,2436,2023-12-08,1,4613.75,4578.25,4594.50,4608.00,4588.50,day,1,4596.00,4569.75,4587.00,4594.50,4581.00,in_value
2023-12-11,1.00,start,migration,0.18,,,,2437,2023-12-11,1,4627.25,4599.75,4611.00,4622.00,4605.00,day,1,4613.75,4578.25,4594.50,4608.00,4588.50,in_value
2023-12-12,1.00,start,migration,0.05,,,,2438,2023-12-12,1,4647.00,4610.50,4629.00,4640.00,4621.00,day,1,4627.25,4599.75,4611.00,4622.00,4605.00,in_value
2023-12-13,1.00,start,roll,,,,,2439,2023-12-13,1,4764.25,4696.75,4702.00,4745.00,4696.00,none,0,,,,,,
2023-12-14,1.00,start,migration,0.00,,,,2440,2023-12-14,1,4791.75,4746.25,4773.00,4786.00,4765.00,day,1,4764.25,4696.75,4702.00,4745.00,4696.00,above_range
2023-12-15,1.00,added,,0.85,0.55,False,1.00,2440,2023-12-14,2,4791.75,4746.25,4771.00,4780.00,4763.00,day,1,4791.75,4746.25,4773.00,4786.00,4765.00,in_value
2023-12-18,1.00,start,migration,0.00,,,,2441,2023-12-18,1,4802.25,4780.25,4796.00,4801.00,4790.00,composite,2,4791.75,4746.25,4771.00,4780.00,4763.00,above_value
2023-12-19,1.00,start,migration,0.00,,,,2442,2023-12-19,1,4821.50,4796.50,4812.00,4817.00,4808.00,day,1,4802.25,4780.25,4796.00,4801.00,4790.00,in_value
2023-12-20,1.00,start,migration,0.17,,,,2443,2023-12-20,1,4830.75,4748.00,4822.00,4831.00,4778.00,day,1,4821.50,4796.50,4812.00,4817.00,4808.00,in_value
2023-12-21,1.00,start,migration,0.43,,,,2444,2023-12-21,1,4798.25,4755.50,4776.00,4787.00,4766.00,day,1,4830.75,4748.00,4822.00,4831.00,4778.00,in_value
2023-12-22,1.00,start,migration,0.00,,,,2445,2023-12-22,1,4821.75,4784.75,4807.00,4818.00,4799.00,day,1,4798.25,4755.50,4776.00,4787.00,4766.00,above_range
2023-12-26,1.00,start,migration,0.39,,,,2446,2023-12-26,1,4834.50,4808.00,4819.00,4826.00,4813.00,day,1,4821.75,4784.75,4807.00,4818.00,4799.00,in_value
2023-12-27,1.00,added,,0.78,0.52,False,0.71,2446,2023-12-26,2,4835.50,4808.00,4822.00,4829.00,4818.00,day,1,4834.50,4808.00,4819.00,4826.00,4813.00,in_value
2023-12-28,1.00,start,migration,0.00,,,,2447,2023-12-28,1,4839.75,4828.00,4835.00,4838.00,4831.00,composite,2,4835.50,4808.00,4822.00,4829.00,4818.00,above_value
2023-12-29,1.00,start,migration,0.00,,,,2448,2023-12-29,1,4835.00,4796.75,4815.00,4822.00,4803.00,day,1,4839.75,4828.00,4835.00,4838.00,4831.00,below_value
2024-01-02,1.50,start,migration,0.00,,,,2449,2024-01-02,1,4797.50,4765.50,4780.50,4791.00,4774.50,day,1,4835.00,4796.75,4815.00,4822.00,4803.00,below_range
2024-01-03,1.50,start,migration,0.00,,,,2450,2024-01-03,1,4771.75,4741.00,4755.00,4765.50,4749.00,day,1,4797.50,4765.50,4780.50,4791.00,4774.50,below_range
2024-01-04,1.50,start,migration,0.47,,,,2451,2024-01-04,1,4766.50,4727.00,4746.00,4759.50,4737.00,day,1,4771.75,4741.00,4755.00,4765.50,4749.00,below_range
2024-01-05,1.50,start,migration,0.27,,,,2452,2024-01-05,1,4760.25,4719.75,4738.50,4743.00,4720.50,day,1,4766.50,4727.00,4746.00,4759.50,4737.00,below_value
2024-01-08,1.50,start,migration,0.07,,,,2453,2024-01-08,1,4803.25,4738.00,4761.00,4783.50,4740.00,day,1,4760.25,4719.75,4738.50,4743.00,4720.50,in_value
2024-01-09,1.50,start,migration,0.08,,,,2454,2024-01-09,1,4804.00,4767.50,4794.00,4801.50,4782.00,day,1,4803.25,4738.00,4761.00,4783.50,4740.00,in_value
2024-01-10,1.50,start,migration,0.27,,,,2455,2024-01-10,1,4828.50,4792.25,4804.50,4818.00,4795.50,day,1,4804.00,4767.50,4794.00,4801.50,4782.00,in_value
2024-01-11,1.50,added,,0.71,0.55,False,0.82,2455,2024-01-10,2,4832.25,4772.75,4804.50,4821.00,4792.50,day,1,4828.50,4792.25,4804.50,4818.00,4795.50,above_value
2024-01-12,1.50,added,,1.00,0.62,False,0.64,2455,2024-01-10,3,4836.50,4772.75,4812.00,4822.50,4797.00,composite,2,4832.25,4772.75,4804.50,4821.00,4792.50,above_value
2024-01-16,1.50,start,migration,0.47,,,,2456,2024-01-16,1,4815.75,4779.50,4794.00,4807.50,4785.00,composite,3,4836.50,4772.75,4812.00,4822.50,4797.00,in_value
2024-01-17,1.50,start,migration,0.00,,,,2457,2024-01-17,1,4775.75,4746.25,4761.00,4771.50,4758.00,day,1,4815.75,4779.50,4794.00,4807.50,4785.00,below_range
2024-01-18,1.50,start,migration,0.00,,,,2458,2024-01-18,1,4817.00,4770.00,4786.50,4797.00,4774.50,day,1,4775.75,4746.25,4761.00,4771.50,4758.00,above_range
2024-01-19,1.50,start,migration,0.00,,,,2459,2024-01-19,1,4874.25,4815.00,4828.50,4860.00,4815.00,day,1,4817.00,4770.00,4786.50,4797.00,4774.50,above_range
2024-01-22,1.50,start,migration,0.00,,,,2460,2024-01-22,1,4898.25,4873.50,4882.50,4887.00,4876.50,day,1,4874.25,4815.00,4828.50,4860.00,4815.00,above_range
2024-01-23,1.50,added,,0.78,0.32,False,0.60,2460,2024-01-22,2,4898.25,4873.50,4881.00,4888.50,4878.00,day,1,4898.25,4873.50,4882.50,4887.00,4876.50,in_value
2024-01-24,1.50,start,migration,0.00,,,,2461,2024-01-24,1,4933.25,4895.25,4923.00,4930.50,4908.00,composite,2,4898.25,4873.50,4881.00,4888.50,4878.00,above_range
2024-01-25,1.50,added,,0.82,0.52,False,1.00,2461,2024-01-24,2,4933.25,4895.25,4914.00,4924.50,4905.00,day,1,4933.25,4895.25,4923.00,4930.50,4908.00,in_value
2024-01-26,1.50,added,,0.82,0.54,False,1.00,2461,2024-01-24,3,4934.25,4895.25,4915.50,4926.00,4906.50,composite,2,4933.25,4895.25,4914.00,4924.50,4905.00,in_value
2024-01-29,1.50,skipped_shape,,0.61,0.46,False,0.27,2461,2024-01-24,3,4934.25,4895.25,4915.50,4926.00,4906.50,composite,3,4934.25,4895.25,4915.50,4926.00,4906.50,in_value
2024-01-30,1.50,start,migration,0.00,,,,2462,2024-01-30,1,4957.25,4941.50,4950.00,4954.50,4944.00,composite,3,4934.25,4895.25,4915.50,4926.00,4906.50,above_range
2024-01-31,1.50,start,migration,0.00,,,,2463,2024-01-31,1,4930.50,4868.25,4909.50,4923.00,4894.50,day,1,4957.25,4941.50,4950.00,4954.50,4944.00,below_range
2024-02-01,1.50,added,,0.70,0.66,False,0.60,2463,2024-01-31,2,4930.50,4868.25,4909.50,4923.00,4888.50,day,1,4930.50,4868.25,4909.50,4923.00,4894.50,below_value
2024-02-02,1.50,start,migration,0.00,,,,2464,2024-02-02,1,4997.75,4929.00,4980.00,4996.50,4959.00,composite,2,4930.50,4868.25,4909.50,4923.00,4888.50,above_range
2024-02-05,1.50,added,,0.80,0.58,False,0.60,2464,2024-02-02,2,4997.75,4929.00,4968.00,4981.50,4947.00,day,1,4997.75,4929.00,4980.00,4996.50,4959.00,in_value
2024-02-06,1.50,added,,1.00,0.51,False,0.64,2464,2024-02-02,3,4997.75,4929.00,4963.50,4980.00,4954.50,composite,2,4997.75,4929.00,4968.00,4981.50,4947.00,in_value
2024-02-07,1.50,start,migration,0.00,,,,2465,2024-02-07,1,5020.00,4988.00,5013.00,5017.50,5004.00,composite,3,4997.75,4929.00,4963.50,4980.00,4954.50,above_value
2024-02-08,1.50,skipped_shape,,1.00,0.80,False,0.60,2465,2024-02-07,1,5020.00,4988.00,5013.00,5017.50,5004.00,day,1,5020.00,4988.00,5013.00,5017.50,5004.00,in_value
2024-02-09,1.50,start,migration,0.00,,,,2466,2024-02-09,1,5048.50,5016.25,5029.50,5043.00,5023.50,older_day,1,5020.00,4988.00,5013.00,5017.50,5004.00,above_value
2024-02-12,1.50,start,migration,0.35,,,,2467,2024-02-12,1,5066.50,5033.25,5043.00,5059.50,5034.00,day,1,5048.50,5016.25,5029.50,5043.00,5023.50,in_value
2024-02-13,1.50,start,migration,0.00,,,,2468,2024-02-13,1,4988.25,4936.50,4972.50,4983.00,4954.50,day,1,5066.50,5033.25,5043.00,5059.50,5034.00,below_range
2024-02-14,1.50,start,migration,0.00,,,,2469,2024-02-14,1,5020.25,4972.75,4992.00,5002.50,4983.00,day,1,4988.25,4936.50,4972.50,4983.00,4954.50,above_range
2024-02-15,1.50,start,migration,0.00,,,,2470,2024-02-15,1,5048.50,5013.75,5025.00,5041.50,5016.00,day,1,5020.25,4972.75,4992.00,5002.50,4983.00,above_value
2024-02-16,1.50,skipped_shape,,0.65,0.33,True,0.39,2470,2024-02-15,1,5048.50,5013.75,5025.00,5041.50,5016.00,day,1,5048.50,5013.75,5025.00,5041.50,5016.00,above_value
2024-02-20,1.50,start,migration,0.00,,,,2471,2024-02-20,1,5009.25,4968.25,4989.00,4993.50,4977.00,older_day,1,5048.50,5013.75,5025.00,5041.50,5016.00,below_range
2024-02-21,1.50,added,,0.55,0.43,False,1.00,2471,2024-02-20,2,5009.25,4959.00,4980.00,4990.50,4971.00,day,1,5009.25,4968.25,4989.00,4993.50,4977.00,in_value
2024-02-22,1.50,start,migration,0.00,,,,2472,2024-02-22,1,5107.75,5052.25,5076.00,5098.50,5067.00,composite,2,5009.25,4959.00,4980.00,4990.50,4971.00,above_range
2024-02-23,1.50,start,migration,0.00,,,,2473,2024-02-23,1,5123.50,5092.50,5104.50,5112.00,5098.50,day,1,5107.75,5052.25,5076.00,5098.50,5067.00,above_range
2024-02-26,1.50,start,migration,0.11,,,,2474,2024-02-26,1,5108.00,5078.75,5092.50,5100.00,5086.50,day,1,5123.50,5092.50,5104.50,5112.00,5098.50,in_value
2024-02-27,1.50,start,migration,0.00,,,,2475,2024-02-27,1,5091.75,5067.00,5076.00,5086.50,5073.00,day,1,5108.00,5078.75,5092.50,5100.00,5086.50,in_value
2024-02-28,1.50,added,,1.00,0.38,False,0.60,2475,2024-02-27,2,5091.75,5067.00,5076.00,5083.50,5073.00,day,1,5091.75,5067.00,5076.00,5086.50,5073.00,below_value
2024-02-29,1.50,start,migration,0.00,,,,2476,2024-02-29,1,5114.50,5070.00,5091.00,5101.50,5085.00,composite,2,5091.75,5067.00,5076.00,5083.50,5073.00,above_range
2024-03-01,1.50,start,migration,0.00,,,,2477,2024-03-01,1,5149.25,5101.25,5142.00,5149.50,5118.00,day,1,5114.50,5070.00,5091.00,5101.50,5085.00,above_value
2024-03-04,1.50,skipped_shape,,1.00,0.76,False,0.54,2477,2024-03-01,1,5149.25,5101.25,5142.00,5149.50,5118.00,day,1,5149.25,5101.25,5142.00,5149.50,5118.00,in_value
2024-03-05,1.50,start,migration,0.00,,,,2478,2024-03-05,1,5121.50,5063.00,5094.00,5101.50,5073.00,older_day,1,5149.25,5101.25,5142.00,5149.50,5118.00,below_value
2024-03-06,1.50,start,migration,0.12,,,,2479,2024-03-06,1,5134.50,5097.75,5110.50,5124.00,5098.50,day,1,5121.50,5063.00,5094.00,5101.50,5073.00,above_value
2024-03-07,1.50,start,migration,0.00,,,,2480,2024-03-07,1,5170.50,5133.25,5157.00,5167.50,5151.00,day,1,5134.50,5097.75,5110.50,5124.00,5098.50,above_range
2024-03-08,1.50,start,migration,0.41,,,,2481,2024-03-08,1,5193.00,5121.75,5136.00,5167.50,5127.00,day,1,5170.50,5133.25,5157.00,5167.50,5151.00,in_value
2024-03-11,1.50,start,migration,0.00,,,,2482,2024-03-11,1,5129.00,5094.75,5118.00,5125.50,5109.00,day,1,5193.00,5121.75,5136.00,5167.50,5127.00,below_range
2024-03-12,1.50,start,migration,0.00,,,,2483,2024-03-12,1,5183.00,5117.75,5160.00,5182.50,5151.00,day,1,5129.00,5094.75,5118.00,5125.50,5109.00,above_range
2024-03-13,1.50,start,roll,,,,,2484,2024-03-13,1,5246.00,5217.50,5235.00,5242.50,5229.00,none,0,,,,,,
2024-03-14,1.50,start,migration,0.00,,,,2485,2024-03-14,1,5241.50,5188.00,5214.00,5221.50,5202.00,day,1,5246.00,5217.50,5235.00,5242.50,5229.00,in_value
2024-03-15,1.50,start,migration,0.00,,,,2486,2024-03-15,1,5201.75,5167.75,5181.00,5191.50,5175.00,day,1,5241.50,5188.00,5214.00,5221.50,5202.00,below_range
2024-03-18,1.50,start,migration,0.00,,,,2487,2024-03-18,1,5240.25,5210.25,5224.50,5232.00,5218.50,day,1,5201.75,5167.75,5181.00,5191.50,5175.00,above_range
2024-03-19,1.50,start,migration,0.43,,,,2488,2024-03-19,1,5244.75,5195.25,5230.50,5241.00,5209.50,day,1,5240.25,5210.25,5224.50,5232.00,5218.50,below_range
2024-03-20,1.50,start,migration,0.21,,,,2489,2024-03-20,1,5289.50,5233.00,5241.00,5263.50,5235.00,day,1,5244.75,5195.25,5230.50,5241.00,5209.50,in_value
2024-03-21,1.50,start,migration,0.00,,,,2490,2024-03-21,1,5322.75,5300.00,5311.50,5322.00,5308.50,day,1,5289.50,5233.00,5241.00,5263.50,5235.00,above_range
2024-03-22,1.50,start,migration,0.00,,,,2491,2024-03-22,1,5306.00,5289.00,5296.50,5304.00,5293.50,day,1,5322.75,5300.00,5311.50,5322.00,5308.50,below_value
2024-03-25,1.50,start,migration,0.00,,,,2492,2024-03-25,1,5288.75,5274.25,5284.50,5286.00,5278.50,day,1,5306.00,5289.00,5296.50,5304.00,5293.50,below_range
2024-03-26,1.50,start,migration,0.14,,,,2493,2024-03-26,1,5294.50,5263.00,5287.50,5295.00,5284.50,day,1,5288.75,5274.25,5284.50,5286.00,5278.50,above_range
2024-03-27,1.50,start,migration,0.18,,,,2494,2024-03-27,1,5310.50,5270.75,5277.00,5287.50,5271.00,day,1,5294.50,5263.00,5287.50,5295.00,5284.50,in_value
2024-03-28,1.50,start,migration,0.00,,,,2495,2024-03-28,1,5321.00,5303.25,5310.00,5317.50,5307.00,day,1,5310.50,5270.75,5277.00,5287.50,5271.00,above_value
2024-04-01,1.50,start,migration,0.00,,,,2496,2024-04-01,1,5317.25,5282.25,5290.50,5301.00,5281.50,day,1,5321.00,5303.25,5310.00,5317.50,5307.00,in_value
2024-04-02,1.50,start,migration,0.00,,,,2497,2024-04-02,1,5261.75,5235.00,5247.00,5251.50,5238.00,day,1,5317.25,5282.25,5290.50,5301.00,5281.50,below_range
2024-04-03,1.50,start,migration,0.00,,,,2498,2024-04-03,1,5280.75,5247.00,5274.00,5281.50,5262.00,day,1,5261.75,5235.00,5247.00,5251.50,5238.00,in_value
2024-04-04,1.50,start,migration,0.27,,,,2499,2024-04-04,1,5308.50,5194.25,5295.00,5308.50,5235.00,day,1,5280.75,5247.00,5274.00,5281.50,5262.00,above_range
2024-04-05,1.50,added,,1.00,0.47,False,0.81,2499,2024-04-04,2,5308.50,5194.25,5247.00,5272.50,5217.00,day,1,5308.50,5194.25,5295.00,5308.50,5235.00,below_value
2024-04-08,1.50,added,,1.00,0.57,False,0.39,2499,2024-04-04,3,5308.50,5194.25,5259.00,5272.50,5226.00,composite,2,5308.50,5194.25,5247.00,5272.50,5217.00,in_value
2024-04-09,1.50,skipped_shape,,0.90,0.57,False,0.20,2499,2024-04-04,3,5308.50,5194.25,5259.00,5272.50,5226.00,composite,3,5308.50,5194.25,5259.00,5272.50,5226.00,in_value
2024-04-10,1.50,start,migration,0.00,,,,2500,2024-04-10,1,5226.50,5185.00,5205.00,5212.50,5196.00,composite,3,5308.50,5194.25,5259.00,5272.50,5226.00,below_value
2024-04-11,1.50,start,migration,0.30,,,,2501,2024-04-11,1,5257.50,5181.75,5215.50,5238.00,5182.50,day,1,5226.50,5185.00,5205.00,5212.50,5196.00,above_value
2024-04-12,1.50,start,migration,0.22,,,,2502,2024-04-12,1,5218.75,5150.00,5166.00,5191.50,5151.00,day,1,5257.50,5181.75,5215.50,5238.00,5182.50,in_value
2024-04-15,1.50,start,migration,0.33,,,,2503,2024-04-15,1,5213.00,5094.00,5110.50,5178.00,5095.50,day,1,5218.75,5150.00,5166.00,5191.50,5151.00,above_value
2024-04-16,1.50,skipped_shape,,0.77,0.23,False,0.68,2503,2024-04-15,1,5213.00,5094.00,5110.50,5178.00,5095.50,day,1,5213.00,5094.00,5110.50,5178.00,5095.50,in_value
2024-04-17,1.50,start,migration,0.00,,,,2504,2024-04-17,1,5119.00,5047.00,5071.50,5091.00,5056.50,older_day,1,5213.00,5094.00,5110.50,5178.00,5095.50,in_value
2024-04-18,1.50,added,,0.56,0.43,False,0.53,2504,2024-04-17,2,5119.00,5038.50,5073.00,5086.50,5049.00,day,1,5119.00,5047.00,5071.50,5091.00,5056.50,in_value
2024-04-19,1.50,start,migration,0.00,,,,2505,2024-04-19,1,5058.00,4991.25,5028.00,5044.50,5007.00,composite,2,5119.00,5038.50,5073.00,5086.50,5049.00,below_value
2024-04-22,1.50,added,,0.74,0.39,False,1.00,2505,2024-04-19,2,5076.75,4991.25,5023.50,5046.00,5002.50,day,1,5058.00,4991.25,5028.00,5044.50,5007.00,in_value
2024-04-23,1.50,start,migration,0.00,,,,2506,2024-04-23,1,5112.75,5063.75,5104.50,5112.00,5092.50,composite,2,5076.75,4991.25,5023.50,5046.00,5002.50,above_value
2024-04-24,1.50,added,,0.87,0.63,False,0.78,2506,2024-04-23,2,5124.75,5063.75,5101.50,5115.00,5092.50,day,1,5112.75,5063.75,5104.50,5112.00,5092.50,above_range
2024-04-25,1.50,start,migration,0.00,,,,2507,2024-04-25,1,5090.75,5022.25,5067.00,5091.00,5043.00,composite,2,5124.75,5063.75,5101.50,5115.00,5092.50,below_range
2024-04-26,1.50,start,migration,0.00,,,,2508,2024-04-26,1,5146.50,5104.50,5134.50,5145.00,5128.50,day,1,5090.75,5022.25,5067.00,5091.00,5043.00,above_range
2024-04-29,2.50,start,migration,0.44,,,,2509,2024-04-29,1,5154.25,5118.75,5142.50,5155.00,5132.50,day,1,5146.50,5104.50,5134.50,5145.00,5128.50,above_range
2024-04-30,2.50,start,migration,0.00,,,,2510,2024-04-30,1,5141.25,5065.00,5095.00,5127.50,5080.00,day,1,5154.25,5118.75,5142.50,5155.00,5132.50,below_value
2024-05-01,2.50,start,migration,0.12,,,,2511,2024-05-01,1,5126.75,5042.25,5052.50,5085.00,5042.50,day,1,5141.25,5065.00,5095.00,5127.50,5080.00,below_range
2024-05-02,2.50,added,,0.87,0.26,False,0.64,2511,2024-05-01,2,5126.75,5036.25,5057.50,5085.00,5042.50,day,1,5126.75,5042.25,5052.50,5085.00,5042.50,in_value
2024-05-03,2.50,start,migration,0.00,,,,2512,2024-05-03,1,5166.75,5126.75,5152.50,5160.00,5137.50,composite,2,5126.75,5036.25,5057.50,5085.00,5042.50,above_range
2024-05-06,2.50,start,migration,0.00,,,,2513,2024-05-06,1,5207.50,5174.00,5185.00,5197.50,5180.00,day,1,5166.75,5126.75,5152.50,5160.00,5137.50,above_range
2024-05-07,2.50,start,migration,0.00,,,,2514,2024-05-07,1,5226.75,5205.50,5217.50,5225.00,5212.50,day,1,5207.50,5174.00,5185.00,5197.50,5180.00,above_range
2024-05-08,2.50,start,migration,0.20,,,,2515,2024-05-08,1,5217.25,5191.25,5207.50,5215.00,5202.50,day,1,5226.75,5205.50,5217.50,5225.00,5212.50,below_range
2024-05-09,2.50,start,migration,0.00,,,,2516,2024-05-09,1,5240.00,5204.25,5230.00,5237.50,5220.00,day,1,5217.25,5191.25,5207.50,5215.00,5202.50,in_value
2024-05-10,2.50,start,migration,0.22,,,,2517,2024-05-10,1,5264.00,5232.75,5242.50,5255.00,5232.50,day,1,5240.00,5204.25,5230.00,5237.50,5220.00,above_range
2024-05-13,2.50,added,,1.00,0.35,False,1.00,2517,2024-05-10,2,5264.00,5232.75,5242.50,5250.00,5237.50,day,1,5264.00,5232.75,5242.50,5255.00,5232.50,above_value
2024-05-14,2.50,added,,0.57,0.32,False,0.60,2517,2024-05-10,3,5274.25,5232.75,5245.00,5257.50,5240.00,composite,2,5264.00,5232.75,5242.50,5250.00,5237.50,in_value
2024-05-15,2.50,start,migration,0.00,,,,2518,2024-05-15,1,5337.25,5286.75,5322.50,5330.00,5297.50,composite,3,5274.25,5232.75,5245.00,5257.50,5240.00,above_range
2024-05-16,2.50,start,migration,0.14,,,,2519,2024-05-16,1,5349.00,5318.75,5332.50,5345.00,5327.50,day,1,5337.25,5286.75,5322.50,5330.00,5297.50,above_value
2024-05-17,2.50,start,migration,0.00,,,,2520,2024-05-17,1,5328.75,5305.75,5320.00,5327.50,5315.00,day,1,5349.00,5318.75,5332.50,5345.00,5327.50,below_value
2024-05-20,1.50,start,migration,0.00,,,,2521,2024-05-20,1,5348.25,5323.75,5343.00,5347.50,5334.00,day,1,5328.75,5305.75,5320.00,5327.50,5315.00,above_value
2024-05-21,1.50,start,migration,0.43,,,,2522,2024-05-21,1,5347.50,5322.50,5334.00,5338.50,5328.00,day,1,5348.25,5323.75,5343.00,5347.50,5334.00,below_value
2024-05-22,1.50,start,migration,0.41,,,,2523,2024-05-22,1,5345.00,5306.75,5340.00,5344.50,5319.00,day,1,5347.50,5322.50,5334.00,5338.50,5328.00,in_value
2024-05-23,1.50,start,migration,0.49,,,,2524,2024-05-23,1,5358.25,5273.50,5332.50,5355.00,5302.50,day,1,5345.00,5306.75,5340.00,5344.50,5319.00,above_range
2024-05-24,1.50,added,,1.00,0.58,False,0.85,2524,2024-05-23,2,5358.25,5273.50,5322.00,5341.50,5307.00,day,1,5358.25,5273.50,5332.50,5355.00,5302.50,in_value
2024-05-28,1.50,added,,1.00,0.58,False,0.82,2524,2024-05-23,3,5358.25,5273.50,5322.00,5335.50,5307.00,composite,2,5358.25,5273.50,5322.00,5341.50,5307.00,in_value
2024-05-29,1.50,start,migration,0.00,,,,2525,2024-05-29,1,5298.25,5278.75,5290.50,5295.00,5284.50,composite,3,5358.25,5273.50,5322.00,5335.50,5307.00,below_value
2024-05-30,1.50,start,migration,0.00,,,,2526,2024-05-30,1,5277.00,5238.25,5263.50,5274.00,5257.50,day,1,5298.25,5278.75,5290.50,5295.00,5284.50,below_range
2024-05-31,1.50,start,migration,0.03,,,,2527,2024-05-31,1,5299.50,5205.50,5230.50,5259.00,5212.50,day,1,5277.00,5238.25,5263.50,5274.00,5257.50,in_value
2024-06-03,1.50,start,migration,0.12,,,,2528,2024-06-03,1,5313.25,5246.75,5278.50,5292.00,5254.50,day,1,5299.50,5205.50,5230.50,5259.00,5212.50,above_range
2024-06-04,1.50,skipped_shape,,0.67,0.49,False,0.29,2528,2024-06-03,1,5313.25,5246.75,5278.50,5292.00,5254.50,day,1,5313.25,5246.75,5278.50,5292.00,5254.50,in_value
2024-06-05,1.50,start,migration,0.00,,,,2529,2024-06-05,1,5367.00,5306.50,5341.50,5367.00,5326.50,older_day,1,5313.25,5246.75,5278.50,5292.00,5254.50,above_range
2024-06-06,1.50,skipped_shape,,1.00,0.81,False,0.33,2529,2024-06-05,1,5367.00,5306.50,5341.50,5367.00,5326.50,day,1,5367.00,5306.50,5341.50,5367.00,5326.50,above_range
2024-06-07,1.50,added,,0.61,0.62,False,0.41,2529,2024-06-05,2,5385.50,5306.50,5355.00,5380.50,5346.00,older_day,1,5367.00,5306.50,5341.50,5367.00,5326.50,in_value
2024-06-10,1.50,added,,1.00,0.73,False,0.82,2529,2024-06-05,3,5385.50,5306.50,5364.00,5377.50,5349.00,composite,2,5385.50,5306.50,5355.00,5380.50,5346.00,in_value
2024-06-11,1.50,added,,0.65,0.69,False,0.82,2529,2024-06-05,4,5385.50,5306.50,5361.00,5377.50,5349.00,composite,3,5385.50,5306.50,5364.00,5377.50,5349.00,in_value
2024-06-12,1.50,start,migration,0.00,,,,2530,2024-06-12,1,5454.50,5416.25,5440.50,5448.00,5428.50,composite,4,5385.50,5306.50,5361.00,5377.50,5349.00,above_range
2024-06-13,1.50,start,migration,0.46,,,,2531,2024-06-13,1,5445.75,5408.50,5424.00,5437.50,5418.00,day,1,5454.50,5416.25,5440.50,5448.00,5428.50,in_value
2024-06-14,1.50,added,,0.91,0.44,False,1.00,2531,2024-06-13,2,5445.75,5408.50,5424.00,5434.50,5415.00,day,1,5445.75,5408.50,5424.00,5437.50,5418.00,in_value
2024-06-17,1.50,start,migration,0.00,,,,2532,2024-06-17,1,5494.00,5424.75,5484.00,5494.50,5445.00,composite,2,5445.75,5408.50,5424.00,5434.50,5415.00,in_value
2024-06-18,1.50,skipped_shape,,1.00,0.86,False,0.64,2532,2024-06-17,1,5494.00,5424.75,5484.00,5494.50,5445.00,day,1,5494.00,5424.75,5484.00,5494.50,5445.00,in_value
2024-06-20,1.50,start,roll,,,,,2533,2024-06-20,1,5576.75,5525.50,5544.00,5560.50,5529.00,none,0,,,,,,
2024-06-21,1.50,added,,0.89,0.27,False,0.46,2533,2024-06-20,2,5576.75,5519.00,5533.50,5550.00,5527.50,day,1,5576.75,5525.50,5544.00,5560.50,5529.00,in_value
2024-06-24,1.50,added,,0.82,0.32,False,0.46,2533,2024-06-20,3,5576.75,5514.50,5533.50,5550.00,5527.50,composite,2,5576.75,5519.00,5533.50,5550.00,5527.50,in_value
2024-06-25,1.50,added,,0.56,0.28,False,0.39,2533,2024-06-20,4,5576.75,5511.75,5529.00,5548.50,5523.00,composite,3,5576.75,5514.50,5533.50,5550.00,5527.50,below_value
2024-06-26,1.50,added,,1.00,0.31,False,0.78,2533,2024-06-20,5,5576.75,5511.75,5530.50,5544.00,5521.50,composite,4,5576.75,5511.75,5529.00,5548.50,5523.00,in_value
2024-06-27,1.50,added,,0.67,0.31,False,0.46,2533,2024-06-20,6,5576.75,5511.75,5530.50,5547.00,5524.50,composite,5,5576.75,5511.75,5530.50,5544.00,5521.50,in_value
2024-06-28,1.50,start,migration,0.40,,,,2534,2024-06-28,1,5585.00,5510.75,5547.00,5569.50,5532.00,composite,6,5576.75,5511.75,5530.50,5547.00,5524.50,above_value
2024-07-01,1.50,start,migration,0.18,,,,2535,2024-07-01,1,5539.50,5504.50,5527.50,5535.00,5518.50,day,1,5585.00,5510.75,5547.00,5569.50,5532.00,in_value
2024-07-02,1.50,start,migration,0.38,,,,2536,2024-07-02,1,5569.75,5515.00,5535.00,5554.50,5523.00,day,1,5539.50,5504.50,5527.50,5535.00,5518.50,below_value
2024-07-03,1.50,start,migration,0.00,,,,2537,2024-07-03,1,5595.75,5563.75,5580.00,5587.50,5568.00,day,1,5569.75,5515.00,5535.00,5554.50,5523.00,above_value
2024-07-05,1.50,start,migration,0.00,,,,2538,2024-07-05,1,5626.00,5585.50,5617.50,5622.00,5596.50,day,1,5595.75,5563.75,5580.00,5587.50,5568.00,above_value
2024-07-08,1.50,start,migration,0.14,,,,2539,2024-07-08,1,5637.50,5615.25,5626.50,5631.00,5620.50,day,1,5626.00,5585.50,5617.50,5622.00,5596.50,above_range
2024-07-09,1.50,start,migration,0.00,,,,2540,2024-07-09,1,5645.75,5628.25,5634.00,5641.50,5631.00,day,1,5637.50,5615.25,5626.50,5631.00,5620.50,above_value
2024-07-10,1.50,start,migration,0.00,,,,2541,2024-07-10,1,5690.50,5640.25,5670.00,5680.50,5646.00,day,1,5645.75,5628.25,5634.00,5641.50,5631.00,above_value
2024-07-11,1.50,start,migration,0.45,,,,2542,2024-07-11,1,5695.75,5630.00,5640.00,5659.50,5629.50,day,1,5690.50,5640.25,5670.00,5680.50,5646.00,above_value
2024-07-12,1.50,start,migration,0.00,,,,2543,2024-07-12,1,5708.25,5642.50,5680.50,5703.00,5668.50,day,1,5695.75,5630.00,5640.00,5659.50,5629.50,in_value
2024-07-15,1.50,added,,0.94,0.57,False,0.54,2543,2024-07-12,2,5718.75,5642.50,5685.00,5704.50,5676.00,day,1,5708.25,5642.50,5680.50,5703.00,5668.50,in_value
2024-07-16,1.50,added,,0.89,0.68,False,0.54,2543,2024-07-12,3,5721.25,5642.50,5695.50,5706.00,5677.50,composite,2,5718.75,5642.50,5685.00,5704.50,5676.00,in_value
2024-07-17,1.50,start,migration,0.00,,,,2544,2024-07-17,1,5672.75,5633.25,5646.00,5653.50,5637.00,composite,3,5721.25,5642.50,5695.50,5706.00,5677.50,below_value
2024-07-18,1.50,start,migration,0.00,,,,2545,2024-07-18,1,5661.75,5570.25,5601.00,5620.50,5574.00,day,1,5672.75,5633.25,5646.00,5653.50,5637.00,in_value
2024-07-19,1.50,start,migration,0.10,,,,2546,2024-07-19,1,5604.75,5542.00,5554.50,5577.00,5545.50,day,1,5661.75,5570.25,5601.00,5620.50,5574.00,in_value
2024-07-22,1.50,start,migration,0.00,,,,2547,2024-07-22,1,5616.00,5572.75,5605.50,5613.00,5584.50,day,1,5604.75,5542.00,5554.50,5577.00,5545.50,above_value
2024-07-23,1.50,added,,0.54,0.60,False,0.82,2547,2024-07-22,2,5629.75,5572.75,5607.00,5620.50,5592.00,day,1,5616.00,5572.75,5605.50,5613.00,5584.50,in_value
2024-07-24,1.50,start,migration,0.00,,,,2548,2024-07-24,1,5551.75,5462.00,5503.50,5529.00,5482.50,composite,2,5629.75,5572.75,5607.00,5620.50,5592.00,below_range
2024-07-25,1.50,start,migration,0.49,,,,2549,2024-07-25,1,5533.25,5432.50,5482.50,5508.00,5455.50,day,1,5551.75,5462.00,5503.50,5529.00,5482.50,below_value
2024-07-26,1.50,added,,0.86,0.54,False,0.68,2549,2024-07-25,2,5533.25,5432.50,5485.50,5514.00,5467.50,day,1,5533.25,5432.50,5482.50,5508.00,5455.50,in_value
2024-07-29,1.50,added,,0.69,0.71,False,0.87,2549,2024-07-25,3,5533.25,5432.50,5503.50,5523.00,5482.50,composite,2,5533.25,5432.50,5485.50,5514.00,5467.50,above_value
2024-07-30,1.50,start,migration,0.21,,,,2550,2024-07-30,1,5527.50,5438.00,5466.00,5491.50,5448.00,composite,3,5533.25,5432.50,5503.50,5523.00,5482.50,in_value
2024-07-31,1.50,start,migration,0.00,,,,2551,2024-07-31,1,5588.50,5528.75,5557.50,5571.00,5545.50,day,1,5527.50,5438.00,5466.00,5491.50,5448.00,above_range
2024-08-01,1.50,start,migration,0.00,,,,2552,2024-08-01,1,5600.75,5444.75,5476.50,5526.00,5443.50,day,1,5588.50,5528.75,5557.50,5571.00,5545.50,above_value
2024-08-02,1.50,start,migration,0.00,,,,2553,2024-08-02,1,5417.25,5331.75,5361.00,5374.50,5343.00,day,1,5600.75,5444.75,5476.50,5526.00,5443.50,below_range
2024-08-05,2.50,start,migration,0.00,,,,2554,2024-08-05,1,5279.50,5146.00,5232.50,5250.00,5197.50,day,1,5417.25,5331.75,5361.00,5374.50,5343.00,below_range
2024-08-06,2.50,start,migration,0.00,,,,2555,2024-08-06,1,5342.00,5221.75,5297.50,5325.00,5267.50,day,1,5279.50,5146.00,5232.50,5250.00,5197.50,in_value
2024-08-07,2.50,added,,0.59,0.58,False,1.00,2555,2024-08-06,2,5359.25,5221.75,5300.00,5342.50,5260.00,day,1,5342.00,5221.75,5297.50,5325.00,5267.50,above_value
2024-08-08,2.50,added,,0.82,0.70,False,0.77,2555,2024-08-06,3,5359.25,5221.75,5317.50,5350.00,5277.50,composite,2,5359.25,5221.75,5300.00,5342.50,5260.00,in_value
2024-08-09,2.50,start,migration,0.39,,,,2556,2024-08-09,1,5385.25,5324.75,5357.50,5370.00,5337.50,composite,3,5359.25,5221.75,5317.50,5350.00,5277.50,in_value
2024-08-12,2.50,start,migration,0.44,,,,2557,2024-08-12,1,5396.75,5347.75,5370.00,5382.50,5360.00,day,1,5385.25,5324.75,5357.50,5370.00,5337.50,above_value
2024-08-13,2.50,start,migration,0.00,,,,2558,2024-08-13,1,5461.25,5401.50,5447.50,5455.00,5417.50,day,1,5396.75,5347.75,5370.00,5382.50,5360.00,above_range
2024-08-14,2.50,start,migration,0.00,,,,2559,2024-08-14,1,5487.75,5438.75,5467.50,5480.00,5457.50,day,1,5461.25,5401.50,5447.50,5455.00,5417.50,above_range
2024-08-15,2.50,start,migration,0.00,,,,2560,2024-08-15,1,5571.75,5526.25,5562.50,5570.00,5547.50,day,1,5487.75,5438.75,5467.50,5480.00,5457.50,above_range
2024-08-16,2.50,start,migration,0.33,,,,2561,2024-08-16,1,5586.25,5547.50,5577.50,5585.00,5562.50,day,1,5571.75,5526.25,5562.50,5570.00,5547.50,in_value
2024-08-19,2.50,start,migration,0.00,,,,2562,2024-08-19,1,5631.25,5573.50,5602.50,5620.00,5587.50,day,1,5586.25,5547.50,5577.50,5585.00,5562.50,in_value
2024-08-20,2.50,start,migration,0.29,,,,2563,2024-08-20,1,5643.75,5607.75,5625.00,5632.50,5615.00,day,1,5631.25,5573.50,5602.50,5620.00,5587.50,above_value
2024-08-21,2.50,start,migration,0.46,,,,2564,2024-08-21,1,5655.25,5613.50,5635.00,5647.50,5620.00,day,1,5643.75,5607.75,5625.00,5632.50,5615.00,in_value
2024-08-22,2.50,start,migration,0.32,,,,2565,2024-08-22,1,5665.25,5582.75,5602.50,5635.00,5587.50,day,1,5655.25,5613.50,5635.00,5647.50,5620.00,above_range
2024-08-23,2.50,start,migration,0.31,,,,2566,2024-08-23,1,5662.25,5603.00,5635.00,5657.50,5625.00,day,1,5665.25,5582.75,5602.50,5635.00,5587.50,in_value
2024-08-26,2.50,added,,0.91,0.50,False,0.71,2566,2024-08-23,2,5669.00,5603.00,5635.00,5652.50,5625.00,day,1,5662.25,5603.00,5635.00,5657.50,5625.00,above_value
2024-08-27,2.50,added,,1.00,0.54,False,1.00,2566,2024-08-23,3,5669.00,5603.00,5637.50,5650.00,5627.50,composite,2,5669.00,5603.00,5635.00,5652.50,5625.00,below_value
2024-08-28,2.50,start,migration,0.00,,,,2567,2024-08-28,1,5644.50,5577.50,5607.50,5625.00,5587.50,composite,3,5669.00,5603.00,5637.50,5650.00,5627.50,in_value
2024-08-29,2.50,start,migration,0.12,,,,2568,2024-08-29,1,5663.75,5598.00,5650.00,5662.50,5620.00,day,1,5644.50,5577.50,5607.50,5625.00,5587.50,above_value
2024-08-30,2.50,added,,0.69,0.55,False,0.64,2568,2024-08-29,2,5665.00,5594.25,5632.50,5650.00,5607.50,day,1,5663.75,5598.00,5650.00,5662.50,5620.00,in_value
2024-09-03,2.50,start,migration,0.00,,,,2569,2024-09-03,1,5630.00,5516.75,5575.00,5597.50,5540.00,composite,2,5665.00,5594.25,5632.50,5650.00,5607.50,in_value
2024-09-04,2.50,start,migration,0.33,,,,2570,2024-09-04,1,5565.00,5515.00,5535.00,5547.50,5525.00,day,1,5630.00,5516.75,5575.00,5597.50,5540.00,below_value
2024-09-05,2.50,start,migration,0.13,,,,2571,2024-09-05,1,5557.25,5490.00,5502.50,5530.00,5492.50,day,1,5565.00,5515.00,5535.00,5547.50,5525.00,in_value
2024-09-06,2.50,start,migration,0.00,,,,2572,2024-09-06,1,5532.50,5410.25,5422.50,5460.00,5412.50,day,1,5557.25,5490.00,5502.50,5530.00,5492.50,in_value
2024-09-09,2.50,start,migration,0.18,,,,2573,2024-09-09,1,5493.00,5442.50,5470.00,5482.50,5455.00,day,1,5532.50,5410.25,5422.50,5460.00,5412.50,above_value
2024-09-10,2.50,start,migration,0.46,,,,2574,2024-09-10,1,5506.00,5448.25,5482.50,5500.00,5467.50,day,1,5493.00,5442.50,5470.00,5482.50,5455.00,above_range
2024-09-11,2.50,start,migration,0.32,,,,2575,2024-09-11,1,5567.50,5412.00,5460.00,5517.50,5415.00,day,1,5506.00,5448.25,5482.50,5500.00,5467.50,above_value
2024-09-12,2.50,start,migration,0.00,,,,2576,2024-09-12,1,5607.00,5540.25,5565.00,5597.50,5550.00,day,1,5567.50,5412.00,5460.00,5517.50,5415.00,above_value
2024-09-13,2.50,start,migration,0.00,,,,2577,2024-09-13,1,5641.50,5605.00,5627.50,5640.00,5622.50,day,1,5607.00,5540.25,5565.00,5597.50,5550.00,above_range
2024-09-16,2.50,added,,0.71,0.70,False,0.60,2577,2024-09-13,2,5641.50,5605.00,5630.00,5637.50,5620.00,day,1,5641.50,5605.00,5627.50,5640.00,5622.50,in_value
2024-09-17,2.50,start,migration,0.41,,,,2578,2024-09-17,1,5675.50,5617.00,5637.50,5660.00,5617.50,composite,2,5641.50,5605.00,5630.00,5637.50,5620.00,above_range
2024-09-18,2.50,start,roll,,,,,2579,2024-09-18,1,5755.75,5675.25,5700.00,5717.50,5685.00,none,0,,,,,,
2024-09-19,2.50,start,migration,0.00,,,,2580,2024-09-19,1,5797.50,5748.25,5777.50,5790.00,5767.50,day,1,5755.75,5675.25,5700.00,5717.50,5685.00,above_range
2024-09-20,2.50,start,migration,0.09,,,,2581,2024-09-20,1,5775.00,5733.50,5752.50,5770.00,5742.50,day,1,5797.50,5748.25,5777.50,5790.00,5767.50,below_value
2024-09-23,2.50,start,migration,0.40,,,,2582,2024-09-23,1,5784.50,5761.00,5770.00,5777.50,5765.00,day,1,5775.00,5733.50,5752.50,5770.00,5742.50,above_value
2024-09-24,2.50,start,migration,0.29,,,,2583,2024-09-24,1,5794.25,5754.75,5782.50,5790.00,5772.50,day,1,5784.50,5761.00,5770.00,5777.50,5765.00,above_value
2024-09-25,2.50,added,,0.86,0.60,False,0.60,2583,2024-09-24,2,5798.75,5754.75,5780.00,5792.50,5775.00,day,1,5794.25,5754.75,5782.50,5790.00,5772.50,above_value
2024-09-26,2.50,start,migration,0.11,,,,2584,2024-09-26,1,5827.25,5778.25,5800.00,5812.50,5790.00,composite,2,5798.75,5754.75,5780.00,5792.50,5775.00,above_range
2024-09-27,2.50,added,,1.00,0.47,False,1.00,2584,2024-09-26,2,5827.25,5778.25,5800.00,5812.50,5790.00,day,1,5827.25,5778.25,5800.00,5812.50,5790.00,in_value
2024-09-30,2.50,start,migration,0.33,,,,2585,2024-09-30,1,5820.25,5756.25,5785.00,5797.50,5775.00,composite,2,5827.25,5778.25,5800.00,5812.50,5790.00,below_value
2024-10-01,2.50,start,migration,0.00,,,,2586,2024-10-01,1,5809.50,5733.00,5757.50,5775.00,5737.50,day,1,5820.25,5756.25,5785.00,5797.50,5775.00,above_value
2024-10-02,2.50,added,,1.00,0.44,False,0.71,2586,2024-10-01,2,5809.50,5724.00,5760.00,5772.50,5745.00,day,1,5809.50,5733.00,5757.50,5775.00,5737.50,in_value
2024-10-03,2.50,start,migration,0.44,,,,2587,2024-10-03,1,5770.00,5725.75,5737.50,5755.00,5732.50,composite,2,5809.50,5724.00,5760.00,5772.50,5745.00,below_value
2024-10-04,2.50,start,migration,0.00,,,,2588,2024-10-04,1,5804.75,5749.50,5775.00,5787.50,5760.00,day,1,5770.00,5725.75,5737.50,5755.00,5732.50,above_range
2024-10-07,2.00,skipped_daytype,,0.77,,,,2588,2024-10-04,1,5804.75,5749.50,5776.00,5786.00,5760.00,day,1,5804.75,5749.50,5775.00,5787.50,5760.00,in_value
2024-10-08,2.00,start,migration,0.44,,,,2589,2024-10-08,1,5806.75,5763.75,5786.00,5796.00,5778.00,older_day,1,5804.75,5749.50,5776.00,5786.00,5760.00,in_value
2024-10-09,2.00,start,migration,0.00,,,,2590,2024-10-09,1,5846.50,5793.75,5828.00,5842.00,5820.00,day,1,5806.75,5763.75,5786.00,5796.00,5778.00,above_value
2024-10-10,2.00,added,,0.86,0.66,False,1.00,2590,2024-10-09,2,5846.50,5793.75,5828.00,5838.00,5820.00,day,1,5846.50,5793.75,5828.00,5842.00,5820.00,in_value
2024-10-11,2.00,start,migration,0.00,,,,2591,2024-10-11,1,5868.25,5823.25,5854.00,5868.00,5850.00,composite,2,5846.50,5793.75,5828.00,5838.00,5820.00,in_value
2024-10-14,2.00,start,migration,0.00,,,,2592,2024-10-14,1,5918.50,5873.00,5898.00,5908.00,5890.00,day,1,5868.25,5823.25,5854.00,5868.00,5850.00,above_range
2024-10-15,2.00,start,migration,0.07,,,,2593,2024-10-15,1,5914.00,5850.00,5882.00,5892.00,5862.00,day,1,5918.50,5873.00,5898.00,5908.00,5890.00,above_value
2024-10-16,2.00,added,,0.77,0.44,False,0.78,2593,2024-10-15,2,5914.00,5850.00,5878.00,5892.00,5862.00,day,1,5914.00,5850.00,5882.00,5892.00,5862.00,below_value
2024-10-17,2.00,start,migration,0.00,,,,2594,2024-10-17,1,5925.00,5884.75,5904.00,5910.00,5892.00,composite,2,5914.00,5850.00,5878.00,5892.00,5862.00,above_range
2024-10-18,2.00,added,,0.89,0.50,False,0.43,2594,2024-10-17,2,5925.00,5884.75,5904.00,5910.00,5892.00,day,1,5925.00,5884.75,5904.00,5910.00,5892.00,in_value
2024-10-21,2.00,start,migration,0.11,,,,2595,2024-10-21,1,5908.50,5865.00,5884.00,5894.00,5876.00,composite,2,5925.00,5884.75,5904.00,5910.00,5892.00,in_value
2024-10-22,2.00,added,,0.69,0.48,False,0.71,2595,2024-10-21,2,5908.50,5862.25,5884.00,5898.00,5876.00,day,1,5908.50,5865.00,5884.00,5894.00,5876.00,below_value
2024-10-23,2.00,start,migration,0.00,,,,2596,2024-10-23,1,5874.75,5801.00,5836.00,5862.00,5816.00,composite,2,5908.50,5862.25,5884.00,5898.00,5876.00,below_value
2024-10-24,2.00,added,,1.00,0.59,False,0.78,2596,2024-10-23,2,5874.75,5801.00,5844.00,5858.00,5828.00,day,1,5874.75,5801.00,5836.00,5862.00,5816.00,in_value
2024-10-25,2.00,start,migration,0.16,,,,2597,2024-10-25,1,5900.75,5835.00,5874.00,5900.00,5850.00,composite,2,5874.75,5801.00,5844.00,5858.00,5828.00,above_value
2024-10-28,2.00,added,,1.00,0.54,False,0.64,2597,2024-10-25,2,5900.75,5835.00,5870.00,5884.00,5850.00,day,1,5900.75,5835.00,5874.00,5900.00,5850.00,in_value
2024-10-29,2.00,added,,1.00,0.52,False,0.78,2597,2024-10-25,3,5900.75,5835.00,5868.00,5882.00,5852.00,composite,2,5900.75,5835.00,5870.00,5884.00,5850.00,in_value
2024-10-30,2.00,added,,1.00,0.52,False,1.00,2597,2024-10-25,4,5900.75,5835.00,5868.00,5882.00,5856.00,composite,3,5900.75,5835.00,5868.00,5882.00,5852.00,in_value
2024-10-31,2.00,start,migration,0.00,,,,2598,2024-10-31,1,5807.25,5734.50,5762.00,5772.00,5746.00,composite,4,5900.75,5835.00,5868.00,5882.00,5856.00,below_range
2024-11-01,2.00,start,migration,0.27,,,,2599,2024-11-01,1,5803.75,5752.50,5780.00,5794.00,5764.00,day,1,5807.25,5734.50,5762.00,5772.00,5746.00,in_value
2024-11-04,2.00,start,migration,0.00,,,,2600,2024-11-04,1,5771.50,5724.25,5748.00,5762.00,5740.00,day,1,5803.75,5752.50,5780.00,5794.00,5764.00,below_value
2024-11-05,2.00,start,migration,0.00,,,,2601,2024-11-05,1,5813.50,5750.50,5798.00,5812.00,5786.00,day,1,5771.50,5724.25,5748.00,5762.00,5740.00,in_value
2024-11-06,2.00,start,migration,0.00,,,,2602,2024-11-06,1,5967.00,5900.75,5932.00,5946.00,5908.00,day,1,5813.50,5750.50,5798.00,5812.00,5786.00,above_range
2024-11-07,2.00,start,migration,0.00,,,,2603,2024-11-07,1,6013.00,5976.00,5996.00,6002.00,5984.00,day,1,5967.00,5900.75,5932.00,5946.00,5908.00,above_range
2024-11-08,2.00,start,migration,0.00,,,,2604,2024-11-08,1,6040.50,6004.75,6022.00,6036.00,6014.00,day,1,6013.00,5976.00,5996.00,6002.00,5984.00,above_value
2024-11-11,2.00,added,,0.67,0.50,False,0.43,2604,2024-11-08,2,6045.25,6004.75,6024.00,6038.00,6020.00,day,1,6040.50,6004.75,6022.00,6036.00,6014.00,above_range
2024-11-12,2.00,start,migration,0.39,,,,2605,2024-11-12,1,6036.50,5986.75,6016.00,6030.00,6004.00,composite,2,6045.25,6004.75,6024.00,6038.00,6020.00,in_value
2024-11-13,2.00,added,,1.00,0.60,False,0.56,2605,2024-11-12,2,6036.50,5986.75,6016.00,6034.00,6008.00,day,1,6036.50,5986.75,6016.00,6030.00,6004.00,in_value
2024-11-14,2.00,start,migration,0.00,,,,2606,2024-11-14,1,6020.50,5968.75,5994.00,6008.00,5982.00,composite,2,6036.50,5986.75,6016.00,6034.00,6008.00,in_value
2024-11-15,2.00,start,migration,0.00,,,,2607,2024-11-15,1,5941.75,5876.75,5892.00,5914.00,5884.00,day,1,6020.50,5968.75,5994.00,6008.00,5982.00,below_range
2024-11-18,2.00,start,migration,0.36,,,,2608,2024-11-18,1,5933.00,5891.25,5918.00,5928.00,5906.00,day,1,5941.75,5876.75,5892.00,5914.00,5884.00,in_value
2024-11-19,2.00,start,migration,0.47,,,,2609,2024-11-19,1,5947.50,5876.25,5926.00,5948.00,5910.00,day,1,5933.00,5891.25,5918.00,5928.00,5906.00,below_range
2024-11-20,2.00,start,migration,0.39,,,,2610,2024-11-20,1,5942.75,5880.00,5910.00,5920.00,5894.00,day,1,5947.50,5876.25,5926.00,5948.00,5910.00,in_value
2024-11-21,2.00,start,migration,0.00,,,,2611,2024-11-21,1,5985.00,5907.25,5944.00,5982.00,5936.00,day,1,5942.75,5880.00,5910.00,5920.00,5894.00,above_range
2024-11-22,2.00,skipped_shape,,0.56,0.85,False,0.54,2611,2024-11-21,1,5985.00,5907.25,5944.00,5982.00,5936.00,day,1,5985.00,5907.25,5944.00,5982.00,5936.00,in_value
2024-11-25,2.00,start,migration,0.00,,,,2612,2024-11-25,1,6040.00,5982.50,6002.00,6020.00,5994.00,older_day,1,5985.00,5907.25,5944.00,5982.00,5936.00,above_range
2024-11-26,2.00,start,migration,0.11,,,,2613,2024-11-26,1,6044.00,6011.25,6026.00,6036.00,6018.00,day,1,6040.00,5982.50,6002.00,6020.00,5994.00,in_value
2024-11-27,2.00,start,migration,0.29,,,,2614,2024-11-27,1,6037.00,6000.25,6016.00,6022.00,6008.00,day,1,6044.00,6011.25,6026.00,6036.00,6018.00,in_value
2024-11-29,2.00,start,migration,0.00,,,,2615,2024-11-29,1,6060.00,6019.00,6048.00,6062.00,6040.00,day,1,6037.00,6000.25,6016.00,6022.00,6008.00,in_value
2024-12-02,2.00,skipped_shape,,0.80,0.79,False,1.00,2615,2024-11-29,1,6060.00,6019.00,6048.00,6062.00,6040.00,day,1,6060.00,6019.00,6048.00,6062.00,6040.00,in_value
2024-12-03,2.00,added,,0.86,0.74,False,1.00,2615,2024-11-29,2,6066.00,6019.00,6054.00,6064.00,6046.00,older_day,1,6060.00,6019.00,6048.00,6062.00,6040.00,in_value
2024-12-04,2.00,start,migration,0.00,,,,2616,2024-12-04,1,6102.25,6072.50,6084.00,6094.00,6076.00,composite,2,6066.00,6019.00,6054.00,6064.00,6046.00,above_range
2024-12-05,2.00,start,migration,0.29,,,,2617,2024-12-05,1,6107.25,6085.50,6094.00,6104.00,6090.00,day,1,6102.25,6072.50,6084.00,6094.00,6076.00,above_value
2024-12-06,2.00,added,,0.86,0.46,False,0.60,2617,2024-12-05,2,6111.00,6085.50,6096.00,6106.00,6092.00,day,1,6107.25,6085.50,6094.00,6104.00,6090.00,in_value
2024-12-09,2.00,start,migration,0.00,,,,2618,2024-12-09,1,6097.75,6060.00,6076.00,6082.00,6064.00,composite,2,6111.00,6085.50,6096.00,6106.00,6092.00,in_value
2024-12-10,2.00,start,migration,0.44,,,,2619,2024-12-10,1,6075.25,6039.75,6062.00,6072.00,6054.00,day,1,6097.75,6060.00,6076.00,6082.00,6064.00,in_value
2024-12-11,2.00,start,migration,0.00,,,,2620,2024-12-11,1,6102.50,6072.50,6096.00,6102.00,6084.00,day,1,6075.25,6039.75,6062.00,6072.00,6054.00,above_range
2024-12-12,2.00,start,migration,0.14,,,,2621,2024-12-12,1,6087.75,6059.50,6080.00,6086.00,6072.00,day,1,6102.50,6072.50,6096.00,6102.00,6084.00,below_value
2024-12-13,2.00,start,migration,0.00,,,,2622,2024-12-13,1,6084.75,6041.25,6054.00,6060.00,6042.00,day,1,6087.75,6059.50,6080.00,6086.00,6072.00,in_value
2024-12-16,1.50,start,migration,0.00,,,,2623,2024-12-16,1,6090.50,6064.75,6085.50,6090.00,6076.50,day,1,6084.75,6041.25,6054.00,6060.00,6042.00,above_value
2024-12-17,1.50,start,migration,0.00,,,,2624,2024-12-17,1,6063.50,6040.75,6054.00,6061.50,6048.00,day,1,6090.50,6064.75,6085.50,6090.00,6076.50,below_range
2024-12-18,1.50,start,roll,,,,,2625,2024-12-18,1,6148.00,5934.75,6136.50,6147.00,6028.50,none,0,,,,,,
2024-12-19,1.50,start,migration,0.00,,,,2626,2024-12-19,1,6005.25,5931.75,5964.00,5980.50,5952.00,day,1,6148.00,5934.75,6136.50,6147.00,6028.50,below_value
2024-12-20,1.50,start,migration,0.04,,,,2627,2024-12-20,1,6050.75,5898.25,6013.50,6051.00,5977.50,day,1,6005.25,5931.75,5964.00,5980.50,5952.00,below_range
2024-12-23,1.50,skipped_shape,,1.00,0.76,False,0.91,2627,2024-12-20,1,6050.75,5898.25,6013.50,6051.00,5977.50,day,1,6050.75,5898.25,6013.50,6051.00,5977.50,in_value
2024-12-24,1.50,start,migration,0.00,,,,2628,2024-12-24,1,6099.50,6042.25,6078.00,6100.50,6069.00,older_day,1,6050.75,5898.25,6013.50,6051.00,5977.50,in_value
2024-12-26,1.50,added,,0.82,0.74,False,0.82,2628,2024-12-24,2,6107.50,6042.25,6090.00,6103.50,6075.00,day,1,6099.50,6042.25,6078.00,6100.50,6069.00,in_value
2024-12-27,1.50,start,migration,0.00,,,,2629,2024-12-27,1,6055.50,5982.75,6016.50,6027.00,5992.50,composite,2,6107.50,6042.25,6090.00,6103.50,6075.00,below_value
2024-12-30,1.50,start,migration,0.00,,,,2630,2024-12-30,1,5993.25,5918.25,5979.00,5992.50,5949.00,day,1,6055.50,5982.75,6016.50,6027.00,5992.50,below_range
2024-12-31,1.50,start,migration,0.05,,,,2631,2024-12-31,1,5980.25,5917.25,5937.00,5950.50,5919.00,day,1,5993.25,5918.25,5979.00,5992.50,5949.00,in_value
2025-01-02,1.50,start,migration,0.45,,,,2632,2025-01-02,1,5985.00,5874.75,5944.50,5970.00,5899.50,day,1,5980.25,5917.25,5937.00,5950.50,5919.00,above_value
2025-01-03,1.50,start,migration,0.36,,,,2633,2025-01-03,1,5996.75,5934.00,5980.50,5994.00,5956.50,day,1,5985.00,5874.75,5944.50,5970.00,5899.50,in_value
2025-01-06,1.50,start,migration,0.00,,,,2634,2025-01-06,1,6068.25,6004.00,6055.50,6066.00,6022.50,day,1,5996.75,5934.00,5980.50,5994.00,5956.50,above_range
2025-01-07,1.50,start,migration,0.00,,,,2635,2025-01-07,1,6045.50,5935.00,5977.50,6006.00,5965.50,day,1,6068.25,6004.00,6055.50,6066.00,6022.50,in_value
2025-01-08,1.50,start,migration,0.00,,,,2636,2025-01-08,1,5971.75,5917.00,5947.50,5961.00,5935.50,day,1,6045.50,5935.00,5977.50,6006.00,5965.50,below_value
2025-01-10,1.50,start,migration,0.00,,,,2637,2025-01-10,1,5921.75,5845.25,5872.50,5892.00,5857.50,day,1,5971.75,5917.00,5947.50,5961.00,5935.50,below_value
2025-01-13,2.50,start,migration,0.00,,,,2638,2025-01-13,1,5878.25,5813.00,5840.00,5857.50,5815.00,day,1,5921.75,5845.25,5872.50,5892.00,5857.50,below_range
2025-01-14,2.50,start,migration,0.00,,,,2639,2025-01-14,1,5909.75,5842.50,5877.50,5900.00,5862.50,day,1,5878.25,5813.00,5840.00,5857.50,5815.00,above_range
2025-01-15,2.50,start,migration,0.00,,,,2640,2025-01-15,1,6001.25,5952.50,5975.00,5997.50,5965.00,day,1,5909.75,5842.50,5877.50,5900.00,5862.50,above_range
2025-01-16,2.50,added,,1.00,0.55,False,0.43,2640,2025-01-15,2,6004.25,5952.50,5980.00,5997.50,5975.00,day,1,6001.25,5952.50,5975.00,5997.50,5965.00,above_range
2025-01-17,2.50,start,migration,0.00,,,,2641,2025-01-17,1,6051.50,6012.75,6037.50,6050.00,6032.50,composite,2,6004.25,5952.50,5980.00,5997.50,5975.00,above_range
2025-01-21,2.50,start,migration,0.00,,,,2642,2025-01-21,1,6087.25,6043.50,6077.50,6085.00,6057.50,day,1,6051.50,6012.75,6037.50,6050.00,6032.50,above_range
2025-01-22,2.50,start,migration,0.00,,,,2643,2025-01-22,1,6135.75,6111.25,6127.50,6135.00,6122.50,day,1,6087.25,6043.50,6077.50,6085.00,6057.50,above_range
2025-01-23,2.50,added,,0.56,0.47,False,0.60,2643,2025-01-22,2,6154.00,6111.25,6130.00,6137.50,6120.00,day,1,6135.75,6111.25,6127.50,6135.00,6122.50,below_value
2025-01-24,2.50,start,migration,0.27,,,,2644,2025-01-24,1,6162.25,6122.00,6150.00,6157.50,6130.00,composite,2,6154.00,6111.25,6130.00,6137.50,6120.00,above_value
2025-01-27,2.50,start,migration,0.00,,,,2645,2025-01-27,1,6048.75,5996.75,6022.50,6035.00,6012.50,day,1,6162.25,6122.00,6150.00,6157.50,6130.00,below_range
2025-01-28,2.50,start,migration,0.00,,,,2646,2025-01-28,1,6105.50,6023.50,6090.00,6102.50,6060.00,day,1,6048.75,5996.75,6022.50,6035.00,6012.50,above_range
2025-01-29,2.50,added,,0.91,0.63,False,1.00,2646,2025-01-28,2,6105.50,6023.50,6075.00,6092.50,6060.00,day,1,6105.50,6023.50,6090.00,6102.50,6060.00,in_value
2025-01-30,2.50,added,,0.61,0.57,False,0.78,2646,2025-01-28,3,6116.25,6023.50,6075.00,6097.50,6060.00,composite,2,6105.50,6023.50,6075.00,6092.50,6060.00,in_value
2025-01-31,2.50,start,migration,0.16,,,,2647,2025-01-31,1,6147.75,6057.75,6137.50,6150.00,6087.50,composite,3,6116.25,6023.50,6075.00,6097.50,6060.00,above_range
2025-02-03,2.50,start,migration,0.00,,,,2648,2025-02-03,1,6049.25,5950.25,6020.00,6047.50,6000.00,day,1,6147.75,6057.75,6137.50,6150.00,6087.50,below_range
2025-02-04,2.50,start,migration,0.11,,,,2649,2025-02-04,1,6068.75,6018.00,6055.00,6067.50,6045.00,day,1,6049.25,5950.25,6020.00,6047.50,6000.00,in_value
2025-02-05,2.50,added,,0.53,0.53,False,1.00,2649,2025-02-04,2,6088.50,6018.00,6055.00,6072.50,6040.00,day,1,6068.75,6018.00,6055.00,6067.50,6045.00,in_value
2025-02-06,2.50,start,migration,0.00,,,,2650,2025-02-06,1,6108.50,6070.00,6095.00,6102.50,6085.00,composite,2,6088.50,6018.00,6055.00,6072.50,6040.00,above_range
2025-02-07,2.50,start,migration,0.00,,,,2651,2025-02-07,1,6123.25,6041.25,6055.00,6082.50,6045.00,day,1,6108.50,6070.00,6095.00,6102.50,6085.00,above_range
2025-02-10,2.50,start,migration,0.43,,,,2652,2025-02-10,1,6096.00,6067.75,6085.00,6092.50,6075.00,day,1,6123.25,6041.25,6055.00,6082.50,6045.00,in_value
2025-02-11,2.50,added,,0.86,0.63,False,0.60,2652,2025-02-10,2,6098.75,6064.00,6085.00,6092.50,6075.00,day,1,6096.00,6067.75,6085.00,6092.50,6075.00,below_range
2025-02-12,2.50,start,migration,0.20,,,,2653,2025-02-12,1,6084.75,6023.75,6070.00,6082.50,6045.00,composite,2,6098.75,6064.00,6085.00,6092.50,6075.00,below_range
2025-02-13,2.50,start,migration,0.00,,,,2654,2025-02-13,1,6138.00,6070.25,6102.50,6115.00,6082.50,day,1,6084.75,6023.75,6070.00,6082.50,6045.00,above_value
2025-02-14,2.50,start,migration,0.00,,,,2655,2025-02-14,1,6145.25,6125.75,6135.00,6142.50,6130.00,day,1,6138.00,6070.25,6102.50,6115.00,6082.50,above_value
2025-02-18,2.00,added,,0.71,0.53,False,1.00,2655,2025-02-14,2,6148.50,6118.25,6134.00,6140.00,6130.00,day,1,6145.25,6125.75,6135.00,6142.50,6130.00,above_value
2025-02-19,2.00,start,migration,0.07,,,,2656,2025-02-19,1,6166.50,6129.25,6146.00,6168.00,6138.00,composite,2,6148.50,6118.25,6134.00,6140.00,6130.00,in_value
2025-02-20,2.00,start,migration,0.00,,,,2657,2025-02-20,1,6150.00,6102.75,6116.00,6130.00,6108.00,day,1,6166.50,6129.25,6146.00,6168.00,6138.00,in_value
2025-02-21,2.00,start,migration,0.20,,,,2658,2025-02-21,1,6133.00,6024.50,6094.00,6124.00,6046.00,day,1,6150.00,6102.75,6116.00,6130.00,6108.00,above_value
2025-02-24,2.00,start,migration,0.06,,,,2659,2025-02-24,1,6060.00,5994.50,6034.00,6048.00,6014.00,day,1,6133.00,6024.50,6094.00,6124.00,6046.00,in_value
2025-02-25,2.00,start,migration,0.00,,,,2660,2025-02-25,1,6007.75,5924.00,5964.00,5990.00,5952.00,day,1,6060.00,5994.50,6034.00,6048.00,6014.00,below_value
2025-02-26,2.00,added,,0.66,0.41,False,0.85,2660,2025-02-25,2,6023.75,5924.00,5964.00,5990.00,5944.00,day,1,6007.75,5924.00,5964.00,5990.00,5952.00,in_value
2025-02-27,2.00,added,,0.85,0.61,False,1.00,2660,2025-02-25,3,6023.75,5873.00,5964.00,5990.00,5940.00,composite,2,6023.75,5924.00,5964.00,5990.00,5944.00,above_value
2025-02-28,2.00,start,migration,0.00,,,,2661,2025-02-28,1,5971.00,5848.00,5906.00,5908.00,5862.00,composite,3,6023.75,5873.00,5964.00,5990.00,5940.00,below_value
2025-03-03,2.00,start,migration,0.13,,,,2662,2025-03-03,1,5997.00,5821.75,5950.00,5976.00,5898.00,day,1,5971.00,5848.00,5906.00,5908.00,5862.00,above_range
2025-03-04,2.00,start,migration,0.00,,,,2663,2025-03-04,1,5875.75,5744.00,5782.00,5824.00,5754.00,day,1,5997.00,5821.75,5950.00,5976.00,5898.00,below_range
2025-03-05,2.00,added,,0.79,0.29,False,0.41,2663,2025-03-04,2,5875.75,5744.00,5782.00,5836.00,5762.00,day,1,5875.75,5744.00,5782.00,5824.00,5754.00,in_value
2025-03-06,2.00,start,migration,0.31,,,,2664,2025-03-06,1,5821.25,5720.00,5742.00,5780.00,5722.00,composite,2,5875.75,5744.00,5782.00,5836.00,5762.00,in_value
2025-03-07,2.00,added,,0.88,0.50,False,0.68,2664,2025-03-06,2,5821.25,5673.00,5746.00,5784.00,5722.00,day,1,5821.25,5720.00,5742.00,5780.00,5722.00,in_value
2025-03-10,3.00,start,migration,0.00,,,,2665,2025-03-10,1,5711.25,5571.50,5628.00,5673.00,5604.00,composite,2,5821.25,5673.00,5746.00,5784.00,5722.00,below_value
2025-03-11,3.00,start,migration,0.16,,,,2666,2025-03-11,1,5643.75,5534.00,5586.00,5613.00,5556.00,day,1,5711.25,5571.50,5628.00,5673.00,5604.00,in_value
2025-03-12,3.00,added,,0.55,0.62,False,1.00,2666,2025-03-11,2,5645.00,5534.00,5601.00,5628.00,5577.00,day,1,5643.75,5534.00,5586.00,5613.00,5556.00,above_value
2025-03-13,3.00,start,migration,0.00,,,,2667,2025-03-13,1,5603.75,5509.25,5544.00,5571.00,5514.00,composite,2,5645.00,5534.00,5601.00,5628.00,5577.00,in_value
2025-03-14,3.00,start,migration,0.00,,,,2668,2025-03-14,1,5648.75,5564.00,5625.00,5640.00,5595.00,day,1,5603.75,5509.25,5544.00,5571.00,5514.00,above_value
2025-03-17,3.00,start,migration,0.00,,,,2669,2025-03-17,1,5707.50,5632.75,5652.00,5679.00,5640.00,day,1,5648.75,5564.00,5625.00,5640.00,5595.00,in_value
2025-03-18,3.00,start,migration,0.00,,,,2670,2025-03-18,1,5659.25,5600.00,5616.00,5625.00,5604.00,day,1,5707.50,5632.75,5652.00,5679.00,5640.00,in_value
2025-03-19,3.00,start,roll,,,,,2671,2025-03-19,1,5770.50,5675.75,5706.00,5727.00,5682.00,none,0,,,,,,
2025-03-20,3.00,added,,0.67,0.35,False,0.46,2671,2025-03-19,2,5770.50,5675.75,5706.00,5739.00,5694.00,day,1,5770.50,5675.75,5706.00,5727.00,5682.00,in_value
2025-03-21,3.00,start,migration,0.40,,,,2672,2025-03-21,1,5722.25,5652.25,5691.00,5712.00,5667.00,composite,2,5770.50,5675.75,5706.00,5739.00,5694.00,below_range
2025-03-24,4.00,start,migration,0.00,,,,2673,2025-03-24,1,5825.50,5776.00,5804.00,5816.00,5796.00,day,1,5722.25,5652.25,5691.00,5712.00,5667.00,above_range
2025-03-25,4.00,start,migration,0.40,,,,2674,2025-03-25,1,5837.25,5809.50,5816.00,5828.00,5808.00,day,1,5825.50,5776.00,5804.00,5816.00,5796.00,above_range
2025-03-26,4.00,start,migration,0.00,,,,2675,2025-03-26,1,5834.50,5743.00,5764.00,5800.00,5740.00,day,1,5837.25,5809.50,5816.00,5828.00,5808.00,in_value
2025-03-27,4.00,added,,1.00,0.26,False,0.43,2675,2025-03-26,2,5834.50,5720.00,5748.00,5776.00,5740.00,day,1,5834.50,5743.00,5764.00,5800.00,5740.00,below_range
2025-03-28,4.00,start,migration,0.00,,,,2676,2025-03-28,1,5731.25,5617.25,5628.00,5672.00,5620.00,composite,2,5834.50,5720.00,5748.00,5776.00,5740.00,below_value
2025-03-31,4.00,start,migration,0.10,,,,2677,2025-03-31,1,5672.75,5533.75,5600.00,5628.00,5552.00,day,1,5731.25,5617.25,5628.00,5672.00,5620.00,below_range
2025-04-01,4.00,start,migration,0.07,,,,2678,2025-04-01,1,5694.75,5600.25,5656.00,5684.00,5624.00,day,1,5672.75,5533.75,5600.00,5628.00,5552.00,above_value
2025-04-02,4.00,start,migration,0.23,,,,2679,2025-04-02,1,5739.25,5610.75,5696.00,5724.00,5672.00,day,1,5694.75,5600.25,5656.00,5684.00,5624.00,below_value
2025-04-03,4.00,start,migration,0.00,,,,2680,2025-04-03,1,5540.50,5428.50,5476.00,5512.00,5460.00,day,1,5739.25,5610.75,5696.00,5724.00,5672.00,below_range
2025-04-04,4.00,start,migration,0.00,,,,2681,2025-04-04,1,5314.50,5103.00,5172.00,5232.00,5132.00,day,1,5540.50,5428.50,5476.00,5512.00,5460.00,below_range
2025-04-07,4.00,start,migration,0.00,,,,2682,2025-04-07,1,5286.50,4867.00,5072.00,5132.00,5000.00,day,1,5314.50,5103.00,5172.00,5232.00,5132.00,below_range
2025-04-08,4.00,start,migration,0.41,,,,2683,2025-04-08,1,5305.25,4940.50,5120.00,5252.00,5048.00,day,1,5286.50,4867.00,5072.00,5132.00,5000.00,above_value
2025-04-09,4.00,skipped_shape,,0.53,0.18,False,0.28,2683,2025-04-08,1,5305.25,4940.50,5120.00,5252.00,5048.00,day,1,5305.25,4940.50,5120.00,5252.00,5048.00,below_value
2025-04-10,4.00,start,migration,0.17,,,,2684,2025-04-10,1,5389.00,5146.75,5288.00,5348.00,5232.00,older_day,1,5305.25,4940.50,5120.00,5252.00,5048.00,above_range
2025-04-11,4.00,added,,0.76,0.53,False,0.68,2684,2025-04-10,2,5418.25,5146.75,5288.00,5364.00,5240.00,day,1,5389.00,5146.75,5288.00,5348.00,5232.00,in_value
2025-04-14,4.00,start,migration,0.00,,,,2685,2025-04-14,1,5496.50,5391.00,5448.00,5476.00,5416.00,composite,2,5418.25,5146.75,5288.00,5364.00,5240.00,above_range
2025-04-15,4.00,added,,1.00,0.52,False,1.00,2685,2025-04-14,2,5496.50,5391.00,5444.00,5472.00,5420.00,day,1,5496.50,5391.00,5448.00,5476.00,5416.00,in_value
2025-04-16,4.00,start,migration,0.00,,,,2686,2025-04-16,1,5401.00,5251.00,5364.00,5400.00,5300.00,composite,2,5496.50,5391.00,5444.00,5472.00,5420.00,below_range
2025-04-17,4.00,added,,1.00,0.55,False,1.00,2686,2025-04-16,2,5401.00,5251.00,5332.00,5368.00,5300.00,day,1,5401.00,5251.00,5364.00,5400.00,5300.00,in_value
2025-04-21,4.00,start,migration,0.00,,,,2687,2025-04-21,1,5262.50,5127.25,5152.00,5188.00,5128.00,composite,2,5401.00,5251.00,5332.00,5368.00,5300.00,below_value
2025-04-22,4.00,start,migration,0.00,,,,2688,2025-04-22,1,5339.25,5236.00,5284.00,5320.00,5268.00,day,1,5262.50,5127.25,5152.00,5188.00,5128.00,above_value
2025-04-23,4.00,start,migration,0.00,,,,2689,2025-04-23,1,5499.75,5383.75,5416.00,5452.00,5384.00,day,1,5339.25,5236.00,5284.00,5320.00,5268.00,above_range
2025-04-24,4.00,start,migration,0.00,,,,2690,2025-04-24,1,5520.00,5398.50,5500.00,5512.00,5460.00,day,1,5499.75,5383.75,5416.00,5452.00,5384.00,in_value
2025-04-25,4.00,start,migration,0.09,,,,2691,2025-04-25,1,5554.50,5480.25,5516.00,5552.00,5508.00,day,1,5520.00,5398.50,5500.00,5512.00,5460.00,in_value
2025-04-28,5.00,added,,0.73,0.38,False,0.33,2691,2025-04-25,2,5578.75,5480.25,5515.00,5560.00,5505.00,day,1,5554.50,5480.25,5516.00,5552.00,5508.00,above_range
2025-04-29,5.00,start,migration,0.33,,,,2692,2025-04-29,1,5597.25,5527.75,5555.00,5590.00,5545.00,composite,2,5578.75,5480.25,5515.00,5560.00,5505.00,in_value
2025-04-30,5.00,start,migration,0.23,,,,2693,2025-04-30,1,5606.75,5455.50,5535.00,5560.00,5495.00,day,1,5597.25,5527.75,5555.00,5590.00,5545.00,below_range
2025-05-01,5.00,start,migration,0.00,,,,2694,2025-05-01,1,5682.50,5618.75,5650.00,5665.00,5630.00,day,1,5606.75,5455.50,5535.00,5560.00,5495.00,above_range
2025-05-02,5.00,start,migration,0.00,,,,2695,2025-05-02,1,5724.75,5663.00,5700.00,5725.00,5690.00,day,1,5682.50,5618.75,5650.00,5665.00,5630.00,above_range
2025-05-05,5.00,added,,0.60,0.54,False,0.60,2695,2025-05-02,2,5724.75,5655.25,5690.00,5715.00,5680.00,day,1,5724.75,5663.00,5700.00,5725.00,5690.00,below_value
2025-05-06,5.00,start,migration,0.00,,,,2696,2025-05-06,1,5671.75,5607.00,5640.00,5655.00,5620.00,composite,2,5724.75,5655.25,5690.00,5715.00,5680.00,below_range
2025-05-07,5.00,added,,1.00,0.50,False,0.60,2696,2025-05-06,2,5675.00,5596.00,5635.00,5660.00,5625.00,day,1,5671.75,5607.00,5640.00,5655.00,5620.00,in_value
2025-05-08,5.00,start,migration,0.00,,,,2697,2025-05-08,1,5741.00,5653.00,5720.00,5735.00,5680.00,composite,2,5675.00,5596.00,5635.00,5660.00,5625.00,above_range
2025-05-09,5.00,added,,0.60,0.34,False,0.71,2697,2025-05-08,2,5741.00,5653.00,5680.00,5715.00,5660.00,day,1,5741.00,5653.00,5720.00,5735.00,5680.00,in_value
2025-05-12,3.00,start,migration,0.00,,,,2698,2025-05-12,1,5866.25,5805.75,5829.00,5850.00,5811.00,composite,2,5741.00,5653.00,5680.00,5715.00,5660.00,above_range
2025-05-13,3.00,start,migration,0.00,,,,2699,2025-05-13,1,5927.00,5863.50,5913.00,5922.00,5901.00,day,1,5866.25,5805.75,5829.00,5850.00,5811.00,above_range
2025-05-14,3.00,added,,0.86,0.75,False,0.60,2699,2025-05-13,2,5927.00,5863.50,5910.00,5919.00,5898.00,day,1,5927.00,5863.50,5913.00,5922.00,5901.00,in_value
2025-05-15,3.00,start,migration,0.27,,,,2700,2025-05-15,1,5944.50,5884.50,5922.00,5943.00,5910.00,composite,2,5927.00,5863.50,5910.00,5919.00,5898.00,below_value
2025-05-16,3.00,start,migration,0.27,,,,2701,2025-05-16,1,5977.50,5924.75,5940.00,5967.00,5934.00,day,1,5944.50,5884.50,5922.00,5943.00,5910.00,above_value
2025-05-19,3.00,added,,0.55,0.71,False,0.56,2701,2025-05-16,2,5987.50,5912.25,5964.00,5979.00,5940.00,day,1,5977.50,5924.75,5940.00,5967.00,5934.00,below_range
2025-05-20,3.00,added,,1.00,0.71,False,0.71,2701,2025-05-16,3,5987.50,5912.25,5964.00,5979.00,5946.00,composite,2,5987.50,5912.25,5964.00,5979.00,5940.00,in_value
2025-05-21,3.00,start,migration,0.00,,,,2702,2025-05-21,1,5956.25,5847.75,5874.00,5931.00,5850.00,composite,3,5987.50,5912.25,5964.00,5979.00,5946.00,below_value
2025-05-22,3.00,added,,1.00,0.27,False,1.00,2702,2025-05-21,2,5956.25,5842.75,5871.00,5898.00,5847.00,day,1,5956.25,5847.75,5874.00,5931.00,5850.00,in_value
2025-05-23,3.00,start,migration,0.00,,,,2703,2025-05-23,1,5843.75,5780.50,5808.00,5835.00,5802.00,composite,2,5956.25,5842.75,5871.00,5898.00,5847.00,below_range
2025-05-27,2.50,start,migration,0.00,,,,2704,2025-05-27,1,5938.75,5868.25,5930.00,5937.50,5905.00,day,1,5843.75,5780.50,5808.00,5835.00,5802.00,above_range
2025-05-28,2.50,added,,1.00,0.67,False,0.71,2704,2025-05-27,2,5952.50,5868.25,5925.00,5937.50,5910.00,day,1,5938.75,5868.25,5930.00,5937.50,5905.00,above_range
2025-05-29,2.50,added,,0.82,0.60,False,0.71,2704,2025-05-27,3,5956.25,5868.25,5920.00,5932.50,5905.00,composite,2,5952.50,5868.25,5925.00,5937.50,5910.00,above_range
2025-05-30,2.50,start,migration,0.41,,,,2705,2025-05-30,1,5932.75,5853.25,5905.00,5922.50,5880.00,composite,3,5956.25,5868.25,5920.00,5932.50,5905.00,in_value
2025-06-02,2.50,added,,0.88,0.55,False,1.00,2705,2025-05-30,2,5949.00,5853.25,5905.00,5927.50,5885.00,day,1,5932.75,5853.25,5905.00,5922.50,5880.00,in_value
2025-06-03,2.50,start,migration,0.00,,,,2706,2025-06-03,1,5991.25,5938.25,5982.50,5990.00,5957.50,composite,2,5949.00,5853.25,5905.00,5927.50,5885.00,above_value
2025-06-04,2.50,skipped_shape,,0.60,0.78,False,1.00,2706,2025-06-03,1,5991.25,5938.25,5982.50,5990.00,5957.50,day,1,5991.25,5938.25,5982.50,5990.00,5957.50,in_value
2025-06-05,2.50,added,,0.87,0.62,False,0.78,2706,2025-06-03,2,6009.00,5928.75,5977.50,5995.00,5957.50,older_day,1,5991.25,5938.25,5982.50,5990.00,5957.50,above_range
2025-06-06,2.50,start,migration,0.00,,,,2707,2025-06-06,1,6025.00,5984.50,6005.00,6022.50,5995.00,composite,2,6009.00,5928.75,5977.50,5995.00,5957.50,above_value
2025-06-09,2.50,added,,0.86,0.55,False,0.43,2707,2025-06-06,2,6027.75,5984.50,6007.50,6025.00,6002.50,day,1,6025.00,5984.50,6005.00,6022.50,5995.00,in_value
2025-06-10,2.50,start,migration,0.22,,,,2708,2025-06-10,1,6049.50,6005.00,6025.00,6042.50,6020.00,composite,2,6027.75,5984.50,6007.50,6025.00,6002.50,in_value
2025-06-11,2.50,start,migration,0.40,,,,2709,2025-06-11,1,6064.75,6006.25,6047.50,6065.00,6027.50,day,1,6049.50,6005.00,6025.00,6042.50,6020.00,above_range
2025-06-12,2.50,added,,1.00,0.69,False,0.56,2709,2025-06-11,2,6064.75,6006.25,6045.00,6057.50,6025.00,day,1,6064.75,6006.25,6047.50,6065.00,6027.50,below_value
2025-06-13,2.50,start,migration,0.00,,,,2710,2025-06-13,1,6029.75,5965.25,6002.50,6025.00,5982.50,composite,2,6064.75,6006.25,6045.00,6057.50,6025.00,below_range
2025-06-16,2.50,start,migration,0.00,,,,2711,2025-06-16,1,6055.25,6013.50,6037.50,6050.00,6032.50,day,1,6029.75,5965.25,6002.50,6025.00,5982.50,in_value
2025-06-17,2.50,start,migration,0.00,,,,2712,2025-06-17,1,6027.00,5976.75,6012.50,6025.00,5987.50,day,1,6055.25,6013.50,6037.50,6050.00,6032.50,below_range
2025-06-18,2.50,start,roll,,,,,2713,2025-06-18,1,6073.75,6026.25,6047.50,6070.00,6042.50,none,0,,,,,,
2025-06-20,2.50,start,migration,0.00,,,,2714,2025-06-20,1,6071.00,6003.25,6027.50,6035.00,6007.50,day,1,6073.75,6026.25,6047.50,6070.00,6042.50,in_value
2025-06-23,2.50,start,migration,0.32,,,,2715,2025-06-23,1,6081.50,5993.25,6040.00,6067.50,6020.00,day,1,6071.00,6003.25,6027.50,6035.00,6007.50,in_value
2025-06-24,2.50,start,migration,0.00,,,,2716,2025-06-24,1,6155.25,6109.00,6145.00,6152.50,6125.00,day,1,6081.50,5993.25,6040.00,6067.50,6020.00,above_range
2025-06-25,2.50,added,,1.00,0.70,False,1.00,2716,2025-06-24,2,6160.25,6109.00,6145.00,6157.50,6135.00,day,1,6155.25,6109.00,6145.00,6152.50,6125.00,above_value
2025-06-26,2.50,start,migration,0.00,,,,2717,2025-06-26,1,6200.00,6159.25,6187.50,6200.00,6172.50,composite,2,6160.25,6109.00,6145.00,6157.50,6135.00,above_range
2025-06-27,2.50,start,migration,0.00,,,,2718,2025-06-27,1,6239.00,6183.25,6230.00,6232.50,6200.00,day,1,6200.00,6159.25,6187.50,6200.00,6172.50,above_range
2025-06-30,2.00,start,migration,0.43,,,,2719,2025-06-30,1,6265.50,6224.25,6238.00,6244.00,6230.00,day,1,6239.00,6183.25,6230.00,6232.50,6200.00,above_range
2025-07-01,2.00,start,migration,0.33,,,,2720,2025-07-01,1,6261.50,6227.50,6246.00,6256.00,6238.00,day,1,6265.50,6224.25,6238.00,6244.00,6230.00,in_value
2025-07-02,2.00,start,migration,0.00,,,,2721,2025-07-02,1,6276.50,6238.25,6264.00,6274.00,6256.00,day,1,6261.50,6227.50,6246.00,6256.00,6238.00,in_value
2025-07-03,2.00,start,migration,0.00,,,,2722,2025-07-03,1,6333.25,6292.75,6324.00,6334.00,6312.00,day,1,6276.50,6238.25,6264.00,6274.00,6256.00,above_range
2025-07-07,2.00,start,migration,0.00,,,,2723,2025-07-07,1,6309.75,6246.25,6270.00,6292.00,6258.00,day,1,6333.25,6292.75,6324.00,6334.00,6312.00,below_value
2025-07-08,2.00,added,,1.00,0.42,False,0.71,2723,2025-07-07,2,6309.75,6246.25,6272.00,6282.00,6260.00,day,1,6309.75,6246.25,6270.00,6292.00,6258.00,in_value
2025-07-09,2.00,start,migration,0.00,,,,2724,2025-07-09,1,6315.25,6276.00,6290.00,6304.00,6282.00,composite,2,6309.75,6246.25,6272.00,6282.00,6260.00,above_value
2025-07-10,2.00,start,migration,0.00,,,,2725,2025-07-10,1,6335.50,6296.00,6320.00,6334.00,6312.00,day,1,6315.25,6276.00,6290.00,6304.00,6282.00,above_value
2025-07-11,2.00,start,migration,0.00,,,,2726,2025-07-11,1,6312.75,6278.50,6304.00,6310.00,6296.00,day,1,6335.50,6296.00,6320.00,6334.00,6312.00,below_range
2025-07-14,2.00,skipped_shape,,0.64,0.76,False,0.43,2726,2025-07-11,1,6312.75,6278.50,6304.00,6310.00,6296.00,day,1,6312.75,6278.50,6304.00,6310.00,6296.00,below_value
2025-07-15,2.00,added,,0.64,0.45,False,0.43,2726,2025-07-11,2,6341.75,6278.50,6306.00,6312.00,6294.00,older_day,1,6312.75,6278.50,6304.00,6310.00,6296.00,above_range
2025-07-16,2.00,start,migration,0.27,,,,2727,2025-07-16,1,6308.75,6241.00,6280.00,6302.00,6272.00,composite,2,6341.75,6278.50,6306.00,6312.00,6294.00,in_value
2025-07-17,2.00,start,migration,0.00,,,,2728,2025-07-17,1,6345.50,6302.00,6328.00,6346.00,6320.00,day,1,6308.75,6241.00,6280.00,6302.00,6272.00,above_value
2025-07-18,2.00,added,,1.00,0.56,False,0.71,2728,2025-07-17,2,6353.50,6302.00,6330.00,6344.00,6322.00,day,1,6345.50,6302.00,6328.00,6346.00,6320.00,above_range
2025-07-21,1.50,start,migration,0.00,,,,2729,2025-07-21,1,6374.00,6341.00,6369.00,6373.50,6354.00,composite,2,6353.50,6302.00,6330.00,6344.00,6322.00,above_value
2025-07-22,1.50,start,migration,0.00,,,,2730,2025-07-22,1,6353.75,6318.75,6334.50,6348.00,6328.50,day,1,6374.00,6341.00,6369.00,6373.50,6354.00,below_value
2025-07-23,1.50,start,migration,0.00,,,,2731,2025-07-23,1,6399.25,6353.50,6373.50,6393.00,6364.50,day,1,6353.75,6318.75,6334.50,6348.00,6328.50,above_range
2025-07-24,1.50,start,migration,0.00,,,,2732,2025-07-24,1,6418.25,6396.25,6409.50,6414.00,6403.50,day,1,6399.25,6353.50,6373.50,6393.00,6364.50,above_range
2025-07-25,1.50,start,migration,0.14,,,,2733,2025-07-25,1,6431.00,6402.50,6426.00,6432.00,6411.00,day,1,6418.25,6396.25,6409.50,6414.00,6403.50,in_value
2025-07-28,1.50,added,,1.00,0.75,False,0.33,2733,2025-07-25,2,6434.25,6402.50,6426.00,6430.50,6414.00,day,1,6431.00,6402.50,6426.00,6432.00,6411.00,in_value
2025-07-29,1.50,start,migration,0.39,,,,2734,2025-07-29,1,6440.00,6396.25,6408.00,6421.50,6402.00,composite,2,6434.25,6402.50,6426.00,6430.50,6414.00,above_range
2025-07-30,1.50,added,,0.56,0.65,False,0.82,2734,2025-07-29,2,6440.00,6366.75,6414.00,6427.50,6399.00,day,1,6440.00,6396.25,6408.00,6421.50,6402.00,in_value
2025-07-31,1.50,added,,0.51,0.61,False,0.77,2734,2025-07-29,3,6451.00,6358.25,6414.00,6433.50,6390.00,composite,2,6440.00,6366.75,6414.00,6427.50,6399.00,above_range
2025-08-01,1.50,start,migration,0.00,,,,2735,2025-08-01,1,6311.50,6239.50,6264.00,6283.50,6255.00,composite,3,6451.00,6358.25,6414.00,6433.50,6390.00,below_range
2025-08-04,1.50,start,migration,0.00,,,,2736,2025-08-04,1,6358.50,6302.00,6345.00,6352.50,6333.00,day,1,6311.50,6239.50,6264.00,6283.50,6255.00,above_value
2025-08-05,1.50,added,,0.53,0.48,False,0.64,2736,2025-08-04,2,6371.75,6302.00,6334.50,6351.00,6325.50,day,1,6358.50,6302.00,6345.00,6352.50,6333.00,above_range
2025-08-06,1.50,start,migration,0.22,,,,2737,2025-08-06,1,6379.50,6325.75,6370.50,6378.00,6343.50,composite,2,6371.75,6302.00,6334.50,6351.00,6325.50,in_value
2025-08-07,1.50,added,,0.87,0.47,False,0.41,2737,2025-08-06,2,6414.50,6325.75,6367.50,6378.00,6343.50,day,1,6379.50,6325.75,6370.50,6378.00,6343.50,above_range
2025-08-08,1.50,start,migration,0.00,,,,2738,2025-08-08,1,6419.00,6379.75,6406.50,6417.00,6400.50,composite,2,6414.50,6325.75,6367.50,6378.00,6343.50,above_value
2025-08-11,1.50,added,,0.69,0.53,False,0.56,2738,2025-08-08,2,6431.50,6379.75,6406.50,6420.00,6400.50,day,1,6419.00,6379.75,6406.50,6417.00,6400.50,in_value
2025-08-12,1.50,start,migration,0.00,,,,2739,2025-08-12,1,6470.00,6408.50,6460.50,6468.00,6430.50,composite,2,6431.50,6379.75,6406.50,6420.00,6400.50,above_value
2025-08-13,1.50,start,migration,0.00,,,,2740,2025-08-13,1,6502.50,6466.75,6478.50,6486.00,6469.50,day,1,6470.00,6408.50,6460.50,6468.00,6430.50,above_range
2025-08-14,1.50,added,,0.85,0.48,False,0.71,2740,2025-08-13,2,6502.50,6462.75,6481.50,6489.00,6472.50,day,1,6502.50,6466.75,6478.50,6486.00,6469.50,below_value
2025-08-15,1.50,added,,0.67,0.43,False,0.71,2740,2025-08-13,3,6502.50,6461.50,6478.50,6486.00,6469.50,composite,2,6502.50,6462.75,6481.50,6489.00,6472.50,above_value
2025-08-18,2.00,start,migration,0.20,,,,2741,2025-08-18,1,6475.25,6457.25,6466.00,6472.00,6462.00,composite,3,6502.50,6461.50,6478.50,6486.00,6469.50,below_value
2025-08-19,2.00,start,migration,0.00,,,,2742,2025-08-19,1,6476.25,6419.25,6426.00,6456.00,6418.00,day,1,6475.25,6457.25,6466.00,6472.00,6462.00,in_value
2025-08-20,2.00,start,migration,0.00,,,,2743,2025-08-20,1,6430.75,6362.75,6396.00,6414.00,6384.00,day,1,6476.25,6419.25,6426.00,6456.00,6418.00,in_value
2025-08-21,2.00,added,,0.73,0.44,False,0.78,2743,2025-08-20,2,6430.75,6362.75,6392.00,6410.00,6380.00,day,1,6430.75,6362.75,6396.00,6414.00,6384.00,in_value
2025-08-22,2.00,start,migration,0.00,,,,2744,2025-08-22,1,6496.25,6402.50,6484.00,6498.00,6464.00,composite,2,6430.75,6362.75,6392.00,6410.00,6380.00,in_value
2025-08-25,2.00,skipped_shape,,1.00,0.78,False,0.56,2744,2025-08-22,1,6496.25,6402.50,6484.00,6498.00,6464.00,day,1,6496.25,6402.50,6484.00,6498.00,6464.00,in_value
2025-08-26,2.00,start,migration,0.22,,,,2745,2025-08-26,1,6485.00,6444.50,6458.00,6468.00,6450.00,older_day,1,6496.25,6402.50,6484.00,6498.00,6464.00,below_value
2025-08-27,2.00,start,migration,0.00,,,,2746,2025-08-27,1,6502.50,6472.75,6492.00,6498.00,6484.00,day,1,6485.00,6444.50,6458.00,6468.00,6450.00,above_value
2025-08-28,2.00,start,migration,0.46,,,,2747,2025-08-28,1,6523.00,6480.75,6502.00,6512.00,6486.00,day,1,6502.50,6472.75,6492.00,6498.00,6484.00,above_value
2025-08-29,2.00,start,migration,0.00,,,,2748,2025-08-29,1,6502.75,6455.50,6468.00,6474.00,6460.00,day,1,6523.00,6480.75,6502.00,6512.00,6486.00,in_value
2025-09-02,2.00,start,migration,0.00,,,,2749,2025-09-02,1,6427.75,6371.75,6398.00,6420.00,6390.00,day,1,6502.75,6455.50,6468.00,6474.00,6460.00,below_range
2025-09-03,2.00,start,migration,0.00,,,,2750,2025-09-03,1,6464.25,6426.50,6444.00,6454.00,6432.00,day,1,6427.75,6371.75,6398.00,6420.00,6390.00,above_range
2025-09-04,2.00,start,migration,0.00,,,,2751,2025-09-04,1,6512.75,6456.25,6486.00,6496.00,6462.00,day,1,6464.25,6426.50,6444.00,6454.00,6432.00,above_range
2025-09-05,2.00,added,,1.00,0.30,False,1.00,2751,2025-09-04,2,6541.75,6452.00,6478.00,6496.00,6462.00,day,1,6512.75,6456.25,6486.00,6496.00,6462.00,above_range
2025-09-08,1.50,start,migration,0.00,,,,2752,2025-09-08,1,6516.50,6490.25,6502.50,6510.00,6493.50,composite,2,6541.75,6452.00,6478.00,6496.00,6462.00,above_value
2025-09-09,1.50,added,,0.61,0.42,False,0.71,2752,2025-09-08,2,6526.25,6489.25,6504.00,6511.50,6495.00,day,1,6516.50,6490.25,6502.50,6510.00,6493.50,in_value
2025-09-10,1.50,start,migration,0.00,,,,2753,2025-09-10,1,6562.25,6522.50,6543.00,6553.50,6534.00,composite,2,6526.25,6489.25,6504.00,6511.50,6495.00,above_range
2025-09-11,1.50,start,migration,0.00,,,,2754,2025-09-11,1,6600.00,6552.00,6589.50,6597.00,6580.50,day,1,6562.25,6522.50,6543.00,6553.50,6534.00,above_value
2025-09-12,1.50,added,,0.86,0.72,False,1.00,2754,2025-09-11,2,6606.00,6552.00,6591.00,6598.50,6585.00,day,1,6600.00,6552.00,6589.50,6597.00,6580.50,in_value
2025-09-15,1.50,start,migration,0.00,,,,2755,2025-09-15,1,6623.50,6605.50,6616.50,6621.00,6610.50,composite,2,6606.00,6552.00,6591.00,6598.50,6585.00,above_range
2025-09-16,1.50,added,,0.86,0.34,False,0.60,2755,2025-09-15,2,6630.25,6604.25,6612.00,6619.50,6609.00,day,1,6623.50,6605.50,6616.50,6621.00,6610.50,above_range
2025-09-17,1.50,start,roll,,,,,2756,2025-09-17,1,6686.50,6611.00,6658.50,6675.00,6649.50,none,0,,,,,,
2025-09-18,1.50,start,migration,0.00,,,,2757,2025-09-18,1,6718.00,6670.25,6694.50,6708.00,6691.50,day,1,6686.50,6611.00,6658.50,6675.00,6649.50,above_range
2025-09-19,1.50,added,,0.73,0.49,False,0.56,2757,2025-09-18,2,6731.50,6670.25,6699.00,6712.50,6693.00,day,1,6718.00,6670.25,6694.50,6708.00,6691.50,in_value
2025-09-22,1.50,start,migration,0.00,,,,2758,2025-09-22,1,6756.75,6705.75,6748.50,6756.00,6727.50,composite,2,6731.50,6670.25,6699.00,6712.50,6693.00,in_value
2025-09-23,1.50,start,migration,0.28,,,,2759,2025-09-23,1,6756.50,6701.75,6709.50,6738.00,6700.50,day,1,6756.75,6705.75,6748.50,6756.00,6727.50,in_value
2025-09-24,1.50,start,migration,0.26,,,,2760,2025-09-24,1,6728.50,6678.00,6688.50,6708.00,6679.50,day,1,6756.50,6701.75,6709.50,6738.00,6700.50,in_value
2025-09-25,1.50,start,migration,0.00,,,,2761,2025-09-25,1,6675.00,6624.25,6658.50,6672.00,6646.50,day,1,6728.50,6678.00,6688.50,6708.00,6679.50,below_range
2025-09-26,1.50,start,migration,0.00,,,,2762,2025-09-26,1,6703.75,6657.25,6693.00,6700.50,6672.00,day,1,6675.00,6624.25,6658.50,6672.00,6646.50,above_value
2025-09-29,1.50,start,migration,0.00,,,,2763,2025-09-29,1,6731.25,6696.25,6708.00,6721.50,6702.00,day,1,6703.75,6657.25,6693.00,6700.50,6672.00,above_range
2025-09-30,1.50,added,,0.69,0.31,False,0.56,2763,2025-09-29,2,6743.50,6693.00,6708.00,6715.50,6696.00,day,1,6731.25,6696.25,6708.00,6721.50,6702.00,in_value
2025-10-01,1.50,start,migration,0.19,,,,2764,2025-10-01,1,6769.50,6705.25,6742.50,6753.00,6706.50,composite,2,6743.50,6693.00,6708.00,6715.50,6696.00,in_value
2025-10-02,1.50,start,migration,0.08,,,,2765,2025-10-02,1,6780.25,6741.50,6757.50,6771.00,6751.50,day,1,6769.50,6705.25,6742.50,6753.00,6706.50,above_range
2025-10-03,1.50,start,migration,0.26,,,,2766,2025-10-03,1,6800.00,6754.00,6775.50,6792.00,6763.50,day,1,6780.25,6741.50,6757.50,6771.00,6751.50,above_value
2025-10-06,2.00,added,,0.89,0.73,False,0.56,2766,2025-10-03,2,6800.00,6754.00,6788.00,6798.00,6772.00,day,1,6800.00,6754.00,6775.50,6792.00,6763.50,in_value
2025-10-07,2.00,start,migration,0.00,,,,2767,2025-10-07,1,6801.75,6747.25,6758.00,6768.00,6746.00,composite,2,6800.00,6754.00,6788.00,6798.00,6772.00,in_value
2025-10-08,2.00,start,migration,0.00,,,,2768,2025-10-08,1,6803.25,6764.50,6796.00,6802.00,6788.00,day,1,6801.75,6747.25,6758.00,6768.00,6746.00,above_value
2025-10-09,2.00,start,migration,0.00,,,,2769,2025-10-09,1,6809.50,6760.75,6772.00,6786.00,6764.00,day,1,6803.25,6764.50,6796.00,6802.00,6788.00,above_range
2025-10-10,2.00,start,migration,0.00,,,,2770,2025-10-10,1,6806.50,6591.75,6658.00,6724.00,6602.00,day,1,6809.50,6760.75,6772.00,6786.00,6764.00,above_value
2025-10-13,2.00,added,,1.00,0.47,False,0.33,2770,2025-10-10,2,6806.50,6591.75,6692.00,6710.00,6640.00,day,1,6806.50,6591.75,6658.00,6724.00,6602.00,in_value
2025-10-14,2.00,added,,0.84,0.47,False,0.62,2770,2025-10-10,3,6806.50,6591.75,6692.00,6718.00,6652.00,composite,2,6806.50,6591.75,6692.00,6710.00,6640.00,below_value
2025-10-15,2.00,added,,0.55,0.49,False,0.56,2770,2025-10-10,4,6806.50,6591.75,6696.00,6722.00,6652.00,composite,3,6806.50,6591.75,6692.00,6718.00,6652.00,above_value
2025-10-16,2.00,added,,0.77,0.49,False,0.52,2770,2025-10-10,5,6806.50,6591.75,6696.00,6722.00,6648.00,composite,4,6806.50,6591.75,6696.00,6722.00,6652.00,above_value
2025-10-17,2.00,added,,1.00,0.46,False,0.79,2770,2025-10-10,6,6806.50,6591.75,6690.00,6720.00,6654.00,composite,5,6806.50,6591.75,6696.00,6722.00,6648.00,in_value
2025-10-20,2.00,start,migration,0.00,,,,2771,2025-10-20,1,6783.00,6733.00,6772.00,6782.00,6760.00,composite,6,6806.50,6591.75,6690.00,6720.00,6654.00,above_value
2025-10-21,2.00,skipped_shape,,0.71,0.78,False,1.00,2771,2025-10-20,1,6783.00,6733.00,6772.00,6782.00,6760.00,day,1,6783.00,6733.00,6772.00,6782.00,6760.00,in_value
2025-10-22,2.00,start,migration,0.08,,,,2772,2025-10-22,1,6779.25,6690.75,6734.00,6764.00,6714.00,older_day,1,6783.00,6733.00,6772.00,6782.00,6760.00,in_value
2025-10-23,2.00,skipped_shape,,0.60,0.76,False,0.65,2772,2025-10-22,1,6779.25,6690.75,6734.00,6764.00,6714.00,day,1,6779.25,6690.75,6734.00,6764.00,6714.00,in_value
2025-10-24,2.00,start,migration,0.00,,,,2773,2025-10-24,1,6841.25,6812.50,6834.00,6840.00,6826.00,older_day,1,6779.25,6690.75,6734.00,6764.00,6714.00,above_range
2025-10-27,2.00,start,migration,0.00,,,,2774,2025-10-27,1,6911.75,6877.00,6888.00,6898.00,6880.00,day,1,6841.25,6812.50,6834.00,6840.00,6826.00,above_range
2025-10-28,2.00,start,migration,0.00,,,,2775,2025-10-28,1,6944.75,6903.00,6916.00,6934.00,6908.00,day,1,6911.75,6877.00,6888.00,6898.00,6880.00,above_range
2025-10-29,2.00,skipped_shape,,0.59,0.76,False,0.39,2775,2025-10-28,1,6944.75,6903.00,6916.00,6934.00,6908.00,day,1,6944.75,6903.00,6916.00,6934.00,6908.00,above_value
2025-10-30,2.00,start,migration,0.12,,,,2776,2025-10-30,1,6913.75,6852.50,6898.00,6912.00,6878.00,older_day,1,6944.75,6903.00,6916.00,6934.00,6908.00,below_range
2025-10-31,2.00,added,,0.65,0.65,False,0.64,2776,2025-10-30,2,6913.75,6843.50,6888.00,6902.00,6868.00,day,1,6913.75,6852.50,6898.00,6912.00,6878.00,in_value
2025-11-03,2.00,added,,1.00,0.62,False,1.00,2776,2025-10-30,3,6913.75,6843.50,6886.00,6904.00,6870.00,composite,2,6913.75,6843.50,6888.00,6902.00,6868.00,above_value
2025-11-04,2.00,start,migration,0.00,,,,2777,2025-11-04,1,6849.25,6794.75,6810.00,6828.00,6794.00,composite,3,6913.75,6843.50,6886.00,6904.00,6870.00,below_range
2025-11-05,2.00,start,migration,0.18,,,,2778,2025-11-05,1,6857.75,6789.75,6850.00,6856.00,6822.00,day,1,6849.25,6794.75,6810.00,6828.00,6794.00,in_value
2025-11-06,2.00,start,migration,0.00,,,,2779,2025-11-06,1,6821.50,6733.50,6758.00,6780.00,6742.00,day,1,6857.75,6789.75,6850.00,6856.00,6822.00,below_value
2025-11-07,2.00,start,migration,0.00,,,,2780,2025-11-07,1,6755.50,6655.50,6698.00,6720.00,6662.00,day,1,6821.50,6733.50,6758.00,6780.00,6742.00,below_range
2025-11-10,2.00,start,migration,0.00,,,,2781,2025-11-10,1,6865.75,6792.75,6828.00,6850.00,6804.00,day,1,6755.50,6655.50,6698.00,6720.00,6662.00,above_range
2025-11-11,2.00,start,migration,0.50,,,,2782,2025-11-11,1,6879.75,6830.50,6840.00,6870.00,6830.00,day,1,6865.75,6792.75,6828.00,6850.00,6804.00,in_value
2025-11-12,2.00,start,migration,0.33,,,,2783,2025-11-12,1,6892.75,6852.00,6872.00,6882.00,6864.00,day,1,6879.75,6830.50,6840.00,6870.00,6830.00,above_range
2025-11-13,2.00,start,migration,0.00,,,,2784,2025-11-13,1,6850.50,6746.00,6798.00,6812.00,6750.00,day,1,6892.75,6852.00,6872.00,6882.00,6864.00,below_range
2025-11-14,2.00,skipped_shape,,0.92,0.50,False,0.30,2784,2025-11-13,1,6850.50,6746.00,6798.00,6812.00,6750.00,day,1,6850.50,6746.00,6798.00,6812.00,6750.00,below_range
2025-11-17,2.50,start,migration,0.32,,,,2785,2025-11-17,1,6774.75,6658.50,6740.00,6772.50,6710.00,older_day,1,6850.50,6746.00,6798.00,6812.00,6750.00,below_range
2025-11-18,2.50,start,migration,0.00,,,,2786,2025-11-18,1,6687.50,6594.00,6637.50,6675.00,6617.50,day,1,6774.75,6658.50,6740.00,6772.50,6710.00,below_range
2025-11-19,2.50,added,,1.00,0.52,False,0.82,2786,2025-11-18,2,6709.00,6594.00,6652.50,6680.00,6632.50,day,1,6687.50,6594.00,6637.50,6675.00,6617.50,in_value
2025-11-20,2.50,start,migration,0.35,,,,2787,2025-11-20,1,6791.25,6552.50,6607.50,6675.00,6552.50,composite,2,6709.00,6594.00,6652.50,6680.00,6632.50,above_range
2025-11-21,2.50,added,,0.95,0.36,False,0.48,2787,2025-11-20,2,6791.25,6539.00,6627.50,6660.00,6562.50,day,1,6791.25,6552.50,6607.50,6675.00,6552.50,in_value
2025-11-24,2.50,start,migration,0.00,,,,2788,2025-11-24,1,6731.75,6646.75,6715.00,6732.50,6690.00,composite,2,6791.25,6539.00,6627.50,6660.00,6562.50,in_value
2025-11-25,2.50,start,migration,0.30,,,,2789,2025-11-25,1,6792.50,6674.50,6767.50,6780.00,6712.50,day,1,6731.75,6646.75,6715.00,6732.50,6690.00,in_value
2025-11-26,2.50,start,migration,0.00,,,,2790,2025-11-26,1,6846.75,6795.75,6837.50,6845.00,6822.50,day,1,6792.50,6674.50,6767.50,6780.00,6712.50,above_range
2025-11-28,2.50,start,migration,0.14,,,,2791,2025-11-28,1,6863.75,6831.25,6847.50,6860.00,6842.50,day,1,6846.75,6795.75,6837.50,6845.00,6822.50,in_value
2025-12-01,3.00,start,migration,0.44,,,,2792,2025-12-01,1,6855.75,6812.75,6834.00,6849.00,6822.00,day,1,6863.75,6831.25,6847.50,6860.00,6842.50,below_range
2025-12-02,3.00,added,,0.86,0.53,False,1.00,2792,2025-12-01,2,6863.50,6812.75,6837.00,6852.00,6825.00,day,1,6855.75,6812.75,6834.00,6849.00,6822.00,in_value
2025-12-03,3.00,start,migration,0.36,,,,2793,2025-12-03,1,6873.25,6820.25,6864.00,6873.00,6840.00,composite,2,6863.50,6812.75,6837.00,6852.00,6825.00,in_value
2025-12-04,3.00,added,,1.00,0.72,False,0.60,2793,2025-12-03,2,6876.75,6820.25,6861.00,6870.00,6849.00,day,1,6873.25,6820.25,6864.00,6873.00,6840.00,above_range
2025-12-05,3.00,start,migration,0.00,,,,2794,2025-12-05,1,6905.00,6866.50,6882.00,6891.00,6870.00,composite,2,6876.75,6820.25,6861.00,6870.00,6849.00,above_value
2025-12-08,3.00,start,migration,0.00,,,,2795,2025-12-08,1,6886.25,6835.25,6846.00,6867.00,6840.00,day,1,6905.00,6866.50,6882.00,6891.00,6870.00,in_value
2025-12-09,3.00,added,,0.80,0.42,False,1.00,2795,2025-12-08,2,6886.25,6835.25,6855.00,6870.00,6843.00,day,1,6886.25,6835.25,6846.00,6867.00,6840.00,in_value
2025-12-10,3.00,added,,0.69,0.28,False,0.43,2795,2025-12-08,3,6908.00,6830.75,6849.00,6870.00,6843.00,composite,2,6886.25,6835.25,6855.00,6870.00,6843.00,in_value
2025-12-11,3.00,start,migration,0.33,,,,2796,2025-12-11,1,6909.25,6838.00,6873.00,6900.00,6855.00,composite,3,6908.00,6830.75,6849.00,6870.00,6843.00,in_value
2025-12-12,3.00,start,migration,0.07,,,,2797,2025-12-12,1,6903.00,6805.00,6837.00,6858.00,6813.00,day,1,6909.25,6838.00,6873.00,6900.00,6855.00,in_value
2025-12-15,3.00,skipped_shape,,0.78,0.22,False,0.71,2797,2025-12-12,1,6903.00,6805.00,6837.00,6858.00,6813.00,day,1,6903.00,6805.00,6837.00,6858.00,6813.00,above_value
2025-12-16,3.00,start,migration,0.00,,,,2798,2025-12-16,1,6823.75,6762.00,6789.00,6810.00,6777.00,older_day,1,6903.00,6805.00,6837.00,6858.00,6813.00,below_value
2025-12-17,3.00,start,roll,,,,,2799,2025-12-17,1,6871.25,6775.50,6792.00,6825.00,6780.00,none,0,,,,,,
2025-12-18,3.00,start,migration,0.09,,,,2800,2025-12-18,1,6872.00,6811.75,6840.00,6855.00,6822.00,day,1,6871.25,6775.50,6792.00,6825.00,6780.00,above_value
2025-12-19,3.00,start,migration,0.00,,,,2801,2025-12-19,1,6893.75,6845.75,6885.00,6894.00,6873.00,day,1,6872.00,6811.75,6840.00,6855.00,6822.00,in_value
2025-12-22,3.00,start,migration,0.00,,,,2802,2025-12-22,1,6936.25,6908.50,6927.00,6936.00,6921.00,day,1,6893.75,6845.75,6885.00,6894.00,6873.00,above_range
2025-12-23,3.00,start,migration,0.00,,,,2803,2025-12-23,1,6963.75,6918.75,6957.00,6966.00,6939.00,day,1,6936.25,6908.50,6927.00,6936.00,6921.00,below_value
2025-12-24,3.00,start,migration,0.11,,,,2804,2025-12-24,1,6988.00,6957.25,6981.00,6990.00,6963.00,day,1,6963.75,6918.75,6957.00,6966.00,6939.00,in_value
2025-12-26,3.00,added,,1.00,0.58,False,1.00,2804,2025-12-24,2,6994.00,6957.25,6978.00,6987.00,6972.00,day,1,6988.00,6957.25,6981.00,6990.00,6963.00,in_value
2025-12-29,2.00,start,migration,0.00,,,,2805,2025-12-29,1,6967.75,6936.00,6950.00,6956.00,6942.00,composite,2,6994.00,6957.25,6978.00,6987.00,6972.00,below_range
2025-12-30,2.00,added,,1.00,0.47,False,0.60,2805,2025-12-29,2,6967.75,6936.00,6950.00,6956.00,6942.00,day,1,6967.75,6936.00,6950.00,6956.00,6942.00,in_value
2025-12-31,2.00,start,migration,0.00,,,,2806,2025-12-31,1,6947.50,6890.25,6924.00,6934.00,6912.00,composite,2,6967.75,6936.00,6950.00,6956.00,6942.00,in_value
2026-01-02,2.00,start,migration,0.00,,,,2807,2026-01-02,1,6939.75,6866.75,6892.00,6906.00,6872.00,day,1,6947.50,6890.25,6924.00,6934.00,6912.00,in_value
2026-01-05,2.00,start,migration,0.00,,,,2808,2026-01-05,1,6963.50,6932.75,6950.00,6956.00,6942.00,day,1,6939.75,6866.75,6892.00,6906.00,6872.00,above_value
2026-01-06,2.00,start,migration,0.08,,,,2809,2026-01-06,1,6991.50,6945.50,6974.00,6980.00,6954.00,day,1,6963.50,6932.75,6950.00,6956.00,6942.00,in_value
2026-01-07,2.00,start,migration,0.00,,,,2810,2026-01-07,1,7006.75,6959.25,6988.00,7002.00,6980.00,day,1,6991.50,6945.50,6974.00,6980.00,6954.00,above_value
2026-01-08,2.00,start,migration,0.00,,,,2811,2026-01-08,1,6972.50,6940.00,6958.00,6968.00,6954.00,day,1,7006.75,6959.25,6988.00,7002.00,6980.00,below_range
2026-01-09,2.00,start,migration,0.00,,,,2812,2026-01-09,1,7017.50,6955.75,7004.00,7014.00,6980.00,day,1,6972.50,6940.00,6958.00,6968.00,6954.00,above_value
2026-01-12,2.00,added,,0.69,0.71,False,0.64,2812,2026-01-09,2,7025.25,6955.75,7004.00,7018.00,6984.00,day,1,7017.50,6955.75,7004.00,7014.00,6980.00,below_value
2026-01-13,2.00,added,,1.00,0.54,False,0.39,2812,2026-01-09,3,7025.25,6955.75,6992.00,7018.00,6984.00,composite,2,7025.25,6955.75,7004.00,7018.00,6984.00,above_value
2026-01-14,2.00,start,migration,0.00,,,,2813,2026-01-14,1,6979.75,6923.25,6948.00,6958.00,6928.00,composite,3,7025.25,6955.75,6992.00,7018.00,6984.00,below_value
2026-01-15,2.00,start,migration,0.00,,,,2814,2026-01-15,1,7017.25,6974.75,7008.00,7014.00,6992.00,day,1,6979.75,6923.25,6948.00,6958.00,6928.00,above_range
2026-01-16,2.00,start,migration,0.11,,,,2815,2026-01-16,1,7002.25,6960.50,6984.00,6994.00,6976.00,day,1,7017.25,6974.75,7008.00,7014.00,6992.00,in_value
2026-01-20,2.00,start,migration,0.00,,,,2816,2026-01-20,1,6904.75,6822.25,6886.00,6904.00,6854.00,day,1,7002.25,6960.50,6984.00,6994.00,6976.00,below_range
2026-01-21,2.00,added,,0.86,0.52,False,0.43,2816,2026-01-20,2,6945.25,6822.25,6886.00,6904.00,6846.00,day,1,6904.75,6822.25,6886.00,6904.00,6854.00,below_value
2026-01-22,2.00,start,migration,0.00,,,,2817,2026-01-22,1,6969.00,6925.50,6958.00,6964.00,6938.00,composite,2,6945.25,6822.25,6886.00,6904.00,6846.00,above_range
2026-01-23,2.00,added,,0.91,0.50,False,0.71,2817,2026-01-22,2,6969.00,6925.00,6946.00,6960.00,6938.00,day,1,6969.00,6925.50,6958.00,6964.00,6938.00,below_value
2026-01-26,2.00,start,migration,0.00,,,,2818,2026-01-26,1,6995.50,6952.00,6986.00,6992.00,6974.00,composite,2,6969.00,6925.00,6946.00,6960.00,6938.00,in_value
2026-01-27,2.00,start,migration,0.00,,,,2819,2026-01-27,1,7018.50,6988.25,7012.00,7018.00,7004.00,day,1,6995.50,6952.00,6986.00,6992.00,6974.00,above_value
2026-01-28,2.00,added,,0.67,0.57,False,0.43,2819,2026-01-27,2,7031.00,6988.25,7012.00,7018.00,7000.00,day,1,7018.50,6988.25,7012.00,7018.00,7004.00,above_range
2026-01-29,2.00,start,migration,0.00,,,,2820,2026-01-29,1,7021.50,6898.25,6964.00,6978.00,6924.00,composite,2,7031.00,6988.25,7012.00,7018.00,7000.00,in_value
2026-01-30,2.00,added,,1.00,0.51,False,0.69,2820,2026-01-29,2,7021.50,6898.25,6960.00,6978.00,6936.00,day,1,7021.50,6898.25,6964.00,6978.00,6924.00,in_value
2026-02-02,2.00,start,migration,0.00,,,,2821,2026-02-02,1,7017.25,6941.75,7004.00,7018.00,6988.00,composite,2,7021.50,6898.25,6960.00,6978.00,6936.00,in_value
2026-02-03,2.00,start,migration,0.00,,,,2822,2026-02-03,1,7017.00,6886.25,6910.00,6964.00,6894.00,day,1,7017.25,6941.75,7004.00,7018.00,6988.00,in_value
2026-02-04,2.00,added,,0.80,0.40,False,0.39,2822,2026-02-03,2,7017.00,6862.50,6924.00,6942.00,6880.00,day,1,7017.00,6886.25,6910.00,6964.00,6894.00,in_value
2026-02-05,2.00,start,migration,0.00,,,,2823,2026-02-05,1,6881.25,6801.50,6840.00,6858.00,6820.00,composite,2,7017.00,6862.50,6924.00,6942.00,6880.00,below_range
2026-02-06,2.00,start,migration,0.00,,,,2824,2026-02-06,1,6965.50,6850.25,6936.00,6942.00,6888.00,day,1,6881.25,6801.50,6840.00,6858.00,6820.00,in_value
2026-02-09,2.00,start,migration,0.00,,,,2825,2026-02-09,1,7000.50,6924.25,6986.00,7000.00,6966.00,day,1,6965.50,6850.25,6936.00,6942.00,6888.00,in_value
2026-02-10,2.00,skipped_shape,,1.00,0.77,False,0.78,2825,2026-02-09,1,7000.50,6924.25,6986.00,7000.00,6966.00,day,1,7000.50,6924.25,6986.00,7000.00,6966.00,in_value
2026-02-11,2.00,start,migration,0.46,,,,2826,2026-02-11,1,7011.50,6931.00,6964.00,6978.00,6952.00,older_day,1,7000.50,6924.25,6986.00,7000.00,6966.00,above_range
2026-02-12,2.00,start,migration,0.00,,,,2827,2026-02-12,1,6992.75,6842.00,6878.00,6912.00,6846.00,day,1,7011.50,6931.00,6964.00,6978.00,6952.00,above_value
2026-02-13,2.00,added,,0.91,0.38,False,0.53,2827,2026-02-12,2,6992.75,6808.75,6878.00,6896.00,6846.00,day,1,6992.75,6842.00,6878.00,6912.00,6846.00,in_value
2026-02-17,3.00,added,,0.63,0.45,False,0.33,2827,2026-02-12,3,6992.75,6791.00,6879.00,6894.00,6837.00,composite,2,6992.75,6808.75,6878.00,6896.00,6846.00,below_value
2026-02-18,3.00,start,migration,0.15,,,,2828,2026-02-18,1,6925.75,6861.50,6912.00,6927.00,6888.00,composite,3,6992.75,6791.00,6879.00,6894.00,6837.00,in_value
2026-02-19,3.00,start,migration,0.00,,,,2829,2026-02-19,1,6894.50,6847.75,6870.00,6885.00,6858.00,day,1,6925.75,6861.50,6912.00,6927.00,6888.00,below_value
2026-02-20,3.00,start,migration,0.00,,,,2830,2026-02-20,1,6931.50,6847.25,6912.00,6927.00,6888.00,day,1,6894.50,6847.75,6870.00,6885.00,6858.00,below_value
2026-02-23,3.00,start,migration,0.00,,,,2831,2026-02-23,1,6930.25,6832.75,6852.00,6873.00,6834.00,day,1,6931.50,6847.25,6912.00,6927.00,6888.00,in_value
2026-02-24,3.00,start,migration,0.00,,,,2832,2026-02-24,1,6912.75,6828.50,6897.00,6912.00,6873.00,day,1,6930.25,6832.75,6852.00,6873.00,6834.00,in_value
2026-02-25,3.00,start,migration,0.00,,,,2833,2026-02-25,1,6965.75,6929.75,6951.00,6960.00,6939.00,day,1,6912.75,6828.50,6897.00,6912.00,6873.00,above_range
2026-02-26,3.00,start,migration,0.00,,,,2834,2026-02-26,1,6961.25,6870.75,6915.00,6924.00,6885.00,day,1,6965.75,6929.75,6951.00,6960.00,6939.00,above_value
2026-02-27,3.00,start,migration,0.00,,,,2835,2026-02-27,1,6894.00,6841.50,6864.00,6885.00,6858.00,day,1,6961.25,6870.75,6915.00,6924.00,6885.00,below_range
2026-03-02,3.00,added,,0.60,0.62,False,0.56,2835,2026-02-27,2,6911.25,6804.50,6870.00,6897.00,6858.00,day,1,6894.00,6841.50,6864.00,6885.00,6858.00,below_range
2026-03-03,3.00,start,migration,0.00,,,,2836,2026-03-03,1,6849.75,6718.75,6822.00,6849.00,6768.00,composite,2,6911.25,6804.50,6870.00,6897.00,6858.00,below_range
2026-03-04,3.00,start,migration,0.00,,,,2837,2026-03-04,1,6894.00,6817.75,6885.00,6894.00,6867.00,day,1,6849.75,6718.75,6822.00,6849.00,6768.00,in_value
2026-03-05,3.00,start,migration,0.00,,,,2838,2026-03-05,1,6877.50,6777.00,6825.00,6846.00,6789.00,day,1,6894.00,6817.75,6885.00,6894.00,6867.00,below_value
2026-03-06,3.00,start,migration,0.00,,,,2839,2026-03-06,1,6780.50,6715.75,6759.00,6780.00,6747.00,day,1,6877.50,6777.00,6825.00,6846.00,6789.00,below_range
2026-03-09,3.00,start,migration,0.00,,,,2840,2026-03-09,1,6818.50,6641.00,6717.00,6744.00,6657.00,day,1,6780.50,6715.75,6759.00,6780.00,6747.00,below_range
2026-03-10,3.00,start,migration,0.00,,,,2841,2026-03-10,1,6852.00,6765.00,6822.00,6837.00,6792.00,day,1,6818.50,6641.00,6717.00,6744.00,6657.00,above_value
2026-03-11,3.00,start,migration,0.00,,,,2842,2026-03-11,1,6818.00,6749.75,6768.00,6789.00,6756.00,day,1,6852.00,6765.00,6822.00,6837.00,6792.00,in_value
2026-03-12,3.00,start,migration,0.00,,,,2843,2026-03-12,1,6732.00,6675.25,6699.00,6720.00,6693.00,day,1,6818.00,6749.75,6768.00,6789.00,6756.00,below_range
2026-03-13,3.00,start,migration,0.00,,,,2844,2026-03-13,1,6737.50,6627.00,6651.00,6684.00,6633.00,day,1,6732.00,6675.25,6699.00,6720.00,6693.00,in_value
2026-03-16,3.00,start,migration,0.00,,,,2845,2026-03-16,1,6734.25,6684.50,6702.00,6717.00,6696.00,day,1,6737.50,6627.00,6651.00,6684.00,6633.00,above_value
2026-03-17,3.00,start,migration,0.00,,,,2846,2026-03-17,1,6757.50,6713.75,6726.00,6741.00,6720.00,day,1,6734.25,6684.50,6702.00,6717.00,6696.00,above_range
2026-03-18,3.00,start,roll,,,,,2847,2026-03-18,1,6759.75,6673.75,6729.00,6750.00,6705.00,none,0,,,,,,
2026-03-19,3.00,start,migration,0.00,,,,2848,2026-03-19,1,6692.00,6611.75,6636.00,6657.00,6624.00,day,1,6759.75,6673.75,6729.00,6750.00,6705.00,below_range
2026-03-20,3.00,start,migration,0.00,,,,2849,2026-03-20,1,6643.00,6523.75,6603.00,6624.00,6567.00,day,1,6692.00,6611.75,6636.00,6657.00,6624.00,in_value
2026-03-23,3.00,start,migration,0.00,,,,2850,2026-03-23,1,6704.75,6616.00,6651.00,6678.00,6627.00,day,1,6643.00,6523.75,6603.00,6624.00,6567.00,above_range
2026-03-24,3.00,start,migration,0.18,,,,2851,2026-03-24,1,6646.00,6573.50,6618.00,6633.00,6600.00,day,1,6704.75,6616.00,6651.00,6678.00,6627.00,below_range
2026-03-25,3.00,start,migration,0.00,,,,2852,2026-03-25,1,6684.75,6616.50,6648.00,6663.00,6636.00,day,1,6646.00,6573.50,6618.00,6633.00,6600.00,above_range
2026-03-26,3.00,start,migration,0.00,,,,2853,2026-03-26,1,6622.00,6520.25,6588.00,6621.00,6552.00,day,1,6684.75,6616.50,6648.00,6663.00,6636.00,below_range
2026-03-27,3.00,start,migration,0.00,,,,2854,2026-03-27,1,6495.75,6398.25,6456.00,6495.00,6438.00,day,1,6622.00,6520.25,6588.00,6621.00,6552.00,below_range
2026-03-30,3.00,start,migration,0.29,,,,2855,2026-03-30,1,6471.25,6359.50,6423.00,6456.00,6393.00,day,1,6495.75,6398.25,6456.00,6495.00,6438.00,in_value
2026-03-31,3.00,start,migration,0.10,,,,2856,2026-03-31,1,6583.25,6447.00,6489.00,6540.00,6447.00,day,1,6471.25,6359.50,6423.00,6456.00,6393.00,above_value
2026-04-01,3.00,start,migration,0.00,,,,2857,2026-04-01,1,6653.75,6598.00,6621.00,6642.00,6609.00,day,1,6583.25,6447.00,6489.00,6540.00,6447.00,above_range
2026-04-02,3.00,start,migration,0.39,,,,2858,2026-04-02,1,6644.50,6514.25,6603.00,6624.00,6585.00,day,1,6653.75,6598.00,6621.00,6642.00,6609.00,below_range
2026-04-06,3.00,start,migration,0.00,,,,2859,2026-04-06,1,6661.00,6617.75,6642.00,6651.00,6630.00,day,1,6644.50,6514.25,6603.00,6624.00,6585.00,in_value
2026-04-07,3.00,start,migration,0.15,,,,2860,2026-04-07,1,6659.50,6572.75,6621.00,6636.00,6597.00,day,1,6661.00,6617.75,6642.00,6651.00,6630.00,below_value
2026-04-08,3.00,start,migration,0.00,,,,2861,2026-04-08,1,6836.75,6780.00,6813.00,6828.00,6801.00,day,1,6659.50,6572.75,6621.00,6636.00,6597.00,above_range
2026-04-09,3.00,start,migration,0.16,,,,2862,2026-04-09,1,6876.00,6801.75,6861.00,6876.00,6819.00,day,1,6836.75,6780.00,6813.00,6828.00,6801.00,in_value
2026-04-10,3.00,added,,1.00,0.62,False,0.33,2862,2026-04-09,2,6883.00,6801.75,6852.00,6879.00,6846.00,day,1,6876.00,6801.75,6861.00,6876.00,6819.00,in_value
2026-04-13,3.00,skipped_shape,,0.73,0.44,False,0.27,2862,2026-04-09,2,6883.00,6801.75,6852.00,6879.00,6846.00,composite,2,6883.00,6801.75,6852.00,6879.00,6846.00,below_value
2026-04-14,3.00,start,migration,0.00,,,,2863,2026-04-14,1,7008.00,6937.50,6990.00,7005.00,6972.00,composite,2,6883.00,6801.75,6852.00,6879.00,6846.00,above_range
2026-04-15,3.00,start,migration,0.00,,,,2864,2026-04-15,1,7064.50,7004.00,7032.00,7047.00,7014.00,day,1,7008.00,6937.50,6990.00,7005.00,6972.00,above_range
2026-04-16,3.00,start,migration,0.00,,,,2865,2026-04-16,1,7089.00,7046.50,7068.00,7077.00,7056.00,day,1,7064.50,7004.00,7032.00,7047.00,7014.00,above_range
2026-04-17,3.00,start,migration,0.00,,,,2866,2026-04-17,1,7185.75,7117.00,7164.00,7179.00,7152.00,day,1,7089.00,7046.50,7068.00,7077.00,7056.00,above_range
2026-04-20,3.00,start,migration,0.00,,,,2867,2026-04-20,1,7159.50,7121.50,7140.00,7149.00,7134.00,day,1,7185.75,7117.00,7164.00,7179.00,7152.00,below_value
2026-04-21,3.00,start,migration,0.23,,,,2868,2026-04-21,1,7172.50,7085.00,7122.00,7143.00,7104.00,day,1,7159.50,7121.50,7140.00,7149.00,7134.00,above_range
2026-04-22,3.00,start,migration,0.00,,,,2869,2026-04-22,1,7173.00,7140.75,7155.00,7164.00,7149.00,day,1,7172.50,7085.00,7122.00,7143.00,7104.00,above_value
2026-04-23,3.00,start,migration,0.29,,,,2870,2026-04-23,1,7181.50,7079.25,7164.00,7173.00,7122.00,day,1,7173.00,7140.75,7155.00,7164.00,7149.00,in_value
2026-04-24,3.00,start,migration,0.09,,,,2871,2026-04-24,1,7200.50,7145.00,7188.00,7203.00,7170.00,day,1,7181.50,7079.25,7164.00,7173.00,7122.00,in_value
2026-04-27,3.00,added,,0.86,0.72,False,1.00,2871,2026-04-24,2,7211.25,7145.00,7191.00,7206.00,7179.00,day,1,7200.50,7145.00,7188.00,7203.00,7170.00,in_value
2026-04-28,3.00,start,migration,0.00,,,,2872,2026-04-28,1,7183.00,7146.25,7164.00,7173.00,7152.00,composite,2,7211.25,7145.00,7191.00,7206.00,7179.00,below_value
2026-04-29,3.00,added,,0.71,0.34,False,0.60,2872,2026-04-28,2,7183.00,7137.00,7152.00,7167.00,7146.00,day,1,7183.00,7146.25,7164.00,7173.00,7152.00,in_value
2026-04-30,3.00,start,migration,0.18,,,,2873,2026-04-30,1,7251.75,7157.25,7194.00,7209.00,7158.00,composite,2,7183.00,7137.00,7152.00,7167.00,7146.00,above_range
2026-05-01,3.00,start,migration,0.00,,,,2874,2026-05-01,1,7300.75,7255.50,7275.00,7290.00,7263.00,day,1,7251.75,7157.25,7194.00,7209.00,7158.00,above_range
2026-05-04,3.00,start,migration,0.00,,,,2875,2026-05-04,1,7271.00,7199.50,7224.00,7251.00,7212.00,day,1,7300.75,7255.50,7275.00,7290.00,7263.00,below_range
2026-05-05,3.00,start,migration,0.00,,,,2876,2026-05-05,1,7299.75,7264.25,7281.00,7296.00,7275.00,day,1,7271.00,7199.50,7224.00,7251.00,7212.00,above_value
2026-05-06,3.00,start,migration,0.00,,,,2877,2026-05-06,1,7395.75,7327.25,7362.00,7383.00,7350.00,day,1,7299.75,7264.25,7281.00,7296.00,7275.00,above_range
2026-05-07,3.00,added,,0.73,0.47,False,1.00,2877,2026-05-06,2,7410.00,7327.25,7365.00,7386.00,7347.00,day,1,7395.75,7327.25,7362.00,7383.00,7350.00,above_range
2026-05-08,3.00,start,migration,0.00,,,,2878,2026-05-08,1,7427.75,7391.75,7416.00,7425.00,7410.00,composite,2,7410.00,7327.25,7365.00,7386.00,7347.00,above_value
2026-05-11,2.50,start,migration,0.00,,,,2879,2026-05-11,1,7454.75,7410.00,7435.00,7452.50,7430.00,day,1,7427.75,7391.75,7416.00,7425.00,7410.00,in_value
2026-05-12,2.50,start,migration,0.00,,,,2880,2026-05-12,1,7433.75,7363.25,7395.00,7407.50,7365.00,day,1,7454.75,7410.00,7435.00,7452.50,7430.00,below_value
2026-05-13,2.50,start,migration,0.00,,,,2881,2026-05-13,1,7483.75,7399.00,7470.00,7482.50,7430.00,day,1,7433.75,7363.25,7395.00,7407.50,7365.00,above_value
2026-05-14,2.50,start,migration,0.00,,,,2882,2026-05-14,1,7540.00,7479.75,7525.00,7532.50,7505.00,day,1,7483.75,7399.00,7470.00,7482.50,7430.00,in_value
2026-05-15,2.50,start,migration,0.00,,,,2883,2026-05-15,1,7475.75,7420.25,7447.50,7465.00,7437.50,day,1,7540.00,7479.75,7525.00,7532.50,7505.00,below_range
2026-05-18,2.50,start,migration,0.00,,,,2884,2026-05-18,1,7454.25,7373.50,7410.00,7427.50,7380.00,day,1,7475.75,7420.25,7447.50,7465.00,7437.50,in_value
2026-05-19,2.50,added,,0.53,0.48,False,0.64,2884,2026-05-18,2,7454.25,7354.25,7400.00,7417.50,7375.00,day,1,7454.25,7373.50,7410.00,7427.50,7380.00,in_value
2026-05-20,2.50,start,migration,0.00,,,,2885,2026-05-20,1,7458.00,7376.75,7437.50,7455.00,7417.50,composite,2,7454.25,7354.25,7400.00,7417.50,7375.00,in_value
2026-05-21,2.50,added,,0.79,0.50,False,0.64,2885,2026-05-20,2,7486.75,7376.75,7430.00,7457.50,7415.00,day,1,7458.00,7376.75,7437.50,7455.00,7417.50,in_value
2026-05-22,2.50,start,migration,0.00,,,,2886,2026-05-22,1,7524.00,7478.75,7505.00,7512.50,7490.00,composite,2,7486.75,7376.75,7430.00,7457.50,7415.00,above_range
2026-05-26,2.50,start,migration,0.00,,,,2887,2026-05-26,1,7555.25,7517.00,7527.50,7540.00,7517.50,day,1,7524.00,7478.75,7505.00,7512.50,7490.00,above_range
2026-05-27,2.50,added,,0.86,0.32,False,0.43,2887,2026-05-26,2,7555.25,7515.00,7527.50,7545.00,7522.50,day,1,7555.25,7517.00,7527.50,7540.00,7517.50,above_value
2026-05-28,2.50,start,migration,0.00,,,,2888,2026-05-28,1,7586.50,7525.25,7575.00,7587.50,7560.00,composite,2,7555.25,7515.00,7527.50,7545.00,7522.50,in_value
2026-05-29,2.50,start,migration,0.00,,,,2889,2026-05-29,1,7611.50,7577.50,7592.50,7605.00,7587.50,day,1,7586.50,7525.25,7575.00,7587.50,7560.00,above_range
2026-06-01,2.50,start,migration,0.47,,,,2890,2026-06-01,1,7632.25,7576.25,7590.00,7617.50,7580.00,day,1,7611.50,7577.50,7592.50,7605.00,7587.50,below_value
2026-06-02,2.50,start,migration,0.33,,,,2891,2026-06-02,1,7632.00,7595.50,7620.00,7632.50,7610.00,day,1,7632.25,7576.25,7590.00,7617.50,7580.00,in_value
2026-06-03,2.50,start,migration,0.00,,,,2892,2026-06-03,1,7614.75,7562.50,7582.50,7590.00,7567.50,day,1,7632.00,7595.50,7620.00,7632.50,7610.00,below_value
2026-06-04,2.50,added,,0.53,0.52,False,0.56,2892,2026-06-03,2,7614.75,7541.75,7577.50,7600.00,7567.50,day,1,7614.75,7562.50,7582.50,7590.00,7567.50,below_range
2026-06-05,2.50,start,migration,0.00,,,,2893,2026-06-05,1,7553.00,7379.75,7470.00,7537.50,7430.00,composite,2,7614.75,7541.75,7577.50,7600.00,7567.50,below_value
2026-06-08,2.50,added,,0.92,0.37,False,0.87,2893,2026-06-05,2,7553.00,7379.75,7442.50,7475.00,7407.50,day,1,7553.00,7379.75,7470.00,7537.50,7430.00,in_value
2026-06-09,2.50,start,migration,0.00,,,,2894,2026-06-09,1,7491.00,7247.25,7367.50,7400.00,7287.50,composite,2,7553.00,7379.75,7442.50,7475.00,7407.50,in_value
2026-06-10,2.50,added,,1.00,0.34,False,0.41,2894,2026-06-09,2,7491.00,7247.25,7327.50,7395.00,7302.50,day,1,7491.00,7247.25,7367.50,7400.00,7287.50,in_value
2026-06-11,2.50,added,,0.58,0.30,False,0.65,2894,2026-06-09,3,7491.00,7247.25,7317.50,7375.00,7282.50,composite,2,7491.00,7247.25,7327.50,7395.00,7302.50,in_value
2026-06-12,2.50,start,migration,0.00,,,,2895,2026-06-12,1,7461.75,7366.50,7427.50,7445.00,7397.50,composite,3,7491.00,7247.25,7317.50,7375.00,7282.50,above_value
2026-06-15,2.50,start,migration,0.00,,,,2896,2026-06-15,1,7584.50,7534.25,7567.50,7580.00,7552.50,day,1,7461.75,7366.50,7427.50,7445.00,7397.50,above_range
2026-06-16,2.50,start,migration,0.27,,,,2897,2026-06-16,1,7570.50,7514.25,7537.50,7560.00,7532.50,day,1,7584.50,7534.25,7567.50,7580.00,7552.50,in_value
2026-06-17,2.50,start,roll,,,,,2898,2026-06-17,1,7604.25,7472.25,7580.00,7602.50,7540.00,none,0,,,,,,
2026-06-18,2.50,added,,1.00,0.68,False,0.54,2898,2026-06-17,2,7604.25,7472.25,7560.00,7592.50,7545.00,day,1,7604.25,7472.25,7580.00,7602.50,7540.00,in_value
2026-06-22,2.50,start,migration,0.36,,,,2899,2026-06-22,1,7599.25,7527.25,7537.50,7555.00,7527.50,composite,2,7604.25,7472.25,7560.00,7592.50,7545.00,in_value
2026-06-23,2.50,start,migration,0.00,,,,2900,2026-06-23,1,7491.00,7415.25,7462.50,7475.00,7437.50,day,1,7599.25,7527.25,7537.50,7555.00,7527.50,below_range
2026-06-24,2.50,added,,0.52,0.62,False,0.69,2900,2026-06-23,2,7496.50,7404.25,7460.00,7482.50,7430.00,day,1,7491.00,7415.25,7462.50,7475.00,7437.50,in_value
2026-06-25,2.50,added,,0.58,0.45,False,1.00,2900,2026-06-23,3,7496.50,7390.50,7437.50,7465.00,7412.50,composite,2,7496.50,7404.25,7460.00,7482.50,7430.00,above_value
2026-06-26,2.50,added,,0.79,0.56,False,1.00,2900,2026-06-23,4,7496.50,7360.00,7435.00,7462.50,7410.00,composite,3,7496.50,7390.50,7437.50,7465.00,7412.50,below_range
2026-06-29,2.50,start,migration,0.16,,,,2901,2026-06-29,1,7505.00,7409.00,7490.00,7502.50,7455.00,composite,4,7496.50,7360.00,7435.00,7462.50,7410.00,in_value
2026-06-30,2.50,start,migration,0.00,,,,2902,2026-06-30,1,7567.75,7495.75,7552.50,7565.00,7522.50,day,1,7505.00,7409.00,7490.00,7502.50,7455.00,in_value
2026-07-01,2.50,added,,0.54,0.69,False,0.64,2902,2026-06-30,2,7579.00,7495.75,7552.50,7570.00,7527.50,day,1,7567.75,7495.75,7552.50,7565.00,7522.50,in_value
2026-07-02,2.50,start,migration,0.34,,,,2903,2026-07-02,1,7593.75,7479.50,7500.00,7552.50,7480.00,composite,2,7579.00,7495.75,7552.50,7570.00,7527.50,in_value
2026-07-06,4.00,start,migration,0.00,,,,2904,2026-07-06,1,7602.50,7552.50,7584.00,7596.00,7568.00,day,1,7593.75,7479.50,7500.00,7552.50,7480.00,above_value
2026-07-07,4.00,start,migration,0.18,,,,2905,2026-07-07,1,7587.50,7529.50,7564.00,7576.00,7532.00,day,1,7602.50,7552.50,7584.00,7596.00,7568.00,in_value
2026-07-08,4.00,start,migration,0.00,,,,2906,2026-07-08,1,7536.50,7469.50,7520.00,7532.00,7496.00,day,1,7587.50,7529.50,7564.00,7576.00,7532.00,below_range
2026-07-09,4.00,start,migration,0.00,,,,2907,2026-07-09,1,7595.00,7529.50,7580.00,7592.00,7548.00,day,1,7536.50,7469.50,7520.00,7532.00,7496.00,above_range
2026-07-10,4.00,start,migration,0.22,,,,2908,2026-07-10,1,7627.25,7552.75,7600.00,7620.00,7584.00,day,1,7595.00,7529.50,7580.00,7592.00,7548.00,above_value
2026-07-13,4.00,start,migration,0.33,,,,2909,2026-07-13,1,7610.50,7551.00,7568.00,7596.00,7560.00,day,1,7627.25,7552.75,7600.00,7620.00,7584.00,in_value
2026-07-14,4.00,added,,0.71,0.66,False,0.43,2909,2026-07-13,2,7610.50,7551.00,7588.00,7600.00,7564.00,day,1,7610.50,7551.00,7568.00,7596.00,7560.00,in_value
2026-07-15,4.00,start,migration,0.29,,,,2910,2026-07-15,1,7626.25,7571.75,7608.00,7620.00,7592.00,composite,2,7610.50,7551.00,7588.00,7600.00,7564.00,above_range
2026-07-16,4.00,start,migration,0.44,,,,2911,2026-07-16,1,7615.00,7548.25,7596.00,7608.00,7572.00,day,1,7626.25,7571.75,7608.00,7620.00,7592.00,in_value
2026-07-17,4.00,start,migration,0.00,,,,2912,2026-07-17,1,7539.00,7473.00,7508.00,7536.00,7500.00,day,1,7615.00,7548.25,7596.00,7608.00,7572.00,below_range
2026-07-20,3.00,added,,0.91,0.50,False,0.71,2912,2026-07-17,2,7552.00,7473.00,7512.00,7533.00,7500.00,day,1,7539.00,7473.00,7508.00,7536.00,7500.00,in_value
2026-07-21,3.00,start,migration,0.22,,,,2913,2026-07-21,1,7554.00,7504.50,7545.00,7554.00,7527.00,composite,2,7552.00,7473.00,7512.00,7533.00,7500.00,in_value
2026-07-22,3.00,added,,0.86,0.69,False,0.43,2913,2026-07-21,2,7563.50,7504.50,7545.00,7554.00,7527.00,day,1,7554.00,7504.50,7545.00,7554.00,7527.00,in_value
2026-07-23,3.00,start,migration,0.00,,,,2914,2026-07-23,1,7486.25,7411.75,7437.00,7458.00,7425.00,composite,2,7563.50,7504.50,7545.00,7554.00,7527.00,below_range
2026-07-24,3.00,added,,0.53,0.43,False,1.00,2914,2026-07-23,2,7496.50,7411.75,7446.00,7467.00,7428.00,day,1,7486.25,7411.75,7437.00,7458.00,7425.00,in_value
2026-07-27,3.00,added,,0.91,0.36,False,0.56,2914,2026-07-23,3,7514.00,7411.75,7446.00,7461.00,7422.00,composite,2,7496.50,7411.75,7446.00,7467.00,7428.00,above_range
2026-07-28,3.00,start,migration,0.39,,,,2915,2026-07-28,1,7485.75,7417.00,7470.00,7485.00,7446.00,composite,3,7514.00,7411.75,7446.00,7461.00,7422.00,in_value
2026-07-29,3.00,start,migration,0.05,,,,2916,2026-07-29,1,7482.75,7345.75,7404.00,7449.00,7386.00,day,1,7485.75,7417.00,7470.00,7485.00,7446.00,in_value
2026-07-30,3.00,added,,0.94,0.48,False,0.33,2916,2026-07-29,2,7482.75,7345.75,7410.00,7455.00,7398.00,day,1,7482.75,7345.75,7404.00,7449.00,7386.00,in_value
2026-07-31,3.00,start,migration,0.00,,,,2917,2026-07-31,1,7541.00,7427.50,7512.00,7521.00,7464.00,composite,2,7482.75,7345.75,7410.00,7455.00,7398.00,above_range
2026-08-03,2.50,start,migration,0.00,,,,2918,2026-08-03,1,7637.75,7542.75,7610.00,7637.50,7595.00,day,1,7541.00,7427.50,7512.00,7521.00,7464.00,above_range
2026-08-04,2.50,start,migration,0.00,,,,2919,2026-08-04,1,7786.00,7656.00,7765.00,7787.50,7715.00,day,1,7637.75,7542.75,7610.00,7637.50,7595.00,above_range
2026-08-05,2.50,added,,1.00,0.66,False,0.65,2919,2026-08-04,2,7820.25,7656.00,7765.00,7792.50,7725.00,day,1,7786.00,7656.00,7765.00,7787.50,7715.00,above_range
2026-08-06,2.50,skipped_shape,,1.00,0.66,False,0.29,2919,2026-08-04,2,7820.25,7656.00,7765.00,7792.50,7725.00,composite,2,7820.25,7656.00,7765.00,7792.50,7725.00,in_value
2026-08-07,2.50,added,,1.00,0.66,False,0.78,2919,2026-08-04,3,7820.25,7656.00,7765.00,7787.50,7750.00,composite,2,7820.25,7656.00,7765.00,7792.50,7725.00,in_value
2026-08-10,2.50,added,,0.86,0.69,False,1.00,2919,2026-08-04,4,7820.25,7656.00,7770.00,7787.50,7755.00,composite,3,7820.25,7656.00,7765.00,7787.50,7750.00,in_value
2026-08-11,2.50,added,,0.61,0.69,False,0.78,2919,2026-08-04,5,7820.25,7656.00,7770.00,7787.50,7750.00,composite,4,7820.25,7656.00,7770.00,7787.50,7755.00,above_value
2026-08-12,2.50,added,,1.00,0.69,False,1.00,2919,2026-08-04,6,7820.25,7656.00,7770.00,7787.50,7755.00,composite,5,7820.25,7656.00,7770.00,7787.50,7750.00,above_value
2026-08-13,2.50,start,migration,0.00,,,,2920,2026-08-13,1,7838.50,7785.50,7817.50,7830.00,7802.50,composite,6,7820.25,7656.00,7770.00,7787.50,7755.00,above_value
2026-08-14,2.50,added,,0.71,0.39,False,0.43,2920,2026-08-13,2,7838.50,7785.50,7805.00,7822.50,7800.00,day,1,7838.50,7785.50,7817.50,7830.00,7802.50,in_value
2026-08-17,2.50,start,migration,0.18,,,,2921,2026-08-17,1,7809.50,7766.25,7792.50,7805.00,7777.50,composite,2,7838.50,7785.50,7805.00,7822.50,7800.00,in_value
2026-08-18,2.50,start,migration,0.00,,,,2922,2026-08-18,1,7735.25,7710.25,7720.00,7727.50,7715.00,day,1,7809.50,7766.25,7792.50,7805.00,7777.50,below_range
2026-08-19,2.50,start,migration,0.00,,,,2923,2026-08-19,1,7764.75,7720.75,7737.50,7750.00,7727.50,day,1,7735.25,7710.25,7720.00,7727.50,7715.00,above_range
2026-08-20,2.50,start,migration,0.00,,,,2924,2026-08-20,1,7720.00,7659.00,7697.50,7715.00,7682.50,day,1,7764.75,7720.75,7737.50,7750.00,7727.50,below_range
2026-08-21,2.50,added,,1.00,0.56,False,0.71,2924,2026-08-20,2,7720.00,7659.00,7692.50,7710.00,7682.50,day,1,7720.00,7659.00,7697.50,7715.00,7682.50,in_value
2026-08-24,2.50,start,migration,0.11,,,,2925,2026-08-24,1,7686.50,7655.00,7672.50,7685.00,7662.50,composite,2,7720.00,7659.00,7692.50,7710.00,7682.50,below_value
2026-08-25,2.50,start,migration,0.43,,,,2926,2026-08-25,1,7701.25,7663.25,7682.50,7695.00,7677.50,day,1,7686.50,7655.00,7672.50,7685.00,7662.50,above_range
2026-08-26,2.50,added,,0.71,0.53,False,0.60,2926,2026-08-25,2,7705.50,7663.25,7685.00,7697.50,7680.00,day,1,7701.25,7663.25,7682.50,7695.00,7677.50,in_value
2026-08-27,2.50,start,migration,0.00,,,,2927,2026-08-27,1,7755.50,7702.75,7727.50,7745.00,7722.50,composite,2,7705.50,7663.25,7685.00,7697.50,7680.00,above_range
2026-08-28,2.50,added,,0.53,0.29,False,0.46,2927,2026-08-27,2,7782.50,7702.75,7725.00,7752.50,7715.00,day,1,7755.50,7702.75,7727.50,7745.00,7722.50,above_value
2026-08-31,2.00,start,migration,0.00,,,,2928,2026-08-31,1,7708.25,7674.75,7688.00,7694.00,7680.00,composite,2,7782.50,7702.75,7725.00,7752.50,7715.00,below_range
2026-09-01,2.00,start,migration,0.00,,,,2929,2026-09-01,1,7673.75,7621.50,7644.00,7662.00,7632.00,day,1,7708.25,7674.75,7688.00,7694.00,7680.00,below_range
2026-09-02,2.00,start,migration,0.00,,,,2930,2026-09-02,1,7691.25,7643.00,7676.00,7686.00,7672.00,day,1,7673.75,7621.50,7644.00,7662.00,7632.00,in_value
2026-09-03,2.00,start,migration,0.00,,,,2931,2026-09-03,1,7766.50,7700.00,7756.00,7766.00,7720.00,day,1,7691.25,7643.00,7676.00,7686.00,7672.00,above_range
2026-09-04,2.00,added,,0.64,0.31,False,0.60,2931,2026-09-03,2,7766.50,7700.00,7720.00,7750.00,7704.00,day,1,7766.50,7700.00,7756.00,7766.00,7720.00,in_value
2026-09-08,2.00,start,migration,0.00,,,,2932,2026-09-08,1,7717.75,7672.25,7694.00,7700.00,7682.00,composite,2,7766.50,7700.00,7720.00,7750.00,7704.00,in_value
2026-09-09,2.00,start,migration,0.00,,,,2933,2026-09-09,1,7665.00,7628.75,7646.00,7656.00,7638.00,day,1,7717.75,7672.25,7694.00,7700.00,7682.00,below_range
2026-09-10,2.00,start,migration,0.00,,,,2934,2026-09-10,1,7620.00,7585.50,7602.00,7612.00,7594.00,day,1,7665.00,7628.75,7646.00,7656.00,7638.00,below_range
2026-09-11,2.00,start,migration,0.00,,,,2935,2026-09-11,1,7682.00,7653.25,7668.00,7682.00,7664.00,day,1,7620.00,7585.50,7602.00,7612.00,7594.00,above_range
2026-09-14,1.50,start,migration,0.00,,,,2936,2026-09-14,1,7652.00,7595.25,7635.00,7645.50,7611.00,day,1,7682.00,7653.25,7668.00,7682.00,7664.00,below_range
2026-09-15,1.50,start,migration,0.00,,,,2937,2026-09-15,1,7619.00,7576.75,7590.00,7594.50,7581.00,day,1,7652.00,7595.25,7635.00,7645.50,7611.00,in_value
