date,row,action,start_reason,overlap,poc_pos,bimodal,va_sym,comp_id,comp_start,comp_days,comp_high,comp_low,comp_poc,comp_vah,comp_val,ref_source,ref_days,ref_high,ref_low,ref_poc,ref_vah,ref_val,open_location_ref
2010-06-07,2.00,start,first,,,,,1,2010-06-07,1,1070.75,1048.75,1062.00,1068.00,1058.00,none,0,,,,,,
2010-06-08,2.00,start,migration,0.14,,,,2,2010-06-08,1,1063.25,1041.25,1050.00,1060.00,1046.00,day,1,1070.75,1048.75,1062.00,1068.00,1058.00,below_value
2010-06-09,2.00,start,migration,0.00,,,,3,2010-06-09,1,1077.75,1051.25,1068.00,1077.75,1064.00,day,1,1063.25,1041.25,1050.00,1060.00,1046.00,above_range
2010-06-10,2.00,start,migration,0.38,,,,4,2010-06-10,1,1087.75,1071.75,1078.00,1084.00,1074.00,day,1,1077.75,1051.25,1068.00,1077.75,1064.00,in_value
2010-06-11,2.00,added,,0.67,0.54,False,1.00,4,2010-06-10,2,1092.25,1071.75,1082.00,1088.00,1078.00,day,1,1087.75,1071.75,1078.00,1084.00,1074.00,in_value
2010-06-14,2.00,start,migration,0.00,,,,5,2010-06-14,1,1101.75,1084.25,1096.00,1098.00,1088.00,composite,2,1088.00,1067.50,1077.75,1083.75,1073.75,above_range
2010-06-15,2.00,start,migration,0.29,,,,6,2010-06-15,1,1111.50,1091.25,1098.00,1108.00,1094.00,day,1,1101.75,1084.25,1096.00,1098.00,1088.00,in_value
2010-06-16,2.00,start,migration,0.40,,,,7,2010-06-16,1,1114.75,1102.50,1108.00,1114.00,1104.00,day,1,1111.50,1091.25,1098.00,1108.00,1094.00,in_value
2010-06-17,2.00,added,,0.80,0.44,False,1.00,7,2010-06-16,2,1114.75,1100.75,1106.00,1112.00,1102.00,day,1,1114.75,1102.50,1108.00,1114.00,1104.00,in_value
2010-06-18,2.00,added,,0.60,0.61,False,1.00,7,2010-06-16,3,1116.75,1100.75,1110.00,1116.00,1106.00,composite,2,1114.75,1100.75,1106.00,1112.00,1102.00,above_value
2010-06-21,2.00,start,migration,0.29,,,,8,2010-06-21,1,1127.50,1103.25,1116.00,1126.00,1112.00,composite,3,1116.75,1100.75,1110.00,1116.00,1106.00,above_range
2010-06-22,2.00,start,migration,0.14,,,,9,2010-06-22,1,1114.50,1089.50,1108.00,1114.00,1100.00,day,1,1127.50,1103.25,1116.00,1126.00,1112.00,below_value
2010-06-23,2.00,start,migration,0.00,,,,10,2010-06-23,1,1095.75,1080.25,1086.00,1092.00,1082.00,day,1,1114.50,1089.50,1108.00,1114.00,1100.00,below_value
2010-06-24,2.00,start,migration,0.00,,,,11,2010-06-24,1,1083.75,1066.50,1074.00,1080.00,1070.00,day,1,1095.75,1080.25,1086.00,1092.00,1082.00,in_value
2010-06-25,2.00,added,,0.80,0.59,False,1.00,11,2010-06-24,2,1083.75,1062.75,1074.00,1080.00,1070.00,day,1,1083.75,1066.50,1074.00,1080.00,1070.00,in_value
2010-06-28,2.00,added,,1.00,0.59,False,1.00,11,2010-06-24,3,1083.75,1062.75,1074.00,1080.00,1070.00,composite,2,1083.75,1062.75,1074.00,1080.00,1070.00,in_value
2010-06-29,2.00,start,migration,0.00,,,,12,2010-06-29,1,1055.75,1030.25,1042.00,1048.00,1038.00,composite,3,1083.75,1062.75,1074.00,1080.00,1070.00,below_range
2010-06-30,2.00,skipped_daytype,,0.59,,,,12,2010-06-29,1,1055.75,1030.25,1042.00,1048.00,1038.00,day,1,1055.75,1030.25,1042.00,1048.00,1038.00,below_value
2010-07-01,2.00,start,migration,0.00,,,,13,2010-07-01,1,1029.75,1006.00,1022.00,1024.00,1010.00,day,1,1043.75,1023.50,1038.00,1043.75,1034.00,below_value
2010-07-02,2.00,added,,1.00,0.46,False,0.60,13,2010-07-01,2,1029.75,1006.00,1016.00,1026.00,1012.00,day,1,1029.75,1006.00,1022.00,1024.00,1010.00,above_value
2010-07-06,2.00,start,migration,0.44,,,,14,2010-07-06,1,1038.50,1013.50,1030.00,1036.00,1018.00,composite,2,1029.75,1006.00,1016.00,1026.00,1012.00,above_range
2010-07-07,2.00,start,migration,0.27,,,,15,2010-07-07,1,1057.50,1024.75,1038.00,1052.00,1030.00,day,1,1038.50,1013.50,1030.00,1036.00,1018.00,in_value
2010-07-08,2.00,start,migration,0.00,,,,16,2010-07-08,1,1067.75,1054.00,1058.00,1064.00,1054.00,day,1,1057.50,1024.75,1038.00,1052.00,1030.00,above_range
2010-07-09,2.00,start,migration,0.00,,,,17,2010-07-09,1,1074.75,1064.25,1068.00,1074.00,1064.25,day,1,1067.75,1054.00,1058.00,1064.00,1054.00,above_value
2010-07-12,2.00,added,,0.65,0.50,False,1.00,17,2010-07-09,2,1077.25,1064.25,1070.00,1076.00,1066.00,day,1,1074.75,1064.25,1068.00,1074.00,1064.25,in_value
2010-07-13,2.00,start,migration,0.00,,,,18,2010-07-13,1,1096.00,1084.25,1090.00,1096.00,1086.00,composite,2,1077.25,1064.25,1070.00,1076.00,1066.00,above_range
2010-07-14,2.00,added,,0.80,0.56,False,1.00,18,2010-07-13,2,1096.00,1083.50,1090.00,1096.00,1086.00,day,1,1096.00,1084.25,1090.00,1096.00,1086.00,in_value
2010-07-15,2.00,start,migration,0.20,,,,19,2010-07-15,1,1095.50,1076.25,1086.00,1088.00,1078.00,composite,2,1096.00,1083.50,1090.00,1096.00,1086.00,in_value
2010-07-16,2.00,start,migration,0.00,,,,20,2010-07-16,1,1086.50,1059.00,1064.00,1078.00,1060.00,day,1,1095.50,1076.25,1086.00,1088.00,1078.00,in_value
2010-07-19,2.00,added,,1.00,0.28,False,1.00,20,2010-07-16,2,1086.50,1057.00,1064.00,1070.00,1060.00,day,1,1086.50,1059.00,1064.00,1078.00,1060.00,in_value
2010-07-20,2.00,start,migration,0.48,,,,21,2010-07-20,1,1080.50,1053.00,1060.00,1074.00,1053.00,composite,2,1086.50,1057.00,1064.00,1070.00,1060.00,below_range
2010-07-21,2.00,start,migration,0.44,,,,22,2010-07-21,1,1085.50,1061.00,1078.00,1084.00,1066.00,day,1,1080.50,1053.00,1060.00,1074.00,1053.00,above_range
2010-07-22,2.00,start,migration,0.00,,,,23,2010-07-22,1,1094.50,1078.00,1090.00,1094.50,1086.00,day,1,1085.50,1061.00,1078.00,1084.00,1066.00,in_value
2010-07-23,2.00,added,,0.61,0.54,False,1.00,23,2010-07-22,2,1100.75,1078.00,1090.00,1096.00,1086.00,day,1,1094.50,1078.00,1090.00,1094.50,1086.00,in_value
2010-07-26,2.00,start,migration,0.00,,,,24,2010-07-26,1,1111.75,1097.75,1106.00,1111.75,1102.00,composite,2,1100.75,1078.00,1090.00,1096.00,1086.00,above_value
2010-07-27,2.00,added,,0.96,0.59,False,1.00,24,2010-07-26,2,1117.75,1097.75,1108.00,1114.00,1104.00,day,1,1111.75,1097.75,1106.00,1111.75,1102.00,above_range
2010-07-28,2.00,added,,0.67,0.59,False,1.00,24,2010-07-26,3,1117.75,1097.75,1108.00,1114.00,1104.00,composite,2,1117.75,1097.75,1108.00,1114.00,1104.00,in_value
2010-07-29,2.00,start,migration,0.00,,,,25,2010-07-29,1,1113.00,1088.75,1094.00,1104.00,1090.00,composite,3,1117.75,1097.75,1108.00,1114.00,1104.00,in_value
2010-07-30,2.00,added,,1.00,0.37,False,0.60,25,2010-07-29,2,1113.00,1084.50,1094.00,1104.00,1090.00,day,1,1113.00,1088.75,1094.00,1104.00,1090.00,below_range
2010-08-02,2.00,start,migration,0.00,,,,26,2010-08-02,1,1124.25,1110.25,1118.00,1124.00,1114.00,composite,2,1113.00,1084.50,1094.00,1104.00,1090.00,above_range
2010-08-03,2.00,added,,1.00,0.56,False,1.00,26,2010-08-02,2,1124.25,1110.25,1118.00,1124.00,1114.00,day,1,1124.25,1110.25,1118.00,1124.00,1114.00,in_value
2010-08-04,2.00,added,,0.67,0.50,False,1.00,26,2010-08-02,3,1126.00,1110.25,1118.00,1124.00,1114.00,composite,2,1124.25,1110.25,1118.00,1124.00,1114.00,in_value
2010-08-05,2.00,added,,1.00,0.61,False,0.33,26,2010-08-02,4,1126.00,1110.25,1120.00,1122.00,1116.00,composite,3,1126.00,1110.25,1118.00,1124.00,1114.00,in_value
2010-08-06,2.00,start,migration,0.14,,,,27,2010-08-06,1,1120.50,1103.75,1108.00,1118.00,1104.00,composite,4,1126.00,1110.25,1120.00,1122.00,1116.00,below_value
2010-08-09,2.00,start,migration,0.00,,,,28,2010-08-09,1,1126.75,1118.00,1122.00,1126.75,1122.00,day,1,1120.50,1103.75,1108.00,1118.00,1104.00,above_range
2010-08-10,2.00,start,migration,0.00,,,,29,2010-08-10,1,1124.50,1108.25,1112.00,1122.00,1112.00,day,1,1126.75,1118.00,1122.00,1126.75,1122.00,below_range
2010-08-11,2.00,start,migration,0.00,,,,30,2010-08-11,1,1101.50,1085.75,1090.00,1096.00,1086.00,day,1,1124.50,1108.25,1112.00,1122.00,1112.00,below_range
2010-08-12,2.00,start,migration,0.00,,,,31,2010-08-12,1,1084.75,1070.50,1080.00,1084.75,1076.00,day,1,1101.50,1085.75,1090.00,1096.00,1086.00,below_range
2010-08-13,2.00,added,,1.00,0.69,False,1.00,31,2010-08-12,2,1084.75,1070.50,1080.00,1084.75,1076.00,day,1,1084.75,1070.50,1080.00,1084.75,1076.00,in_value
2010-08-16,2.00,added,,0.67,0.65,False,1.00,31,2010-08-12,3,1084.75,1066.25,1078.00,1084.00,1074.00,composite,2,1084.75,1070.50,1080.00,1084.75,1076.00,below_range
2010-08-17,2.00,start,migration,0.00,,,,32,2010-08-17,1,1098.50,1083.25,1094.00,1098.50,1090.00,composite,3,1084.75,1066.25,1078.00,1084.00,1074.00,above_range
2010-08-18,2.00,added,,0.60,0.72,False,0.60,32,2010-08-17,2,1098.50,1083.25,1094.00,1098.50,1086.00,day,1,1098.50,1083.25,1094.00,1098.50,1090.00,below_value
2010-08-19,2.00,start,migration,0.00,,,,33,2010-08-19,1,1089.50,1068.50,1072.00,1078.00,1068.50,composite,2,1098.50,1083.25,1094.00,1098.50,1086.00,in_value
2010-08-20,2.00,start,migration,0.25,,,,34,2010-08-20,1,1071.50,1061.75,1064.00,1070.00,1064.00,day,1,1089.50,1068.50,1072.00,1078.00,1068.50,in_value
2010-08-23,2.00,start,migration,0.40,,,,35,2010-08-23,1,1080.25,1065.00,1070.00,1076.00,1066.00,day,1,1071.50,1061.75,1064.00,1070.00,1064.00,above_range
2010-08-24,2.00,start,migration,0.00,,,,36,2010-08-24,1,1058.25,1044.00,1052.00,1058.00,1048.00,day,1,1080.25,1065.00,1070.00,1076.00,1066.00,below_range
2010-08-25,2.00,start,migration,0.40,,,,37,2010-08-25,1,1057.75,1037.00,1046.00,1052.00,1042.00,day,1,1058.25,1044.00,1052.00,1058.00,1048.00,below_value
2010-08-26,2.00,added,,0.60,0.42,False,0.60,37,2010-08-25,2,1060.25,1037.00,1046.00,1056.00,1042.00,day,1,1057.75,1037.00,1046.00,1052.00,1042.00,above_range
2010-08-27,2.00,added,,0.57,0.50,False,1.00,37,2010-08-25,3,1064.25,1037.00,1050.00,1060.00,1042.00,composite,2,1060.25,1037.00,1046.00,1056.00,1042.00,in_value
2010-08-30,2.00,added,,1.00,0.63,False,0.60,37,2010-08-25,4,1064.25,1037.00,1054.00,1060.00,1046.00,composite,3,1064.25,1037.00,1050.00,1060.00,1042.00,above_value
2010-08-31,2.00,added,,0.67,0.50,False,0.60,37,2010-08-25,5,1064.25,1037.00,1050.00,1060.00,1046.00,composite,4,1064.25,1037.00,1054.00,1060.00,1046.00,below_value
2010-09-01,2.00,start,migration,0.00,,,,38,2010-09-01,1,1080.75,1061.00,1076.00,1080.75,1072.00,composite,5,1064.25,1037.00,1050.00,1060.00,1046.00,above_value
2010-09-02,2.00,start,migration,0.12,,,,39,2010-09-02,1,1089.25,1079.25,1084.00,1086.00,1080.00,day,1,1080.75,1061.00,1076.00,1080.75,1072.00,above_range
2010-09-03,2.00,start,migration,0.00,,,,40,2010-09-03,1,1104.50,1093.75,1100.00,1104.50,1096.00,day,1,1089.25,1079.25,1084.00,1086.00,1080.00,above_range
2010-09-07,2.00,start,migration,0.33,,,,41,2010-09-07,1,1099.50,1089.75,1092.00,1098.00,1092.00,day,1,1104.50,1093.75,1100.00,1104.50,1096.00,in_value
2010-09-08,2.00,start,migration,0.00,,,,42,2010-09-08,1,1103.00,1092.25,1098.00,1103.00,1098.00,day,1,1099.50,1089.75,1092.00,1098.00,1092.00,in_value
2010-09-09,2.00,start,migration,0.00,,,,43,2010-09-09,1,1111.50,1100.50,1104.00,1110.00,1104.00,day,1,1103.00,1092.25,1098.00,1103.00,1098.00,above_range
2010-09-10,2.00,added,,1.00,0.58,False,1.00,43,2010-09-09,2,1111.50,1100.50,1106.00,1111.50,1102.00,day,1,1111.50,1100.50,1104.00,1110.00,1104.00,in_value
2010-09-13,2.00,start,migration,0.00,,,,44,2010-09-13,1,1119.00,1110.75,1114.00,1119.00,1110.75,composite,2,1106.50,1095.50,1101.00,1106.50,1097.00,above_range
2010-09-14,2.00,added,,0.59,0.50,False,1.00,44,2010-09-13,2,1122.50,1110.25,1116.00,1122.00,1112.00,day,1,1119.00,1110.75,1114.00,1119.00,1110.75,in_value
2010-09-15,2.00,added,,1.00,0.56,False,1.00,44,2010-09-13,3,1122.50,1109.00,1116.00,1122.00,1112.00,composite,2,1122.50,1110.25,1116.00,1122.00,1112.00,in_value
2010-09-16,2.00,added,,1.00,0.56,False,1.00,44,2010-09-13,4,1122.50,1109.00,1116.00,1122.00,1112.00,composite,3,1122.50,1109.00,1116.00,1122.00,1112.00,in_value
2010-09-17,2.00,added,,1.00,0.45,False,1.00,44,2010-09-13,5,1126.75,1109.00,1116.00,1122.00,1112.00,composite,4,1122.50,1109.00,1116.00,1122.00,1112.00,above_range
2010-09-20,2.00,start,migration,0.00,,,,45,2010-09-20,1,1140.25,1121.25,1130.00,1140.00,1130.00,composite,5,1126.75,1109.00,1116.00,1122.00,1112.00,above_value
2010-09-21,2.00,added,,1.00,0.50,False,1.00,45,2010-09-20,2,1144.00,1121.25,1132.00,1138.00,1128.00,day,1,1140.25,1121.25,1130.00,1140.00,1130.00,in_value
2010-09-22,2.00,added,,0.84,0.50,False,1.00,45,2010-09-20,3,1144.00,1121.25,1132.00,1138.00,1128.00,composite,2,1144.00,1121.25,1132.00,1138.00,1128.00,in_value
2010-09-23,2.00,start,migration,0.20,,,,46,2010-09-23,1,1132.25,1117.25,1128.00,1130.00,1120.00,composite,3,1144.00,1121.25,1132.00,1138.00,1128.00,below_range
2010-09-24,2.00,start,migration,0.00,,,,47,2010-09-24,1,1144.50,1131.75,1142.00,1144.00,1138.00,day,1,1132.25,1117.25,1128.00,1130.00,1120.00,above_range
2010-09-27,2.00,skipped_shape,,0.76,0.81,False,0.33,47,2010-09-24,1,1144.50,1131.75,1142.00,1144.00,1138.00,day,1,1144.50,1131.75,1142.00,1144.00,1138.00,in_value
2010-09-28,2.00,added,,0.60,0.68,False,1.00,47,2010-09-24,2,1146.00,1127.25,1140.00,1146.00,1136.00,day,1,1145.25,1137.00,1140.00,1145.25,1140.00,below_value
2010-09-29,2.00,added,,1.00,0.68,False,1.00,47,2010-09-24,3,1146.00,1127.25,1140.00,1146.00,1136.00,composite,2,1146.00,1127.25,1140.00,1146.00,1136.00,in_value
2010-09-30,2.00,added,,0.60,0.54,False,1.00,47,2010-09-24,4,1153.50,1127.25,1140.00,1146.00,1136.00,composite,3,1146.00,1127.25,1140.00,1146.00,1136.00,in_value
2010-10-01,2.00,added,,1.00,0.54,False,1.00,47,2010-09-24,5,1153.50,1127.25,1140.00,1146.00,1136.00,composite,4,1153.50,1127.25,1140.00,1146.00,1136.00,in_value
2010-10-04,2.00,start,migration,0.31,,,,48,2010-10-04,1,1144.00,1127.00,1130.00,1140.00,1127.00,composite,5,1153.50,1127.25,1140.00,1146.00,1136.00,in_value
2010-10-05,2.00,start,migration,0.00,,,,49,2010-10-05,1,1158.75,1142.00,1154.00,1158.75,1146.00,day,1,1144.00,1127.00,1130.00,1140.00,1127.00,above_value
2010-10-06,2.00,added,,1.00,0.72,False,1.00,49,2010-10-05,2,1158.75,1142.00,1154.00,1158.75,1150.00,day,1,1158.75,1142.00,1154.00,1158.75,1146.00,in_value
2010-10-07,2.00,added,,0.80,0.65,False,1.00,49,2010-10-05,3,1160.75,1142.00,1154.00,1160.00,1150.00,composite,2,1158.75,1142.00,1154.00,1158.75,1150.00,above_range
2010-10-08,2.00,added,,0.80,0.54,False,1.00,49,2010-10-05,4,1164.00,1142.00,1154.00,1160.00,1150.00,composite,3,1160.75,1142.00,1154.00,1160.00,1150.00,in_value
2010-10-11,2.00,start,migration,0.29,,,,50,2010-10-11,1,1165.00,1157.75,1162.00,1165.00,1158.00,composite,4,1164.00,1142.00,1154.00,1160.00,1150.00,above_value
2010-10-12,2.00,start,migration,0.50,,,,51,2010-10-12,1,1169.00,1151.75,1158.00,1168.00,1154.00,day,1,1165.00,1157.75,1162.00,1165.00,1158.00,in_value
2010-10-13,2.00,start,migration,0.00,,,,52,2010-10-13,1,1181.00,1169.25,1176.00,1181.00,1172.00,day,1,1169.00,1151.75,1158.00,1168.00,1154.00,above_range
2010-10-14,2.00,start,migration,0.37,,,,53,2010-10-14,1,1175.50,1162.50,1166.00,1175.50,1166.00,day,1,1181.00,1169.25,1176.00,1181.00,1172.00,in_value
2010-10-15,2.00,added,,1.00,0.39,False,1.00,53,2010-10-14,2,1179.00,1162.50,1168.00,1174.00,1164.00,day,1,1175.50,1162.50,1166.00,1175.50,1166.00,above_range
2010-10-18,2.00,start,migration,0.20,,,,54,2010-10-18,1,1182.25,1170.50,1176.00,1182.00,1172.00,composite,2,1179.00,1162.50,1168.00,1174.00,1164.00,in_value
2010-10-19,2.00,start,migration,0.13,,,,55,2010-10-19,1,1173.75,1155.50,1168.00,1173.75,1160.00,day,1,1182.25,1170.50,1176.00,1182.00,1172.00,below_range
2010-10-20,2.00,start,migration,0.22,,,,56,2010-10-20,1,1180.00,1164.00,1176.00,1180.00,1172.00,day,1,1173.75,1155.50,1168.00,1173.75,1160.00,in_value
2010-10-21,2.00,added,,0.57,0.54,False,1.00,56,2010-10-20,2,1186.25,1164.00,1176.00,1182.00,1172.00,day,1,1180.00,1164.00,1176.00,1180.00,1172.00,in_value
2010-10-22,2.00,added,,1.00,0.54,False,1.00,56,2010-10-20,3,1186.25,1164.00,1176.00,1182.00,1172.00,composite,2,1186.25,1164.00,1176.00,1182.00,1172.00,in_value
2010-10-25,2.00,start,migration,0.00,,,,57,2010-10-25,1,1193.00,1181.25,1186.00,1188.00,1182.00,composite,3,1186.25,1164.00,1176.00,1182.00,1172.00,above_range
2010-10-26,2.00,start,migration,0.23,,,,58,2010-10-26,1,1183.75,1174.00,1180.00,1183.75,1176.00,day,1,1193.00,1181.25,1186.00,1188.00,1182.00,below_range
2010-10-27,2.00,start,migration,0.40,,,,59,2010-10-27,1,1180.50,1167.75,1170.00,1180.00,1170.00,day,1,1183.75,1174.00,1180.00,1183.75,1176.00,below_value
2010-10-28,2.00,added,,0.60,0.50,False,1.00,59,2010-10-27,2,1186.50,1167.75,1176.00,1182.00,1172.00,day,1,1180.50,1167.75,1170.00,1180.00,1170.00,above_range
2010-10-29,2.00,added,,0.89,0.59,False,1.00,59,2010-10-27,3,1186.50,1167.75,1178.00,1184.00,1174.00,composite,2,1186.50,1167.75,1176.00,1182.00,1172.00,in_value
2010-11-01,2.00,start,migration,0.40,,,,60,2010-11-01,1,1192.75,1173.75,1184.00,1190.00,1180.00,composite,3,1186.50,1167.75,1178.00,1184.00,1174.00,above_value
2010-11-02,2.00,skipped_shape,,0.65,0.77,False,1.00,60,2010-11-01,1,1192.75,1173.75,1184.00,1190.00,1180.00,day,1,1192.75,1173.75,1184.00,1190.00,1180.00,in_value
2010-11-03,2.00,start,migration,0.42,,,,61,2010-11-03,1,1195.50,1179.50,1186.00,1195.50,1186.00,day,1,1193.00,1186.25,1190.00,1192.00,1186.25,above_value
2010-11-04,2.00,start,migration,0.00,,,,62,2010-11-04,1,1218.75,1206.50,1212.00,1218.00,1208.00,day,1,1195.50,1179.50,1186.00,1195.50,1186.00,above_range
2010-11-05,2.00,start,migration,0.20,,,,63,2010-11-05,1,1224.50,1217.00,1220.00,1222.00,1217.00,day,1,1218.75,1206.50,1212.00,1218.00,1208.00,above_value
2010-11-08,2.00,added,,1.00,0.42,False,0.33,63,2010-11-05,2,1224.50,1214.75,1218.00,1224.00,1218.00,day,1,1224.50,1217.00,1220.00,1222.00,1217.00,in_value
2010-11-09,2.00,start,migration,0.40,,,,64,2010-11-09,1,1224.75,1206.25,1216.00,1222.00,1212.00,composite,2,1224.50,1214.75,1218.00,1224.00,1218.00,in_value
2010-11-10,2.00,start,migration,0.20,,,,65,2010-11-10,1,1217.00,1201.75,1212.00,1214.00,1204.00,day,1,1224.75,1206.25,1216.00,1222.00,1212.00,below_value
2010-11-11,2.00,added,,1.00,0.50,False,1.00,65,2010-11-10,2,1217.00,1201.75,1208.00,1214.00,1204.00,day,1,1217.00,1201.75,1212.00,1214.00,1204.00,in_value
2010-11-12,2.00,start,migration,0.00,,,,66,2010-11-12,1,1208.75,1191.50,1196.00,1202.00,1192.00,composite,2,1217.00,1201.75,1208.00,1214.00,1204.00,below_value
2010-11-15,2.00,skipped_shape,,0.67,0.65,False,0.20,66,2010-11-12,1,1208.75,1191.50,1196.00,1202.00,1192.00,day,1,1208.75,1191.50,1196.00,1202.00,1192.00,in_value
2010-11-16,2.00,start,migration,0.00,,,,67,2010-11-16,1,1190.00,1171.00,1176.00,1182.00,1172.00,day,1,1205.75,1194.75,1202.00,1204.00,1198.00,below_range
2010-11-17,2.00,added,,1.00,0.41,False,1.00,67,2010-11-16,2,1190.00,1171.00,1178.00,1184.00,1174.00,day,1,1190.00,1171.00,1176.00,1182.00,1172.00,in_value
2010-11-18,2.00,start,migration,0.00,,,,68,2010-11-18,1,1199.00,1188.50,1196.00,1199.00,1192.00,composite,2,1190.00,1171.00,1178.00,1184.00,1174.00,above_value
2010-11-19,2.00,skipped_shape,,0.77,0.79,False,0.40,68,2010-11-18,1,1199.00,1188.50,1196.00,1199.00,1192.00,day,1,1199.00,1188.50,1196.00,1199.00,1192.00,in_value
2010-11-22,2.00,start,migration,0.40,,,,69,2010-11-22,1,1197.50,1182.50,1190.00,1196.00,1186.00,day,1,1198.75,1187.50,1194.00,1198.75,1190.00,in_value
2010-11-23,2.00,start,migration,0.00,,,,70,2010-11-23,1,1185.00,1174.75,1178.00,1184.00,1174.75,day,1,1197.50,1182.50,1190.00,1196.00,1186.00,below_value
2010-11-24,2.00,start,migration,0.00,,,,71,2010-11-24,1,1197.50,1186.50,1194.00,1197.50,1190.00,day,1,1185.00,1174.75,1178.00,1184.00,1174.75,above_range
2010-11-26,2.00,start,migration,0.35,,,,72,2010-11-26,1,1193.25,1183.00,1188.00,1193.25,1184.00,day,1,1197.50,1186.50,1194.00,1197.50,1190.00,below_value
2010-11-29,2.00,start,migration,0.00,,,,73,2010-11-29,1,1190.00,1172.25,1176.00,1182.00,1172.25,day,1,1193.25,1183.00,1188.00,1193.25,1184.00,below_range
2010-11-30,2.00,start,migration,0.44,,,,74,2010-11-30,1,1187.00,1173.00,1182.00,1187.00,1178.00,day,1,1190.00,1172.25,1176.00,1182.00,1172.25,in_value
2010-12-01,2.00,start,migration,0.00,,,,75,2010-12-01,1,1207.75,1196.75,1204.00,1207.75,1200.00,day,1,1187.00,1173.00,1182.00,1187.00,1178.00,above_range
2010-12-02,2.00,start,migration,0.00,,,,76,2010-12-02,1,1221.75,1206.25,1218.00,1220.00,1214.00,day,1,1207.75,1196.75,1204.00,1207.75,1200.00,in_value
2010-12-03,2.00,start,migration,0.33,,,,77,2010-12-03,1,1225.50,1216.25,1218.00,1224.00,1218.00,day,1,1221.75,1206.25,1218.00,1220.00,1214.00,in_value
2010-12-06,2.00,added,,1.00,0.50,False,1.00,77,2010-12-03,2,1225.50,1216.25,1220.00,1225.50,1216.25,day,1,1225.50,1216.25,1218.00,1224.00,1218.00,in_value
2010-12-07,2.00,start,migration,0.00,,,,78,2010-12-07,1,1235.00,1222.50,1228.00,1234.00,1228.00,composite,2,1225.50,1216.25,1220.00,1225.50,1216.25,above_range
2010-12-08,2.00,start,migration,0.16,,,,79,2010-12-08,1,1228.75,1219.00,1224.00,1228.75,1224.00,day,1,1235.00,1222.50,1228.00,1234.00,1228.00,below_value
2010-12-09,2.00,start,migration,0.41,,,,80,2010-12-09,1,1235.25,1226.50,1230.00,1232.00,1226.50,day,1,1228.75,1219.00,1224.00,1228.75,1224.00,above_range
2010-12-10,2.00,start,migration,0.00,,,,81,2010-12-10,1,1241.00,1232.25,1236.00,1241.00,1236.00,day,1,1235.25,1226.50,1230.00,1232.00,1226.50,above_range
2010-12-13,2.00,start,migration,0.00,,,,82,2010-12-13,1,1242.00,1235.25,1240.00,1242.00,1236.00,day,1,1236.00,1227.25,1231.00,1236.00,1231.00,above_range
2010-12-14,2.00,added,,1.00,0.75,False,0.33,82,2010-12-13,2,1242.25,1232.75,1240.00,1242.00,1236.00,day,1,1242.00,1235.25,1240.00,1242.00,1236.00,in_value
2010-12-15,2.00,start,migration,0.37,,,,83,2010-12-15,1,1239.50,1228.75,1234.00,1239.50,1230.00,composite,2,1242.25,1232.75,1240.00,1242.00,1236.00,below_value
2010-12-16,2.00,skipped_shape,,0.80,0.79,False,0.20,83,2010-12-15,1,1239.50,1228.75,1234.00,1239.50,1230.00,day,1,1239.50,1228.75,1234.00,1239.50,1230.00,in_value
2010-12-17,2.00,skipped_daytype,,0.70,,,,83,2010-12-15,1,1239.50,1228.75,1234.00,1239.50,1230.00,day,1,1239.25,1227.50,1236.00,1238.00,1228.00,in_value
2010-12-20,2.00,start,migration,0.25,,,,84,2010-12-20,1,1245.75,1236.25,1242.00,1244.00,1238.00,day,1,1241.00,1234.50,1236.00,1241.00,1236.00,above_range
2010-12-21,2.00,start,migration,0.00,,,,85,2010-12-21,1,1251.25,1245.25,1248.00,1250.00,1245.25,day,1,1245.75,1236.25,1242.00,1244.00,1238.00,above_range
2010-12-22,2.00,start,migration,0.00,,,,86,2010-12-22,1,1254.75,1250.50,1252.00,1254.75,1252.00,day,1,1251.25,1245.25,1248.00,1250.00,1245.25,above_range
2010-12-23,2.00,start,migration,0.42,,,,87,2010-12-23,1,1254.25,1249.25,1252.00,1254.00,1249.25,day,1,1254.75,1250.50,1252.00,1254.75,1252.00,in_value
2010-12-27,2.00,added,,0.94,0.70,False,0.33,87,2010-12-23,2,1254.25,1247.00,1252.00,1254.00,1248.00,day,1,1254.25,1249.25,1252.00,1254.00,1249.25,below_range
2010-12-28,2.00,start,migration,0.50,,,,88,2010-12-28,1,1256.00,1251.50,1252.00,1256.00,1252.00,composite,2,1254.25,1247.00,1252.00,1254.00,1248.00,above_range
2010-12-29,2.00,start,migration,0.00,,,,89,2010-12-29,1,1258.50,1255.50,1256.00,1258.50,1256.00,day,1,1256.00,1251.50,1252.00,1256.00,1252.00,above_range
2010-12-30,2.00,start,migration,0.20,,,,90,2010-12-30,1,1257.00,1251.50,1252.00,1257.00,1252.00,day,1,1258.50,1255.50,1256.00,1258.50,1256.00,below_range
2010-12-31,2.00,added,,1.00,0.50,False,0.33,90,2010-12-30,2,1257.00,1249.50,1252.00,1257.00,1252.00,day,1,1257.00,1251.50,1252.00,1257.00,1252.00,below_range
2011-01-03,2.00,start,migration,0.00,,,,91,2011-01-03,1,1272.50,1262.75,1268.00,1272.50,1268.00,composite,2,1257.00,1249.50,1252.00,1257.00,1252.00,above_range
2011-01-04,2.00,start,migration,0.00,,,,92,2011-01-04,1,1270.00,1258.25,1262.00,1268.00,1258.25,day,1,1272.50,1262.75,1268.00,1272.50,1268.00,in_value
2011-01-05,2.00,start,migration,0.26,,,,93,2011-01-05,1,1273.75,1260.75,1270.00,1273.75,1266.00,day,1,1270.00,1258.25,1262.00,1268.00,1258.25,in_value
2011-01-06,2.00,added,,1.00,0.69,False,1.00,93,2011-01-05,2,1274.50,1260.75,1270.00,1274.50,1266.00,day,1,1273.75,1260.75,1270.00,1273.75,1266.00,in_value
2011-01-07,2.00,start,migration,0.40,,,,94,2011-01-07,1,1274.00,1257.75,1264.00,1270.00,1260.00,composite,2,1274.50,1260.75,1270.00,1274.50,1266.00,in_value
2011-01-10,2.00,added,,1.00,0.45,False,1.00,94,2011-01-07,2,1274.00,1257.75,1264.00,1270.00,1260.00,day,1,1274.00,1257.75,1264.00,1270.00,1260.00,in_value
2011-01-11,2.00,added,,0.67,0.45,False,1.00,94,2011-01-07,3,1274.00,1257.75,1264.00,1270.00,1260.00,composite,2,1274.00,1257.75,1264.00,1270.00,1260.00,above_value
2011-01-12,2.00,start,migration,0.00,,,,95,2011-01-12,1,1283.50,1276.00,1280.00,1283.50,1280.00,composite,3,1274.00,1257.75,1264.00,1270.00,1260.00,above_range
2011-01-13,2.00,start,migration,0.35,,,,96,2011-01-13,1,1283.00,1276.25,1280.00,1282.00,1276.25,day,1,1283.50,1276.00,1280.00,1283.50,1280.00,in_value
2011-01-14,2.00,start,migration,0.21,,,,97,2011-01-14,1,1289.50,1277.00,1284.00,1289.50,1280.00,day,1,1283.00,1276.25,1280.00,1282.00,1276.25,in_value
2011-01-18,2.00,added,,0.55,0.72,False,1.00,97,2011-01-14,2,1292.50,1277.00,1288.00,1292.50,1284.00,day,1,1289.50,1277.00,1284.00,1289.50,1280.00,in_value
2011-01-19,2.00,start,migration,0.00,,,,98,2011-01-19,1,1291.25,1275.00,1282.00,1284.00,1275.00,composite,2,1292.50,1277.00,1288.00,1292.50,1284.00,in_value
2011-01-20,2.00,start,migration,0.50,,,,99,2011-01-20,1,1280.25,1267.50,1274.00,1280.00,1270.00,day,1,1291.25,1275.00,1282.00,1284.00,1275.00,in_value
2011-01-21,2.00,start,migration,0.27,,,,100,2011-01-21,1,1288.00,1278.50,1282.00,1284.00,1278.50,day,1,1280.25,1267.50,1274.00,1280.00,1270.00,above_range
2011-01-24,2.00,start,migration,0.33,,,,101,2011-01-24,1,1288.75,1278.75,1286.00,1288.00,1282.00,day,1,1288.00,1278.50,1282.00,1284.00,1278.50,in_value
2011-01-25,2.00,added,,0.60,0.64,False,1.00,101,2011-01-24,2,1288.75,1277.00,1284.00,1288.75,1280.00,day,1,1288.75,1278.75,1286.00,1288.00,1282.00,in_value
2011-01-26,2.00,start,migration,0.00,,,,102,2011-01-26,1,1296.75,1288.25,1292.00,1296.75,1292.00,composite,2,1288.75,1277.00,1284.00,1288.75,1280.00,above_range
2011-01-27,2.00,added,,0.65,0.58,False,0.33,102,2011-01-26,2,1298.25,1288.25,1294.00,1296.00,1290.00,day,1,1296.75,1288.25,1292.00,1296.75,1292.00,in_value
2011-01-28,2.00,start,migration,0.00,,,,103,2011-01-28,1,1299.50,1271.00,1276.00,1286.00,1272.00,composite,2,1298.25,1288.25,1294.00,1296.00,1290.00,above_value
2011-01-31,2.00,skipped_daytype,,1.00,,,,103,2011-01-28,1,1299.50,1271.00,1276.00,1286.00,1272.00,day,1,1299.50,1271.00,1276.00,1286.00,1272.00,in_value
2011-02-01,2.00,start,migration,0.00,,,,104,2011-02-01,1,1306.00,1289.75,1302.00,1306.00,1294.00,day,1,1283.75,1273.25,1278.00,1283.75,1278.00,above_range
2011-02-02,2.00,added,,1.00,0.75,False,0.33,104,2011-02-01,2,1306.00,1289.75,1302.00,1304.00,1298.00,day,1,1306.00,1289.75,1302.00,1306.00,1294.00,in_value
2011-02-03,2.00,added,,0.60,0.65,False,1.00,104,2011-02-01,3,1306.00,1289.75,1300.00,1306.00,1296.00,composite,2,1306.00,1289.75,1302.00,1304.00,1298.00,in_value
2011-02-04,2.00,added,,1.00,0.68,False,1.00,104,2011-02-01,4,1308.00,1289.75,1302.00,1308.00,1298.00,composite,3,1306.00,1289.75,1300.00,1306.00,1296.00,in_value
2011-02-07,2.00,start,migration,0.00,,,,105,2011-02-07,1,1320.00,1310.00,1316.00,1320.00,1316.00,composite,4,1308.00,1289.75,1302.00,1308.00,1298.00,above_range
2011-02-08,2.00,added,,0.67,0.50,False,0.33,105,2011-02-07,2,1322.25,1310.00,1316.00,1322.00,1316.00,day,1,1320.00,1310.00,1316.00,1320.00,1316.00,in_value
2011-02-09,2.00,added,,0.60,0.50,False,0.33,105,2011-02-07,3,1322.25,1310.00,1316.00,1322.00,1316.00,composite,2,1322.25,1310.00,1316.00,1322.00,1316.00,in_value
2011-02-10,2.00,added,,0.53,0.56,False,1.00,105,2011-02-07,4,1322.25,1308.50,1316.00,1322.00,1312.00,composite,3,1322.25,1310.00,1316.00,1322.00,1316.00,below_value
2011-02-11,2.00,start,migration,0.23,,,,106,2011-02-11,1,1328.75,1313.25,1324.00,1328.75,1320.00,composite,4,1322.25,1308.50,1316.00,1322.00,1312.00,in_value
2011-02-14,2.00,skipped_shape,,0.77,0.85,False,0.20,106,2011-02-11,1,1328.75,1313.25,1324.00,1328.75,1320.00,day,1,1328.75,1313.25,1324.00,1328.75,1320.00,in_value
2011-02-15,2.00,added,,1.00,0.72,False,1.00,106,2011-02-11,2,1328.75,1313.25,1324.00,1328.75,1320.00,day,1,1331.25,1324.50,1328.00,1330.00,1324.50,in_value
2011-02-16,2.00,start,migration,0.12,,,,107,2011-02-16,1,1336.00,1327.50,1332.00,1334.00,1328.00,composite,2,1328.75,1313.25,1324.00,1328.75,1320.00,above_range
2011-02-17,2.00,start,migration,0.25,,,,108,2011-02-17,1,1340.00,1329.00,1336.00,1340.00,1332.00,day,1,1336.00,1327.50,1332.00,1334.00,1328.00,in_value
2011-02-18,2.00,start,migration,0.42,,,,109,2011-02-18,1,1342.75,1336.25,1338.00,1342.75,1338.00,day,1,1340.00,1329.00,1336.00,1340.00,1332.00,in_value
2011-02-22,2.00,start,migration,0.00,,,,110,2011-02-22,1,1334.50,1310.25,1314.00,1328.00,1310.25,day,1,1342.75,1336.25,1338.00,1342.75,1338.00,below_range
2011-02-23,2.00,start,migration,0.38,,,,111,2011-02-23,1,1316.50,1297.50,1304.00,1314.00,1304.00,day,1,1334.50,1310.25,1314.00,1328.00,1310.25,in_value
2011-02-24,2.00,start,migration,0.40,,,,112,2011-02-24,1,1310.00,1292.50,1302.00,1308.00,1298.00,day,1,1316.50,1297.50,1304.00,1314.00,1304.00,in_value
2011-02-25,2.00,start,migration,0.00,,,,113,2011-02-25,1,1320.00,1309.75,1316.00,1320.00,1312.00,day,1,1310.00,1292.50,1302.00,1308.00,1298.00,above_range
2011-02-28,2.00,start,migration,0.00,,,,114,2011-02-28,1,1329.00,1319.25,1322.00,1328.00,1322.00,day,1,1320.00,1309.75,1316.00,1320.00,1312.00,above_range
2011-03-01,2.00,start,migration,0.19,,,,115,2011-03-01,1,1332.50,1304.50,1312.00,1326.00,1304.50,day,1,1329.00,1319.25,1322.00,1328.00,1322.00,above_range
2011-03-02,2.00,added,,0.92,0.27,False,0.60,115,2011-03-01,2,1332.50,1301.50,1308.00,1318.00,1304.00,day,1,1332.50,1304.50,1312.00,1326.00,1304.50,below_range
2011-03-03,2.00,start,migration,0.00,,,,116,2011-03-03,1,1332.00,1319.25,1326.00,1332.00,1322.00,composite,2,1332.50,1301.50,1308.00,1318.00,1304.00,above_value
2011-03-04,2.00,start,migration,0.16,,,,117,2011-03-04,1,1330.50,1311.25,1314.00,1324.00,1311.25,day,1,1332.00,1319.25,1326.00,1332.00,1322.00,in_value
2011-03-07,2.00,start,migration,0.36,,,,118,2011-03-07,1,1327.25,1302.75,1306.00,1316.00,1302.75,day,1,1330.50,1311.25,1314.00,1324.00,1311.25,above_value
2011-03-08,2.00,start,migration,0.00,,,,119,2011-03-08,1,1325.75,1306.00,1322.00,1325.75,1318.00,day,1,1327.25,1302.75,1306.00,1316.00,1302.75,in_value
2011-03-09,2.00,added,,0.58,0.75,False,1.00,119,2011-03-08,2,1325.75,1306.00,1320.00,1325.75,1316.00,day,1,1325.75,1306.00,1322.00,1325.75,1318.00,in_value
2011-03-10,2.00,start,migration,0.00,,,,120,2011-03-10,1,1305.75,1293.25,1298.00,1304.00,1294.00,composite,2,1325.75,1306.00,1320.00,1325.75,1316.00,below_range
2011-03-11,2.00,added,,0.71,0.45,False,1.00,120,2011-03-10,2,1308.75,1290.25,1298.00,1304.00,1294.00,day,1,1305.75,1293.25,1298.00,1304.00,1294.00,below_range
2011-03-14,2.00,start,migration,0.31,,,,121,2011-03-14,1,1295.25,1281.00,1284.00,1294.00,1281.00,composite,2,1304.25,1285.75,1293.50,1299.50,1289.50,in_value
2011-03-15,2.00,start,migration,0.00,,,,122,2011-03-15,1,1283.75,1255.25,1268.00,1278.00,1264.00,day,1,1295.25,1281.00,1284.00,1294.00,1281.00,below_range
2011-03-16,2.00,start,migration,0.33,,,,123,2011-03-16,1,1276.25,1243.25,1256.00,1270.00,1252.00,day,1,1283.75,1255.25,1268.00,1278.00,1264.00,in_value
2011-03-17,2.00,added,,0.60,0.75,False,0.43,123,2011-03-16,2,1276.25,1243.25,1268.00,1274.00,1256.00,day,1,1276.25,1243.25,1256.00,1270.00,1252.00,above_value
2011-03-18,2.00,start,migration,0.20,,,,124,2011-03-18,1,1285.00,1270.75,1276.00,1282.00,1272.00,composite,2,1276.25,1243.25,1268.00,1274.00,1256.00,above_range
2011-03-21,2.00,start,migration,0.00,,,,125,2011-03-21,1,1296.25,1287.75,1292.00,1296.25,1292.00,day,1,1285.00,1270.75,1276.00,1282.00,1272.00,above_range
2011-03-22,2.00,start,migration,0.00,,,,126,2011-03-22,1,1294.75,1287.50,1290.00,1292.00,1287.50,day,1,1296.25,1287.75,1292.00,1296.25,1292.00,in_value
2011-03-23,2.00,start,migration,0.25,,,,127,2011-03-23,1,1296.00,1279.00,1288.00,1290.00,1280.00,day,1,1294.75,1287.50,1290.00,1292.00,1287.50,below_range
2011-03-24,2.00,start,migration,0.00,,,,128,2011-03-24,1,1306.75,1292.50,1302.00,1306.75,1298.00,day,1,1296.00,1279.00,1288.00,1290.00,1280.00,above_range
2011-03-25,2.00,start,migration,0.00,,,,129,2011-03-25,1,1314.50,1305.25,1312.00,1314.00,1308.00,day,1,1306.75,1292.50,1302.00,1306.75,1298.00,above_range
2011-03-28,2.00,added,,0.76,0.58,False,0.33,129,2011-03-25,2,1315.25,1305.25,1310.00,1315.25,1310.00,day,1,1314.50,1305.25,1312.00,1314.00,1308.00,in_value
2011-03-29,2.00,added,,0.56,0.69,False,1.00,129,2011-03-25,3,1315.25,1300.25,1310.00,1315.25,1306.00,composite,2,1315.25,1305.25,1310.00,1315.25,1310.00,below_range
2011-03-30,2.00,start,migration,0.00,,,,130,2011-03-30,1,1327.75,1319.50,1324.00,1327.75,1320.00,composite,3,1315.25,1300.25,1310.00,1315.25,1306.00,above_range
2011-03-31,2.00,added,,1.00,0.70,False,0.33,130,2011-03-30,2,1327.75,1319.50,1324.00,1326.00,1320.00,day,1,1327.75,1319.50,1324.00,1327.75,1320.00,in_value
2011-04-01,2.00,start,migration,0.00,,,,131,2011-04-01,1,1333.75,1324.25,1330.00,1333.75,1326.00,composite,2,1327.75,1319.50,1324.00,1326.00,1320.00,above_range
2011-04-04,2.00,added,,0.76,0.50,False,1.00,131,2011-04-01,2,1333.75,1324.25,1328.00,1333.75,1324.25,day,1,1333.75,1324.25,1330.00,1333.75,1326.00,in_value
2011-04-05,2.00,added,,0.94,0.42,False,0.33,131,2011-04-01,3,1334.25,1324.25,1328.00,1334.00,1328.00,composite,2,1333.75,1324.25,1328.00,1333.75,1324.25,in_value
2011-04-06,2.00,added,,0.67,0.42,False,0.33,131,2011-04-01,4,1335.75,1324.25,1328.00,1334.00,1328.00,composite,3,1334.25,1324.25,1328.00,1334.00,1328.00,above_range
2011-04-07,2.00,added,,0.60,0.50,False,1.00,131,2011-04-01,5,1335.75,1322.25,1328.00,1334.00,1324.00,composite,4,1335.75,1324.25,1328.00,1334.00,1328.00,in_value
2011-04-08,2.00,added,,1.00,0.61,False,1.00,131,2011-04-01,6,1335.75,1318.75,1328.00,1334.00,1324.00,composite,5,1335.75,1322.25,1328.00,1334.00,1324.00,above_value
2011-04-11,2.00,added,,0.60,0.65,False,1.00,131,2011-04-01,7,1335.75,1317.00,1328.00,1334.00,1324.00,composite,6,1335.75,1318.75,1328.00,1334.00,1324.00,in_value
2011-04-12,2.00,start,migration,0.00,,,,132,2011-04-12,1,1315.50,1305.25,1308.00,1314.00,1305.25,composite,7,1335.75,1317.00,1328.00,1334.00,1324.00,below_range
2011-04-13,2.00,added,,0.80,0.50,False,1.00,132,2011-04-12,2,1317.50,1305.00,1310.00,1316.00,1306.00,day,1,1315.50,1305.25,1308.00,1314.00,1305.25,above_range
2011-04-14,2.00,added,,0.60,0.55,False,1.00,132,2011-04-12,3,1317.50,1298.25,1308.00,1314.00,1304.00,composite,2,1317.50,1305.00,1310.00,1316.00,1306.00,below_range
2011-04-15,2.00,start,migration,0.33,,,,133,2011-04-15,1,1319.25,1309.50,1316.00,1318.00,1312.00,composite,3,1317.50,1298.25,1308.00,1314.00,1304.00,in_value
2011-04-18,2.00,start,migration,0.00,,,,134,2011-04-18,1,1303.75,1290.25,1294.00,1300.00,1290.25,day,1,1319.25,1309.50,1316.00,1318.00,1312.00,below_range
2011-04-19,2.00,start,migration,0.00,,,,135,2011-04-19,1,1309.00,1299.75,1302.00,1308.00,1302.00,day,1,1303.75,1290.25,1294.00,1300.00,1290.25,above_value
2011-04-20,2.00,start,migration,0.00,,,,136,2011-04-20,1,1329.50,1323.25,1324.00,1329.50,1324.00,day,1,1309.00,1299.75,1302.00,1308.00,1302.00,above_range
2011-04-21,2.00,start,migration,0.14,,,,137,2011-04-21,1,1334.00,1328.75,1332.00,1334.00,1328.75,day,1,1329.50,1323.25,1324.00,1329.50,1324.00,above_range
2011-04-25,2.00,added,,1.00,0.50,False,0.33,137,2011-04-21,2,1334.00,1327.25,1330.00,1334.00,1330.00,day,1,1334.00,1328.75,1332.00,1334.00,1328.75,in_value
2011-04-26,2.00,start,migration,0.00,,,,138,2011-04-26,1,1346.25,1334.50,1342.00,1346.25,1338.00,composite,2,1334.00,1327.25,1330.00,1334.00,1330.00,above_range
2011-04-27,2.00,added,,0.61,0.41,False,1.00,138,2011-04-26,2,1354.25,1334.50,1342.00,1348.00,1338.00,day,1,1346.25,1334.50,1342.00,1346.25,1338.00,in_value
2011-04-28,2.00,start,migration,0.00,,,,139,2011-04-28,1,1358.50,1349.50,1352.00,1358.00,1352.00,composite,2,1354.25,1334.50,1342.00,1348.00,1338.00,above_value
2011-04-29,2.00,skipped_shape,,0.58,0.79,False,0.20,139,2011-04-28,1,1358.50,1349.50,1352.00,1358.00,1352.00,day,1,1358.50,1349.50,1352.00,1358.00,1352.00,in_value
2011-05-02,2.00,start,migration,0.00,,,,140,2011-05-02,1,1367.25,1354.75,1358.00,1367.25,1358.00,day,1,1361.00,1355.25,1358.00,1360.00,1355.25,above_range
2011-05-03,2.00,start,migration,0.00,,,,141,2011-05-03,1,1357.25,1345.75,1352.00,1357.25,1348.00,day,1,1367.25,1354.75,1358.00,1367.25,1358.00,below_value
2011-05-04,2.00,start,migration,0.00,,,,142,2011-05-04,1,1352.75,1337.50,1344.00,1346.00,1337.50,day,1,1357.25,1345.75,1352.00,1357.25,1348.00,in_value
2011-05-05,2.00,added,,0.57,0.57,False,1.00,142,2011-05-04,2,1352.75,1325.25,1340.00,1346.00,1336.00,day,1,1352.75,1337.50,1344.00,1346.00,1337.50,below_range
2011-05-06,2.00,added,,0.71,0.57,False,0.60,142,2011-05-04,3,1352.75,1325.25,1340.00,1350.00,1336.00,composite,2,1352.75,1325.25,1340.00,1346.00,1336.00,in_value
2011-05-09,2.00,added,,1.00,0.63,False,0.60,142,2011-05-04,4,1352.75,1325.25,1342.00,1348.00,1334.00,composite,3,1352.75,1325.25,1340.00,1350.00,1336.00,in_value
2011-05-10,2.00,start,migration,0.00,,,,143,2011-05-10,1,1356.50,1345.25,1348.00,1354.00,1348.00,composite,4,1352.75,1325.25,1342.00,1348.00,1334.00,in_value
2011-05-11,2.00,start,migration,0.00,,,,144,2011-05-11,1,1352.25,1333.00,1336.00,1346.00,1333.00,day,1,1356.50,1345.25,1348.00,1354.00,1348.00,in_value
2011-05-12,2.00,added,,0.93,0.35,False,0.60,144,2011-05-11,2,1352.25,1328.75,1336.00,1346.00,1332.00,day,1,1352.25,1333.00,1336.00,1346.00,1333.00,in_value
2011-05-13,2.00,added,,0.89,0.35,False,0.60,144,2011-05-11,3,1352.25,1328.75,1336.00,1346.00,1332.00,composite,2,1352.25,1328.75,1336.00,1346.00,1332.00,above_value
2011-05-16,2.00,added,,0.60,0.43,False,0.60,144,2011-05-11,4,1352.25,1324.75,1336.00,1346.00,1332.00,composite,3,1352.25,1328.75,1336.00,1346.00,1332.00,below_value
2011-05-17,2.00,start,migration,0.00,,,,145,2011-05-17,1,1328.75,1316.00,1322.00,1328.00,1318.00,composite,4,1352.25,1324.75,1336.00,1346.00,1332.00,below_range
2011-05-18,2.00,start,migration,0.00,,,,146,2011-05-18,1,1340.25,1324.50,1334.00,1340.00,1330.00,day,1,1328.75,1316.00,1322.00,1328.00,1318.00,in_value
2011-05-19,2.00,start,migration,0.42,,,,147,2011-05-19,1,1345.50,1334.50,1340.00,1345.50,1336.00,day,1,1340.25,1324.50,1334.00,1340.00,1330.00,above_range
2011-05-20,2.00,start,migration,0.36,,,,148,2011-05-20,1,1340.25,1328.50,1332.00,1340.25,1328.50,day,1,1345.50,1334.50,1340.00,1345.50,1336.00,in_value
2011-05-23,2.00,start,migration,0.00,,,,149,2011-05-23,1,1319.75,1310.75,1314.00,1319.75,1314.00,day,1,1340.25,1328.50,1332.00,1340.25,1328.50,below_range
2011-05-24,2.00,added,,0.96,0.36,False,0.33,149,2011-05-23,2,1322.50,1310.75,1314.00,1320.00,1314.00,day,1,1319.75,1310.75,1314.00,1319.75,1314.00,in_value
2011-05-25,2.00,added,,0.60,0.39,False,1.00,149,2011-05-23,3,1324.50,1308.75,1314.00,1320.00,1310.00,composite,2,1322.50,1310.75,1314.00,1320.00,1314.00,below_range
2011-05-26,2.00,skipped_daytype,,0.56,,,,149,2011-05-23,3,1324.50,1308.75,1314.00,1320.00,1310.00,composite,3,1324.50,1308.75,1314.00,1320.00,1310.00,in_value
2011-05-27,2.00,start,migration,0.00,,,,150,2011-05-27,1,1333.75,1326.75,1330.00,1332.00,1326.75,composite,3,1324.50,1308.75,1314.00,1320.00,1310.00,above_range
2011-05-31,2.00,start,migration,0.00,,,,151,2011-05-31,1,1344.25,1333.25,1336.00,1342.00,1336.00,day,1,1333.75,1326.75,1330.00,1332.00,1326.75,above_range
2011-06-01,2.00,start,migration,0.00,,,,152,2011-06-01,1,1341.00,1312.25,1320.00,1334.00,1316.00,day,1,1344.25,1333.25,1336.00,1342.00,1336.00,in_value
2011-06-02,2.00,start,migration,0.11,,,,153,2011-06-02,1,1317.00,1304.25,1312.00,1317.00,1308.00,day,1,1341.00,1312.25,1320.00,1334.00,1316.00,below_value
2011-06-03,2.00,start,migration,0.08,,,,154,2011-06-03,1,1309.00,1295.50,1304.00,1309.00,1296.00,day,1,1317.00,1304.25,1312.00,1317.00,1308.00,below_range
2011-06-06,2.00,start,migration,0.20,,,,155,2011-06-06,1,1298.25,1283.25,1292.00,1298.00,1288.00,day,1,1309.00,1295.50,1304.00,1309.00,1296.00,below_value
2011-06-07,2.00,added,,1.00,0.61,False,1.00,155,2011-06-06,2,1298.25,1283.25,1292.00,1298.00,1288.00,day,1,1298.25,1283.25,1292.00,1298.00,1288.00,in_value
2011-06-08,2.00,start,migration,0.00,,,,156,2011-06-08,1,1286.50,1276.25,1280.00,1286.00,1276.25,composite,2,1298.25,1283.25,1292.00,1298.00,1288.00,below_range
2011-06-09,2.00,start,migration,0.00,,,,157,2011-06-09,1,1294.00,1279.00,1290.00,1294.00,1286.00,day,1,1286.50,1276.25,1280.00,1286.00,1276.25,in_value
2011-06-10,2.00,start,migration,0.00,,,,158,2011-06-10,1,1284.00,1267.00,1272.00,1278.00,1268.00,day,1,1294.00,1279.00,1290.00,1294.00,1286.00,below_value
2011-06-13,2.00,added,,0.80,0.50,False,1.00,158,2011-06-10,2,1278.75,1259.50,1268.00,1274.00,1264.00,day,1,1278.75,1261.75,1266.75,1272.75,1262.75,in_value
2011-06-14,2.00,start,migration,0.00,,,,159,2011-06-14,1,1287.00,1277.50,1282.00,1287.00,1282.00,composite,2,1278.75,1259.50,1268.00,1274.00,1264.00,above_value
2011-06-15,2.00,start,migration,0.00,,,,160,2011-06-15,1,1275.75,1255.75,1260.00,1270.00,1256.00,day,1,1287.00,1277.50,1282.00,1287.00,1282.00,below_range
2011-06-16,2.00,added,,1.00,0.29,False,0.60,160,2011-06-15,2,1275.75,1252.25,1258.00,1268.00,1254.00,day,1,1275.75,1255.75,1260.00,1270.00,1256.00,in_value
2011-06-17,2.00,start,migration,0.40,,,,161,2011-06-17,1,1275.00,1261.50,1268.00,1274.00,1264.00,composite,2,1275.75,1252.25,1258.00,1268.00,1254.00,above_value
2011-06-20,2.00,skipped_daytype,,0.89,,,,161,2011-06-17,1,1275.00,1261.50,1268.00,1274.00,1264.00,day,1,1275.00,1261.50,1268.00,1274.00,1264.00,below_value
2011-06-21,2.00,start,migration,0.00,,,,162,2011-06-21,1,1292.75,1277.50,1288.00,1292.75,1284.00,day,1,1275.25,1261.25,1272.00,1275.25,1264.00,above_range
2011-06-22,2.00,added,,1.00,0.72,False,1.00,162,2011-06-21,2,1293.75,1277.50,1288.00,1293.75,1284.00,day,1,1292.75,1277.50,1288.00,1292.75,1284.00,in_value
2011-06-23,2.00,start,migration,0.00,,,,163,2011-06-23,1,1279.25,1257.00,1262.00,1272.00,1258.00,composite,2,1293.75,1277.50,1288.00,1293.75,1284.00,below_range
2011-06-24,2.00,added,,1.00,0.38,False,1.00,163,2011-06-23,2,1279.25,1257.00,1264.00,1270.00,1260.00,day,1,1279.25,1257.00,1262.00,1272.00,1258.00,above_value
2011-06-27,2.00,start,migration,0.20,,,,164,2011-06-27,1,1280.00,1261.75,1272.00,1278.00,1268.00,composite,2,1279.25,1257.00,1264.00,1270.00,1260.00,in_value
2011-06-28,2.00,start,migration,0.00,,,,165,2011-06-28,1,1292.00,1278.00,1288.00,1290.00,1284.00,day,1,1280.00,1261.75,1272.00,1278.00,1268.00,above_value
2011-06-29,2.00,start,migration,0.00,,,,166,2011-06-29,1,1305.00,1292.75,1300.00,1305.00,1296.00,day,1,1292.00,1278.00,1288.00,1290.00,1284.00,above_range
2011-06-30,2.00,start,migration,0.00,,,,167,2011-06-30,1,1317.50,1305.50,1314.00,1316.00,1310.00,day,1,1305.00,1292.75,1300.00,1305.00,1296.00,above_range
2011-07-01,2.00,start,migration,0.00,,,,168,2011-07-01,1,1336.50,1313.25,1326.00,1336.00,1322.00,day,1,1317.50,1305.50,1314.00,1316.00,1310.00,in_value
2011-07-05,2.00,skipped_shape,,0.96,0.81,False,1.00,168,2011-07-01,1,1336.50,1313.25,1326.00,1336.00,1322.00,day,1,1336.50,1313.25,1326.00,1336.00,1322.00,in_value
2011-07-06,2.00,skipped_shape,,0.91,0.81,False,1.00,168,2011-07-01,1,1336.50,1313.25,1326.00,1336.00,1322.00,day,1,1336.25,1329.25,1332.00,1336.25,1329.25,in_value
2011-07-07,2.00,start,migration,0.00,,,,169,2011-07-07,1,1352.75,1344.25,1348.00,1352.75,1344.25,day,1,1336.75,1326.50,1332.00,1336.75,1328.00,above_range
2011-07-08,2.00,start,migration,0.00,,,,170,2011-07-08,1,1339.75,1329.25,1334.00,1336.00,1330.00,day,1,1352.75,1344.25,1348.00,1352.75,1344.25,below_range
2011-07-11,2.00,start,migration,0.00,,,,171,2011-07-11,1,1327.00,1311.75,1316.00,1322.00,1312.00,day,1,1339.75,1329.25,1334.00,1336.00,1330.00,below_range
2011-07-12,2.00,added,,0.80,0.35,False,1.00,171,2011-07-11,2,1327.00,1308.75,1314.00,1320.00,1310.00,day,1,1327.00,1311.75,1316.00,1322.00,1312.00,in_value
2011-07-13,2.00,start,migration,0.40,,,,172,2011-07-13,1,1327.75,1310.50,1324.00,1326.00,1316.00,composite,2,1327.00,1308.75,1314.00,1320.00,1310.00,in_value
2011-07-14,2.00,start,migration,0.00,,,,173,2011-07-14,1,1323.25,1302.00,1306.00,1316.00,1302.00,day,1,1327.75,1310.50,1324.00,1326.00,1316.00,in_value
2011-07-15,2.00,skipped_shape,,1.00,0.23,False,1.00,173,2011-07-14,1,1323.25,1302.00,1306.00,1316.00,1302.00,day,1,1323.25,1302.00,1306.00,1316.00,1302.00,in_value
2011-07-18,2.00,start,migration,0.00,,,,174,2011-07-18,1,1308.00,1291.25,1296.00,1302.00,1292.00,day,1,1314.00,1303.00,1306.00,1312.00,1303.00,in_value
2011-07-19,2.00,start,migration,0.00,,,,175,2011-07-19,1,1324.25,1308.25,1314.00,1320.00,1310.00,day,1,1308.00,1291.25,1296.00,1302.00,1292.00,above_range
2011-07-20,2.00,start,migration,0.00,,,,176,2011-07-20,1,1326.75,1319.25,1322.00,1326.75,1322.00,day,1,1324.25,1308.25,1314.00,1320.00,1310.00,above_range
2011-07-21,2.00,start,migration,0.00,,,,177,2011-07-21,1,1343.50,1326.50,1338.00,1343.50,1334.00,day,1,1326.75,1319.25,1322.00,1326.75,1322.00,above_range
2011-07-22,2.00,skipped_shape,,1.00,0.83,False,0.67,177,2011-07-21,1,1343.50,1326.50,1338.00,1343.50,1334.00,day,1,1343.50,1326.50,1338.00,1343.50,1334.00,in_value
2011-07-25,2.00,added,,0.67,0.61,False,1.00,177,2011-07-21,2,1343.50,1326.50,1336.00,1342.00,1332.00,day,1,1342.75,1332.75,1340.00,1342.75,1336.00,below_range
2011-07-26,2.00,start,migration,0.33,,,,178,2011-07-26,1,1335.00,1325.50,1330.00,1335.00,1326.00,composite,2,1343.50,1326.50,1336.00,1342.00,1332.00,in_value
2011-07-27,2.00,start,migration,0.00,,,,179,2011-07-27,1,1321.50,1299.25,1310.00,1316.00,1302.00,day,1,1335.00,1325.50,1330.00,1335.00,1326.00,below_range
2011-07-28,2.00,added,,1.00,0.61,False,0.60,179,2011-07-27,2,1321.50,1295.25,1310.00,1316.00,1302.00,day,1,1321.50,1299.25,1310.00,1316.00,1302.00,below_value
2011-07-29,2.00,start,migration,0.00,,,,180,2011-07-29,1,1300.75,1278.50,1292.00,1298.00,1288.00,composite,2,1321.50,1295.25,1310.00,1316.00,1302.00,below_range
2011-08-01,2.00,start,migration,0.00,,,,181,2011-08-01,1,1304.75,1270.25,1274.00,1284.00,1270.25,day,1,1300.75,1278.50,1292.00,1298.00,1288.00,above_range
2011-08-02,2.00,start,migration,0.21,,,,182,2011-08-02,1,1280.00,1249.75,1264.00,1274.00,1256.00,day,1,1304.75,1270.25,1274.00,1284.00,1270.25,in_value
2011-08-03,2.00,start,migration,0.00,,,,183,2011-08-03,1,1258.00,1230.25,1244.00,1254.00,1240.00,day,1,1280.00,1249.75,1264.00,1274.00,1256.00,below_value
2011-08-04,2.00,start,migration,0.00,,,,184,2011-08-04,1,1241.00,1195.25,1218.00,1232.00,1206.00,day,1,1258.00,1230.25,1244.00,1254.00,1240.00,below_value
2011-08-05,2.00,start,migration,0.08,,,,185,2011-08-05,1,1215.50,1163.25,1198.00,1208.00,1182.00,day,1,1241.00,1195.25,1218.00,1232.00,1206.00,in_value
2011-08-08,2.00,start,migration,0.00,,,,186,2011-08-08,1,1178.25,1114.75,1150.00,1168.00,1130.00,day,1,1215.50,1163.25,1198.00,1208.00,1182.00,below_value
2011-08-09,2.00,added,,0.67,0.54,False,0.82,186,2011-08-08,2,1178.25,1097.00,1140.00,1158.00,1120.00,day,1,1178.25,1114.75,1150.00,1168.00,1130.00,in_value
2011-08-10,2.00,added,,1.00,0.46,False,0.78,186,2011-08-08,3,1178.25,1097.00,1134.00,1152.00,1122.00,composite,2,1178.25,1097.00,1140.00,1158.00,1120.00,in_value
2011-08-11,2.00,start,migration,0.33,,,,187,2011-08-11,1,1184.00,1123.00,1146.00,1172.00,1142.00,composite,3,1178.25,1097.00,1134.00,1152.00,1122.00,in_value
2011-08-12,2.00,start,migration,0.00,,,,188,2011-08-12,1,1186.75,1167.50,1176.00,1182.00,1172.00,day,1,1184.00,1123.00,1146.00,1172.00,1142.00,above_value
2011-08-15,2.00,start,migration,0.00,,,,189,2011-08-15,1,1201.75,1184.50,1190.00,1200.00,1190.00,day,1,1186.75,1167.50,1176.00,1182.00,1172.00,above_value
2011-08-16,2.00,start,migration,0.40,,,,190,2011-08-16,1,1201.50,1177.50,1188.00,1194.00,1184.00,day,1,1201.75,1184.50,1190.00,1200.00,1190.00,below_value
2011-08-17,2.00,start,migration,0.44,,,,191,2011-08-17,1,1206.75,1181.50,1190.00,1204.00,1186.00,day,1,1201.50,1177.50,1188.00,1194.00,1184.00,above_value
2011-08-18,2.00,start,migration,0.00,,,,192,2011-08-18,1,1161.00,1128.25,1142.00,1148.00,1134.00,day,1,1206.75,1181.50,1190.00,1204.00,1186.00,below_range
2011-08-19,2.00,start,migration,0.44,,,,193,2011-08-19,1,1153.25,1119.00,1136.00,1142.00,1124.00,day,1,1161.00,1128.25,1142.00,1148.00,1134.00,below_range
2011-08-22,2.00,added,,0.71,0.25,False,0.43,193,2011-08-19,2,1153.25,1118.50,1126.00,1140.00,1122.00,day,1,1153.25,1119.00,1136.00,1142.00,1124.00,above_value
2011-08-23,2.00,start,migration,0.46,,,,194,2011-08-23,1,1160.00,1120.25,1144.00,1154.00,1128.00,composite,2,1153.25,1118.50,1126.00,1140.00,1122.00,in_value
2011-08-24,2.00,start,migration,0.00,,,,195,2011-08-24,1,1176.75,1153.50,1164.00,1170.00,1156.00,day,1,1160.00,1120.25,1144.00,1154.00,1128.00,above_value
2011-08-25,2.00,added,,1.00,0.34,False,0.60,195,2011-08-24,2,1188.50,1153.00,1164.00,1170.00,1156.00,day,1,1176.75,1153.50,1164.00,1170.00,1156.00,above_range
2011-08-26,2.00,added,,0.54,0.57,False,1.00,195,2011-08-24,3,1188.50,1132.75,1164.00,1174.00,1156.00,composite,2,1188.50,1153.00,1164.00,1170.00,1156.00,below_range
2011-08-29,2.00,start,migration,0.00,,,,196,2011-08-29,1,1208.50,1189.00,1202.00,1208.00,1194.00,composite,3,1188.50,1132.75,1164.00,1174.00,1156.00,above_range
2011-08-30,2.00,added,,0.71,0.47,False,1.00,196,2011-08-29,2,1218.75,1189.00,1202.00,1212.00,1194.00,day,1,1208.50,1189.00,1202.00,1208.00,1194.00,in_value
2011-08-31,2.00,start,migration,0.00,,,,197,2011-08-31,1,1229.75,1207.50,1216.00,1226.00,1212.00,composite,2,1218.75,1189.00,1202.00,1212.00,1194.00,above_range
2011-09-01,2.00,added,,0.57,0.54,False,0.60,197,2011-08-31,2,1229.75,1202.25,1216.00,1226.00,1212.00,day,1,1229.75,1207.50,1216.00,1226.00,1212.00,in_value
2011-09-02,2.00,start,migration,0.00,,,,198,2011-09-02,1,1185.25,1168.50,1180.00,1185.25,1176.00,composite,2,1229.75,1202.25,1216.00,1226.00,1212.00,below_range
2011-09-06,2.00,start,migration,0.00,,,,199,2011-09-06,1,1166.00,1138.00,1152.00,1162.00,1140.00,day,1,1185.25,1168.50,1180.00,1185.25,1176.00,below_range
2011-09-07,2.00,start,migration,0.00,,,,200,2011-09-07,1,1198.00,1177.75,1188.00,1198.00,1184.00,day,1,1166.00,1138.00,1152.00,1162.00,1140.00,above_range
2011-09-08,2.00,added,,0.86,0.46,False,0.60,200,2011-09-07,2,1203.75,1177.75,1188.00,1198.00,1184.00,day,1,1198.00,1177.75,1188.00,1198.00,1184.00,in_value
2011-09-09,2.00,start,migration,0.00,,,,201,2011-09-09,1,1175.50,1146.75,1152.00,1166.00,1148.00,composite,2,1203.75,1177.75,1188.00,1198.00,1184.00,below_range
2011-09-12,2.00,start,migration,0.29,,,,202,2011-09-12,1,1156.25,1128.75,1140.00,1146.00,1132.00,day,1,1169.75,1141.00,1146.25,1160.25,1142.25,below_range
2011-09-13,2.00,start,migration,0.00,,,,203,2011-09-13,1,1170.50,1150.50,1160.00,1166.00,1156.00,day,1,1156.25,1128.75,1140.00,1146.00,1132.00,above_range
2011-09-14,2.00,start,migration,0.23,,,,204,2011-09-14,1,1196.25,1155.25,1172.00,1186.00,1160.00,day,1,1170.50,1150.50,1160.00,1166.00,1156.00,above_range
2011-09-15,2.00,start,migration,0.00,,,,205,2011-09-15,1,1203.00,1184.00,1196.00,1202.00,1188.00,day,1,1196.25,1155.25,1172.00,1186.00,1160.00,above_value
2011-09-16,2.00,start,migration,0.00,,,,206,2011-09-16,1,1214.50,1197.50,1206.00,1212.00,1202.00,day,1,1203.00,1184.00,1196.00,1202.00,1188.00,above_range
2011-09-19,2.00,start,migration,0.00,,,,207,2011-09-19,1,1203.75,1181.50,1188.00,1194.00,1184.00,day,1,1214.50,1197.50,1206.00,1212.00,1202.00,below_range
2011-09-20,2.00,start,migration,0.00,,,,208,2011-09-20,1,1214.50,1194.50,1210.00,1214.50,1202.00,day,1,1203.75,1181.50,1188.00,1194.00,1184.00,above_value
2011-09-21,2.00,start,migration,0.00,,,,209,2011-09-21,1,1200.50,1159.00,1188.00,1198.00,1180.00,day,1,1214.50,1194.50,1210.00,1214.50,1202.00,below_value
2011-09-22,2.00,start,migration,0.00,,,,210,2011-09-22,1,1136.00,1106.75,1120.00,1130.00,1116.00,day,1,1200.50,1159.00,1188.00,1198.00,1180.00,below_range
2011-09-23,2.00,added,,0.60,0.66,False,0.60,210,2011-09-22,2,1136.00,1106.75,1126.00,1132.00,1118.00,day,1,1136.00,1106.75,1120.00,1130.00,1116.00,below_value
2011-09-26,2.00,start,migration,0.00,,,,211,2011-09-26,1,1158.25,1123.75,1136.00,1146.00,1132.00,composite,2,1136.00,1106.75,1126.00,1132.00,1118.00,above_range
2011-09-27,2.00,start,migration,0.00,,,,212,2011-09-27,1,1190.00,1162.75,1184.00,1190.00,1176.00,day,1,1158.25,1123.75,1136.00,1146.00,1132.00,above_range
2011-09-28,2.00,start,migration,0.00,,,,213,2011-09-28,1,1179.25,1143.50,1166.00,1176.00,1158.00,day,1,1190.00,1162.75,1184.00,1190.00,1176.00,below_value
2011-09-29,2.00,start,migration,0.18,,,,214,2011-09-29,1,1170.75,1133.50,1156.00,1162.00,1140.00,day,1,1179.25,1143.50,1166.00,1176.00,1158.00,in_value
2011-09-30,2.00,added,,0.60,0.40,False,0.71,214,2011-09-29,2,1170.75,1124.25,1142.00,1156.00,1134.00,day,1,1170.75,1133.50,1156.00,1162.00,1140.00,below_value
2011-10-03,2.00,start,migration,0.00,,,,215,2011-10-03,1,1133.50,1092.00,1114.00,1128.00,1102.00,composite,2,1170.75,1124.25,1142.00,1156.00,1134.00,below_range
2011-10-04,2.00,start,migration,0.00,,,,216,2011-10-04,1,1119.75,1068.00,1088.00,1094.00,1076.00,day,1,1133.50,1092.00,1114.00,1128.00,1102.00,below_range
2011-10-05,2.00,start,migration,0.00,,,,217,2011-10-05,1,1141.25,1109.50,1128.00,1134.00,1120.00,day,1,1119.75,1068.00,1088.00,1094.00,1076.00,above_range
2011-10-06,2.00,start,migration,0.00,,,,218,2011-10-06,1,1160.50,1129.00,1148.00,1158.00,1144.00,day,1,1141.25,1109.50,1128.00,1134.00,1120.00,above_value
2011-10-07,2.00,added,,0.57,0.53,False,0.43,218,2011-10-06,2,1166.50,1129.00,1148.00,1162.00,1144.00,day,1,1160.50,1129.00,1148.00,1158.00,1144.00,above_range
2011-10-10,2.00,start,migration,0.00,,,,219,2011-10-10,1,1190.50,1170.75,1182.00,1188.00,1178.00,composite,2,1166.50,1129.00,1148.00,1162.00,1144.00,above_range
2011-10-11,2.00,start,migration,0.00,,,,220,2011-10-11,1,1194.75,1182.00,1188.00,1194.00,1188.00,day,1,1190.50,1170.75,1182.00,1188.00,1178.00,in_value
2011-10-12,2.00,start,migration,0.00,,,,221,2011-10-12,1,1216.00,1197.75,1208.00,1214.00,1204.00,day,1,1194.75,1182.00,1188.00,1194.00,1188.00,above_range
2011-10-13,2.00,start,migration,0.00,,,,222,2011-10-13,1,1203.00,1185.25,1192.00,1198.00,1188.00,day,1,1216.00,1197.75,1208.00,1214.00,1204.00,below_range
2011-10-14,2.00,start,migration,0.00,,,,223,2011-10-14,1,1220.75,1206.75,1212.00,1218.00,1208.00,day,1,1203.00,1185.25,1192.00,1198.00,1188.00,above_range
2011-10-17,2.00,start,migration,0.22,,,,224,2011-10-17,1,1215.25,1193.50,1198.00,1212.00,1194.00,day,1,1220.75,1206.75,1212.00,1218.00,1208.00,in_value
2011-10-18,2.00,added,,0.69,0.29,False,0.43,224,2011-10-17,2,1229.75,1186.25,1198.00,1212.00,1194.00,day,1,1215.25,1193.50,1198.00,1212.00,1194.00,in_value
2011-10-19,2.00,start,migration,0.13,,,,225,2011-10-19,1,1225.25,1201.50,1218.00,1225.25,1210.00,composite,2,1229.75,1186.25,1198.00,1212.00,1194.00,above_value
2011-10-20,2.00,start,migration,0.14,,,,226,2011-10-20,1,1215.50,1192.50,1206.00,1212.00,1198.00,day,1,1225.25,1201.50,1218.00,1225.25,1210.00,below_value
2011-10-21,2.00,start,migration,0.00,,,,227,2011-10-21,1,1235.75,1221.75,1228.00,1234.00,1224.00,day,1,1215.50,1192.50,1206.00,1212.00,1198.00,above_range
2011-10-24,2.00,start,migration,0.00,,,,228,2011-10-24,1,1252.50,1235.00,1246.00,1252.00,1242.00,day,1,1235.75,1221.75,1228.00,1234.00,1224.00,above_range
2011-10-25,2.00,start,migration,0.00,,,,229,2011-10-25,1,1244.00,1222.25,1234.00,1240.00,1230.00,day,1,1252.50,1235.00,1246.00,1252.00,1242.00,in_value
2011-10-26,2.00,start,migration,0.44,,,,230,2011-10-26,1,1242.50,1216.50,1224.00,1238.00,1220.00,day,1,1244.00,1222.25,1234.00,1240.00,1230.00,in_value
2011-10-27,2.00,start,migration,0.00,,,,231,2011-10-27,1,1289.25,1260.75,1280.00,1286.00,1264.00,day,1,1242.50,1216.50,1224.00,1238.00,1220.00,above_range
2011-10-28,2.00,added,,1.00,0.63,False,0.60,231,2011-10-27,2,1289.25,1260.75,1278.00,1284.00,1270.00,day,1,1289.25,1260.75,1280.00,1286.00,1264.00,in_value
2011-10-31,2.00,start,migration,0.00,,,,232,2011-10-31,1,1267.50,1248.00,1262.00,1267.50,1258.00,composite,2,1289.25,1260.75,1278.00,1284.00,1270.00,below_value
2011-11-01,2.00,start,migration,0.00,,,,233,2011-11-01,1,1229.50,1209.50,1218.00,1228.00,1214.00,day,1,1267.50,1248.00,1262.00,1267.50,1258.00,below_range
2011-11-02,2.00,start,migration,0.00,,,,234,2011-11-02,1,1238.75,1222.25,1228.00,1238.00,1228.00,day,1,1229.50,1209.50,1218.00,1228.00,1214.00,above_range
2011-11-03,2.00,start,migration,0.00,,,,235,2011-11-03,1,1259.75,1230.50,1244.00,1258.00,1240.00,day,1,1238.75,1222.25,1228.00,1238.00,1228.00,above_range
2011-11-04,2.00,added,,0.85,0.57,False,0.60,235,2011-11-03,2,1259.75,1230.50,1246.00,1252.00,1238.00,day,1,1259.75,1230.50,1244.00,1258.00,1240.00,in_value
2011-11-07,2.00,added,,0.86,0.57,False,0.60,235,2011-11-03,3,1259.75,1230.50,1246.00,1252.00,1238.00,composite,2,1259.75,1230.50,1246.00,1252.00,1238.00,in_value
2011-11-08,2.00,start,migration,0.00,,,,236,2011-11-08,1,1275.00,1251.50,1258.00,1268.00,1254.00,composite,3,1259.75,1230.50,1246.00,1252.00,1238.00,above_range
2011-11-09,2.00,start,migration,0.00,,,,237,2011-11-09,1,1249.25,1222.75,1244.00,1249.25,1232.00,day,1,1275.00,1251.50,1258.00,1268.00,1254.00,below_range
2011-11-10,2.00,added,,1.00,0.54,False,0.60,237,2011-11-09,2,1249.25,1222.75,1236.00,1246.00,1232.00,day,1,1249.25,1222.75,1244.00,1249.25,1232.00,in_value
2011-11-11,2.00,start,migration,0.00,,,,238,2011-11-11,1,1264.75,1252.50,1260.00,1264.75,1256.00,composite,2,1249.25,1222.75,1236.00,1246.00,1232.00,above_range
2011-11-14,2.00,start,migration,0.00,,,,239,2011-11-14,1,1258.25,1243.50,1250.00,1256.00,1246.00,day,1,1264.75,1252.50,1260.00,1264.75,1256.00,in_value
2011-11-15,2.00,skipped_shape,,0.56,0.29,False,0.14,239,2011-11-14,1,1258.25,1243.50,1250.00,1256.00,1246.00,day,1,1258.25,1243.50,1250.00,1256.00,1246.00,in_value
2011-11-16,2.00,added,,0.56,0.61,False,1.00,239,2011-11-14,2,1258.25,1233.25,1248.00,1254.00,1244.00,day,1,1262.25,1241.75,1246.00,1260.00,1242.00,in_value
2011-11-17,2.00,start,migration,0.00,,,,240,2011-11-17,1,1236.00,1206.50,1212.00,1230.00,1206.50,composite,2,1258.25,1233.25,1248.00,1254.00,1244.00,below_range
2011-11-18,2.00,added,,1.00,0.28,False,0.60,240,2011-11-17,2,1236.00,1206.50,1214.00,1220.00,1206.50,day,1,1236.00,1206.50,1212.00,1230.00,1206.50,in_value
2011-11-21,2.00,start,migration,0.00,,,,241,2011-11-21,1,1197.75,1180.50,1186.00,1192.00,1182.00,composite,2,1236.00,1206.50,1214.00,1220.00,1206.50,below_range
2011-11-22,2.00,added,,0.80,0.45,False,1.00,241,2011-11-21,2,1197.75,1179.25,1186.00,1192.00,1182.00,day,1,1197.75,1180.50,1186.00,1192.00,1182.00,in_value
2011-11-23,2.00,start,migration,0.00,,,,242,2011-11-23,1,1176.25,1159.75,1164.00,1170.00,1160.00,composite,2,1197.75,1179.25,1186.00,1192.00,1182.00,below_range
2011-11-25,2.00,added,,0.76,0.63,False,1.00,242,2011-11-23,2,1176.25,1149.25,1166.00,1172.00,1162.00,day,1,1176.25,1159.75,1164.00,1170.00,1160.00,below_range
2011-11-28,2.00,start,migration,0.00,,,,243,2011-11-28,1,1196.25,1182.50,1190.00,1196.00,1186.00,composite,2,1176.25,1149.25,1166.00,1172.00,1162.00,above_range
2011-11-29,2.00,start,migration,0.40,,,,244,2011-11-29,1,1203.00,1190.50,1196.00,1202.00,1192.00,day,1,1196.25,1182.50,1190.00,1196.00,1186.00,in_value
2011-11-30,2.00,start,migration,0.00,,,,245,2011-11-30,1,1246.75,1226.50,1234.00,1240.00,1230.00,day,1,1203.00,1190.50,1196.00,1202.00,1192.00,above_range
2011-12-01,2.00,start,migration,0.00,,,,246,2011-12-01,1,1251.00,1238.75,1244.00,1250.00,1240.00,day,1,1246.75,1226.50,1234.00,1240.00,1230.00,above_value
2011-12-02,2.00,start,migration,0.43,,,,247,2011-12-02,1,1259.50,1242.00,1248.00,1258.00,1244.00,day,1,1251.00,1238.75,1244.00,1250.00,1240.00,above_range
2011-12-05,2.00,start,migration,0.33,,,,248,2011-12-05,1,1266.25,1248.75,1262.00,1266.25,1254.00,day,1,1259.50,1242.00,1248.00,1258.00,1244.00,above_range
2011-12-06,2.00,skipped_shape,,0.80,0.45,False,0.20,248,2011-12-05,1,1266.25,1248.75,1262.00,1266.25,1254.00,day,1,1266.25,1248.75,1262.00,1266.25,1254.00,in_value
2011-12-07,2.00,start,migration,0.44,,,,249,2011-12-07,1,1267.00,1244.00,1256.00,1262.00,1244.00,day,1,1265.75,1252.00,1256.00,1262.00,1252.00,in_value
2011-12-08,2.00,start,migration,0.29,,,,250,2011-12-08,1,1256.25,1230.75,1242.00,1248.00,1234.00,day,1,1267.00,1244.00,1256.00,1262.00,1244.00,in_value
2011-12-09,2.00,start,migration,0.00,,,,251,2011-12-09,1,1258.25,1238.50,1252.00,1258.00,1248.00,day,1,1256.25,1230.75,1242.00,1248.00,1234.00,in_value
2011-12-12,2.00,start,migration,0.00,,,,252,2011-12-12,1,1238.25,1220.00,1224.00,1230.00,1220.00,day,1,1252.75,1233.00,1246.50,1252.50,1242.50,below_value
2011-12-13,2.00,start,migration,0.14,,,,253,2011-12-13,1,1244.00,1212.50,1232.00,1242.00,1228.00,day,1,1238.25,1220.00,1224.00,1230.00,1220.00,above_value
2011-12-14,2.00,start,migration,0.00,,,,254,2011-12-14,1,1218.50,1202.50,1208.00,1214.00,1204.00,day,1,1244.00,1212.50,1232.00,1242.00,1228.00,below_value
2011-12-15,2.00,added,,1.00,0.35,False,1.00,254,2011-12-14,2,1220.00,1202.50,1208.00,1214.00,1204.00,day,1,1218.50,1202.50,1208.00,1214.00,1204.00,above_value
2011-12-16,2.00,added,,0.59,0.46,False,0.60,254,2011-12-14,3,1225.00,1202.50,1212.00,1218.00,1204.00,composite,2,1220.00,1202.50,1208.00,1214.00,1204.00,above_value
2011-12-19,2.00,added,,0.86,0.47,False,1.00,254,2011-12-14,4,1225.00,1195.50,1208.00,1214.00,1204.00,composite,3,1225.00,1202.50,1212.00,1218.00,1204.00,in_value
2011-12-20,2.00,start,migration,0.00,,,,255,2011-12-20,1,1237.25,1217.00,1230.00,1236.00,1226.00,composite,4,1225.00,1195.50,1208.00,1214.00,1204.00,above_value
2011-12-21,2.00,added,,0.80,0.54,False,1.00,255,2011-12-20,2,1239.25,1217.00,1228.00,1234.00,1224.00,day,1,1237.25,1217.00,1230.00,1236.00,1226.00,in_value
2011-12-22,2.00,start,migration,0.00,,,,256,2011-12-22,1,1249.50,1239.00,1246.00,1249.50,1242.00,composite,2,1239.25,1217.00,1228.00,1234.00,1224.00,above_range
2011-12-23,2.00,start,migration,0.00,,,,257,2011-12-23,1,1260.25,1249.75,1256.00,1258.00,1252.00,day,1,1249.50,1239.00,1246.00,1249.50,1242.00,above_range
2011-12-27,2.00,start,migration,0.00,,,,258,2011-12-27,1,1264.00,1256.25,1260.00,1264.00,1260.00,day,1,1260.25,1249.75,1256.00,1258.00,1252.00,in_value
2011-12-28,2.00,start,migration,0.00,,,,259,2011-12-28,1,1261.25,1243.00,1246.00,1252.00,1243.00,day,1,1264.00,1256.25,1260.00,1264.00,1260.00,in_value
2011-12-29,2.00,start,migration,0.33,,,,260,2011-12-29,1,1258.50,1247.50,1254.00,1256.00,1250.00,day,1,1261.25,1243.00,1246.00,1252.00,1243.00,in_value
2011-12-30,2.00,added,,0.67,0.64,False,0.33,260,2011-12-29,2,1259.25,1247.50,1254.00,1259.25,1254.00,day,1,1258.50,1247.50,1254.00,1256.00,1250.00,in_value
2012-01-03,2.00,start,migration,0.00,,,,261,2012-01-03,1,1279.75,1270.25,1274.00,1279.75,1270.25,composite,2,1259.25,1247.50,1254.00,1259.25,1254.00,above_range
2012-01-04,2.00,start,migration,0.45,,,,262,2012-01-04,1,1273.75,1262.75,1270.00,1273.75,1266.00,day,1,1279.75,1270.25,1274.00,1279.75,1270.25,below_range
2012-01-05,2.00,skipped_daytype,,0.55,,,,262,2012-01-04,1,1273.75,1262.75,1270.00,1273.75,1266.00,day,1,1273.75,1262.75,1270.00,1273.75,1266.00,below_value
2012-01-06,2.00,added,,0.62,0.69,False,1.00,262,2012-01-04,2,1277.50,1262.75,1272.00,1277.50,1268.00,day,1,1278.00,1259.75,1274.00,1276.00,1262.00,above_value
2012-01-09,2.00,added,,1.00,0.69,False,1.00,262,2012-01-04,3,1277.50,1262.75,1272.00,1277.50,1268.00,composite,2,1277.50,1262.75,1272.00,1277.50,1268.00,in_value
2012-01-10,2.00,start,migration,0.00,,,,263,2012-01-10,1,1292.00,1285.00,1288.00,1290.00,1285.00,composite,3,1277.50,1262.75,1272.00,1277.50,1268.00,above_range
2012-01-11,2.00,added,,0.82,0.50,False,1.00,263,2012-01-10,2,1292.00,1280.75,1286.00,1292.00,1282.00,day,1,1292.00,1285.00,1288.00,1290.00,1285.00,below_range
2012-01-12,2.00,added,,0.91,0.50,False,1.00,263,2012-01-10,3,1292.75,1280.75,1286.00,1292.00,1282.00,composite,2,1292.00,1280.75,1286.00,1292.00,1282.00,in_value
2012-01-13,2.00,start,migration,0.20,,,,264,2012-01-13,1,1285.25,1272.75,1278.00,1284.00,1274.00,composite,3,1292.75,1280.75,1286.00,1292.00,1282.00,below_value
2012-01-17,2.00,start,migration,0.00,,,,265,2012-01-17,1,1299.00,1286.00,1294.00,1299.00,1290.00,day,1,1285.25,1272.75,1278.00,1284.00,1274.00,above_range
2012-01-18,2.00,start,migration,0.50,,,,266,2012-01-18,1,1304.25,1286.50,1298.00,1304.00,1294.00,day,1,1299.00,1286.00,1294.00,1299.00,1290.00,below_value
2012-01-19,2.00,start,migration,0.00,,,,267,2012-01-19,1,1311.50,1303.50,1308.00,1311.50,1308.00,day,1,1304.25,1286.50,1298.00,1304.00,1294.00,above_range
2012-01-20,2.00,added,,0.62,0.70,False,0.33,267,2012-01-19,2,1311.50,1303.50,1308.00,1310.00,1304.00,day,1,1311.50,1303.50,1308.00,1311.50,1308.00,in_value
2012-01-23,2.00,start,migration,0.40,,,,268,2012-01-23,1,1318.25,1305.25,1310.00,1316.00,1306.00,composite,2,1311.50,1303.50,1308.00,1310.00,1304.00,above_value
2012-01-24,2.00,added,,0.67,0.45,False,1.00,268,2012-01-23,2,1318.25,1301.50,1308.00,1314.00,1304.00,day,1,1318.25,1305.25,1310.00,1316.00,1306.00,below_range
2012-01-25,2.00,added,,0.59,0.35,False,0.60,268,2012-01-23,3,1324.75,1301.50,1308.00,1318.00,1304.00,composite,2,1318.25,1301.50,1308.00,1314.00,1304.00,in_value
2012-01-26,2.00,added,,0.57,0.30,False,0.60,268,2012-01-23,4,1329.75,1301.50,1308.00,1318.00,1304.00,composite,3,1324.75,1301.50,1308.00,1318.00,1304.00,above_range
2012-01-27,2.00,added,,1.00,0.30,False,0.60,268,2012-01-23,5,1329.75,1301.50,1308.00,1318.00,1304.00,composite,4,1329.75,1301.50,1308.00,1318.00,1304.00,in_value
2012-01-30,2.00,start,migration,0.40,,,,269,2012-01-30,1,1310.00,1296.00,1302.00,1308.00,1298.00,composite,5,1329.75,1301.50,1308.00,1318.00,1304.00,below_range
2012-01-31,2.00,added,,0.59,0.50,False,1.00,269,2012-01-30,2,1317.50,1296.00,1306.00,1312.00,1302.00,day,1,1310.00,1296.00,1302.00,1308.00,1298.00,above_range
2012-02-01,2.00,start,migration,0.00,,,,270,2012-02-01,1,1327.00,1316.75,1322.00,1327.00,1318.00,composite,2,1317.50,1296.00,1306.00,1312.00,1302.00,above_range
2012-02-02,2.00,added,,1.00,0.58,False,0.33,270,2012-02-01,2,1327.00,1316.75,1322.00,1324.00,1318.00,day,1,1327.00,1316.75,1322.00,1327.00,1318.00,in_value
2012-02-03,2.00,start,migration,0.00,,,,271,2012-02-03,1,1342.00,1333.25,1338.00,1342.00,1338.00,composite,2,1327.00,1316.75,1322.00,1324.00,1318.00,above_range
2012-02-06,2.00,start,migration,0.33,,,,272,2012-02-06,1,1340.50,1333.75,1338.00,1340.00,1334.00,day,1,1342.00,1333.25,1338.00,1342.00,1338.00,below_value
2012-02-07,2.00,added,,0.60,0.56,False,1.00,272,2012-02-06,2,1345.75,1331.75,1338.00,1344.00,1334.00,day,1,1340.50,1333.75,1338.00,1340.00,1334.00,in_value
2012-02-08,2.00,added,,0.67,0.72,False,1.00,272,2012-02-06,3,1347.50,1331.75,1342.00,1347.50,1338.00,composite,2,1345.75,1331.75,1338.00,1344.00,1334.00,in_value
2012-02-09,2.00,start,migration,0.48,,,,273,2012-02-09,1,1351.25,1341.00,1348.00,1351.25,1344.00,composite,3,1347.50,1331.75,1342.00,1347.50,1338.00,above_range
2012-02-10,2.00,start,migration,0.00,,,,274,2012-02-10,1,1340.25,1333.75,1336.00,1340.25,1336.00,day,1,1351.25,1341.00,1348.00,1351.25,1344.00,below_range
2012-02-13,2.00,start,migration,0.00,,,,275,2012-02-13,1,1350.75,1342.75,1346.00,1350.75,1346.00,day,1,1340.25,1333.75,1336.00,1340.25,1336.00,above_range
2012-02-14,2.00,start,migration,0.20,,,,276,2012-02-14,1,1348.00,1337.75,1342.00,1348.00,1338.00,day,1,1350.75,1342.75,1346.00,1350.75,1346.00,below_value
2012-02-15,2.00,added,,0.60,0.39,False,1.00,276,2012-02-14,2,1353.75,1337.75,1342.00,1348.00,1338.00,day,1,1348.00,1337.75,1342.00,1348.00,1338.00,above_range
2012-02-16,2.00,start,migration,0.43,,,,277,2012-02-16,1,1357.25,1338.50,1354.00,1356.00,1342.00,composite,2,1353.75,1337.75,1342.00,1348.00,1338.00,in_value
2012-02-17,2.00,start,migration,0.20,,,,278,2012-02-17,1,1361.25,1355.00,1358.00,1360.00,1355.00,day,1,1357.25,1338.50,1354.00,1356.00,1342.00,above_range
2012-02-21,2.00,start,migration,0.26,,,,279,2012-02-21,1,1365.75,1355.75,1362.00,1365.75,1358.00,day,1,1361.25,1355.00,1358.00,1360.00,1355.00,above_range
2012-02-22,2.00,start,migration,0.35,,,,280,2012-02-22,1,1360.75,1353.00,1356.00,1360.75,1353.00,day,1,1365.75,1355.75,1362.00,1365.75,1358.00,below_value
2012-02-23,2.00,added,,0.77,0.64,False,0.33,280,2012-02-22,2,1362.75,1350.25,1358.00,1360.00,1354.00,day,1,1360.75,1353.00,1356.00,1360.75,1353.00,in_value
2012-02-24,2.00,start,migration,0.00,,,,281,2012-02-24,1,1367.50,1361.50,1364.00,1366.00,1361.50,composite,2,1362.75,1350.25,1358.00,1360.00,1354.00,above_range
2012-02-27,2.00,start,migration,0.46,,,,282,2012-02-27,1,1370.75,1353.00,1366.00,1370.75,1362.00,day,1,1367.50,1361.50,1364.00,1366.00,1361.50,below_range
2012-02-28,2.00,skipped_shape,,0.69,0.77,False,1.00,282,2012-02-27,1,1370.75,1353.00,1366.00,1370.75,1362.00,day,1,1370.75,1353.00,1366.00,1370.75,1362.00,in_value
2012-02-29,2.00,added,,0.68,0.58,False,1.00,282,2012-02-27,2,1377.25,1353.00,1366.00,1372.00,1362.00,day,1,1372.00,1364.50,1368.00,1372.00,1368.00,above_range
2012-03-01,2.00,skipped_shape,,0.67,0.58,False,0.20,282,2012-02-27,2,1377.25,1353.00,1366.00,1372.00,1362.00,composite,2,1377.25,1353.00,1366.00,1372.00,1362.00,in_value
2012-03-02,2.00,added,,0.76,0.58,False,1.00,282,2012-02-27,3,1377.25,1353.00,1366.00,1372.00,1362.00,composite,2,1377.25,1353.00,1366.00,1372.00,1362.00,in_value
2012-03-05,2.00,start,migration,0.50,,,,283,2012-03-05,1,1367.25,1358.00,1360.00,1366.00,1358.00,composite,3,1377.25,1353.00,1366.00,1372.00,1362.00,in_value
2012-03-06,2.00,start,migration,0.00,,,,284,2012-03-06,1,1349.50,1338.50,1342.00,1348.00,1338.50,day,1,1367.25,1358.00,1360.00,1366.00,1358.00,below_range
2012-03-07,2.00,start,migration,0.24,,,,285,2012-03-07,1,1354.25,1344.25,1350.00,1354.25,1346.00,day,1,1349.50,1338.50,1342.00,1348.00,1338.50,in_value
2012-03-08,2.00,start,migration,0.00,,,,286,2012-03-08,1,1368.50,1357.50,1362.00,1368.00,1358.00,day,1,1354.25,1344.25,1350.00,1354.25,1346.00,above_range
2012-03-09,2.00,start,migration,0.00,,,,287,2012-03-09,1,1374.50,1366.50,1372.00,1374.50,1368.00,day,1,1368.50,1357.50,1362.00,1368.00,1358.00,in_value
2012-03-12,2.00,added,,1.00,0.30,False,0.33,287,2012-03-09,2,1374.50,1366.00,1368.00,1374.00,1368.00,day,1,1374.50,1366.50,1372.00,1374.50,1368.00,in_value
2012-03-13,2.00,start,migration,0.00,,,,288,2012-03-13,1,1391.00,1370.25,1376.00,1382.00,1372.00,composite,2,1368.75,1360.25,1362.25,1368.25,1362.25,above_range
2012-03-14,2.00,start,migration,0.00,,,,289,2012-03-14,1,1394.25,1384.25,1388.00,1394.00,1384.25,day,1,1391.00,1370.25,1376.00,1382.00,1372.00,above_value
2012-03-15,2.00,skipped_shape,,0.53,0.36,False,0.20,289,2012-03-14,1,1394.25,1384.25,1388.00,1394.00,1384.25,day,1,1394.25,1384.25,1388.00,1394.00,1384.25,in_value
2012-03-16,2.00,start,migration,0.00,,,,290,2012-03-16,1,1400.25,1395.50,1398.00,1400.00,1395.50,day,1,1397.50,1387.25,1394.00,1397.50,1390.00,above_range
2012-03-19,2.00,start,migration,0.00,,,,291,2012-03-19,1,1408.00,1396.25,1404.00,1408.00,1400.00,day,1,1400.25,1395.50,1398.00,1400.00,1395.50,in_value
2012-03-20,2.00,start,migration,0.27,,,,292,2012-03-20,1,1401.50,1391.75,1396.00,1401.50,1396.00,day,1,1408.00,1396.25,1404.00,1408.00,1400.00,below_range
2012-03-21,2.00,added,,0.70,0.75,False,0.33,292,2012-03-20,2,1401.75,1391.75,1398.00,1400.00,1394.00,day,1,1401.50,1391.75,1396.00,1401.50,1396.00,in_value
2012-03-22,2.00,start,migration,0.00,,,,293,2012-03-22,1,1390.75,1382.50,1386.00,1390.75,1386.00,composite,2,1401.75,1391.75,1398.00,1400.00,1394.00,below_range
2012-03-23,2.00,added,,0.66,0.50,False,1.00,293,2012-03-22,2,1393.25,1380.50,1386.00,1392.00,1382.00,day,1,1390.75,1382.50,1386.00,1390.75,1386.00,in_value
2012-03-26,2.00,start,migration,0.00,,,,294,2012-03-26,1,1411.25,1401.25,1404.00,1410.00,1404.00,composite,2,1393.25,1380.50,1386.00,1392.00,1382.00,above_range
2012-03-27,2.00,start,migration,0.00,,,,295,2012-03-27,1,1414.00,1406.25,1410.00,1414.00,1410.00,day,1,1411.25,1401.25,1404.00,1410.00,1404.00,above_range
2012-03-28,2.00,start,migration,0.00,,,,296,2012-03-28,1,1408.75,1392.00,1396.00,1402.00,1392.00,day,1,1414.00,1406.25,1410.00,1414.00,1410.00,below_value
2012-03-29,2.00,added,,0.51,0.38,False,0.60,296,2012-03-28,2,1408.75,1386.25,1394.00,1400.00,1386.25,day,1,1408.75,1392.00,1396.00,1402.00,1392.00,in_value
2012-03-30,2.00,start,migration,0.25,,,,297,2012-03-30,1,1406.00,1395.75,1402.00,1406.00,1398.00,composite,2,1408.75,1386.25,1394.00,1400.00,1386.25,above_value
2012-04-02,2.00,start,migration,0.00,,,,298,2012-04-02,1,1417.75,1399.00,1414.00,1417.75,1406.00,day,1,1406.00,1395.75,1402.00,1406.00,1398.00,in_value
2012-04-03,2.00,added,,0.80,0.55,False,0.60,298,2012-04-02,2,1417.75,1399.00,1408.00,1417.75,1404.00,day,1,1417.75,1399.00,1414.00,1417.75,1406.00,in_value
2012-04-04,2.00,start,migration,0.00,,,,299,2012-04-04,1,1398.50,1388.50,1392.00,1398.00,1388.50,composite,2,1417.75,1399.00,1408.00,1417.75,1404.00,below_range
2012-04-05,2.00,added,,1.00,0.50,False,1.00,299,2012-04-04,2,1398.50,1387.50,1392.00,1398.00,1388.00,day,1,1398.50,1388.50,1392.00,1398.00,1388.50,in_value
2012-04-09,2.00,start,migration,0.00,,,,300,2012-04-09,1,1382.75,1373.25,1376.00,1382.00,1376.00,composite,2,1398.50,1387.50,1392.00,1398.00,1388.00,below_range
2012-04-10,2.00,start,migration,0.00,,,,301,2012-04-10,1,1378.50,1352.50,1356.00,1370.00,1352.50,day,1,1382.75,1373.25,1376.00,1382.00,1376.00,below_value
2012-04-11,2.00,added,,1.00,0.54,False,0.43,301,2012-04-10,2,1378.50,1352.50,1366.00,1372.00,1354.00,day,1,1378.50,1352.50,1356.00,1370.00,1352.50,in_value
2012-04-12,2.00,start,migration,0.00,,,,302,2012-04-12,1,1384.25,1365.50,1380.00,1384.25,1376.00,composite,2,1378.50,1352.50,1366.00,1372.00,1354.00,in_value
2012-04-13,2.00,start,migration,0.00,,,,303,2012-04-13,1,1380.00,1364.75,1372.00,1374.00,1368.00,day,1,1384.25,1365.50,1380.00,1384.25,1376.00,in_value
2012-04-16,2.00,start,migration,0.40,,,,304,2012-04-16,1,1375.25,1360.75,1366.00,1372.00,1362.00,day,1,1380.00,1364.75,1372.00,1374.00,1368.00,in_value
2012-04-17,2.00,start,migration,0.00,,,,305,2012-04-17,1,1388.75,1371.75,1386.00,1388.75,1378.00,day,1,1375.25,1360.75,1366.00,1372.00,1362.00,above_value
2012-04-18,2.00,added,,1.00,0.65,False,1.00,305,2012-04-17,2,1388.75,1371.75,1382.00,1388.00,1378.00,day,1,1388.75,1371.75,1386.00,1388.75,1378.00,in_value
2012-04-19,2.00,start,migration,0.43,,,,306,2012-04-19,1,1386.50,1365.50,1374.00,1384.00,1370.00,composite,2,1388.75,1371.75,1382.00,1388.00,1378.00,in_value
2012-04-20,2.00,added,,1.00,0.71,False,0.60,306,2012-04-19,2,1386.50,1365.50,1380.00,1386.00,1372.00,day,1,1386.50,1365.50,1374.00,1384.00,1370.00,in_value
2012-04-23,2.00,start,migration,0.00,,,,307,2012-04-23,1,1364.00,1354.00,1358.00,1364.00,1358.00,composite,2,1386.50,1365.50,1380.00,1386.00,1372.00,below_range
2012-04-24,2.00,start,migration,0.00,,,,308,2012-04-24,1,1371.25,1362.75,1366.00,1371.25,1366.00,day,1,1364.00,1354.00,1358.00,1364.00,1358.00,in_value
2012-04-25,2.00,start,migration,0.00,,,,309,2012-04-25,1,1387.50,1380.25,1382.00,1387.50,1382.00,day,1,1371.25,1362.75,1366.00,1371.25,1366.00,above_range
2012-04-26,2.00,start,migration,0.25,,,,310,2012-04-26,1,1398.25,1383.00,1388.00,1398.00,1384.00,day,1,1387.50,1380.25,1382.00,1387.50,1382.00,in_value
2012-04-27,2.00,skipped_shape,,0.67,0.77,False,0.60,310,2012-04-26,1,1398.25,1383.00,1388.00,1398.00,1384.00,day,1,1398.25,1383.00,1388.00,1398.00,1384.00,above_range
2012-04-30,2.00,added,,1.00,0.50,False,1.00,310,2012-04-26,2,1398.25,1383.00,1390.00,1396.00,1386.00,day,1,1402.75,1393.00,1398.00,1400.00,1394.00,in_value
2012-05-01,2.00,start,migration,0.00,,,,311,2012-05-01,1,1411.75,1391.25,1406.00,1411.75,1402.00,composite,2,1398.25,1383.00,1390.00,1396.00,1386.00,in_value
2012-05-02,2.00,start,migration,0.00,,,,312,2012-05-02,1,1399.50,1389.25,1394.00,1399.50,1394.00,day,1,1411.75,1391.25,1406.00,1411.75,1402.00,below_value
2012-05-03,2.00,start,migration,0.20,,,,313,2012-05-03,1,1399.25,1384.50,1390.00,1396.00,1386.00,day,1,1399.50,1389.25,1394.00,1399.50,1394.00,in_value
2012-05-04,2.00,start,migration,0.00,,,,314,2012-05-04,1,1381.25,1363.50,1366.00,1372.00,1363.50,day,1,1399.25,1384.50,1390.00,1396.00,1386.00,below_range
2012-05-07,2.00,added,,0.82,0.38,False,1.00,314,2012-05-04,2,1381.25,1359.25,1366.00,1372.00,1362.00,day,1,1381.25,1363.50,1366.00,1372.00,1363.50,below_range
2012-05-08,2.00,start,migration,0.00,,,,315,2012-05-08,1,1362.25,1343.75,1350.00,1356.00,1346.00,composite,2,1381.25,1359.25,1366.00,1372.00,1362.00,below_range
2012-05-09,2.00,added,,0.71,0.50,False,0.60,315,2012-05-08,2,1362.25,1339.25,1350.00,1360.00,1346.00,day,1,1362.25,1343.75,1350.00,1356.00,1346.00,below_value
2012-05-10,2.00,added,,0.80,0.73,False,0.60,315,2012-05-08,3,1363.00,1339.25,1356.00,1362.00,1348.00,composite,2,1362.25,1339.25,1350.00,1360.00,1346.00,above_value
2012-05-11,2.00,added,,1.00,0.73,False,0.60,315,2012-05-08,4,1363.25,1339.25,1356.00,1362.00,1348.00,composite,3,1363.00,1339.25,1356.00,1362.00,1348.00,below_value
2012-05-14,2.00,start,migration,0.00,,,,316,2012-05-14,1,1344.75,1333.25,1338.00,1344.00,1334.00,composite,4,1363.25,1339.25,1356.00,1362.00,1348.00,below_range
2012-05-15,2.00,skipped_daytype,,0.68,,,,316,2012-05-14,1,1344.75,1333.25,1338.00,1344.00,1334.00,day,1,1344.75,1333.25,1338.00,1344.00,1334.00,in_value
2012-05-16,2.00,start,migration,0.00,,,,317,2012-05-16,1,1339.75,1322.25,1328.00,1334.00,1324.00,day,1,1342.50,1325.50,1338.00,1342.50,1330.00,in_value
2012-05-17,2.00,start,migration,0.00,,,,318,2012-05-17,1,1324.50,1302.50,1312.00,1318.00,1308.00,day,1,1339.75,1322.25,1328.00,1334.00,1324.00,below_value
2012-05-18,2.00,start,migration,0.00,,,,319,2012-05-18,1,1310.50,1289.75,1302.00,1308.00,1294.00,day,1,1324.50,1302.50,1312.00,1318.00,1308.00,in_value
2012-05-21,2.00,added,,0.60,0.68,False,0.60,319,2012-05-18,2,1314.50,1289.75,1306.00,1312.00,1298.00,day,1,1310.50,1289.75,1302.00,1308.00,1294.00,in_value
2012-05-22,2.00,start,migration,0.00,,,,320,2012-05-22,1,1326.50,1307.50,1320.00,1326.00,1316.00,composite,2,1314.50,1289.75,1306.00,1312.00,1298.00,above_range
2012-05-23,2.00,start,migration,0.00,,,,321,2012-05-23,1,1319.00,1294.00,1300.00,1310.00,1296.00,day,1,1326.50,1307.50,1320.00,1326.00,1316.00,below_range
2012-05-24,2.00,start,migration,0.13,,,,322,2012-05-24,1,1322.75,1308.25,1316.00,1322.00,1308.25,day,1,1319.00,1294.00,1300.00,1310.00,1296.00,above_range
2012-05-25,2.00,added,,1.00,0.56,False,1.00,322,2012-05-24,2,1322.75,1308.25,1316.00,1322.00,1312.00,day,1,1322.75,1308.25,1316.00,1322.00,1308.25,in_value
2012-05-29,2.00,start,migration,0.04,,,,323,2012-05-29,1,1333.75,1321.50,1324.00,1333.75,1321.50,composite,2,1322.75,1308.25,1316.00,1322.00,1312.00,above_range
2012-05-30,2.00,start,migration,0.00,,,,324,2012-05-30,1,1320.50,1308.75,1312.00,1318.00,1312.00,day,1,1333.75,1321.50,1324.00,1333.75,1321.50,below_range
2012-05-31,2.00,start,migration,0.14,,,,325,2012-05-31,1,1319.00,1297.25,1308.00,1314.00,1300.00,day,1,1320.50,1308.75,1312.00,1318.00,1312.00,below_value
2012-06-01,2.00,start,migration,0.00,,,,326,2012-06-01,1,1292.75,1275.50,1282.00,1288.00,1278.00,day,1,1319.00,1297.25,1308.00,1314.00,1300.00,below_range
2012-06-04,2.00,start,migration,0.00,,,,327,2012-06-04,1,1281.50,1265.25,1272.00,1278.00,1268.00,day,1,1292.75,1275.50,1282.00,1288.00,1278.00,below_value
2012-06-05,2.00,start,migration,0.31,,,,328,2012-06-05,1,1286.75,1271.75,1278.00,1286.75,1274.00,day,1,1281.50,1265.25,1272.00,1278.00,1268.00,in_value
2012-06-06,2.00,start,migration,0.00,,,,329,2012-06-06,1,1314.50,1293.25,1308.00,1310.00,1300.00,day,1,1286.75,1271.75,1278.00,1286.75,1274.00,above_range
2012-06-07,2.00,start,migration,0.00,,,,330,2012-06-07,1,1329.50,1312.00,1320.00,1326.00,1316.00,day,1,1314.50,1293.25,1308.00,1310.00,1300.00,above_range
2012-06-08,2.00,skipped_daytype,,0.70,,,,330,2012-06-07,1,1329.50,1312.00,1320.00,1326.00,1316.00,day,1,1329.50,1312.00,1320.00,1326.00,1316.00,below_range
2012-06-11,2.00,added,,0.56,0.47,False,1.00,330,2012-06-07,2,1330.00,1300.50,1314.00,1320.00,1310.00,day,1,1318.75,1300.25,1313.25,1318.75,1305.25,above_range
2012-06-12,2.00,start,migration,0.40,,,,331,2012-06-12,1,1317.50,1299.00,1308.00,1314.00,1304.00,composite,2,1330.00,1300.50,1314.00,1320.00,1310.00,below_value
2012-06-13,2.00,start,migration,0.40,,,,332,2012-06-13,1,1321.25,1303.50,1314.00,1320.00,1310.00,day,1,1317.50,1299.00,1308.00,1314.00,1304.00,in_value
2012-06-14,2.00,added,,0.80,0.58,False,1.00,332,2012-06-13,2,1327.75,1303.50,1316.00,1322.00,1312.00,day,1,1321.25,1303.50,1314.00,1320.00,1310.00,in_value
2012-06-15,2.00,start,migration,0.00,,,,333,2012-06-15,1,1337.00,1325.50,1330.00,1332.00,1326.00,composite,2,1327.75,1303.50,1316.00,1322.00,1312.00,above_range
2012-06-18,2.00,start,migration,0.00,,,,334,2012-06-18,1,1341.75,1327.25,1336.00,1341.75,1332.00,day,1,1337.00,1325.50,1330.00,1332.00,1326.00,in_value
2012-06-19,2.00,start,migration,0.00,,,,335,2012-06-19,1,1357.00,1343.75,1352.00,1354.00,1348.00,day,1,1341.75,1327.25,1336.00,1341.75,1332.00,above_range
2012-06-20,2.00,added,,0.60,0.55,False,1.00,335,2012-06-19,2,1357.00,1338.75,1348.00,1354.00,1344.00,day,1,1357.00,1343.75,1352.00,1354.00,1348.00,in_value
2012-06-21,2.00,start,migration,0.00,,,,336,2012-06-21,1,1352.50,1317.50,1324.00,1342.00,1320.00,composite,2,1357.00,1338.75,1348.00,1354.00,1344.00,in_value
2012-06-22,2.00,skipped_shape,,1.00,0.24,False,0.60,336,2012-06-21,1,1352.50,1317.50,1324.00,1342.00,1320.00,day,1,1352.50,1317.50,1324.00,1342.00,1320.00,in_value
2012-06-25,2.00,start,migration,0.00,,,,337,2012-06-25,1,1315.50,1302.50,1306.00,1312.00,1302.50,day,1,1331.75,1320.50,1324.00,1330.00,1320.50,below_range
2012-06-26,2.00,start,migration,0.40,,,,338,2012-06-26,1,1318.00,1303.25,1312.00,1318.00,1308.00,day,1,1315.50,1302.50,1306.00,1312.00,1302.50,in_value
2012-06-27,2.00,start,migration,0.00,,,,339,2012-06-27,1,1328.50,1317.25,1324.00,1328.50,1320.00,day,1,1318.00,1303.25,1312.00,1318.00,1308.00,in_value
2012-06-28,2.00,start,migration,0.00,,,,340,2012-06-28,1,1324.25,1306.75,1310.00,1316.00,1306.75,day,1,1328.50,1317.25,1324.00,1328.50,1320.00,below_range
2012-06-29,2.00,start,migration,0.00,,,,341,2012-06-29,1,1357.00,1342.75,1348.00,1354.00,1344.00,day,1,1324.25,1306.75,1310.00,1316.00,1306.75,above_range
2012-07-02,2.00,start,migration,0.40,,,,342,2012-07-02,1,1361.00,1349.50,1354.00,1360.00,1350.00,day,1,1357.00,1342.75,1348.00,1354.00,1344.00,above_range
2012-07-03,2.00,start,migration,0.00,,,,343,2012-07-03,1,1369.50,1357.75,1366.00,1369.50,1362.00,day,1,1361.00,1349.50,1354.00,1360.00,1350.00,in_value
2012-07-05,2.00,added,,0.67,0.64,False,1.00,343,2012-07-03,2,1369.50,1357.00,1364.00,1369.50,1360.00,day,1,1369.50,1357.75,1366.00,1369.50,1362.00,in_value
2012-07-06,2.00,start,migration,0.00,,,,344,2012-07-06,1,1351.75,1342.25,1346.00,1348.00,1342.25,composite,2,1369.50,1357.00,1364.00,1369.50,1360.00,below_range
2012-07-09,2.00,added,,0.75,0.42,False,0.33,344,2012-07-06,2,1351.75,1341.00,1344.00,1350.00,1344.00,day,1,1351.75,1342.25,1346.00,1348.00,1342.25,in_value
2012-07-10,2.00,start,migration,0.33,,,,345,2012-07-10,1,1356.50,1330.50,1344.00,1350.00,1332.00,composite,2,1351.75,1341.00,1344.00,1350.00,1344.00,above_range
2012-07-11,2.00,added,,1.00,0.34,False,0.60,345,2012-07-10,2,1356.50,1327.75,1336.00,1346.00,1332.00,day,1,1356.50,1330.50,1344.00,1350.00,1332.00,in_value
2012-07-12,2.00,start,migration,0.20,,,,346,2012-07-12,1,1335.00,1319.75,1328.00,1334.00,1324.00,composite,2,1356.50,1327.75,1336.00,1346.00,1332.00,below_value
2012-07-13,2.00,start,migration,0.00,,,,347,2012-07-13,1,1353.25,1332.00,1346.00,1352.00,1342.00,day,1,1335.00,1319.75,1328.00,1334.00,1324.00,in_value
2012-07-16,2.00,skipped_shape,,1.00,0.77,False,1.00,347,2012-07-13,1,1353.25,1332.00,1346.00,1352.00,1342.00,day,1,1353.25,1332.00,1346.00,1352.00,1342.00,in_value
2012-07-17,2.00,start,migration,0.32,,,,348,2012-07-17,1,1360.50,1339.25,1356.00,1360.50,1348.00,day,1,1352.50,1343.00,1348.00,1350.00,1344.00,above_range
2012-07-18,2.00,start,migration,0.00,,,,349,2012-07-18,1,1370.50,1353.50,1366.00,1370.50,1362.00,day,1,1360.50,1339.25,1356.00,1360.50,1348.00,in_value
2012-07-19,2.00,start,migration,0.08,,,,350,2012-07-19,1,1376.00,1366.00,1370.00,1376.00,1370.00,day,1,1370.50,1353.50,1366.00,1370.50,1362.00,in_value
2012-07-20,2.00,start,migration,0.00,,,,351,2012-07-20,1,1365.50,1357.00,1360.00,1365.50,1357.00,day,1,1376.00,1366.00,1370.00,1376.00,1370.00,below_range
2012-07-23,2.00,start,migration,0.00,,,,352,2012-07-23,1,1348.50,1332.00,1340.00,1346.00,1336.00,day,1,1365.50,1357.00,1360.00,1365.50,1357.00,below_range
2012-07-24,2.00,start,migration,0.14,,,,353,2012-07-24,1,1346.25,1323.75,1328.00,1338.00,1324.00,day,1,1348.50,1332.00,1340.00,1346.00,1336.00,in_value
2012-07-25,2.00,added,,1.00,0.35,False,0.60,353,2012-07-24,2,1346.25,1323.75,1330.00,1340.00,1326.00,day,1,1346.25,1323.75,1328.00,1338.00,1324.00,in_value
2012-07-26,2.00,start,migration,0.00,,,,354,2012-07-26,1,1358.75,1346.50,1350.00,1356.00,1346.50,composite,2,1346.25,1323.75,1330.00,1340.00,1326.00,above_range
2012-07-27,2.00,start,migration,0.00,,,,355,2012-07-27,1,1385.00,1360.50,1370.00,1384.00,1362.00,day,1,1358.75,1346.50,1350.00,1356.00,1346.50,above_range
2012-07-30,2.00,added,,1.00,0.68,False,0.60,355,2012-07-27,2,1387.50,1360.50,1378.00,1387.50,1374.00,day,1,1385.00,1360.50,1370.00,1384.00,1362.00,in_value
2012-07-31,2.00,added,,1.00,0.68,False,1.00,355,2012-07-27,3,1387.50,1360.50,1378.00,1384.00,1374.00,composite,2,1387.50,1360.50,1378.00,1387.50,1374.00,in_value
2012-08-01,2.00,added,,0.78,0.68,False,1.00,355,2012-07-27,4,1387.50,1360.50,1378.00,1384.00,1374.00,composite,3,1387.50,1360.50,1378.00,1384.00,1374.00,in_value
2012-08-02,2.00,start,migration,0.00,,,,356,2012-08-02,1,1369.50,1349.25,1354.00,1364.00,1350.00,composite,4,1387.50,1360.50,1378.00,1384.00,1374.00,below_range
2012-08-03,2.00,start,migration,0.00,,,,357,2012-08-03,1,1390.50,1378.75,1388.00,1390.00,1384.00,day,1,1369.50,1349.25,1354.00,1364.00,1350.00,above_range
2012-08-06,2.00,start,migration,0.00,,,,358,2012-08-06,1,1395.75,1389.50,1394.00,1395.75,1390.00,day,1,1390.50,1378.75,1388.00,1390.00,1384.00,above_range
2012-08-07,2.00,start,migration,0.00,,,,359,2012-08-07,1,1403.25,1395.50,1400.00,1402.00,1396.00,day,1,1395.75,1389.50,1394.00,1395.75,1390.00,in_value
2012-08-08,2.00,added,,1.00,0.58,False,1.00,359,2012-08-07,2,1403.25,1392.00,1398.00,1403.25,1394.00,day,1,1403.25,1395.50,1400.00,1402.00,1396.00,below_range
2012-08-09,2.00,added,,1.00,0.58,False,1.00,359,2012-08-07,3,1403.25,1392.00,1398.00,1403.25,1394.00,composite,2,1403.25,1392.00,1398.00,1403.25,1394.00,in_value
2012-08-10,2.00,added,,1.00,0.58,False,1.00,359,2012-08-07,4,1403.25,1392.00,1398.00,1403.25,1394.00,composite,3,1403.25,1392.00,1398.00,1403.25,1394.00,in_value
2012-08-13,2.00,added,,1.00,0.58,False,0.33,359,2012-08-07,5,1403.25,1392.00,1398.00,1400.00,1394.00,composite,4,1403.25,1392.00,1398.00,1403.25,1394.00,in_value
2012-08-14,2.00,start,migration,0.00,,,,360,2012-08-14,1,1407.75,1397.25,1404.00,1406.00,1400.00,composite,5,1403.25,1392.00,1398.00,1400.00,1394.00,above_range
2012-08-15,2.00,added,,1.00,0.58,False,0.33,360,2012-08-14,2,1407.75,1397.25,1402.00,1407.75,1402.00,day,1,1407.75,1397.25,1404.00,1406.00,1400.00,in_value
2012-08-16,2.00,start,migration,0.38,,,,361,2012-08-16,1,1415.50,1401.75,1412.00,1414.00,1404.00,composite,2,1407.75,1397.25,1402.00,1407.75,1402.00,in_value
2012-08-17,2.00,start,migration,0.47,,,,362,2012-08-17,1,1416.75,1412.25,1414.00,1416.00,1412.25,day,1,1415.50,1401.75,1412.00,1414.00,1404.00,above_range
2012-08-20,2.00,added,,0.94,0.50,False,0.33,362,2012-08-17,2,1416.75,1409.50,1412.00,1416.75,1412.00,day,1,1416.75,1412.25,1414.00,1416.00,1412.25,in_value
2012-08-21,2.00,start,migration,0.34,,,,363,2012-08-21,1,1424.75,1408.00,1418.00,1424.00,1410.00,composite,2,1416.75,1409.50,1412.00,1416.75,1412.00,above_range
2012-08-22,2.00,start,migration,0.33,,,,364,2012-08-22,1,1414.25,1404.25,1406.00,1412.00,1406.00,day,1,1424.75,1408.00,1418.00,1424.00,1410.00,below_range
2012-08-23,2.00,start,migration,0.00,,,,365,2012-08-23,1,1408.50,1398.00,1402.00,1404.00,1398.00,day,1,1414.25,1404.25,1406.00,1412.00,1406.00,in_value
2012-08-24,2.00,start,migration,0.20,,,,366,2012-08-24,1,1412.00,1395.50,1406.00,1412.00,1402.00,day,1,1408.50,1398.00,1402.00,1404.00,1398.00,below_range
2012-08-27,2.00,added,,0.67,0.68,False,1.00,366,2012-08-24,2,1414.50,1395.50,1408.00,1414.00,1404.00,day,1,1412.00,1395.50,1406.00,1412.00,1402.00,above_range
2012-08-28,2.00,added,,1.00,0.68,False,1.00,366,2012-08-24,3,1414.50,1395.50,1408.00,1414.00,1404.00,composite,2,1414.50,1395.50,1408.00,1414.00,1404.00,in_value
2012-08-29,2.00,added,,1.00,0.68,False,1.00,366,2012-08-24,4,1414.50,1395.50,1408.00,1414.00,1404.00,composite,3,1414.50,1395.50,1408.00,1414.00,1404.00,in_value
2012-08-30,2.00,start,migration,0.00,,,,367,2012-08-30,1,1402.75,1395.25,1398.00,1402.75,1395.25,composite,4,1414.50,1395.50,1408.00,1414.00,1404.00,below_value
2012-08-31,2.00,start,migration,0.28,,,,368,2012-08-31,1,1411.75,1397.00,1404.00,1410.00,1400.00,day,1,1402.75,1395.25,1398.00,1402.75,1395.25,above_range
2012-09-04,2.00,start,migration,0.42,,,,369,2012-09-04,1,1408.25,1394.50,1398.00,1404.00,1394.50,day,1,1411.75,1397.00,1404.00,1410.00,1400.00,in_value
2012-09-05,2.00,skipped_shape,,0.67,0.69,False,0.20,369,2012-09-04,1,1408.25,1394.50,1398.00,1404.00,1394.50,day,1,1408.25,1394.50,1398.00,1404.00,1394.50,above_value
2012-09-06,2.00,start,migration,0.00,,,,370,2012-09-06,1,1431.25,1410.75,1428.00,1431.25,1424.00,day,1,1408.25,1399.75,1404.00,1406.00,1400.00,above_range
2012-09-07,2.00,start,migration,0.00,,,,371,2012-09-07,1,1437.00,1432.25,1434.00,1437.00,1434.00,day,1,1431.25,1410.75,1428.00,1431.25,1424.00,above_range
2012-09-10,2.00,skipped_daytype,,0.75,,,,371,2012-09-07,1,1437.00,1432.25,1434.00,1437.00,1434.00,day,1,1437.00,1432.25,1434.00,1437.00,1434.00,in_value
2012-09-11,2.00,start,migration,0.33,,,,372,2012-09-11,1,1437.50,1429.00,1434.00,1436.00,1430.00,day,1,1438.00,1428.25,1434.00,1438.00,1434.00,below_value
2012-09-12,2.00,added,,0.64,0.58,False,0.33,372,2012-09-11,2,1439.00,1429.00,1434.00,1439.00,1434.00,day,1,1437.50,1429.00,1434.00,1436.00,1430.00,above_value
2012-09-13,2.00,start,migration,0.17,,,,373,2012-09-13,1,1464.25,1435.00,1436.00,1458.00,1435.00,composite,2,1439.00,1429.00,1434.00,1439.00,1434.00,in_value
2012-09-14,2.00,start,migration,0.00,,,,374,2012-09-14,1,1474.75,1461.25,1466.00,1472.00,1462.00,day,1,1464.25,1435.00,1436.00,1458.00,1435.00,above_value
2012-09-17,2.00,skipped_shape,,0.60,0.25,False,0.20,374,2012-09-14,1,1468.25,1454.75,1460.00,1466.00,1456.00,day,1,1468.25,1454.75,1459.50,1465.50,1455.50,in_value
2012-09-18,2.00,start,migration,0.00,,,,375,2012-09-18,1,1455.25,1449.50,1452.00,1454.00,1449.50,day,1,1459.00,1450.50,1454.00,1459.00,1454.00,below_value
2012-09-19,2.00,start,migration,0.33,,,,376,2012-09-19,1,1459.00,1451.25,1456.00,1458.00,1452.00,day,1,1455.25,1449.50,1452.00,1454.00,1449.50,above_value
2012-09-20,2.00,start,migration,0.33,,,,377,2012-09-20,1,1455.00,1443.50,1450.00,1455.00,1446.00,day,1,1459.00,1451.25,1456.00,1458.00,1452.00,below_range
2012-09-21,2.00,start,migration,0.00,,,,378,2012-09-21,1,1461.50,1452.50,1456.00,1461.50,1456.00,day,1,1455.00,1443.50,1450.00,1455.00,1446.00,above_range
2012-09-24,2.00,start,migration,0.00,,,,379,2012-09-24,1,1454.50,1444.75,1448.00,1454.00,1448.00,day,1,1461.50,1452.50,1456.00,1461.50,1456.00,below_range
2012-09-25,2.00,start,migration,0.46,,,,380,2012-09-25,1,1457.00,1435.00,1452.00,1457.00,1444.00,day,1,1454.50,1444.75,1448.00,1454.00,1448.00,in_value
2012-09-26,2.00,start,migration,0.00,,,,381,2012-09-26,1,1435.75,1424.00,1428.00,1434.00,1428.00,day,1,1457.00,1435.00,1452.00,1457.00,1444.00,below_value
2012-09-27,2.00,start,migration,0.16,,,,382,2012-09-27,1,1444.50,1429.75,1440.00,1444.50,1432.00,day,1,1435.75,1424.00,1428.00,1434.00,1428.00,in_value
2012-09-28,2.00,added,,0.67,0.28,False,1.00,382,2012-09-27,2,1444.50,1429.00,1432.00,1438.00,1429.00,day,1,1444.50,1429.75,1440.00,1444.50,1432.00,in_value
2012-10-01,2.00,start,migration,0.00,,,,383,2012-10-01,1,1451.50,1434.25,1442.00,1448.00,1438.00,composite,2,1444.50,1429.00,1432.00,1438.00,1429.00,above_value
2012-10-02,2.00,start,migration,0.41,,,,384,2012-10-02,1,1445.75,1432.25,1436.00,1442.00,1432.25,day,1,1451.50,1434.25,1442.00,1448.00,1438.00,in_value
2012-10-03,2.00,start,migration,0.40,,,,385,2012-10-03,1,1448.75,1435.50,1442.00,1448.00,1438.00,day,1,1445.75,1432.25,1436.00,1442.00,1432.25,above_value
2012-10-04,2.00,start,migration,0.00,,,,386,2012-10-04,1,1457.75,1448.75,1454.00,1456.00,1450.00,day,1,1448.75,1435.50,1442.00,1448.00,1438.00,above_range
2012-10-05,2.00,start,migration,0.00,,,,387,2012-10-05,1,1466.00,1451.25,1460.00,1466.00,1456.00,day,1,1457.75,1448.75,1454.00,1456.00,1450.00,above_range
2012-10-08,2.00,start,migration,0.00,,,,388,2012-10-08,1,1453.50,1447.50,1450.00,1452.00,1447.50,day,1,1466.00,1451.25,1460.00,1466.00,1456.00,below_range
2012-10-09,2.00,start,migration,0.00,,,,389,2012-10-09,1,1451.00,1435.75,1438.00,1444.00,1435.75,day,1,1453.50,1447.50,1450.00,1452.00,1447.50,in_value
2012-10-10,2.00,start,migration,0.00,,,,390,2012-10-10,1,1437.50,1425.00,1428.00,1434.00,1425.00,day,1,1451.00,1435.75,1438.00,1444.00,1435.75,in_value
2012-10-11,2.00,added,,0.60,0.56,False,1.00,390,2012-10-10,2,1439.25,1425.00,1432.00,1438.00,1428.00,day,1,1437.50,1425.00,1428.00,1434.00,1425.00,above_value
2012-10-12,2.00,start,migration,0.40,,,,391,2012-10-12,1,1434.00,1420.00,1422.00,1432.00,1422.00,composite,2,1439.25,1425.00,1432.00,1438.00,1428.00,in_value
2012-10-15,2.00,skipped_shape,,0.80,0.17,False,0.20,391,2012-10-12,1,1434.00,1420.00,1422.00,1432.00,1422.00,day,1,1434.00,1420.00,1422.00,1432.00,1422.00,in_value
2012-10-16,2.00,start,migration,0.00,,,,392,2012-10-16,1,1450.75,1440.75,1448.00,1450.00,1444.00,day,1,1436.50,1422.00,1432.00,1434.00,1424.00,above_range
2012-10-17,2.00,start,migration,0.00,,,,393,2012-10-17,1,1457.75,1448.50,1454.00,1457.75,1454.00,day,1,1450.75,1440.75,1448.00,1450.00,1444.00,above_value
2012-10-18,2.00,start,migration,0.38,,,,394,2012-10-18,1,1459.75,1447.75,1452.00,1458.00,1448.00,day,1,1457.75,1448.50,1454.00,1457.75,1454.00,below_value
2012-10-19,2.00,start,migration,0.00,,,,395,2012-10-19,1,1450.25,1424.50,1430.00,1440.00,1426.00,day,1,1459.75,1447.75,1452.00,1458.00,1448.00,in_value
2012-10-22,2.00,start,migration,0.40,,,,396,2012-10-22,1,1430.75,1416.75,1424.00,1430.00,1420.00,day,1,1450.25,1424.50,1430.00,1440.00,1426.00,below_value
2012-10-23,2.00,start,migration,0.00,,,,397,2012-10-23,1,1414.50,1402.00,1408.00,1414.00,1404.00,day,1,1430.75,1416.75,1424.00,1430.00,1420.00,below_range
2012-10-24,2.00,added,,1.00,0.56,False,1.00,397,2012-10-23,2,1414.75,1401.75,1408.00,1414.00,1404.00,day,1,1414.50,1402.00,1408.00,1414.00,1404.00,in_value
2012-10-25,2.00,added,,0.80,0.55,False,1.00,397,2012-10-23,3,1416.75,1399.50,1408.00,1414.00,1404.00,composite,2,1414.75,1401.75,1408.00,1414.00,1404.00,above_value
2012-10-26,2.00,added,,0.60,0.50,False,1.00,397,2012-10-23,4,1416.75,1397.50,1406.00,1412.00,1402.00,composite,3,1416.75,1399.50,1408.00,1414.00,1404.00,in_value
2012-10-31,2.00,added,,0.84,0.50,False,1.00,397,2012-10-23,5,1416.75,1397.50,1406.00,1412.00,1402.00,composite,4,1416.75,1397.50,1406.00,1412.00,1402.00,above_value
2012-11-01,2.00,start,migration,0.00,,,,398,2012-11-01,1,1424.00,1409.00,1420.00,1424.00,1416.00,composite,5,1416.75,1397.50,1406.00,1412.00,1402.00,in_value
2012-11-02,2.00,skipped_daytype,,0.57,,,,398,2012-11-01,1,1424.00,1409.00,1420.00,1424.00,1416.00,day,1,1424.00,1409.00,1420.00,1424.00,1416.00,above_range
2012-11-05,2.00,start,migration,0.00,,,,399,2012-11-05,1,1415.50,1403.00,1408.00,1414.00,1404.00,day,1,1430.75,1407.75,1420.00,1426.00,1412.00,below_range
2012-11-06,2.00,start,migration,0.00,,,,400,2012-11-06,1,1429.25,1415.00,1424.00,1429.25,1420.00,day,1,1415.50,1403.00,1408.00,1414.00,1404.00,above_range
2012-11-07,2.00,start,migration,0.00,,,,401,2012-11-07,1,1410.75,1384.00,1394.00,1400.00,1390.00,day,1,1429.25,1415.00,1424.00,1429.25,1420.00,below_range
2012-11-08,2.00,start,migration,0.00,,,,402,2012-11-08,1,1397.50,1373.50,1384.00,1390.00,1376.00,day,1,1410.75,1384.00,1394.00,1400.00,1390.00,in_value
2012-11-09,2.00,added,,0.80,0.43,False,0.60,402,2012-11-08,2,1397.50,1369.00,1380.00,1390.00,1376.00,day,1,1397.50,1373.50,1384.00,1390.00,1376.00,below_range
2012-11-12,2.00,added,,0.67,0.37,False,0.60,402,2012-11-08,3,1397.50,1369.00,1378.00,1388.00,1374.00,composite,2,1397.50,1369.00,1380.00,1390.00,1376.00,in_value
2012-11-13,2.00,added,,1.00,0.41,False,0.60,402,2012-11-08,4,1397.50,1367.00,1378.00,1388.00,1374.00,composite,3,1397.50,1369.00,1378.00,1388.00,1374.00,below_value
2012-11-14,2.00,start,migration,0.00,,,,403,2012-11-14,1,1377.75,1349.50,1364.00,1370.00,1360.00,composite,4,1397.50,1367.00,1378.00,1388.00,1374.00,in_value
2012-11-15,2.00,start,migration,0.00,,,,404,2012-11-15,1,1358.50,1345.25,1350.00,1356.00,1346.00,day,1,1377.75,1349.50,1364.00,1370.00,1360.00,below_value
2012-11-16,2.00,added,,0.73,0.55,False,1.00,404,2012-11-15,2,1359.75,1340.25,1350.00,1356.00,1346.00,day,1,1358.50,1345.25,1350.00,1356.00,1346.00,in_value
2012-11-19,2.00,start,migration,0.00,,,,405,2012-11-19,1,1384.75,1371.50,1378.00,1384.00,1374.00,composite,2,1359.75,1340.25,1350.00,1356.00,1346.00,above_range
2012-11-20,2.00,added,,0.63,0.50,False,0.60,405,2012-11-19,2,1387.50,1371.50,1378.00,1387.50,1374.00,day,1,1384.75,1371.50,1378.00,1384.00,1374.00,in_value
2012-11-21,2.00,start,migration,0.50,,,,406,2012-11-21,1,1389.00,1383.50,1386.00,1389.00,1386.00,composite,2,1387.50,1371.50,1378.00,1387.50,1374.00,in_value
2012-11-23,2.00,start,migration,0.00,,,,407,2012-11-23,1,1407.50,1393.75,1400.00,1406.00,1396.00,day,1,1389.00,1383.50,1386.00,1389.00,1386.00,above_range
2012-11-26,2.00,added,,1.00,0.56,False,0.33,407,2012-11-23,2,1407.50,1393.75,1400.00,1402.00,1396.00,day,1,1407.50,1393.75,1400.00,1406.00,1396.00,in_value
2012-11-27,2.00,added,,0.60,0.56,False,1.00,407,2012-11-23,3,1407.50,1393.75,1400.00,1406.00,1396.00,composite,2,1407.50,1393.75,1400.00,1402.00,1396.00,above_value
2012-11-28,2.00,added,,0.56,0.68,False,1.00,407,2012-11-23,4,1408.75,1383.00,1400.00,1406.00,1396.00,composite,3,1407.50,1393.75,1400.00,1406.00,1396.00,below_range
2012-11-29,2.00,start,migration,0.00,,,,408,2012-11-29,1,1418.50,1407.00,1414.00,1418.50,1410.00,composite,4,1408.75,1383.00,1400.00,1406.00,1396.00,above_range
2012-11-30,2.00,added,,1.00,0.50,False,0.33,408,2012-11-29,2,1418.50,1407.00,1412.00,1418.00,1412.00,day,1,1418.50,1407.00,1414.00,1418.50,1410.00,in_value
2012-12-03,2.00,added,,0.60,0.39,False,0.33,408,2012-11-29,3,1422.75,1406.50,1412.00,1418.00,1412.00,composite,2,1418.50,1407.00,1412.00,1418.00,1412.00,above_range
2012-12-04,2.00,start,migration,0.00,,,,409,2012-12-04,1,1411.75,1401.50,1404.00,1410.00,1404.00,composite,3,1422.75,1406.50,1412.00,1418.00,1412.00,below_value
2012-12-05,2.00,start,migration,0.47,,,,410,2012-12-05,1,1414.75,1396.75,1410.00,1414.75,1402.00,day,1,1411.75,1401.50,1404.00,1410.00,1404.00,in_value
2012-12-06,2.00,added,,1.00,0.75,False,1.00,410,2012-12-05,2,1414.75,1396.75,1410.00,1414.75,1406.00,day,1,1414.75,1396.75,1410.00,1414.75,1402.00,in_value
2012-12-07,2.00,added,,0.79,0.65,False,1.00,410,2012-12-05,3,1420.00,1396.75,1412.00,1418.00,1408.00,composite,2,1414.75,1396.75,1410.00,1414.75,1406.00,above_range
2012-12-10,2.00,added,,0.64,0.65,False,0.60,410,2012-12-05,4,1421.00,1396.75,1412.00,1421.00,1408.00,composite,3,1420.00,1396.75,1412.00,1418.00,1408.00,in_value
2012-12-11,2.00,start,migration,0.00,,,,411,2012-12-11,1,1434.25,1422.75,1430.00,1434.25,1422.75,composite,4,1421.00,1396.75,1412.00,1421.00,1408.00,above_range
2012-12-12,2.00,added,,0.82,0.50,False,1.00,411,2012-12-11,2,1438.75,1422.75,1430.00,1436.00,1426.00,day,1,1434.25,1422.75,1430.00,1434.25,1422.75,in_value
2012-12-13,2.00,start,migration,0.16,,,,412,2012-12-13,1,1431.50,1415.75,1418.00,1428.00,1415.75,composite,2,1438.75,1422.75,1430.00,1436.00,1426.00,in_value
2012-12-14,2.00,added,,0.65,0.32,False,1.00,412,2012-12-13,2,1431.50,1411.50,1416.00,1422.00,1412.00,day,1,1431.50,1415.75,1418.00,1428.00,1415.75,in_value
2012-12-17,2.00,start,migration,0.20,,,,413,2012-12-17,1,1426.25,1411.50,1418.00,1424.00,1414.00,composite,2,1425.50,1405.50,1410.00,1416.00,1406.00,in_value
2012-12-18,2.00,start,migration,0.00,,,,414,2012-12-18,1,1443.50,1425.25,1438.00,1443.50,1434.00,day,1,1426.25,1411.50,1418.00,1424.00,1414.00,above_range
2012-12-19,2.00,added,,0.95,0.68,False,1.00,414,2012-12-18,2,1444.25,1425.25,1438.00,1444.00,1434.00,day,1,1443.50,1425.25,1438.00,1443.50,1434.00,above_range
2012-12-20,2.00,start,migration,0.41,,,,415,2012-12-20,1,1439.50,1428.25,1432.00,1438.00,1428.25,composite,2,1444.25,1425.25,1438.00,1444.00,1434.00,below_value
2012-12-21,2.00,start,migration,0.00,,,,416,2012-12-21,1,1428.25,1416.50,1420.00,1426.00,1416.50,day,1,1439.50,1428.25,1432.00,1438.00,1428.25,below_range
2012-12-24,2.00,added,,1.00,0.36,False,1.00,416,2012-12-21,2,1428.25,1416.50,1420.00,1426.00,1416.50,day,1,1428.25,1416.50,1420.00,1426.00,1416.50,in_value
2012-12-26,2.00,start,migration,0.38,,,,417,2012-12-26,1,1424.50,1410.75,1414.00,1420.00,1410.75,composite,2,1428.25,1416.50,1420.00,1426.00,1416.50,in_value
2012-12-27,2.00,start,migration,0.00,,,,418,2012-12-27,1,1418.50,1396.00,1400.00,1410.00,1396.00,day,1,1424.50,1410.75,1414.00,1420.00,1410.75,in_value
2012-12-28,2.00,added,,1.00,0.42,False,1.00,418,2012-12-27,2,1418.50,1395.75,1404.00,1410.00,1400.00,day,1,1418.50,1396.00,1400.00,1410.00,1396.00,in_value
2012-12-31,2.00,start,migration,0.46,,,,419,2012-12-31,1,1423.00,1392.25,1404.00,1418.00,1396.00,composite,2,1418.50,1395.75,1404.00,1410.00,1400.00,below_range
2013-01-02,2.00,start,migration,0.00,,,,420,2013-01-02,1,1458.00,1444.00,1446.00,1452.00,1444.00,day,1,1423.00,1392.25,1404.00,1418.00,1396.00,above_range
2013-01-03,2.00,start,migration,0.00,,,,421,2013-01-03,1,1460.50,1450.00,1456.00,1460.50,1452.00,day,1,1458.00,1444.00,1446.00,1452.00,1444.00,above_value
2013-01-04,2.00,added,,1.00,0.50,False,1.00,421,2013-01-03,2,1463.00,1450.00,1456.00,1462.00,1452.00,day,1,1460.50,1450.00,1456.00,1460.50,1452.00,in_value
2013-01-07,2.00,added,,0.76,0.50,False,1.00,421,2013-01-03,3,1463.00,1450.00,1456.00,1462.00,1452.00,composite,2,1463.00,1450.00,1456.00,1462.00,1452.00,in_value
2013-01-08,2.00,start,migration,0.33,,,,422,2013-01-08,1,1455.75,1446.00,1448.00,1454.00,1448.00,composite,3,1463.00,1450.00,1456.00,1462.00,1452.00,in_value
2013-01-09,2.00,start,migration,0.27,,,,423,2013-01-09,1,1459.50,1452.50,1456.00,1458.00,1452.50,day,1,1455.75,1446.00,1448.00,1454.00,1448.00,above_value
2013-01-10,2.00,start,migration,0.20,,,,424,2013-01-10,1,1467.25,1455.75,1460.00,1466.00,1456.00,day,1,1459.50,1452.50,1456.00,1458.00,1452.50,above_range
2013-01-11,2.00,added,,1.00,0.64,False,0.33,424,2013-01-10,2,1467.75,1455.75,1462.00,1467.75,1462.00,day,1,1467.25,1455.75,1460.00,1466.00,1456.00,above_value
2013-01-14,2.00,skipped_shape,,0.70,0.79,False,0.33,424,2013-01-10,2,1467.75,1455.75,1462.00,1467.75,1462.00,composite,2,1467.75,1455.75,1462.00,1467.75,1462.00,in_value
2013-01-15,2.00,skipped_daytype,,0.96,,,,424,2013-01-10,2,1467.75,1455.75,1462.00,1467.75,1462.00,composite,2,1467.75,1455.75,1462.00,1467.75,1462.00,below_value
2013-01-16,2.00,added,,0.82,0.69,False,1.00,424,2013-01-10,3,1469.00,1455.75,1464.00,1469.00,1460.00,composite,2,1467.75,1455.75,1462.00,1467.75,1462.00,in_value
2013-01-17,2.00,start,migration,0.00,,,,425,2013-01-17,1,1480.50,1470.25,1476.00,1480.50,1472.00,composite,3,1469.00,1455.75,1464.00,1469.00,1460.00,above_range
2013-01-18,2.00,added,,0.73,0.42,False,1.00,425,2013-01-17,2,1481.00,1470.25,1474.00,1480.00,1470.25,day,1,1480.50,1470.25,1476.00,1480.50,1472.00,in_value
2013-01-22,2.00,start,migration,0.40,,,,426,2013-01-22,1,1487.50,1475.75,1484.00,1486.00,1476.00,composite,2,1481.00,1470.25,1474.00,1480.00,1470.25,in_value
2013-01-23,2.00,start,migration,0.27,,,,427,2013-01-23,1,1491.00,1484.50,1488.00,1490.00,1484.50,day,1,1487.50,1475.75,1484.00,1486.00,1476.00,above_value
2013-01-24,2.00,start,migration,0.20,,,,428,2013-01-24,1,1497.75,1486.25,1488.00,1497.75,1488.00,day,1,1491.00,1484.50,1488.00,1490.00,1484.50,in_value
2013-01-25,2.00,added,,0.79,0.64,False,1.00,428,2013-01-24,2,1498.75,1486.25,1494.00,1498.75,1490.00,day,1,1497.75,1486.25,1488.00,1497.75,1488.00,in_value
2013-01-28,2.00,added,,1.00,0.64,False,1.00,428,2013-01-24,3,1499.50,1486.25,1494.00,1499.50,1490.00,composite,2,1498.75,1486.25,1494.00,1498.75,1490.00,above_range
2013-01-29,2.00,start,migration,0.40,,,,429,2013-01-29,1,1504.75,1493.00,1500.00,1504.75,1496.00,composite,3,1499.50,1486.25,1494.00,1499.50,1490.00,in_value
2013-01-30,2.00,added,,0.86,0.64,False,1.00,429,2013-01-29,2,1505.50,1493.00,1500.00,1505.50,1496.00,day,1,1504.75,1493.00,1500.00,1504.75,1496.00,in_value
2013-01-31,2.00,skipped_shape,,0.67,0.64,False,0.20,429,2013-01-29,2,1505.50,1493.00,1500.00,1505.50,1496.00,composite,2,1505.50,1493.00,1500.00,1505.50,1496.00,below_value
2013-02-01,2.00,start,migration,0.00,,,,430,2013-02-01,1,1510.50,1500.00,1506.00,1510.50,1506.00,composite,2,1505.50,1493.00,1500.00,1505.50,1496.00,in_value
2013-02-04,2.00,start,migration,0.00,,,,431,2013-02-04,1,1501.75,1490.25,1494.00,1500.00,1494.00,day,1,1510.50,1500.00,1506.00,1510.50,1506.00,below_range
2013-02-05,2.00,start,migration,0.00,,,,432,2013-02-05,1,1511.00,1498.75,1504.00,1510.00,1500.00,day,1,1501.75,1490.25,1494.00,1500.00,1494.00,in_value
2013-02-06,2.00,added,,1.00,0.50,False,0.33,432,2013-02-05,2,1511.00,1498.75,1504.00,1510.00,1504.00,day,1,1511.00,1498.75,1504.00,1510.00,1500.00,in_value
2013-02-07,2.00,start,migration,0.40,,,,433,2013-02-07,1,1509.50,1494.50,1498.00,1508.00,1498.00,composite,2,1511.00,1498.75,1504.00,1510.00,1504.00,in_value
2013-02-08,2.00,start,migration,0.00,,,,434,2013-02-08,1,1515.00,1508.00,1512.00,1515.00,1512.00,day,1,1509.50,1494.50,1498.00,1508.00,1498.00,in_value
2013-02-11,2.00,start,migration,0.47,,,,435,2013-02-11,1,1515.00,1509.75,1512.00,1514.00,1509.75,day,1,1515.00,1508.00,1512.00,1515.00,1512.00,in_value
2013-02-12,2.00,start,migration,0.33,,,,436,2013-02-12,1,1519.00,1512.00,1516.00,1518.00,1512.00,day,1,1515.00,1509.75,1512.00,1514.00,1509.75,in_value
2013-02-13,2.00,start,migration,0.33,,,,437,2013-02-13,1,1522.00,1513.00,1516.00,1522.00,1516.00,day,1,1519.00,1512.00,1516.00,1518.00,1512.00,above_range
2013-02-14,2.00,added,,0.67,0.50,False,0.33,437,2013-02-13,2,1522.00,1510.75,1516.00,1522.00,1516.00,day,1,1522.00,1513.00,1516.00,1522.00,1516.00,below_range
2013-02-15,2.00,added,,0.67,0.50,False,0.33,437,2013-02-13,3,1522.00,1510.75,1516.00,1522.00,1516.00,composite,2,1522.00,1510.75,1516.00,1522.00,1516.00,in_value
2013-02-19,2.00,start,migration,0.00,,,,438,2013-02-19,1,1528.75,1519.50,1524.00,1528.75,1524.00,composite,3,1522.00,1510.75,1516.00,1522.00,1516.00,in_value
2013-02-20,2.00,start,migration,0.33,,,,439,2013-02-20,1,1528.00,1508.75,1520.00,1528.00,1516.00,day,1,1528.75,1519.50,1524.00,1528.75,1524.00,in_value
2013-02-21,2.00,start,migration,0.00,,,,440,2013-02-21,1,1505.50,1495.00,1498.00,1504.00,1498.00,day,1,1528.00,1508.75,1520.00,1528.00,1516.00,below_range
2013-02-22,2.00,start,migration,0.00,,,,441,2013-02-22,1,1514.25,1503.25,1508.00,1514.00,1504.00,day,1,1505.50,1495.00,1498.00,1504.00,1498.00,above_range
2013-02-25,2.00,start,migration,0.46,,,,442,2013-02-25,1,1524.50,1485.50,1508.00,1522.00,1500.00,day,1,1514.25,1503.25,1508.00,1514.00,1504.00,above_range
2013-02-26,2.00,start,migration,0.00,,,,443,2013-02-26,1,1497.75,1482.75,1492.00,1497.75,1488.00,day,1,1524.50,1485.50,1508.00,1522.00,1500.00,below_value
2013-02-27,2.00,start,migration,0.00,,,,444,2013-02-27,1,1519.25,1493.25,1510.00,1519.25,1506.00,day,1,1497.75,1482.75,1492.00,1497.75,1488.00,in_value
2013-02-28,2.00,added,,0.53,0.73,False,0.60,444,2013-02-27,2,1524.50,1493.25,1516.00,1522.00,1508.00,day,1,1519.25,1493.25,1510.00,1519.25,1506.00,in_value
2013-03-01,2.00,added,,1.00,0.73,False,0.60,444,2013-02-27,3,1524.50,1493.25,1516.00,1522.00,1508.00,composite,2,1524.50,1493.25,1516.00,1522.00,1508.00,below_value
2013-03-04,2.00,added,,1.00,0.73,False,0.60,444,2013-02-27,4,1524.50,1493.25,1516.00,1522.00,1508.00,composite,3,1524.50,1493.25,1516.00,1522.00,1508.00,in_value
2013-03-05,2.00,start,migration,0.00,,,,445,2013-03-05,1,1542.75,1532.00,1538.00,1542.75,1538.00,composite,4,1524.50,1493.25,1516.00,1522.00,1508.00,above_range
2013-03-06,2.00,added,,0.84,0.64,False,0.33,445,2013-03-05,2,1544.75,1532.00,1540.00,1542.00,1536.00,day,1,1542.75,1532.00,1538.00,1542.75,1538.00,above_range
2013-03-07,2.00,start,migration,0.00,,,,446,2013-03-07,1,1545.50,1540.75,1542.00,1545.50,1542.00,composite,2,1544.75,1532.00,1540.00,1542.00,1536.00,above_value
2013-03-08,2.00,start,migration,0.00,,,,447,2013-03-08,1,1552.00,1542.25,1546.00,1552.00,1546.00,day,1,1545.50,1540.75,1542.00,1545.50,1542.00,above_range
2013-03-11,2.00,start,migration,0.50,,,,448,2013-03-11,1,1556.00,1547.00,1552.00,1556.00,1548.00,day,1,1552.00,1542.25,1546.00,1552.00,1546.00,in_value
2013-03-12,2.00,added,,1.00,0.42,False,0.33,448,2013-03-11,2,1551.00,1541.50,1544.00,1550.00,1544.00,day,1,1550.50,1541.50,1546.50,1550.50,1542.50,in_value
2013-03-13,2.00,added,,1.00,0.42,False,0.33,448,2013-03-11,3,1551.00,1541.50,1544.00,1550.00,1544.00,composite,2,1551.00,1541.50,1544.00,1550.00,1544.00,in_value
2013-03-14,2.00,start,migration,0.00,,,,449,2013-03-14,1,1557.25,1551.75,1554.00,1556.00,1551.75,composite,3,1551.00,1541.50,1544.00,1550.00,1544.00,above_range
2013-03-15,2.00,added,,0.71,0.70,False,0.33,449,2013-03-14,2,1557.25,1549.00,1554.00,1556.00,1550.00,day,1,1557.25,1551.75,1554.00,1556.00,1551.75,in_value
2013-03-18,2.00,start,migration,0.29,,,,450,2013-03-18,1,1552.50,1537.75,1548.00,1552.50,1544.00,composite,2,1557.25,1549.00,1554.00,1556.00,1550.00,below_range
2013-03-19,2.00,start,migration,0.14,,,,451,2013-03-19,1,1551.00,1531.75,1536.00,1546.00,1532.00,day,1,1552.50,1537.75,1548.00,1552.50,1544.00,in_value
2013-03-20,2.00,start,migration,0.00,,,,452,2013-03-20,1,1555.75,1548.75,1550.00,1555.75,1550.00,day,1,1551.00,1531.75,1536.00,1546.00,1532.00,above_range
2013-03-21,2.00,start,migration,0.00,,,,453,2013-03-21,1,1549.00,1536.50,1542.00,1548.00,1538.00,day,1,1555.75,1548.75,1550.00,1555.75,1550.00,below_range
2013-03-22,2.00,added,,0.67,0.69,False,1.00,453,2013-03-21,2,1551.75,1536.50,1546.00,1551.75,1542.00,day,1,1549.00,1536.50,1542.00,1548.00,1538.00,in_value
2013-03-25,2.00,added,,0.80,0.46,False,1.00,453,2013-03-21,3,1558.50,1536.50,1546.00,1552.00,1542.00,composite,2,1551.75,1536.50,1546.00,1551.75,1542.00,above_range
2013-03-26,2.00,start,migration,0.30,,,,454,2013-03-26,1,1558.50,1550.25,1554.00,1556.00,1550.25,composite,3,1558.50,1536.50,1546.00,1552.00,1542.00,in_value
2013-03-27,2.00,added,,0.70,0.69,False,0.33,454,2013-03-26,2,1558.50,1545.75,1554.00,1556.00,1550.00,day,1,1558.50,1550.25,1554.00,1556.00,1550.25,below_range
2013-03-28,2.00,start,migration,0.00,,,,455,2013-03-28,1,1564.50,1554.50,1560.00,1562.00,1556.00,composite,2,1558.50,1545.75,1554.00,1556.00,1550.00,above_value
2013-04-01,2.00,start,migration,0.36,,,,456,2013-04-01,1,1565.00,1552.50,1556.00,1558.00,1552.50,day,1,1564.50,1554.50,1560.00,1562.00,1556.00,in_value
2013-04-02,2.00,start,migration,0.00,,,,457,2013-04-02,1,1568.00,1559.50,1564.00,1568.00,1564.00,day,1,1565.00,1552.50,1556.00,1558.00,1552.50,above_value
2013-04-03,2.00,start,migration,0.00,,,,458,2013-04-03,1,1566.25,1544.00,1550.00,1560.00,1546.00,day,1,1568.00,1559.50,1564.00,1568.00,1564.00,in_value
2013-04-04,2.00,added,,1.00,0.29,False,1.00,458,2013-04-03,2,1566.25,1544.00,1550.00,1556.00,1546.00,day,1,1566.25,1544.00,1550.00,1560.00,1546.00,in_value
2013-04-05,2.00,start,migration,0.00,,,,459,2013-04-05,1,1549.25,1533.25,1540.00,1546.00,1536.00,composite,2,1566.25,1544.00,1550.00,1556.00,1546.00,below_range
2013-04-08,2.00,start,migration,0.33,,,,460,2013-04-08,1,1558.25,1543.00,1546.00,1552.00,1543.00,day,1,1549.25,1533.25,1540.00,1546.00,1536.00,above_value
2013-04-09,2.00,start,migration,0.00,,,,461,2013-04-09,1,1569.00,1555.50,1560.00,1566.00,1556.00,day,1,1558.25,1543.00,1546.00,1552.00,1543.00,above_range
2013-04-10,2.00,start,migration,0.00,,,,462,2013-04-10,1,1584.50,1567.00,1580.00,1584.50,1576.00,day,1,1569.00,1555.50,1560.00,1566.00,1556.00,above_value
2013-04-11,2.00,start,migration,0.06,,,,463,2013-04-11,1,1593.00,1581.00,1588.00,1593.00,1584.00,day,1,1584.50,1567.00,1580.00,1584.50,1576.00,in_value
2013-04-12,2.00,start,migration,0.20,,,,464,2013-04-12,1,1586.25,1575.00,1580.00,1586.00,1576.00,day,1,1593.00,1581.00,1588.00,1593.00,1584.00,below_value
2013-04-15,2.00,start,migration,0.00,,,,465,2013-04-15,1,1577.00,1546.50,1560.00,1574.00,1552.00,day,1,1586.25,1575.00,1580.00,1586.00,1576.00,below_value
2013-04-16,2.00,added,,1.00,0.53,False,1.00,465,2013-04-15,2,1577.00,1546.50,1562.00,1572.00,1554.00,day,1,1577.00,1546.50,1560.00,1574.00,1552.00,in_value
2013-04-17,2.00,start,migration,0.00,,,,466,2013-04-17,1,1558.75,1538.00,1544.00,1550.00,1540.00,composite,2,1577.00,1546.50,1562.00,1572.00,1554.00,in_value
2013-04-18,2.00,added,,0.60,0.43,False,0.60,466,2013-04-17,2,1558.75,1530.75,1542.00,1548.00,1534.00,day,1,1558.75,1538.00,1544.00,1550.00,1540.00,in_value
2013-04-19,2.00,added,,0.69,0.50,False,1.00,466,2013-04-17,3,1558.75,1530.75,1544.00,1550.00,1540.00,composite,2,1558.75,1530.75,1542.00,1548.00,1534.00,in_value
2013-04-22,2.00,start,migration,0.43,,,,467,2013-04-22,1,1561.00,1542.75,1552.00,1558.00,1544.00,composite,3,1558.75,1530.75,1544.00,1550.00,1540.00,above_value
2013-04-23,2.00,start,migration,0.00,,,,468,2013-04-23,1,1574.75,1557.00,1570.00,1574.75,1566.00,day,1,1561.00,1542.75,1552.00,1558.00,1544.00,above_range
2013-04-24,2.00,start,migration,0.17,,,,469,2013-04-24,1,1578.50,1570.75,1574.00,1578.50,1574.00,day,1,1574.75,1557.00,1570.00,1574.75,1566.00,in_value
2013-04-25,2.00,start,migration,0.05,,,,470,2013-04-25,1,1588.25,1576.50,1582.00,1588.00,1578.00,day,1,1578.50,1570.75,1574.00,1578.50,1574.00,above_range
2013-04-26,2.00,added,,0.64,0.39,False,1.00,470,2013-04-25,2,1588.25,1572.50,1578.00,1584.00,1574.00,day,1,1588.25,1576.50,1582.00,1588.00,1578.00,in_value
2013-04-29,2.00,start,migration,0.20,,,,471,2013-04-29,1,1592.25,1579.50,1586.00,1592.00,1582.00,composite,2,1588.25,1572.50,1578.00,1584.00,1574.00,in_value
2013-04-30,2.00,skipped_shape,,0.94,0.81,False,0.20,471,2013-04-29,1,1592.25,1579.50,1586.00,1592.00,1582.00,day,1,1592.25,1579.50,1586.00,1592.00,1582.00,in_value
2013-05-01,2.00,skipped_daytype,,0.79,,,,471,2013-04-29,1,1592.25,1579.50,1586.00,1592.00,1582.00,day,1,1592.50,1581.25,1588.00,1592.50,1584.00,in_value
2013-05-02,2.00,added,,0.80,0.72,False,1.00,471,2013-04-29,2,1594.25,1579.50,1590.00,1594.25,1586.00,day,1,1589.50,1576.00,1584.00,1589.50,1580.00,in_value
2013-05-03,2.00,start,migration,0.00,,,,472,2013-05-03,1,1614.25,1605.50,1610.00,1614.25,1610.00,composite,2,1594.25,1579.50,1590.00,1594.25,1586.00,above_range
2013-05-06,2.00,added,,0.84,0.75,False,0.33,472,2013-05-03,2,1615.25,1605.50,1612.00,1614.00,1608.00,day,1,1614.25,1605.50,1610.00,1614.25,1610.00,in_value
2013-05-07,2.00,start,migration,0.00,,,,473,2013-05-07,1,1621.75,1611.75,1618.00,1620.00,1614.00,composite,2,1615.25,1605.50,1612.00,1614.00,1608.00,above_range
2013-05-08,2.00,start,migration,0.00,,,,474,2013-05-08,1,1629.25,1618.50,1626.00,1628.00,1622.00,day,1,1621.75,1611.75,1618.00,1620.00,1614.00,in_value
2013-05-09,2.00,added,,0.60,0.56,False,0.33,474,2013-05-08,2,1632.25,1618.50,1626.00,1628.00,1622.00,day,1,1629.25,1618.50,1626.00,1628.00,1622.00,in_value
2013-05-10,2.00,added,,0.67,0.56,False,0.33,474,2013-05-08,3,1632.25,1618.50,1626.00,1628.00,1622.00,composite,2,1632.25,1618.50,1626.00,1628.00,1622.00,in_value
2013-05-13,2.00,start,migration,0.00,,,,475,2013-05-13,1,1633.25,1623.25,1628.00,1633.25,1628.00,composite,3,1632.25,1618.50,1626.00,1628.00,1622.00,in_value
2013-05-14,2.00,start,migration,0.00,,,,476,2013-05-14,1,1648.75,1631.50,1644.00,1648.75,1640.00,day,1,1633.25,1623.25,1628.00,1633.25,1628.00,in_value
2013-05-15,2.00,start,migration,0.07,,,,477,2013-05-15,1,1659.75,1644.25,1652.00,1658.00,1648.00,day,1,1648.75,1631.50,1644.00,1648.75,1640.00,in_value
2013-05-16,2.00,added,,1.00,0.69,False,1.00,477,2013-05-15,2,1659.75,1644.25,1654.00,1659.75,1650.00,day,1,1659.75,1644.25,1652.00,1658.00,1648.00,in_value
2013-05-17,2.00,skipped_daytype,,0.76,,,,477,2013-05-15,2,1659.75,1644.25,1654.00,1659.75,1650.00,composite,2,1659.75,1644.25,1654.00,1659.75,1650.00,in_value
2013-05-20,2.00,start,migration,0.00,,,,478,2013-05-20,1,1670.75,1661.00,1664.00,1670.00,1664.00,composite,2,1659.75,1644.25,1654.00,1659.75,1650.00,above_range
2013-05-21,2.00,skipped_shape,,0.65,0.64,False,0.20,478,2013-05-20,1,1670.75,1661.00,1664.00,1670.00,1664.00,day,1,1670.75,1661.00,1664.00,1670.00,1664.00,in_value
2013-05-22,2.00,start,migration,0.23,,,,479,2013-05-22,1,1685.75,1646.50,1676.00,1685.75,1660.00,day,1,1673.25,1660.00,1668.00,1673.25,1664.00,in_value
2013-05-23,2.00,start,migration,0.00,,,,480,2013-05-23,1,1654.00,1634.25,1646.00,1652.00,1638.00,day,1,1685.75,1646.50,1676.00,1685.75,1660.00,below_range
2013-05-24,2.00,added,,1.00,0.59,False,0.60,480,2013-05-23,2,1654.00,1634.25,1646.00,1652.00,1638.00,day,1,1654.00,1634.25,1646.00,1652.00,1638.00,in_value
2013-05-28,2.00,start,migration,0.00,,,,481,2013-05-28,1,1672.75,1652.75,1664.00,1670.00,1656.00,composite,2,1654.00,1634.25,1646.00,1652.00,1638.00,above_range
2013-05-29,2.00,start,migration,0.00,,,,482,2013-05-29,1,1652.75,1638.00,1646.00,1652.00,1642.00,day,1,1672.75,1652.75,1664.00,1670.00,1656.00,below_range
2013-05-30,2.00,start,migration,0.00,,,,483,2013-05-30,1,1660.75,1646.75,1656.00,1660.75,1652.00,day,1,1652.75,1638.00,1646.00,1652.00,1642.00,in_value
2013-05-31,2.00,start,migration,0.29,,,,484,2013-05-31,1,1658.00,1628.25,1650.00,1656.00,1642.00,day,1,1660.75,1646.75,1656.00,1660.75,1652.00,below_value
2013-06-03,2.00,start,migration,0.00,,,,485,2013-06-03,1,1639.00,1620.75,1626.00,1632.00,1622.00,day,1,1658.00,1628.25,1650.00,1656.00,1642.00,below_value
2013-06-04,2.00,start,migration,0.29,,,,486,2013-06-04,1,1645.75,1621.50,1640.00,1642.00,1628.00,day,1,1639.00,1620.75,1626.00,1632.00,1622.00,above_value
2013-06-05,2.00,start,migration,0.00,,,,487,2013-06-05,1,1628.75,1605.50,1612.00,1618.00,1605.50,day,1,1645.75,1621.50,1640.00,1642.00,1628.00,below_value
2013-06-06,2.00,added,,0.75,0.50,False,0.60,487,2013-06-05,2,1628.75,1596.50,1612.00,1618.00,1604.00,day,1,1628.75,1605.50,1612.00,1618.00,1605.50,in_value
2013-06-07,2.00,start,migration,0.00,,,,488,2013-06-07,1,1644.00,1625.75,1636.00,1642.00,1632.00,composite,2,1628.75,1596.50,1612.00,1618.00,1604.00,above_range
2013-06-10,2.00,start,migration,0.39,,,,489,2013-06-10,1,1648.50,1638.25,1642.00,1648.00,1638.25,day,1,1644.00,1625.75,1636.00,1642.00,1632.00,above_range
2013-06-11,2.00,start,migration,0.00,,,,490,2013-06-11,1,1639.75,1621.50,1628.00,1638.00,1624.00,day,1,1648.50,1638.25,1642.00,1648.00,1638.25,below_range
2013-06-12,2.00,start,migration,0.22,,,,491,2013-06-12,1,1638.25,1610.00,1618.00,1628.00,1610.00,day,1,1639.75,1621.50,1628.00,1638.00,1624.00,in_value
2013-06-13,2.00,skipped_daytype,,0.78,,,,491,2013-06-12,1,1638.25,1610.00,1618.00,1628.00,1610.00,day,1,1638.25,1610.00,1618.00,1628.00,1610.00,in_value
2013-06-14,2.00,start,migration,0.40,,,,492,2013-06-14,1,1640.75,1623.25,1628.00,1634.00,1624.00,day,1,1639.50,1607.25,1618.00,1632.00,1614.00,above_value
2013-06-17,2.00,start,migration,0.00,,,,493,2013-06-17,1,1641.00,1623.75,1636.00,1641.00,1632.00,day,1,1634.50,1617.00,1621.75,1627.75,1617.75,above_value
2013-06-18,2.00,start,migration,0.30,,,,494,2013-06-18,1,1648.75,1633.50,1642.00,1648.00,1638.00,day,1,1641.00,1623.75,1636.00,1641.00,1632.00,in_value
2013-06-19,2.00,skipped_daytype,,0.70,,,,494,2013-06-18,1,1648.75,1633.50,1642.00,1648.00,1638.00,day,1,1648.75,1633.50,1642.00,1648.00,1638.00,in_value
2013-06-20,2.00,start,migration,0.00,,,,495,2013-06-20,1,1609.00,1577.00,1596.00,1609.00,1592.00,day,1,1647.50,1622.00,1642.00,1647.50,1634.00,below_range
2013-06-21,2.00,start,migration,0.00,,,,496,2013-06-21,1,1593.75,1570.50,1584.00,1590.00,1576.00,day,1,1609.00,1577.00,1596.00,1609.00,1592.00,in_value
2013-06-24,2.00,start,migration,0.00,,,,497,2013-06-24,1,1580.25,1553.25,1558.00,1572.00,1554.00,day,1,1593.75,1570.50,1584.00,1590.00,1576.00,below_range
2013-06-25,2.00,start,migration,0.00,,,,498,2013-06-25,1,1587.75,1570.00,1580.00,1586.00,1576.00,day,1,1580.25,1553.25,1558.00,1572.00,1554.00,above_range
2013-06-26,2.00,start,migration,0.00,,,,499,2013-06-26,1,1601.25,1588.50,1594.00,1600.00,1590.00,day,1,1587.75,1570.00,1580.00,1586.00,1576.00,above_range
2013-06-27,2.00,start,migration,0.00,,,,500,2013-06-27,1,1614.25,1605.25,1608.00,1614.00,1608.00,day,1,1601.25,1588.50,1594.00,1600.00,1590.00,above_range
2013-06-28,2.00,start,migration,0.18,,,,501,2013-06-28,1,1609.75,1594.25,1604.00,1609.75,1600.00,day,1,1614.25,1605.25,1608.00,1614.00,1608.00,below_range
2013-07-01,2.00,start,migration,0.00,,,,502,2013-07-01,1,1620.50,1606.00,1616.00,1620.50,1612.00,day,1,1609.75,1594.25,1604.00,1609.75,1600.00,in_value
2013-07-02,2.00,added,,0.52,0.68,False,1.00,502,2013-07-01,2,1620.50,1600.25,1614.00,1620.00,1610.00,day,1,1620.50,1606.00,1616.00,1620.50,1612.00,below_value
2013-07-03,2.00,start,migration,0.23,,,,503,2013-07-03,1,1613.00,1597.25,1604.00,1613.00,1600.00,composite,2,1620.50,1600.25,1614.00,1620.00,1610.00,below_range
2013-07-05,2.00,start,migration,0.00,,,,504,2013-07-05,1,1626.25,1608.25,1618.00,1624.00,1614.00,day,1,1613.00,1597.25,1604.00,1613.00,1600.00,above_range
2013-07-08,2.00,start,migration,0.00,,,,505,2013-07-08,1,1639.50,1631.25,1634.00,1639.50,1631.25,day,1,1626.25,1608.25,1618.00,1624.00,1614.00,above_range
2013-07-09,2.00,start,migration,0.00,,,,506,2013-07-09,1,1649.00,1638.25,1646.00,1648.00,1642.00,day,1,1639.50,1631.25,1634.00,1639.50,1631.25,above_range
2013-07-10,2.00,added,,0.71,0.44,False,0.33,506,2013-07-09,2,1653.00,1638.25,1644.00,1650.00,1644.00,day,1,1649.00,1638.25,1646.00,1648.00,1642.00,in_value
2013-07-11,2.00,start,migration,0.00,,,,507,2013-07-11,1,1671.75,1660.75,1664.00,1670.00,1660.75,composite,2,1653.00,1638.25,1644.00,1650.00,1644.00,above_range
2013-07-12,2.00,start,migration,0.33,,,,508,2013-07-12,1,1674.25,1667.00,1668.00,1674.00,1668.00,day,1,1671.75,1660.75,1664.00,1670.00,1660.75,in_value
2013-07-15,2.00,start,migration,0.30,,,,509,2013-07-15,1,1679.50,1672.25,1676.00,1678.00,1672.25,day,1,1674.25,1667.00,1668.00,1674.00,1668.00,above_range
2013-07-16,2.00,start,migration,0.40,,,,510,2013-07-16,1,1679.50,1666.50,1670.00,1676.00,1666.50,day,1,1679.50,1672.25,1676.00,1678.00,1672.25,above_value
2013-07-17,2.00,skipped_shape,,0.62,0.69,False,0.20,510,2013-07-16,1,1679.50,1666.50,1670.00,1676.00,1666.50,day,1,1679.50,1666.50,1670.00,1676.00,1666.50,above_value
2013-07-18,2.00,start,migration,0.00,,,,511,2013-07-18,1,1688.50,1677.50,1684.00,1688.50,1680.00,day,1,1680.50,1672.75,1676.00,1678.00,1672.75,above_value
2013-07-19,2.00,added,,1.00,0.64,False,0.33,511,2013-07-18,2,1688.50,1677.50,1684.00,1686.00,1680.00,day,1,1688.50,1677.50,1684.00,1688.50,1680.00,in_value
2013-07-22,2.00,start,migration,0.00,,,,512,2013-07-22,1,1693.00,1685.50,1690.00,1692.00,1686.00,composite,2,1688.50,1677.50,1684.00,1686.00,1680.00,above_range
2013-07-23,2.00,added,,0.67,0.42,False,0.33,512,2013-07-22,2,1694.00,1685.50,1688.00,1694.00,1688.00,day,1,1693.00,1685.50,1690.00,1692.00,1686.00,above_range
2013-07-24,2.00,start,migration,0.00,,,,513,2013-07-24,1,1694.50,1677.25,1680.00,1686.00,1677.25,composite,2,1694.00,1685.50,1688.00,1694.00,1688.00,in_value
2013-07-25,2.00,added,,0.88,0.32,False,1.00,513,2013-07-24,2,1694.50,1674.75,1680.00,1686.00,1676.00,day,1,1694.50,1677.25,1680.00,1686.00,1677.25,in_value
2013-07-26,2.00,added,,0.80,0.42,False,1.00,513,2013-07-24,3,1694.50,1670.50,1680.00,1686.00,1676.00,composite,2,1694.50,1674.75,1680.00,1686.00,1676.00,in_value
2013-07-29,2.00,added,,1.00,0.42,False,1.00,513,2013-07-24,4,1694.50,1670.50,1680.00,1686.00,1676.00,composite,3,1694.50,1670.50,1680.00,1686.00,1676.00,in_value
2013-07-30,2.00,added,,1.00,0.42,False,1.00,513,2013-07-24,5,1694.50,1670.50,1680.00,1686.00,1676.00,composite,4,1694.50,1670.50,1680.00,1686.00,1676.00,above_value
2013-07-31,2.00,start,migration,0.20,,,,514,2013-07-31,1,1694.00,1680.25,1688.00,1694.00,1684.00,composite,5,1694.50,1670.50,1680.00,1686.00,1676.00,in_value
2013-08-01,2.00,start,migration,0.00,,,,515,2013-08-01,1,1703.75,1694.25,1698.00,1703.75,1698.00,day,1,1694.00,1680.25,1688.00,1694.00,1684.00,above_range
2013-08-02,2.00,added,,0.67,0.42,False,0.33,515,2013-08-01,2,1705.00,1694.25,1698.00,1704.00,1698.00,day,1,1703.75,1694.25,1698.00,1703.75,1698.00,in_value
2013-08-05,2.00,added,,1.00,0.58,False,1.00,515,2013-08-01,3,1705.00,1694.25,1700.00,1705.00,1696.00,composite,2,1705.00,1694.25,1698.00,1704.00,1698.00,in_value
2013-08-06,2.00,start,migration,0.22,,,,516,2013-08-06,1,1700.50,1688.75,1692.00,1698.00,1688.75,composite,3,1705.00,1694.25,1700.00,1705.00,1696.00,in_value
2013-08-07,2.00,start,migration,0.14,,,,517,2013-08-07,1,1689.50,1680.50,1684.00,1689.50,1684.00,day,1,1700.50,1688.75,1692.00,1698.00,1688.75,below_range
2013-08-08,2.00,start,migration,0.35,,,,518,2013-08-08,1,1697.00,1684.50,1694.00,1696.00,1686.00,day,1,1689.50,1680.50,1684.00,1689.50,1684.00,above_range
2013-08-09,2.00,skipped_shape,,0.80,0.44,False,0.20,518,2013-08-08,1,1697.00,1684.50,1694.00,1696.00,1686.00,day,1,1697.00,1684.50,1694.00,1696.00,1686.00,in_value
2013-08-12,2.00,skipped_shape,,0.53,0.35,False,0.14,518,2013-08-08,1,1697.00,1684.50,1694.00,1696.00,1686.00,day,1,1696.25,1682.50,1688.00,1694.00,1684.00,below_range
2013-08-13,2.00,added,,0.68,0.65,False,1.00,518,2013-08-08,2,1697.00,1679.25,1690.00,1696.00,1686.00,day,1,1688.25,1678.75,1684.00,1688.25,1684.00,above_range
2013-08-14,2.00,start,migration,0.50,,,,519,2013-08-14,1,1693.25,1682.00,1684.00,1690.00,1682.00,composite,2,1697.00,1679.25,1690.00,1696.00,1686.00,in_value
2013-08-15,2.00,start,migration,0.00,,,,520,2013-08-15,1,1669.25,1655.75,1660.00,1666.00,1656.00,day,1,1693.25,1682.00,1684.00,1690.00,1682.00,below_range
2013-08-16,2.00,added,,0.58,0.41,False,1.00,520,2013-08-15,2,1669.25,1649.50,1656.00,1662.00,1652.00,day,1,1669.25,1655.75,1660.00,1666.00,1656.00,below_value
2013-08-19,2.00,start,migration,0.39,,,,521,2013-08-19,1,1657.00,1642.25,1652.00,1657.00,1644.00,composite,2,1669.25,1649.50,1656.00,1662.00,1652.00,below_value
2013-08-20,2.00,added,,1.00,0.69,False,1.00,521,2013-08-19,2,1657.00,1642.25,1652.00,1657.00,1648.00,day,1,1657.00,1642.25,1652.00,1657.00,1644.00,in_value
2013-08-21,2.00,start,migration,0.20,,,,522,2013-08-21,1,1654.75,1636.25,1644.00,1650.00,1640.00,composite,2,1657.00,1642.25,1652.00,1657.00,1648.00,below_value
2013-08-22,2.00,start,migration,0.40,,,,523,2013-08-22,1,1657.75,1643.25,1650.00,1656.00,1646.00,day,1,1654.75,1636.25,1644.00,1650.00,1640.00,in_value
2013-08-23,2.00,start,migration,0.00,,,,524,2013-08-23,1,1662.75,1652.25,1656.00,1662.00,1656.00,day,1,1657.75,1643.25,1650.00,1656.00,1646.00,above_range
2013-08-26,2.00,start,migration,0.27,,,,525,2013-08-26,1,1667.50,1653.50,1664.00,1667.50,1660.00,day,1,1662.75,1652.25,1656.00,1662.00,1656.00,above_value
2013-08-27,2.00,start,migration,0.00,,,,526,2013-08-27,1,1644.25,1626.25,1636.00,1642.00,1632.00,day,1,1667.50,1653.50,1664.00,1667.50,1660.00,below_range
2013-08-28,2.00,added,,1.00,0.59,False,1.00,526,2013-08-27,2,1644.25,1624.75,1636.00,1642.00,1632.00,day,1,1644.25,1626.25,1636.00,1642.00,1632.00,below_value
2013-08-29,2.00,added,,0.80,0.59,False,1.00,526,2013-08-27,3,1644.75,1624.75,1636.00,1642.00,1632.00,composite,2,1644.25,1624.75,1636.00,1642.00,1632.00,below_value
2013-08-30,2.00,start,migration,0.40,,,,527,2013-08-30,1,1639.50,1625.50,1630.00,1636.00,1626.00,composite,3,1644.75,1624.75,1636.00,1642.00,1632.00,in_value
2013-09-03,2.00,start,migration,0.40,,,,528,2013-09-03,1,1650.00,1630.75,1634.00,1644.00,1630.75,day,1,1639.50,1625.50,1630.00,1636.00,1626.00,above_range
2013-09-04,2.00,start,migration,0.00,,,,529,2013-09-04,1,1654.75,1635.25,1652.00,1654.00,1644.00,day,1,1650.00,1630.75,1634.00,1644.00,1630.75,in_value
2013-09-05,2.00,start,migration,0.39,,,,530,2013-09-05,1,1658.25,1651.25,1654.00,1658.25,1651.25,day,1,1654.75,1635.25,1652.00,1654.00,1644.00,in_value
2013-09-06,2.00,start,migration,0.50,,,,531,2013-09-06,1,1664.00,1638.75,1658.00,1664.00,1650.00,day,1,1658.25,1651.25,1654.00,1658.25,1651.25,above_range
2013-09-09,2.00,start,migration,0.40,,,,532,2013-09-09,1,1671.75,1658.25,1664.00,1670.00,1660.00,day,1,1664.00,1638.75,1658.00,1664.00,1650.00,in_value
2013-09-10,2.00,start,migration,0.00,,,,533,2013-09-10,1,1683.25,1676.75,1680.00,1682.00,1676.75,day,1,1671.75,1658.25,1664.00,1670.00,1660.00,above_range
2013-09-11,2.00,start,migration,0.23,,,,534,2013-09-11,1,1688.50,1677.75,1684.00,1688.50,1680.00,day,1,1683.25,1676.75,1680.00,1682.00,1676.75,in_value
2013-09-12,2.00,added,,0.75,0.56,False,1.00,534,2013-09-11,2,1690.00,1677.75,1684.00,1690.00,1680.00,day,1,1688.50,1677.75,1684.00,1688.50,1680.00,in_value
2013-09-13,2.00,added,,1.00,0.69,False,0.33,534,2013-09-11,3,1690.00,1677.75,1686.00,1688.00,1682.00,composite,2,1690.00,1677.75,1684.00,1690.00,1680.00,in_value
2013-09-16,2.00,start,migration,0.00,,,,535,2013-09-16,1,1700.50,1688.00,1694.00,1700.00,1690.00,composite,3,1683.25,1671.00,1679.25,1681.25,1675.25,above_range
2013-09-17,2.00,added,,1.00,0.64,False,0.33,535,2013-09-16,2,1700.50,1688.00,1696.00,1698.00,1692.00,day,1,1700.50,1688.00,1694.00,1700.00,1690.00,in_value
2013-09-18,2.00,start,migration,0.21,,,,536,2013-09-18,1,1723.25,1693.25,1694.00,1716.00,1693.25,composite,2,1700.50,1688.00,1696.00,1698.00,1692.00,in_value
2013-09-19,2.00,start,migration,0.31,,,,537,2013-09-19,1,1723.75,1713.25,1716.00,1722.00,1713.25,day,1,1723.25,1693.25,1694.00,1716.00,1693.25,above_value
2013-09-20,2.00,start,migration,0.28,,,,538,2013-09-20,1,1719.25,1701.25,1706.00,1716.00,1706.00,day,1,1723.75,1713.25,1716.00,1722.00,1713.25,in_value
2013-09-23,2.00,start,migration,0.00,,,,539,2013-09-23,1,1702.25,1689.50,1694.00,1700.00,1690.00,day,1,1719.25,1701.25,1706.00,1716.00,1706.00,below_range
2013-09-24,2.00,added,,0.89,0.61,False,1.00,539,2013-09-23,2,1702.25,1687.50,1696.00,1702.00,1692.00,day,1,1702.25,1689.50,1694.00,1700.00,1690.00,in_value
2013-09-25,2.00,start,migration,0.21,,,,540,2013-09-25,1,1695.00,1684.50,1688.00,1694.00,1684.50,composite,2,1702.25,1687.50,1696.00,1702.00,1692.00,in_value
2013-09-26,2.00,added,,0.80,0.36,False,0.33,540,2013-09-25,2,1697.50,1684.50,1688.00,1694.00,1688.00,day,1,1695.00,1684.50,1688.00,1694.00,1684.50,in_value
2013-09-27,2.00,start,migration,0.00,,,,541,2013-09-27,1,1686.75,1680.00,1684.00,1686.00,1680.00,composite,2,1697.50,1684.50,1688.00,1694.00,1688.00,below_range
2013-09-30,2.00,start,migration,0.00,,,,542,2013-09-30,1,1681.00,1666.75,1674.00,1680.00,1674.00,day,1,1686.75,1680.00,1684.00,1686.00,1680.00,below_range
2013-10-01,2.00,start,migration,0.00,,,,543,2013-10-01,1,1690.50,1675.25,1686.00,1690.50,1682.00,day,1,1681.00,1666.75,1674.00,1680.00,1674.00,in_value
2013-10-02,2.00,added,,0.58,0.55,False,1.00,543,2013-10-01,2,1690.50,1673.25,1682.00,1688.00,1678.00,day,1,1690.50,1675.25,1686.00,1690.50,1682.00,below_value
2013-10-03,2.00,start,migration,0.00,,,,544,2013-10-03,1,1684.75,1663.25,1672.00,1678.00,1668.00,composite,2,1690.50,1673.25,1682.00,1688.00,1678.00,in_value
2013-10-04,2.00,start,migration,0.40,,,,545,2013-10-04,1,1686.00,1670.25,1682.00,1684.00,1674.00,day,1,1684.75,1663.25,1672.00,1678.00,1668.00,in_value
2013-10-07,2.00,added,,1.00,0.50,False,1.00,545,2013-10-04,2,1686.00,1667.25,1676.00,1682.00,1672.00,day,1,1686.00,1670.25,1682.00,1684.00,1674.00,below_range
2013-10-08,2.00,start,migration,0.00,,,,546,2013-10-08,1,1671.25,1648.25,1654.00,1664.00,1650.00,composite,2,1686.00,1667.25,1676.00,1682.00,1672.00,below_value
2013-10-09,2.00,start,migration,0.40,,,,547,2013-10-09,1,1656.75,1640.00,1652.00,1654.00,1644.00,day,1,1671.25,1648.25,1654.00,1664.00,1650.00,in_value
2013-10-10,2.00,start,migration,0.00,,,,548,2013-10-10,1,1687.75,1667.25,1678.00,1680.00,1670.00,day,1,1656.75,1640.00,1652.00,1654.00,1644.00,above_range
2013-10-11,2.00,start,migration,0.00,,,,549,2013-10-11,1,1698.25,1682.50,1694.00,1698.25,1690.00,day,1,1687.75,1667.25,1678.00,1680.00,1670.00,above_value
2013-10-14,2.00,start,migration,0.46,,,,550,2013-10-14,1,1706.00,1685.50,1700.00,1706.00,1688.00,day,1,1698.25,1682.50,1694.00,1698.25,1690.00,below_value
2013-10-15,2.00,added,,1.00,0.71,False,0.60,550,2013-10-14,2,1706.50,1685.50,1700.00,1706.00,1692.00,day,1,1706.00,1685.50,1700.00,1706.00,1688.00,in_value
2013-10-16,2.00,start,migration,0.00,,,,551,2013-10-16,1,1717.00,1701.25,1712.00,1717.00,1708.00,composite,2,1706.50,1685.50,1700.00,1706.00,1692.00,in_value
2013-10-17,2.00,start,migration,0.21,,,,552,2013-10-17,1,1728.50,1708.50,1722.00,1728.00,1714.00,day,1,1717.00,1701.25,1712.00,1717.00,1708.00,in_value
2013-10-18,2.00,start,migration,0.00,,,,553,2013-10-18,1,1740.25,1730.25,1734.00,1740.00,1730.25,day,1,1728.50,1708.50,1722.00,1728.00,1714.00,above_range
2013-10-21,2.00,added,,1.00,0.64,False,0.33,553,2013-10-18,2,1742.50,1730.25,1738.00,1740.00,1734.00,day,1,1740.25,1730.25,1734.00,1740.00,1730.25,in_value
2013-10-22,2.00,start,migration,0.00,,,,554,2013-10-22,1,1754.50,1741.75,1746.00,1752.00,1742.00,composite,2,1742.50,1730.25,1738.00,1740.00,1734.00,above_range
2013-10-23,2.00,start,migration,0.33,,,,555,2013-10-23,1,1744.00,1734.50,1738.00,1744.00,1738.00,day,1,1754.50,1741.75,1746.00,1752.00,1742.00,in_value
2013-10-24,2.00,start,migration,0.00,,,,556,2013-10-24,1,1749.00,1740.00,1744.00,1749.00,1744.00,day,1,1744.00,1734.50,1738.00,1744.00,1738.00,above_range
2013-10-25,2.00,start,migration,0.43,,,,557,2013-10-25,1,1754.75,1746.75,1750.00,1752.00,1746.75,day,1,1749.00,1740.00,1744.00,1749.00,1744.00,above_range
2013-10-28,2.00,start,migration,0.00,,,,558,2013-10-28,1,1760.00,1752.00,1756.00,1758.00,1752.00,day,1,1754.75,1746.75,1750.00,1752.00,1746.75,above_value
2013-10-29,2.00,start,migration,0.00,,,,559,2013-10-29,1,1767.75,1759.00,1762.00,1767.75,1762.00,day,1,1760.00,1752.00,1756.00,1758.00,1752.00,above_range
2013-10-30,2.00,start,migration,0.41,,,,560,2013-10-30,1,1770.50,1751.75,1762.00,1768.00,1754.00,day,1,1767.75,1759.00,1762.00,1767.75,1762.00,above_range
2013-10-31,2.00,added,,1.00,0.41,False,0.60,560,2013-10-30,2,1770.50,1750.25,1758.00,1768.00,1754.00,day,1,1770.50,1751.75,1762.00,1768.00,1754.00,in_value
2013-11-01,2.00,start,migration,0.40,,,,561,2013-11-01,1,1761.25,1747.00,1752.00,1758.00,1748.00,composite,2,1770.50,1750.25,1758.00,1768.00,1754.00,in_value
2013-11-04,2.00,start,migration,0.00,,,,562,2013-11-04,1,1763.75,1756.00,1758.00,1763.75,1758.00,day,1,1761.25,1747.00,1752.00,1758.00,1748.00,above_range
2013-11-05,2.00,added,,0.52,0.64,False,0.33,562,2013-11-04,2,1763.75,1750.50,1758.00,1763.75,1758.00,day,1,1763.75,1756.00,1758.00,1763.75,1758.00,below_value
2013-11-06,2.00,start,migration,0.38,,,,563,2013-11-06,1,1770.00,1760.00,1764.00,1770.00,1760.00,composite,2,1763.75,1750.50,1758.00,1763.75,1758.00,above_range
2013-11-07,2.00,start,migration,0.00,,,,564,2013-11-07,1,1771.50,1742.25,1758.00,1760.00,1746.00,day,1,1770.00,1760.00,1764.00,1770.00,1760.00,in_value
2013-11-08,2.00,added,,0.57,0.57,False,0.60,564,2013-11-07,2,1771.50,1742.25,1758.00,1764.00,1750.00,day,1,1771.50,1742.25,1758.00,1760.00,1746.00,below_value
2013-11-11,2.00,start,migration,0.00,,,,565,2013-11-11,1,1770.25,1764.00,1766.00,1770.25,1766.00,composite,2,1771.50,1742.25,1758.00,1764.00,1750.00,above_value
2013-11-12,2.00,start,migration,0.21,,,,566,2013-11-12,1,1768.50,1758.50,1762.00,1768.00,1758.50,day,1,1770.25,1764.00,1766.00,1770.25,1766.00,below_value
2013-11-13,2.00,skipped_daytype,,0.68,,,,566,2013-11-12,1,1768.50,1758.50,1762.00,1768.00,1758.50,day,1,1768.50,1758.50,1762.00,1768.00,1758.50,below_range
2013-11-14,2.00,start,migration,0.00,,,,567,2013-11-14,1,1789.00,1777.25,1786.00,1788.00,1782.00,day,1,1779.00,1755.50,1762.00,1772.00,1758.00,above_range
2013-11-15,2.00,start,migration,0.00,,,,568,2013-11-15,1,1795.50,1788.00,1790.00,1795.50,1788.00,day,1,1789.00,1777.25,1786.00,1788.00,1782.00,above_range
2013-11-18,2.00,start,migration,0.45,,,,569,2013-11-18,1,1799.75,1784.75,1796.00,1799.75,1792.00,day,1,1795.50,1788.00,1790.00,1795.50,1788.00,above_range
2013-11-19,2.00,start,migration,0.18,,,,570,2013-11-19,1,1793.75,1782.00,1788.00,1793.75,1784.00,day,1,1799.75,1784.75,1796.00,1799.75,1792.00,below_value
2013-11-20,2.00,added,,0.97,0.68,False,1.00,570,2013-11-19,2,1794.25,1774.50,1788.00,1794.00,1784.00,day,1,1793.75,1782.00,1788.00,1793.75,1784.00,in_value
2013-11-21,2.00,added,,1.00,0.68,False,1.00,570,2013-11-19,3,1795.50,1774.50,1788.00,1794.00,1784.00,composite,2,1794.25,1774.50,1788.00,1794.00,1784.00,in_value
2013-11-22,2.00,start,migration,0.00,,,,571,2013-11-22,1,1803.25,1792.50,1800.00,1802.00,1796.00,composite,3,1795.50,1774.50,1788.00,1794.00,1784.00,above_value
2013-11-25,2.00,start,migration,0.33,,,,572,2013-11-25,1,1806.75,1798.50,1804.00,1806.00,1800.00,day,1,1803.25,1792.50,1800.00,1802.00,1796.00,above_range
2013-11-26,2.00,added,,1.00,0.70,False,0.33,572,2013-11-25,2,1807.00,1798.50,1804.00,1806.00,1800.00,day,1,1806.75,1798.50,1804.00,1806.00,1800.00,in_value
2013-11-27,2.00,added,,0.57,0.70,False,0.33,572,2013-11-25,3,1807.50,1798.50,1804.00,1806.00,1800.00,composite,2,1807.00,1798.50,1804.00,1806.00,1800.00,in_value
2013-11-29,2.00,start,migration,0.35,,,,573,2013-11-29,1,1812.50,1802.75,1810.00,1812.00,1802.75,composite,3,1807.50,1798.50,1804.00,1806.00,1800.00,above_range
2013-12-02,2.00,added,,0.69,0.50,False,1.00,573,2013-11-29,2,1812.50,1797.00,1804.00,1810.00,1800.00,day,1,1812.50,1802.75,1810.00,1812.00,1802.75,in_value
2013-12-03,2.00,start,migration,0.00,,,,574,2013-12-03,1,1798.50,1786.25,1792.00,1798.00,1788.00,composite,2,1812.50,1797.00,1804.00,1810.00,1800.00,below_range
2013-12-04,2.00,added,,0.57,0.71,False,1.00,574,2013-12-03,2,1799.50,1777.75,1792.00,1798.00,1788.00,day,1,1798.50,1786.25,1792.00,1798.00,1788.00,below_range
2013-12-05,2.00,start,migration,0.00,,,,575,2013-12-05,1,1792.00,1782.00,1786.00,1788.00,1782.00,composite,2,1799.50,1777.75,1792.00,1798.00,1788.00,in_value
2013-12-06,2.00,start,migration,0.00,,,,576,2013-12-06,1,1806.00,1796.25,1802.00,1806.00,1798.00,day,1,1792.00,1782.00,1786.00,1788.00,1782.00,above_range
2013-12-09,2.00,start,migration,0.00,,,,577,2013-12-09,1,1811.50,1806.25,1808.00,1811.50,1808.00,day,1,1806.00,1796.25,1802.00,1806.00,1798.00,above_range
2013-12-10,2.00,start,migration,0.00,,,,578,2013-12-10,1,1808.25,1801.00,1804.00,1806.00,1801.00,day,1,1811.50,1806.25,1808.00,1811.50,1808.00,below_range
2013-12-11,2.00,start,migration,0.00,,,,579,2013-12-11,1,1803.00,1779.25,1790.00,1796.00,1786.00,day,1,1808.25,1801.00,1804.00,1806.00,1801.00,in_value
2013-12-12,2.00,start,migration,0.00,,,,580,2013-12-12,1,1783.25,1771.75,1776.00,1782.00,1776.00,day,1,1803.00,1779.25,1790.00,1796.00,1786.00,below_value
2013-12-13,2.00,start,migration,0.33,,,,581,2013-12-13,1,1780.75,1771.75,1776.00,1778.00,1772.00,day,1,1783.25,1771.75,1776.00,1782.00,1776.00,in_value
2013-12-16,2.00,start,migration,0.00,,,,582,2013-12-16,1,1786.25,1777.00,1780.00,1786.00,1780.00,day,1,1774.75,1765.75,1770.00,1772.00,1766.00,above_range
2013-12-17,2.00,start,migration,0.00,,,,583,2013-12-17,1,1782.25,1770.25,1774.00,1780.00,1770.25,day,1,1786.25,1777.00,1780.00,1786.00,1780.00,in_value
2013-12-18,2.00,start,migration,0.38,,,,584,2013-12-18,1,1805.75,1760.75,1774.00,1788.00,1762.00,day,1,1782.25,1770.25,1774.00,1780.00,1770.25,in_value
2013-12-19,2.00,start,migration,0.00,,,,585,2013-12-19,1,1805.00,1795.00,1800.00,1805.00,1800.00,day,1,1805.75,1760.75,1774.00,1788.00,1762.00,above_value
2013-12-20,2.00,start,migration,0.00,,,,586,2013-12-20,1,1817.75,1804.25,1816.00,1817.75,1812.00,day,1,1805.00,1795.00,1800.00,1805.00,1800.00,in_value
2013-12-23,2.00,start,migration,0.00,,,,587,2013-12-23,1,1824.50,1818.25,1822.00,1824.00,1818.25,day,1,1817.75,1804.25,1816.00,1817.75,1812.00,above_range
2013-12-24,2.00,start,migration,0.15,,,,588,2013-12-24,1,1829.50,1823.00,1826.00,1829.50,1823.00,day,1,1824.50,1818.25,1822.00,1824.00,1818.25,in_value
2013-12-26,2.00,start,migration,0.00,,,,589,2013-12-26,1,1837.75,1831.00,1832.00,1837.75,1832.00,day,1,1829.50,1823.00,1826.00,1829.50,1823.00,above_range
2013-12-27,2.00,added,,0.93,0.42,False,0.33,589,2013-12-26,2,1840.00,1831.00,1834.00,1840.00,1834.00,day,1,1837.75,1831.00,1832.00,1837.75,1832.00,above_range
2013-12-30,2.00,added,,1.00,0.42,False,0.33,589,2013-12-26,3,1840.00,1831.00,1834.00,1840.00,1834.00,composite,2,1840.00,1831.00,1834.00,1840.00,1834.00,in_value
2013-12-31,2.00,added,,0.62,0.31,False,1.00,589,2013-12-26,4,1844.25,1831.00,1834.00,1840.00,1831.00,composite,3,1840.00,1831.00,1834.00,1840.00,1834.00,in_value
2014-01-02,2.00,start,migration,0.10,,,,590,2014-01-02,1,1838.00,1821.75,1826.00,1832.00,1822.00,composite,4,1844.25,1831.00,1834.00,1840.00,1831.00,in_value
2014-01-03,2.00,skipped_daytype,,0.89,,,,590,2014-01-02,1,1838.00,1821.75,1826.00,1832.00,1822.00,day,1,1838.00,1821.75,1826.00,1832.00,1822.00,in_value
2014-01-06,2.00,added,,0.60,0.38,False,1.00,590,2014-01-02,2,1838.00,1817.25,1824.00,1830.00,1820.00,day,1,1833.00,1823.00,1824.00,1833.00,1824.00,in_value
2014-01-07,2.00,start,migration,0.00,,,,591,2014-01-07,1,1834.75,1826.25,1830.00,1834.75,1830.00,composite,2,1838.00,1817.25,1824.00,1830.00,1820.00,in_value
2014-01-08,2.00,added,,1.00,0.58,False,0.33,591,2014-01-07,2,1834.75,1825.50,1830.00,1834.75,1830.00,day,1,1834.75,1826.25,1830.00,1834.75,1830.00,in_value
2014-01-09,2.00,start,migration,0.47,,,,592,2014-01-09,1,1838.00,1824.25,1830.00,1836.00,1826.00,composite,2,1834.75,1825.50,1830.00,1834.75,1830.00,above_range
2014-01-10,2.00,added,,1.00,0.44,False,1.00,592,2014-01-09,2,1838.75,1824.25,1830.00,1836.00,1826.00,day,1,1838.00,1824.25,1830.00,1836.00,1826.00,in_value
2014-01-13,2.00,start,migration,0.49,,,,593,2014-01-13,1,1838.25,1809.50,1834.00,1838.25,1818.00,composite,2,1838.75,1824.25,1830.00,1836.00,1826.00,in_value
2014-01-14,2.00,added,,1.00,0.72,False,0.43,593,2014-01-13,2,1838.25,1809.50,1830.00,1836.00,1818.00,day,1,1838.25,1809.50,1834.00,1838.25,1818.00,in_value
2014-01-15,2.00,start,migration,0.00,,,,594,2014-01-15,1,1845.75,1836.50,1842.00,1844.00,1838.00,composite,2,1838.25,1809.50,1830.00,1836.00,1818.00,above_value
2014-01-16,2.00,start,migration,0.36,,,,595,2014-01-16,1,1841.00,1834.50,1838.00,1840.00,1834.50,day,1,1845.75,1836.50,1842.00,1844.00,1838.00,in_value
2014-01-17,2.00,skipped_shape,,0.65,0.79,False,0.33,595,2014-01-16,1,1841.00,1834.50,1838.00,1840.00,1834.50,day,1,1841.00,1834.50,1838.00,1840.00,1834.50,in_value
2014-01-21,2.00,added,,0.55,0.55,False,1.00,595,2014-01-16,2,1844.00,1826.25,1836.00,1842.00,1832.00,day,1,1840.50,1829.25,1836.00,1840.50,1832.00,above_range
2014-01-22,2.00,added,,1.00,0.65,False,1.00,595,2014-01-16,3,1844.00,1826.25,1838.00,1844.00,1834.00,composite,2,1844.00,1826.25,1836.00,1842.00,1832.00,in_value
2014-01-23,2.00,start,migration,0.00,,,,596,2014-01-23,1,1830.00,1813.75,1820.00,1826.00,1816.00,composite,3,1844.00,1826.25,1838.00,1844.00,1834.00,below_value
2014-01-24,2.00,start,migration,0.00,,,,597,2014-01-24,1,1812.25,1784.25,1798.00,1808.00,1790.00,day,1,1830.00,1813.75,1820.00,1826.00,1816.00,below_range
2014-01-27,2.00,start,migration,0.00,,,,598,2014-01-27,1,1791.00,1767.00,1782.00,1788.00,1774.00,day,1,1812.25,1784.25,1798.00,1808.00,1790.00,below_value
2014-01-28,2.00,added,,0.91,0.65,False,0.60,598,2014-01-27,2,1791.00,1767.00,1782.00,1788.00,1774.00,day,1,1791.00,1767.00,1782.00,1788.00,1774.00,in_value
2014-01-29,2.00,start,migration,0.40,,,,599,2014-01-29,1,1781.00,1764.00,1776.00,1778.00,1768.00,composite,2,1791.00,1767.00,1782.00,1788.00,1774.00,below_value
2014-01-30,2.00,start,migration,0.00,,,,600,2014-01-30,1,1793.75,1778.00,1788.00,1793.75,1784.00,day,1,1781.00,1764.00,1776.00,1778.00,1768.00,above_range
2014-01-31,2.00,start,migration,0.14,,,,601,2014-01-31,1,1788.25,1764.75,1780.00,1786.00,1772.00,day,1,1793.75,1778.00,1788.00,1793.75,1784.00,below_range
2014-02-03,2.00,start,migration,0.00,,,,602,2014-02-03,1,1779.00,1733.50,1740.00,1762.00,1736.00,day,1,1788.25,1764.75,1780.00,1786.00,1772.00,in_value
2014-02-04,2.00,added,,1.00,0.35,False,0.43,602,2014-02-03,2,1779.00,1733.50,1748.00,1754.00,1736.00,day,1,1779.00,1733.50,1740.00,1762.00,1736.00,in_value
2014-02-05,2.00,added,,1.00,0.35,False,0.60,602,2014-02-03,3,1779.00,1732.00,1748.00,1754.00,1740.00,composite,2,1779.00,1733.50,1748.00,1754.00,1736.00,in_value
2014-02-06,2.00,start,migration,0.00,,,,603,2014-02-06,1,1769.75,1750.50,1764.00,1769.75,1760.00,composite,3,1779.00,1732.00,1748.00,1754.00,1740.00,in_value
2014-02-07,2.00,start,migration,0.00,,,,604,2014-02-07,1,1793.75,1772.25,1782.00,1792.00,1774.00,day,1,1769.75,1750.50,1764.00,1769.75,1760.00,above_range
2014-02-10,2.00,skipped_shape,,0.67,0.79,False,0.60,604,2014-02-07,1,1793.75,1772.25,1782.00,1792.00,1774.00,day,1,1793.75,1772.25,1782.00,1792.00,1774.00,in_value
2014-02-11,2.00,start,migration,0.00,,,,605,2014-02-11,1,1819.50,1795.25,1812.00,1818.00,1800.00,day,1,1795.50,1786.75,1792.00,1794.00,1788.00,above_range
2014-02-12,2.00,added,,1.00,0.70,False,1.00,605,2014-02-11,2,1823.25,1795.25,1814.00,1820.00,1810.00,day,1,1819.50,1795.25,1812.00,1818.00,1800.00,in_value
2014-02-13,2.00,added,,0.53,0.62,False,0.60,605,2014-02-11,3,1827.00,1795.25,1814.00,1824.00,1810.00,composite,2,1823.25,1795.25,1814.00,1820.00,1810.00,below_value
2014-02-14,2.00,start,migration,0.00,,,,606,2014-02-14,1,1838.75,1821.50,1830.00,1838.75,1830.00,composite,3,1827.00,1795.25,1814.00,1824.00,1810.00,in_value
2014-02-18,2.00,skipped_shape,,0.69,0.77,False,1.00,606,2014-02-14,1,1838.75,1821.50,1830.00,1838.75,1830.00,day,1,1838.75,1821.50,1830.00,1838.75,1830.00,in_value
2014-02-19,2.00,added,,0.62,0.50,False,0.60,606,2014-02-14,2,1844.50,1821.50,1832.00,1842.00,1828.00,day,1,1840.00,1831.50,1836.00,1840.00,1836.00,below_value
2014-02-20,2.00,added,,1.00,0.65,False,0.60,606,2014-02-14,3,1844.50,1821.00,1836.00,1842.00,1828.00,composite,2,1844.50,1821.50,1832.00,1842.00,1828.00,below_value
2014-02-21,2.00,added,,1.00,0.65,False,0.60,606,2014-02-14,4,1844.50,1821.00,1836.00,1842.00,1828.00,composite,3,1844.50,1821.00,1836.00,1842.00,1828.00,in_value
2014-02-24,2.00,start,migration,0.00,,,,607,2014-02-24,1,1856.75,1837.00,1852.00,1856.75,1848.00,composite,4,1844.50,1821.00,1836.00,1842.00,1828.00,in_value
2014-02-25,2.00,start,migration,0.20,,,,608,2014-02-25,1,1851.00,1837.25,1844.00,1850.00,1840.00,day,1,1856.75,1837.00,1852.00,1856.75,1848.00,below_value
2014-02-26,2.00,added,,0.89,0.69,False,1.00,608,2014-02-25,2,1851.00,1837.25,1846.00,1851.00,1842.00,day,1,1851.00,1837.25,1844.00,1850.00,1840.00,in_value
2014-02-27,2.00,added,,0.74,0.61,False,1.00,608,2014-02-25,3,1853.50,1837.25,1846.00,1852.00,1842.00,composite,2,1851.00,1837.25,1846.00,1851.00,1842.00,below_value
2014-02-28,2.00,start,migration,0.00,,,,609,2014-02-28,1,1866.50,1845.25,1862.00,1866.50,1854.00,composite,3,1853.50,1837.25,1846.00,1852.00,1842.00,above_value
2014-03-03,2.00,start,migration,0.00,,,,610,2014-03-03,1,1849.50,1832.25,1840.00,1846.00,1836.00,day,1,1866.50,1845.25,1862.00,1866.50,1854.00,below_range
2014-03-04,2.00,start,migration,0.00,,,,611,2014-03-04,1,1874.75,1862.25,1868.00,1874.00,1864.00,day,1,1849.50,1832.25,1840.00,1846.00,1836.00,above_range
2014-03-05,2.00,added,,0.73,0.64,False,1.00,611,2014-03-04,2,1875.50,1862.25,1870.00,1875.50,1866.00,day,1,1874.75,1862.25,1868.00,1874.00,1864.00,in_value
2014-03-06,2.00,start,migration,0.25,,,,612,2014-03-06,1,1881.00,1873.75,1878.00,1880.00,1874.00,composite,2,1875.50,1862.25,1870.00,1875.50,1866.00,above_range
2014-03-07,2.00,added,,0.60,0.50,False,1.00,612,2014-03-06,2,1884.75,1869.25,1876.00,1882.00,1872.00,day,1,1881.00,1873.75,1878.00,1880.00,1874.00,above_range
2014-03-10,2.00,added,,0.58,0.50,False,1.00,612,2014-03-06,3,1884.75,1865.75,1874.00,1880.00,1870.00,composite,2,1884.75,1869.25,1876.00,1882.00,1872.00,in_value
2014-03-11,2.00,added,,0.71,0.46,False,1.00,612,2014-03-06,4,1884.75,1863.00,1872.00,1878.00,1868.00,composite,3,1884.75,1865.75,1874.00,1880.00,1870.00,in_value
2014-03-12,2.00,start,migration,0.00,,,,613,2014-03-12,1,1868.50,1853.75,1862.00,1868.00,1862.00,composite,4,1884.75,1863.00,1872.00,1878.00,1868.00,below_range
2014-03-13,2.00,start,migration,0.18,,,,614,2014-03-13,1,1875.00,1841.50,1848.00,1866.00,1844.00,day,1,1868.50,1853.75,1862.00,1868.00,1862.00,above_range
2014-03-14,2.00,skipped_shape,,0.60,0.24,False,0.60,614,2014-03-13,1,1875.00,1841.50,1848.00,1866.00,1844.00,day,1,1875.00,1841.50,1848.00,1866.00,1844.00,below_value
2014-03-17,2.00,added,,1.00,0.47,False,0.43,614,2014-03-13,2,1868.00,1834.50,1850.00,1856.00,1838.00,day,1,1846.00,1832.25,1837.00,1843.00,1833.00,above_value
2014-03-18,2.00,start,migration,0.00,,,,615,2014-03-18,1,1867.00,1852.75,1864.00,1866.00,1860.00,composite,2,1868.00,1834.50,1850.00,1856.00,1838.00,in_value
2014-03-19,2.00,skipped_shape,,0.53,0.89,False,0.20,615,2014-03-18,1,1867.00,1852.75,1864.00,1866.00,1860.00,day,1,1867.00,1852.75,1864.00,1866.00,1860.00,in_value
2014-03-20,2.00,start,migration,0.50,,,,616,2014-03-20,1,1866.00,1846.25,1862.00,1866.00,1854.00,day,1,1867.25,1842.00,1864.00,1867.25,1856.00,below_value
2014-03-21,2.00,start,migration,0.36,,,,617,2014-03-21,1,1876.75,1855.50,1872.00,1876.75,1860.00,day,1,1866.00,1846.25,1862.00,1866.00,1854.00,above_range
2014-03-24,2.00,start,migration,0.00,,,,618,2014-03-24,1,1866.00,1841.25,1846.00,1852.00,1842.00,day,1,1876.75,1855.50,1872.00,1876.75,1860.00,in_value
2014-03-25,2.00,start,migration,0.00,,,,619,2014-03-25,1,1864.50,1848.00,1858.00,1864.00,1854.00,day,1,1866.00,1841.25,1846.00,1852.00,1842.00,above_value
2014-03-26,2.00,added,,0.71,0.65,False,0.60,619,2014-03-25,2,1868.75,1844.25,1860.00,1866.00,1852.00,day,1,1864.50,1848.00,1858.00,1864.00,1854.00,above_range
2014-03-27,2.00,start,migration,0.00,,,,620,2014-03-27,1,1848.25,1834.00,1840.00,1846.00,1836.00,composite,2,1868.75,1844.25,1860.00,1866.00,1852.00,below_range
2014-03-28,2.00,start,migration,0.00,,,,621,2014-03-28,1,1859.50,1845.00,1854.00,1859.50,1846.00,day,1,1848.25,1834.00,1840.00,1846.00,1836.00,in_value
2014-03-31,2.00,start,migration,0.00,,,,622,2014-03-31,1,1868.00,1859.50,1864.00,1868.00,1860.00,day,1,1859.50,1845.00,1854.00,1859.50,1846.00,above_range
2014-04-01,2.00,start,migration,0.00,,,,623,2014-04-01,1,1878.50,1869.25,1872.00,1878.00,1869.25,day,1,1868.00,1859.50,1864.00,1868.00,1860.00,above_range
2014-04-02,2.00,start,migration,0.00,,,,624,2014-04-02,1,1886.25,1876.25,1880.00,1886.00,1880.00,day,1,1878.50,1869.25,1872.00,1878.00,1869.25,above_range
2014-04-03,2.00,added,,0.60,0.50,False,1.00,624,2014-04-02,2,1887.00,1875.50,1880.00,1886.00,1876.00,day,1,1886.25,1876.25,1880.00,1886.00,1880.00,above_range
2014-04-04,2.00,start,migration,0.31,,,,625,2014-04-04,1,1892.25,1855.75,1866.00,1884.00,1858.00,composite,2,1887.00,1875.50,1880.00,1886.00,1876.00,above_range
2014-04-07,2.00,start,migration,0.00,,,,626,2014-04-07,1,1857.50,1834.50,1842.00,1852.00,1838.00,day,1,1892.25,1855.75,1866.00,1884.00,1858.00,below_range
2014-04-08,2.00,added,,1.00,0.46,False,0.60,626,2014-04-07,2,1857.50,1830.75,1842.00,1848.00,1834.00,day,1,1857.50,1834.50,1842.00,1852.00,1838.00,below_value
2014-04-09,2.00,start,migration,0.16,,,,627,2014-04-09,1,1866.50,1845.25,1852.00,1862.00,1845.25,composite,2,1857.50,1830.75,1842.00,1848.00,1834.00,above_value
2014-04-10,2.00,start,migration,0.29,,,,628,2014-04-10,1,1866.50,1823.75,1840.00,1854.00,1824.00,day,1,1866.50,1845.25,1852.00,1862.00,1845.25,above_value
2014-04-11,2.00,start,migration,0.00,,,,629,2014-04-11,1,1828.50,1807.25,1818.00,1824.00,1810.00,day,1,1866.50,1823.75,1840.00,1854.00,1824.00,below_range
2014-04-14,2.00,added,,0.60,0.71,False,0.60,629,2014-04-11,2,1828.50,1807.25,1822.00,1828.00,1814.00,day,1,1828.50,1807.25,1818.00,1824.00,1810.00,in_value
2014-04-15,2.00,added,,0.67,0.53,False,0.60,629,2014-04-11,3,1837.75,1807.25,1822.00,1828.00,1814.00,composite,2,1828.50,1807.25,1822.00,1828.00,1814.00,in_value
2014-04-16,2.00,start,migration,0.00,,,,630,2014-04-16,1,1856.00,1840.75,1848.00,1854.00,1844.00,composite,3,1837.75,1807.25,1822.00,1828.00,1814.00,above_range
2014-04-17,2.00,start,migration,0.20,,,,631,2014-04-17,1,1863.75,1850.25,1856.00,1862.00,1852.00,day,1,1856.00,1840.75,1848.00,1854.00,1844.00,in_value
2014-04-21,2.00,skipped_shape,,0.67,0.81,False,0.20,631,2014-04-17,1,1863.75,1850.25,1856.00,1862.00,1852.00,day,1,1863.75,1850.25,1856.00,1862.00,1852.00,in_value
2014-04-22,2.00,start,migration,0.00,,,,632,2014-04-22,1,1878.75,1865.75,1876.00,1878.75,1872.00,day,1,1865.50,1856.50,1862.00,1864.00,1858.00,above_range
2014-04-23,2.00,start,migration,0.00,,,,633,2014-04-23,1,1873.75,1867.50,1870.00,1872.00,1867.50,day,1,1878.75,1865.75,1876.00,1878.75,1872.00,in_value
2014-04-24,2.00,start,migration,0.45,,,,634,2014-04-24,1,1878.50,1863.75,1870.00,1876.00,1866.00,day,1,1873.75,1867.50,1870.00,1872.00,1867.50,above_range
2014-04-25,2.00,start,migration,0.00,,,,635,2014-04-25,1,1868.00,1853.00,1858.00,1864.00,1854.00,day,1,1878.50,1863.75,1870.00,1876.00,1866.00,in_value
2014-04-28,2.00,added,,0.56,0.54,False,0.60,635,2014-04-25,2,1871.75,1844.00,1858.00,1868.00,1854.00,day,1,1868.00,1853.00,1858.00,1864.00,1854.00,above_value
2014-04-29,2.00,start,migration,0.00,,,,636,2014-04-29,1,1875.25,1865.25,1872.00,1874.00,1868.00,composite,2,1871.75,1844.00,1858.00,1868.00,1854.00,above_value
2014-04-30,2.00,added,,0.60,0.56,False,1.00,636,2014-04-29,2,1879.50,1865.25,1872.00,1878.00,1868.00,day,1,1875.25,1865.25,1872.00,1874.00,1868.00,in_value
2014-05-01,2.00,added,,0.67,0.45,False,1.00,636,2014-04-29,3,1882.75,1865.25,1872.00,1878.00,1868.00,composite,2,1879.50,1865.25,1872.00,1878.00,1868.00,in_value
2014-05-02,2.00,added,,0.60,0.50,False,1.00,636,2014-04-29,4,1885.75,1865.25,1874.00,1880.00,1870.00,composite,3,1882.75,1865.25,1872.00,1878.00,1868.00,in_value
2014-05-05,2.00,added,,1.00,0.58,False,1.00,636,2014-04-29,5,1885.75,1860.50,1874.00,1880.00,1870.00,composite,4,1885.75,1865.25,1874.00,1880.00,1870.00,below_value
2014-05-06,2.00,skipped_daytype,,0.58,,,,636,2014-04-29,5,1885.75,1860.50,1874.00,1880.00,1870.00,composite,5,1885.75,1860.50,1874.00,1880.00,1870.00,in_value
2014-05-07,2.00,start,migration,0.20,,,,637,2014-05-07,1,1874.00,1854.50,1866.00,1872.00,1862.00,composite,5,1885.75,1860.50,1874.00,1880.00,1870.00,below_value
2014-05-08,2.00,start,migration,0.14,,,,638,2014-05-08,1,1884.75,1865.00,1878.00,1884.00,1870.00,day,1,1874.00,1854.50,1866.00,1872.00,1862.00,in_value
2014-05-09,2.00,start,migration,0.40,,,,639,2014-05-09,1,1875.00,1862.50,1868.00,1874.00,1864.00,day,1,1884.75,1865.00,1878.00,1884.00,1870.00,in_value
2014-05-12,2.00,start,migration,0.00,,,,640,2014-05-12,1,1893.00,1881.75,1888.00,1893.00,1888.00,day,1,1875.00,1862.50,1868.00,1874.00,1864.00,above_range
2014-05-13,2.00,start,migration,0.25,,,,641,2014-05-13,1,1898.50,1892.00,1894.00,1896.00,1892.00,day,1,1893.00,1881.75,1888.00,1893.00,1888.00,above_range
2014-05-14,2.00,start,migration,0.00,,,,642,2014-05-14,1,1893.25,1882.25,1890.00,1892.00,1886.00,day,1,1898.50,1892.00,1894.00,1896.00,1892.00,in_value
2014-05-15,2.00,start,migration,0.00,,,,643,2014-05-15,1,1881.50,1859.00,1864.00,1870.00,1860.00,day,1,1893.25,1882.25,1890.00,1892.00,1886.00,below_range
2014-05-16,2.00,added,,0.80,0.38,False,1.00,643,2014-05-15,2,1881.50,1859.00,1866.00,1872.00,1862.00,day,1,1881.50,1859.00,1864.00,1870.00,1860.00,in_value
2014-05-19,2.00,start,migration,0.00,,,,644,2014-05-19,1,1883.00,1869.25,1880.00,1882.00,1876.00,composite,2,1881.50,1859.00,1866.00,1872.00,1862.00,in_value
2014-05-20,2.00,start,migration,0.37,,,,645,2014-05-20,1,1880.75,1864.75,1868.00,1880.75,1868.00,day,1,1883.00,1869.25,1880.00,1882.00,1876.00,in_value
2014-05-21,2.00,start,migration,0.12,,,,646,2014-05-21,1,1886.50,1874.50,1880.00,1886.00,1880.00,day,1,1880.75,1864.75,1868.00,1880.75,1868.00,in_value
2014-05-22,2.00,start,migration,0.00,,,,647,2014-05-22,1,1894.00,1882.75,1892.00,1894.00,1888.00,day,1,1886.50,1874.50,1880.00,1886.00,1880.00,in_value
2014-05-23,2.00,start,migration,0.33,,,,648,2014-05-23,1,1899.25,1890.75,1896.00,1898.00,1892.00,day,1,1894.00,1882.75,1892.00,1894.00,1888.00,in_value
2014-05-27,2.00,start,migration,0.00,,,,649,2014-05-27,1,1910.00,1903.50,1906.00,1908.00,1903.50,day,1,1899.25,1890.75,1896.00,1898.00,1892.00,above_range
2014-05-28,2.00,start,migration,0.00,,,,650,2014-05-28,1,1912.50,1904.50,1908.00,1912.50,1908.00,day,1,1910.00,1903.50,1906.00,1908.00,1903.50,above_value
2014-05-29,2.00,added,,0.75,0.44,False,1.00,650,2014-05-28,2,1918.00,1904.50,1910.00,1916.00,1906.00,day,1,1912.50,1904.50,1908.00,1912.50,1908.00,in_value
2014-05-30,2.00,start,migration,0.00,,,,651,2014-05-30,1,1922.25,1914.25,1916.00,1922.00,1916.00,composite,2,1918.00,1904.50,1910.00,1916.00,1906.00,in_value
2014-06-02,2.00,added,,0.67,0.50,False,1.00,651,2014-05-30,2,1924.00,1913.75,1918.00,1924.00,1914.00,day,1,1922.25,1914.25,1916.00,1922.00,1916.00,above_range
2014-06-03,2.00,added,,1.00,0.64,False,0.33,651,2014-05-30,3,1924.00,1913.75,1920.00,1922.00,1916.00,composite,2,1924.00,1913.75,1918.00,1924.00,1914.00,in_value
2014-06-04,2.00,start,migration,0.29,,,,652,2014-06-04,1,1927.00,1916.75,1924.00,1927.00,1920.00,composite,3,1924.00,1913.75,1920.00,1922.00,1916.00,in_value
2014-06-05,2.00,start,migration,0.00,,,,653,2014-06-05,1,1940.75,1921.00,1936.00,1940.75,1928.00,day,1,1927.00,1916.75,1924.00,1927.00,1920.00,above_range
2014-06-06,2.00,start,migration,0.00,,,,654,2014-06-06,1,1948.25,1941.75,1946.00,1948.25,1942.00,day,1,1940.75,1921.00,1936.00,1940.75,1928.00,above_range
2014-06-09,2.00,start,migration,0.38,,,,655,2014-06-09,1,1954.75,1945.75,1950.00,1952.00,1946.00,day,1,1948.25,1941.75,1946.00,1948.25,1942.00,in_value
2014-06-10,2.00,added,,1.00,0.50,False,1.00,655,2014-06-09,2,1954.75,1943.00,1948.00,1954.00,1944.00,day,1,1954.75,1945.75,1950.00,1952.00,1946.00,in_value
2014-06-11,2.00,start,migration,0.18,,,,656,2014-06-11,1,1945.25,1938.50,1942.00,1945.25,1938.50,composite,2,1954.75,1943.00,1948.00,1954.00,1944.00,below_value
2014-06-16,2.00,start,data_gap,,,,,657,2014-06-16,1,1933.50,1922.75,1928.00,1933.50,1924.00,none,0,,,,,,
2014-06-17,2.00,added,,0.71,0.50,False,1.00,657,2014-06-16,2,1935.75,1922.75,1928.00,1934.00,1924.00,day,1,1933.50,1922.75,1928.00,1933.50,1924.00,in_value
2014-06-18,2.00,start,migration,0.37,,,,658,2014-06-18,1,1950.25,1929.25,1932.00,1942.00,1929.25,composite,2,1935.75,1922.75,1928.00,1934.00,1924.00,above_value
2014-06-19,2.00,start,migration,0.00,,,,659,2014-06-19,1,1952.25,1944.00,1948.00,1950.00,1944.00,day,1,1950.25,1929.25,1932.00,1942.00,1929.25,above_range
2014-06-20,2.00,start,migration,0.00,,,,660,2014-06-20,1,1955.50,1952.00,1952.00,1955.50,1952.00,day,1,1952.25,1944.00,1948.00,1950.00,1944.00,above_range
2014-06-23,2.00,start,migration,0.50,,,,661,2014-06-23,1,1955.50,1950.00,1952.00,1954.00,1950.00,day,1,1955.50,1952.00,1952.00,1955.50,1952.00,in_value
2014-06-24,2.00,start,migration,0.29,,,,662,2014-06-24,1,1960.00,1939.75,1950.00,1960.00,1946.00,day,1,1955.50,1950.00,1952.00,1954.00,1950.00,in_value
2014-06-25,2.00,added,,0.60,0.50,False,0.60,662,2014-06-24,2,1960.00,1937.75,1948.00,1954.00,1940.00,day,1,1960.00,1939.75,1950.00,1960.00,1946.00,below_range
2014-06-26,2.00,added,,1.00,0.50,False,0.60,662,2014-06-24,3,1960.00,1936.25,1948.00,1954.00,1940.00,composite,2,1960.00,1937.75,1948.00,1954.00,1940.00,in_value
2014-06-27,2.00,skipped_shape,,1.00,0.50,False,0.20,662,2014-06-24,3,1960.00,1936.25,1948.00,1954.00,1940.00,composite,3,1960.00,1936.25,1948.00,1954.00,1940.00,in_value
2014-06-30,2.00,start,migration,0.42,,,,663,2014-06-30,1,1956.75,1950.25,1952.00,1956.75,1952.00,composite,3,1960.00,1936.25,1948.00,1954.00,1940.00,in_value
2014-07-01,2.00,start,migration,0.00,,,,664,2014-07-01,1,1971.75,1956.25,1966.00,1971.75,1962.00,day,1,1956.75,1950.25,1952.00,1956.75,1952.00,in_value
2014-07-02,2.00,added,,1.00,0.69,False,1.00,664,2014-07-01,2,1971.75,1956.25,1966.00,1971.75,1962.00,day,1,1971.75,1956.25,1966.00,1971.75,1962.00,in_value
2014-07-03,2.00,start,migration,0.00,,,,665,2014-07-03,1,1978.25,1971.25,1974.00,1978.25,1974.00,composite,2,1971.75,1956.25,1966.00,1971.75,1962.00,above_range
2014-07-07,2.00,start,migration,0.00,,,,666,2014-07-07,1,1975.00,1967.25,1970.00,1972.00,1967.25,day,1,1978.25,1971.25,1974.00,1978.25,1974.00,below_value
2014-07-08,2.00,start,migration,0.00,,,,667,2014-07-08,1,1967.50,1952.75,1958.00,1964.00,1954.00,day,1,1975.00,1967.25,1970.00,1972.00,1967.25,below_range
2014-07-09,2.00,added,,0.59,0.50,False,1.00,667,2014-07-08,2,1968.25,1952.75,1960.00,1966.00,1956.00,day,1,1967.50,1952.75,1958.00,1964.00,1954.00,in_value
2014-07-10,2.00,added,,0.60,0.65,False,1.00,667,2014-07-08,3,1968.25,1945.75,1960.00,1966.00,1956.00,composite,2,1968.25,1952.75,1960.00,1966.00,1956.00,below_range
2014-07-11,2.00,added,,1.00,0.58,False,1.00,667,2014-07-08,4,1968.25,1945.75,1958.00,1964.00,1954.00,composite,3,1968.25,1945.75,1960.00,1966.00,1956.00,in_value
2014-07-14,2.00,start,migration,0.00,,,,668,2014-07-14,1,1974.00,1969.75,1972.00,1974.00,1969.75,composite,4,1968.25,1945.75,1958.00,1964.00,1954.00,above_range
2014-07-15,2.00,start,migration,0.23,,,,669,2014-07-15,1,1976.25,1958.75,1966.00,1972.00,1962.00,day,1,1974.00,1969.75,1972.00,1974.00,1969.75,in_value
2014-07-16,2.00,start,migration,0.33,,,,670,2014-07-16,1,1978.00,1969.25,1974.00,1976.00,1970.00,day,1,1976.25,1958.75,1966.00,1972.00,1962.00,above_range
2014-07-17,2.00,start,migration,0.14,,,,671,2014-07-17,1,1976.00,1949.00,1962.00,1972.00,1958.00,day,1,1978.00,1969.25,1974.00,1976.00,1970.00,below_range
2014-07-18,2.00,added,,0.86,0.57,False,0.60,671,2014-07-17,2,1976.00,1949.00,1964.00,1974.00,1960.00,day,1,1976.00,1949.00,1962.00,1972.00,1958.00,in_value
2014-07-21,2.00,added,,1.00,0.57,False,1.00,671,2014-07-17,3,1976.00,1949.00,1964.00,1970.00,1960.00,composite,2,1976.00,1949.00,1964.00,1974.00,1960.00,in_value
2014-07-22,2.00,start,migration,0.00,,,,672,2014-07-22,1,1980.50,1973.75,1978.00,1980.00,1974.00,composite,3,1976.00,1949.00,1964.00,1970.00,1960.00,above_value
2014-07-23,2.00,start,migration,0.00,,,,673,2014-07-23,1,1983.50,1975.75,1980.00,1983.50,1980.00,day,1,1980.50,1973.75,1978.00,1980.00,1974.00,in_value
2014-07-24,2.00,added,,0.78,0.58,False,0.33,673,2014-07-23,2,1985.75,1975.75,1980.00,1985.75,1980.00,day,1,1983.50,1975.75,1980.00,1983.50,1980.00,in_value
2014-07-25,2.00,start,migration,0.00,,,,674,2014-07-25,1,1977.50,1968.00,1972.00,1974.00,1968.00,composite,2,1985.75,1975.75,1980.00,1985.75,1980.00,below_value
2014-07-28,2.00,added,,0.60,0.72,False,1.00,674,2014-07-25,2,1977.50,1960.75,1972.00,1977.50,1968.00,day,1,1977.50,1968.00,1972.00,1974.00,1968.00,in_value
2014-07-29,2.00,added,,0.80,0.65,False,1.00,674,2014-07-25,3,1979.50,1960.75,1972.00,1978.00,1968.00,composite,2,1977.50,1960.75,1972.00,1977.50,1968.00,in_value
2014-07-30,2.00,start,migration,0.00,,,,675,2014-07-30,1,1974.25,1956.50,1962.00,1968.00,1958.00,composite,3,1979.50,1960.75,1972.00,1978.00,1968.00,in_value
2014-07-31,2.00,start,migration,0.00,,,,676,2014-07-31,1,1952.75,1925.00,1936.00,1942.00,1928.00,day,1,1974.25,1956.50,1962.00,1968.00,1958.00,below_range
2014-08-01,2.00,start,migration,0.00,,,,677,2014-08-01,1,1932.25,1910.25,1922.00,1928.00,1914.00,day,1,1952.75,1925.00,1936.00,1942.00,1928.00,below_range
2014-08-04,2.00,added,,0.77,0.46,False,0.60,677,2014-08-01,2,1937.50,1910.25,1922.00,1928.00,1914.00,day,1,1932.25,1910.25,1922.00,1928.00,1914.00,in_value
2014-08-05,2.00,added,,0.78,0.53,False,0.60,677,2014-08-01,3,1937.50,1907.50,1922.00,1928.00,1914.00,composite,2,1937.50,1910.25,1922.00,1928.00,1914.00,in_value
2014-08-06,2.00,added,,0.80,0.56,False,0.60,677,2014-08-01,4,1937.50,1905.25,1922.00,1928.00,1914.00,composite,3,1937.50,1907.50,1922.00,1928.00,1914.00,below_range
2014-08-07,2.00,start,migration,0.14,,,,678,2014-08-07,1,1925.75,1899.75,1906.00,1916.00,1902.00,composite,4,1937.50,1905.25,1922.00,1928.00,1914.00,in_value
2014-08-08,2.00,skipped_daytype,,0.60,,,,678,2014-08-07,1,1925.75,1899.75,1906.00,1916.00,1902.00,day,1,1925.75,1899.75,1906.00,1916.00,1902.00,in_value
2014-08-11,2.00,start,migration,0.00,,,,679,2014-08-11,1,1941.00,1931.25,1934.00,1940.00,1934.00,day,1,1928.25,1903.75,1910.00,1924.00,1903.75,above_range
2014-08-12,2.00,start,migration,0.00,,,,680,2014-08-12,1,1936.00,1923.50,1928.00,1934.00,1924.00,day,1,1941.00,1931.25,1934.00,1940.00,1934.00,below_range
2014-08-13,2.00,start,migration,0.00,,,,681,2014-08-13,1,1945.25,1934.00,1942.00,1944.00,1938.00,day,1,1936.00,1923.50,1928.00,1934.00,1924.00,above_range
2014-08-14,2.00,start,migration,0.00,,,,682,2014-08-14,1,1952.00,1944.00,1948.00,1952.00,1944.00,day,1,1945.25,1934.00,1942.00,1944.00,1938.00,above_range
2014-08-15,2.00,added,,0.80,0.50,False,1.00,682,2014-08-14,2,1961.00,1937.25,1948.00,1954.00,1944.00,day,1,1952.00,1944.00,1948.00,1952.00,1944.00,above_range
2014-08-18,2.00,start,migration,0.00,,,,683,2014-08-18,1,1969.00,1961.25,1966.00,1969.00,1966.00,composite,2,1961.00,1937.25,1948.00,1954.00,1944.00,above_range
2014-08-19,2.00,start,migration,0.00,,,,684,2014-08-19,1,1979.75,1970.75,1976.00,1978.00,1972.00,day,1,1969.00,1961.25,1966.00,1969.00,1966.00,above_range
2014-08-20,2.00,start,migration,0.20,,,,685,2014-08-20,1,1986.00,1975.25,1980.00,1986.00,1976.00,day,1,1979.75,1970.75,1976.00,1978.00,1972.00,in_value
2014-08-21,2.00,start,migration,0.25,,,,686,2014-08-21,1,1992.00,1983.50,1988.00,1992.00,1984.00,day,1,1986.00,1975.25,1980.00,1986.00,1976.00,in_value
2014-08-22,2.00,added,,1.00,0.64,False,0.33,686,2014-08-21,2,1992.00,1981.50,1988.00,1990.00,1984.00,day,1,1992.00,1983.50,1988.00,1992.00,1984.00,in_value
2014-08-25,2.00,start,migration,0.00,,,,687,2014-08-25,1,1999.75,1992.75,1994.00,1999.75,1994.00,composite,2,1992.00,1981.50,1988.00,1990.00,1984.00,above_range
2014-08-26,2.00,start,migration,0.37,,,,688,2014-08-26,1,2002.75,1997.00,1998.00,2002.75,1998.00,day,1,1999.75,1992.75,1994.00,1999.75,1994.00,in_value
2014-08-27,2.00,start,migration,0.50,,,,689,2014-08-27,1,2000.00,1993.50,1996.00,2000.00,1996.00,day,1,2002.75,1997.00,1998.00,2002.75,1998.00,in_value
2014-08-28,2.00,start,migration,0.14,,,,690,2014-08-28,1,1997.00,1988.00,1994.00,1997.00,1990.00,day,1,2000.00,1993.50,1996.00,2000.00,1996.00,below_range
2014-08-29,2.00,start,migration,0.50,,,,691,2014-08-29,1,2001.75,1992.25,1998.00,2000.00,1994.00,day,1,1997.00,1988.00,1994.00,1997.00,1990.00,above_range
2014-09-02,2.00,added,,0.60,0.50,False,1.00,691,2014-08-29,2,2004.25,1992.25,1998.00,2004.00,1994.00,day,1,2001.75,1992.25,1998.00,2000.00,1994.00,above_range
2014-09-03,2.00,added,,0.80,0.39,False,1.00,691,2014-08-29,3,2008.50,1992.25,1998.00,2004.00,1994.00,composite,2,2004.25,1992.25,1998.00,2004.00,1994.00,above_range
2014-09-04,2.00,start,migration,0.40,,,,692,2014-09-04,1,2010.00,1990.75,2004.00,2010.00,2000.00,composite,3,2008.50,1992.25,1998.00,2004.00,1994.00,in_value
2014-09-05,2.00,start,migration,0.29,,,,693,2014-09-05,1,2006.25,1988.25,2002.00,2004.00,1990.00,day,1,2010.00,1990.75,2004.00,2010.00,2000.00,below_value
2014-09-08,2.00,added,,0.80,0.65,False,1.00,693,2014-09-05,2,2006.25,1988.25,2000.00,2006.00,1996.00,day,1,2006.25,1988.25,2002.00,2004.00,1990.00,in_value
2014-09-09,2.00,start,migration,0.20,,,,694,2014-09-09,1,1999.50,1983.25,1992.00,1998.00,1988.00,composite,2,2006.25,1988.25,2000.00,2006.00,1996.00,in_value
2014-09-10,2.00,added,,0.60,0.65,False,1.00,694,2014-09-09,2,1999.50,1981.50,1992.00,1998.00,1988.00,day,1,1999.50,1983.25,1992.00,1998.00,1988.00,in_value
2014-09-11,2.00,added,,1.00,0.65,False,1.00,694,2014-09-09,3,1999.50,1981.50,1992.00,1998.00,1988.00,composite,2,1999.50,1981.50,1992.00,1998.00,1988.00,below_value
2014-09-12,2.00,start,migration,0.20,,,,695,2014-09-12,1,1995.50,1979.50,1988.00,1990.00,1980.00,composite,3,1999.50,1981.50,1992.00,1998.00,1988.00,in_value
2014-09-15,2.00,added,,0.67,0.35,False,1.00,695,2014-09-12,2,1987.50,1969.50,1974.00,1980.00,1970.00,day,1,1987.50,1971.50,1980.00,1982.00,1972.00,in_value
2014-09-16,2.00,start,migration,0.00,,,,696,2014-09-16,1,1994.50,1970.75,1992.00,1994.50,1980.00,composite,2,1987.50,1969.50,1974.00,1980.00,1970.00,in_value
2014-09-17,2.00,added,,0.65,0.68,False,0.60,696,2014-09-16,2,2003.25,1970.75,1992.00,2002.00,1988.00,day,1,1994.50,1970.75,1992.00,1994.50,1980.00,in_value
2014-09-18,2.00,start,migration,0.40,,,,697,2014-09-18,1,2005.00,1997.25,2000.00,2005.00,2000.00,composite,2,2003.25,1970.75,1992.00,2002.00,1988.00,in_value
2014-09-19,2.00,start,migration,0.50,,,,698,2014-09-19,1,2012.75,1998.25,2004.00,2010.00,2000.00,day,1,2005.00,1997.25,2000.00,2005.00,2000.00,above_range
2014-09-22,2.00,start,migration,0.00,,,,699,2014-09-22,1,1999.25,1982.50,1986.00,1992.00,1982.50,day,1,2012.75,1998.25,2004.00,2010.00,2000.00,below_value
2014-09-26,2.00,start,data_gap,,,,,700,2014-09-26,1,1979.25,1959.50,1964.00,1974.00,1960.00,none,0,,,,,,
2014-09-29,2.00,added,,1.00,0.50,False,1.00,700,2014-09-26,2,1979.25,1955.50,1966.00,1972.00,1962.00,day,1,1979.25,1959.50,1964.00,1974.00,1960.00,below_range
2014-09-30,2.00,added,,0.80,0.50,False,1.00,700,2014-09-26,3,1979.25,1955.50,1966.00,1972.00,1962.00,composite,2,1979.25,1955.50,1966.00,1972.00,1962.00,in_value
2014-10-01,2.00,start,migration,0.00,,,,701,2014-10-01,1,1962.75,1933.75,1950.00,1956.00,1938.00,composite,3,1979.25,1955.50,1966.00,1972.00,1962.00,in_value
2014-10-02,2.00,start,migration,0.43,,,,702,2014-10-02,1,1945.25,1918.25,1938.00,1944.00,1930.00,day,1,1962.75,1933.75,1950.00,1956.00,1938.00,below_value
2014-10-03,2.00,start,migration,0.00,,,,703,2014-10-03,1,1964.50,1945.50,1960.00,1964.50,1952.00,day,1,1945.25,1918.25,1938.00,1944.00,1930.00,above_range
2014-10-06,2.00,added,,1.00,0.54,False,1.00,703,2014-10-03,2,1971.00,1945.50,1958.00,1964.00,1954.00,day,1,1964.50,1945.50,1960.00,1964.50,1952.00,above_range
2014-10-07,2.00,start,migration,0.00,,,,704,2014-10-07,1,1951.75,1926.75,1944.00,1950.00,1940.00,composite,2,1971.00,1945.50,1958.00,1964.00,1954.00,below_value
2014-10-08,2.00,start,migration,0.27,,,,705,2014-10-08,1,1964.00,1918.00,1930.00,1948.00,1918.00,day,1,1951.75,1926.75,1944.00,1950.00,1940.00,below_value
2014-10-09,2.00,skipped_daytype,,1.00,,,,705,2014-10-08,1,1964.00,1918.00,1930.00,1948.00,1918.00,day,1,1964.00,1918.00,1930.00,1948.00,1918.00,above_value
2014-10-10,2.00,added,,0.57,0.31,False,0.71,705,2014-10-08,2,1964.00,1899.50,1918.00,1932.00,1910.00,day,1,1960.75,1920.25,1928.00,1946.00,1920.25,in_value
2014-10-13,2.00,start,migration,0.00,,,,706,2014-10-13,1,1906.00,1867.25,1894.00,1904.00,1890.00,composite,2,1964.00,1899.50,1918.00,1932.00,1910.00,below_range
2014-10-14,2.00,start,migration,0.00,,,,707,2014-10-14,1,1892.75,1865.00,1884.00,1886.00,1872.00,day,1,1906.00,1867.25,1894.00,1904.00,1890.00,below_value
2014-10-15,2.00,start,migration,0.00,,,,708,2014-10-15,1,1863.00,1813.00,1842.00,1856.00,1830.00,day,1,1892.75,1865.00,1884.00,1886.00,1872.00,below_range
2014-10-16,2.00,added,,0.64,0.67,False,0.46,708,2014-10-15,2,1869.75,1813.00,1850.00,1860.00,1830.00,day,1,1863.00,1813.00,1842.00,1856.00,1830.00,below_value
2014-10-17,2.00,start,migration,0.00,,,,709,2014-10-17,1,1891.75,1870.00,1882.00,1888.00,1874.00,composite,2,1869.75,1813.00,1850.00,1860.00,1830.00,above_range
2014-10-20,2.00,start,migration,0.29,,,,710,2014-10-20,1,1898.50,1874.50,1888.00,1898.00,1884.00,day,1,1891.75,1870.00,1882.00,1888.00,1874.00,in_value
2014-10-21,2.00,start,migration,0.00,,,,711,2014-10-21,1,1936.25,1908.75,1926.00,1932.00,1914.00,day,1,1898.50,1874.50,1888.00,1898.00,1884.00,above_range
2014-10-22,2.00,start,migration,0.44,,,,712,2014-10-22,1,1943.25,1920.25,1928.00,1942.00,1924.00,day,1,1936.25,1908.75,1926.00,1932.00,1914.00,above_range
2014-10-23,2.00,start,migration,0.00,,,,713,2014-10-23,1,1956.25,1937.00,1946.00,1952.00,1942.00,day,1,1943.25,1920.25,1928.00,1942.00,1924.00,in_value
2014-10-24,2.00,start,migration,0.40,,,,714,2014-10-24,1,1959.25,1939.00,1952.00,1958.00,1948.00,day,1,1956.25,1937.00,1946.00,1952.00,1942.00,in_value
2014-10-27,2.00,added,,1.00,0.68,False,1.00,714,2014-10-24,2,1959.25,1939.00,1952.00,1958.00,1948.00,day,1,1959.25,1939.00,1952.00,1958.00,1948.00,in_value
2014-10-28,2.00,start,migration,0.00,,,,715,2014-10-28,1,1978.75,1961.50,1966.00,1972.00,1962.00,composite,2,1959.25,1939.00,1952.00,1958.00,1948.00,above_range
2014-10-29,2.00,start,migration,0.14,,,,716,2014-10-29,1,1985.75,1962.00,1974.00,1984.00,1970.00,day,1,1978.75,1961.50,1966.00,1972.00,1962.00,above_range
2014-10-30,2.00,skipped_daytype,,0.56,,,,716,2014-10-29,1,1985.75,1962.00,1974.00,1984.00,1970.00,day,1,1985.75,1962.00,1974.00,1984.00,1970.00,in_value
2014-10-31,2.00,start,migration,0.00,,,,717,2014-10-31,1,2013.00,2002.25,2006.00,2012.00,2006.00,day,1,1994.25,1968.00,1982.00,1992.00,1974.00,above_range
2014-11-03,2.00,start,migration,0.40,,,,718,2014-11-03,1,2019.25,2007.75,2012.00,2018.00,2008.00,day,1,2013.00,2002.25,2006.00,2012.00,2006.00,above_range
2014-11-04,2.00,start,migration,0.20,,,,719,2014-11-04,1,2010.75,1995.25,2004.00,2010.00,2000.00,day,1,2019.25,2007.75,2012.00,2018.00,2008.00,below_range
2014-11-05,2.00,start,migration,0.00,,,,720,2014-11-05,1,2020.50,2008.75,2014.00,2020.00,2010.00,day,1,2010.75,1995.25,2004.00,2010.00,2000.00,above_range
2014-11-06,2.00,start,migration,0.21,,,,721,2014-11-06,1,2027.50,2010.75,2022.00,2027.50,2018.00,day,1,2020.50,2008.75,2014.00,2020.00,2010.00,in_value
2014-11-07,2.00,added,,0.63,0.59,False,1.00,721,2014-11-06,2,2030.75,2010.75,2022.00,2028.00,2018.00,day,1,2027.50,2010.75,2022.00,2027.50,2018.00,in_value
2014-11-10,2.00,start,migration,0.00,,,,722,2014-11-10,1,2035.00,2025.75,2032.00,2034.00,2028.00,composite,2,2030.75,2010.75,2022.00,2028.00,2018.00,above_value
2014-11-11,2.00,added,,0.60,0.64,False,0.33,722,2014-11-10,2,2037.75,2025.75,2032.00,2037.75,2032.00,day,1,2035.00,2025.75,2032.00,2034.00,2028.00,above_range
2014-11-12,2.00,added,,0.72,0.64,False,0.33,722,2014-11-10,3,2037.75,2025.75,2032.00,2037.75,2032.00,composite,2,2037.75,2025.75,2032.00,2037.75,2032.00,below_value
2014-11-13,2.00,added,,0.57,0.45,False,1.00,722,2014-11-10,4,2043.25,2025.75,2032.00,2038.00,2028.00,composite,3,2037.75,2025.75,2032.00,2037.75,2032.00,in_value
2014-11-14,2.00,added,,0.70,0.55,False,1.00,722,2014-11-10,5,2043.25,2025.75,2034.00,2040.00,2030.00,composite,4,2043.25,2025.75,2032.00,2038.00,2028.00,in_value
2014-11-17,2.00,added,,0.94,0.55,False,1.00,722,2014-11-10,6,2043.25,2025.75,2034.00,2040.00,2030.00,composite,5,2043.25,2025.75,2034.00,2040.00,2030.00,in_value
2014-11-18,2.00,start,migration,0.00,,,,723,2014-11-18,1,2054.00,2039.00,2048.00,2054.00,2044.00,composite,6,2043.25,2025.75,2034.00,2040.00,2030.00,in_value
2014-11-19,2.00,added,,0.67,0.55,False,1.00,723,2014-11-18,2,2054.00,2037.75,2046.00,2052.00,2042.00,day,1,2054.00,2039.00,2048.00,2054.00,2044.00,in_value
2014-11-20,2.00,added,,1.00,0.65,False,1.00,723,2014-11-18,3,2054.00,2036.50,2048.00,2054.00,2044.00,composite,2,2054.00,2037.75,2046.00,2052.00,2042.00,below_range
2014-11-21,2.00,start,migration,0.00,,,,724,2014-11-21,1,2072.25,2054.75,2060.00,2066.00,2056.00,composite,3,2054.00,2036.50,2048.00,2054.00,2044.00,above_range
2014-11-24,2.00,start,migration,0.50,,,,725,2014-11-24,1,2069.00,2064.00,2066.00,2068.00,2064.00,day,1,2072.25,2054.75,2060.00,2066.00,2056.00,above_value
2014-11-25,2.00,start,migration,0.33,,,,726,2014-11-25,1,2073.00,2062.75,2066.00,2072.00,2066.00,day,1,2069.00,2064.00,2066.00,2068.00,2064.00,above_range
2014-11-26,2.00,added,,0.84,0.58,False,0.33,726,2014-11-25,2,2073.00,2062.75,2068.00,2070.00,2064.00,day,1,2073.00,2062.75,2066.00,2072.00,2066.00,in_value
2014-11-28,2.00,added,,0.55,0.58,False,0.33,726,2014-11-25,3,2073.25,2062.75,2068.00,2070.00,2064.00,composite,2,2073.00,2062.75,2068.00,2070.00,2064.00,in_value
2014-12-01,2.00,start,migration,0.00,,,,727,2014-12-01,1,2060.00,2048.25,2054.00,2060.00,2050.00,composite,3,2073.25,2062.75,2068.00,2070.00,2064.00,below_range
2014-12-02,2.00,start,migration,0.20,,,,728,2014-12-02,1,2068.00,2052.50,2062.00,2068.00,2058.00,day,1,2060.00,2048.25,2054.00,2060.00,2050.00,in_value
2014-12-03,2.00,start,migration,0.33,,,,729,2014-12-03,1,2076.00,2065.50,2070.00,2072.00,2066.00,day,1,2068.00,2052.50,2062.00,2068.00,2058.00,in_value
2014-12-04,2.00,added,,0.60,0.61,False,1.00,729,2014-12-03,2,2077.25,2061.25,2070.00,2076.00,2066.00,day,1,2076.00,2065.50,2070.00,2072.00,2066.00,in_value
2014-12-05,2.00,start,migration,0.40,,,,730,2014-12-05,1,2079.00,2069.75,2074.00,2079.00,2074.00,composite,2,2077.25,2061.25,2070.00,2076.00,2066.00,in_value
2014-12-08,2.00,start,migration,0.11,,,,731,2014-12-08,1,2075.75,2053.75,2072.00,2075.75,2060.00,day,1,2079.00,2069.75,2074.00,2079.00,2074.00,below_value
2014-12-09,2.00,start,migration,0.00,,,,732,2014-12-09,1,2060.75,2033.25,2042.00,2056.00,2034.00,day,1,2075.75,2053.75,2072.00,2075.75,2060.00,below_range
2014-12-10,2.00,added,,0.89,0.57,False,0.71,732,2014-12-09,2,2060.75,2023.25,2044.00,2054.00,2032.00,day,1,2060.75,2033.25,2042.00,2056.00,2034.00,in_value
2014-12-11,2.00,added,,0.85,0.57,False,0.43,732,2014-12-09,3,2060.75,2023.25,2044.00,2058.00,2040.00,composite,2,2060.75,2023.25,2044.00,2054.00,2032.00,in_value
2014-12-12,2.00,start,migration,0.00,,,,733,2014-12-12,1,2032.25,2002.00,2018.00,2028.00,2014.00,composite,3,2060.75,2023.25,2044.00,2058.00,2040.00,below_range
2014-12-15,2.00,start,migration,0.00,,,,734,2014-12-15,1,2012.25,1974.50,1988.00,1998.00,1980.00,day,1,2025.50,1995.25,2011.25,2021.25,2007.25,below_value
2014-12-16,2.00,added,,0.69,0.46,False,0.71,734,2014-12-15,2,2012.25,1965.75,1986.00,2000.00,1978.00,day,1,2012.25,1974.50,1988.00,1998.00,1980.00,below_range
2014-12-17,2.00,added,,0.91,0.50,False,0.71,734,2014-12-15,3,2012.25,1965.75,1988.00,1998.00,1976.00,composite,2,2012.25,1965.75,1986.00,2000.00,1978.00,below_value
2014-12-18,2.00,start,migration,0.00,,,,735,2014-12-18,1,2056.75,2026.75,2038.00,2044.00,2030.00,composite,3,2012.25,1965.75,1988.00,1998.00,1976.00,above_range
2014-12-19,2.00,start,migration,0.00,,,,736,2014-12-19,1,2076.25,2056.50,2062.00,2068.00,2058.00,day,1,2056.75,2026.75,2038.00,2044.00,2030.00,above_range
2014-12-22,2.00,start,migration,0.00,,,,737,2014-12-22,1,2075.00,2068.00,2070.00,2075.00,2070.00,day,1,2076.25,2056.50,2062.00,2068.00,2058.00,above_value
2014-12-23,2.00,start,migration,0.00,,,,738,2014-12-23,1,2082.75,2075.50,2080.00,2082.00,2076.00,day,1,2075.00,2068.00,2070.00,2075.00,2070.00,above_range
2014-12-24,2.00,added,,0.77,0.70,False,0.33,738,2014-12-23,2,2083.50,2075.50,2080.00,2082.00,2076.00,day,1,2082.75,2075.50,2080.00,2082.00,2076.00,in_value
2014-12-26,2.00,start,migration,0.00,,,,739,2014-12-26,1,2088.75,2082.25,2086.00,2088.00,2082.25,composite,2,2083.50,2075.50,2080.00,2082.00,2076.00,above_value
2014-12-29,2.00,added,,0.96,0.70,False,0.33,739,2014-12-26,2,2088.75,2081.00,2086.00,2088.00,2082.00,day,1,2088.75,2082.25,2086.00,2088.00,2082.25,below_range
2014-12-30,2.00,start,migration,0.00,,,,740,2014-12-30,1,2081.75,2073.00,2076.00,2081.75,2076.00,composite,2,2088.75,2081.00,2086.00,2088.00,2082.00,below_range
2015-01-02,2.00,start,data_gap,,,,,741,2015-01-02,1,2066.50,2038.75,2046.00,2056.00,2042.00,none,0,,,,,,
2015-01-05,2.00,start,migration,0.00,,,,742,2015-01-05,1,2040.50,2009.50,2014.00,2028.00,2010.00,day,1,2066.50,2038.75,2046.00,2056.00,2042.00,below_range
2015-01-06,2.00,start,migration,0.00,,,,743,2015-01-06,1,2023.50,1984.25,1994.00,2008.00,1986.00,day,1,2040.50,2009.50,2014.00,2028.00,2010.00,in_value
2015-01-07,2.00,start,migration,0.00,,,,744,2015-01-07,1,2023.75,2004.75,2014.00,2020.00,2010.00,day,1,2023.50,1984.25,1994.00,2008.00,1986.00,above_value
2015-01-08,2.00,start,migration,0.00,,,,745,2015-01-08,1,2058.50,2036.00,2052.00,2058.00,2048.00,day,1,2023.75,2004.75,2014.00,2020.00,2010.00,above_range
2015-01-09,2.00,start,migration,0.00,,,,746,2015-01-09,1,2061.00,2031.25,2040.00,2046.00,2036.00,day,1,2058.50,2036.00,2052.00,2058.00,2048.00,above_range
2015-01-12,2.00,start,migration,0.00,,,,747,2015-01-12,1,2042.25,2015.25,2022.00,2028.00,2018.00,day,1,2061.00,2031.25,2040.00,2046.00,2036.00,in_value
2015-01-13,2.00,start,migration,0.24,,,,748,2015-01-13,1,2051.75,2001.00,2012.00,2042.00,2001.00,day,1,2042.25,2015.25,2022.00,2028.00,2018.00,above_value
2015-01-14,2.00,start,migration,0.07,,,,749,2015-01-14,1,2007.00,1981.25,1992.00,2002.00,1988.00,day,1,2051.75,2001.00,2012.00,2042.00,2001.00,below_range
2015-01-15,2.00,added,,1.00,0.34,False,0.60,749,2015-01-14,2,2016.00,1981.25,1992.00,2002.00,1988.00,day,1,2007.00,1981.25,1992.00,2002.00,1988.00,above_range
2015-01-16,2.00,skipped_daytype,,0.67,,,,749,2015-01-14,2,2016.00,1981.25,1992.00,2002.00,1988.00,composite,2,2016.00,1981.25,1992.00,2002.00,1988.00,below_value
2015-01-20,2.00,start,migration,0.29,,,,750,2015-01-20,1,2023.25,1997.50,2006.00,2012.00,1998.00,composite,2,2016.00,1981.25,1992.00,2002.00,1988.00,above_range
2015-01-21,2.00,start,migration,0.00,,,,751,2015-01-21,1,2032.75,2005.25,2022.00,2032.00,2018.00,day,1,2023.25,1997.50,2006.00,2012.00,1998.00,in_value
2015-01-22,2.00,start,migration,0.18,,,,752,2015-01-22,1,2059.25,2019.25,2040.00,2050.00,2028.00,day,1,2032.75,2005.25,2022.00,2032.00,2018.00,above_range
2015-01-23,2.00,start,migration,0.22,,,,753,2015-01-23,1,2057.25,2044.00,2052.00,2057.25,2048.00,day,1,2059.25,2019.25,2040.00,2050.00,2028.00,above_value
2015-01-26,2.00,start,migration,0.39,,,,754,2015-01-26,1,2051.75,2034.50,2046.00,2051.75,2042.00,day,1,2057.25,2044.00,2052.00,2057.25,2048.00,below_range
2015-01-27,2.00,start,migration,0.00,,,,755,2015-01-27,1,2037.00,2013.25,2028.00,2034.00,2020.00,day,1,2051.75,2034.50,2046.00,2051.75,2042.00,below_range
2015-01-28,2.00,added,,0.67,0.72,False,0.60,755,2015-01-27,2,2038.75,1994.50,2026.00,2032.00,2018.00,day,1,2037.00,2013.25,2028.00,2034.00,2020.00,above_range
2015-01-29,2.00,start,migration,0.00,,,,756,2015-01-29,1,2018.75,1982.00,1994.00,2008.00,1986.00,composite,2,2038.75,1994.50,2026.00,2032.00,2018.00,below_value
2015-01-30,2.00,added,,0.86,0.50,False,1.00,756,2015-01-29,2,2018.75,1982.00,2000.00,2010.00,1992.00,day,1,2018.75,1982.00,1994.00,2008.00,1986.00,in_value
2015-02-02,2.00,added,,0.56,0.48,False,0.71,756,2015-01-29,3,2018.75,1973.75,1994.00,2008.00,1986.00,composite,2,2018.75,1982.00,2000.00,2010.00,1992.00,in_value
2015-02-03,2.00,start,migration,0.00,,,,757,2015-02-03,1,2044.00,2021.00,2026.00,2036.00,2022.00,composite,3,2018.75,1973.75,1994.00,2008.00,1986.00,above_range
2015-02-04,2.00,start,migration,0.20,,,,758,2015-02-04,1,2049.25,2030.25,2038.00,2044.00,2034.00,day,1,2044.00,2021.00,2026.00,2036.00,2022.00,in_value
2015-02-05,2.00,start,migration,0.00,,,,759,2015-02-05,1,2058.75,2043.00,2052.00,2058.00,2048.00,day,1,2049.25,2030.25,2038.00,2044.00,2034.00,above_value
2015-02-06,2.00,start,migration,0.43,,,,760,2015-02-06,1,2068.00,2044.50,2064.00,2066.00,2052.00,day,1,2058.75,2043.00,2052.00,2058.00,2048.00,above_range
2015-02-09,2.00,start,migration,0.00,,,,761,2015-02-09,1,2051.75,2036.50,2044.00,2050.00,2040.00,day,1,2068.00,2044.50,2064.00,2066.00,2052.00,below_range
2015-02-10,2.00,start,migration,0.43,,,,762,2015-02-10,1,2066.50,2043.25,2052.00,2058.00,2044.00,day,1,2051.75,2036.50,2044.00,2050.00,2040.00,above_range
2015-02-11,2.00,start,migration,0.20,,,,763,2015-02-11,1,2069.75,2053.25,2060.00,2066.00,2056.00,day,1,2066.50,2043.25,2052.00,2058.00,2044.00,above_value
2015-02-12,2.00,start,migration,0.00,,,,764,2015-02-12,1,2085.50,2071.75,2078.00,2084.00,2074.00,day,1,2069.75,2053.25,2060.00,2066.00,2056.00,above_range
2015-02-13,2.00,start,migration,0.00,,,,765,2015-02-13,1,2093.75,2082.75,2088.00,2093.75,2084.00,day,1,2085.50,2071.75,2078.00,2084.00,2074.00,above_range
2015-02-17,2.00,skipped_daytype,,0.57,,,,765,2015-02-13,1,2093.75,2082.75,2088.00,2093.75,2084.00,day,1,2093.75,2082.75,2088.00,2093.75,2084.00,in_value
2015-02-18,2.00,added,,0.95,0.56,False,1.00,765,2015-02-13,2,2097.50,2082.75,2090.00,2096.00,2086.00,day,1,2098.75,2086.25,2092.00,2098.00,2088.00,in_value
2015-02-19,2.00,added,,0.63,0.61,False,1.00,765,2015-02-13,3,2099.50,2082.75,2092.00,2098.00,2088.00,composite,2,2097.50,2082.75,2090.00,2096.00,2086.00,in_value
2015-02-20,2.00,skipped_daytype,,0.56,,,,765,2015-02-13,3,2099.50,2082.75,2092.00,2098.00,2088.00,composite,3,2099.50,2082.75,2092.00,2098.00,2088.00,in_value
2015-02-23,2.00,start,migration,0.00,,,,766,2015-02-23,1,2107.25,2099.75,2102.00,2107.25,2102.00,composite,3,2099.50,2082.75,2092.00,2098.00,2088.00,above_range
2015-02-24,2.00,start,migration,0.13,,,,767,2015-02-24,1,2115.75,2102.75,2110.00,2115.75,2106.00,day,1,2107.25,2099.75,2102.00,2107.25,2102.00,in_value
2015-02-25,2.00,added,,0.80,0.69,False,0.33,767,2015-02-24,2,2117.75,2102.75,2112.00,2114.00,2108.00,day,1,2115.75,2102.75,2110.00,2115.75,2106.00,in_value
2015-02-26,2.00,added,,0.52,0.61,False,1.00,767,2015-02-24,3,2117.75,2101.50,2110.00,2116.00,2106.00,composite,2,2117.75,2102.75,2112.00,2114.00,2108.00,in_value
2015-02-27,2.00,added,,0.67,0.61,False,1.00,767,2015-02-24,4,2117.75,2101.50,2110.00,2116.00,2106.00,composite,3,2117.75,2101.50,2110.00,2116.00,2106.00,in_value
2015-03-02,2.00,added,,1.00,0.50,False,1.00,767,2015-02-24,5,2117.75,2101.50,2108.00,2114.00,2104.00,composite,4,2117.75,2101.50,2110.00,2116.00,2106.00,below_value
2015-03-03,2.00,start,migration,0.40,,,,768,2015-03-03,1,2110.75,2095.50,2102.00,2108.00,2098.00,composite,5,2117.75,2101.50,2108.00,2114.00,2104.00,in_value
2015-03-04,2.00,start,migration,0.00,,,,769,2015-03-04,1,2099.75,2085.25,2096.00,2098.00,2088.00,day,1,2110.75,2095.50,2102.00,2108.00,2098.00,in_value
2015-03-05,2.00,start,migration,0.46,,,,770,2015-03-05,1,2102.75,2093.25,2098.00,2102.75,2094.00,day,1,2099.75,2085.25,2096.00,2098.00,2088.00,above_range
2015-03-06,2.00,start,migration,0.00,,,,771,2015-03-06,1,2094.25,2065.50,2072.00,2086.00,2065.50,day,1,2102.75,2093.25,2098.00,2102.75,2094.00,below_range
2015-03-09,2.00,added,,1.00,0.41,False,0.60,771,2015-03-06,2,2094.25,2065.50,2076.00,2082.00,2068.00,day,1,2094.25,2065.50,2072.00,2086.00,2065.50,in_value
2015-03-10,2.00,start,migration,0.00,,,,772,2015-03-10,1,2062.75,2044.00,2050.00,2056.00,2046.00,composite,2,2094.25,2065.50,2076.00,2082.00,2068.00,below_range
2015-03-11,2.00,start,migration,0.37,,,,773,2015-03-11,1,2049.50,2038.25,2044.00,2049.50,2040.00,day,1,2062.75,2044.00,2050.00,2056.00,2046.00,in_value
2015-03-12,2.00,start,migration,0.00,,,,774,2015-03-12,1,2066.50,2046.50,2058.00,2064.00,2054.00,day,1,2049.50,2038.25,2044.00,2049.50,2040.00,in_value
2015-03-13,2.00,start,migration,0.00,,,,775,2015-03-13,1,2064.00,2040.00,2044.00,2054.00,2040.00,day,1,2066.50,2046.50,2058.00,2064.00,2054.00,in_value
2015-03-16,2.00,start,migration,0.00,,,,776,2015-03-16,1,2074.00,2053.75,2064.00,2074.00,2064.00,day,1,2056.25,2032.25,2036.25,2046.25,2032.25,above_value
2015-03-17,2.00,added,,0.60,0.54,False,1.00,776,2015-03-16,2,2074.00,2053.75,2064.00,2070.00,2060.00,day,1,2074.00,2053.75,2064.00,2074.00,2064.00,below_value
2015-03-18,2.00,start,migration,0.33,,,,777,2015-03-18,1,2099.75,2052.25,2058.00,2084.00,2054.00,composite,2,2074.00,2053.75,2064.00,2070.00,2060.00,in_value
2015-03-19,2.00,added,,0.79,0.60,False,1.00,777,2015-03-18,2,2099.75,2052.25,2080.00,2098.00,2064.00,day,1,2099.75,2052.25,2058.00,2084.00,2054.00,above_value
2015-03-20,2.00,start,migration,0.00,,,,778,2015-03-20,1,2106.75,2092.25,2102.00,2106.75,2098.00,composite,2,2099.75,2052.25,2080.00,2098.00,2064.00,in_value
2015-03-23,2.00,added,,0.95,0.69,False,1.00,778,2015-03-20,2,2107.00,2092.25,2102.00,2107.00,2098.00,day,1,2106.75,2092.25,2102.00,2106.75,2098.00,in_value
2015-03-24,2.00,start,migration,0.14,,,,779,2015-03-24,1,2100.25,2083.00,2090.00,2100.00,2086.00,composite,2,2107.00,2092.25,2102.00,2107.00,2098.00,below_value
2015-03-25,2.00,start,migration,0.00,,,,780,2015-03-25,1,2089.25,2052.25,2066.00,2080.00,2054.00,day,1,2100.25,2083.00,2090.00,2100.00,2086.00,in_value
2015-03-26,2.00,start,migration,0.20,,,,781,2015-03-26,1,2058.75,2036.25,2050.00,2056.00,2046.00,day,1,2089.25,2052.25,2066.00,2080.00,2054.00,below_range
2015-03-27,2.00,added,,1.00,0.62,False,1.00,781,2015-03-26,2,2058.75,2036.25,2050.00,2056.00,2046.00,day,1,2058.75,2036.25,2050.00,2056.00,2046.00,in_value
2015-03-30,2.00,start,migration,0.00,,,,782,2015-03-30,1,2081.75,2064.50,2074.00,2080.00,2070.00,composite,2,2058.75,2036.25,2050.00,2056.00,2046.00,above_range
2015-03-31,2.00,added,,0.60,0.54,False,0.60,782,2015-03-30,2,2081.75,2058.50,2070.00,2080.00,2066.00,day,1,2081.75,2064.50,2074.00,2080.00,2070.00,below_value
2015-04-01,2.00,start,migration,0.00,,,,783,2015-04-01,1,2059.00,2039.75,2048.00,2054.00,2044.00,composite,2,2081.75,2058.50,2070.00,2080.00,2066.00,below_value
2015-04-02,2.00,start,migration,0.00,,,,784,2015-04-02,1,2064.75,2048.75,2058.00,2064.00,2054.00,day,1,2059.00,2039.75,2048.00,2054.00,2044.00,in_value
2015-04-06,2.00,start,migration,0.00,,,,785,2015-04-06,1,2080.00,2047.00,2076.00,2080.00,2068.00,day,1,2064.75,2048.75,2058.00,2064.00,2054.00,below_value
2015-04-07,2.00,skipped_shape,,0.69,0.87,False,0.60,785,2015-04-06,1,2080.00,2047.00,2076.00,2080.00,2068.00,day,1,2080.00,2047.00,2076.00,2080.00,2068.00,in_value
2015-04-08,2.00,skipped_shape,,1.00,0.81,False,1.00,785,2015-04-06,1,2080.00,2047.00,2076.00,2080.00,2068.00,day,1,2082.75,2067.50,2078.00,2082.75,2074.00,below_value
2015-04-09,2.00,added,,0.80,0.74,False,0.60,785,2015-04-06,2,2087.00,2047.00,2076.00,2082.00,2068.00,day,1,2080.25,2065.75,2074.00,2080.00,2070.00,in_value
2015-04-10,2.00,start,migration,0.00,,,,786,2015-04-10,1,2096.00,2084.50,2092.00,2096.00,2088.00,composite,2,2087.00,2047.00,2076.00,2082.00,2068.00,above_value
2015-04-13,2.00,skipped_daytype,,0.60,,,,786,2015-04-10,1,2096.00,2084.50,2092.00,2096.00,2088.00,day,1,2096.00,2084.50,2092.00,2096.00,2088.00,in_value
2015-04-14,2.00,start,migration,0.20,,,,787,2015-04-14,1,2092.00,2075.75,2088.00,2090.00,2080.00,day,1,2101.25,2085.25,2096.00,2101.25,2088.00,below_range
2015-04-15,2.00,start,migration,0.00,,,,788,2015-04-15,1,2105.50,2094.25,2098.00,2104.00,2094.25,day,1,2092.00,2075.75,2088.00,2090.00,2080.00,above_range
2015-04-16,2.00,added,,0.97,0.50,False,1.00,788,2015-04-15,2,2105.50,2092.75,2098.00,2104.00,2094.00,day,1,2105.50,2094.25,2098.00,2104.00,2094.25,in_value
2015-04-17,2.00,start,migration,0.00,,,,789,2015-04-17,1,2087.00,2064.50,2074.00,2080.00,2070.00,composite,2,2105.50,2092.75,2098.00,2104.00,2094.00,below_range
2015-04-20,2.00,start,migration,0.00,,,,790,2015-04-20,1,2097.50,2084.25,2094.00,2096.00,2090.00,day,1,2087.00,2064.50,2074.00,2080.00,2070.00,above_value
2015-04-21,2.00,added,,0.60,0.45,False,0.33,790,2015-04-20,2,2103.50,2084.25,2092.00,2098.00,2092.00,day,1,2097.50,2084.25,2094.00,2096.00,2090.00,above_range
2015-04-22,2.00,start,migration,0.43,,,,791,2015-04-22,1,2103.75,2083.75,2096.00,2102.00,2088.00,composite,2,2103.50,2084.25,2092.00,2098.00,2092.00,in_value
2015-04-23,2.00,start,migration,0.24,,,,792,2015-04-23,1,2114.50,2094.75,2110.00,2114.50,2098.00,day,1,2103.75,2083.75,2096.00,2102.00,2088.00,in_value
2015-04-24,2.00,skipped_shape,,0.95,0.77,False,1.00,792,2015-04-23,1,2114.50,2094.75,2110.00,2114.50,2098.00,day,1,2114.50,2094.75,2110.00,2114.50,2098.00,in_value
2015-04-27,2.00,added,,0.89,0.58,False,0.60,792,2015-04-23,2,2119.75,2094.75,2108.00,2114.00,2100.00,day,1,2114.75,2106.00,2110.00,2114.75,2110.00,above_range
2015-04-28,2.00,added,,0.84,0.59,False,0.60,792,2015-04-23,3,2119.75,2088.25,2106.00,2112.00,2098.00,composite,2,2119.75,2094.75,2108.00,2114.00,2100.00,in_value
2015-04-29,2.00,added,,0.60,0.53,False,0.60,792,2015-04-23,4,2119.75,2088.25,2104.00,2110.00,2096.00,composite,3,2119.75,2088.25,2106.00,2112.00,2098.00,in_value
2015-04-30,2.00,start,migration,0.11,,,,793,2015-04-30,1,2098.00,2070.25,2088.00,2098.00,2080.00,composite,4,2119.75,2088.25,2104.00,2110.00,2096.00,below_value
2015-05-01,2.00,added,,1.00,0.56,False,0.60,793,2015-04-30,2,2102.50,2070.25,2088.00,2098.00,2084.00,day,1,2098.00,2070.25,2088.00,2098.00,2080.00,in_value
2015-05-04,2.00,start,migration,0.00,,,,794,2015-05-04,1,2115.00,2105.50,2110.00,2115.00,2106.00,composite,2,2102.50,2070.25,2088.00,2098.00,2084.00,above_range
2015-05-05,2.00,start,migration,0.00,,,,795,2015-05-05,1,2109.25,2081.50,2086.00,2100.00,2082.00,day,1,2115.00,2105.50,2110.00,2115.00,2106.00,below_range
2015-05-06,2.00,start,migration,0.00,,,,796,2015-05-06,1,2093.75,2061.25,2074.00,2080.00,2066.00,day,1,2109.25,2081.50,2086.00,2100.00,2082.00,in_value
2015-05-07,2.00,start,migration,0.33,,,,797,2015-05-07,1,2088.25,2069.25,2084.00,2088.25,2076.00,day,1,2093.75,2061.25,2074.00,2080.00,2066.00,in_value
2015-05-08,2.00,start,migration,0.00,,,,798,2015-05-08,1,2113.50,2102.50,2108.00,2113.50,2108.00,day,1,2088.25,2069.25,2084.00,2088.25,2076.00,above_range
2015-05-11,2.00,start,migration,0.40,,,,799,2015-05-11,1,2113.50,2099.50,2106.00,2112.00,2102.00,day,1,2113.50,2102.50,2108.00,2113.50,2108.00,in_value
2015-05-12,2.00,start,migration,0.00,,,,800,2015-05-12,1,2100.75,2080.25,2094.00,2100.00,2090.00,day,1,2113.50,2099.50,2106.00,2112.00,2102.00,below_range
2015-05-13,2.00,added,,0.80,0.61,False,1.00,800,2015-05-12,2,2106.50,2080.25,2096.00,2102.00,2092.00,day,1,2100.75,2080.25,2094.00,2100.00,2090.00,in_value
2015-05-14,2.00,start,migration,0.00,,,,801,2015-05-14,1,2117.75,2103.50,2114.00,2116.00,2106.00,composite,2,2106.50,2080.25,2096.00,2102.00,2092.00,above_range
2015-05-15,2.00,added,,0.58,0.65,False,1.00,801,2015-05-14,2,2120.50,2103.50,2114.00,2120.00,2110.00,day,1,2117.75,2103.50,2114.00,2116.00,2106.00,above_range
2015-05-18,2.00,start,migration,0.39,,,,802,2015-05-18,1,2128.75,2116.25,2124.00,2126.00,2116.25,composite,2,2120.50,2103.50,2114.00,2120.00,2110.00,in_value
2015-05-19,2.00,added,,0.67,0.56,False,1.00,802,2015-05-18,2,2130.25,2116.25,2124.00,2130.00,2120.00,day,1,2128.75,2116.25,2124.00,2126.00,2116.25,above_value
2015-05-20,2.00,added,,0.91,0.50,False,1.00,802,2015-05-18,3,2132.25,2116.25,2124.00,2130.00,2120.00,composite,2,2130.25,2116.25,2124.00,2130.00,2120.00,in_value
2015-05-21,2.00,added,,0.75,0.50,False,1.00,802,2015-05-18,4,2132.25,2116.25,2124.00,2130.00,2120.00,composite,3,2132.25,2116.25,2124.00,2130.00,2120.00,in_value
2015-05-22,2.00,added,,1.00,0.61,False,1.00,802,2015-05-18,5,2132.25,2116.25,2126.00,2132.00,2122.00,composite,4,2132.25,2116.25,2124.00,2130.00,2120.00,in_value
2015-05-26,2.00,start,migration,0.00,,,,803,2015-05-26,1,2119.25,2096.00,2102.00,2108.00,2098.00,composite,5,2132.25,2116.25,2126.00,2132.00,2122.00,below_value
2015-05-27,2.00,start,migration,0.00,,,,804,2015-05-27,1,2124.25,2102.50,2114.00,2124.00,2110.00,day,1,2119.25,2096.00,2102.00,2108.00,2098.00,in_value
2015-05-28,2.00,added,,1.00,0.54,False,1.00,804,2015-05-27,2,2124.25,2102.50,2114.00,2120.00,2110.00,day,1,2124.25,2102.50,2114.00,2124.00,2110.00,in_value
2015-05-29,2.00,start,migration,0.20,,,,805,2015-05-29,1,2118.75,2102.25,2110.00,2112.00,2102.25,composite,2,2124.25,2102.50,2114.00,2120.00,2110.00,in_value
2015-06-01,2.00,added,,0.60,0.55,False,1.00,805,2015-05-29,2,2118.75,2100.25,2110.00,2116.00,2106.00,day,1,2118.75,2102.25,2110.00,2112.00,2102.25,above_value
2015-06-02,2.00,skipped_shape,,0.71,0.46,False,0.20,805,2015-05-29,2,2118.75,2100.25,2110.00,2116.00,2106.00,composite,2,2118.75,2100.25,2110.00,2116.00,2106.00,below_value
2015-06-03,2.00,added,,0.80,0.50,False,1.00,805,2015-05-29,3,2120.75,2100.25,2110.00,2116.00,2106.00,composite,2,2118.75,2100.25,2110.00,2116.00,2106.00,in_value
2015-06-04,2.00,start,migration,0.00,,,,806,2015-06-04,1,2111.75,2091.25,2098.00,2104.00,2091.25,composite,3,2120.75,2100.25,2110.00,2116.00,2106.00,below_value
2015-06-05,2.00,added,,0.68,0.37,False,0.60,806,2015-06-04,2,2111.75,2083.50,2092.00,2102.00,2088.00,day,1,2111.75,2091.25,2098.00,2104.00,2091.25,in_value
2015-06-08,2.00,start,migration,0.20,,,,807,2015-06-08,1,2092.00,2077.50,2084.00,2090.00,2080.00,composite,2,2111.75,2083.50,2092.00,2102.00,2088.00,in_value
2015-06-09,2.00,added,,0.54,0.46,False,1.00,807,2015-06-08,2,2092.00,2070.75,2080.00,2086.00,2076.00,day,1,2092.00,2077.50,2084.00,2090.00,2080.00,below_value
2015-06-10,2.00,start,migration,0.00,,,,808,2015-06-10,1,2108.00,2086.75,2104.00,2108.00,2096.00,composite,2,2092.00,2070.75,2080.00,2086.00,2076.00,above_value
2015-06-11,2.00,start,migration,0.33,,,,809,2015-06-11,1,2114.75,2105.75,2110.00,2112.00,2106.00,day,1,2108.00,2086.75,2104.00,2108.00,2096.00,above_range
2015-06-12,2.00,start,migration,0.00,,,,810,2015-06-12,1,2102.00,2090.25,2094.00,2100.00,2090.25,day,1,2114.75,2105.75,2110.00,2112.00,2106.00,below_range
2015-06-15,2.00,start,migration,0.00,,,,811,2015-06-15,1,2079.50,2062.75,2074.00,2079.50,2070.00,day,1,2093.75,2082.00,2085.75,2091.75,2082.00,below_range
2015-06-16,2.00,start,migration,0.39,,,,812,2015-06-16,1,2088.75,2072.00,2086.00,2088.00,2074.00,day,1,2079.50,2062.75,2074.00,2079.50,2070.00,in_value
2015-06-17,2.00,added,,0.57,0.54,False,0.60,812,2015-06-16,2,2098.75,2072.00,2086.00,2092.00,2078.00,day,1,2088.75,2072.00,2086.00,2088.00,2074.00,above_range
2015-06-18,2.00,start,migration,0.00,,,,813,2015-06-18,1,2119.25,2097.00,2112.00,2118.00,2108.00,composite,2,2098.75,2072.00,2086.00,2092.00,2078.00,above_value
2015-06-19,2.00,start,migration,0.37,,,,814,2015-06-19,1,2111.50,2099.75,2106.00,2111.50,2102.00,day,1,2119.25,2097.00,2112.00,2118.00,2108.00,in_value
2015-06-22,2.00,start,migration,0.00,,,,815,2015-06-22,1,2122.00,2112.25,2116.00,2118.00,2112.25,day,1,2111.50,2099.75,2106.00,2111.50,2102.00,above_range
2015-06-23,2.00,added,,0.66,0.36,False,0.33,815,2015-06-22,2,2122.00,2111.25,2114.00,2120.00,2114.00,day,1,2122.00,2112.25,2116.00,2118.00,2112.25,in_value
2015-06-24,2.00,start,migration,0.00,,,,816,2015-06-24,1,2117.50,2100.00,2104.00,2114.00,2100.00,composite,2,2122.00,2111.25,2114.00,2120.00,2114.00,below_value
2015-06-25,2.00,added,,0.60,0.50,False,0.60,816,2015-06-24,2,2117.50,2092.50,2104.00,2114.00,2100.00,day,1,2117.50,2100.00,2104.00,2114.00,2100.00,in_value
2015-06-26,2.00,start,migration,0.00,,,,817,2015-06-26,1,2100.75,2086.25,2092.00,2098.00,2088.00,composite,2,2117.50,2092.50,2104.00,2114.00,2100.00,below_value
2015-06-29,2.00,start,migration,0.00,,,,818,2015-06-29,1,2083.25,2047.25,2064.00,2078.00,2056.00,day,1,2100.75,2086.25,2092.00,2098.00,2088.00,below_range
2015-06-30,2.00,start,migration,0.40,,,,819,2015-06-30,1,2067.50,2046.75,2054.00,2060.00,2050.00,day,1,2083.25,2047.25,2064.00,2078.00,2056.00,in_value
2015-07-01,2.00,start,migration,0.00,,,,820,2015-07-01,1,2074.50,2059.75,2066.00,2072.00,2062.00,day,1,2067.50,2046.75,2054.00,2060.00,2050.00,above_range
2015-07-02,2.00,added,,0.80,0.35,False,1.00,820,2015-07-01,2,2077.00,2059.75,2064.00,2070.00,2060.00,day,1,2074.50,2059.75,2066.00,2072.00,2062.00,above_range
2015-07-06,2.00,start,migration,0.43,,,,821,2015-07-06,1,2070.50,2049.25,2060.00,2066.00,2052.00,composite,2,2077.00,2059.75,2064.00,2070.00,2060.00,below_range
2015-07-07,2.00,start,migration,0.39,,,,822,2015-07-07,1,2076.00,2035.00,2056.00,2062.00,2036.00,day,1,2070.50,2049.25,2060.00,2066.00,2052.00,in_value
2015-07-08,2.00,added,,1.00,0.34,False,0.43,822,2015-07-07,2,2076.00,2035.00,2048.00,2062.00,2044.00,day,1,2076.00,2035.00,2056.00,2062.00,2036.00,in_value
2015-07-09,2.00,added,,1.00,0.39,False,1.00,822,2015-07-07,3,2076.00,2035.00,2050.00,2060.00,2042.00,composite,2,2076.00,2035.00,2048.00,2062.00,2044.00,above_value
2015-07-10,2.00,start,migration,0.00,,,,823,2015-07-10,1,2074.75,2059.50,2070.00,2072.00,2062.00,composite,3,2076.00,2035.00,2050.00,2060.00,2042.00,above_value
2015-07-13,2.00,start,migration,0.00,,,,824,2015-07-13,1,2094.00,2084.00,2088.00,2094.00,2084.00,day,1,2074.75,2059.50,2070.00,2072.00,2062.00,above_range
2015-07-14,2.00,start,migration,0.00,,,,825,2015-07-14,1,2105.50,2091.50,2100.00,2105.50,2096.00,day,1,2094.00,2084.00,2088.00,2094.00,2084.00,in_value
2015-07-15,2.00,added,,0.92,0.72,False,1.00,825,2015-07-14,2,2107.75,2091.50,2102.00,2107.75,2098.00,day,1,2105.50,2091.50,2100.00,2105.50,2096.00,in_value
2015-07-16,2.00,start,migration,0.00,,,,826,2015-07-16,1,2117.75,2110.75,2114.00,2116.00,2110.75,composite,2,2107.75,2091.50,2102.00,2107.75,2098.00,above_range
2015-07-17,2.00,start,migration,0.33,,,,827,2015-07-17,1,2120.00,2112.75,2114.00,2120.00,2114.00,day,1,2117.75,2110.75,2114.00,2116.00,2110.75,above_value
2015-07-20,2.00,start,migration,0.24,,,,828,2015-07-20,1,2126.25,2116.50,2122.00,2126.25,2118.00,day,1,2120.00,2112.75,2114.00,2120.00,2114.00,above_range
2015-07-21,2.00,start,migration,0.00,,,,829,2015-07-21,1,2121.75,2108.00,2112.00,2118.00,2108.00,day,1,2126.25,2116.50,2122.00,2126.25,2118.00,in_value
2015-07-22,2.00,start,migration,0.00,,,,830,2015-07-22,1,2112.00,2103.00,2106.00,2108.00,2103.00,day,1,2121.75,2108.00,2112.00,2118.00,2108.00,below_range
2015-07-23,2.00,start,migration,0.36,,,,831,2015-07-23,1,2110.50,2091.50,2098.00,2108.00,2094.00,day,1,2112.00,2103.00,2106.00,2108.00,2103.00,above_value
2015-07-24,2.00,start,migration,0.00,,,,832,2015-07-24,1,2097.75,2069.75,2074.00,2088.00,2070.00,day,1,2110.50,2091.50,2098.00,2108.00,2094.00,in_value
2015-07-27,2.00,start,migration,0.00,,,,833,2015-07-27,1,2069.50,2056.50,2062.00,2068.00,2058.00,day,1,2097.75,2069.75,2074.00,2088.00,2070.00,below_range
2015-07-28,2.00,start,migration,0.00,,,,834,2015-07-28,1,2089.00,2061.50,2084.00,2089.00,2068.00,day,1,2069.50,2056.50,2062.00,2068.00,2058.00,above_range
2015-07-29,2.00,start,migration,0.00,,,,835,2015-07-29,1,2104.25,2086.75,2096.00,2102.00,2092.00,day,1,2089.00,2061.50,2084.00,2089.00,2068.00,in_value
2015-07-30,2.00,added,,0.83,0.65,False,1.00,835,2015-07-29,2,2104.25,2086.75,2098.00,2104.00,2094.00,day,1,2104.25,2086.75,2096.00,2102.00,2092.00,in_value
2015-07-31,2.00,added,,0.80,0.54,False,1.00,835,2015-07-29,3,2108.50,2086.75,2098.00,2104.00,2094.00,composite,2,2104.25,2086.75,2098.00,2104.00,2094.00,above_range
2015-08-03,2.00,start,migration,0.00,,,,836,2015-08-03,1,2099.00,2080.00,2084.00,2094.00,2080.00,composite,3,2108.50,2086.75,2098.00,2104.00,2094.00,in_value
2015-08-04,2.00,added,,1.00,0.55,False,0.60,836,2015-08-03,2,2099.00,2080.00,2090.00,2096.00,2082.00,day,1,2099.00,2080.00,2084.00,2094.00,2080.00,in_value
2015-08-05,2.00,start,migration,0.32,,,,837,2015-08-05,1,2107.00,2090.75,2094.00,2107.00,2090.75,composite,2,2099.00,2080.00,2090.00,2096.00,2082.00,above_value
2015-08-06,2.00,start,migration,0.00,,,,838,2015-08-06,1,2098.00,2070.00,2078.00,2084.00,2070.00,day,1,2107.00,2090.75,2094.00,2107.00,2090.75,in_value
2015-08-07,2.00,start,migration,0.20,,,,839,2015-08-07,1,2076.75,2062.00,2066.00,2072.00,2062.00,day,1,2098.00,2070.00,2078.00,2084.00,2070.00,in_value
2015-08-10,2.00,start,migration,0.00,,,,840,2015-08-10,1,2100.75,2086.00,2096.00,2100.75,2092.00,day,1,2076.75,2062.00,2066.00,2072.00,2062.00,above_range
2015-08-11,2.00,start,migration,0.00,,,,841,2015-08-11,1,2088.25,2070.75,2076.00,2082.00,2072.00,day,1,2100.75,2086.00,2096.00,2100.75,2092.00,below_range
2015-08-12,2.00,start,migration,0.00,,,,842,2015-08-12,1,2084.75,2046.50,2056.00,2070.00,2048.00,day,1,2088.25,2070.75,2076.00,2082.00,2072.00,below_range
2015-08-13,2.00,start,migration,0.00,,,,843,2015-08-13,1,2089.00,2073.25,2082.00,2088.00,2074.00,day,1,2084.75,2046.50,2056.00,2070.00,2048.00,above_value
2015-08-14,2.00,added,,1.00,0.61,False,1.00,843,2015-08-13,2,2089.00,2073.25,2082.00,2088.00,2078.00,day,1,2089.00,2073.25,2082.00,2088.00,2074.00,in_value
2015-08-17,2.00,start,migration,0.29,,,,844,2015-08-17,1,2099.25,2074.75,2096.00,2098.00,2084.00,composite,2,2089.00,2073.25,2082.00,2088.00,2078.00,in_value
2015-08-18,2.00,added,,1.00,0.75,False,1.00,844,2015-08-17,2,2100.25,2074.75,2094.00,2100.00,2090.00,day,1,2099.25,2074.75,2096.00,2098.00,2084.00,in_value
2015-08-19,2.00,start,migration,0.00,,,,845,2015-08-19,1,2093.50,2066.50,2078.00,2084.00,2070.00,composite,2,2100.25,2074.75,2094.00,2100.00,2090.00,below_value
2015-08-20,2.00,start,migration,0.00,,,,846,2015-08-20,1,2065.00,2032.25,2050.00,2056.00,2042.00,day,1,2093.50,2066.50,2078.00,2084.00,2070.00,below_range
2015-08-21,2.00,start,migration,0.00,,,,847,2015-08-21,1,2022.25,1968.00,1996.00,2014.00,1984.00,day,1,2065.00,2032.25,2050.00,2056.00,2042.00,below_range
2015-08-24,2.00,start,migration,0.00,,,,848,2015-08-24,1,1950.75,1831.00,1904.00,1934.00,1880.00,day,1,2022.25,1968.00,1996.00,2014.00,1984.00,below_range
2015-08-25,2.00,skipped_daytype,,0.80,,,,848,2015-08-24,1,1950.75,1831.00,1904.00,1934.00,1880.00,day,1,1950.75,1831.00,1904.00,1934.00,1880.00,above_value
2015-08-26,2.00,added,,1.00,0.61,False,0.85,848,2015-08-24,2,1950.75,1831.00,1904.00,1926.00,1880.00,day,1,1947.25,1862.75,1930.00,1940.00,1910.00,in_value
2015-08-27,2.00,start,migration,0.00,,,,849,2015-08-27,1,1986.75,1944.25,1966.00,1980.00,1958.00,composite,2,1950.75,1831.00,1904.00,1926.00,1880.00,above_range
2015-08-28,2.00,start,migration,0.40,,,,850,2015-08-28,1,1991.00,1971.50,1980.00,1986.00,1976.00,day,1,1986.75,1944.25,1966.00,1980.00,1958.00,in_value
2015-08-31,2.00,start,migration,0.20,,,,851,2015-08-31,1,1983.75,1962.25,1972.00,1978.00,1968.00,day,1,1991.00,1971.50,1980.00,1986.00,1976.00,below_value
2015-09-01,2.00,start,migration,0.00,,,,852,2015-09-01,1,1939.50,1898.75,1924.00,1934.00,1916.00,day,1,1983.75,1962.25,1972.00,1978.00,1968.00,below_range
2015-09-02,2.00,added,,1.00,0.62,False,0.71,852,2015-09-01,2,1946.75,1898.75,1928.00,1938.00,1916.00,day,1,1939.50,1898.75,1924.00,1934.00,1916.00,above_value
2015-09-03,2.00,start,migration,0.00,,,,853,2015-09-03,1,1973.50,1942.00,1954.00,1964.00,1946.00,composite,2,1946.75,1898.75,1928.00,1938.00,1916.00,above_range
2015-09-04,2.00,start,migration,0.00,,,,854,2015-09-04,1,1930.75,1907.75,1918.00,1928.00,1914.00,day,1,1973.50,1942.00,1954.00,1964.00,1946.00,below_range
2015-09-08,2.00,start,migration,0.00,,,,855,2015-09-08,1,1968.75,1944.00,1950.00,1960.00,1946.00,day,1,1930.75,1907.75,1918.00,1928.00,1914.00,above_range
2015-09-09,2.00,start,migration,0.23,,,,856,2015-09-09,1,1987.50,1935.50,1966.00,1980.00,1954.00,day,1,1968.75,1944.00,1950.00,1960.00,1946.00,above_range
2015-09-10,2.00,start,migration,0.14,,,,857,2015-09-10,1,1965.25,1934.75,1950.00,1956.00,1942.00,day,1,1987.50,1935.50,1966.00,1980.00,1954.00,below_value
2015-09-11,2.00,added,,0.86,0.53,False,0.60,857,2015-09-10,2,1965.25,1934.75,1950.00,1956.00,1942.00,day,1,1965.25,1934.75,1950.00,1956.00,1942.00,in_value
2015-09-14,2.00,added,,1.00,0.53,False,0.60,857,2015-09-10,3,1955.25,1924.75,1940.00,1946.00,1932.00,composite,2,1955.25,1924.75,1940.00,1946.00,1932.00,above_value
2015-09-15,2.00,start,migration,0.00,,,,858,2015-09-15,1,1973.00,1943.50,1958.00,1972.00,1954.00,composite,3,1955.25,1924.75,1940.00,1946.00,1932.00,above_value
2015-09-16,2.00,start,migration,0.29,,,,859,2015-09-16,1,1987.00,1967.00,1980.00,1982.00,1968.00,day,1,1973.00,1943.50,1958.00,1972.00,1954.00,in_value
2015-09-17,2.00,start,migration,0.22,,,,860,2015-09-17,1,2011.75,1975.50,1986.00,1996.00,1978.00,day,1,1987.00,1967.00,1980.00,1982.00,1968.00,above_value
2015-09-18,2.00,start,migration,0.00,,,,861,2015-09-18,1,1967.50,1941.25,1952.00,1962.00,1948.00,day,1,2011.75,1975.50,1986.00,1996.00,1978.00,below_range
2015-09-21,2.00,added,,1.00,0.50,False,0.60,861,2015-09-18,2,1969.00,1941.25,1954.00,1964.00,1950.00,day,1,1967.50,1941.25,1952.00,1962.00,1948.00,in_value
2015-09-22,2.00,start,migration,0.00,,,,862,2015-09-22,1,1936.75,1917.75,1924.00,1930.00,1920.00,composite,2,1969.00,1941.25,1954.00,1964.00,1950.00,below_range
2015-09-23,2.00,added,,0.60,0.38,False,0.60,862,2015-09-22,2,1938.75,1917.75,1924.00,1934.00,1920.00,day,1,1936.75,1917.75,1924.00,1930.00,1920.00,above_value
2015-09-24,2.00,start,migration,0.00,,,,863,2015-09-24,1,1926.75,1897.25,1906.00,1920.00,1902.00,composite,2,1938.75,1917.75,1924.00,1934.00,1920.00,below_range
2015-09-25,2.00,start,migration,0.00,,,,864,2015-09-25,1,1942.50,1910.25,1936.00,1942.00,1924.00,day,1,1926.75,1897.25,1906.00,1920.00,1902.00,above_range
2015-09-28,2.00,start,migration,0.00,,,,865,2015-09-28,1,1911.75,1868.75,1878.00,1896.00,1870.00,day,1,1942.50,1910.25,1936.00,1942.00,1924.00,below_value
2015-09-29,2.00,added,,0.86,0.33,False,1.00,865,2015-09-28,2,1911.75,1861.50,1876.00,1886.00,1868.00,day,1,1911.75,1868.75,1878.00,1896.00,1870.00,in_value
2015-09-30,2.00,start,migration,0.00,,,,866,2015-09-30,1,1910.50,1886.50,1902.00,1908.00,1894.00,composite,2,1911.75,1861.50,1876.00,1886.00,1868.00,above_value
2015-10-01,2.00,added,,0.78,0.53,False,0.60,866,2015-09-30,2,1917.25,1886.50,1902.00,1908.00,1894.00,day,1,1910.50,1886.50,1902.00,1908.00,1894.00,above_range
2015-10-02,2.00,start,migration,0.37,,,,867,2015-10-02,1,1942.25,1883.00,1920.00,1930.00,1892.00,composite,2,1917.25,1886.50,1902.00,1908.00,1894.00,below_value
2015-10-05,2.00,start,migration,0.00,,,,868,2015-10-05,1,1980.00,1955.25,1966.00,1976.00,1962.00,day,1,1942.25,1883.00,1920.00,1930.00,1892.00,above_range
2015-10-06,2.00,added,,0.80,0.43,False,0.60,868,2015-10-05,2,1982.25,1955.25,1966.00,1976.00,1962.00,day,1,1980.00,1955.25,1966.00,1976.00,1962.00,in_value
2015-10-07,2.00,start,migration,0.14,,,,869,2015-10-07,1,1991.25,1967.50,1978.00,1988.00,1974.00,composite,2,1982.25,1955.25,1966.00,1976.00,1962.00,above_value
2015-10-08,2.00,added,,0.61,0.43,False,0.43,869,2015-10-07,2,2008.75,1967.50,1984.00,1990.00,1972.00,day,1,1991.25,1967.50,1978.00,1988.00,1974.00,in_value
2015-10-09,2.00,start,migration,0.00,,,,870,2015-10-09,1,2012.25,1998.75,2004.00,2010.00,2000.00,composite,2,2008.75,1967.50,1984.00,1990.00,1972.00,above_value
2015-10-12,2.00,added,,1.00,0.56,False,1.00,870,2015-10-09,2,2012.25,1998.75,2006.00,2012.00,2002.00,day,1,2012.25,1998.75,2004.00,2010.00,2000.00,in_value
2015-10-13,2.00,added,,0.71,0.54,False,1.00,870,2015-10-09,3,2014.75,1993.50,2004.00,2010.00,2000.00,composite,2,2012.25,1998.75,2006.00,2012.00,2002.00,below_value
2015-10-14,2.00,start,migration,0.00,,,,871,2015-10-14,1,2001.75,1982.50,1990.00,1996.00,1986.00,composite,3,2014.75,1993.50,2004.00,2010.00,2000.00,below_value
2015-10-15,2.00,start,migration,0.33,,,,872,2015-10-15,1,2017.00,1989.50,1998.00,2008.00,1990.00,day,1,2001.75,1982.50,1990.00,1996.00,1986.00,in_value
2015-10-16,2.00,start,migration,0.00,,,,873,2015-10-16,1,2026.00,2012.25,2018.00,2024.00,2014.00,day,1,2017.00,1989.50,1998.00,2008.00,1990.00,above_range
2015-10-19,2.00,added,,0.80,0.44,False,1.00,873,2015-10-16,2,2027.00,2012.25,2018.00,2024.00,2014.00,day,1,2026.00,2012.25,2018.00,2024.00,2014.00,in_value
2015-10-20,2.00,start,migration,0.40,,,,874,2015-10-20,1,2031.50,2018.50,2024.00,2030.00,2020.00,composite,2,2027.00,2012.25,2018.00,2024.00,2014.00,in_value
2015-10-21,2.00,added,,0.56,0.71,False,1.00,874,2015-10-20,2,2031.50,2009.50,2024.00,2030.00,2020.00,day,1,2031.50,2018.50,2024.00,2030.00,2020.00,in_value
2015-10-22,2.00,start,migration,0.00,,,,875,2015-10-22,1,2048.75,2021.50,2042.00,2048.00,2034.00,composite,2,2031.50,2009.50,2024.00,2030.00,2020.00,in_value
2015-10-23,2.00,start,migration,0.00,,,,876,2015-10-23,1,2073.50,2056.75,2064.00,2070.00,2060.00,day,1,2048.75,2021.50,2042.00,2048.00,2034.00,above_range
2015-10-26,2.00,added,,1.00,0.50,False,1.00,876,2015-10-23,2,2073.50,2056.75,2064.00,2070.00,2060.00,day,1,2073.50,2056.75,2064.00,2070.00,2060.00,in_value
2015-10-27,2.00,start,migration,0.00,,,,877,2015-10-27,1,2063.75,2051.25,2054.00,2060.00,2054.00,composite,2,2073.50,2056.75,2064.00,2070.00,2060.00,below_range
2015-10-28,2.00,start,migration,0.00,,,,878,2015-10-28,1,2083.50,2055.50,2072.00,2078.00,2064.00,day,1,2063.75,2051.25,2054.00,2060.00,2054.00,above_value
2015-10-29,2.00,start,migration,0.20,,,,879,2015-10-29,1,2086.50,2075.50,2080.00,2086.00,2076.00,day,1,2083.50,2055.50,2072.00,2078.00,2064.00,in_value
2015-10-30,2.00,added,,1.00,0.55,False,1.00,879,2015-10-29,2,2088.25,2071.75,2080.00,2086.00,2076.00,day,1,2086.50,2075.50,2080.00,2086.00,2076.00,in_value
2015-11-02,2.00,start,migration,0.29,,,,880,2015-11-02,1,2100.00,2075.25,2086.00,2096.00,2082.00,composite,2,2088.25,2071.75,2080.00,2086.00,2076.00,in_value
2015-11-03,2.00,start,migration,0.14,,,,881,2015-11-03,1,2110.25,2090.50,2102.00,2108.00,2094.00,day,1,2100.00,2075.25,2086.00,2096.00,2082.00,in_value
2015-11-04,2.00,added,,0.80,0.32,False,1.00,881,2015-11-03,2,2110.25,2090.50,2096.00,2102.00,2092.00,day,1,2110.25,2090.50,2102.00,2108.00,2094.00,in_value
2015-11-05,2.00,added,,0.80,0.46,False,0.60,881,2015-11-03,3,2110.25,2084.00,2096.00,2106.00,2092.00,composite,2,2110.25,2090.50,2096.00,2102.00,2092.00,in_value
2015-11-06,2.00,start,migration,0.00,,,,882,2015-11-06,1,2096.25,2077.50,2086.00,2092.00,2082.00,composite,3,2110.25,2084.00,2096.00,2106.00,2092.00,below_value
2015-11-09,2.00,start,migration,0.00,,,,883,2015-11-09,1,2088.00,2062.00,2070.00,2076.00,2066.00,day,1,2096.25,2077.50,2086.00,2092.00,2082.00,in_value
2015-11-10,2.00,added,,1.00,0.32,False,1.00,883,2015-11-09,2,2088.00,2062.00,2070.00,2076.00,2066.00,day,1,2088.00,2062.00,2070.00,2076.00,2066.00,in_value
2015-11-11,2.00,added,,0.60,0.32,False,1.00,883,2015-11-09,3,2088.00,2062.00,2070.00,2076.00,2066.00,composite,2,2088.00,2062.00,2070.00,2076.00,2066.00,above_value
2015-11-12,2.00,start,migration,0.00,,,,884,2015-11-12,1,2063.50,2041.00,2052.00,2058.00,2048.00,composite,3,2088.00,2062.00,2070.00,2076.00,2066.00,below_range
2015-11-13,2.00,start,migration,0.00,,,,885,2015-11-13,1,2039.50,2016.75,2026.00,2036.00,2018.00,day,1,2063.50,2041.00,2052.00,2058.00,2048.00,below_range
2015-11-16,2.00,skipped_daytype,,0.89,,,,885,2015-11-13,1,2039.50,2016.75,2026.00,2036.00,2018.00,day,1,2039.50,2016.75,2026.00,2036.00,2018.00,below_range
2015-11-17,2.00,start,migration,0.00,,,,886,2015-11-17,1,2063.50,2041.50,2050.00,2060.00,2046.00,day,1,2049.50,2014.50,2024.00,2038.00,2020.00,above_range
2015-11-18,2.00,start,migration,0.42,,,,887,2015-11-18,1,2082.50,2052.75,2060.00,2070.00,2052.75,day,1,2063.50,2041.50,2050.00,2060.00,2046.00,in_value
2015-11-19,2.00,start,migration,0.00,,,,888,2015-11-19,1,2083.75,2075.25,2078.00,2083.75,2078.00,day,1,2082.50,2052.75,2060.00,2070.00,2052.75,above_value
2015-11-20,2.00,start,migration,0.17,,,,889,2015-11-20,1,2094.50,2081.75,2086.00,2092.00,2082.00,day,1,2083.75,2075.25,2078.00,2083.75,2078.00,above_range
2015-11-23,2.00,added,,0.89,0.61,False,1.00,889,2015-11-20,2,2094.50,2078.25,2088.00,2094.00,2084.00,day,1,2094.50,2081.75,2086.00,2092.00,2082.00,in_value
2015-11-24,2.00,start,migration,0.43,,,,890,2015-11-24,1,2091.50,2067.00,2086.00,2091.50,2074.00,composite,2,2094.50,2078.25,2088.00,2094.00,2084.00,below_range
2015-11-25,2.00,skipped_shape,,1.00,0.89,False,0.14,890,2015-11-24,1,2091.50,2067.00,2086.00,2091.50,2074.00,day,1,2091.50,2067.00,2086.00,2091.50,2074.00,in_value
2015-11-27,2.00,skipped_shape,,1.00,0.81,False,0.60,890,2015-11-24,1,2091.50,2067.00,2086.00,2091.50,2074.00,day,1,2090.50,2083.25,2088.00,2090.00,2084.00,in_value
2015-11-30,2.00,added,,1.00,0.68,False,1.00,890,2015-11-24,2,2092.00,2067.00,2084.00,2090.00,2080.00,day,1,2091.25,2081.50,2086.00,2091.25,2086.00,in_value
2015-12-01,2.00,start,migration,0.20,,,,891,2015-12-01,1,2101.50,2084.25,2092.00,2098.00,2088.00,composite,2,2092.00,2067.00,2084.00,2090.00,2080.00,in_value
2015-12-02,2.00,start,migration,0.47,,,,892,2015-12-02,1,2103.25,2075.00,2094.00,2103.25,2082.00,day,1,2101.50,2084.25,2092.00,2098.00,2088.00,above_value
2015-12-03,2.00,start,migration,0.00,,,,893,2015-12-03,1,2084.50,2040.00,2068.00,2078.00,2048.00,day,1,2103.25,2075.00,2094.00,2103.25,2082.00,below_value
2015-12-04,2.00,added,,0.69,0.54,False,1.00,893,2015-12-03,2,2093.00,2040.00,2068.00,2086.00,2052.00,day,1,2084.50,2040.00,2068.00,2078.00,2048.00,in_value
2015-12-07,2.00,added,,1.00,0.57,False,1.00,893,2015-12-03,3,2093.00,2040.00,2070.00,2084.00,2058.00,composite,2,2093.00,2040.00,2068.00,2086.00,2052.00,in_value
2015-12-08,2.00,added,,1.00,0.57,False,0.33,893,2015-12-03,4,2093.00,2040.00,2070.00,2076.00,2054.00,composite,3,2093.00,2040.00,2070.00,2084.00,2058.00,below_value
2015-12-09,2.00,start,migration,0.40,,,,894,2015-12-09,1,2079.75,2034.25,2044.00,2066.00,2036.00,composite,4,2093.00,2040.00,2070.00,2076.00,2054.00,in_value
2015-12-10,2.00,added,,1.00,0.50,False,0.33,894,2015-12-09,2,2079.75,2034.25,2056.00,2062.00,2040.00,day,1,2079.75,2034.25,2044.00,2066.00,2036.00,in_value
2015-12-11,2.00,start,migration,0.00,,,,895,2015-12-11,1,2033.75,2007.25,2018.00,2028.00,2014.00,composite,2,2079.75,2034.25,2056.00,2062.00,2040.00,below_range
2015-12-14,2.00,start,migration,0.43,,,,896,2015-12-14,1,2014.25,1983.25,1998.00,2008.00,1994.00,day,1,2025.25,1998.75,2009.50,2019.50,2005.50,below_value
2015-12-15,2.00,start,migration,0.00,,,,897,2015-12-15,1,2045.75,2029.50,2038.00,2044.00,2034.00,day,1,2014.25,1983.25,1998.00,2008.00,1994.00,above_range
2015-12-16,2.00,start,migration,0.33,,,,898,2015-12-16,1,2068.75,2031.00,2042.00,2056.00,2038.00,day,1,2045.75,2029.50,2038.00,2044.00,2034.00,above_range
2015-12-17,2.00,added,,0.86,0.33,False,0.43,898,2015-12-16,2,2069.50,2031.00,2042.00,2056.00,2038.00,day,1,2068.75,2031.00,2042.00,2056.00,2038.00,above_value
2015-12-18,2.00,start,migration,0.00,,,,899,2015-12-18,1,2023.75,1994.00,2006.00,2016.00,2002.00,composite,2,2069.50,2031.00,2042.00,2056.00,2038.00,below_range
2015-12-21,2.00,added,,0.67,0.43,False,0.60,899,2015-12-18,2,2023.75,1994.00,2006.00,2016.00,2002.00,day,1,2023.75,1994.00,2006.00,2016.00,2002.00,in_value
2015-12-22,2.00,start,migration,0.14,,,,900,2015-12-22,1,2034.50,2010.50,2018.00,2028.00,2014.00,composite,2,2023.75,1994.00,2006.00,2016.00,2002.00,above_value
2015-12-23,2.00,start,migration,0.00,,,,901,2015-12-23,1,2057.75,2041.75,2050.00,2056.00,2046.00,day,1,2034.50,2010.50,2018.00,2028.00,2014.00,above_range
2015-12-24,2.00,added,,0.67,0.65,False,1.00,901,2015-12-23,2,2059.75,2041.75,2052.00,2058.00,2048.00,day,1,2057.75,2041.75,2050.00,2056.00,2046.00,in_value
2015-12-28,2.00,start,migration,0.00,,,,902,2015-12-28,1,2048.50,2035.25,2042.00,2048.00,2038.00,composite,2,2059.75,2041.75,2052.00,2058.00,2048.00,below_value
2015-12-29,2.00,start,migration,0.00,,,,903,2015-12-29,1,2074.50,2060.75,2068.00,2074.00,2064.00,day,1,2048.50,2035.25,2042.00,2048.00,2038.00,above_range
2015-12-30,2.00,skipped_daytype,,0.67,,,,903,2015-12-29,1,2074.50,2060.75,2068.00,2074.00,2064.00,day,1,2074.50,2060.75,2068.00,2074.00,2064.00,in_value
2015-12-31,2.00,start,migration,0.00,,,,904,2015-12-31,1,2054.75,2033.75,2042.00,2052.00,2038.00,day,1,2068.50,2053.50,2062.00,2068.00,2062.00,below_range
2016-01-04,2.00,start,migration,0.00,,,,905,2016-01-04,1,2005.00,1980.25,1990.00,1996.00,1986.00,day,1,2054.75,2033.75,2042.00,2052.00,2038.00,below_range
2016-01-05,2.00,start,migration,0.00,,,,906,2016-01-05,1,2014.25,1995.25,2004.00,2010.00,2000.00,day,1,2005.00,1980.25,1990.00,1996.00,1986.00,above_range
2016-01-06,2.00,start,migration,0.00,,,,907,2016-01-06,1,1995.50,1970.50,1984.00,1994.00,1976.00,day,1,2014.25,1995.25,2004.00,2010.00,2000.00,below_range
2016-01-07,2.00,start,migration,0.00,,,,908,2016-01-07,1,1969.00,1930.25,1956.00,1962.00,1936.00,day,1,1995.50,1970.50,1984.00,1994.00,1976.00,below_range
2016-01-08,2.00,skipped_daytype,,0.56,,,,908,2016-01-07,1,1969.00,1930.25,1956.00,1962.00,1936.00,day,1,1969.00,1930.25,1956.00,1962.00,1936.00,in_value
2016-01-11,2.00,start,migration,0.00,,,,909,2016-01-11,1,1929.00,1892.50,1908.00,1922.00,1900.00,day,1,1953.25,1910.00,1936.00,1946.00,1928.00,below_value
2016-01-12,2.00,added,,0.55,0.50,False,0.71,909,2016-01-11,2,1940.25,1892.50,1916.00,1926.00,1904.00,day,1,1929.00,1892.50,1908.00,1922.00,1900.00,above_range
2016-01-13,2.00,start,migration,0.46,,,,910,2016-01-13,1,1943.25,1878.00,1896.00,1926.00,1878.00,composite,2,1940.25,1892.50,1916.00,1926.00,1904.00,above_value
2016-01-14,2.00,added,,1.00,0.36,False,0.33,910,2016-01-13,2,1943.25,1871.00,1896.00,1926.00,1888.00,day,1,1943.25,1878.00,1896.00,1926.00,1878.00,in_value
2016-01-15,2.00,start,migration,0.00,,,,911,2016-01-15,1,1882.00,1849.25,1864.00,1878.00,1860.00,composite,2,1943.25,1871.00,1896.00,1926.00,1888.00,below_range
2016-01-19,2.00,start,migration,0.36,,,,912,2016-01-19,1,1895.50,1856.25,1882.00,1892.00,1870.00,day,1,1882.00,1849.25,1864.00,1878.00,1860.00,above_range
2016-01-20,2.00,start,migration,0.00,,,,913,2016-01-20,1,1869.25,1804.25,1820.00,1846.00,1808.00,day,1,1895.50,1856.25,1882.00,1892.00,1870.00,below_range
2016-01-21,2.00,start,migration,0.00,,,,914,2016-01-21,1,1883.25,1840.75,1866.00,1876.00,1858.00,day,1,1869.25,1804.25,1820.00,1846.00,1808.00,above_value
2016-01-22,2.00,start,migration,0.00,,,,915,2016-01-22,1,1902.25,1883.25,1892.00,1898.00,1888.00,day,1,1883.25,1840.75,1866.00,1876.00,1858.00,above_range
2016-01-25,2.00,added,,0.56,0.69,False,0.60,915,2016-01-22,2,1902.25,1868.00,1892.00,1898.00,1884.00,day,1,1902.25,1883.25,1892.00,1898.00,1888.00,in_value
2016-01-26,2.00,added,,0.87,0.69,False,0.60,915,2016-01-22,3,1902.25,1868.00,1892.00,1898.00,1884.00,composite,2,1902.25,1868.00,1892.00,1898.00,1884.00,below_value
2016-01-27,2.00,start,migration,0.47,,,,916,2016-01-27,1,1910.00,1864.50,1886.00,1904.00,1874.00,composite,3,1902.25,1868.00,1892.00,1898.00,1884.00,in_value
2016-01-28,2.00,added,,1.00,0.48,False,0.71,916,2016-01-27,2,1910.00,1864.50,1886.00,1896.00,1874.00,day,1,1910.00,1864.50,1886.00,1904.00,1874.00,in_value
2016-01-29,2.00,start,migration,0.00,,,,917,2016-01-29,1,1932.00,1893.25,1918.00,1928.00,1906.00,composite,2,1910.00,1864.50,1886.00,1896.00,1874.00,in_value
2016-02-01,2.00,added,,0.71,0.62,False,1.00,917,2016-01-29,2,1940.00,1893.25,1922.00,1936.00,1910.00,day,1,1932.00,1893.25,1918.00,1928.00,1906.00,in_value
2016-02-02,2.00,start,migration,0.00,,,,918,2016-02-02,1,1914.00,1889.00,1902.00,1908.00,1894.00,composite,2,1940.00,1893.25,1922.00,1936.00,1910.00,in_value
2016-02-03,2.00,start,migration,0.20,,,,919,2016-02-03,1,1912.25,1865.00,1882.00,1900.00,1870.00,day,1,1914.00,1889.00,1902.00,1908.00,1894.00,above_value
2016-02-04,2.00,start,migration,0.14,,,,920,2016-02-04,1,1921.75,1893.75,1906.00,1912.00,1898.00,day,1,1912.25,1865.00,1882.00,1900.00,1870.00,above_value
2016-02-05,2.00,start,migration,0.00,,,,921,2016-02-05,1,1905.25,1865.75,1882.00,1888.00,1866.00,day,1,1921.75,1893.75,1906.00,1912.00,1898.00,in_value
2016-02-08,2.00,start,migration,0.00,,,,922,2016-02-08,1,1855.00,1821.75,1836.00,1842.00,1824.00,day,1,1905.25,1865.75,1882.00,1888.00,1866.00,below_range
2016-02-09,2.00,start,migration,0.33,,,,923,2016-02-09,1,1863.75,1825.75,1844.00,1854.00,1836.00,day,1,1855.00,1821.75,1836.00,1842.00,1824.00,in_value
2016-02-10,2.00,start,migration,0.00,,,,924,2016-02-10,1,1877.75,1845.25,1862.00,1868.00,1854.00,day,1,1863.75,1825.75,1844.00,1854.00,1836.00,above_value
2016-02-11,2.00,start,migration,0.00,,,,925,2016-02-11,1,1834.75,1805.00,1816.00,1830.00,1808.00,day,1,1877.75,1845.25,1862.00,1868.00,1854.00,below_range
2016-02-12,2.00,start,migration,0.00,,,,926,2016-02-12,1,1860.75,1833.50,1850.00,1860.00,1838.00,day,1,1834.75,1805.00,1816.00,1830.00,1808.00,above_range
2016-02-16,2.00,start,migration,0.00,,,,927,2016-02-16,1,1892.00,1870.25,1888.00,1892.00,1876.00,day,1,1860.75,1833.50,1850.00,1860.00,1838.00,above_range
2016-02-17,2.00,start,migration,0.00,,,,928,2016-02-17,1,1927.25,1904.00,1920.00,1926.00,1916.00,day,1,1892.00,1870.25,1888.00,1892.00,1876.00,above_range
2016-02-18,2.00,added,,0.80,0.62,False,1.00,928,2016-02-17,2,1927.25,1904.00,1918.00,1924.00,1914.00,day,1,1927.25,1904.00,1920.00,1926.00,1916.00,in_value
2016-02-19,2.00,start,migration,0.20,,,,929,2016-02-19,1,1916.00,1898.50,1910.00,1916.00,1906.00,composite,2,1927.25,1904.00,1918.00,1924.00,1914.00,below_value
2016-02-22,2.00,start,migration,0.00,,,,930,2016-02-22,1,1943.75,1932.00,1938.00,1943.75,1938.00,day,1,1916.00,1898.50,1910.00,1916.00,1906.00,above_range
2016-02-23,2.00,start,migration,0.00,,,,931,2016-02-23,1,1937.25,1915.75,1922.00,1928.00,1918.00,day,1,1943.75,1932.00,1938.00,1943.75,1938.00,below_value
2016-02-24,2.00,start,migration,0.00,,,,932,2016-02-24,1,1929.25,1886.75,1904.00,1910.00,1888.00,day,1,1937.25,1915.75,1922.00,1928.00,1918.00,below_range
2016-02-25,2.00,start,migration,0.00,,,,933,2016-02-25,1,1949.50,1922.00,1930.00,1940.00,1926.00,day,1,1929.25,1886.75,1904.00,1910.00,1888.00,above_range
2016-02-26,2.00,start,migration,0.00,,,,934,2016-02-26,1,1961.00,1943.00,1950.00,1956.00,1946.00,day,1,1949.50,1922.00,1930.00,1940.00,1926.00,above_range
2016-02-29,2.00,added,,0.57,0.64,False,0.60,934,2016-02-26,2,1961.00,1927.75,1948.00,1958.00,1944.00,day,1,1961.00,1943.00,1950.00,1956.00,1946.00,below_value
2016-03-01,2.00,start,migration,0.18,,,,935,2016-03-01,1,1975.75,1938.25,1966.00,1975.75,1954.00,composite,2,1961.00,1927.75,1948.00,1958.00,1944.00,below_value
2016-03-02,2.00,added,,0.57,0.73,False,1.00,935,2016-03-01,2,1984.50,1938.25,1972.00,1982.00,1964.00,day,1,1975.75,1938.25,1966.00,1975.75,1954.00,in_value
2016-03-03,2.00,skipped_daytype,,0.60,,,,935,2016-03-01,2,1984.50,1938.25,1972.00,1982.00,1964.00,composite,2,1984.50,1938.25,1972.00,1982.00,1964.00,in_value
2016-03-04,2.00,start,migration,0.00,,,,936,2016-03-04,1,2007.50,1984.00,1998.00,2004.00,1990.00,composite,2,1984.50,1938.25,1972.00,1982.00,1964.00,above_range
2016-03-07,2.00,added,,1.00,0.62,False,0.60,936,2016-03-04,2,2007.50,1984.00,1998.00,2004.00,1990.00,day,1,2007.50,1984.00,1998.00,2004.00,1990.00,below_value
2016-03-08,2.00,start,migration,0.20,,,,937,2016-03-08,1,1993.00,1976.00,1986.00,1992.00,1982.00,composite,2,2007.50,1984.00,1998.00,2004.00,1990.00,below_value
2016-03-09,2.00,added,,1.00,0.61,False,1.00,937,2016-03-08,2,1993.00,1976.00,1986.00,1992.00,1982.00,day,1,1993.00,1976.00,1986.00,1992.00,1982.00,in_value
2016-03-10,2.00,start,migration,0.46,,,,938,2016-03-10,1,2004.75,1967.25,1976.00,1994.00,1972.00,composite,2,1993.00,1976.00,1986.00,1992.00,1982.00,above_range
2016-03-11,2.00,start,migration,0.00,,,,939,2016-03-11,1,2022.25,2005.25,2014.00,2020.00,2010.00,day,1,2004.75,1967.25,1976.00,1994.00,1972.00,above_range
2016-03-14,2.00,added,,0.80,0.65,False,1.00,939,2016-03-11,2,2015.00,1996.00,2008.00,2014.00,2004.00,day,1,2013.00,1996.00,2004.75,2010.75,2000.75,in_value
2016-03-15,2.00,start,migration,0.20,,,,940,2016-03-15,1,2006.75,1995.00,2000.00,2006.00,1996.00,composite,2,2015.00,1996.00,2008.00,2014.00,2004.00,below_value
2016-03-16,2.00,start,migration,0.22,,,,941,2016-03-16,1,2022.75,1999.75,2006.00,2020.00,2002.00,day,1,2006.75,1995.00,2000.00,2006.00,1996.00,in_value
2016-03-17,2.00,start,migration,0.00,,,,942,2016-03-17,1,2036.75,2012.00,2030.00,2036.00,2022.00,day,1,2022.75,1999.75,2006.00,2020.00,2002.00,in_value
2016-03-18,2.00,start,migration,0.33,,,,943,2016-03-18,1,2042.75,2033.00,2038.00,2040.00,2034.00,day,1,2036.75,2012.00,2030.00,2036.00,2022.00,above_value
2016-03-21,2.00,start,migration,0.47,,,,944,2016-03-21,1,2044.50,2032.75,2040.00,2044.50,2036.00,day,1,2042.75,2033.00,2038.00,2040.00,2034.00,in_value
2016-03-22,2.00,added,,0.68,0.61,False,1.00,944,2016-03-21,2,2047.50,2030.50,2040.00,2046.00,2036.00,day,1,2044.50,2032.75,2040.00,2044.50,2036.00,below_range
2016-03-23,2.00,start,migration,0.20,,,,945,2016-03-23,1,2038.50,2025.25,2032.00,2038.00,2028.00,composite,2,2047.50,2030.50,2040.00,2046.00,2036.00,in_value
2016-03-24,2.00,start,migration,0.00,,,,946,2016-03-24,1,2026.75,2012.25,2018.00,2024.00,2014.00,day,1,2038.50,2025.25,2032.00,2038.00,2028.00,below_range
2016-03-28,2.00,start,migration,0.00,,,,947,2016-03-28,1,2034.00,2022.00,2028.00,2034.00,2024.00,day,1,2026.75,2012.25,2018.00,2024.00,2014.00,above_range
2016-03-29,2.00,skipped_daytype,,0.56,,,,947,2016-03-28,1,2034.00,2022.00,2028.00,2034.00,2024.00,day,1,2034.00,2022.00,2028.00,2034.00,2024.00,below_value
2016-03-30,2.00,start,migration,0.00,,,,948,2016-03-30,1,2064.50,2051.50,2056.00,2062.00,2052.00,day,1,2047.50,2019.25,2026.00,2040.00,2022.00,above_range
2016-03-31,2.00,added,,0.70,0.50,False,1.00,948,2016-03-30,2,2064.50,2048.75,2056.00,2062.00,2052.00,day,1,2064.50,2051.50,2056.00,2062.00,2052.00,in_value
2016-04-01,2.00,added,,0.56,0.62,False,1.00,948,2016-03-30,3,2067.00,2035.25,2054.00,2060.00,2050.00,composite,2,2064.50,2048.75,2056.00,2062.00,2052.00,below_range
2016-04-04,2.00,added,,0.59,0.73,False,1.00,948,2016-03-30,4,2067.00,2035.25,2058.00,2064.00,2054.00,composite,3,2067.00,2035.25,2054.00,2060.00,2050.00,above_value
2016-04-05,2.00,start,migration,0.00,,,,949,2016-04-05,1,2048.00,2034.25,2040.00,2046.00,2036.00,composite,4,2067.00,2035.25,2058.00,2064.00,2054.00,below_value
2016-04-06,2.00,start,migration,0.00,,,,950,2016-04-06,1,2060.50,2035.00,2050.00,2060.00,2046.00,day,1,2048.00,2034.25,2040.00,2046.00,2036.00,in_value
2016-04-07,2.00,start,migration,0.00,,,,951,2016-04-07,1,2051.00,2026.00,2040.00,2046.00,2028.00,day,1,2060.50,2035.00,2050.00,2060.00,2046.00,in_value
2016-04-08,2.00,added,,0.71,0.50,False,0.60,951,2016-04-07,2,2054.25,2026.00,2040.00,2050.00,2036.00,day,1,2051.00,2026.00,2040.00,2046.00,2028.00,above_value
2016-04-11,2.00,added,,0.80,0.47,False,0.60,951,2016-04-07,3,2056.50,2026.00,2040.00,2050.00,2036.00,composite,2,2054.25,2026.00,2040.00,2050.00,2036.00,in_value
2016-04-12,2.00,added,,0.56,0.44,False,0.43,951,2016-04-07,4,2058.50,2026.00,2040.00,2054.00,2036.00,composite,3,2056.50,2026.00,2040.00,2050.00,2036.00,in_value
2016-04-13,2.00,start,migration,0.00,,,,952,2016-04-13,1,2077.00,2064.00,2070.00,2076.00,2066.00,composite,4,2058.50,2026.00,2040.00,2054.00,2036.00,above_range
2016-04-14,2.00,start,migration,0.41,,,,953,2016-04-14,1,2081.75,2071.75,2076.00,2081.75,2072.00,day,1,2077.00,2064.00,2070.00,2076.00,2066.00,above_value
2016-04-15,2.00,added,,1.00,0.50,False,1.00,953,2016-04-14,2,2081.75,2069.50,2074.00,2080.00,2070.00,day,1,2081.75,2071.75,2076.00,2081.75,2072.00,in_value
2016-04-18,2.00,start,migration,0.00,,,,954,2016-04-18,1,2088.75,2065.25,2084.00,2088.75,2080.00,composite,2,2081.75,2069.50,2074.00,2080.00,2070.00,below_range
2016-04-19,2.00,start,migration,0.08,,,,955,2016-04-19,1,2097.75,2085.00,2092.00,2097.75,2088.00,day,1,2088.75,2065.25,2084.00,2088.75,2080.00,above_range
2016-04-20,2.00,added,,0.57,0.50,False,1.00,955,2016-04-19,2,2105.25,2085.00,2094.00,2100.00,2090.00,day,1,2097.75,2085.00,2092.00,2097.75,2088.00,in_value
2016-04-21,2.00,added,,0.60,0.46,False,0.60,955,2016-04-19,3,2105.25,2082.25,2092.00,2102.00,2088.00,composite,2,2105.25,2085.00,2094.00,2100.00,2090.00,in_value
2016-04-22,2.00,start,migration,0.00,,,,956,2016-04-22,1,2089.00,2075.00,2084.00,2086.00,2076.00,composite,3,2105.25,2082.25,2092.00,2102.00,2088.00,below_range
2016-04-25,2.00,added,,0.60,0.35,False,1.00,956,2016-04-22,2,2089.00,2071.00,2076.00,2082.00,2072.00,day,1,2089.00,2075.00,2084.00,2086.00,2076.00,in_value
2016-04-26,2.00,start,migration,0.33,,,,957,2016-04-26,1,2091.25,2079.50,2084.00,2086.00,2080.00,composite,2,2089.00,2071.00,2076.00,2082.00,2072.00,above_value
2016-04-27,2.00,added,,0.60,0.45,False,1.00,957,2016-04-26,2,2094.00,2076.25,2084.00,2090.00,2080.00,day,1,2091.25,2079.50,2084.00,2086.00,2080.00,in_value
2016-04-28,2.00,added,,0.74,0.66,False,1.00,957,2016-04-26,3,2094.00,2065.25,2084.00,2090.00,2080.00,composite,2,2094.00,2076.25,2084.00,2090.00,2080.00,in_value
2016-04-29,2.00,start,migration,0.00,,,,958,2016-04-29,1,2067.00,2045.75,2052.00,2062.00,2048.00,composite,3,2094.00,2065.25,2084.00,2090.00,2080.00,below_range
2016-05-02,2.00,start,migration,0.00,,,,959,2016-05-02,1,2077.50,2059.50,2064.00,2074.00,2064.00,day,1,2067.00,2045.75,2052.00,2062.00,2048.00,above_value
2016-05-03,2.00,start,migration,0.00,,,,960,2016-05-03,1,2063.25,2048.00,2054.00,2060.00,2050.00,day,1,2077.50,2059.50,2064.00,2074.00,2064.00,below_value
2016-05-04,2.00,start,migration,0.00,,,,961,2016-05-04,1,2053.50,2039.00,2044.00,2050.00,2040.00,day,1,2063.25,2048.00,2054.00,2060.00,2050.00,below_range
2016-05-05,2.00,added,,1.00,0.39,False,1.00,961,2016-05-04,2,2055.00,2039.00,2044.00,2050.00,2040.00,day,1,2053.50,2039.00,2044.00,2050.00,2040.00,above_value
2016-05-06,2.00,added,,0.71,0.46,False,0.60,961,2016-05-04,3,2055.00,2033.75,2042.00,2052.00,2038.00,composite,2,2055.00,2039.00,2044.00,2050.00,2040.00,below_range
2016-05-09,2.00,start,migration,0.39,,,,962,2016-05-09,1,2058.75,2048.25,2052.00,2058.00,2048.25,composite,3,2055.00,2033.75,2042.00,2052.00,2038.00,in_value
2016-05-10,2.00,start,migration,0.00,,,,963,2016-05-10,1,2079.75,2061.25,2072.00,2078.00,2068.00,day,1,2058.75,2048.25,2052.00,2058.00,2048.25,above_range
2016-05-11,2.00,added,,0.57,0.68,False,0.60,963,2016-05-10,2,2079.75,2059.75,2072.00,2078.00,2064.00,day,1,2079.75,2061.25,2072.00,2078.00,2068.00,in_value
2016-05-12,2.00,start,migration,0.00,,,,964,2016-05-12,1,2069.75,2048.50,2062.00,2064.00,2050.00,composite,2,2079.75,2059.75,2072.00,2078.00,2064.00,in_value
2016-05-13,2.00,skipped_daytype,,0.67,,,,964,2016-05-12,1,2069.75,2048.50,2062.00,2064.00,2050.00,day,1,2069.75,2048.50,2062.00,2064.00,2050.00,in_value
2016-05-16,2.00,added,,0.64,0.68,False,0.60,964,2016-05-12,2,2069.75,2043.50,2060.00,2066.00,2052.00,day,1,2063.50,2038.50,2056.00,2062.00,2044.00,in_value
2016-05-17,2.00,added,,0.64,0.56,False,0.60,964,2016-05-12,3,2069.75,2036.75,2054.00,2064.00,2050.00,composite,2,2069.75,2043.50,2060.00,2066.00,2052.00,in_value
2016-05-18,2.00,start,migration,0.27,,,,965,2016-05-18,1,2057.75,2030.75,2046.00,2056.00,2034.00,composite,3,2069.75,2036.75,2054.00,2064.00,2050.00,below_value
2016-05-19,2.00,start,migration,0.00,,,,966,2016-05-19,1,2039.75,2022.00,2028.00,2034.00,2024.00,day,1,2057.75,2030.75,2046.00,2056.00,2034.00,in_value
2016-05-20,2.00,start,migration,0.00,,,,967,2016-05-20,1,2055.50,2042.75,2050.00,2055.50,2046.00,day,1,2039.75,2022.00,2028.00,2034.00,2024.00,above_range
2016-05-23,2.00,added,,1.00,0.50,False,0.33,967,2016-05-20,2,2055.50,2042.75,2048.00,2054.00,2048.00,day,1,2055.50,2042.75,2050.00,2055.50,2046.00,in_value
2016-05-24,2.00,start,migration,0.00,,,,968,2016-05-24,1,2077.25,2056.00,2072.00,2077.25,2068.00,composite,2,2055.50,2042.75,2048.00,2054.00,2048.00,above_range
2016-05-25,2.00,start,migration,0.00,,,,969,2016-05-25,1,2092.50,2080.75,2088.00,2092.50,2084.00,day,1,2077.25,2056.00,2072.00,2077.25,2068.00,above_range
2016-05-26,2.00,added,,1.00,0.64,False,0.33,969,2016-05-25,2,2092.50,2080.75,2088.00,2090.00,2084.00,day,1,2092.50,2080.75,2088.00,2092.50,2084.00,in_value
2016-05-27,2.00,start,migration,0.00,,,,970,2016-05-27,1,2096.75,2089.25,2092.00,2096.75,2092.00,composite,2,2092.50,2080.75,2088.00,2090.00,2084.00,in_value
2016-05-31,2.00,start,migration,0.47,,,,971,2016-05-31,1,2101.50,2086.00,2092.00,2098.00,2088.00,day,1,2096.75,2089.25,2092.00,2096.75,2092.00,above_range
2016-06-01,2.00,added,,1.00,0.55,False,1.00,971,2016-05-31,2,2101.50,2083.25,2092.00,2098.00,2088.00,day,1,2101.50,2086.00,2092.00,2098.00,2088.00,below_range
2016-06-02,2.00,added,,0.60,0.50,False,1.00,971,2016-05-31,3,2103.50,2083.25,2092.00,2098.00,2088.00,composite,2,2101.50,2083.25,2092.00,2098.00,2088.00,in_value
2016-06-03,2.00,added,,1.00,0.50,False,1.00,971,2016-05-31,4,2103.50,2082.75,2092.00,2098.00,2088.00,composite,3,2103.50,2083.25,2092.00,2098.00,2088.00,in_value
2016-06-06,2.00,start,migration,0.00,,,,972,2016-06-06,1,2112.25,2099.50,2106.00,2112.00,2102.00,composite,4,2103.50,2082.75,2092.00,2098.00,2088.00,above_value
2016-06-07,2.00,start,migration,0.25,,,,973,2016-06-07,1,2118.00,2109.25,2114.00,2118.00,2110.00,day,1,2112.25,2099.50,2106.00,2112.00,2102.00,in_value
2016-06-08,2.00,added,,1.00,0.58,False,0.33,973,2016-06-07,2,2119.75,2109.25,2114.00,2119.75,2114.00,day,1,2118.00,2109.25,2114.00,2118.00,2110.00,in_value
2016-06-09,2.00,start,migration,0.20,,,,974,2016-06-09,1,2116.75,2106.25,2110.00,2116.00,2106.25,composite,2,2119.75,2109.25,2114.00,2119.75,2114.00,below_value
2016-06-10,2.00,start,migration,0.00,,,,975,2016-06-10,1,2103.00,2088.50,2098.00,2100.00,2090.00,day,1,2116.75,2106.25,2110.00,2116.00,2106.25,below_range
2016-06-13,2.00,start,migration,0.00,,,,976,2016-06-13,1,2089.25,2068.75,2078.00,2084.00,2074.00,day,1,2093.75,2079.25,2088.75,2090.75,2080.75,below_range
2016-06-14,2.00,start,migration,0.00,,,,977,2016-06-14,1,2072.75,2054.75,2060.00,2066.00,2056.00,day,1,2089.25,2068.75,2078.00,2084.00,2074.00,below_range
2016-06-15,2.00,start,migration,0.00,,,,978,2016-06-15,1,2079.50,2061.00,2072.00,2078.00,2068.00,day,1,2072.75,2054.75,2060.00,2066.00,2056.00,above_value
2016-06-16,2.00,start,migration,0.00,,,,979,2016-06-16,1,2071.50,2040.75,2054.00,2064.00,2046.00,day,1,2079.50,2061.00,2072.00,2078.00,2068.00,below_range
2016-06-17,2.00,added,,0.80,0.66,False,0.60,979,2016-06-16,2,2071.50,2040.75,2060.00,2066.00,2052.00,day,1,2071.50,2040.75,2054.00,2064.00,2046.00,above_value
2016-06-20,2.00,start,migration,0.00,,,,980,2016-06-20,1,2092.50,2073.75,2084.00,2090.00,2080.00,composite,2,2071.50,2040.75,2060.00,2066.00,2052.00,above_range
2016-06-21,2.00,start,migration,0.40,,,,981,2016-06-21,1,2085.75,2074.00,2078.00,2084.00,2074.00,day,1,2092.50,2073.75,2084.00,2090.00,2080.00,below_value
2016-06-22,2.00,added,,0.60,0.39,False,1.00,981,2016-06-21,2,2091.25,2074.00,2080.00,2086.00,2076.00,day,1,2085.75,2074.00,2078.00,2084.00,2074.00,in_value
2016-06-23,2.00,start,migration,0.00,,,,982,2016-06-23,1,2105.00,2089.00,2096.00,2102.00,2092.00,composite,2,2091.25,2074.00,2080.00,2086.00,2076.00,above_range
2016-06-24,2.00,start,migration,0.00,,,,983,2016-06-24,1,2064.75,2022.25,2038.00,2056.00,2030.00,day,1,2105.00,2089.00,2096.00,2102.00,2092.00,below_range
2016-06-27,2.00,start,migration,0.00,,,,984,2016-06-27,1,2010.75,1981.50,1990.00,1996.00,1982.00,day,1,2064.75,2022.25,2038.00,2056.00,2030.00,below_range
2016-06-28,2.00,start,migration,0.00,,,,985,2016-06-28,1,2027.00,2006.00,2012.00,2018.00,2008.00,day,1,2010.75,1981.50,1990.00,1996.00,1982.00,above_value
2016-06-29,2.00,start,migration,0.00,,,,986,2016-06-29,1,2064.50,2042.25,2056.00,2064.50,2048.00,day,1,2027.00,2006.00,2012.00,2018.00,2008.00,above_range
2016-06-30,2.00,start,migration,0.00,,,,987,2016-06-30,1,2091.25,2061.00,2082.00,2091.25,2070.00,day,1,2064.50,2042.25,2056.00,2064.50,2048.00,above_range
2016-07-01,2.00,start,migration,0.12,,,,988,2016-07-01,1,2100.75,2089.00,2094.00,2100.00,2090.00,day,1,2091.25,2061.00,2082.00,2091.25,2070.00,in_value
2016-07-05,2.00,start,migration,0.00,,,,989,2016-07-05,1,2086.50,2072.50,2076.00,2082.00,2072.50,day,1,2100.75,2089.00,2094.00,2100.00,2090.00,below_range
2016-07-06,2.00,start,migration,0.44,,,,990,2016-07-06,1,2093.75,2065.75,2086.00,2092.00,2074.00,day,1,2086.50,2072.50,2076.00,2082.00,2072.50,in_value
2016-07-07,2.00,added,,0.57,0.57,False,0.71,990,2016-07-06,2,2102.00,2065.75,2086.00,2100.00,2078.00,day,1,2093.75,2065.75,2086.00,2092.00,2074.00,above_range
2016-07-08,2.00,start,migration,0.00,,,,991,2016-07-08,1,2125.50,2103.50,2118.00,2124.00,2110.00,composite,2,2102.00,2065.75,2086.00,2100.00,2078.00,above_range
2016-07-11,2.00,start,migration,0.00,,,,992,2016-07-11,1,2136.75,2125.25,2132.00,2136.75,2128.00,day,1,2125.50,2103.50,2118.00,2124.00,2110.00,above_range
2016-07-12,2.00,start,migration,0.00,,,,993,2016-07-12,1,2149.25,2138.25,2146.00,2149.25,2142.00,day,1,2136.75,2125.25,2132.00,2136.75,2128.00,above_range
2016-07-13,2.00,added,,0.72,0.50,False,1.00,993,2016-07-12,2,2150.75,2138.25,2144.00,2150.00,2140.00,day,1,2149.25,2138.25,2146.00,2149.25,2142.00,above_range
2016-07-14,2.00,start,migration,0.00,,,,994,2016-07-14,1,2163.00,2152.75,2156.00,2162.00,2156.00,composite,2,2150.75,2138.25,2144.00,2150.00,2140.00,above_range
2016-07-15,2.00,added,,0.60,0.50,False,1.00,994,2016-07-14,2,2164.25,2149.00,2156.00,2162.00,2152.00,day,1,2163.00,2152.75,2156.00,2162.00,2156.00,above_range
2016-07-18,2.00,added,,1.00,0.61,False,1.00,994,2016-07-14,3,2164.25,2149.00,2158.00,2164.00,2154.00,composite,2,2164.25,2149.00,2156.00,2162.00,2152.00,in_value
2016-07-19,2.00,added,,1.00,0.50,False,1.00,994,2016-07-14,4,2164.25,2149.00,2156.00,2162.00,2152.00,composite,3,2164.25,2149.00,2158.00,2164.00,2154.00,in_value
2016-07-20,2.00,start,migration,0.00,,,,995,2016-07-20,1,2169.75,2158.50,2166.00,2169.75,2162.00,composite,4,2164.25,2149.00,2156.00,2162.00,2152.00,above_value
2016-07-21,2.00,start,migration,0.43,,,,996,2016-07-21,1,2168.50,2153.50,2158.00,2168.00,2154.00,day,1,2169.75,2158.50,2166.00,2169.75,2162.00,in_value
2016-07-22,2.00,skipped_daytype,,1.00,,,,996,2016-07-21,1,2168.50,2153.50,2158.00,2168.00,2154.00,day,1,2168.50,2153.50,2158.00,2168.00,2154.00,in_value
2016-07-25,2.00,added,,1.00,0.39,False,1.00,996,2016-07-21,2,2168.50,2153.50,2158.00,2164.00,2154.00,day,1,2169.25,2157.00,2166.00,2168.00,2158.00,in_value
2016-07-26,2.00,added,,0.80,0.39,False,1.00,996,2016-07-21,3,2168.50,2153.50,2158.00,2164.00,2154.00,composite,2,2168.50,2153.50,2158.00,2164.00,2154.00,in_value
2016-07-27,2.00,added,,0.71,0.39,False,1.00,996,2016-07-21,4,2169.25,2152.00,2158.00,2164.00,2154.00,composite,3,2168.50,2153.50,2158.00,2164.00,2154.00,above_value
2016-07-28,2.00,added,,1.00,0.39,False,1.00,996,2016-07-21,5,2169.25,2152.00,2158.00,2164.00,2154.00,composite,4,2169.25,2152.00,2158.00,2164.00,2154.00,in_value
2016-07-29,2.00,start,migration,0.40,,,,997,2016-07-29,1,2171.75,2157.50,2168.00,2170.00,2160.00,composite,5,2169.25,2152.00,2158.00,2164.00,2154.00,in_value
2016-08-01,2.00,added,,1.00,0.61,False,1.00,997,2016-07-29,2,2172.75,2157.50,2166.00,2172.00,2162.00,day,1,2171.75,2157.50,2168.00,2170.00,2160.00,in_value
2016-08-02,2.00,start,migration,0.00,,,,998,2016-08-02,1,2164.00,2141.50,2148.00,2154.00,2144.00,composite,2,2172.75,2157.50,2166.00,2172.00,2162.00,in_value
2016-08-03,2.00,added,,0.67,0.50,False,0.60,998,2016-08-02,2,2164.00,2141.50,2152.00,2158.00,2144.00,day,1,2164.00,2141.50,2148.00,2154.00,2144.00,in_value
2016-08-04,2.00,start,migration,0.00,,,,999,2016-08-04,1,2163.50,2154.00,2158.00,2163.50,2158.00,composite,2,2164.00,2141.50,2152.00,2158.00,2144.00,above_value
2016-08-05,2.00,start,migration,0.00,,,,1000,2016-08-05,1,2178.50,2166.50,2176.00,2178.00,2172.00,day,1,2163.50,2154.00,2158.00,2163.50,2158.00,above_range
2016-08-08,2.00,added,,1.00,0.69,False,0.33,1000,2016-08-05,2,2181.25,2166.50,2176.00,2178.00,2172.00,day,1,2178.50,2166.50,2176.00,2178.00,2172.00,above_range
2016-08-09,2.00,start,migration,0.33,,,,1001,2016-08-09,1,2183.50,2173.75,2176.00,2182.00,2176.00,composite,2,2181.25,2166.50,2176.00,2178.00,2172.00,in_value
2016-08-10,2.00,start,migration,0.20,,,,1002,2016-08-10,1,2180.00,2167.75,2172.00,2178.00,2168.00,day,1,2183.50,2173.75,2176.00,2182.00,2176.00,in_value
2016-08-11,2.00,start,migration,0.00,,,,1003,2016-08-11,1,2185.25,2175.25,2182.00,2185.25,2178.00,day,1,2180.00,2167.75,2172.00,2178.00,2168.00,above_value
2016-08-12,2.00,added,,1.00,0.42,False,0.33,1003,2016-08-11,2,2185.25,2175.25,2178.00,2184.00,2178.00,day,1,2185.25,2175.25,2182.00,2185.25,2178.00,in_value
2016-08-15,2.00,start,migration,0.00,,,,1004,2016-08-15,1,2190.75,2184.50,2188.00,2190.75,2188.00,composite,2,2185.25,2175.25,2178.00,2184.00,2178.00,above_value
2016-08-16,2.00,start,migration,0.00,,,,1005,2016-08-16,1,2182.50,2175.25,2178.00,2182.50,2178.00,day,1,2190.75,2184.50,2188.00,2190.75,2188.00,below_range
2016-08-17,2.00,start,migration,0.00,,,,1006,2016-08-17,1,2181.00,2165.50,2168.00,2178.00,2168.00,day,1,2182.50,2175.25,2178.00,2182.50,2178.00,below_value
2016-08-18,2.00,start,migration,0.00,,,,1007,2016-08-18,1,2184.50,2177.75,2180.00,2184.50,2180.00,day,1,2181.00,2165.50,2168.00,2178.00,2168.00,above_value
2016-08-19,2.00,added,,0.60,0.64,False,1.00,1007,2016-08-18,2,2184.50,2172.50,2180.00,2184.50,2176.00,day,1,2184.50,2177.75,2180.00,2184.50,2180.00,below_value
2016-08-22,2.00,added,,0.79,0.64,False,0.33,1007,2016-08-18,3,2184.50,2172.50,2180.00,2182.00,2176.00,composite,2,2184.50,2172.50,2180.00,2184.50,2176.00,in_value
2016-08-23,2.00,start,migration,0.00,,,,1008,2016-08-23,1,2191.50,2184.50,2186.00,2191.50,2186.00,composite,3,2184.50,2172.50,2180.00,2182.00,2176.00,above_range
2016-08-24,2.00,start,migration,0.00,,,,1009,2016-08-24,1,2184.75,2168.75,2180.00,2184.75,2176.00,day,1,2191.50,2184.50,2186.00,2191.50,2186.00,below_range
2016-08-25,2.00,start,migration,0.14,,,,1010,2016-08-25,1,2177.25,2167.50,2172.00,2177.25,2168.00,day,1,2184.75,2168.75,2180.00,2184.75,2176.00,below_value
2016-08-26,2.00,start,migration,0.42,,,,1011,2016-08-26,1,2186.75,2157.50,2162.00,2180.00,2158.00,day,1,2177.25,2167.50,2172.00,2177.25,2168.00,in_value
2016-08-29,2.00,added,,0.73,0.72,False,0.43,1011,2016-08-26,2,2186.75,2157.50,2178.00,2184.00,2166.00,day,1,2186.75,2157.50,2162.00,2180.00,2158.00,in_value
2016-08-30,2.00,added,,1.00,0.59,False,0.60,1011,2016-08-26,3,2186.75,2157.50,2174.00,2184.00,2170.00,composite,2,2186.75,2157.50,2178.00,2184.00,2166.00,in_value
2016-08-31,2.00,start,migration,0.00,,,,1012,2016-08-31,1,2172.75,2159.50,2164.00,2170.00,2160.00,composite,3,2186.75,2157.50,2174.00,2184.00,2170.00,in_value
2016-09-01,2.00,added,,1.00,0.55,False,1.00,1012,2016-08-31,2,2172.75,2154.75,2164.00,2170.00,2160.00,day,1,2172.75,2159.50,2164.00,2170.00,2160.00,in_value
2016-09-02,2.00,start,migration,0.00,,,,1013,2016-09-02,1,2183.75,2171.75,2176.00,2182.00,2172.00,composite,2,2172.75,2154.75,2164.00,2170.00,2160.00,above_range
2016-09-06,2.00,added,,0.61,0.44,False,1.00,1013,2016-09-02,2,2185.75,2171.75,2176.00,2182.00,2172.00,day,1,2183.75,2171.75,2176.00,2182.00,2172.00,in_value
2016-09-07,2.00,added,,0.67,0.61,False,1.00,1013,2016-09-02,3,2186.75,2171.75,2180.00,2186.00,2176.00,composite,2,2185.75,2171.75,2176.00,2182.00,2172.00,above_value
2016-09-08,2.00,added,,1.00,0.61,False,1.00,1013,2016-09-02,4,2186.75,2171.75,2180.00,2186.00,2176.00,composite,3,2186.75,2171.75,2180.00,2186.00,2176.00,in_value
2016-09-09,2.00,start,migration,0.00,,,,1014,2016-09-09,1,2164.50,2126.50,2138.00,2156.00,2134.00,composite,4,2186.75,2171.75,2180.00,2186.00,2176.00,below_range
2016-09-12,2.00,skipped_shape,,0.73,0.44,False,0.27,1014,2016-09-09,1,2157.75,2119.75,2130.00,2148.00,2126.00,day,1,2157.75,2119.75,2131.25,2149.25,2127.25,below_range
2016-09-13,2.00,start,migration,0.23,,,,1015,2016-09-13,1,2139.00,2112.25,2120.00,2130.00,2112.25,day,1,2156.00,2110.50,2132.00,2150.00,2120.00,in_value
2016-09-14,2.00,added,,0.86,0.39,False,0.60,1015,2016-09-13,2,2139.00,2112.00,2122.00,2128.00,2114.00,day,1,2139.00,2112.25,2120.00,2130.00,2112.25,in_value
2016-09-15,2.00,start,migration,0.11,,,,1016,2016-09-15,1,2144.50,2114.50,2134.00,2144.00,2126.00,composite,2,2139.00,2112.00,2122.00,2128.00,2114.00,in_value
2016-09-16,2.00,added,,0.80,0.47,False,0.60,1016,2016-09-15,2,2144.50,2114.50,2128.00,2138.00,2124.00,day,1,2144.50,2114.50,2134.00,2144.00,2126.00,in_value
2016-09-19,2.00,skipped_daytype,,0.57,,,,1016,2016-09-15,2,2144.50,2114.50,2128.00,2138.00,2124.00,composite,2,2144.50,2114.50,2128.00,2138.00,2124.00,above_value
2016-09-20,2.00,skipped_daytype,,0.60,,,,1016,2016-09-15,2,2144.50,2114.50,2128.00,2138.00,2124.00,composite,2,2144.50,2114.50,2128.00,2138.00,2124.00,above_value
2016-09-21,2.00,start,migration,0.43,,,,1017,2016-09-21,1,2157.50,2131.50,2136.00,2146.00,2132.00,composite,2,2144.50,2114.50,2128.00,2138.00,2124.00,above_value
2016-09-22,2.00,start,migration,0.00,,,,1018,2016-09-22,1,2172.75,2164.25,2168.00,2172.75,2164.25,day,1,2157.50,2131.50,2136.00,2146.00,2132.00,above_range
2016-09-23,2.00,start,migration,0.29,,,,1019,2016-09-23,1,2166.25,2156.00,2160.00,2166.00,2160.00,day,1,2172.75,2164.25,2168.00,2172.75,2164.25,in_value
2016-09-26,2.00,start,migration,0.00,,,,1020,2016-09-26,1,2149.50,2136.75,2140.00,2146.00,2136.75,day,1,2166.25,2156.00,2160.00,2166.00,2160.00,below_range
2016-09-27,2.00,start,migration,0.33,,,,1021,2016-09-27,1,2154.00,2132.75,2150.00,2154.00,2142.00,day,1,2149.50,2136.75,2140.00,2146.00,2136.75,in_value
2016-09-28,2.00,added,,0.57,0.56,False,0.60,1021,2016-09-27,2,2165.25,2132.75,2150.00,2156.00,2142.00,day,1,2154.00,2132.75,2150.00,2154.00,2142.00,above_range
2016-09-29,2.00,added,,0.64,0.56,False,1.00,1021,2016-09-27,3,2165.75,2132.75,2150.00,2160.00,2142.00,composite,2,2165.25,2132.75,2150.00,2156.00,2142.00,above_value
2016-09-30,2.00,start,migration,0.40,,,,1022,2016-09-30,1,2168.25,2150.50,2164.00,2166.00,2156.00,composite,3,2165.75,2132.75,2150.00,2160.00,2142.00,in_value
2016-10-03,2.00,start,migration,0.00,,,,1023,2016-10-03,1,2156.75,2146.75,2150.00,2156.00,2150.00,day,1,2168.25,2150.50,2164.00,2166.00,2156.00,below_value
2016-10-04,2.00,start,migration,0.33,,,,1024,2016-10-04,1,2158.25,2136.00,2146.00,2156.00,2138.00,day,1,2156.75,2146.75,2150.00,2156.00,2150.00,in_value
2016-10-05,2.00,skipped_shape,,1.00,0.79,False,0.60,1024,2016-10-04,1,2158.25,2136.00,2146.00,2156.00,2138.00,day,1,2158.25,2136.00,2146.00,2156.00,2138.00,in_value
2016-10-06,2.00,added,,1.00,0.71,False,0.60,1024,2016-10-04,2,2158.25,2136.00,2152.00,2158.00,2144.00,day,1,2158.00,2149.75,2154.00,2156.00,2150.00,in_value
2016-10-07,2.00,added,,1.00,0.54,False,0.60,1024,2016-10-04,3,2159.25,2136.00,2148.00,2158.00,2144.00,composite,2,2158.25,2136.00,2152.00,2158.00,2144.00,in_value
2016-10-10,2.00,start,migration,0.00,,,,1025,2016-10-10,1,2163.50,2156.25,2158.00,2163.50,2158.00,composite,3,2159.25,2136.00,2148.00,2158.00,2144.00,in_value
2016-10-11,2.00,start,migration,0.00,,,,1026,2016-10-11,1,2153.75,2121.75,2132.00,2142.00,2124.00,day,1,2163.50,2156.25,2158.00,2163.50,2158.00,below_range
2016-10-12,2.00,added,,1.00,0.44,False,0.60,1026,2016-10-11,2,2153.75,2121.75,2134.00,2140.00,2126.00,day,1,2153.75,2121.75,2132.00,2142.00,2124.00,in_value
2016-10-13,2.00,start,migration,0.11,,,,1027,2016-10-13,1,2132.25,2107.75,2118.00,2128.00,2110.00,composite,2,2153.75,2121.75,2134.00,2140.00,2126.00,below_range
2016-10-14,2.00,start,migration,0.16,,,,1028,2016-10-14,1,2143.25,2126.50,2130.00,2136.00,2126.50,day,1,2132.25,2107.75,2118.00,2128.00,2110.00,above_range
2016-10-17,2.00,start,migration,0.15,,,,1029,2016-10-17,1,2130.00,2117.75,2122.00,2128.00,2118.00,day,1,2143.25,2126.50,2130.00,2136.00,2126.50,in_value
2016-10-18,2.00,start,migration,0.00,,,,1030,2016-10-18,1,2139.25,2129.00,2134.00,2139.25,2134.00,day,1,2130.00,2117.75,2122.00,2128.00,2118.00,above_range
2016-10-19,2.00,skipped_shape,,0.54,0.44,False,0.20,1030,2016-10-18,1,2139.25,2129.00,2134.00,2139.25,2134.00,day,1,2139.25,2129.00,2134.00,2139.25,2134.00,in_value
2016-10-20,2.00,added,,0.53,0.56,False,1.00,1030,2016-10-18,2,2141.25,2126.75,2134.00,2140.00,2130.00,day,1,2142.50,2132.25,2140.00,2142.00,2136.00,below_value
2016-10-21,2.00,added,,0.77,0.65,False,1.00,1030,2016-10-18,3,2141.25,2123.25,2134.00,2140.00,2130.00,composite,2,2141.25,2126.75,2134.00,2140.00,2130.00,below_range
2016-10-24,2.00,start,migration,0.00,,,,1031,2016-10-24,1,2149.00,2140.50,2144.00,2146.00,2140.50,composite,3,2141.25,2123.25,2134.00,2140.00,2130.00,above_range
2016-10-25,2.00,start,migration,0.40,,,,1032,2016-10-25,1,2145.75,2135.25,2138.00,2144.00,2135.25,day,1,2149.00,2140.50,2144.00,2146.00,2140.50,in_value
2016-10-26,2.00,start,migration,0.47,,,,1033,2016-10-26,1,2140.00,2124.75,2134.00,2140.00,2130.00,day,1,2145.75,2135.25,2138.00,2144.00,2135.25,below_range
2016-10-27,2.00,added,,0.65,0.35,False,1.00,1033,2016-10-26,2,2142.25,2124.75,2130.00,2136.00,2126.00,day,1,2140.00,2124.75,2134.00,2140.00,2130.00,above_range
2016-10-28,2.00,start,migration,0.43,,,,1034,2016-10-28,1,2135.25,2112.50,2122.00,2132.00,2118.00,composite,2,2142.25,2124.75,2130.00,2136.00,2126.00,in_value
2016-10-31,2.00,added,,1.00,0.46,False,1.00,1034,2016-10-28,2,2135.25,2112.50,2122.00,2128.00,2118.00,day,1,2135.25,2112.50,2122.00,2132.00,2118.00,in_value
2016-11-01,2.00,start,migration,0.00,,,,1035,2016-11-01,1,2125.50,2091.00,2102.00,2116.00,2094.00,composite,2,2135.25,2112.50,2122.00,2128.00,2118.00,in_value
2016-11-02,2.00,added,,1.00,0.33,False,0.60,1035,2016-11-01,2,2125.50,2087.25,2098.00,2108.00,2094.00,day,1,2125.50,2091.00,2102.00,2116.00,2094.00,in_value
2016-11-03,2.00,start,migration,0.27,,,,1036,2016-11-03,1,2097.75,2079.75,2088.00,2097.75,2084.00,composite,2,2125.50,2087.25,2098.00,2108.00,2094.00,in_value
2016-11-04,2.00,skipped_shape,,0.80,0.45,False,0.20,1036,2016-11-03,1,2097.75,2079.75,2088.00,2097.75,2084.00,day,1,2097.75,2079.75,2088.00,2097.75,2084.00,in_value
2016-11-07,2.00,start,migration,0.00,,,,1037,2016-11-07,1,2127.50,2108.00,2122.00,2127.50,2118.00,day,1,2094.25,2079.00,2090.00,2092.00,2082.00,above_range
2016-11-08,2.00,start,migration,0.00,,,,1038,2016-11-08,1,2143.25,2119.00,2136.00,2143.25,2128.00,day,1,2127.50,2108.00,2122.00,2127.50,2118.00,in_value
2016-11-09,2.00,start,migration,0.18,,,,1039,2016-11-09,1,2166.75,2118.25,2154.00,2166.75,2138.00,day,1,2143.25,2119.00,2136.00,2143.25,2128.00,below_range
2016-11-10,2.00,added,,0.71,0.63,False,0.56,1039,2016-11-09,2,2178.50,2118.25,2156.00,2174.00,2148.00,day,1,2166.75,2118.25,2154.00,2166.75,2138.00,above_range
2016-11-11,2.00,added,,1.00,0.63,False,0.71,1039,2016-11-09,3,2178.50,2118.25,2156.00,2170.00,2148.00,composite,2,2178.50,2118.25,2156.00,2174.00,2148.00,in_value
2016-11-14,2.00,added,,1.00,0.63,False,0.71,1039,2016-11-09,4,2178.50,2118.25,2156.00,2170.00,2148.00,composite,3,2178.50,2118.25,2156.00,2170.00,2148.00,in_value
2016-11-15,2.00,skipped_daytype,,0.78,,,,1039,2016-11-09,4,2178.50,2118.25,2156.00,2170.00,2148.00,composite,4,2178.50,2118.25,2156.00,2170.00,2148.00,in_value
2016-11-16,2.00,start,migration,0.20,,,,1040,2016-11-16,1,2176.25,2169.00,2172.00,2174.00,2169.00,composite,4,2178.50,2118.25,2156.00,2170.00,2148.00,above_value
2016-11-17,2.00,start,migration,0.00,,,,1041,2016-11-17,1,2185.50,2174.00,2182.00,2185.50,2174.00,day,1,2176.25,2169.00,2172.00,2174.00,2169.00,above_value
2016-11-18,2.00,added,,1.00,0.50,False,1.00,1041,2016-11-17,2,2187.50,2174.00,2180.00,2186.00,2176.00,day,1,2185.50,2174.00,2182.00,2185.50,2174.00,in_value
2016-11-21,2.00,start,migration,0.00,,,,1042,2016-11-21,1,2196.50,2184.75,2192.00,2196.50,2188.00,composite,2,2187.50,2174.00,2180.00,2186.00,2176.00,above_value
2016-11-22,2.00,start,migration,0.42,,,,1043,2016-11-22,1,2202.75,2191.75,2194.00,2200.00,2194.00,day,1,2196.50,2184.75,2192.00,2196.50,2188.00,above_range
2016-11-23,2.00,added,,1.00,0.64,False,0.33,1043,2016-11-22,2,2202.75,2191.75,2198.00,2200.00,2194.00,day,1,2202.75,2191.75,2194.00,2200.00,2194.00,in_value
2016-11-25,2.00,start,migration,0.00,,,,1044,2016-11-25,1,2211.75,2204.75,2206.00,2211.75,2206.00,composite,2,2202.75,2191.75,2198.00,2200.00,2194.00,above_range
2016-11-28,2.00,added,,0.64,0.64,False,1.00,1044,2016-11-25,2,2211.75,2198.25,2206.00,2211.75,2202.00,day,1,2211.75,2204.75,2206.00,2211.75,2206.00,in_value
2016-11-29,2.00,added,,0.60,0.69,False,1.00,1044,2016-11-25,3,2211.75,2196.25,2206.00,2211.75,2202.00,composite,2,2211.75,2198.25,2206.00,2211.75,2202.00,below_value
2016-11-30,2.00,added,,0.80,0.61,False,1.00,1044,2016-11-25,4,2213.00,2196.25,2206.00,2212.00,2202.00,composite,3,2211.75,2196.25,2206.00,2211.75,2202.00,in_value
2016-12-01,2.00,start,migration,0.00,,,,1045,2016-12-01,1,2202.00,2186.00,2190.00,2196.00,2186.00,composite,4,2213.00,2196.25,2206.00,2212.00,2202.00,below_value
2016-12-02,2.00,added,,0.86,0.28,False,1.00,1045,2016-12-01,2,2202.00,2186.00,2190.00,2196.00,2186.00,day,1,2202.00,2186.00,2190.00,2196.00,2186.00,in_value
2016-12-05,2.00,start,migration,0.00,,,,1046,2016-12-05,1,2208.75,2198.75,2202.00,2208.00,2202.00,composite,2,2202.00,2186.00,2190.00,2196.00,2186.00,above_value
2016-12-06,2.00,added,,0.60,0.44,False,1.00,1046,2016-12-05,2,2212.00,2198.75,2204.00,2210.00,2200.00,day,1,2208.75,2198.75,2202.00,2208.00,2202.00,in_value
2016-12-07,2.00,start,migration,0.00,,,,1047,2016-12-07,1,2241.25,2207.75,2232.00,2241.25,2216.00,composite,2,2212.00,2198.75,2204.00,2210.00,2200.00,in_value
2016-12-08,2.00,start,migration,0.33,,,,1048,2016-12-08,1,2251.50,2236.75,2242.00,2248.00,2238.00,day,1,2241.25,2207.75,2232.00,2241.25,2216.00,in_value
2016-12-09,2.00,start,migration,0.00,,,,1049,2016-12-09,1,2259.75,2247.75,2252.00,2258.00,2248.00,day,1,2251.50,2236.75,2242.00,2248.00,2238.00,above_value
2016-12-12,2.00,added,,1.00,0.35,False,0.60,1049,2016-12-09,2,2264.25,2247.75,2252.00,2262.00,2248.00,day,1,2259.75,2247.75,2252.00,2258.00,2248.00,above_value
2016-12-13,2.00,start,migration,0.00,,,,1050,2016-12-13,1,2273.00,2259.00,2266.00,2272.00,2262.00,composite,2,2258.75,2242.25,2246.50,2256.50,2242.50,above_range
2016-12-14,2.00,start,migration,0.43,,,,1051,2016-12-14,1,2272.50,2243.00,2262.00,2268.00,2254.00,day,1,2273.00,2259.00,2266.00,2272.00,2262.00,in_value
2016-12-15,2.00,added,,1.00,0.59,False,0.60,1051,2016-12-14,2,2272.50,2243.00,2260.00,2266.00,2252.00,day,1,2272.50,2243.00,2262.00,2268.00,2254.00,below_value
2016-12-16,2.00,added,,1.00,0.59,False,0.60,1051,2016-12-14,3,2272.50,2243.00,2260.00,2266.00,2252.00,composite,2,2272.50,2243.00,2260.00,2266.00,2252.00,in_value
2016-12-19,2.00,added,,1.00,0.59,False,0.60,1051,2016-12-14,4,2272.50,2243.00,2260.00,2266.00,2252.00,composite,3,2272.50,2243.00,2260.00,2266.00,2252.00,in_value
2016-12-20,2.00,start,migration,0.36,,,,1052,2016-12-20,1,2269.50,2262.25,2264.00,2269.50,2264.00,composite,4,2272.50,2243.00,2260.00,2266.00,2252.00,in_value
2016-12-21,2.00,start,migration,0.35,,,,1053,2016-12-21,1,2268.00,2260.25,2264.00,2266.00,2260.25,day,1,2269.50,2262.25,2264.00,2269.50,2264.00,in_value
2016-12-22,2.00,start,migration,0.00,,,,1054,2016-12-22,1,2260.00,2251.50,2254.00,2260.00,2254.00,day,1,2268.00,2260.25,2264.00,2266.00,2260.25,below_range
2016-12-23,2.00,added,,1.00,0.58,False,0.33,1054,2016-12-22,2,2260.00,2251.50,2256.00,2258.00,2252.00,day,1,2260.00,2251.50,2254.00,2260.00,2254.00,in_value
2016-12-27,2.00,start,migration,0.00,,,,1055,2016-12-27,1,2269.50,2262.00,2264.00,2269.50,2264.00,composite,2,2260.00,2251.50,2256.00,2258.00,2252.00,above_range
2016-12-28,2.00,start,migration,0.00,,,,1056,2016-12-28,1,2267.00,2243.50,2246.00,2260.00,2246.00,day,1,2269.50,2262.00,2264.00,2269.50,2264.00,in_value
2016-12-29,2.00,start,migration,0.33,,,,1057,2016-12-29,1,2250.00,2239.50,2242.00,2248.00,2242.00,day,1,2267.00,2243.50,2246.00,2260.00,2246.00,below_value
2016-12-30,2.00,start,migration,0.20,,,,1058,2016-12-30,1,2249.50,2228.00,2238.00,2244.00,2234.00,day,1,2250.00,2239.50,2242.00,2248.00,2242.00,above_value
2017-01-03,2.00,start,migration,0.40,,,,1059,2017-01-03,1,2259.50,2239.50,2244.00,2250.00,2240.00,day,1,2249.50,2228.00,2238.00,2244.00,2234.00,above_range
2017-01-04,2.00,start,migration,0.00,,,,1060,2017-01-04,1,2267.25,2256.00,2262.00,2267.25,2262.00,day,1,2259.50,2239.50,2244.00,2250.00,2240.00,above_value
2017-01-05,2.00,start,migration,0.33,,,,1061,2017-01-05,1,2265.25,2254.00,2258.00,2264.00,2258.00,day,1,2267.25,2256.00,2262.00,2267.25,2262.00,below_value
2017-01-06,2.00,start,migration,0.00,,,,1062,2017-01-06,1,2277.00,2258.25,2272.00,2277.00,2264.00,day,1,2265.25,2254.00,2258.00,2264.00,2258.00,above_value
2017-01-09,2.00,added,,0.89,0.45,False,0.60,1062,2017-01-06,2,2277.00,2258.25,2266.00,2276.00,2262.00,day,1,2277.00,2258.25,2272.00,2277.00,2264.00,in_value
2017-01-10,2.00,added,,1.00,0.45,False,1.00,1062,2017-01-06,3,2277.00,2258.25,2266.00,2272.00,2262.00,composite,2,2277.00,2258.25,2266.00,2276.00,2262.00,in_value
2017-01-11,2.00,added,,0.80,0.54,False,1.00,1062,2017-01-06,4,2277.00,2255.00,2266.00,2272.00,2262.00,composite,3,2277.00,2258.25,2266.00,2272.00,2262.00,in_value
2017-01-12,2.00,start,migration,0.14,,,,1063,2017-01-12,1,2267.25,2248.50,2258.00,2264.00,2250.00,composite,4,2277.00,2255.00,2266.00,2272.00,2262.00,in_value
2017-01-13,2.00,start,migration,0.00,,,,1064,2017-01-13,1,2273.50,2266.25,2268.00,2273.50,2268.00,day,1,2267.25,2248.50,2258.00,2264.00,2250.00,above_value
2017-01-17,2.00,start,migration,0.00,,,,1065,2017-01-17,1,2267.25,2257.25,2264.00,2267.25,2260.00,day,1,2273.50,2266.25,2268.00,2273.50,2268.00,below_range
2017-01-18,2.00,added,,1.00,0.58,False,0.33,1065,2017-01-17,2,2267.25,2257.25,2262.00,2267.25,2262.00,day,1,2267.25,2257.25,2264.00,2267.25,2260.00,in_value
2017-01-19,2.00,added,,0.53,0.61,False,1.00,1065,2017-01-17,3,2269.50,2253.00,2262.00,2268.00,2258.00,composite,2,2267.25,2257.25,2262.00,2267.25,2262.00,above_range
2017-01-20,2.00,added,,0.60,0.50,False,1.00,1065,2017-01-17,4,2272.75,2253.00,2262.00,2268.00,2258.00,composite,3,2269.50,2253.00,2262.00,2268.00,2258.00,in_value
2017-01-23,2.00,added,,0.60,0.54,False,1.00,1065,2017-01-17,5,2272.75,2251.75,2262.00,2268.00,2258.00,composite,4,2272.75,2253.00,2262.00,2268.00,2258.00,in_value
2017-01-24,2.00,start,migration,0.24,,,,1066,2017-01-24,1,2280.50,2262.00,2276.00,2280.50,2264.00,composite,5,2272.75,2251.75,2262.00,2268.00,2258.00,in_value
2017-01-25,2.00,start,migration,0.00,,,,1067,2017-01-25,1,2295.25,2284.25,2290.00,2295.25,2286.00,day,1,2280.50,2262.00,2276.00,2280.50,2264.00,above_range
2017-01-26,2.00,added,,1.00,0.50,False,0.33,1067,2017-01-25,2,2296.50,2284.25,2290.00,2296.00,2290.00,day,1,2295.25,2284.25,2290.00,2295.25,2286.00,in_value
2017-01-27,2.00,added,,0.67,0.50,False,1.00,1067,2017-01-25,3,2296.50,2284.25,2290.00,2296.00,2286.00,composite,2,2296.50,2284.25,2290.00,2296.00,2290.00,in_value
2017-01-30,2.00,start,migration,0.00,,,,1068,2017-01-30,1,2281.25,2263.25,2268.00,2274.00,2264.00,composite,3,2296.50,2284.25,2290.00,2296.00,2286.00,below_range
2017-01-31,2.00,added,,0.82,0.35,False,1.00,1068,2017-01-30,2,2281.25,2262.25,2268.00,2274.00,2264.00,day,1,2281.25,2263.25,2268.00,2274.00,2264.00,in_value
2017-02-01,2.00,added,,0.59,0.29,False,1.00,1068,2017-01-30,3,2285.00,2262.25,2268.00,2274.00,2264.00,composite,2,2281.25,2262.25,2268.00,2274.00,2264.00,above_range
2017-02-02,2.00,start,migration,0.33,,,,1069,2017-02-02,1,2279.75,2266.75,2272.00,2278.00,2272.00,composite,3,2285.00,2262.25,2268.00,2274.00,2264.00,in_value
2017-02-03,2.00,start,migration,0.00,,,,1070,2017-02-03,1,2294.00,2283.00,2290.00,2294.00,2290.00,day,1,2279.75,2266.75,2272.00,2278.00,2272.00,above_range
2017-02-06,2.00,start,migration,0.27,,,,1071,2017-02-06,1,2291.50,2283.50,2286.00,2291.50,2286.00,day,1,2294.00,2283.00,2290.00,2294.00,2290.00,below_value
2017-02-07,2.00,added,,0.63,0.36,False,0.33,1071,2017-02-06,2,2295.00,2283.50,2286.00,2292.00,2286.00,day,1,2291.50,2283.50,2286.00,2291.50,2286.00,above_range
2017-02-08,2.00,added,,0.75,0.56,False,1.00,1071,2017-02-06,3,2295.00,2281.00,2288.00,2294.00,2284.00,composite,2,2295.00,2283.50,2286.00,2292.00,2286.00,below_value
2017-02-09,2.00,start,migration,0.00,,,,1072,2017-02-09,1,2307.75,2293.00,2304.00,2307.75,2300.00,composite,3,2295.00,2281.00,2288.00,2294.00,2284.00,in_value
2017-02-10,2.00,start,migration,0.00,,,,1073,2017-02-10,1,2315.75,2306.75,2312.00,2314.00,2308.00,day,1,2307.75,2293.00,2304.00,2307.75,2300.00,above_range
2017-02-13,2.00,start,migration,0.00,,,,1074,2017-02-13,1,2329.00,2318.50,2322.00,2328.00,2318.50,day,1,2315.75,2306.75,2312.00,2314.00,2308.00,above_range
2017-02-14,2.00,skipped_daytype,,0.57,,,,1074,2017-02-13,1,2329.00,2318.50,2322.00,2328.00,2318.50,day,1,2329.00,2318.50,2322.00,2328.00,2318.50,in_value
2017-02-15,2.00,start,migration,0.00,,,,1075,2017-02-15,1,2349.75,2332.00,2340.00,2346.00,2336.00,day,1,2335.75,2319.75,2332.00,2334.00,2320.00,in_value
2017-02-16,2.00,added,,1.00,0.61,False,1.00,1075,2017-02-15,2,2349.75,2332.00,2342.00,2348.00,2338.00,day,1,2349.75,2332.00,2340.00,2346.00,2336.00,above_value
2017-02-17,2.00,added,,1.00,0.61,False,1.00,1075,2017-02-15,3,2349.75,2332.00,2342.00,2348.00,2338.00,composite,2,2349.75,2332.00,2342.00,2348.00,2338.00,below_value
2017-02-21,2.00,start,migration,0.00,,,,1076,2017-02-21,1,2365.00,2352.75,2360.00,2365.00,2356.00,composite,3,2349.75,2332.00,2342.00,2348.00,2338.00,above_range
2017-02-22,2.00,added,,1.00,0.64,False,0.33,1076,2017-02-21,2,2365.00,2352.75,2360.00,2362.00,2356.00,day,1,2365.00,2352.75,2360.00,2365.00,2356.00,in_value
2017-02-23,2.00,added,,0.60,0.56,False,1.00,1076,2017-02-21,3,2366.75,2352.75,2360.00,2366.00,2356.00,composite,2,2365.00,2352.75,2360.00,2362.00,2356.00,above_range
2017-02-24,2.00,added,,0.67,0.50,False,1.00,1076,2017-02-21,4,2366.75,2351.50,2358.00,2364.00,2354.00,composite,3,2366.75,2352.75,2360.00,2366.00,2356.00,below_range
2017-02-27,2.00,start,migration,0.23,,,,1077,2017-02-27,1,2370.75,2361.00,2366.00,2370.75,2362.00,composite,4,2366.75,2351.50,2358.00,2364.00,2354.00,in_value
2017-02-28,2.00,added,,0.67,0.56,False,1.00,1077,2017-02-27,2,2370.75,2357.50,2364.00,2370.00,2360.00,day,1,2370.75,2361.00,2366.00,2370.75,2362.00,in_value
2017-03-01,2.00,start,migration,0.00,,,,1078,2017-03-01,1,2401.00,2381.25,2394.00,2400.00,2386.00,composite,2,2370.75,2357.50,2364.00,2370.00,2360.00,above_range
2017-03-02,2.00,start,migration,0.33,,,,1079,2017-03-02,1,2393.00,2379.25,2386.00,2388.00,2382.00,day,1,2401.00,2381.25,2394.00,2400.00,2386.00,in_value
2017-03-03,2.00,start,migration,0.14,,,,1080,2017-03-03,1,2383.25,2374.25,2378.00,2383.25,2374.25,day,1,2393.00,2379.25,2386.00,2388.00,2382.00,below_range
2017-03-06,2.00,start,migration,0.19,,,,1081,2017-03-06,1,2378.25,2367.00,2370.00,2376.00,2367.00,day,1,2383.25,2374.25,2378.00,2383.25,2374.25,below_range
2017-03-07,2.00,added,,1.00,0.31,False,0.33,1081,2017-03-06,2,2378.25,2364.50,2368.00,2374.00,2368.00,day,1,2378.25,2367.00,2370.00,2376.00,2367.00,in_value
2017-03-08,2.00,added,,0.56,0.45,False,1.00,1081,2017-03-06,3,2378.25,2360.75,2368.00,2374.00,2364.00,composite,2,2378.25,2364.50,2368.00,2374.00,2368.00,in_value
2017-03-09,2.00,added,,0.57,0.58,False,1.00,1081,2017-03-06,4,2378.25,2354.00,2368.00,2374.00,2364.00,composite,3,2378.25,2360.75,2368.00,2374.00,2364.00,below_value
2017-03-10,2.00,added,,0.80,0.58,False,1.00,1081,2017-03-06,5,2378.25,2354.00,2368.00,2374.00,2364.00,composite,4,2378.25,2354.00,2368.00,2374.00,2364.00,above_value
2017-03-13,2.00,added,,1.00,0.65,False,1.00,1081,2017-03-06,6,2375.25,2351.00,2366.00,2372.00,2362.00,composite,5,2375.25,2351.00,2365.00,2371.00,2361.00,in_value
2017-03-14,2.00,start,migration,0.00,,,,1082,2017-03-14,1,2365.50,2354.75,2360.00,2362.00,2356.00,composite,6,2375.25,2351.00,2366.00,2372.00,2362.00,in_value
2017-03-15,2.00,start,migration,0.00,,,,1083,2017-03-15,1,2387.75,2365.75,2370.00,2380.00,2366.00,day,1,2365.50,2354.75,2360.00,2362.00,2356.00,above_range
2017-03-16,2.00,added,,1.00,0.54,False,0.60,1083,2017-03-15,2,2387.75,2365.75,2376.00,2382.00,2368.00,day,1,2387.75,2365.75,2370.00,2380.00,2366.00,above_value
2017-03-17,2.00,added,,1.00,0.54,False,1.00,1083,2017-03-15,3,2387.75,2365.75,2376.00,2382.00,2372.00,composite,2,2387.75,2365.75,2376.00,2382.00,2368.00,in_value
2017-03-20,2.00,start,migration,0.33,,,,1084,2017-03-20,1,2376.00,2365.50,2372.00,2374.00,2368.00,composite,3,2387.75,2365.75,2376.00,2382.00,2372.00,in_value
2017-03-21,2.00,start,migration,0.00,,,,1085,2017-03-21,1,2378.75,2338.00,2346.00,2360.00,2338.00,day,1,2376.00,2365.50,2372.00,2374.00,2368.00,above_range
2017-03-22,2.00,skipped_shape,,1.00,0.23,False,0.60,1085,2017-03-21,1,2378.75,2338.00,2346.00,2360.00,2338.00,day,1,2378.75,2338.00,2346.00,2360.00,2338.00,in_value
2017-03-23,2.00,skipped_shape,,1.00,0.21,False,0.60,1085,2017-03-21,1,2378.75,2338.00,2346.00,2360.00,2338.00,day,1,2348.75,2332.75,2342.00,2348.00,2338.00,in_value
2017-03-24,2.00,added,,1.00,0.38,False,0.60,1085,2017-03-21,2,2378.75,2331.75,2348.00,2354.00,2340.00,day,1,2356.00,2338.25,2346.00,2356.00,2342.00,in_value
2017-03-27,2.00,start,migration,0.11,,,,1086,2017-03-27,1,2341.50,2318.00,2336.00,2341.50,2328.00,composite,2,2378.75,2331.75,2348.00,2354.00,2340.00,below_range
2017-03-28,2.00,start,migration,0.00,,,,1087,2017-03-28,1,2360.50,2333.50,2350.00,2360.00,2342.00,day,1,2341.50,2318.00,2336.00,2341.50,2328.00,in_value
2017-03-29,2.00,skipped_shape,,1.00,0.83,False,0.60,1087,2017-03-28,1,2360.50,2333.50,2350.00,2360.00,2342.00,day,1,2360.50,2333.50,2350.00,2360.00,2342.00,in_value
2017-03-30,2.00,start,migration,0.00,,,,1088,2017-03-30,1,2366.75,2354.00,2362.00,2366.75,2362.00,day,1,2359.75,2348.75,2356.00,2358.00,2352.00,in_value
2017-03-31,2.00,added,,1.00,0.64,False,0.33,1088,2017-03-30,2,2366.75,2354.00,2362.00,2366.75,2362.00,day,1,2366.75,2354.00,2362.00,2366.75,2362.00,below_value
2017-04-03,2.00,start,migration,0.00,,,,1089,2017-04-03,1,2361.75,2340.00,2348.00,2358.00,2344.00,composite,2,2366.75,2354.00,2362.00,2366.75,2362.00,below_value
2017-04-04,2.00,added,,1.00,0.59,False,1.00,1089,2017-04-03,2,2361.75,2340.00,2352.00,2358.00,2348.00,day,1,2361.75,2340.00,2348.00,2358.00,2344.00,in_value
2017-04-05,2.00,start,migration,0.00,,,,1090,2017-04-05,1,2375.00,2346.25,2370.00,2375.00,2362.00,composite,2,2361.75,2340.00,2352.00,2358.00,2348.00,above_range
2017-04-06,2.00,start,migration,0.00,,,,1091,2017-04-06,1,2361.25,2345.00,2354.00,2360.00,2350.00,day,1,2375.00,2346.25,2370.00,2375.00,2362.00,below_value
2017-04-07,2.00,added,,1.00,0.61,False,1.00,1091,2017-04-06,2,2361.25,2345.00,2354.00,2360.00,2350.00,day,1,2361.25,2345.00,2354.00,2360.00,2350.00,in_value
2017-04-10,2.00,added,,0.80,0.55,False,1.00,1091,2017-04-06,3,2363.25,2345.00,2354.00,2360.00,2350.00,composite,2,2361.25,2345.00,2354.00,2360.00,2350.00,in_value
2017-04-11,2.00,start,migration,0.00,,,,1092,2017-04-11,1,2351.75,2333.25,2344.00,2350.00,2340.00,composite,3,2363.25,2345.00,2354.00,2360.00,2350.00,below_value
2017-04-12,2.00,added,,0.80,0.55,False,1.00,1092,2017-04-11,2,2351.75,2333.25,2342.00,2348.00,2338.00,day,1,2351.75,2333.25,2344.00,2350.00,2340.00,in_value
2017-04-13,2.00,start,migration,0.43,,,,1093,2017-04-13,1,2345.00,2325.25,2334.00,2344.00,2330.00,composite,2,2351.75,2333.25,2342.00,2348.00,2338.00,below_value
2017-04-17,2.00,added,,1.00,0.59,False,1.00,1093,2017-04-13,2,2345.50,2325.25,2336.00,2342.00,2332.00,day,1,2345.00,2325.25,2334.00,2344.00,2330.00,in_value
2017-04-18,2.00,added,,1.00,0.59,False,1.00,1093,2017-04-13,3,2345.50,2325.25,2336.00,2342.00,2332.00,composite,2,2345.50,2325.25,2336.00,2342.00,2332.00,in_value
2017-04-19,2.00,start,migration,0.45,,,,1094,2017-04-19,1,2349.25,2331.25,2344.00,2349.25,2336.00,composite,3,2345.50,2325.25,2336.00,2342.00,2332.00,above_value
2017-04-20,2.00,start,migration,0.45,,,,1095,2017-04-20,1,2358.25,2337.25,2354.00,2358.25,2342.00,day,1,2349.25,2331.25,2344.00,2349.25,2336.00,in_value
2017-04-21,2.00,added,,1.00,0.54,False,0.60,1095,2017-04-20,2,2358.25,2337.25,2348.00,2358.00,2344.00,day,1,2358.25,2337.25,2354.00,2358.25,2342.00,in_value
2017-04-24,2.00,start,migration,0.00,,,,1096,2017-04-24,1,2374.00,2365.75,2368.00,2374.00,2368.00,composite,2,2358.25,2337.25,2348.00,2358.00,2344.00,above_range
2017-04-25,2.00,start,migration,0.00,,,,1097,2017-04-25,1,2389.25,2377.50,2384.00,2389.25,2384.00,day,1,2374.00,2365.75,2368.00,2374.00,2368.00,above_range
2017-04-26,2.00,added,,0.53,0.55,False,1.00,1097,2017-04-25,2,2394.75,2377.50,2386.00,2392.00,2382.00,day,1,2389.25,2377.50,2384.00,2389.25,2384.00,in_value
2017-04-27,2.00,added,,1.00,0.55,False,1.00,1097,2017-04-25,3,2394.75,2377.50,2386.00,2392.00,2382.00,composite,2,2394.75,2377.50,2386.00,2392.00,2382.00,in_value
2017-04-28,2.00,added,,0.67,0.45,False,1.00,1097,2017-04-25,4,2394.75,2377.50,2384.00,2390.00,2380.00,composite,3,2394.75,2377.50,2386.00,2392.00,2382.00,in_value
2017-05-01,2.00,added,,1.00,0.55,False,1.00,1097,2017-04-25,5,2394.75,2377.50,2386.00,2392.00,2382.00,composite,4,2394.75,2377.50,2384.00,2390.00,2380.00,in_value
2017-05-02,2.00,added,,0.96,0.45,False,1.00,1097,2017-04-25,6,2394.75,2377.50,2384.00,2390.00,2380.00,composite,5,2394.75,2377.50,2386.00,2392.00,2382.00,in_value
2017-05-03,2.00,added,,1.00,0.50,False,1.00,1097,2017-04-25,7,2394.75,2375.50,2384.00,2390.00,2380.00,composite,6,2394.75,2377.50,2384.00,2390.00,2380.00,in_value
2017-05-04,2.00,added,,1.00,0.50,False,1.00,1097,2017-04-25,8,2394.75,2375.50,2384.00,2390.00,2380.00,composite,7,2394.75,2375.50,2384.00,2390.00,2380.00,in_value
2017-05-05,2.00,added,,1.00,0.50,False,1.00,1097,2017-04-25,9,2395.75,2375.50,2384.00,2390.00,2380.00,composite,8,2394.75,2375.50,2384.00,2390.00,2380.00,in_value
2017-05-08,2.00,start,migration,0.00,,,,1098,2017-05-08,1,2397.75,2389.75,2392.00,2397.75,2392.00,composite,9,2395.75,2375.50,2384.00,2390.00,2380.00,above_value
2017-05-09,2.00,added,,0.62,0.50,False,0.33,1098,2017-05-08,2,2400.00,2388.75,2394.00,2396.00,2390.00,day,1,2397.75,2389.75,2392.00,2397.75,2392.00,in_value
2017-05-10,2.00,added,,1.00,0.50,False,0.33,1098,2017-05-08,3,2400.00,2388.75,2394.00,2396.00,2390.00,composite,2,2400.00,2388.75,2394.00,2396.00,2390.00,in_value
2017-05-11,2.00,start,migration,0.20,,,,1099,2017-05-11,1,2393.50,2379.00,2386.00,2392.00,2382.00,composite,3,2400.00,2388.75,2394.00,2396.00,2390.00,in_value
2017-05-12,2.00,added,,1.00,0.56,False,1.00,1099,2017-05-11,2,2393.50,2379.00,2386.00,2392.00,2382.00,day,1,2393.50,2379.00,2386.00,2392.00,2382.00,in_value
2017-05-15,2.00,start,migration,0.00,,,,1100,2017-05-15,1,2402.25,2392.25,2398.00,2402.25,2398.00,composite,2,2393.50,2379.00,2386.00,2392.00,2382.00,above_value
2017-05-16,2.00,start,migration,0.33,,,,1101,2017-05-16,1,2404.50,2393.75,2398.00,2400.00,2394.00,day,1,2402.25,2392.25,2398.00,2402.25,2398.00,above_range
2017-05-17,2.00,start,migration,0.00,,,,1102,2017-05-17,1,2383.75,2354.75,2372.00,2378.00,2360.00,day,1,2404.50,2393.75,2398.00,2400.00,2394.00,below_range
2017-05-18,2.00,added,,0.86,0.44,False,0.60,1102,2017-05-17,2,2383.75,2351.50,2364.00,2374.00,2360.00,day,1,2383.75,2354.75,2372.00,2378.00,2360.00,below_range
2017-05-19,2.00,start,migration,0.00,,,,1103,2017-05-19,1,2388.00,2369.75,2382.00,2388.00,2378.00,composite,2,2383.75,2351.50,2364.00,2374.00,2360.00,in_value
2017-05-22,2.00,start,migration,0.24,,,,1104,2017-05-22,1,2394.25,2385.00,2390.00,2394.25,2386.00,day,1,2388.00,2369.75,2382.00,2388.00,2378.00,in_value
2017-05-23,2.00,start,migration,0.38,,,,1105,2017-05-23,1,2399.50,2392.00,2396.00,2398.00,2392.00,day,1,2394.25,2385.00,2390.00,2394.25,2386.00,above_range
2017-05-24,2.00,start,migration,0.25,,,,1106,2017-05-24,1,2404.00,2396.00,2398.00,2404.00,2396.00,day,1,2399.50,2392.00,2396.00,2398.00,2392.00,above_range
2017-05-25,2.00,start,migration,0.00,,,,1107,2017-05-25,1,2417.75,2406.00,2412.00,2417.75,2412.00,day,1,2404.00,2396.00,2398.00,2404.00,2396.00,above_range
2017-05-26,2.00,added,,1.00,0.58,False,0.33,1107,2017-05-25,2,2417.75,2406.00,2412.00,2417.75,2412.00,day,1,2417.75,2406.00,2412.00,2417.75,2412.00,in_value
2017-05-30,2.00,start,migration,0.33,,,,1108,2017-05-30,1,2414.50,2408.00,2412.00,2414.00,2408.00,composite,2,2417.75,2406.00,2412.00,2417.75,2412.00,below_value
2017-05-31,2.00,start,migration,0.43,,,,1109,2017-05-31,1,2415.25,2402.75,2406.00,2412.00,2402.75,day,1,2414.50,2408.00,2412.00,2414.00,2408.00,above_value
2017-06-01,2.00,start,migration,0.00,,,,1110,2017-06-01,1,2429.75,2412.75,2424.00,2426.00,2412.75,day,1,2415.25,2402.75,2406.00,2412.00,2402.75,above_range
2017-06-02,2.00,start,migration,0.00,,,,1111,2017-06-02,1,2439.75,2427.00,2434.00,2439.75,2434.00,day,1,2429.75,2412.75,2424.00,2426.00,2412.75,above_range
2017-06-05,2.00,skipped_shape,,1.00,0.79,False,0.33,1111,2017-06-02,1,2439.75,2427.00,2434.00,2439.75,2434.00,day,1,2439.75,2427.00,2434.00,2439.75,2434.00,in_value
2017-06-06,2.00,start,migration,0.30,,,,1112,2017-06-06,1,2435.75,2427.00,2430.00,2435.75,2430.00,day,1,2439.00,2433.50,2436.00,2439.00,2436.00,below_range
2017-06-07,2.00,start,migration,0.33,,,,1113,2017-06-07,1,2435.00,2424.00,2430.00,2432.00,2426.00,day,1,2435.75,2427.00,2430.00,2435.75,2430.00,in_value
2017-06-08,2.00,start,migration,0.40,,,,1114,2017-06-08,1,2439.00,2427.25,2432.00,2438.00,2428.00,day,1,2435.00,2424.00,2430.00,2432.00,2426.00,above_value
2017-06-09,2.00,added,,0.56,0.53,False,0.60,1114,2017-06-08,2,2445.75,2414.75,2430.00,2440.00,2426.00,day,1,2439.00,2427.25,2432.00,2438.00,2428.00,in_value
2017-06-12,2.00,start,migration,0.00,,,,1115,2017-06-12,1,2427.50,2416.75,2422.00,2424.00,2418.00,composite,2,2443.75,2412.75,2428.00,2438.00,2424.00,in_value
2017-06-13,2.00,start,migration,0.00,,,,1116,2017-06-13,1,2439.25,2428.75,2434.00,2439.25,2430.00,day,1,2427.50,2416.75,2422.00,2424.00,2418.00,above_range
2017-06-14,2.00,added,,0.72,0.55,False,1.00,1116,2017-06-13,2,2442.00,2425.75,2434.00,2440.00,2430.00,day,1,2439.25,2428.75,2434.00,2439.25,2430.00,above_range
2017-06-15,2.00,start,migration,0.00,,,,1117,2017-06-15,1,2432.00,2416.25,2424.00,2430.00,2420.00,composite,2,2442.00,2425.75,2434.00,2440.00,2430.00,below_range
2017-06-16,2.00,added,,0.80,0.61,False,1.00,1117,2017-06-15,2,2432.50,2416.25,2426.00,2432.00,2422.00,day,1,2432.00,2416.25,2424.00,2430.00,2420.00,above_value
2017-06-19,2.00,start,migration,0.00,,,,1118,2017-06-19,1,2451.50,2438.50,2446.00,2451.50,2446.00,composite,2,2432.50,2416.25,2426.00,2432.00,2422.00,above_range
2017-06-20,2.00,start,migration,0.00,,,,1119,2017-06-20,1,2446.75,2434.00,2440.00,2446.00,2436.00,day,1,2451.50,2438.50,2446.00,2451.50,2446.00,in_value
2017-06-21,2.00,start,migration,0.00,,,,1120,2017-06-21,1,2440.00,2428.00,2434.00,2436.00,2430.00,day,1,2446.75,2434.00,2440.00,2446.00,2436.00,in_value
2017-06-22,2.00,skipped_shape,,0.57,0.64,False,0.20,1120,2017-06-21,1,2440.00,2428.00,2434.00,2436.00,2430.00,day,1,2440.00,2428.00,2434.00,2436.00,2430.00,in_value
2017-06-23,2.00,added,,0.67,0.50,False,1.00,1120,2017-06-21,2,2440.00,2428.00,2434.00,2440.00,2430.00,day,1,2439.00,2430.00,2436.00,2439.00,2432.00,in_value
2017-06-26,2.00,skipped_daytype,,0.60,,,,1120,2017-06-21,2,2440.00,2428.00,2434.00,2440.00,2430.00,composite,2,2440.00,2428.00,2434.00,2440.00,2430.00,above_range
2017-06-27,2.00,start,migration,0.43,,,,1121,2017-06-27,1,2437.00,2416.50,2430.00,2436.00,2422.00,composite,2,2440.00,2428.00,2434.00,2440.00,2430.00,in_value
2017-06-28,2.00,start,migration,0.47,,,,1122,2017-06-28,1,2440.50,2425.50,2436.00,2440.50,2432.00,day,1,2437.00,2416.50,2430.00,2436.00,2422.00,in_value
2017-06-29,2.00,start,migration,0.00,,,,1123,2017-06-29,1,2440.50,2402.25,2416.00,2426.00,2404.00,day,1,2440.50,2425.50,2436.00,2440.50,2432.00,in_value
2017-06-30,2.00,added,,0.79,0.53,False,1.00,1123,2017-06-29,2,2440.50,2402.25,2422.00,2432.00,2414.00,day,1,2440.50,2402.25,2416.00,2426.00,2404.00,in_value
2017-07-03,2.00,start,migration,0.47,,,,1124,2017-07-03,1,2436.50,2422.00,2432.00,2436.50,2428.00,composite,2,2440.50,2402.25,2422.00,2432.00,2414.00,in_value
2017-07-05,2.00,added,,0.52,0.55,False,1.00,1124,2017-07-03,2,2436.50,2419.25,2428.00,2434.00,2424.00,day,1,2436.50,2422.00,2432.00,2436.50,2428.00,in_value
2017-07-06,2.00,start,migration,0.00,,,,1125,2017-07-06,1,2422.25,2405.25,2414.00,2420.00,2410.00,composite,2,2436.50,2419.25,2428.00,2434.00,2424.00,below_value
2017-07-07,2.00,skipped_daytype,,0.55,,,,1125,2017-07-06,1,2422.25,2405.25,2414.00,2420.00,2410.00,day,1,2422.25,2405.25,2414.00,2420.00,2410.00,in_value
2017-07-10,2.00,start,migration,0.00,,,,1126,2017-07-10,1,2430.00,2419.25,2426.00,2430.00,2422.00,day,1,2425.00,2412.00,2422.00,2425.00,2414.00,in_value
2017-07-11,2.00,start,migration,0.40,,,,1127,2017-07-11,1,2427.25,2410.25,2424.00,2426.00,2416.00,day,1,2430.00,2419.25,2426.00,2430.00,2422.00,in_value
2017-07-12,2.00,start,migration,0.00,,,,1128,2017-07-12,1,2443.75,2434.75,2440.00,2442.00,2436.00,day,1,2427.25,2410.25,2424.00,2426.00,2416.00,above_range
2017-07-13,2.00,start,migration,0.33,,,,1129,2017-07-13,1,2447.00,2439.00,2444.00,2446.00,2440.00,day,1,2443.75,2434.75,2440.00,2442.00,2436.00,in_value
2017-07-14,2.00,start,migration,0.00,,,,1130,2017-07-14,1,2461.25,2444.25,2450.00,2456.00,2446.00,day,1,2447.00,2439.00,2444.00,2446.00,2440.00,in_value
2017-07-17,2.00,start,migration,0.30,,,,1131,2017-07-17,1,2460.50,2454.25,2458.00,2460.00,2454.25,day,1,2461.25,2444.25,2450.00,2456.00,2446.00,in_value
2017-07-18,2.00,start,migration,0.29,,,,1132,2017-07-18,1,2458.50,2448.00,2454.00,2456.00,2450.00,day,1,2460.50,2454.25,2458.00,2460.00,2454.25,below_range
2017-07-19,2.00,start,migration,0.00,,,,1133,2017-07-19,1,2471.00,2461.25,2466.00,2471.00,2462.00,day,1,2458.50,2448.00,2454.00,2456.00,2450.00,above_range
2017-07-20,2.00,start,migration,0.50,,,,1134,2017-07-20,1,2475.25,2465.50,2472.00,2474.00,2468.00,day,1,2471.00,2461.25,2466.00,2471.00,2462.00,above_range
2017-07-21,2.00,skipped_shape,,0.53,0.36,False,0.20,1134,2017-07-20,1,2475.25,2465.50,2472.00,2474.00,2468.00,day,1,2475.25,2465.50,2472.00,2474.00,2468.00,below_value
2017-07-24,2.00,skipped_shape,,0.56,0.36,False,0.20,1134,2017-07-20,1,2475.25,2465.50,2472.00,2474.00,2468.00,day,1,2470.25,2462.75,2466.00,2470.25,2466.00,in_value
2017-07-25,2.00,start,migration,0.27,,,,1135,2017-07-25,1,2478.75,2472.50,2476.00,2478.00,2472.50,day,1,2470.50,2463.50,2466.00,2470.50,2466.00,above_range
2017-07-26,2.00,added,,0.89,0.70,False,0.33,1135,2017-07-25,2,2478.75,2471.50,2476.00,2478.00,2472.00,day,1,2478.75,2472.50,2476.00,2478.00,2472.50,above_value
2017-07-27,2.00,start,migration,0.33,,,,1136,2017-07-27,1,2480.50,2457.00,2478.00,2480.00,2462.00,composite,2,2478.75,2471.50,2476.00,2478.00,2472.00,above_range
2017-07-28,2.00,added,,1.00,0.42,False,1.00,1136,2017-07-27,2,2480.50,2457.00,2466.00,2476.00,2458.00,day,1,2480.50,2457.00,2478.00,2480.00,2462.00,in_value
2017-07-31,2.00,added,,1.00,0.50,False,1.00,1136,2017-07-27,3,2480.50,2457.00,2468.00,2474.00,2464.00,composite,2,2480.50,2457.00,2466.00,2476.00,2458.00,in_value
2017-08-01,2.00,added,,1.00,0.50,False,1.00,1136,2017-07-27,4,2480.50,2457.00,2468.00,2474.00,2464.00,composite,3,2480.50,2457.00,2468.00,2474.00,2464.00,above_value
2017-08-02,2.00,added,,1.00,0.50,False,1.00,1136,2017-07-27,5,2480.50,2457.00,2468.00,2474.00,2464.00,composite,4,2480.50,2457.00,2468.00,2474.00,2464.00,above_value
2017-08-03,2.00,added,,1.00,0.50,False,1.00,1136,2017-07-27,6,2480.50,2457.00,2468.00,2474.00,2464.00,composite,5,2480.50,2457.00,2468.00,2474.00,2464.00,in_value
2017-08-04,2.00,added,,0.56,0.58,False,1.00,1136,2017-07-27,7,2480.50,2457.00,2470.00,2476.00,2466.00,composite,6,2480.50,2457.00,2468.00,2474.00,2464.00,above_value
2017-08-07,2.00,start,migration,0.47,,,,1137,2017-08-07,1,2478.25,2473.00,2474.00,2478.25,2474.00,composite,7,2480.50,2457.00,2470.00,2476.00,2466.00,in_value
2017-08-08,2.00,start,migration,0.30,,,,1138,2017-08-08,1,2488.50,2467.50,2480.00,2486.00,2472.00,day,1,2478.25,2473.00,2474.00,2478.25,2474.00,in_value
2017-08-09,2.00,start,migration,0.00,,,,1139,2017-08-09,1,2472.00,2459.25,2466.00,2472.00,2462.00,day,1,2488.50,2467.50,2480.00,2486.00,2472.00,below_range
2017-08-10,2.00,start,migration,0.00,,,,1140,2017-08-10,1,2463.00,2435.75,2448.00,2458.00,2444.00,day,1,2472.00,2459.25,2466.00,2472.00,2462.00,below_value
2017-08-11,2.00,start,migration,0.33,,,,1141,2017-08-11,1,2446.50,2436.00,2440.00,2446.00,2440.00,day,1,2463.00,2435.75,2448.00,2458.00,2444.00,below_value
2017-08-14,2.00,start,migration,0.00,,,,1142,2017-08-14,1,2466.50,2454.00,2462.00,2466.50,2462.00,day,1,2446.50,2436.00,2440.00,2446.00,2440.00,above_range
2017-08-15,2.00,added,,0.67,0.56,False,0.33,1142,2017-08-14,2,2468.50,2454.00,2462.00,2468.00,2462.00,day,1,2466.50,2454.00,2462.00,2466.50,2462.00,above_range
2017-08-16,2.00,start,migration,0.40,,,,1143,2017-08-16,1,2474.00,2462.50,2468.00,2474.00,2464.00,composite,2,2468.50,2454.00,2462.00,2468.00,2462.00,above_range
2017-08-17,2.00,start,migration,0.00,,,,1144,2017-08-17,1,2464.00,2428.75,2442.00,2460.00,2438.00,day,1,2474.00,2462.50,2468.00,2474.00,2464.00,below_range
2017-08-18,2.00,start,migration,0.00,,,,1145,2017-08-18,1,2439.50,2419.50,2430.00,2436.00,2422.00,day,1,2464.00,2428.75,2442.00,2460.00,2438.00,below_range
2017-08-21,2.00,added,,0.79,0.50,False,1.00,1145,2017-08-18,2,2439.50,2415.75,2426.00,2436.00,2418.00,day,1,2439.50,2419.50,2430.00,2436.00,2422.00,in_value
2017-08-22,2.00,start,migration,0.00,,,,1146,2017-08-22,1,2454.00,2432.75,2446.00,2452.00,2442.00,composite,2,2439.50,2415.75,2426.00,2436.00,2418.00,in_value
2017-08-23,2.00,added,,0.67,0.54,False,1.00,1146,2017-08-22,2,2454.00,2432.75,2444.00,2450.00,2440.00,day,1,2454.00,2432.75,2446.00,2452.00,2442.00,below_value
2017-08-24,2.00,added,,0.60,0.46,False,1.00,1146,2017-08-22,3,2454.00,2432.75,2442.00,2448.00,2438.00,composite,2,2454.00,2432.75,2444.00,2450.00,2440.00,in_value
2017-08-25,2.00,added,,1.00,0.54,False,1.00,1146,2017-08-22,4,2454.00,2432.75,2444.00,2450.00,2440.00,composite,3,2454.00,2432.75,2442.00,2448.00,2438.00,in_value
2017-08-28,2.00,added,,0.67,0.46,False,1.00,1146,2017-08-22,5,2454.00,2432.75,2442.00,2448.00,2438.00,composite,4,2454.00,2432.75,2444.00,2450.00,2440.00,in_value
2017-08-29,2.00,skipped_daytype,,0.71,,,,1146,2017-08-22,5,2454.00,2432.75,2442.00,2448.00,2438.00,composite,5,2454.00,2432.75,2442.00,2448.00,2438.00,below_range
2017-08-30,2.00,start,migration,0.00,,,,1147,2017-08-30,1,2459.75,2442.75,2456.00,2459.75,2448.00,composite,5,2454.00,2432.75,2442.00,2448.00,2438.00,in_value
2017-08-31,2.00,start,migration,0.00,,,,1148,2017-08-31,1,2474.25,2462.50,2468.00,2470.00,2464.00,day,1,2459.75,2442.75,2456.00,2459.75,2448.00,above_range
2017-09-01,2.00,start,migration,0.00,,,,1149,2017-09-01,1,2479.75,2473.00,2476.00,2479.75,2476.00,day,1,2474.25,2462.50,2468.00,2470.00,2464.00,above_range
2017-09-05,2.00,start,migration,0.00,,,,1150,2017-09-05,1,2471.25,2445.50,2452.00,2466.00,2448.00,day,1,2479.75,2473.00,2476.00,2479.75,2476.00,below_range
2017-09-06,2.00,added,,0.67,0.75,False,0.60,1150,2017-09-05,2,2471.25,2445.50,2464.00,2470.00,2456.00,day,1,2471.25,2445.50,2452.00,2466.00,2448.00,in_value
2017-09-07,2.00,added,,1.00,0.75,False,1.00,1150,2017-09-05,3,2471.25,2445.50,2464.00,2470.00,2460.00,composite,2,2471.25,2445.50,2464.00,2470.00,2456.00,in_value
2017-09-08,2.00,added,,0.73,0.68,False,1.00,1150,2017-09-05,4,2471.25,2445.50,2462.00,2468.00,2458.00,composite,3,2471.25,2445.50,2464.00,2470.00,2460.00,in_value
2017-09-11,2.00,start,migration,0.00,,,,1151,2017-09-11,1,2487.00,2474.00,2484.00,2486.00,2476.00,composite,4,2469.50,2443.75,2460.25,2466.25,2456.25,above_range
2017-09-12,2.00,start,migration,0.00,,,,1152,2017-09-12,1,2494.50,2487.75,2490.00,2494.50,2490.00,day,1,2487.00,2474.00,2484.00,2486.00,2476.00,above_range
2017-09-13,2.00,added,,0.71,0.70,False,0.33,1152,2017-09-12,2,2495.50,2487.75,2492.00,2494.00,2488.00,day,1,2494.50,2487.75,2490.00,2494.50,2490.00,in_value
2017-09-14,2.00,start,migration,0.47,,,,1153,2017-09-14,1,2496.25,2489.00,2492.00,2496.25,2492.00,composite,2,2495.50,2487.75,2492.00,2494.00,2488.00,in_value
2017-09-15,2.00,added,,0.56,0.58,False,0.33,1153,2017-09-14,2,2498.00,2489.00,2494.00,2496.00,2490.00,day,1,2496.25,2489.00,2492.00,2496.25,2492.00,in_value
2017-09-18,2.00,start,migration,0.00,,,,1154,2017-09-18,1,2506.00,2497.75,2502.00,2506.00,2498.00,composite,2,2498.00,2489.00,2494.00,2496.00,2490.00,above_range
2017-09-19,2.00,added,,1.00,0.75,False,0.33,1154,2017-09-18,2,2506.00,2497.75,2504.00,2506.00,2500.00,day,1,2506.00,2497.75,2502.00,2506.00,2498.00,in_value
2017-09-20,2.00,skipped_shape,,0.83,0.79,False,0.33,1154,2017-09-18,2,2506.00,2497.75,2504.00,2506.00,2500.00,composite,2,2506.00,2497.75,2504.00,2506.00,2500.00,in_value
2017-09-21,2.00,added,,1.00,0.58,False,0.33,1154,2017-09-18,3,2506.00,2496.50,2502.00,2504.00,2498.00,composite,2,2506.00,2497.75,2504.00,2506.00,2500.00,in_value
2017-09-22,2.00,start,migration,0.48,,,,1155,2017-09-22,1,2501.00,2494.75,2496.00,2501.00,2494.75,composite,3,2506.00,2496.50,2502.00,2504.00,2498.00,below_range
2017-09-25,2.00,start,migration,0.12,,,,1156,2017-09-25,1,2500.00,2485.00,2490.00,2496.00,2486.00,day,1,2501.00,2494.75,2496.00,2501.00,2494.75,in_value
2017-09-26,2.00,start,migration,0.00,,,,1157,2017-09-26,1,2501.25,2492.25,2496.00,2501.25,2496.00,day,1,2500.00,2485.00,2490.00,2496.00,2486.00,above_value
2017-09-27,2.00,added,,0.53,0.28,False,1.00,1157,2017-09-26,2,2509.25,2492.25,2496.00,2502.00,2492.25,day,1,2501.25,2492.25,2496.00,2501.25,2496.00,above_range
2017-09-28,2.00,start,migration,0.00,,,,1158,2017-09-28,1,2508.25,2500.00,2504.00,2508.25,2504.00,composite,2,2509.25,2492.25,2496.00,2502.00,2492.25,in_value
2017-09-29,2.00,start,migration,0.03,,,,1159,2017-09-29,1,2517.00,2504.75,2512.00,2517.00,2508.00,day,1,2508.25,2500.00,2504.00,2508.25,2504.00,in_value
2017-10-02,2.00,start,migration,0.00,,,,1160,2017-10-02,1,2526.75,2517.50,2522.00,2526.75,2522.00,day,1,2517.00,2504.75,2512.00,2517.00,2508.00,above_range
2017-10-03,2.00,start,migration,0.23,,,,1161,2017-10-03,1,2532.50,2525.75,2528.00,2530.00,2525.75,day,1,2526.75,2517.50,2522.00,2526.75,2522.00,above_range
2017-10-04,2.00,start,migration,0.00,,,,1162,2017-10-04,1,2538.00,2529.00,2534.00,2536.00,2530.00,day,1,2532.50,2525.75,2528.00,2530.00,2525.75,in_value
2017-10-05,2.00,start,migration,0.00,,,,1163,2017-10-05,1,2550.00,2537.25,2548.00,2550.00,2540.00,day,1,2538.00,2529.00,2534.00,2536.00,2530.00,above_range
2017-10-06,2.00,added,,1.00,0.56,False,1.00,1163,2017-10-05,2,2550.00,2537.25,2544.00,2550.00,2540.00,day,1,2550.00,2537.25,2548.00,2550.00,2540.00,in_value
2017-10-09,2.00,added,,1.00,0.56,False,1.00,1163,2017-10-05,3,2550.00,2537.25,2544.00,2550.00,2540.00,composite,2,2550.00,2537.25,2544.00,2550.00,2540.00,in_value
2017-10-10,2.00,added,,1.00,0.61,False,0.33,1163,2017-10-05,4,2553.25,2537.25,2546.00,2548.00,2542.00,composite,3,2550.00,2537.25,2544.00,2550.00,2540.00,in_value
2017-10-11,2.00,start,migration,0.00,,,,1164,2017-10-11,1,2553.25,2546.00,2548.00,2553.25,2548.00,composite,4,2553.25,2537.25,2546.00,2548.00,2542.00,in_value
2017-10-12,2.00,added,,1.00,0.62,False,0.33,1164,2017-10-11,2,2553.25,2546.00,2550.00,2552.00,2546.00,day,1,2553.25,2546.00,2548.00,2553.25,2548.00,in_value
2017-10-13,2.00,start,migration,0.00,,,,1165,2017-10-13,1,2555.50,2550.25,2552.00,2555.50,2552.00,composite,2,2553.25,2546.00,2550.00,2552.00,2546.00,above_range
2017-10-16,2.00,added,,0.61,0.38,False,0.33,1165,2017-10-13,2,2557.75,2550.25,2552.00,2557.75,2552.00,day,1,2555.50,2550.25,2552.00,2555.50,2552.00,in_value
2017-10-17,2.00,added,,1.00,0.62,False,0.33,1165,2017-10-13,3,2557.75,2550.25,2554.00,2556.00,2550.25,composite,2,2557.75,2550.25,2552.00,2557.75,2552.00,in_value
2017-10-18,2.00,start,migration,0.00,,,,1166,2017-10-18,1,2562.00,2557.25,2560.00,2562.00,2557.25,composite,3,2557.75,2550.25,2554.00,2556.00,2550.25,above_range
2017-10-19,2.00,start,migration,0.28,,,,1167,2017-10-19,1,2560.50,2545.25,2554.00,2560.00,2550.00,day,1,2562.00,2557.25,2560.00,2562.00,2557.25,below_range
2017-10-20,2.00,start,migration,0.00,,,,1168,2017-10-20,1,2573.25,2566.00,2568.00,2573.25,2568.00,day,1,2560.50,2545.25,2554.00,2560.00,2550.00,above_range
2017-10-23,2.00,added,,0.53,0.56,False,1.00,1168,2017-10-20,2,2576.75,2562.00,2570.00,2576.00,2566.00,day,1,2573.25,2566.00,2568.00,2573.25,2568.00,above_range
2017-10-24,2.00,added,,1.00,0.44,False,1.00,1168,2017-10-20,3,2576.75,2562.00,2568.00,2574.00,2564.00,composite,2,2576.75,2562.00,2570.00,2576.00,2566.00,in_value
2017-10-25,2.00,start,migration,0.00,,,,1169,2017-10-25,1,2565.00,2541.50,2552.00,2558.00,2544.00,composite,3,2576.75,2562.00,2568.00,2574.00,2564.00,below_value
2017-10-26,2.00,start,migration,0.00,,,,1170,2017-10-26,1,2565.00,2557.25,2560.00,2565.00,2560.00,day,1,2565.00,2541.50,2552.00,2558.00,2544.00,above_value
2017-10-27,2.00,start,migration,0.00,,,,1171,2017-10-27,1,2580.75,2563.25,2576.00,2580.75,2572.00,day,1,2565.00,2557.25,2560.00,2565.00,2560.00,above_range
2017-10-30,2.00,start,migration,0.00,,,,1172,2017-10-30,1,2577.50,2565.50,2570.00,2572.00,2566.00,day,1,2580.75,2563.25,2576.00,2580.75,2572.00,in_value
2017-10-31,2.00,start,migration,0.00,,,,1173,2017-10-31,1,2575.50,2569.00,2572.00,2575.50,2572.00,day,1,2577.50,2565.50,2570.00,2572.00,2566.00,above_value
2017-11-01,2.00,start,migration,0.15,,,,1174,2017-11-01,1,2585.50,2571.50,2578.00,2584.00,2574.00,day,1,2575.50,2569.00,2572.00,2575.50,2572.00,above_range
2017-11-02,2.00,start,migration,0.40,,,,1175,2017-11-02,1,2578.25,2562.25,2572.00,2578.00,2568.00,day,1,2585.50,2571.50,2578.00,2584.00,2574.00,in_value
2017-11-03,2.00,start,migration,0.40,,,,1176,2017-11-03,1,2585.50,2573.50,2582.00,2584.00,2574.00,day,1,2578.25,2562.25,2572.00,2578.00,2568.00,above_value
2017-11-06,2.00,start,migration,0.00,,,,1177,2017-11-06,1,2590.00,2582.25,2586.00,2590.00,2586.00,day,1,2585.50,2573.50,2582.00,2584.00,2574.00,in_value
2017-11-07,2.00,start,migration,0.43,,,,1178,2017-11-07,1,2593.50,2580.75,2584.00,2590.00,2580.75,day,1,2590.00,2582.25,2586.00,2590.00,2586.00,in_value
2017-11-08,2.00,added,,0.71,0.36,False,0.60,1178,2017-11-07,2,2593.50,2580.75,2584.00,2593.50,2580.75,day,1,2593.50,2580.75,2584.00,2590.00,2580.75,in_value
2017-11-09,2.00,start,migration,0.09,,,,1179,2017-11-09,1,2583.75,2563.25,2576.00,2582.00,2568.00,composite,2,2593.50,2580.75,2584.00,2593.50,2580.75,below_range
2017-11-10,2.00,added,,1.00,0.68,False,1.00,1179,2017-11-09,2,2583.75,2563.25,2576.00,2582.00,2572.00,day,1,2583.75,2563.25,2576.00,2582.00,2568.00,in_value
2017-11-13,2.00,added,,0.67,0.71,False,1.00,1179,2017-11-09,3,2585.50,2563.25,2578.00,2584.00,2574.00,composite,2,2583.75,2563.25,2576.00,2582.00,2572.00,in_value
2017-11-14,2.00,added,,0.52,0.62,False,1.00,1179,2017-11-09,4,2585.50,2563.25,2576.00,2582.00,2572.00,composite,3,2585.50,2563.25,2578.00,2584.00,2574.00,below_value
2017-11-15,2.00,start,migration,0.00,,,,1180,2017-11-15,1,2571.50,2555.50,2566.00,2571.50,2562.00,composite,4,2585.50,2563.25,2576.00,2582.00,2572.00,below_value
2017-11-16,2.00,start,migration,0.00,,,,1181,2017-11-16,1,2589.50,2573.75,2584.00,2589.50,2580.00,day,1,2571.50,2555.50,2566.00,2571.50,2562.00,above_range
2017-11-17,2.00,start,migration,0.35,,,,1182,2017-11-17,1,2583.25,2576.25,2580.00,2582.00,2576.25,day,1,2589.50,2573.75,2584.00,2589.50,2580.00,in_value
2017-11-20,2.00,start,migration,0.50,,,,1183,2017-11-20,1,2584.00,2577.00,2580.00,2584.00,2580.00,day,1,2583.25,2576.25,2580.00,2582.00,2576.25,in_value
2017-11-21,2.00,start,migration,0.00,,,,1184,2017-11-21,1,2600.50,2589.25,2598.00,2600.00,2594.00,day,1,2584.00,2577.00,2580.00,2584.00,2580.00,above_range
2017-11-22,2.00,added,,0.94,0.64,False,0.33,1184,2017-11-21,2,2600.50,2589.25,2596.00,2600.50,2596.00,day,1,2600.50,2589.25,2598.00,2600.00,2594.00,in_value
2017-11-24,2.00,start,migration,0.17,,,,1185,2017-11-24,1,2603.00,2599.25,2600.00,2603.00,2600.00,composite,2,2600.50,2589.25,2596.00,2600.50,2596.00,in_value
2017-11-27,2.00,added,,0.55,0.50,False,0.33,1185,2017-11-24,2,2605.50,2597.75,2600.00,2605.50,2600.00,day,1,2603.00,2599.25,2600.00,2603.00,2600.00,in_value
2017-11-28,2.00,start,migration,0.00,,,,1186,2017-11-28,1,2627.00,2604.25,2614.00,2620.00,2606.00,composite,2,2605.50,2597.75,2600.00,2605.50,2600.00,above_range
2017-11-29,2.00,start,migration,0.00,,,,1187,2017-11-29,1,2634.25,2619.75,2624.00,2630.00,2620.00,day,1,2627.00,2604.25,2614.00,2620.00,2606.00,above_range
2017-11-30,2.00,start,migration,0.00,,,,1188,2017-11-30,1,2658.50,2634.50,2646.00,2652.00,2638.00,day,1,2634.25,2619.75,2624.00,2630.00,2620.00,above_range
2017-12-01,2.00,skipped_shape,,0.52,0.77,False,0.33,1188,2017-11-30,1,2658.50,2634.50,2646.00,2652.00,2638.00,day,1,2658.50,2634.50,2646.00,2652.00,2638.00,in_value
2017-12-04,2.00,start,migration,0.29,,,,1189,2017-12-04,1,2665.25,2638.25,2656.00,2662.00,2648.00,day,1,2650.75,2605.00,2634.00,2650.75,2626.00,above_range
2017-12-05,2.00,start,migration,0.00,,,,1190,2017-12-05,1,2648.75,2627.50,2638.00,2648.00,2634.00,day,1,2665.25,2638.25,2656.00,2662.00,2648.00,below_value
2017-12-06,2.00,start,migration,0.00,,,,1191,2017-12-06,1,2634.50,2624.00,2630.00,2632.00,2626.00,day,1,2648.75,2627.50,2638.00,2648.00,2634.00,below_range
2017-12-07,2.00,start,migration,0.00,,,,1192,2017-12-07,1,2641.25,2626.25,2636.00,2641.25,2632.00,day,1,2634.50,2624.00,2630.00,2632.00,2626.00,in_value
2017-12-08,2.00,start,migration,0.00,,,,1193,2017-12-08,1,2652.25,2644.00,2648.00,2650.00,2644.00,day,1,2641.25,2626.25,2636.00,2641.25,2632.00,above_range
2017-12-11,2.00,start,migration,0.00,,,,1194,2017-12-11,1,2664.00,2654.50,2658.00,2664.00,2658.00,day,1,2655.25,2647.00,2651.00,2653.00,2647.00,above_range
2017-12-12,2.00,start,migration,0.00,,,,1195,2017-12-12,1,2673.00,2663.25,2670.00,2673.00,2666.00,day,1,2664.00,2654.50,2658.00,2664.00,2658.00,above_range
2017-12-13,2.00,added,,0.83,0.64,False,1.00,1195,2017-12-12,2,2675.50,2663.25,2670.00,2675.50,2666.00,day,1,2673.00,2663.25,2670.00,2673.00,2666.00,in_value
2017-12-14,2.00,start,migration,0.29,,,,1196,2017-12-14,1,2671.25,2654.75,2668.00,2670.00,2656.00,composite,2,2675.50,2663.25,2670.00,2675.50,2666.00,in_value
2017-12-15,2.00,start,migration,0.00,,,,1197,2017-12-15,1,2682.75,2666.00,2678.00,2682.75,2674.00,day,1,2671.25,2654.75,2668.00,2670.00,2656.00,in_value
2017-12-18,2.00,start,migration,0.00,,,,1198,2017-12-18,1,2698.00,2691.50,2694.00,2698.00,2694.00,day,1,2682.75,2666.00,2678.00,2682.75,2674.00,above_range
2017-12-19,2.00,start,migration,0.00,,,,1199,2017-12-19,1,2697.50,2683.00,2688.00,2694.00,2684.00,day,1,2698.00,2691.50,2694.00,2698.00,2694.00,in_value
2017-12-20,2.00,added,,0.60,0.35,False,1.00,1199,2017-12-19,2,2697.50,2679.00,2684.00,2690.00,2680.00,day,1,2697.50,2683.00,2688.00,2694.00,2684.00,above_value
2017-12-21,2.00,start,migration,0.33,,,,1200,2017-12-21,1,2696.00,2684.75,2692.00,2694.00,2688.00,composite,2,2697.50,2679.00,2684.00,2690.00,2680.00,in_value
2017-12-22,2.00,start,migration,0.27,,,,1201,2017-12-22,1,2689.50,2682.25,2684.00,2689.50,2684.00,day,1,2696.00,2684.75,2692.00,2694.00,2688.00,in_value
2017-12-26,2.00,added,,1.00,0.38,False,0.33,1201,2017-12-22,2,2689.50,2682.25,2684.00,2689.50,2684.00,day,1,2689.50,2682.25,2684.00,2689.50,2684.00,in_value
2017-12-27,2.00,added,,0.65,0.42,False,0.33,1201,2017-12-22,3,2691.00,2681.50,2684.00,2690.00,2684.00,composite,2,2689.50,2682.25,2684.00,2689.50,2684.00,in_value
2017-12-28,2.00,added,,0.67,0.42,False,0.33,1201,2017-12-22,4,2691.00,2681.50,2684.00,2690.00,2684.00,composite,3,2691.00,2681.50,2684.00,2690.00,2684.00,in_value
2017-12-29,2.00,skipped_daytype,,0.60,,,,1201,2017-12-22,4,2691.00,2681.50,2684.00,2690.00,2684.00,composite,4,2691.00,2681.50,2684.00,2690.00,2684.00,above_range
2018-01-02,2.00,added,,0.67,0.28,False,0.33,1201,2017-12-22,5,2696.00,2681.50,2684.00,2690.00,2684.00,composite,4,2691.00,2681.50,2684.00,2690.00,2684.00,in_value
2018-01-03,2.00,start,migration,0.00,,,,1202,2018-01-03,1,2714.25,2697.00,2706.00,2712.00,2702.00,composite,5,2696.00,2681.50,2684.00,2690.00,2684.00,above_range
2018-01-04,2.00,start,migration,0.00,,,,1203,2018-01-04,1,2729.00,2718.25,2724.00,2729.00,2724.00,day,1,2714.25,2697.00,2706.00,2712.00,2702.00,above_range
2018-01-05,2.00,start,migration,0.10,,,,1204,2018-01-05,1,2743.00,2726.50,2732.00,2738.00,2728.00,day,1,2729.00,2718.25,2724.00,2729.00,2724.00,above_range
2018-01-08,2.00,start,migration,0.00,,,,1205,2018-01-08,1,2748.50,2737.00,2742.00,2748.00,2738.00,day,1,2743.00,2726.50,2732.00,2738.00,2728.00,above_value
2018-01-09,2.00,start,migration,0.00,,,,1206,2018-01-09,1,2760.00,2748.00,2756.00,2760.00,2752.00,day,1,2748.50,2737.00,2742.00,2748.00,2738.00,above_range
2018-01-10,2.00,start,migration,0.00,,,,1207,2018-01-10,1,2751.75,2736.50,2746.00,2751.75,2742.00,day,1,2760.00,2748.00,2756.00,2760.00,2752.00,below_range
2018-01-11,2.00,start,migration,0.00,,,,1208,2018-01-11,1,2768.50,2752.75,2762.00,2764.00,2754.00,day,1,2751.75,2736.50,2746.00,2751.75,2742.00,above_range
2018-01-12,2.00,start,migration,0.00,,,,1209,2018-01-12,1,2788.75,2770.00,2784.00,2788.75,2776.00,day,1,2768.50,2752.75,2762.00,2764.00,2754.00,above_range
2018-01-16,2.00,start,migration,0.26,,,,1210,2018-01-16,1,2808.50,2769.25,2790.00,2808.00,2782.00,day,1,2788.75,2770.00,2784.00,2788.75,2776.00,above_range
2018-01-17,2.00,skipped_daytype,,0.93,,,,1210,2018-01-16,1,2808.50,2769.25,2790.00,2808.00,2782.00,day,1,2808.50,2769.25,2790.00,2808.00,2782.00,in_value
2018-01-18,2.00,skipped_shape,,1.00,0.79,False,0.43,1210,2018-01-16,1,2808.50,2769.25,2790.00,2808.00,2782.00,day,1,2809.50,2780.50,2788.00,2802.00,2780.50,above_value
2018-01-19,2.00,skipped_shape,,0.80,0.80,False,0.33,1210,2018-01-16,1,2808.50,2769.25,2790.00,2808.00,2782.00,day,1,2807.75,2793.75,2800.00,2806.00,2796.00,in_value
2018-01-22,2.00,start,migration,0.00,,,,1211,2018-01-22,1,2835.50,2809.25,2826.00,2828.00,2814.00,day,1,2812.75,2799.50,2804.00,2810.00,2800.00,in_value
2018-01-23,2.00,start,migration,0.00,,,,1212,2018-01-23,1,2844.75,2832.00,2840.00,2842.00,2836.00,day,1,2835.50,2809.25,2826.00,2828.00,2814.00,above_value
2018-01-24,2.00,start,migration,0.33,,,,1213,2018-01-24,1,2855.25,2825.50,2840.00,2850.00,2832.00,day,1,2844.75,2832.00,2840.00,2842.00,2836.00,above_range
2018-01-25,2.00,added,,1.00,0.53,False,0.60,1213,2018-01-24,2,2855.25,2825.50,2840.00,2846.00,2832.00,day,1,2855.25,2825.50,2840.00,2850.00,2832.00,in_value
2018-01-26,2.00,start,migration,0.00,,,,1214,2018-01-26,1,2873.25,2846.50,2852.00,2862.00,2848.00,composite,2,2855.25,2825.50,2840.00,2846.00,2832.00,above_value
2018-01-29,2.00,added,,0.60,0.61,False,0.60,1214,2018-01-26,2,2873.25,2846.50,2862.00,2868.00,2854.00,day,1,2873.25,2846.50,2852.00,2862.00,2848.00,above_value
2018-01-30,2.00,start,migration,0.00,,,,1215,2018-01-30,1,2839.50,2818.50,2826.00,2832.00,2822.00,composite,2,2873.25,2846.50,2862.00,2868.00,2854.00,below_range
2018-01-31,2.00,added,,0.71,0.61,False,0.60,1215,2018-01-30,2,2839.75,2813.00,2828.00,2834.00,2820.00,day,1,2839.50,2818.50,2826.00,2832.00,2822.00,above_value
2018-02-01,2.00,added,,0.67,0.54,False,0.60,1215,2018-01-30,3,2839.75,2812.50,2826.00,2836.00,2822.00,composite,2,2839.75,2813.00,2828.00,2834.00,2820.00,below_value
2018-02-02,2.00,start,migration,0.00,,,,1216,2018-02-02,1,2807.75,2758.75,2794.00,2804.00,2774.00,composite,3,2839.75,2812.50,2826.00,2836.00,2822.00,below_range
2018-02-05,2.00,start,migration,0.00,,,,1217,2018-02-05,1,2763.00,2635.50,2736.00,2763.00,2684.00,day,1,2807.75,2758.75,2794.00,2804.00,2774.00,below_range
2018-02-06,2.00,start,migration,0.00,,,,1218,2018-02-06,1,2699.75,2589.00,2644.00,2670.00,2624.00,day,1,2763.00,2635.50,2736.00,2763.00,2684.00,below_range
2018-02-07,2.00,start,migration,0.00,,,,1219,2018-02-07,1,2726.75,2678.75,2702.00,2716.00,2690.00,day,1,2699.75,2589.00,2644.00,2670.00,2624.00,above_value
2018-02-08,2.00,start,migration,0.00,,,,1220,2018-02-08,1,2684.00,2577.00,2630.00,2656.00,2614.00,day,1,2726.75,2678.75,2702.00,2716.00,2690.00,below_value
2018-02-09,2.00,start,migration,0.00,,,,1221,2018-02-09,1,2637.75,2530.25,2596.00,2606.00,2556.00,day,1,2684.00,2577.00,2630.00,2656.00,2614.00,below_value
2018-02-12,2.00,start,migration,0.00,,,,1222,2018-02-12,1,2671.50,2620.00,2652.00,2666.00,2636.00,day,1,2637.75,2530.25,2596.00,2606.00,2556.00,above_range
2018-02-13,2.00,skipped_daytype,,1.00,,,,1222,2018-02-12,1,2671.50,2620.00,2652.00,2666.00,2636.00,day,1,2671.50,2620.00,2652.00,2666.00,2636.00,in_value
2018-02-14,2.00,start,migration,0.00,,,,1223,2018-02-14,1,2701.75,2642.75,2674.00,2696.00,2666.00,day,1,2667.50,2634.25,2646.00,2660.00,2638.00,in_value
2018-02-15,2.00,start,migration,0.00,,,,1224,2018-02-15,1,2731.75,2688.50,2708.00,2726.00,2704.00,day,1,2701.75,2642.75,2674.00,2696.00,2666.00,above_range
2018-02-16,2.00,start,migration,0.00,,,,1225,2018-02-16,1,2754.75,2723.75,2740.00,2746.00,2728.00,day,1,2731.75,2688.50,2708.00,2726.00,2704.00,in_value
2018-02-20,2.00,start,migration,0.33,,,,1226,2018-02-20,1,2737.75,2705.75,2720.00,2734.00,2716.00,day,1,2754.75,2723.75,2740.00,2746.00,2728.00,below_range
2018-02-21,2.00,added,,0.89,0.65,False,0.43,1226,2018-02-20,2,2747.75,2700.25,2730.00,2736.00,2718.00,day,1,2737.75,2705.75,2720.00,2734.00,2716.00,in_value
2018-02-22,2.00,start,migration,0.44,,,,1227,2018-02-22,1,2731.00,2696.50,2716.00,2726.00,2708.00,composite,2,2747.75,2700.25,2730.00,2736.00,2718.00,below_value
2018-02-23,2.00,added,,0.67,0.52,False,0.43,1227,2018-02-22,2,2747.50,2696.50,2722.00,2728.00,2710.00,day,1,2731.00,2696.50,2716.00,2726.00,2708.00,in_value
2018-02-26,2.00,start,migration,0.00,,,,1228,2018-02-26,1,2780.50,2752.75,2772.00,2774.00,2756.00,composite,2,2747.50,2696.50,2722.00,2728.00,2710.00,above_range
2018-02-27,2.00,added,,0.69,0.48,False,0.71,1228,2018-02-26,2,2789.75,2743.50,2764.00,2778.00,2756.00,day,1,2780.50,2752.75,2772.00,2774.00,2756.00,above_range
2018-02-28,2.00,start,migration,0.23,,,,1229,2018-02-28,1,2762.00,2712.50,2748.00,2762.00,2736.00,composite,2,2789.75,2743.50,2764.00,2778.00,2756.00,in_value
2018-03-01,2.00,start,migration,0.00,,,,1230,2018-03-01,1,2731.00,2658.50,2706.00,2724.00,2678.00,day,1,2762.00,2712.50,2748.00,2762.00,2736.00,below_value
2018-03-02,2.00,start,migration,0.15,,,,1231,2018-03-02,1,2696.00,2647.00,2672.00,2682.00,2656.00,day,1,2731.00,2658.50,2706.00,2724.00,2678.00,below_range
2018-03-05,2.00,start,migration,0.00,,,,1232,2018-03-05,1,2727.75,2674.50,2712.00,2727.75,2700.00,day,1,2696.00,2647.00,2672.00,2682.00,2656.00,in_value
2018-03-06,2.00,skipped_shape,,0.84,0.78,False,1.00,1232,2018-03-05,1,2727.75,2674.50,2712.00,2727.75,2700.00,day,1,2727.75,2674.50,2712.00,2727.75,2700.00,above_range
2018-03-07,2.00,added,,1.00,0.71,False,1.00,1232,2018-03-05,2,2730.25,2674.50,2714.00,2724.00,2706.00,day,1,2732.75,2710.25,2720.00,2730.00,2716.00,below_range
2018-03-08,2.00,start,migration,0.00,,,,1233,2018-03-08,1,2740.50,2722.00,2728.00,2734.00,2724.00,composite,2,2730.25,2674.50,2714.00,2724.00,2706.00,above_range
2018-03-09,2.00,start,migration,0.00,,,,1234,2018-03-09,1,2787.00,2751.50,2774.00,2784.00,2762.00,day,1,2740.50,2722.00,2728.00,2734.00,2724.00,above_range
2018-03-12,2.00,start,migration,0.20,,,,1235,2018-03-12,1,2797.25,2779.00,2786.00,2792.00,2782.00,day,1,2787.00,2751.50,2774.00,2784.00,2762.00,above_range
2018-03-13,2.00,start,migration,0.15,,,,1236,2018-03-13,1,2802.50,2758.50,2780.00,2786.00,2760.00,day,1,2797.25,2779.00,2786.00,2792.00,2782.00,above_value
2018-03-14,2.00,start,migration,0.00,,,,1237,2018-03-14,1,2782.50,2748.25,2754.00,2768.00,2750.00,day,1,2806.75,2762.75,2784.25,2790.25,2764.25,in_value
2018-03-15,2.00,added,,1.00,0.28,False,0.60,1237,2018-03-14,2,2782.50,2745.75,2754.00,2764.00,2750.00,day,1,2782.50,2748.25,2754.00,2768.00,2750.00,in_value
2018-03-16,2.00,added,,1.00,0.38,False,0.60,1237,2018-03-14,3,2782.50,2745.75,2758.00,2764.00,2750.00,composite,2,2782.50,2745.75,2754.00,2764.00,2750.00,in_value
2018-03-19,2.00,start,migration,0.00,,,,1238,2018-03-19,1,2745.25,2697.25,2712.00,2726.00,2700.00,composite,3,2782.50,2745.75,2758.00,2764.00,2750.00,below_range
2018-03-20,2.00,added,,1.00,0.46,False,0.71,1238,2018-03-19,2,2745.25,2697.25,2718.00,2728.00,2706.00,day,1,2745.25,2697.25,2712.00,2726.00,2700.00,in_value
2018-03-21,2.00,added,,0.57,0.46,False,0.71,1238,2018-03-19,3,2745.25,2697.25,2718.00,2732.00,2710.00,composite,2,2745.25,2697.25,2718.00,2728.00,2706.00,in_value
2018-03-22,2.00,start,migration,0.00,,,,1239,2018-03-22,1,2698.25,2642.00,2672.00,2690.00,2668.00,composite,3,2745.25,2697.25,2718.00,2732.00,2710.00,below_range
2018-03-23,2.00,start,migration,0.00,,,,1240,2018-03-23,1,2658.75,2586.00,2634.00,2656.00,2626.00,day,1,2698.25,2642.00,2672.00,2690.00,2668.00,below_value
2018-03-26,2.00,start,migration,0.47,,,,1241,2018-03-26,1,2662.75,2602.00,2628.00,2642.00,2608.00,day,1,2658.75,2586.00,2634.00,2656.00,2626.00,in_value
2018-03-27,2.00,start,migration,0.00,,,,1242,2018-03-27,1,2676.00,2596.00,2660.00,2676.00,2644.00,day,1,2662.75,2602.00,2628.00,2642.00,2608.00,above_range
2018-03-28,2.00,start,migration,0.00,,,,1243,2018-03-28,1,2633.75,2593.00,2610.00,2620.00,2602.00,day,1,2676.00,2596.00,2660.00,2676.00,2644.00,below_value
2018-03-29,2.00,start,migration,0.00,,,,1244,2018-03-29,1,2659.50,2609.25,2634.00,2656.00,2626.00,day,1,2633.75,2593.00,2610.00,2620.00,2602.00,in_value
2018-04-02,2.00,start,migration,0.00,,,,1245,2018-04-02,1,2638.00,2552.00,2574.00,2596.00,2554.00,day,1,2659.50,2609.25,2634.00,2656.00,2626.00,in_value
2018-04-03,2.00,added,,0.67,0.42,False,0.54,1245,2018-04-02,2,2638.00,2552.00,2588.00,2602.00,2564.00,day,1,2638.00,2552.00,2574.00,2596.00,2554.00,in_value
2018-04-04,2.00,skipped_daytype,,0.53,,,,1245,2018-04-02,2,2638.00,2552.00,2588.00,2602.00,2564.00,composite,2,2638.00,2552.00,2588.00,2602.00,2564.00,in_value
2018-04-05,2.00,start,migration,0.00,,,,1246,2018-04-05,1,2672.25,2649.00,2660.00,2670.00,2656.00,composite,2,2638.00,2552.00,2588.00,2602.00,2564.00,above_range
2018-04-06,2.00,start,migration,0.00,,,,1247,2018-04-06,1,2656.75,2584.50,2630.00,2656.00,2606.00,day,1,2672.25,2649.00,2660.00,2670.00,2656.00,below_range
2018-04-09,2.00,added,,1.00,0.64,False,0.64,1247,2018-04-06,2,2656.75,2584.50,2630.00,2652.00,2618.00,day,1,2656.75,2584.50,2630.00,2656.00,2606.00,in_value
2018-04-10,2.00,start,migration,0.43,,,,1248,2018-04-10,1,2666.25,2635.00,2654.00,2660.00,2646.00,composite,2,2656.75,2584.50,2630.00,2652.00,2618.00,in_value
2018-04-11,2.00,added,,0.80,0.44,False,0.60,1248,2018-04-10,2,2666.25,2635.00,2648.00,2658.00,2644.00,day,1,2666.25,2635.00,2654.00,2660.00,2646.00,below_value
2018-04-12,2.00,start,migration,0.00,,,,1249,2018-04-12,1,2675.00,2655.00,2666.00,2672.00,2662.00,composite,2,2666.25,2635.00,2648.00,2658.00,2644.00,in_value
2018-04-13,2.00,start,migration,0.43,,,,1250,2018-04-13,1,2680.50,2644.75,2662.00,2668.00,2654.00,day,1,2675.00,2655.00,2666.00,2672.00,2662.00,above_range
2018-04-16,2.00,start,migration,0.00,,,,1251,2018-04-16,1,2687.00,2666.00,2676.00,2686.00,2672.00,day,1,2680.50,2644.75,2662.00,2668.00,2654.00,above_value
2018-04-17,2.00,start,migration,0.00,,,,1252,2018-04-17,1,2713.75,2692.50,2704.00,2710.00,2700.00,day,1,2687.00,2666.00,2676.00,2686.00,2672.00,above_range
2018-04-18,2.00,start,migration,0.00,,,,1253,2018-04-18,1,2718.00,2703.75,2712.00,2718.00,2712.00,day,1,2713.75,2692.50,2704.00,2710.00,2700.00,above_value
2018-04-19,2.00,start,migration,0.00,,,,1254,2018-04-19,1,2703.50,2681.50,2686.00,2700.00,2682.00,day,1,2718.00,2703.75,2712.00,2718.00,2712.00,below_range
2018-04-20,2.00,start,migration,0.00,,,,1255,2018-04-20,1,2694.75,2659.75,2670.00,2680.00,2662.00,day,1,2703.50,2681.50,2686.00,2700.00,2682.00,in_value
2018-04-23,2.00,added,,1.00,0.42,False,0.60,1255,2018-04-20,2,2694.75,2657.25,2672.00,2678.00,2664.00,day,1,2694.75,2659.75,2670.00,2680.00,2662.00,in_value
2018-04-24,2.00,start,migration,0.04,,,,1256,2018-04-24,1,2683.75,2616.00,2628.00,2666.00,2616.00,composite,2,2694.75,2657.25,2672.00,2678.00,2664.00,above_value
2018-04-25,2.00,added,,1.00,0.26,False,1.00,1256,2018-04-24,2,2683.75,2611.25,2628.00,2642.00,2616.00,day,1,2683.75,2616.00,2628.00,2666.00,2616.00,in_value
2018-04-26,2.00,start,migration,0.00,,,,1257,2018-04-26,1,2675.50,2645.50,2658.00,2672.00,2654.00,composite,2,2683.75,2611.25,2628.00,2642.00,2616.00,above_value
2018-04-27,2.00,added,,1.00,0.73,False,0.60,1257,2018-04-26,2,2676.25,2645.50,2668.00,2674.00,2660.00,day,1,2675.50,2645.50,2658.00,2672.00,2654.00,above_value
2018-04-30,2.00,start,migration,0.46,,,,1258,2018-04-30,1,2681.75,2645.75,2658.00,2672.00,2646.00,composite,2,2676.25,2645.50,2668.00,2674.00,2660.00,above_value
2018-05-01,2.00,start,migration,0.00,,,,1259,2018-05-01,1,2653.00,2623.25,2634.00,2644.00,2626.00,day,1,2681.75,2645.75,2658.00,2672.00,2646.00,below_range
2018-05-02,2.00,start,migration,0.29,,,,1260,2018-05-02,1,2658.50,2629.00,2648.00,2654.00,2640.00,day,1,2653.00,2623.25,2634.00,2644.00,2626.00,above_value
2018-05-03,2.00,start,migration,0.00,,,,1261,2018-05-03,1,2634.75,2591.25,2622.00,2632.00,2602.00,day,1,2658.50,2629.00,2648.00,2654.00,2640.00,below_range
2018-05-04,2.00,start,migration,0.00,,,,1262,2018-05-04,1,2669.50,2612.25,2656.00,2669.50,2640.00,day,1,2634.75,2591.25,2622.00,2632.00,2602.00,in_value
2018-05-07,2.00,start,migration,0.11,,,,1263,2018-05-07,1,2681.50,2662.50,2676.00,2681.50,2668.00,day,1,2669.50,2612.25,2656.00,2669.50,2640.00,above_range
2018-05-08,2.00,start,migration,0.20,,,,1264,2018-05-08,1,2674.25,2652.25,2664.00,2670.00,2660.00,day,1,2681.50,2662.50,2676.00,2681.50,2668.00,below_value
2018-05-09,2.00,start,migration,0.00,,,,1265,2018-05-09,1,2700.00,2672.00,2694.00,2700.00,2678.00,day,1,2674.25,2652.25,2664.00,2670.00,2660.00,above_range
2018-05-10,2.00,start,migration,0.00,,,,1266,2018-05-10,1,2725.00,2703.00,2720.00,2725.00,2708.00,day,1,2700.00,2672.00,2694.00,2700.00,2678.00,above_range
2018-05-11,2.00,added,,0.70,0.66,False,0.60,1266,2018-05-10,2,2732.50,2703.00,2722.00,2728.00,2714.00,day,1,2725.00,2703.00,2720.00,2725.00,2708.00,in_value
2018-05-14,2.00,start,migration,0.14,,,,1267,2018-05-14,1,2741.25,2724.25,2730.00,2740.00,2726.00,composite,2,2732.50,2703.00,2722.00,2728.00,2714.00,above_range
2018-05-15,2.00,start,migration,0.00,,,,1268,2018-05-15,1,2717.00,2700.50,2706.00,2712.00,2702.00,day,1,2741.25,2724.25,2730.00,2740.00,2726.00,below_range
2018-05-16,2.00,start,migration,0.00,,,,1269,2018-05-16,1,2728.00,2711.00,2724.00,2726.00,2712.00,day,1,2717.00,2700.50,2706.00,2712.00,2702.00,in_value
2018-05-17,2.00,added,,0.71,0.38,False,0.60,1269,2018-05-16,2,2732.00,2711.00,2718.00,2728.00,2714.00,day,1,2728.00,2711.00,2724.00,2726.00,2712.00,in_value
2018-05-18,2.00,added,,1.00,0.35,False,0.60,1269,2018-05-16,3,2732.00,2708.75,2716.00,2726.00,2712.00,composite,2,2732.00,2711.00,2718.00,2728.00,2714.00,in_value
2018-05-21,2.00,start,migration,0.00,,,,1270,2018-05-21,1,2739.25,2725.25,2732.00,2738.00,2728.00,composite,3,2732.00,2708.75,2716.00,2726.00,2712.00,above_value
2018-05-22,2.00,skipped_daytype,,0.80,,,,1270,2018-05-21,1,2739.25,2725.25,2732.00,2738.00,2728.00,day,1,2739.25,2725.25,2732.00,2738.00,2728.00,above_value
2018-05-23,2.00,start,migration,0.00,,,,1271,2018-05-23,1,2732.75,2708.50,2716.00,2726.00,2708.50,day,1,2741.75,2721.50,2734.00,2740.00,2730.00,below_range
2018-05-24,2.00,added,,0.71,0.37,False,0.43,1271,2018-05-23,2,2732.75,2705.75,2714.00,2728.00,2710.00,day,1,2732.75,2708.50,2716.00,2726.00,2708.50,above_value
2018-05-25,2.00,added,,1.00,0.43,False,0.60,1271,2018-05-23,3,2732.75,2705.75,2716.00,2726.00,2712.00,composite,2,2732.75,2705.75,2714.00,2728.00,2710.00,in_value
2018-05-29,2.00,start,migration,0.00,,,,1272,2018-05-29,1,2709.50,2675.00,2686.00,2696.00,2675.00,composite,3,2732.75,2705.75,2716.00,2726.00,2712.00,below_range
2018-05-30,2.00,start,migration,0.00,,,,1273,2018-05-30,1,2729.25,2701.75,2724.00,2729.25,2712.00,day,1,2709.50,2675.00,2686.00,2696.00,2675.00,above_value
2018-05-31,2.00,added,,0.57,0.53,False,0.43,1273,2018-05-30,2,2729.25,2699.75,2714.00,2720.00,2702.00,day,1,2729.25,2701.75,2724.00,2729.25,2712.00,in_value
2018-06-01,2.00,start,migration,0.00,,,,1274,2018-06-01,1,2737.00,2720.50,2732.00,2737.00,2728.00,composite,2,2729.25,2699.75,2714.00,2720.00,2702.00,above_value
2018-06-04,2.00,start,migration,0.00,,,,1275,2018-06-04,1,2749.25,2739.75,2744.00,2749.25,2744.00,day,1,2737.00,2720.50,2732.00,2737.00,2728.00,above_range
2018-06-05,2.00,start,migration,0.42,,,,1276,2018-06-05,1,2752.50,2739.00,2744.00,2752.50,2740.00,day,1,2749.25,2739.75,2744.00,2749.25,2744.00,in_value
2018-06-06,2.00,start,migration,0.25,,,,1277,2018-06-06,1,2772.00,2748.00,2760.00,2766.00,2748.00,day,1,2752.50,2739.00,2744.00,2752.50,2740.00,above_range
2018-06-07,2.00,start,migration,0.00,,,,1278,2018-06-07,1,2779.50,2760.00,2770.00,2776.00,2766.00,day,1,2772.00,2748.00,2760.00,2766.00,2748.00,above_range
2018-06-08,2.00,added,,0.76,0.45,False,0.60,1278,2018-06-07,2,2779.50,2760.00,2768.00,2778.00,2764.00,day,1,2779.50,2760.00,2770.00,2776.00,2766.00,below_value
2018-06-11,2.00,start,migration,0.00,,,,1279,2018-06-11,1,2790.50,2779.25,2784.00,2790.00,2780.00,composite,2,2779.50,2760.00,2768.00,2778.00,2764.00,above_range
2018-06-12,2.00,added,,1.00,0.50,False,1.00,1279,2018-06-11,2,2790.50,2778.50,2784.00,2790.00,2780.00,day,1,2790.50,2779.25,2784.00,2790.00,2780.00,in_value
2018-06-13,2.00,added,,0.80,0.65,False,1.00,1279,2018-06-11,3,2796.00,2778.75,2790.00,2796.00,2786.00,composite,2,2794.75,2782.75,2788.25,2794.25,2784.25,in_value
2018-06-14,2.00,skipped_shape,,0.60,0.45,False,0.20,1279,2018-06-11,3,2796.00,2778.75,2790.00,2796.00,2786.00,composite,3,2796.00,2778.75,2790.00,2796.00,2786.00,in_value
2018-06-15,2.00,start,migration,0.00,,,,1280,2018-06-15,1,2787.50,2765.50,2776.00,2782.00,2772.00,composite,3,2796.00,2778.75,2790.00,2796.00,2786.00,below_value
2018-06-18,2.00,added,,0.78,0.54,False,1.00,1280,2018-06-15,2,2787.50,2761.25,2774.00,2780.00,2770.00,day,1,2787.50,2765.50,2776.00,2782.00,2772.00,below_value
2018-06-19,2.00,start,migration,0.00,,,,1281,2018-06-19,1,2769.00,2746.25,2756.00,2766.00,2752.00,composite,2,2787.50,2761.25,2774.00,2780.00,2770.00,below_range
2018-06-20,2.00,start,migration,0.00,,,,1282,2018-06-20,1,2778.25,2767.00,2774.00,2776.00,2770.00,day,1,2769.00,2746.25,2756.00,2766.00,2752.00,above_range
2018-06-21,2.00,start,migration,0.00,,,,1283,2018-06-21,1,2770.50,2747.00,2756.00,2762.00,2752.00,day,1,2778.25,2767.00,2774.00,2776.00,2770.00,in_value
2018-06-22,2.00,start,migration,0.00,,,,1284,2018-06-22,1,2768.50,2755.25,2762.00,2768.00,2762.00,day,1,2770.50,2747.00,2756.00,2762.00,2752.00,above_value
2018-06-25,2.00,start,migration,0.00,,,,1285,2018-06-25,1,2746.25,2700.50,2714.00,2728.00,2706.00,day,1,2768.50,2755.25,2762.00,2768.00,2762.00,below_range
2018-06-26,2.00,skipped_shape,,0.60,0.65,False,0.09,1285,2018-06-25,1,2746.25,2700.50,2714.00,2728.00,2706.00,day,1,2746.25,2700.50,2714.00,2728.00,2706.00,in_value
2018-06-27,2.00,skipped_daytype,,0.65,,,,1285,2018-06-25,1,2746.25,2700.50,2714.00,2728.00,2706.00,day,1,2735.25,2717.25,2730.00,2732.00,2722.00,in_value
2018-06-28,2.00,added,,0.56,0.38,False,0.71,1285,2018-06-25,2,2746.25,2693.50,2712.00,2722.00,2700.00,day,1,2748.00,2701.00,2714.00,2736.00,2702.00,below_value
2018-06-29,2.00,start,migration,0.00,,,,1286,2018-06-29,1,2745.50,2720.50,2736.00,2742.00,2732.00,composite,2,2746.25,2693.50,2712.00,2722.00,2700.00,above_value
2018-07-02,2.00,start,migration,0.00,,,,1287,2018-07-02,1,2728.50,2700.50,2710.00,2720.00,2706.00,day,1,2745.50,2720.50,2736.00,2742.00,2732.00,below_range
2018-07-03,2.00,start,migration,0.00,,,,1288,2018-07-03,1,2738.00,2712.00,2732.00,2738.00,2724.00,day,1,2728.50,2700.50,2710.00,2720.00,2706.00,above_range
2018-07-05,2.00,added,,1.00,0.75,False,0.60,1288,2018-07-03,2,2739.50,2712.00,2732.00,2738.00,2724.00,day,1,2738.00,2712.00,2732.00,2738.00,2724.00,in_value
2018-07-06,2.00,start,migration,0.00,,,,1289,2018-07-06,1,2766.25,2734.50,2762.00,2766.25,2750.00,composite,2,2739.50,2712.00,2732.00,2738.00,2724.00,above_value
2018-07-09,2.00,start,migration,0.00,,,,1290,2018-07-09,1,2787.25,2772.75,2782.00,2787.25,2778.00,day,1,2766.25,2734.50,2762.00,2766.25,2750.00,above_range
2018-07-10,2.00,start,migration,0.00,,,,1291,2018-07-10,1,2797.75,2788.50,2792.00,2797.75,2792.00,day,1,2787.25,2772.75,2782.00,2787.25,2778.00,above_range
2018-07-11,2.00,start,migration,0.00,,,,1292,2018-07-11,1,2787.75,2772.25,2778.00,2784.00,2774.00,day,1,2797.75,2788.50,2792.00,2797.75,2792.00,below_range
2018-07-12,2.00,start,migration,0.00,,,,1293,2018-07-12,1,2801.00,2782.75,2796.00,2798.00,2788.00,day,1,2787.75,2772.25,2778.00,2784.00,2774.00,above_range
2018-07-13,2.00,start,migration,0.00,,,,1294,2018-07-13,1,2806.25,2793.25,2802.00,2806.25,2798.00,day,1,2801.00,2782.75,2796.00,2798.00,2788.00,above_value
2018-07-16,2.00,added,,0.67,0.56,False,1.00,1294,2018-07-13,2,2806.25,2793.25,2800.00,2806.00,2796.00,day,1,2806.25,2793.25,2802.00,2806.25,2798.00,in_value
2018-07-17,2.00,start,migration,0.29,,,,1295,2018-07-17,1,2815.75,2790.75,2810.00,2815.75,2802.00,composite,2,2806.25,2793.25,2800.00,2806.00,2796.00,below_range
2018-07-18,2.00,skipped_shape,,0.70,0.83,False,0.60,1295,2018-07-17,1,2815.75,2790.75,2810.00,2815.75,2802.00,day,1,2815.75,2790.75,2810.00,2815.75,2802.00,in_value
2018-07-19,2.00,skipped_shape,,1.00,0.81,False,0.20,1295,2018-07-17,1,2815.75,2790.75,2810.00,2815.75,2802.00,day,1,2818.25,2806.75,2814.00,2818.25,2810.00,below_value
2018-07-20,2.00,skipped_shape,,1.00,0.58,False,0.20,1295,2018-07-17,1,2815.75,2790.75,2810.00,2815.75,2802.00,day,1,2813.25,2800.25,2806.00,2812.00,2802.00,in_value
2018-07-23,2.00,added,,0.60,0.65,False,0.60,1295,2018-07-17,2,2815.75,2790.75,2806.00,2815.75,2802.00,day,1,2810.50,2800.75,2804.00,2810.00,2804.00,below_range
2018-07-24,2.00,start,migration,0.12,,,,1296,2018-07-24,1,2831.25,2812.00,2826.00,2828.00,2814.00,composite,2,2815.75,2790.75,2806.00,2815.75,2802.00,above_range
2018-07-25,2.00,added,,0.55,0.40,False,0.60,1296,2018-07-24,2,2849.50,2812.00,2826.00,2832.00,2818.00,day,1,2831.25,2812.00,2826.00,2828.00,2814.00,in_value
2018-07-26,2.00,start,migration,0.00,,,,1297,2018-07-26,1,2846.50,2836.00,2840.00,2842.00,2836.00,composite,2,2849.50,2812.00,2826.00,2832.00,2818.00,above_value
2018-07-27,2.00,start,migration,0.00,,,,1298,2018-07-27,1,2843.25,2808.75,2816.00,2834.00,2812.00,day,1,2846.50,2836.00,2840.00,2842.00,2836.00,in_value
2018-07-30,2.00,start,migration,0.29,,,,1299,2018-07-30,1,2821.75,2798.25,2806.00,2816.00,2802.00,day,1,2843.25,2808.75,2816.00,2834.00,2812.00,in_value
2018-07-31,2.00,start,migration,0.20,,,,1300,2018-07-31,1,2825.00,2808.50,2818.00,2824.00,2814.00,day,1,2821.75,2798.25,2806.00,2816.00,2802.00,in_value
2018-08-01,2.00,added,,0.57,0.41,False,0.60,1300,2018-07-31,2,2825.75,2805.50,2812.00,2822.00,2808.00,day,1,2825.00,2808.50,2818.00,2824.00,2814.00,in_value
2018-08-02,2.00,added,,0.65,0.53,False,0.43,1300,2018-07-31,3,2829.50,2795.00,2812.00,2826.00,2808.00,composite,2,2825.75,2805.50,2812.00,2822.00,2808.00,below_range
2018-08-03,2.00,start,migration,0.00,,,,1301,2018-08-03,1,2840.25,2827.00,2834.00,2840.00,2830.00,composite,3,2829.50,2795.00,2812.00,2826.00,2808.00,above_value
2018-08-06,2.00,start,migration,0.00,,,,1302,2018-08-06,1,2853.50,2835.50,2850.00,2852.00,2842.00,day,1,2840.25,2827.00,2834.00,2840.00,2830.00,in_value
2018-08-07,2.00,start,migration,0.00,,,,1303,2018-08-07,1,2863.75,2855.75,2860.00,2862.00,2856.00,day,1,2853.50,2835.50,2850.00,2852.00,2842.00,above_range
2018-08-08,2.00,added,,0.67,0.58,False,0.33,1303,2018-08-07,2,2863.75,2853.00,2858.00,2863.75,2858.00,day,1,2863.75,2855.75,2860.00,2862.00,2856.00,in_value
2018-08-09,2.00,added,,1.00,0.58,False,0.33,1303,2018-08-07,3,2863.75,2852.25,2858.00,2863.75,2858.00,composite,2,2863.75,2853.00,2858.00,2863.75,2858.00,in_value
2018-08-10,2.00,start,migration,0.00,,,,1304,2018-08-10,1,2843.00,2826.00,2836.00,2842.00,2832.00,composite,3,2863.75,2852.25,2858.00,2863.75,2858.00,below_range
2018-08-13,2.00,start,migration,0.29,,,,1305,2018-08-13,1,2843.75,2820.00,2826.00,2836.00,2822.00,day,1,2843.00,2826.00,2836.00,2842.00,2832.00,in_value
2018-08-14,2.00,start,migration,0.00,,,,1306,2018-08-14,1,2843.50,2826.75,2840.00,2843.50,2836.00,day,1,2843.75,2820.00,2826.00,2836.00,2822.00,in_value
2018-08-15,2.00,start,migration,0.00,,,,1307,2018-08-15,1,2826.75,2803.00,2814.00,2820.00,2806.00,day,1,2843.50,2826.75,2840.00,2843.50,2836.00,below_range
2018-08-16,2.00,start,migration,0.00,,,,1308,2018-08-16,1,2851.75,2834.75,2846.00,2848.00,2838.00,day,1,2826.75,2803.00,2814.00,2820.00,2806.00,above_range
2018-08-17,2.00,added,,0.56,0.46,False,0.60,1308,2018-08-16,2,2857.00,2834.75,2844.00,2850.00,2836.00,day,1,2851.75,2834.75,2846.00,2848.00,2838.00,in_value
2018-08-20,2.00,start,migration,0.00,,,,1309,2018-08-20,1,2860.75,2851.50,2858.00,2860.00,2854.00,composite,2,2857.00,2834.75,2844.00,2850.00,2836.00,above_value
2018-08-21,2.00,start,migration,0.00,,,,1310,2018-08-21,1,2874.00,2862.00,2868.00,2874.00,2864.00,day,1,2860.75,2851.50,2858.00,2860.00,2854.00,above_range
2018-08-22,2.00,added,,0.67,0.55,False,1.00,1310,2018-08-21,2,2874.00,2856.25,2866.00,2872.00,2862.00,day,1,2874.00,2862.00,2868.00,2874.00,2864.00,below_range
2018-08-23,2.00,start,migration,0.22,,,,1311,2018-08-23,1,2869.75,2854.75,2858.00,2864.00,2854.75,composite,2,2874.00,2856.25,2866.00,2872.00,2862.00,below_value
2018-08-24,2.00,start,migration,0.00,,,,1312,2018-08-24,1,2877.25,2864.00,2874.00,2877.25,2870.00,day,1,2869.75,2854.75,2858.00,2864.00,2854.75,above_value
2018-08-27,2.00,start,migration,0.00,,,,1313,2018-08-27,1,2899.25,2887.00,2896.00,2899.25,2892.00,day,1,2877.25,2864.00,2874.00,2877.25,2870.00,above_range
2018-08-28,2.00,added,,0.51,0.65,False,0.33,1313,2018-08-27,2,2904.50,2887.00,2898.00,2900.00,2894.00,day,1,2899.25,2887.00,2896.00,2899.25,2892.00,above_range
2018-08-29,2.00,start,migration,0.00,,,,1314,2018-08-29,1,2917.50,2898.75,2912.00,2917.50,2908.00,composite,2,2904.50,2887.00,2898.00,2900.00,2894.00,above_value
2018-08-30,2.00,start,migration,0.29,,,,1315,2018-08-30,1,2913.00,2895.50,2910.00,2912.00,2898.00,day,1,2917.50,2898.75,2912.00,2917.50,2908.00,in_value
2018-08-31,2.00,start,migration,0.40,,,,1316,2018-08-31,1,2907.50,2891.75,2896.00,2902.00,2892.00,day,1,2913.00,2895.50,2910.00,2912.00,2898.00,below_value
2018-09-04,2.00,added,,0.80,0.46,False,1.00,1316,2018-08-31,2,2907.50,2885.50,2894.00,2900.00,2890.00,day,1,2907.50,2891.75,2896.00,2902.00,2892.00,in_value
2018-09-05,2.00,start,migration,0.20,,,,1317,2018-09-05,1,2895.00,2877.50,2886.00,2892.00,2882.00,composite,2,2907.50,2885.50,2894.00,2900.00,2890.00,in_value
2018-09-06,2.00,start,migration,0.14,,,,1318,2018-09-06,1,2893.00,2868.00,2874.00,2884.00,2870.00,day,1,2895.00,2877.50,2886.00,2892.00,2882.00,in_value
2018-09-07,2.00,added,,0.78,0.37,False,0.60,1318,2018-09-06,2,2893.00,2865.00,2874.00,2884.00,2870.00,day,1,2893.00,2868.00,2874.00,2884.00,2870.00,below_range
2018-09-10,2.00,added,,0.79,0.50,False,0.60,1318,2018-09-06,3,2893.00,2865.00,2878.00,2884.00,2870.00,composite,2,2893.00,2865.00,2874.00,2884.00,2870.00,above_value
2018-09-11,2.00,start,migration,0.40,,,,1319,2018-09-11,1,2893.00,2867.25,2890.00,2893.00,2878.00,composite,3,2893.00,2865.00,2878.00,2884.00,2870.00,in_value
2018-09-12,2.00,skipped_shape,,1.00,0.77,False,1.00,1319,2018-09-11,1,2893.00,2867.25,2890.00,2893.00,2878.00,day,1,2893.00,2867.25,2890.00,2893.00,2878.00,in_value
2018-09-13,2.00,start,migration,0.00,,,,1320,2018-09-13,1,2907.00,2896.50,2902.00,2907.00,2898.00,day,1,2895.25,2879.50,2886.00,2892.00,2882.00,above_range
2018-09-14,2.00,added,,0.74,0.50,False,1.00,1320,2018-09-13,2,2909.50,2896.50,2902.00,2908.00,2898.00,day,1,2907.00,2896.50,2902.00,2907.00,2898.00,in_value
2018-09-17,2.00,start,migration,0.40,,,,1321,2018-09-17,1,2910.25,2892.25,2902.00,2908.00,2898.00,composite,2,2914.75,2901.75,2907.25,2913.25,2903.25,in_value
2018-09-18,2.00,start,migration,0.00,,,,1322,2018-09-18,1,2917.75,2897.25,2912.00,2917.75,2908.00,day,1,2910.25,2892.25,2902.00,2908.00,2898.00,below_value
2018-09-19,2.00,skipped_shape,,1.00,0.79,False,1.00,1322,2018-09-18,1,2917.75,2897.25,2912.00,2917.75,2908.00,day,1,2917.75,2897.25,2912.00,2917.75,2908.00,in_value
2018-09-20,2.00,start,migration,0.00,,,,1323,2018-09-20,1,2940.75,2926.25,2936.00,2938.00,2928.00,day,1,2918.75,2910.00,2914.00,2916.00,2910.00,above_range
2018-09-21,2.00,start,migration,0.40,,,,1324,2018-09-21,1,2946.50,2932.50,2938.00,2944.00,2934.00,day,1,2940.75,2926.25,2936.00,2938.00,2928.00,above_range
2018-09-24,2.00,start,migration,0.00,,,,1325,2018-09-24,1,2929.00,2917.75,2922.00,2928.00,2918.00,day,1,2946.50,2932.50,2938.00,2944.00,2934.00,below_range
2018-09-25,2.00,added,,1.00,0.44,False,1.00,1325,2018-09-24,2,2930.25,2917.75,2922.00,2928.00,2918.00,day,1,2929.00,2917.75,2922.00,2928.00,2918.00,above_value
2018-09-26,2.00,added,,0.60,0.53,False,1.00,1325,2018-09-24,3,2936.00,2907.50,2922.00,2928.00,2918.00,composite,2,2930.25,2917.75,2922.00,2928.00,2918.00,in_value
2018-09-27,2.00,added,,0.80,0.53,False,1.00,1325,2018-09-24,4,2936.00,2907.50,2922.00,2928.00,2918.00,composite,3,2936.00,2907.50,2922.00,2928.00,2918.00,below_value
2018-09-28,2.00,added,,0.79,0.53,False,1.00,1325,2018-09-24,5,2936.00,2907.50,2922.00,2928.00,2918.00,composite,4,2936.00,2907.50,2922.00,2928.00,2918.00,below_value
2018-10-01,2.00,start,migration,0.00,,,,1326,2018-10-01,1,2942.00,2922.50,2932.00,2942.00,2928.00,composite,5,2936.00,2907.50,2922.00,2928.00,2918.00,above_value
2018-10-02,2.00,added,,0.80,0.50,False,1.00,1326,2018-10-01,2,2942.00,2922.50,2932.00,2938.00,2928.00,day,1,2942.00,2922.50,2932.00,2942.00,2928.00,in_value
2018-10-03,2.00,start,migration,0.40,,,,1327,2018-10-03,1,2944.75,2925.50,2938.00,2944.00,2934.00,composite,2,2942.00,2922.50,2932.00,2938.00,2928.00,above_value
2018-10-04,2.00,start,migration,0.00,,,,1328,2018-10-04,1,2924.00,2887.75,2904.00,2910.00,2892.00,day,1,2944.75,2925.50,2938.00,2944.00,2934.00,below_range
2018-10-05,2.00,start,migration,0.35,,,,1329,2018-10-05,1,2914.00,2873.25,2884.00,2902.00,2873.25,day,1,2924.00,2887.75,2904.00,2910.00,2892.00,in_value
2018-10-08,2.00,added,,1.00,0.42,False,0.56,1329,2018-10-05,2,2914.00,2866.00,2886.00,2896.00,2870.00,day,1,2914.00,2873.25,2884.00,2902.00,2873.25,in_value
2018-10-09,2.00,added,,1.00,0.50,False,0.43,1329,2018-10-05,3,2914.00,2866.00,2890.00,2896.00,2878.00,composite,2,2914.00,2866.00,2886.00,2896.00,2870.00,in_value
2018-10-10,2.00,start,migration,0.00,,,,1330,2018-10-10,1,2880.00,2789.50,2838.00,2864.00,2822.00,composite,3,2914.00,2866.00,2890.00,2896.00,2878.00,in_value
2018-10-11,2.00,start,migration,0.00,,,,1331,2018-10-11,1,2798.75,2712.25,2768.00,2786.00,2748.00,day,1,2880.00,2789.50,2838.00,2864.00,2822.00,below_range
2018-10-12,2.00,added,,0.67,0.62,False,0.64,1331,2018-10-11,2,2798.75,2712.25,2766.00,2780.00,2746.00,day,1,2798.75,2712.25,2768.00,2786.00,2748.00,in_value
2018-10-15,2.00,added,,1.00,0.60,False,0.78,1331,2018-10-11,3,2798.75,2712.25,2764.00,2778.00,2748.00,composite,2,2798.75,2712.25,2766.00,2780.00,2746.00,in_value
2018-10-16,2.00,start,migration,0.00,,,,1332,2018-10-16,1,2816.25,2768.50,2802.00,2808.00,2782.00,composite,3,2798.75,2712.25,2764.00,2778.00,2748.00,in_value
2018-10-17,2.00,start,migration,0.44,,,,1333,2018-10-17,1,2819.25,2783.25,2812.00,2818.00,2800.00,day,1,2816.25,2768.50,2802.00,2808.00,2782.00,above_value
2018-10-18,2.00,start,migration,0.00,,,,1334,2018-10-18,1,2808.00,2756.50,2774.00,2788.00,2758.00,day,1,2819.25,2783.25,2812.00,2818.00,2800.00,in_value
2018-10-19,2.00,added,,1.00,0.35,False,0.78,1334,2018-10-18,2,2808.00,2756.50,2774.00,2792.00,2762.00,day,1,2808.00,2756.50,2774.00,2788.00,2758.00,in_value
2018-10-22,2.00,start,migration,0.43,,,,1335,2018-10-22,1,2780.50,2751.00,2762.00,2768.00,2754.00,composite,2,2808.00,2756.50,2774.00,2792.00,2762.00,in_value
2018-10-23,2.00,start,migration,0.00,,,,1336,2018-10-23,1,2754.75,2692.25,2710.00,2736.00,2698.00,day,1,2780.50,2751.00,2762.00,2768.00,2754.00,below_range
2018-10-24,2.00,added,,0.95,0.55,False,0.54,1336,2018-10-23,2,2754.75,2652.25,2708.00,2734.00,2696.00,day,1,2754.75,2692.25,2710.00,2736.00,2698.00,above_value
2018-10-25,2.00,added,,0.54,0.49,False,0.54,1336,2018-10-23,3,2754.75,2652.25,2702.00,2728.00,2690.00,composite,2,2754.75,2652.25,2708.00,2734.00,2696.00,below_value
2018-10-26,2.00,start,migration,0.00,,,,1337,2018-10-26,1,2692.75,2627.25,2658.00,2676.00,2642.00,composite,3,2754.75,2652.25,2702.00,2728.00,2690.00,below_value
2018-10-29,2.00,start,migration,0.44,,,,1338,2018-10-29,1,2707.00,2603.00,2672.00,2706.00,2652.00,day,1,2692.75,2627.25,2658.00,2676.00,2642.00,above_value
2018-10-30,2.00,added,,0.82,0.54,False,0.69,1338,2018-10-29,2,2707.00,2603.00,2658.00,2684.00,2642.00,day,1,2707.00,2603.00,2672.00,2706.00,2652.00,below_value
2018-10-31,2.00,start,migration,0.00,,,,1339,2018-10-31,1,2737.25,2706.25,2724.00,2730.00,2712.00,composite,2,2707.00,2603.00,2658.00,2684.00,2642.00,above_range
2018-11-01,2.00,start,migration,0.43,,,,1340,2018-11-01,1,2741.25,2707.75,2732.00,2738.00,2724.00,day,1,2737.25,2706.25,2724.00,2730.00,2712.00,in_value
2018-11-02,2.00,start,migration,0.27,,,,1341,2018-11-02,1,2756.50,2699.50,2720.00,2730.00,2708.00,day,1,2741.25,2707.75,2732.00,2738.00,2724.00,above_range
2018-11-05,2.00,start,migration,0.44,,,,1342,2018-11-05,1,2743.75,2717.00,2726.00,2740.00,2722.00,day,1,2756.50,2699.50,2720.00,2730.00,2708.00,in_value
2018-11-06,2.00,start,migration,0.00,,,,1343,2018-11-06,1,2756.50,2735.75,2748.00,2754.00,2740.00,day,1,2743.75,2717.00,2726.00,2740.00,2722.00,in_value
2018-11-07,2.00,start,migration,0.00,,,,1344,2018-11-07,1,2815.00,2774.25,2796.00,2806.00,2784.00,day,1,2756.50,2735.75,2748.00,2754.00,2740.00,above_range
2018-11-08,2.00,start,migration,0.20,,,,1345,2018-11-08,1,2815.25,2795.00,2808.00,2814.00,2804.00,day,1,2815.00,2774.25,2796.00,2806.00,2784.00,in_value
2018-11-09,2.00,start,migration,0.00,,,,1346,2018-11-09,1,2795.25,2764.50,2780.00,2790.00,2772.00,day,1,2815.25,2795.00,2808.00,2814.00,2804.00,below_range
2018-11-12,2.00,start,migration,0.00,,,,1347,2018-11-12,1,2777.50,2722.25,2740.00,2754.00,2732.00,day,1,2795.25,2764.50,2780.00,2790.00,2772.00,in_value
2018-11-13,2.00,start,migration,0.46,,,,1348,2018-11-13,1,2755.75,2714.50,2734.00,2744.00,2718.00,day,1,2777.50,2722.25,2740.00,2754.00,2732.00,in_value
2018-11-14,2.00,start,migration,0.08,,,,1349,2018-11-14,1,2748.25,2686.25,2706.00,2720.00,2694.00,day,1,2755.75,2714.50,2734.00,2744.00,2718.00,in_value
2018-11-15,2.00,added,,0.56,0.46,False,0.64,1349,2018-11-14,2,2748.25,2671.25,2706.00,2728.00,2694.00,day,1,2748.25,2686.25,2706.00,2720.00,2694.00,below_value
2018-11-16,2.00,start,migration,0.22,,,,1350,2018-11-16,1,2748.75,2713.25,2728.00,2742.00,2724.00,composite,2,2748.25,2671.25,2706.00,2728.00,2694.00,in_value
2018-11-19,2.00,start,migration,0.00,,,,1351,2018-11-19,1,2734.75,2681.50,2690.00,2708.00,2682.00,day,1,2748.75,2713.25,2728.00,2742.00,2724.00,in_value
2018-11-20,2.00,start,migration,0.00,,,,1352,2018-11-20,1,2670.75,2631.75,2650.00,2664.00,2638.00,day,1,2734.75,2681.50,2690.00,2708.00,2682.00,below_range
2018-11-21,2.00,start,migration,0.40,,,,1353,2018-11-21,1,2671.25,2649.75,2664.00,2670.00,2660.00,day,1,2670.75,2631.75,2650.00,2664.00,2638.00,in_value
2018-11-23,2.00,start,migration,0.00,,,,1354,2018-11-23,1,2647.50,2628.50,2640.00,2642.00,2632.00,day,1,2671.25,2649.75,2664.00,2670.00,2660.00,below_range
2018-11-26,2.00,start,migration,0.00,,,,1355,2018-11-26,1,2674.50,2652.50,2666.00,2672.00,2658.00,day,1,2647.50,2628.50,2640.00,2642.00,2632.00,above_range
2018-11-27,2.00,start,migration,0.43,,,,1356,2018-11-27,1,2683.00,2655.25,2674.00,2680.00,2666.00,day,1,2674.50,2652.50,2666.00,2672.00,2658.00,in_value
2018-11-28,2.00,start,migration,0.00,,,,1357,2018-11-28,1,2745.00,2684.25,2724.00,2745.00,2696.00,day,1,2683.00,2655.25,2674.00,2680.00,2666.00,above_range
2018-11-29,2.00,added,,0.83,0.68,False,0.78,1357,2018-11-28,2,2754.50,2684.25,2732.00,2750.00,2720.00,day,1,2745.00,2684.25,2724.00,2745.00,2696.00,in_value
2018-11-30,2.00,added,,0.78,0.70,False,1.00,1357,2018-11-28,3,2761.50,2684.25,2738.00,2756.00,2722.00,composite,2,2754.50,2684.25,2732.00,2750.00,2720.00,in_value
2018-12-03,2.00,start,migration,0.00,,,,1358,2018-12-03,1,2802.50,2773.50,2784.00,2794.00,2780.00,composite,3,2761.50,2684.25,2738.00,2756.00,2722.00,above_range
2018-12-04,2.00,start,migration,0.00,,,,1359,2018-12-04,1,2787.25,2697.25,2720.00,2750.00,2697.25,day,1,2802.50,2773.50,2784.00,2794.00,2780.00,in_value
2018-12-06,2.00,start,migration,0.00,,,,1360,2018-12-06,1,2697.25,2621.25,2658.00,2672.00,2642.00,day,1,2787.25,2697.25,2720.00,2750.00,2697.25,below_range
2018-12-07,2.00,added,,0.65,0.39,False,0.82,1360,2018-12-06,2,2709.75,2621.25,2654.00,2672.00,2634.00,day,1,2697.25,2621.25,2658.00,2672.00,2642.00,above_value
2018-12-10,2.00,start,migration,0.06,,,,1361,2018-12-10,1,2648.50,2583.00,2622.00,2636.00,2602.00,composite,2,2709.75,2621.25,2654.00,2672.00,2634.00,below_value
2018-12-11,2.00,start,migration,0.18,,,,1362,2018-12-11,1,2675.50,2621.25,2642.00,2664.00,2630.00,day,1,2648.50,2583.00,2622.00,2636.00,2602.00,above_range
2018-12-12,2.00,start,migration,0.00,,,,1363,2018-12-12,1,2686.50,2650.25,2676.00,2682.00,2664.00,day,1,2675.50,2621.25,2642.00,2664.00,2630.00,above_value
2018-12-13,2.00,start,migration,0.00,,,,1364,2018-12-13,1,2671.00,2637.25,2646.00,2660.00,2642.00,day,1,2686.50,2650.25,2676.00,2682.00,2664.00,below_value
2018-12-14,2.00,start,migration,0.00,,,,1365,2018-12-14,1,2636.50,2594.00,2608.00,2626.00,2600.00,day,1,2671.00,2637.25,2646.00,2660.00,2642.00,below_range
2018-12-17,2.00,start,migration,0.04,,,,1366,2018-12-17,1,2605.50,2533.50,2592.00,2605.50,2564.00,day,1,2640.00,2597.50,2611.50,2629.50,2603.50,below_range
2018-12-18,2.00,added,,0.63,0.41,False,0.69,1366,2018-12-17,2,2605.50,2531.00,2560.00,2586.00,2544.00,day,1,2605.50,2533.50,2592.00,2605.50,2564.00,in_value
2018-12-19,2.00,added,,0.84,0.67,False,0.69,1366,2018-12-17,3,2605.50,2489.50,2566.00,2584.00,2542.00,composite,2,2605.50,2531.00,2560.00,2586.00,2544.00,in_value
2018-12-20,2.00,start,migration,0.00,,,,1367,2018-12-20,1,2512.00,2441.50,2472.00,2490.00,2460.00,composite,3,2605.50,2489.50,2566.00,2584.00,2542.00,below_value
2018-12-21,2.00,start,migration,0.48,,,,1368,2018-12-21,1,2508.00,2409.25,2444.00,2482.00,2436.00,day,1,2512.00,2441.50,2472.00,2490.00,2460.00,in_value
2018-12-24,2.00,start,migration,0.00,,,,1369,2018-12-24,1,2412.50,2340.50,2376.00,2402.00,2368.00,day,1,2508.00,2409.25,2444.00,2482.00,2436.00,below_range
2018-12-26,2.00,skipped_daytype,,0.52,,,,1369,2018-12-24,1,2412.50,2340.50,2376.00,2402.00,2368.00,day,1,2412.50,2340.50,2376.00,2402.00,2368.00,in_value
2018-12-27,2.00,start,migration,0.00,,,,1370,2018-12-27,1,2491.25,2397.00,2426.00,2444.00,2406.00,day,1,2468.50,2345.50,2408.00,2426.00,2360.00,above_value
2018-12-28,2.00,start,migration,0.00,,,,1371,2018-12-28,1,2523.00,2472.75,2490.00,2504.00,2482.00,day,1,2491.25,2397.00,2426.00,2444.00,2406.00,above_range
2018-12-31,2.00,added,,0.89,0.48,False,0.71,1371,2018-12-28,2,2523.00,2472.75,2496.00,2506.00,2484.00,day,1,2523.00,2472.75,2490.00,2504.00,2482.00,in_value
2019-01-02,2.00,added,,0.54,0.53,False,0.71,1371,2018-12-28,3,2523.00,2467.00,2496.00,2510.00,2488.00,composite,2,2523.00,2472.75,2496.00,2506.00,2484.00,below_range
2019-01-03,2.00,start,migration,0.00,,,,1372,2019-01-03,1,2493.50,2443.25,2470.00,2476.00,2454.00,composite,3,2523.00,2467.00,2496.00,2510.00,2488.00,in_value
2019-01-04,2.00,start,migration,0.00,,,,1373,2019-01-04,1,2539.25,2478.75,2524.00,2538.00,2512.00,day,1,2493.50,2443.25,2470.00,2476.00,2454.00,above_value
2019-01-07,2.00,start,migration,0.00,,,,1374,2019-01-07,1,2567.50,2524.50,2554.00,2567.50,2546.00,day,1,2539.25,2478.75,2524.00,2538.00,2512.00,in_value
2019-01-08,2.00,added,,0.64,0.60,False,0.71,1374,2019-01-07,2,2581.25,2524.50,2558.00,2572.00,2550.00,day,1,2567.50,2524.50,2554.00,2567.50,2546.00,above_range
2019-01-09,2.00,start,migration,0.00,,,,1375,2019-01-09,1,2596.75,2569.00,2588.00,2594.00,2580.00,composite,2,2581.25,2524.50,2558.00,2572.00,2550.00,above_range
2019-01-10,2.00,added,,0.64,0.71,False,0.60,1375,2019-01-09,2,2598.75,2562.00,2588.00,2594.00,2580.00,day,1,2596.75,2569.00,2588.00,2594.00,2580.00,below_value
2019-01-11,2.00,added,,1.00,0.71,False,0.60,1375,2019-01-09,3,2598.75,2562.00,2588.00,2594.00,2580.00,composite,2,2598.75,2562.00,2588.00,2594.00,2580.00,in_value
2019-01-14,2.00,added,,1.00,0.66,False,0.60,1375,2019-01-09,4,2598.75,2562.00,2586.00,2592.00,2578.00,composite,3,2598.75,2562.00,2588.00,2594.00,2580.00,below_value
2019-01-15,2.00,start,migration,0.00,,,,1376,2019-01-15,1,2613.75,2584.25,2604.00,2610.00,2596.00,composite,4,2598.75,2562.00,2586.00,2592.00,2578.00,in_value
2019-01-16,2.00,start,migration,0.00,,,,1377,2019-01-16,1,2626.25,2612.50,2620.00,2626.00,2616.00,day,1,2613.75,2584.25,2604.00,2610.00,2596.00,above_range
2019-01-17,2.00,added,,0.56,0.41,False,0.60,1377,2019-01-16,2,2645.50,2605.50,2620.00,2626.00,2612.00,day,1,2626.25,2612.50,2620.00,2626.00,2616.00,below_range
2019-01-18,2.00,start,migration,0.00,,,,1378,2019-01-18,1,2676.50,2647.00,2668.00,2676.50,2656.00,composite,2,2645.50,2605.50,2620.00,2626.00,2612.00,above_range
2019-01-22,2.00,start,migration,0.00,,,,1379,2019-01-22,1,2656.50,2616.50,2626.00,2644.00,2618.00,day,1,2676.50,2647.00,2668.00,2676.50,2656.00,below_value
2019-01-23,2.00,added,,1.00,0.46,False,0.71,1379,2019-01-22,2,2656.50,2612.50,2632.00,2642.00,2620.00,day,1,2656.50,2616.50,2626.00,2644.00,2618.00,above_value
2019-01-24,2.00,added,,1.00,0.46,False,0.71,1379,2019-01-22,3,2656.50,2612.50,2632.00,2646.00,2624.00,composite,2,2656.50,2612.50,2632.00,2642.00,2620.00,in_value
2019-01-25,2.00,start,migration,0.00,,,,1380,2019-01-25,1,2672.50,2656.50,2664.00,2670.00,2660.00,composite,3,2656.50,2612.50,2632.00,2646.00,2624.00,above_range
2019-01-28,2.00,start,migration,0.00,,,,1381,2019-01-28,1,2643.25,2622.25,2636.00,2638.00,2628.00,day,1,2672.50,2656.50,2664.00,2670.00,2660.00,below_range
2019-01-29,2.00,start,migration,0.40,,,,1382,2019-01-29,1,2650.00,2629.25,2638.00,2644.00,2634.00,day,1,2643.25,2622.25,2636.00,2638.00,2628.00,above_range
2019-01-30,2.00,start,migration,0.00,,,,1383,2019-01-30,1,2689.75,2646.50,2660.00,2678.00,2648.00,day,1,2650.00,2629.25,2638.00,2644.00,2634.00,above_range
2019-01-31,2.00,start,migration,0.00,,,,1384,2019-01-31,1,2708.00,2676.50,2696.00,2706.00,2692.00,day,1,2689.75,2646.50,2660.00,2678.00,2648.00,above_value
2019-02-01,2.00,start,migration,0.43,,,,1385,2019-02-01,1,2716.00,2695.50,2704.00,2714.00,2700.00,day,1,2708.00,2676.50,2696.00,2706.00,2692.00,in_value
2019-02-04,2.00,added,,0.56,0.34,False,0.60,1385,2019-02-01,2,2724.00,2695.50,2704.00,2714.00,2700.00,day,1,2716.00,2695.50,2704.00,2714.00,2700.00,in_value
2019-02-05,2.00,start,migration,0.00,,,,1386,2019-02-05,1,2737.75,2722.25,2732.00,2737.75,2728.00,composite,2,2724.00,2695.50,2704.00,2714.00,2700.00,above_range
2019-02-06,2.00,added,,0.80,0.56,False,1.00,1386,2019-02-05,2,2737.75,2722.25,2730.00,2736.00,2726.00,day,1,2737.75,2722.25,2732.00,2737.75,2728.00,in_value
2019-02-07,2.00,start,migration,0.00,,,,1387,2019-02-07,1,2718.50,2685.50,2694.00,2704.00,2686.00,composite,2,2737.75,2722.25,2730.00,2736.00,2726.00,below_range
2019-02-08,2.00,added,,0.86,0.38,False,1.00,1387,2019-02-07,2,2718.50,2680.75,2694.00,2704.00,2686.00,day,1,2718.50,2685.50,2694.00,2704.00,2686.00,in_value
2019-02-11,2.00,start,migration,0.00,,,,1388,2019-02-11,1,2717.50,2702.75,2708.00,2714.00,2704.00,composite,2,2718.50,2680.75,2694.00,2704.00,2686.00,above_value
2019-02-12,2.00,start,migration,0.00,,,,1389,2019-02-12,1,2748.00,2726.00,2744.00,2748.00,2736.00,day,1,2717.50,2702.75,2708.00,2714.00,2704.00,above_range
2019-02-13,2.00,start,migration,0.00,,,,1390,2019-02-13,1,2762.00,2748.00,2752.00,2762.00,2752.00,day,1,2748.00,2726.00,2744.00,2748.00,2736.00,above_range
2019-02-14,2.00,start,migration,0.22,,,,1391,2019-02-14,1,2758.25,2730.25,2750.00,2756.00,2738.00,day,1,2762.00,2748.00,2752.00,2762.00,2752.00,below_range
2019-02-15,2.00,start,migration,0.00,,,,1392,2019-02-15,1,2775.75,2763.00,2768.00,2774.00,2764.00,day,1,2758.25,2730.25,2750.00,2756.00,2738.00,above_range
2019-02-19,2.00,start,migration,0.14,,,,1393,2019-02-19,1,2787.50,2766.00,2780.00,2786.00,2772.00,day,1,2775.75,2763.00,2768.00,2774.00,2764.00,in_value
2019-02-20,2.00,added,,0.80,0.65,False,1.00,1393,2019-02-19,2,2790.75,2766.00,2782.00,2788.00,2778.00,day,1,2787.50,2766.00,2780.00,2786.00,2772.00,in_value
2019-02-21,2.00,start,migration,0.20,,,,1394,2019-02-21,1,2781.75,2764.25,2770.00,2780.00,2770.00,composite,2,2790.75,2766.00,2782.00,2788.00,2778.00,below_value
2019-02-22,2.00,start,migration,0.00,,,,1395,2019-02-22,1,2794.50,2778.75,2788.00,2794.00,2784.00,day,1,2781.75,2764.25,2770.00,2780.00,2770.00,above_value
2019-02-25,2.00,start,migration,0.00,,,,1396,2019-02-25,1,2814.00,2795.00,2804.00,2814.00,2800.00,day,1,2794.50,2778.75,2788.00,2794.00,2784.00,above_range
2019-02-26,2.00,start,migration,0.00,,,,1397,2019-02-26,1,2803.50,2789.50,2794.00,2800.00,2790.00,day,1,2814.00,2795.00,2804.00,2814.00,2800.00,below_range
2019-02-27,2.00,start,migration,0.43,,,,1398,2019-02-27,1,2796.25,2775.00,2790.00,2796.00,2782.00,day,1,2803.50,2789.50,2794.00,2800.00,2790.00,below_range
2019-02-28,2.00,added,,1.00,0.71,False,1.00,1398,2019-02-27,2,2796.25,2775.00,2790.00,2796.00,2786.00,day,1,2796.25,2775.00,2790.00,2796.00,2782.00,in_value
2019-03-01,2.00,start,migration,0.29,,,,1399,2019-03-01,1,2808.25,2787.50,2796.00,2806.00,2792.00,composite,2,2796.25,2775.00,2790.00,2796.00,2786.00,above_range
2019-03-04,2.00,start,migration,0.20,,,,1400,2019-03-04,1,2818.00,2767.50,2784.00,2798.00,2768.00,day,1,2808.25,2787.50,2796.00,2806.00,2792.00,above_range
2019-03-05,2.00,added,,1.00,0.46,False,0.33,1400,2019-03-04,2,2818.00,2767.50,2790.00,2796.00,2774.00,day,1,2818.00,2767.50,2784.00,2798.00,2768.00,in_value
2019-03-06,2.00,added,,0.69,0.46,False,0.33,1400,2019-03-04,3,2818.00,2767.50,2790.00,2796.00,2774.00,composite,2,2818.00,2767.50,2790.00,2796.00,2774.00,in_value
2019-03-07,2.00,start,migration,0.00,,,,1401,2019-03-07,1,2767.75,2738.50,2750.00,2756.00,2742.00,composite,3,2818.00,2767.50,2790.00,2796.00,2774.00,below_range
2019-03-08,2.00,start,migration,0.00,,,,1402,2019-03-08,1,2744.50,2722.00,2730.00,2736.00,2722.00,day,1,2767.75,2738.50,2750.00,2756.00,2742.00,below_range
2019-03-11,2.00,start,migration,0.00,,,,1403,2019-03-11,1,2789.25,2755.00,2782.00,2788.00,2770.00,day,1,2749.00,2726.50,2734.50,2740.50,2726.50,above_range
2019-03-12,2.00,start,migration,0.00,,,,1404,2019-03-12,1,2803.25,2791.00,2798.00,2803.25,2794.00,day,1,2789.25,2755.00,2782.00,2788.00,2770.00,above_range
2019-03-13,2.00,start,migration,0.00,,,,1405,2019-03-13,1,2826.50,2805.50,2818.00,2824.00,2814.00,day,1,2803.25,2791.00,2798.00,2803.25,2794.00,above_range
2019-03-14,2.00,added,,0.60,0.46,False,1.00,1405,2019-03-13,2,2826.50,2805.50,2814.00,2820.00,2810.00,day,1,2826.50,2805.50,2818.00,2824.00,2814.00,in_value
2019-03-15,2.00,start,migration,0.14,,,,1406,2019-03-15,1,2836.50,2817.25,2830.00,2832.00,2818.00,composite,2,2826.50,2805.50,2814.00,2820.00,2810.00,in_value
2019-03-18,2.00,start,migration,0.20,,,,1407,2019-03-18,1,2841.00,2827.50,2834.00,2840.00,2830.00,day,1,2836.50,2817.25,2830.00,2832.00,2818.00,in_value
2019-03-19,2.00,start,migration,0.00,,,,1408,2019-03-19,1,2858.75,2829.00,2848.00,2854.00,2840.00,day,1,2841.00,2827.50,2834.00,2840.00,2830.00,above_range
2019-03-20,2.00,start,migration,0.00,,,,1409,2019-03-20,1,2849.25,2817.25,2830.00,2840.00,2822.00,day,1,2858.75,2829.00,2848.00,2854.00,2840.00,below_value
2019-03-21,2.00,start,migration,0.00,,,,1410,2019-03-21,1,2866.00,2819.75,2848.00,2866.00,2844.00,day,1,2849.25,2817.25,2830.00,2840.00,2822.00,below_value
2019-03-22,2.00,start,migration,0.00,,,,1411,2019-03-22,1,2851.75,2805.25,2816.00,2830.00,2808.00,day,1,2866.00,2819.75,2848.00,2866.00,2844.00,in_value
2019-03-25,2.00,start,migration,0.14,,,,1412,2019-03-25,1,2815.25,2789.50,2800.00,2810.00,2796.00,day,1,2851.75,2805.25,2816.00,2830.00,2808.00,below_range
2019-03-26,2.00,start,migration,0.00,,,,1413,2019-03-26,1,2835.00,2808.50,2818.00,2832.00,2814.00,day,1,2815.25,2789.50,2800.00,2810.00,2796.00,above_range
2019-03-27,2.00,start,migration,0.27,,,,1414,2019-03-27,1,2830.50,2791.75,2810.00,2820.00,2798.00,day,1,2835.00,2808.50,2818.00,2832.00,2814.00,in_value
2019-03-28,2.00,added,,1.00,0.55,False,1.00,1414,2019-03-27,2,2830.50,2791.75,2812.00,2822.00,2804.00,day,1,2830.50,2791.75,2810.00,2820.00,2798.00,in_value
2019-03-29,2.00,start,migration,0.00,,,,1415,2019-03-29,1,2840.50,2823.25,2832.00,2838.00,2828.00,composite,2,2830.50,2791.75,2812.00,2822.00,2804.00,above_range
2019-04-01,2.00,start,migration,0.00,,,,1416,2019-04-01,1,2873.50,2856.00,2864.00,2870.00,2860.00,day,1,2840.50,2823.25,2832.00,2838.00,2828.00,above_range
2019-04-02,2.00,added,,0.61,0.72,False,1.00,1416,2019-04-01,2,2873.75,2856.00,2868.00,2873.75,2864.00,day,1,2873.50,2856.00,2864.00,2870.00,2860.00,above_value
2019-04-03,2.00,start,migration,0.00,,,,1417,2019-04-03,1,2889.25,2869.00,2878.00,2888.00,2874.00,composite,2,2873.75,2856.00,2868.00,2873.75,2864.00,above_range
2019-04-04,2.00,added,,1.00,0.50,False,1.00,1417,2019-04-03,2,2889.25,2869.00,2878.00,2884.00,2874.00,day,1,2889.25,2869.00,2878.00,2888.00,2874.00,in_value
2019-04-05,2.00,start,migration,0.00,,,,1418,2019-04-05,1,2897.25,2886.75,2892.00,2897.25,2892.00,composite,2,2889.25,2869.00,2878.00,2884.00,2874.00,above_range
2019-04-08,2.00,start,migration,0.40,,,,1419,2019-04-08,1,2899.75,2884.25,2890.00,2896.00,2886.00,day,1,2897.25,2886.75,2892.00,2897.25,2892.00,below_value
2019-04-09,2.00,start,migration,0.40,,,,1420,2019-04-09,1,2891.00,2877.25,2884.00,2890.00,2880.00,day,1,2899.75,2884.25,2890.00,2896.00,2886.00,in_value
2019-04-10,2.00,added,,1.00,0.55,False,1.00,1420,2019-04-09,2,2894.25,2877.25,2886.00,2892.00,2882.00,day,1,2891.00,2877.25,2884.00,2890.00,2880.00,in_value
2019-04-11,2.00,added,,0.60,0.46,False,1.00,1420,2019-04-09,3,2898.50,2877.25,2886.00,2892.00,2882.00,composite,2,2894.25,2877.25,2886.00,2892.00,2882.00,above_range
2019-04-12,2.00,start,migration,0.00,,,,1421,2019-04-12,1,2914.75,2902.50,2908.00,2914.00,2904.00,composite,3,2898.50,2877.25,2886.00,2892.00,2882.00,above_range
2019-04-15,2.00,added,,0.80,0.56,False,1.00,1421,2019-04-12,2,2914.75,2900.50,2908.00,2914.00,2904.00,day,1,2914.75,2902.50,2908.00,2914.00,2904.00,in_value
2019-04-16,2.00,added,,0.60,0.41,False,1.00,1421,2019-04-12,3,2920.00,2900.50,2908.00,2914.00,2904.00,composite,2,2914.75,2900.50,2908.00,2914.00,2904.00,above_range
2019-04-17,2.00,added,,0.60,0.35,False,1.00,1421,2019-04-12,4,2923.50,2898.50,2906.00,2912.00,2902.00,composite,3,2920.00,2900.50,2908.00,2914.00,2904.00,above_range
2019-04-18,2.00,added,,0.80,0.50,False,1.00,1421,2019-04-12,5,2923.50,2895.00,2908.00,2914.00,2904.00,composite,4,2923.50,2898.50,2906.00,2912.00,2902.00,in_value
2019-04-22,2.00,added,,1.00,0.50,False,1.00,1421,2019-04-12,6,2923.50,2895.00,2908.00,2914.00,2904.00,composite,5,2923.50,2895.00,2908.00,2914.00,2904.00,below_value
2019-04-23,2.00,start,migration,0.00,,,,1422,2019-04-23,1,2939.75,2912.25,2936.00,2939.75,2924.00,composite,6,2923.50,2895.00,2908.00,2914.00,2904.00,above_value
2019-04-24,2.00,skipped_shape,,1.00,0.82,False,1.00,1422,2019-04-23,1,2939.75,2912.25,2936.00,2939.75,2924.00,day,1,2939.75,2912.25,2936.00,2939.75,2924.00,in_value
2019-04-25,2.00,skipped_shape,,0.71,0.82,False,0.43,1422,2019-04-23,1,2939.75,2912.25,2936.00,2939.75,2924.00,day,1,2939.50,2928.50,2932.00,2938.00,2932.00,below_value
2019-04-26,2.00,added,,1.00,0.72,False,0.60,1422,2019-04-23,2,2942.25,2912.25,2934.00,2940.00,2926.00,day,1,2935.00,2914.25,2932.00,2934.00,2920.00,in_value
2019-04-29,2.00,start,migration,0.00,,,,1423,2019-04-29,1,2951.50,2941.00,2948.00,2950.00,2944.00,composite,2,2942.25,2912.25,2934.00,2940.00,2926.00,above_value
2019-04-30,2.00,start,migration,0.29,,,,1424,2019-04-30,1,2950.25,2926.00,2938.00,2948.00,2934.00,day,1,2951.50,2941.00,2948.00,2950.00,2944.00,below_value
2019-05-01,2.00,start,migration,0.50,,,,1425,2019-05-01,1,2956.00,2924.50,2948.00,2956.00,2940.00,day,1,2950.25,2926.00,2938.00,2948.00,2934.00,above_range
2019-05-02,2.00,start,migration,0.00,,,,1426,2019-05-02,1,2932.75,2901.00,2916.00,2926.00,2908.00,day,1,2956.00,2924.50,2948.00,2956.00,2940.00,below_range
2019-05-03,2.00,start,migration,0.00,,,,1427,2019-05-03,1,2949.00,2931.25,2944.00,2949.00,2936.00,day,1,2932.75,2901.00,2916.00,2926.00,2908.00,above_range
2019-05-06,2.00,start,migration,0.00,,,,1428,2019-05-06,1,2938.25,2894.00,2916.00,2930.00,2904.00,day,1,2949.00,2931.25,2944.00,2949.00,2936.00,below_range
2019-05-07,2.00,start,migration,0.00,,,,1429,2019-05-07,1,2913.00,2862.50,2894.00,2896.00,2870.00,day,1,2938.25,2894.00,2916.00,2930.00,2904.00,in_value
2019-05-08,2.00,added,,1.00,0.52,False,0.71,1429,2019-05-07,2,2913.00,2862.50,2888.00,2898.00,2876.00,day,1,2913.00,2862.50,2894.00,2896.00,2870.00,in_value
2019-05-09,2.00,start,migration,0.00,,,,1430,2019-05-09,1,2877.00,2836.25,2866.00,2876.00,2846.00,composite,2,2913.00,2862.50,2888.00,2898.00,2876.00,below_range
2019-05-10,2.00,added,,0.71,0.60,False,0.39,1430,2019-05-09,2,2893.00,2826.00,2866.00,2876.00,2842.00,day,1,2877.00,2836.25,2866.00,2876.00,2846.00,in_value
2019-05-13,2.00,start,migration,0.00,,,,1431,2019-05-13,1,2837.75,2802.00,2814.00,2824.00,2806.00,composite,2,2893.00,2826.00,2866.00,2876.00,2842.00,below_value
2019-05-14,2.00,start,migration,0.00,,,,1432,2019-05-14,1,2853.75,2821.00,2844.00,2853.75,2836.00,day,1,2837.75,2802.00,2814.00,2824.00,2806.00,in_value
2019-05-15,2.00,skipped_shape,,0.69,0.77,False,0.71,1432,2019-05-14,1,2853.75,2821.00,2844.00,2853.75,2836.00,day,1,2853.75,2821.00,2844.00,2853.75,2836.00,below_range
2019-05-16,2.00,start,migration,0.00,,,,1433,2019-05-16,1,2894.00,2859.25,2884.00,2890.00,2876.00,day,1,2860.00,2815.75,2852.00,2860.00,2840.00,in_value
2019-05-17,2.00,start,migration,0.27,,,,1434,2019-05-17,1,2887.50,2852.50,2872.00,2882.00,2860.00,day,1,2894.00,2859.25,2884.00,2890.00,2876.00,below_range
2019-05-20,2.00,start,migration,0.00,,,,1435,2019-05-20,1,2855.75,2832.50,2844.00,2854.00,2840.00,day,1,2887.50,2852.50,2872.00,2882.00,2860.00,below_range
2019-05-21,2.00,start,migration,0.00,,,,1436,2019-05-21,1,2870.75,2856.50,2866.00,2870.75,2862.00,day,1,2855.75,2832.50,2844.00,2854.00,2840.00,above_range
2019-05-22,2.00,start,migration,0.00,,,,1437,2019-05-22,1,2868.00,2852.00,2860.00,2862.00,2852.00,day,1,2870.75,2856.50,2866.00,2870.75,2862.00,below_range
2019-05-23,2.00,start,migration,0.00,,,,1438,2019-05-23,1,2832.25,2805.75,2814.00,2824.00,2810.00,day,1,2868.00,2852.00,2860.00,2862.00,2852.00,below_range
2019-05-24,2.00,start,migration,0.00,,,,1439,2019-05-24,1,2842.00,2820.75,2830.00,2836.00,2826.00,day,1,2832.25,2805.75,2814.00,2824.00,2810.00,above_range
2019-05-28,2.00,start,migration,0.46,,,,1440,2019-05-28,1,2841.25,2801.00,2830.00,2840.00,2818.00,day,1,2842.00,2820.75,2830.00,2836.00,2826.00,in_value
2019-05-29,2.00,start,migration,0.00,,,,1441,2019-05-29,1,2792.75,2766.25,2778.00,2788.00,2774.00,day,1,2841.25,2801.00,2830.00,2840.00,2818.00,below_range
2019-05-30,2.00,added,,0.60,0.56,False,0.71,1441,2019-05-29,2,2799.00,2766.25,2784.00,2794.00,2772.00,day,1,2792.75,2766.25,2778.00,2788.00,2774.00,above_value
2019-05-31,2.00,start,migration,0.00,,,,1442,2019-05-31,1,2769.50,2750.50,2758.00,2764.00,2754.00,composite,2,2799.00,2766.25,2784.00,2794.00,2772.00,below_range
2019-06-03,2.00,start,migration,0.00,,,,1443,2019-06-03,1,2763.75,2728.75,2742.00,2752.00,2734.00,day,1,2769.50,2750.50,2758.00,2764.00,2754.00,below_value
2019-06-04,2.00,start,migration,0.00,,,,1444,2019-06-04,1,2805.00,2764.00,2790.00,2800.00,2778.00,day,1,2763.75,2728.75,2742.00,2752.00,2734.00,above_range
2019-06-05,2.00,start,migration,0.00,,,,1445,2019-06-05,1,2828.00,2801.00,2816.00,2826.00,2812.00,day,1,2805.00,2764.00,2790.00,2800.00,2778.00,above_range
2019-06-06,2.00,start,migration,0.14,,,,1446,2019-06-06,1,2853.00,2823.25,2832.00,2838.00,2824.00,day,1,2828.00,2801.00,2816.00,2826.00,2812.00,above_range
2019-06-07,2.00,start,migration,0.00,,,,1447,2019-06-07,1,2886.25,2854.75,2878.00,2884.00,2874.00,day,1,2853.00,2823.25,2832.00,2838.00,2824.00,above_range
2019-06-10,2.00,start,migration,0.00,,,,1448,2019-06-10,1,2905.75,2886.25,2894.00,2900.00,2890.00,day,1,2886.25,2854.75,2878.00,2884.00,2874.00,above_range
2019-06-11,2.00,start,migration,0.44,,,,1449,2019-06-11,1,2911.50,2879.25,2884.00,2898.00,2880.00,day,1,2905.75,2886.25,2894.00,2900.00,2890.00,above_range
2019-06-12,2.00,skipped_shape,,0.60,0.18,False,0.60,1449,2019-06-11,1,2911.50,2879.25,2884.00,2898.00,2880.00,day,1,2911.50,2879.25,2884.00,2898.00,2880.00,in_value
2019-06-13,2.00,added,,1.00,0.32,False,0.60,1449,2019-06-11,2,2911.50,2879.25,2888.00,2894.00,2880.00,day,1,2889.75,2875.25,2880.00,2886.00,2876.00,above_range
2019-06-14,2.00,added,,1.00,0.27,False,1.00,1449,2019-06-11,3,2911.50,2879.25,2886.00,2892.00,2882.00,composite,2,2911.50,2879.25,2888.00,2894.00,2880.00,in_value
2019-06-17,2.00,added,,1.00,0.32,False,0.60,1449,2019-06-11,4,2915.75,2883.50,2892.00,2902.00,2888.00,composite,3,2915.75,2883.50,2890.25,2896.25,2886.25,in_value
2019-06-18,2.00,start,migration,0.00,,,,1450,2019-06-18,1,2936.50,2910.25,2924.00,2934.00,2920.00,composite,4,2915.75,2883.50,2892.00,2902.00,2888.00,above_value
2019-06-19,2.00,added,,0.86,0.46,False,0.60,1450,2019-06-18,2,2936.75,2910.25,2922.00,2932.00,2918.00,day,1,2936.50,2910.25,2924.00,2934.00,2920.00,in_value
2019-06-20,2.00,start,migration,0.00,,,,1451,2019-06-20,1,2963.25,2935.75,2950.00,2960.00,2946.00,composite,2,2936.75,2910.25,2922.00,2932.00,2918.00,above_range
2019-06-21,2.00,added,,0.60,0.64,False,0.60,1451,2019-06-20,2,2969.25,2935.75,2956.00,2962.00,2948.00,day,1,2963.25,2935.75,2950.00,2960.00,2946.00,in_value
2019-06-24,2.00,added,,1.00,0.64,False,0.60,1451,2019-06-20,3,2969.25,2935.75,2956.00,2962.00,2948.00,composite,2,2969.25,2935.75,2956.00,2962.00,2948.00,in_value
2019-06-25,2.00,start,migration,0.00,,,,1452,2019-06-25,1,2951.25,2920.00,2938.00,2944.00,2926.00,composite,3,2969.25,2935.75,2956.00,2962.00,2948.00,in_value
2019-06-26,2.00,added,,0.60,0.36,False,1.00,1452,2019-06-25,2,2951.25,2917.00,2928.00,2938.00,2920.00,day,1,2951.25,2920.00,2938.00,2944.00,2926.00,in_value
2019-06-27,2.00,added,,1.00,0.36,False,0.60,1452,2019-06-25,3,2951.25,2917.00,2928.00,2934.00,2920.00,composite,2,2951.25,2917.00,2928.00,2938.00,2920.00,in_value
2019-06-28,2.00,start,migration,0.00,,,,1453,2019-06-28,1,2948.50,2932.75,2938.00,2944.00,2934.00,composite,3,2951.25,2917.00,2928.00,2934.00,2920.00,above_value
2019-07-01,2.00,start,migration,0.00,,,,1454,2019-07-01,1,2981.75,2955.50,2968.00,2974.00,2956.00,day,1,2948.50,2932.75,2938.00,2944.00,2934.00,above_range
2019-07-02,2.00,added,,1.00,0.54,False,0.60,1454,2019-07-01,2,2981.75,2955.50,2968.00,2974.00,2960.00,day,1,2981.75,2955.50,2968.00,2974.00,2956.00,in_value
2019-07-03,2.00,start,migration,0.00,,,,1455,2019-07-03,1,3001.50,2981.50,2988.00,2998.00,2984.00,composite,2,2981.75,2955.50,2968.00,2974.00,2960.00,above_range
2019-07-05,2.00,added,,0.67,0.66,False,0.43,1455,2019-07-03,2,3001.50,2971.25,2990.00,2996.00,2978.00,day,1,3001.50,2981.50,2988.00,2998.00,2984.00,in_value
2019-07-08,2.00,start,migration,0.33,,,,1456,2019-07-08,1,2984.75,2973.25,2978.00,2980.00,2974.00,composite,2,3001.50,2971.25,2990.00,2996.00,2978.00,in_value
2019-07-09,2.00,added,,0.60,0.62,False,0.33,1456,2019-07-08,2,2986.25,2965.75,2978.00,2980.00,2974.00,day,1,2984.75,2973.25,2978.00,2980.00,2974.00,below_range
2019-07-10,2.00,start,migration,0.00,,,,1457,2019-07-10,1,3007.50,2988.50,2996.00,3002.00,2992.00,composite,2,2986.25,2965.75,2978.00,2980.00,2974.00,above_range
2019-07-11,2.00,added,,0.80,0.45,False,1.00,1457,2019-07-10,2,3007.50,2988.50,2996.00,3002.00,2992.00,day,1,3007.50,2988.50,2996.00,3002.00,2992.00,above_value
2019-07-12,2.00,start,migration,0.00,,,,1458,2019-07-12,1,3018.00,3005.50,3010.00,3016.00,3006.00,composite,2,3007.50,2988.50,2996.00,3002.00,2992.00,above_range
2019-07-15,2.00,start,migration,0.33,,,,1459,2019-07-15,1,3021.50,3012.50,3014.00,3020.00,3014.00,day,1,3018.00,3005.50,3010.00,3016.00,3006.00,above_range
2019-07-16,2.00,start,migration,0.00,,,,1460,2019-07-16,1,3018.75,3004.50,3008.00,3014.00,3004.50,day,1,3021.50,3012.50,3014.00,3020.00,3014.00,in_value
2019-07-17,2.00,start,migration,0.00,,,,1461,2019-07-17,1,3009.25,2987.00,2996.00,3002.00,2992.00,day,1,3018.75,3004.50,3008.00,3014.00,3004.50,in_value
2019-07-18,2.00,start,migration,0.14,,,,1462,2019-07-18,1,3001.50,2975.75,2984.00,2994.00,2980.00,day,1,3009.25,2987.00,2996.00,3002.00,2992.00,below_range
2019-07-19,2.00,start,migration,0.33,,,,1463,2019-07-19,1,3009.75,2977.75,3000.00,3006.00,2988.00,day,1,3001.50,2975.75,2984.00,2994.00,2980.00,above_range
2019-07-22,2.00,start,migration,0.40,,,,1464,2019-07-22,1,2993.50,2978.50,2986.00,2992.00,2982.00,day,1,3009.75,2977.75,3000.00,3006.00,2988.00,below_value
2019-07-23,2.00,start,migration,0.13,,,,1465,2019-07-23,1,3008.25,2990.25,2994.00,3004.00,2990.25,day,1,2993.50,2978.50,2986.00,2992.00,2982.00,above_range
2019-07-24,2.00,start,migration,0.00,,,,1466,2019-07-24,1,3022.00,2998.75,3010.00,3016.00,3006.00,day,1,3008.25,2990.25,2994.00,3004.00,2990.25,in_value
2019-07-25,2.00,added,,0.60,0.42,False,0.60,1466,2019-07-24,2,3022.00,2998.00,3008.00,3014.00,3000.00,day,1,3022.00,2998.75,3010.00,3016.00,3006.00,above_value
2019-07-26,2.00,start,migration,0.00,,,,1467,2019-07-26,1,3029.50,3013.25,3022.00,3028.00,3018.00,composite,2,3022.00,2998.00,3008.00,3014.00,3000.00,above_value
2019-07-29,2.00,added,,1.00,0.61,False,1.00,1467,2019-07-26,2,3029.50,3013.25,3022.00,3028.00,3018.00,day,1,3029.50,3013.25,3022.00,3028.00,3018.00,in_value
2019-07-30,2.00,start,migration,0.00,,,,1468,2019-07-30,1,3018.25,3001.50,3010.00,3016.00,3006.00,composite,2,3029.50,3013.25,3022.00,3028.00,3018.00,below_range
2019-07-31,2.00,start,migration,0.31,,,,1469,2019-07-31,1,3018.50,2958.00,3014.00,3018.50,2986.00,day,1,3018.25,3001.50,3010.00,3016.00,3006.00,above_value
2019-08-01,2.00,skipped_shape,,0.52,0.93,False,0.16,1469,2019-07-31,1,3018.50,2958.00,3014.00,3018.50,2986.00,day,1,3018.50,2958.00,3014.00,3018.50,2986.00,below_value
2019-08-02,2.00,start,migration,0.00,,,,1470,2019-08-02,1,2946.00,2913.50,2922.00,2936.00,2918.00,day,1,3014.25,2944.50,3008.00,3014.00,2960.00,below_range
2019-08-05,2.00,start,migration,0.00,,,,1471,2019-08-05,1,2886.25,2820.50,2848.00,2870.00,2828.00,day,1,2946.00,2913.50,2922.00,2936.00,2918.00,below_range
2019-08-06,2.00,added,,0.77,0.54,False,0.46,1471,2019-08-05,2,2886.25,2820.50,2856.00,2878.00,2848.00,day,1,2886.25,2820.50,2848.00,2870.00,2828.00,in_value
2019-08-07,2.00,added,,0.79,0.49,False,0.39,1471,2019-08-05,3,2891.50,2820.50,2854.00,2880.00,2846.00,composite,2,2886.25,2820.50,2856.00,2878.00,2848.00,below_value
2019-08-08,2.00,start,migration,0.00,,,,1472,2019-08-08,1,2939.00,2892.50,2926.00,2936.00,2914.00,composite,3,2891.50,2820.50,2854.00,2880.00,2846.00,above_range
2019-08-09,2.00,added,,0.64,0.73,False,0.33,1472,2019-08-08,2,2939.00,2892.50,2926.00,2932.00,2910.00,day,1,2939.00,2892.50,2926.00,2936.00,2914.00,in_value
2019-08-12,2.00,start,migration,0.00,,,,1473,2019-08-12,1,2908.25,2872.50,2892.00,2906.00,2888.00,composite,2,2939.00,2892.50,2926.00,2932.00,2910.00,below_value
2019-08-13,2.00,start,migration,0.00,,,,1474,2019-08-13,1,2944.25,2875.75,2930.00,2940.00,2918.00,day,1,2908.25,2872.50,2892.00,2906.00,2888.00,below_value
2019-08-14,2.00,start,migration,0.00,,,,1475,2019-08-14,1,2889.75,2839.25,2856.00,2866.00,2840.00,day,1,2944.25,2875.75,2930.00,2940.00,2918.00,below_value
2019-08-15,2.00,added,,0.89,0.41,False,0.71,1475,2019-08-14,2,2889.75,2825.00,2850.00,2860.00,2838.00,day,1,2889.75,2839.25,2856.00,2866.00,2840.00,in_value
2019-08-16,2.00,start,migration,0.00,,,,1476,2019-08-16,1,2894.75,2865.00,2888.00,2894.00,2880.00,composite,2,2889.75,2825.00,2850.00,2860.00,2838.00,above_value
2019-08-19,2.00,start,migration,0.00,,,,1477,2019-08-19,1,2932.25,2915.50,2926.00,2932.00,2922.00,day,1,2894.75,2865.00,2888.00,2894.00,2880.00,above_range
2019-08-20,2.00,start,migration,0.00,,,,1478,2019-08-20,1,2924.50,2900.25,2910.00,2920.00,2906.00,day,1,2932.25,2915.50,2926.00,2932.00,2922.00,below_value
2019-08-21,2.00,start,migration,0.00,,,,1479,2019-08-21,1,2929.50,2918.00,2924.00,2929.50,2920.00,day,1,2924.50,2900.25,2910.00,2920.00,2906.00,above_range
2019-08-22,2.00,added,,0.53,0.58,False,0.60,1479,2019-08-21,2,2939.75,2904.25,2924.00,2930.00,2916.00,day,1,2929.50,2918.00,2924.00,2929.50,2920.00,above_range
2019-08-23,2.00,start,migration,0.00,,,,1480,2019-08-23,1,2927.75,2834.00,2864.00,2898.00,2836.00,composite,2,2939.75,2904.25,2924.00,2930.00,2916.00,below_value
2019-08-26,2.00,added,,1.00,0.35,False,1.00,1480,2019-08-23,2,2927.75,2834.00,2866.00,2884.00,2850.00,day,1,2927.75,2834.00,2864.00,2898.00,2836.00,in_value
2019-08-27,2.00,added,,1.00,0.37,False,1.00,1480,2019-08-23,3,2927.75,2834.00,2868.00,2882.00,2856.00,composite,2,2927.75,2834.00,2866.00,2884.00,2850.00,above_value
2019-08-28,2.00,added,,0.56,0.37,False,0.46,1480,2019-08-23,4,2927.75,2834.00,2868.00,2890.00,2860.00,composite,3,2927.75,2834.00,2868.00,2882.00,2856.00,in_value
2019-08-29,2.00,start,migration,0.00,,,,1481,2019-08-29,1,2930.75,2905.25,2924.00,2930.00,2916.00,composite,4,2927.75,2834.00,2868.00,2890.00,2860.00,above_value
2019-08-30,2.00,added,,0.86,0.55,False,0.60,1481,2019-08-29,2,2941.75,2905.25,2924.00,2930.00,2916.00,day,1,2930.75,2905.25,2924.00,2930.00,2916.00,above_range
2019-09-03,2.00,start,migration,0.00,,,,1482,2019-09-03,1,2914.50,2891.00,2900.00,2910.00,2896.00,composite,2,2941.75,2905.25,2924.00,2930.00,2916.00,below_range
2019-09-04,2.00,start,migration,0.00,,,,1483,2019-09-04,1,2939.00,2921.50,2930.00,2936.00,2926.00,day,1,2914.50,2891.00,2900.00,2910.00,2896.00,above_range
2019-09-05,2.00,start,migration,0.00,,,,1484,2019-09-05,1,2986.50,2964.50,2976.00,2982.00,2972.00,day,1,2939.00,2921.50,2930.00,2936.00,2926.00,above_range
2019-09-06,2.00,added,,0.67,0.71,False,1.00,1484,2019-09-05,2,2986.50,2964.50,2980.00,2986.00,2976.00,day,1,2986.50,2964.50,2976.00,2982.00,2972.00,in_value
2019-09-09,2.00,added,,0.56,0.46,False,1.00,1484,2019-09-05,3,2990.25,2964.50,2976.00,2982.00,2972.00,composite,2,2986.50,2964.50,2980.00,2986.00,2976.00,above_range
2019-09-10,2.00,start,migration,0.14,,,,1485,2019-09-10,1,2979.75,2957.25,2964.00,2974.00,2960.00,composite,3,2990.25,2964.50,2976.00,2982.00,2972.00,below_value
2019-09-11,2.00,start,migration,0.00,,,,1486,2019-09-11,1,3001.00,2974.75,2992.00,2998.00,2984.00,day,1,2979.75,2957.25,2964.00,2974.00,2960.00,above_range
2019-09-12,2.00,start,migration,0.00,,,,1487,2019-09-12,1,3021.75,3001.00,3016.00,3021.75,3008.00,day,1,3001.00,2974.75,2992.00,2998.00,2984.00,above_range
2019-09-13,2.00,added,,0.80,0.50,False,0.60,1487,2019-09-12,2,3021.75,3001.00,3010.00,3020.00,3006.00,day,1,3021.75,3001.00,3016.00,3021.75,3008.00,in_value
2019-09-16,2.00,start,migration,0.00,,,,1488,2019-09-16,1,3005.25,2993.25,2998.00,3004.00,2994.00,composite,2,3023.75,3003.00,3012.00,3022.00,3008.00,below_range
2019-09-17,2.00,added,,0.67,0.50,False,1.00,1488,2019-09-16,2,3009.00,2993.25,3000.00,3006.00,2996.00,day,1,3005.25,2993.25,2998.00,3004.00,2994.00,in_value
2019-09-18,2.00,added,,0.71,0.66,False,1.00,1488,2019-09-16,3,3010.75,2980.75,3000.00,3006.00,2996.00,composite,2,3009.00,2993.25,3000.00,3006.00,2996.00,in_value
2019-09-19,2.00,start,migration,0.00,,,,1489,2019-09-19,1,3024.50,3004.75,3014.00,3024.00,3014.00,composite,3,3010.75,2980.75,3000.00,3006.00,2996.00,above_range
2019-09-20,2.00,start,migration,0.20,,,,1490,2019-09-20,1,3018.00,2985.25,3010.00,3018.00,2998.00,day,1,3024.50,3004.75,3014.00,3024.00,3014.00,in_value
2019-09-23,2.00,start,migration,0.31,,,,1491,2019-09-23,1,3000.75,2983.50,2996.00,3000.75,2992.00,day,1,3018.00,2985.25,3010.00,3018.00,2998.00,below_value
2019-09-24,2.00,start,migration,0.00,,,,1492,2019-09-24,1,3009.25,2958.50,2968.00,2990.00,2960.00,day,1,3000.75,2983.50,2996.00,3000.75,2992.00,above_range
2019-09-25,2.00,added,,1.00,0.40,False,0.56,1492,2019-09-24,2,3009.25,2953.75,2974.00,2984.00,2958.00,day,1,3009.25,2958.50,2968.00,2990.00,2960.00,in_value
2019-09-26,2.00,added,,1.00,0.40,False,0.71,1492,2019-09-24,3,3009.25,2953.75,2974.00,2984.00,2962.00,composite,2,3009.25,2953.75,2974.00,2984.00,2958.00,above_value
2019-09-27,2.00,added,,0.60,0.48,False,0.56,1492,2019-09-24,4,3009.25,2946.25,2976.00,2986.00,2960.00,composite,3,3009.25,2953.75,2974.00,2984.00,2962.00,above_value
2019-09-30,2.00,added,,1.00,0.48,False,0.71,1492,2019-09-24,5,3009.25,2946.25,2976.00,2986.00,2964.00,composite,4,3009.25,2946.25,2976.00,2986.00,2960.00,in_value
2019-10-01,2.00,start,migration,0.20,,,,1493,2019-10-01,1,2994.00,2938.50,2948.00,2970.00,2940.00,composite,5,3009.25,2946.25,2976.00,2986.00,2964.00,above_value
2019-10-02,2.00,start,migration,0.00,,,,1494,2019-10-02,1,2923.75,2874.00,2888.00,2898.00,2876.00,day,1,2994.00,2938.50,2948.00,2970.00,2940.00,below_range
2019-10-03,2.00,added,,0.61,0.50,False,0.56,1494,2019-10-02,2,2923.75,2855.00,2888.00,2906.00,2880.00,day,1,2923.75,2874.00,2888.00,2898.00,2876.00,in_value
2019-10-04,2.00,start,migration,0.00,,,,1495,2019-10-04,1,2953.25,2917.50,2936.00,2946.00,2924.00,composite,2,2923.75,2855.00,2888.00,2906.00,2880.00,above_value
2019-10-07,2.00,start,migration,0.43,,,,1496,2019-10-07,1,2959.50,2934.25,2948.00,2954.00,2940.00,day,1,2953.25,2917.50,2936.00,2946.00,2924.00,in_value
2019-10-08,2.00,start,migration,0.00,,,,1497,2019-10-08,1,2924.75,2890.75,2906.00,2916.00,2898.00,day,1,2959.50,2934.25,2948.00,2954.00,2940.00,below_range
2019-10-09,2.00,start,migration,0.29,,,,1498,2019-10-09,1,2929.50,2906.50,2916.00,2926.00,2912.00,day,1,2924.75,2890.75,2906.00,2916.00,2898.00,in_value
2019-10-10,2.00,start,migration,0.00,,,,1499,2019-10-10,1,2948.25,2915.75,2934.00,2944.00,2930.00,day,1,2929.50,2906.50,2916.00,2926.00,2912.00,in_value
2019-10-11,2.00,start,migration,0.00,,,,1500,2019-10-11,1,2994.00,2967.50,2982.00,2992.00,2978.00,day,1,2948.25,2915.75,2934.00,2944.00,2930.00,above_range
2019-10-14,2.00,start,migration,0.00,,,,1501,2019-10-14,1,2972.50,2961.50,2968.00,2970.00,2964.00,day,1,2994.00,2967.50,2982.00,2992.00,2978.00,below_range
2019-10-15,2.00,start,migration,0.00,,,,1502,2019-10-15,1,3003.25,2975.50,2998.00,3003.25,2994.00,day,1,2972.50,2961.50,2968.00,2970.00,2964.00,above_range
2019-10-16,2.00,start,migration,0.20,,,,1503,2019-10-16,1,2997.50,2984.75,2990.00,2996.00,2986.00,day,1,3003.25,2975.50,2998.00,3003.25,2994.00,below_value
2019-10-17,2.00,start,migration,0.20,,,,1504,2019-10-17,1,3008.00,2990.50,2998.00,3004.00,2994.00,day,1,2997.50,2984.75,2990.00,2996.00,2986.00,above_range
2019-10-18,2.00,start,migration,0.14,,,,1505,2019-10-18,1,2999.00,2975.00,2990.00,2996.00,2982.00,day,1,3008.00,2990.50,2998.00,3004.00,2994.00,below_value
2019-10-21,2.00,start,migration,0.00,,,,1506,2019-10-21,1,3007.50,2994.50,3002.00,3007.50,2998.00,day,1,2999.00,2975.00,2990.00,2996.00,2982.00,above_range
2019-10-22,2.00,start,migration,0.19,,,,1507,2019-10-22,1,3014.00,2994.25,3010.00,3014.00,3006.00,day,1,3007.50,2994.50,3002.00,3007.50,2998.00,above_range
2019-10-23,2.00,start,migration,0.00,,,,1508,2019-10-23,1,3004.50,2989.75,2998.00,3004.00,2994.00,day,1,3014.00,2994.25,3010.00,3014.00,3006.00,below_range
2019-10-24,2.00,start,migration,0.40,,,,1509,2019-10-24,1,3015.25,2998.75,3004.00,3010.00,3000.00,day,1,3004.50,2989.75,2998.00,3004.00,2994.00,above_range
2019-10-25,2.00,start,migration,0.00,,,,1510,2019-10-25,1,3026.50,3001.25,3020.00,3026.00,3012.00,day,1,3015.25,2998.75,3004.00,3010.00,3000.00,in_value
2019-10-28,2.00,start,migration,0.00,,,,1511,2019-10-28,1,3042.75,3033.25,3038.00,3040.00,3034.00,day,1,3026.50,3001.25,3020.00,3026.00,3012.00,above_range
2019-10-29,2.00,start,migration,0.40,,,,1512,2019-10-29,1,3046.25,3032.25,3036.00,3046.00,3036.00,day,1,3042.75,3033.25,3038.00,3040.00,3034.00,in_value
2019-10-30,2.00,start,migration,0.33,,,,1513,2019-10-30,1,3049.00,3023.25,3032.00,3042.00,3024.00,day,1,3046.25,3032.25,3036.00,3046.00,3036.00,in_value
2019-10-31,2.00,added,,0.80,0.37,False,0.60,1513,2019-10-30,2,3049.00,3020.25,3030.00,3036.00,3022.00,day,1,3049.00,3023.25,3032.00,3042.00,3024.00,above_value
2019-11-01,2.00,start,migration,0.00,,,,1514,2019-11-01,1,3065.00,3050.25,3058.00,3064.00,3054.00,composite,2,3049.00,3020.25,3030.00,3036.00,3022.00,above_range
2019-11-04,2.00,start,migration,0.00,,,,1515,2019-11-04,1,3083.00,3072.50,3076.00,3082.00,3076.00,day,1,3065.00,3050.25,3058.00,3064.00,3054.00,above_range
2019-11-05,2.00,start,migration,0.40,,,,1516,2019-11-05,1,3082.00,3069.75,3074.00,3080.00,3070.00,day,1,3083.00,3072.50,3076.00,3082.00,3076.00,in_value
2019-11-06,2.00,added,,0.60,0.59,False,1.00,1516,2019-11-05,2,3082.00,3063.00,3074.00,3080.00,3070.00,day,1,3082.00,3069.75,3074.00,3080.00,3070.00,in_value
2019-11-07,2.00,start,migration,0.00,,,,1517,2019-11-07,1,3097.00,3078.75,3090.00,3096.00,3086.00,composite,2,3082.00,3063.00,3074.00,3080.00,3070.00,above_range
2019-11-08,2.00,start,migration,0.40,,,,1518,2019-11-08,1,3092.00,3072.50,3084.00,3090.00,3080.00,day,1,3097.00,3078.75,3090.00,3096.00,3086.00,below_value
2019-11-11,2.00,added,,1.00,0.59,False,1.00,1518,2019-11-08,2,3092.00,3072.50,3084.00,3090.00,3080.00,day,1,3092.00,3072.50,3084.00,3090.00,3080.00,below_value
2019-11-12,2.00,start,migration,0.29,,,,1519,2019-11-12,1,3102.00,3083.00,3094.00,3100.00,3086.00,composite,2,3092.00,3072.50,3084.00,3090.00,3080.00,in_value
2019-11-13,2.00,added,,0.80,0.58,False,1.00,1519,2019-11-12,2,3102.00,3078.00,3092.00,3098.00,3088.00,day,1,3102.00,3083.00,3094.00,3100.00,3086.00,below_range
2019-11-14,2.00,added,,0.60,0.58,False,1.00,1519,2019-11-12,3,3102.00,3078.00,3092.00,3098.00,3088.00,composite,2,3102.00,3078.00,3092.00,3098.00,3088.00,in_value
2019-11-15,2.00,start,migration,0.00,,,,1520,2019-11-15,1,3119.25,3103.25,3112.00,3118.00,3108.00,composite,3,3102.00,3078.00,3092.00,3098.00,3088.00,above_range
2019-11-18,2.00,skipped_daytype,,0.60,,,,1520,2019-11-15,1,3119.25,3103.25,3112.00,3118.00,3108.00,day,1,3119.25,3103.25,3112.00,3118.00,3108.00,in_value
2019-11-19,2.00,start,migration,0.20,,,,1521,2019-11-19,1,3128.00,3112.75,3120.00,3126.00,3116.00,day,1,3123.50,3111.00,3120.00,3122.00,3112.00,above_range
2019-11-20,2.00,start,migration,0.00,,,,1522,2019-11-20,1,3118.50,3090.75,3102.00,3116.00,3094.00,day,1,3128.00,3112.75,3120.00,3126.00,3116.00,below_value
2019-11-21,2.00,added,,1.00,0.43,False,0.60,1522,2019-11-20,2,3118.50,3090.75,3102.00,3108.00,3094.00,day,1,3118.50,3090.75,3102.00,3116.00,3094.00,in_value
2019-11-22,2.00,added,,0.61,0.57,False,0.60,1522,2019-11-20,3,3118.50,3090.75,3106.00,3112.00,3098.00,composite,2,3118.50,3090.75,3102.00,3108.00,3094.00,above_value
2019-11-25,2.00,start,migration,0.00,,,,1523,2019-11-25,1,3133.50,3119.25,3128.00,3133.50,3124.00,composite,3,3118.50,3090.75,3106.00,3112.00,3098.00,above_range
2019-11-26,2.00,start,migration,0.15,,,,1524,2019-11-26,1,3142.00,3129.75,3136.00,3142.00,3132.00,day,1,3133.50,3119.25,3128.00,3133.50,3124.00,above_range
2019-11-27,2.00,start,migration,0.00,,,,1525,2019-11-27,1,3153.75,3142.25,3150.00,3152.00,3142.25,day,1,3142.00,3129.75,3136.00,3142.00,3132.00,above_range
2019-11-29,2.00,skipped_shape,,0.78,0.44,False,0.20,1525,2019-11-27,1,3153.75,3142.25,3150.00,3152.00,3142.25,day,1,3153.75,3142.25,3150.00,3152.00,3142.25,in_value
2019-12-02,2.00,start,migration,0.00,,,,1526,2019-12-02,1,3145.25,3110.25,3116.00,3126.00,3112.00,day,1,3150.25,3139.50,3144.00,3150.00,3140.00,in_value
2019-12-03,2.00,start,migration,0.00,,,,1527,2019-12-03,1,3094.75,3069.50,3082.00,3088.00,3074.00,day,1,3145.25,3110.25,3116.00,3126.00,3112.00,below_range
2019-12-04,2.00,start,migration,0.00,,,,1528,2019-12-04,1,3119.50,3101.25,3114.00,3119.50,3110.00,day,1,3094.75,3069.50,3082.00,3088.00,3074.00,above_range
2019-12-05,2.00,added,,0.60,0.59,False,1.00,1528,2019-12-04,2,3120.25,3101.25,3112.00,3118.00,3108.00,day,1,3119.50,3101.25,3114.00,3119.50,3110.00,above_range
2019-12-06,2.00,start,migration,0.00,,,,1529,2019-12-06,1,3151.00,3138.50,3148.00,3150.00,3144.00,composite,2,3120.25,3101.25,3112.00,3118.00,3108.00,above_range
2019-12-09,2.00,skipped_shape,,0.58,0.83,False,0.20,1529,2019-12-06,1,3151.00,3138.50,3148.00,3150.00,3144.00,day,1,3151.00,3138.50,3148.00,3150.00,3144.00,below_value
2019-12-10,2.00,start,migration,0.00,,,,1530,2019-12-10,1,3143.00,3125.50,3136.00,3142.00,3132.00,day,1,3149.50,3135.50,3140.00,3149.50,3140.00,below_value
2019-12-11,2.00,added,,1.00,0.59,False,1.00,1530,2019-12-10,2,3144.50,3125.50,3136.00,3142.00,3132.00,day,1,3143.00,3125.50,3136.00,3142.00,3132.00,in_value
2019-12-12,2.00,start,migration,0.00,,,,1531,2019-12-12,1,3177.50,3138.75,3156.00,3170.00,3152.00,composite,2,3144.50,3125.50,3136.00,3142.00,3132.00,in_value
2019-12-13,2.00,added,,0.60,0.65,False,0.43,1531,2019-12-12,2,3184.00,3138.75,3168.00,3174.00,3156.00,day,1,3177.50,3138.75,3156.00,3170.00,3152.00,in_value
2019-12-16,2.00,start,migration,0.00,,,,1532,2019-12-16,1,3202.50,3191.75,3200.00,3202.00,3196.00,composite,2,3187.00,3141.75,3171.00,3177.00,3159.00,above_range
2019-12-17,2.00,added,,0.73,0.64,False,1.00,1532,2019-12-16,2,3203.50,3191.75,3198.00,3203.50,3194.00,day,1,3202.50,3191.75,3200.00,3202.00,3196.00,in_value
2019-12-18,2.00,added,,1.00,0.64,False,0.33,1532,2019-12-16,3,3203.50,3191.75,3198.00,3203.50,3198.00,composite,2,3203.50,3191.75,3198.00,3203.50,3194.00,in_value
2019-12-19,2.00,start,migration,0.17,,,,1533,2019-12-19,1,3211.00,3197.50,3206.00,3211.00,3202.00,composite,3,3203.50,3191.75,3198.00,3203.50,3198.00,in_value
2019-12-20,2.00,start,migration,0.00,,,,1534,2019-12-20,1,3229.50,3219.25,3226.00,3228.00,3222.00,day,1,3211.00,3197.50,3206.00,3211.00,3202.00,above_range
2019-12-23,2.00,added,,0.65,0.64,False,0.33,1534,2019-12-20,2,3230.75,3219.25,3226.00,3230.75,3226.00,day,1,3229.50,3219.25,3226.00,3228.00,3222.00,above_range
2019-12-24,2.00,added,,0.58,0.64,False,0.33,1534,2019-12-20,3,3230.75,3219.25,3226.00,3228.00,3222.00,composite,2,3230.75,3219.25,3226.00,3230.75,3226.00,in_value
2019-12-26,2.00,start,migration,0.00,,,,1535,2019-12-26,1,3242.75,3229.00,3234.00,3240.00,3234.00,composite,3,3230.75,3219.25,3226.00,3228.00,3222.00,above_value
2019-12-27,2.00,start,migration,0.20,,,,1536,2019-12-27,1,3251.00,3235.50,3242.00,3248.00,3238.00,day,1,3242.75,3229.00,3234.00,3240.00,3234.00,above_range
2019-12-30,2.00,start,migration,0.00,,,,1537,2019-12-30,1,3243.00,3217.25,3224.00,3230.00,3220.00,day,1,3251.00,3235.50,3242.00,3248.00,3238.00,in_value
2019-12-31,2.00,start,migration,0.40,,,,1538,2019-12-31,1,3232.50,3213.00,3218.00,3224.00,3214.00,day,1,3243.00,3217.25,3224.00,3230.00,3220.00,below_range
2020-01-02,2.00,start,migration,0.00,,,,1539,2020-01-02,1,3258.75,3235.50,3242.00,3248.00,3238.00,day,1,3232.50,3213.00,3218.00,3224.00,3214.00,above_range
2020-01-03,2.00,added,,0.57,0.53,False,0.60,1539,2020-01-02,2,3258.75,3220.75,3240.00,3246.00,3232.00,day,1,3258.75,3235.50,3242.00,3248.00,3238.00,below_range
2020-01-06,2.00,added,,0.86,0.60,False,0.60,1539,2020-01-02,3,3258.75,3213.25,3240.00,3246.00,3232.00,composite,2,3258.75,3220.75,3240.00,3246.00,3232.00,below_range
2020-01-07,2.00,added,,1.00,0.56,False,0.60,1539,2020-01-02,4,3258.75,3213.25,3238.00,3244.00,3230.00,composite,3,3258.75,3213.25,3240.00,3246.00,3232.00,in_value
2020-01-08,2.00,start,migration,0.00,,,,1540,2020-01-08,1,3267.75,3236.00,3256.00,3266.00,3244.00,composite,4,3258.75,3213.25,3238.00,3244.00,3230.00,in_value
2020-01-09,2.00,start,migration,0.00,,,,1541,2020-01-09,1,3276.75,3264.25,3270.00,3276.00,3270.00,day,1,3267.75,3236.00,3256.00,3266.00,3244.00,above_range
2020-01-10,2.00,start,migration,0.43,,,,1542,2020-01-10,1,3283.75,3260.75,3272.00,3282.00,3268.00,day,1,3276.75,3264.25,3270.00,3276.00,3270.00,above_range
2020-01-13,2.00,skipped_shape,,0.57,0.77,False,0.14,1542,2020-01-10,1,3283.75,3260.75,3272.00,3282.00,3268.00,day,1,3283.75,3260.75,3272.00,3282.00,3268.00,in_value
2020-01-14,2.00,start,migration,0.20,,,,1543,2020-01-14,1,3295.00,3277.25,3284.00,3290.00,3280.00,day,1,3288.75,3268.00,3282.00,3288.00,3274.00,in_value
2020-01-15,2.00,start,migration,0.40,,,,1544,2020-01-15,1,3299.00,3281.25,3290.00,3296.00,3286.00,day,1,3295.00,3277.25,3284.00,3290.00,3280.00,in_value
2020-01-16,2.00,start,migration,0.00,,,,1545,2020-01-16,1,3317.75,3302.75,3306.00,3312.00,3302.75,day,1,3299.00,3281.25,3290.00,3296.00,3286.00,above_range
2020-01-17,2.00,start,migration,0.00,,,,1546,2020-01-17,1,3330.25,3319.00,3324.00,3326.00,3320.00,day,1,3317.75,3302.75,3306.00,3312.00,3302.75,above_range
2020-01-21,2.00,added,,0.60,0.44,False,1.00,1546,2020-01-17,2,3330.25,3316.00,3322.00,3328.00,3318.00,day,1,3330.25,3319.00,3324.00,3326.00,3320.00,below_range
2020-01-22,2.00,start,migration,0.40,,,,1547,2020-01-22,1,3337.50,3319.50,3328.00,3334.00,3324.00,composite,2,3330.25,3316.00,3322.00,3328.00,3318.00,above_range
2020-01-23,2.00,start,migration,0.00,,,,1548,2020-01-23,1,3327.00,3301.25,3308.00,3322.00,3304.00,day,1,3337.50,3319.50,3328.00,3334.00,3324.00,below_range
2020-01-24,2.00,start,migration,0.30,,,,1549,2020-01-24,1,3332.50,3280.50,3296.00,3314.00,3280.50,day,1,3327.00,3301.25,3308.00,3322.00,3304.00,above_range
2020-01-27,2.00,start,migration,0.00,,,,1550,2020-01-27,1,3257.75,3233.00,3250.00,3256.00,3242.00,day,1,3332.50,3280.50,3296.00,3314.00,3280.50,below_range
2020-01-28,2.00,start,migration,0.00,,,,1551,2020-01-28,1,3285.00,3251.75,3276.00,3285.00,3268.00,day,1,3257.75,3233.00,3250.00,3256.00,3242.00,above_value
2020-01-29,2.00,added,,0.64,0.61,False,0.60,1551,2020-01-28,2,3292.75,3251.75,3276.00,3286.00,3272.00,day,1,3285.00,3251.75,3276.00,3285.00,3268.00,above_range
2020-01-30,2.00,start,migration,0.00,,,,1552,2020-01-30,1,3285.25,3241.00,3252.00,3266.00,3248.00,composite,2,3292.75,3251.75,3276.00,3286.00,3272.00,below_range
2020-01-31,2.00,start,migration,0.07,,,,1553,2020-01-31,1,3277.50,3212.75,3232.00,3250.00,3220.00,day,1,3285.25,3241.00,3252.00,3266.00,3248.00,above_value
2020-02-03,2.00,added,,0.57,0.50,False,0.78,1553,2020-01-31,2,3277.50,3212.75,3244.00,3262.00,3232.00,day,1,3277.50,3212.75,3232.00,3250.00,3220.00,in_value
2020-02-04,2.00,start,migration,0.00,,,,1554,2020-02-04,1,3305.25,3282.25,3300.00,3305.25,3296.00,composite,2,3277.50,3212.75,3244.00,3262.00,3232.00,above_range
2020-02-05,2.00,start,migration,0.00,,,,1555,2020-02-05,1,3336.00,3311.75,3322.00,3332.00,3318.00,day,1,3305.25,3282.25,3300.00,3305.25,3296.00,above_range
2020-02-06,2.00,start,migration,0.00,,,,1556,2020-02-06,1,3346.50,3332.75,3342.00,3346.50,3338.00,day,1,3336.00,3311.75,3322.00,3332.00,3318.00,above_range
2020-02-07,2.00,start,migration,0.14,,,,1557,2020-02-07,1,3341.25,3320.75,3334.00,3340.00,3326.00,day,1,3346.50,3332.75,3342.00,3346.50,3338.00,below_value
2020-02-10,2.00,added,,0.57,0.58,False,0.60,1557,2020-02-07,2,3351.75,3316.25,3336.00,3342.00,3328.00,day,1,3341.25,3320.75,3334.00,3340.00,3326.00,below_range
2020-02-11,2.00,start,migration,0.00,,,,1558,2020-02-11,1,3374.50,3351.75,3360.00,3370.00,3356.00,composite,2,3351.75,3316.25,3336.00,3342.00,3328.00,above_range
2020-02-12,2.00,start,migration,0.00,,,,1559,2020-02-12,1,3380.75,3368.50,3374.00,3380.00,3370.00,day,1,3374.50,3351.75,3360.00,3370.00,3356.00,above_value
2020-02-13,2.00,added,,0.71,0.61,False,1.00,1559,2020-02-12,2,3384.75,3359.00,3374.00,3380.00,3370.00,day,1,3380.75,3368.50,3374.00,3380.00,3370.00,below_range
2020-02-14,2.00,added,,0.80,0.61,False,1.00,1559,2020-02-12,3,3384.75,3359.00,3374.00,3380.00,3370.00,composite,2,3384.75,3359.00,3374.00,3380.00,3370.00,in_value
2020-02-18,2.00,start,migration,0.39,,,,1560,2020-02-18,1,3375.00,3355.25,3366.00,3375.00,3362.00,composite,3,3384.75,3359.00,3374.00,3380.00,3370.00,below_value
2020-02-19,2.00,start,migration,0.00,,,,1561,2020-02-19,1,3393.75,3377.75,3390.00,3392.00,3382.00,day,1,3375.00,3355.25,3366.00,3375.00,3362.00,above_range
2020-02-20,2.00,start,migration,0.00,,,,1562,2020-02-20,1,3389.00,3339.25,3362.00,3376.00,3350.00,day,1,3393.75,3377.75,3390.00,3392.00,3382.00,below_value
2020-02-21,2.00,start,migration,0.00,,,,1563,2020-02-21,1,3360.50,3328.00,3336.00,3346.00,3332.00,day,1,3389.00,3339.25,3362.00,3376.00,3350.00,in_value
2020-02-24,2.00,start,migration,0.00,,,,1564,2020-02-24,1,3260.00,3213.75,3236.00,3250.00,3224.00,day,1,3360.50,3328.00,3336.00,3346.00,3332.00,below_range
2020-02-25,2.00,start,migration,0.00,,,,1565,2020-02-25,1,3247.25,3117.25,3184.00,3214.00,3132.00,day,1,3260.00,3213.75,3236.00,3250.00,3224.00,in_value
2020-02-26,2.00,skipped_shape,,0.64,0.15,False,0.26,1565,2020-02-25,1,3247.25,3117.25,3184.00,3214.00,3132.00,day,1,3247.25,3117.25,3184.00,3214.00,3132.00,in_value
2020-02-27,2.00,start,migration,0.00,,,,1566,2020-02-27,1,3096.25,2973.75,3036.00,3070.00,3020.00,day,1,3182.00,3107.50,3126.00,3164.00,3114.00,below_range
2020-02-28,2.00,start,migration,0.00,,,,1567,2020-02-28,1,2966.00,2853.25,2908.00,2934.00,2880.00,day,1,3096.25,2973.75,3036.00,3070.00,3020.00,below_range
2020-03-02,2.00,start,migration,0.00,,,,1568,2020-03-02,1,3090.75,2942.50,3016.00,3038.00,2976.00,day,1,2966.00,2853.25,2908.00,2934.00,2880.00,above_range
2020-03-03,2.00,start,migration,0.30,,,,1569,2020-03-03,1,3137.00,2973.00,3056.00,3098.00,3012.00,day,1,3090.75,2942.50,3016.00,3038.00,2976.00,above_range
2020-03-04,2.00,skipped_daytype,,1.00,,,,1569,2020-03-03,1,3137.00,2973.00,3056.00,3098.00,3012.00,day,1,3137.00,2973.00,3056.00,3098.00,3012.00,in_value
2020-03-05,2.00,skipped_shape,,0.88,0.51,False,0.26,1569,2020-03-03,1,3137.00,2973.00,3056.00,3098.00,3012.00,day,1,3129.00,3030.75,3058.00,3084.00,3030.75,in_value
2020-03-06,2.00,start,migration,0.00,,,,1570,2020-03-06,1,2984.25,2898.00,2944.00,2962.00,2920.00,day,1,3082.25,2996.50,3026.00,3056.00,3006.00,below_range
2020-03-09,2.00,start,migration,0.00,,,,1571,2020-03-09,1,2836.75,2715.00,2778.00,2812.00,2750.00,day,1,2984.25,2898.00,2944.00,2962.00,2920.00,below_range
2020-03-10,2.00,added,,0.84,0.42,False,0.79,1571,2020-03-09,2,2882.00,2715.00,2784.00,2814.00,2748.00,day,1,2836.75,2715.00,2778.00,2812.00,2750.00,above_range
2020-03-11,2.00,added,,0.85,0.46,False,0.62,1571,2020-03-09,3,2882.00,2702.75,2784.00,2810.00,2744.00,composite,2,2882.00,2715.00,2784.00,2814.00,2748.00,in_value
2020-03-12,2.00,start,migration,0.00,,,,1572,2020-03-12,1,2658.75,2465.00,2532.00,2578.00,2504.00,composite,3,2882.00,2702.75,2784.00,2810.00,2744.00,below_range
2020-03-13,2.00,added,,0.77,0.41,False,0.48,1572,2020-03-12,2,2706.00,2465.00,2564.00,2590.00,2512.00,day,1,2658.75,2465.00,2532.00,2578.00,2504.00,above_value
2020-03-16,2.00,start,migration,0.13,,,,1573,2020-03-16,1,2562.50,2360.25,2458.00,2524.00,2434.00,composite,2,2706.00,2465.00,2564.00,2590.00,2512.00,in_value
2020-03-17,2.00,added,,0.93,0.67,False,0.48,1573,2020-03-16,2,2562.50,2360.25,2496.00,2526.00,2436.00,day,1,2562.50,2360.25,2458.00,2524.00,2434.00,in_value
2020-03-18,2.00,start,migration,0.00,,,,1574,2020-03-18,1,2442.00,2262.00,2356.00,2406.00,2308.00,composite,2,2548.00,2345.75,2481.50,2511.50,2421.50,below_value
2020-03-19,2.00,start,migration,0.41,,,,1575,2020-03-19,1,2457.25,2306.25,2406.00,2440.00,2382.00,day,1,2442.00,2262.00,2356.00,2406.00,2308.00,in_value
2020-03-20,2.00,start,migration,0.44,,,,1576,2020-03-20,1,2442.50,2280.75,2376.00,2418.00,2336.00,day,1,2457.25,2306.25,2406.00,2440.00,2382.00,in_value
2020-03-23,2.00,start,migration,0.00,,,,1577,2020-03-23,1,2290.75,2179.50,2230.00,2260.00,2202.00,day,1,2442.50,2280.75,2376.00,2418.00,2336.00,below_range
2020-03-24,2.00,start,migration,0.00,,,,1578,2020-03-24,1,2437.75,2334.00,2378.00,2412.00,2358.00,day,1,2290.75,2179.50,2230.00,2260.00,2202.00,above_range
2020-03-25,2.00,start,migration,0.00,,,,1579,2020-03-25,1,2560.75,2393.50,2526.00,2552.00,2458.00,day,1,2437.75,2334.00,2378.00,2412.00,2358.00,above_range
2020-03-26,2.00,start,migration,0.14,,,,1580,2020-03-26,1,2625.75,2487.25,2570.00,2588.00,2546.00,day,1,2560.75,2393.50,2526.00,2552.00,2458.00,in_value
2020-03-27,2.00,start,migration,0.38,,,,1581,2020-03-27,1,2605.00,2505.25,2536.00,2562.00,2520.00,day,1,2625.75,2487.25,2570.00,2588.00,2546.00,below_value
2020-03-30,2.00,start,migration,0.00,,,,1582,2020-03-30,1,2621.75,2532.25,2592.00,2610.00,2568.00,day,1,2605.00,2505.25,2536.00,2562.00,2520.00,in_value
2020-03-31,2.00,added,,0.95,0.62,False,0.69,1582,2020-03-30,2,2629.50,2532.25,2592.00,2618.00,2576.00,day,1,2621.75,2532.25,2592.00,2610.00,2568.00,in_value
2020-04-01,2.00,start,migration,0.00,,,,1583,2020-04-01,1,2509.75,2434.25,2468.00,2490.00,2452.00,composite,2,2629.50,2532.25,2592.00,2618.00,2576.00,below_range
2020-04-02,2.00,start,migration,0.37,,,,1584,2020-04-02,1,2523.00,2441.25,2484.00,2514.00,2476.00,day,1,2509.75,2434.25,2468.00,2490.00,2452.00,below_value
2020-04-03,2.00,start,migration,0.37,,,,1585,2020-04-03,1,2529.50,2449.00,2464.00,2490.00,2452.00,day,1,2523.00,2441.25,2484.00,2514.00,2476.00,in_value
2020-04-06,2.00,start,migration,0.00,,,,1586,2020-04-06,1,2668.50,2564.00,2616.00,2630.00,2588.00,day,1,2529.50,2449.00,2464.00,2490.00,2452.00,above_range
2020-04-07,2.00,start,migration,0.00,,,,1587,2020-04-07,1,2750.00,2647.50,2718.00,2732.00,2682.00,day,1,2668.50,2564.00,2616.00,2630.00,2588.00,above_range
2020-04-08,2.00,skipped_daytype,,0.71,,,,1587,2020-04-07,1,2750.00,2647.50,2718.00,2732.00,2682.00,day,1,2750.00,2647.50,2718.00,2732.00,2682.00,below_value
2020-04-09,2.00,start,migration,0.00,,,,1588,2020-04-09,1,2809.50,2752.25,2780.00,2802.00,2772.00,day,1,2752.50,2653.50,2704.00,2750.00,2688.00,above_range
2020-04-13,2.00,start,migration,0.00,,,,1589,2020-04-13,1,2771.75,2711.00,2730.00,2748.00,2722.00,day,1,2809.50,2752.25,2780.00,2802.00,2772.00,below_value
2020-04-14,2.00,start,migration,0.00,,,,1590,2020-04-14,1,2846.00,2796.25,2826.00,2840.00,2814.00,day,1,2771.75,2711.00,2730.00,2748.00,2722.00,above_range
2020-04-15,2.00,start,migration,0.00,,,,1591,2020-04-15,1,2792.75,2751.25,2768.00,2782.00,2756.00,day,1,2846.00,2796.25,2826.00,2840.00,2814.00,below_range
2020-04-16,2.00,added,,0.82,0.40,False,0.56,1591,2020-04-15,2,2797.75,2751.25,2768.00,2786.00,2760.00,day,1,2792.75,2751.25,2768.00,2782.00,2756.00,above_value
2020-04-17,2.00,start,migration,0.00,,,,1592,2020-04-17,1,2871.00,2821.00,2836.00,2846.00,2824.00,composite,2,2797.75,2751.25,2768.00,2786.00,2760.00,above_range
2020-04-20,2.00,added,,0.67,0.43,False,1.00,1592,2020-04-17,2,2871.00,2810.75,2836.00,2850.00,2824.00,day,1,2871.00,2821.00,2836.00,2846.00,2824.00,below_value
2020-04-21,2.00,start,migration,0.00,,,,1593,2020-04-21,1,2777.50,2717.25,2732.00,2754.00,2720.00,composite,2,2871.00,2810.75,2836.00,2850.00,2824.00,below_range
2020-04-22,2.00,start,migration,0.00,,,,1594,2020-04-22,1,2808.00,2766.25,2786.00,2792.00,2770.00,day,1,2777.50,2717.25,2732.00,2754.00,2720.00,above_range
2020-04-23,2.00,start,migration,0.07,,,,1595,2020-04-23,1,2836.75,2785.00,2806.00,2820.00,2790.00,day,1,2808.00,2766.25,2786.00,2792.00,2770.00,above_value
2020-04-24,2.00,skipped_shape,,0.74,0.23,False,0.46,1595,2020-04-23,1,2836.75,2785.00,2806.00,2820.00,2790.00,day,1,2836.75,2785.00,2806.00,2820.00,2790.00,in_value
2020-04-27,2.00,start,migration,0.00,,,,1596,2020-04-27,1,2881.25,2843.75,2864.00,2874.00,2856.00,day,1,2835.00,2782.25,2794.00,2812.00,2782.25,above_range
2020-04-28,2.00,added,,0.82,0.38,False,0.71,1596,2020-04-27,2,2912.25,2843.75,2868.00,2878.00,2856.00,day,1,2881.25,2843.75,2864.00,2874.00,2856.00,above_range
2020-04-29,2.00,start,migration,0.00,,,,1597,2020-04-29,1,2947.25,2902.25,2938.00,2944.00,2918.00,composite,2,2912.25,2843.75,2868.00,2878.00,2856.00,above_range
2020-04-30,2.00,start,migration,0.00,,,,1598,2020-04-30,1,2920.00,2883.25,2894.00,2912.00,2890.00,day,1,2947.25,2902.25,2938.00,2944.00,2918.00,below_value
2020-05-01,2.00,start,migration,0.00,,,,1599,2020-05-01,1,2857.75,2811.75,2820.00,2842.00,2812.00,day,1,2920.00,2883.25,2894.00,2912.00,2890.00,below_range
2020-05-04,2.00,start,migration,0.33,,,,1600,2020-05-04,1,2835.75,2788.50,2808.00,2818.00,2800.00,day,1,2857.75,2811.75,2820.00,2842.00,2812.00,below_range
2020-05-05,2.00,start,migration,0.00,,,,1601,2020-05-05,1,2889.75,2854.25,2882.00,2888.00,2870.00,day,1,2835.75,2788.50,2808.00,2818.00,2800.00,above_range
2020-05-06,2.00,start,migration,0.09,,,,1602,2020-05-06,1,2881.75,2837.75,2862.00,2872.00,2850.00,day,1,2889.75,2854.25,2882.00,2888.00,2870.00,in_value
2020-05-07,2.00,start,migration,0.00,,,,1603,2020-05-07,1,2895.00,2867.75,2880.00,2890.00,2872.00,day,1,2881.75,2837.75,2862.00,2872.00,2850.00,above_value
2020-05-08,2.00,start,migration,0.00,,,,1604,2020-05-08,1,2926.00,2895.75,2912.00,2918.00,2904.00,day,1,2895.00,2867.75,2880.00,2890.00,2872.00,above_range
2020-05-11,2.00,start,migration,0.24,,,,1605,2020-05-11,1,2937.00,2895.50,2924.00,2937.00,2912.00,day,1,2926.00,2895.75,2912.00,2918.00,2904.00,below_value
2020-05-12,2.00,skipped_daytype,,0.53,,,,1605,2020-05-11,1,2937.00,2895.50,2924.00,2937.00,2912.00,day,1,2937.00,2895.50,2924.00,2937.00,2912.00,in_value
2020-05-13,2.00,start,migration,0.00,,,,1606,2020-05-13,1,2868.75,2786.00,2808.00,2838.00,2788.00,day,1,2939.25,2862.00,2918.00,2928.00,2898.00,below_range
2020-05-14,2.00,added,,1.00,0.45,False,0.85,1606,2020-05-13,2,2868.75,2760.25,2808.00,2834.00,2788.00,day,1,2868.75,2786.00,2808.00,2838.00,2788.00,below_value
2020-05-15,2.00,start,migration,0.46,,,,1607,2020-05-15,1,2859.50,2809.50,2838.00,2848.00,2822.00,composite,2,2868.75,2760.25,2808.00,2834.00,2788.00,in_value
2020-05-18,2.00,start,migration,0.00,,,,1608,2020-05-18,1,2964.75,2923.50,2950.00,2960.00,2938.00,day,1,2859.50,2809.50,2838.00,2848.00,2822.00,above_range
2020-05-19,2.00,added,,0.91,0.71,False,0.43,1608,2020-05-18,2,2964.75,2915.75,2950.00,2956.00,2938.00,day,1,2964.75,2923.50,2950.00,2960.00,2938.00,in_value
2020-05-20,2.00,start,migration,0.00,,,,1609,2020-05-20,1,2975.75,2952.25,2962.00,2972.00,2958.00,composite,2,2964.75,2915.75,2950.00,2956.00,2938.00,in_value
2020-05-21,2.00,start,migration,0.00,,,,1610,2020-05-21,1,2973.00,2933.00,2950.00,2956.00,2938.00,day,1,2975.75,2952.25,2962.00,2972.00,2958.00,in_value
2020-05-22,2.00,added,,0.56,0.37,False,1.00,1610,2020-05-21,2,2973.00,2928.25,2944.00,2954.00,2936.00,day,1,2973.00,2933.00,2950.00,2956.00,2938.00,in_value
2020-05-26,2.00,start,migration,0.00,,,,1611,2020-05-26,1,3019.00,2983.50,3004.00,3014.00,3000.00,composite,2,2973.00,2928.25,2944.00,2954.00,2936.00,above_range
2020-05-27,2.00,start,migration,0.41,,,,1612,2020-05-27,1,3032.00,2965.50,2992.00,3014.00,2980.00,day,1,3019.00,2983.50,3004.00,3014.00,3000.00,above_value
2020-05-28,2.00,start,migration,0.00,,,,1613,2020-05-28,1,3065.50,3019.50,3042.00,3060.00,3038.00,day,1,3032.00,2965.50,2992.00,3014.00,2980.00,above_range
2020-05-29,2.00,start,migration,0.00,,,,1614,2020-05-29,1,3046.25,2992.00,3014.00,3024.00,3002.00,day,1,3065.50,3019.50,3042.00,3060.00,3038.00,below_value
2020-06-01,2.00,start,migration,0.00,,,,1615,2020-06-01,1,3059.00,3027.00,3044.00,3058.00,3040.00,day,1,3046.25,2992.00,3014.00,3024.00,3002.00,above_value
2020-06-02,2.00,start,migration,0.14,,,,1616,2020-06-02,1,3078.25,3047.75,3060.00,3070.00,3056.00,day,1,3059.00,3027.00,3044.00,3058.00,3040.00,above_range
2020-06-03,2.00,start,migration,0.00,,,,1617,2020-06-03,1,3129.50,3096.00,3112.00,3122.00,3108.00,day,1,3078.25,3047.75,3060.00,3070.00,3056.00,above_range
2020-06-04,2.00,added,,0.56,0.52,False,1.00,1617,2020-06-03,2,3129.50,3087.50,3108.00,3118.00,3100.00,day,1,3129.50,3096.00,3112.00,3122.00,3108.00,below_value
2020-06-05,2.00,start,migration,0.00,,,,1618,2020-06-05,1,3210.50,3168.50,3198.00,3204.00,3182.00,composite,2,3129.50,3087.50,3108.00,3118.00,3100.00,above_range
2020-06-08,2.00,start,migration,0.11,,,,1619,2020-06-08,1,3231.25,3193.50,3206.00,3220.00,3202.00,day,1,3210.50,3168.50,3198.00,3204.00,3182.00,in_value
2020-06-09,2.00,added,,0.82,0.41,False,0.43,1619,2020-06-08,2,3231.25,3190.75,3206.00,3220.00,3202.00,day,1,3231.25,3193.50,3206.00,3220.00,3202.00,below_value
2020-06-10,2.00,start,migration,0.18,,,,1620,2020-06-10,1,3221.25,3179.75,3196.00,3206.00,3184.00,composite,2,3231.25,3190.75,3206.00,3220.00,3202.00,in_value
2020-06-11,2.00,start,migration,0.00,,,,1621,2020-06-11,1,3118.25,2996.25,3044.00,3074.00,2996.25,day,1,3221.25,3179.75,3196.00,3206.00,3184.00,below_range
2020-06-12,2.00,added,,1.00,0.40,False,0.58,1621,2020-06-11,2,3118.25,2982.00,3036.00,3058.00,3000.00,day,1,3118.25,2996.25,3044.00,3074.00,2996.25,above_value
2020-06-15,2.00,skipped_daytype,,0.78,,,,1621,2020-06-11,2,3118.25,2982.00,3036.00,3058.00,3000.00,composite,2,3118.25,2982.00,3036.00,3058.00,3000.00,below_range
2020-06-16,2.00,start,migration,0.00,,,,1622,2020-06-16,1,3153.50,3072.75,3124.00,3142.00,3108.00,composite,2,3118.25,2982.00,3036.00,3058.00,3000.00,above_range
2020-06-17,2.00,added,,1.00,0.65,False,1.00,1622,2020-06-16,2,3142.75,3062.00,3114.00,3128.00,3102.00,day,1,3142.75,3062.00,3113.25,3131.25,3097.25,in_value
2020-06-18,2.00,start,migration,0.29,,,,1623,2020-06-18,1,3109.00,3080.75,3100.00,3106.00,3092.00,composite,2,3142.75,3062.00,3114.00,3128.00,3102.00,below_value
2020-06-19,2.00,start,migration,0.38,,,,1624,2020-06-19,1,3144.00,3071.00,3086.00,3108.00,3071.00,day,1,3109.00,3080.75,3100.00,3106.00,3092.00,above_range
2020-06-22,2.00,skipped_shape,,1.00,0.46,False,0.23,1624,2020-06-19,1,3144.00,3071.00,3086.00,3108.00,3071.00,day,1,3144.00,3071.00,3086.00,3108.00,3071.00,in_value
2020-06-23,2.00,start,migration,0.00,,,,1625,2020-06-23,1,3145.00,3115.50,3134.00,3140.00,3126.00,day,1,3109.50,3066.25,3100.00,3106.00,3084.00,above_range
2020-06-24,2.00,start,migration,0.00,,,,1626,2020-06-24,1,3104.50,3019.75,3044.00,3062.00,3024.00,day,1,3145.00,3115.50,3134.00,3140.00,3126.00,below_range
2020-06-25,2.00,added,,1.00,0.34,False,0.78,1626,2020-06-24,2,3104.50,3011.50,3042.00,3056.00,3026.00,day,1,3104.50,3019.75,3044.00,3062.00,3024.00,in_value
2020-06-26,2.00,start,migration,0.08,,,,1627,2020-06-26,1,3063.25,2992.50,3018.00,3028.00,3002.00,composite,2,3104.50,3011.50,3042.00,3056.00,3026.00,above_value
2020-06-29,2.00,added,,0.55,0.46,False,0.78,1627,2020-06-26,2,3063.25,2988.50,3022.00,3036.00,3006.00,day,1,3063.25,2992.50,3018.00,3028.00,3002.00,in_value
2020-06-30,2.00,start,migration,0.00,,,,1628,2020-06-30,1,3101.25,3037.50,3064.00,3078.00,3052.00,composite,2,3063.25,2988.50,3022.00,3036.00,3006.00,above_value
2020-07-01,2.00,start,migration,0.00,,,,1629,2020-07-01,1,3117.75,3089.25,3106.00,3112.00,3098.00,day,1,3101.25,3037.50,3064.00,3078.00,3052.00,above_value
2020-07-02,2.00,start,migration,0.00,,,,1630,2020-07-02,1,3156.50,3114.25,3134.00,3144.00,3126.00,day,1,3117.75,3089.25,3106.00,3112.00,3098.00,above_range
2020-07-06,2.00,start,migration,0.00,,,,1631,2020-07-06,1,3174.50,3155.00,3162.00,3168.00,3158.00,day,1,3156.50,3114.25,3134.00,3144.00,3126.00,above_range
2020-07-07,2.00,start,migration,0.46,,,,1632,2020-07-07,1,3174.25,3132.50,3160.00,3170.00,3148.00,day,1,3174.50,3155.00,3162.00,3168.00,3158.00,below_range
2020-07-08,2.00,start,migration,0.44,,,,1633,2020-07-08,1,3162.25,3126.00,3142.00,3156.00,3138.00,day,1,3174.25,3132.50,3160.00,3170.00,3148.00,below_value
2020-07-09,2.00,start,migration,0.47,,,,1634,2020-07-09,1,3170.00,3105.25,3140.00,3154.00,3120.00,day,1,3162.25,3126.00,3142.00,3156.00,3138.00,above_range
2020-07-10,2.00,start,migration,0.46,,,,1635,2020-07-10,1,3177.75,3126.50,3154.00,3168.00,3142.00,day,1,3170.00,3105.25,3140.00,3154.00,3120.00,in_value
2020-07-13,2.00,start,migration,0.00,,,,1636,2020-07-13,1,3226.25,3140.50,3214.00,3224.00,3190.00,day,1,3177.75,3126.50,3154.00,3168.00,3142.00,above_range
2020-07-14,2.00,start,migration,0.00,,,,1637,2020-07-14,1,3192.25,3119.00,3156.00,3178.00,3140.00,day,1,3226.25,3140.50,3214.00,3224.00,3190.00,below_range
2020-07-15,2.00,start,migration,0.00,,,,1638,2020-07-15,1,3229.75,3192.00,3210.00,3224.00,3206.00,day,1,3192.25,3119.00,3156.00,3178.00,3140.00,above_range
2020-07-16,2.00,start,migration,0.00,,,,1639,2020-07-16,1,3212.00,3190.25,3198.00,3204.00,3190.25,day,1,3229.75,3192.00,3210.00,3224.00,3206.00,below_value
2020-07-17,2.00,start,migration,0.00,,,,1640,2020-07-17,1,3225.25,3196.50,3214.00,3220.00,3206.00,day,1,3212.00,3190.25,3198.00,3204.00,3190.25,above_range
2020-07-20,2.00,start,migration,0.23,,,,1641,2020-07-20,1,3250.50,3205.25,3226.00,3240.00,3214.00,day,1,3225.25,3196.50,3214.00,3220.00,3206.00,in_value
2020-07-21,2.00,start,migration,0.00,,,,1642,2020-07-21,1,3268.75,3239.25,3262.00,3268.00,3254.00,day,1,3250.50,3205.25,3226.00,3240.00,3214.00,above_range
2020-07-22,2.00,added,,0.57,0.56,False,0.60,1642,2020-07-21,2,3271.75,3239.25,3256.00,3266.00,3252.00,day,1,3268.75,3239.25,3262.00,3268.00,3254.00,below_value
2020-07-23,2.00,start,migration,0.32,,,,1643,2020-07-23,1,3271.75,3214.25,3264.00,3271.75,3228.00,composite,2,3271.75,3239.25,3256.00,3266.00,3252.00,in_value
2020-07-24,2.00,start,migration,0.00,,,,1644,2020-07-24,1,3219.25,3191.50,3204.00,3214.00,3200.00,day,1,3271.75,3214.25,3264.00,3271.75,3228.00,below_range
2020-07-27,2.00,start,migration,0.00,,,,1645,2020-07-27,1,3233.75,3207.25,3222.00,3232.00,3214.00,day,1,3219.25,3191.50,3204.00,3214.00,3200.00,above_value
2020-07-28,2.00,added,,0.86,0.59,False,0.60,1645,2020-07-27,2,3236.25,3207.25,3224.00,3234.00,3220.00,day,1,3233.75,3207.25,3222.00,3232.00,3214.00,in_value
2020-07-29,2.00,start,migration,0.18,,,,1646,2020-07-29,1,3257.00,3220.00,3238.00,3252.00,3230.00,composite,2,3236.25,3207.25,3224.00,3234.00,3220.00,in_value
2020-07-30,2.00,start,migration,0.46,,,,1647,2020-07-30,1,3243.75,3195.00,3234.00,3243.75,3214.00,day,1,3257.00,3220.00,3238.00,3252.00,3230.00,below_range
2020-07-31,2.00,added,,0.91,0.54,False,1.00,1647,2020-07-30,2,3265.25,3195.00,3232.00,3246.00,3220.00,day,1,3243.75,3195.00,3234.00,3243.75,3214.00,above_range
2020-08-03,2.00,start,migration,0.00,,,,1648,2020-08-03,1,3295.50,3276.50,3288.00,3294.00,3284.00,composite,2,3265.25,3195.00,3232.00,3246.00,3220.00,above_range
2020-08-04,2.00,added,,1.00,0.50,False,1.00,1648,2020-08-03,2,3300.50,3276.50,3288.00,3294.00,3284.00,day,1,3295.50,3276.50,3288.00,3294.00,3284.00,below_value
2020-08-05,2.00,start,migration,0.00,,,,1649,2020-08-05,1,3323.25,3311.25,3318.00,3323.25,3314.00,composite,2,3300.50,3276.50,3288.00,3294.00,3284.00,above_range
2020-08-06,2.00,start,migration,0.43,,,,1650,2020-08-06,1,3344.00,3310.50,3322.00,3332.00,3310.50,day,1,3323.25,3311.25,3318.00,3323.25,3314.00,below_value
2020-08-07,2.00,start,migration,0.29,,,,1651,2020-08-07,1,3346.75,3322.25,3336.00,3342.00,3328.00,day,1,3344.00,3310.50,3322.00,3332.00,3310.50,in_value
2020-08-10,2.00,start,migration,0.12,,,,1652,2020-08-10,1,3357.25,3329.00,3348.00,3357.25,3340.00,day,1,3346.75,3322.25,3336.00,3342.00,3328.00,above_range
2020-08-11,2.00,start,migration,0.16,,,,1653,2020-08-11,1,3374.75,3319.50,3362.00,3374.75,3354.00,day,1,3357.25,3329.00,3348.00,3357.25,3340.00,above_range
2020-08-12,2.00,skipped_shape,,0.62,0.80,False,0.71,1653,2020-08-11,1,3374.75,3319.50,3362.00,3374.75,3354.00,day,1,3374.75,3319.50,3362.00,3374.75,3354.00,below_value
2020-08-13,2.00,start,migration,0.48,,,,1654,2020-08-13,1,3382.00,3357.50,3376.00,3382.00,3368.00,day,1,3382.50,3353.50,3374.00,3380.00,3366.00,below_value
2020-08-14,2.00,added,,0.58,0.46,False,0.60,1654,2020-08-13,2,3382.00,3356.00,3368.00,3374.00,3360.00,day,1,3382.00,3357.50,3376.00,3382.00,3368.00,below_value
2020-08-17,2.00,start,migration,0.00,,,,1655,2020-08-17,1,3382.75,3374.00,3378.00,3382.75,3378.00,composite,2,3382.00,3356.00,3368.00,3374.00,3360.00,above_value
2020-08-18,2.00,start,migration,0.34,,,,1656,2020-08-18,1,3390.75,3365.25,3384.00,3390.00,3376.00,day,1,3382.75,3374.00,3378.00,3382.75,3378.00,in_value
2020-08-19,2.00,added,,0.58,0.66,False,0.60,1656,2020-08-18,2,3395.75,3365.25,3384.00,3394.00,3380.00,day,1,3390.75,3365.25,3384.00,3390.00,3376.00,in_value
2020-08-20,2.00,start,migration,0.22,,,,1657,2020-08-20,1,3387.00,3351.25,3374.00,3384.00,3366.00,composite,2,3395.75,3365.25,3384.00,3394.00,3380.00,below_range
2020-08-21,2.00,start,migration,0.40,,,,1658,2020-08-21,1,3396.25,3374.75,3384.00,3390.00,3380.00,day,1,3387.00,3351.25,3374.00,3384.00,3366.00,in_value
2020-08-24,2.00,start,migration,0.00,,,,1659,2020-08-24,1,3429.50,3409.50,3416.00,3422.00,3412.00,day,1,3396.25,3374.75,3384.00,3390.00,3380.00,above_range
2020-08-25,2.00,start,migration,0.00,,,,1660,2020-08-25,1,3441.50,3421.75,3428.00,3434.00,3424.00,day,1,3429.50,3409.50,3416.00,3422.00,3412.00,above_range
2020-08-26,2.00,start,migration,0.00,,,,1661,2020-08-26,1,3478.00,3441.00,3468.00,3478.00,3456.00,day,1,3441.50,3421.75,3428.00,3434.00,3424.00,above_range
2020-08-27,2.00,start,migration,0.00,,,,1662,2020-08-27,1,3498.25,3464.75,3486.00,3496.00,3478.00,day,1,3478.00,3441.00,3468.00,3478.00,3456.00,above_range
2020-08-28,2.00,added,,0.86,0.61,False,0.60,1662,2020-08-27,2,3506.75,3464.75,3490.00,3496.00,3482.00,day,1,3498.25,3464.75,3486.00,3496.00,3478.00,in_value
2020-08-31,2.00,start,migration,0.00,,,,1663,2020-08-31,1,3513.00,3490.25,3502.00,3508.00,3498.00,composite,2,3506.75,3464.75,3490.00,3496.00,3482.00,above_value
2020-09-01,2.00,start,migration,0.43,,,,1664,2020-09-01,1,3526.50,3491.75,3510.00,3516.00,3502.00,day,1,3513.00,3490.25,3502.00,3508.00,3498.00,in_value
2020-09-02,2.00,start,migration,0.00,,,,1665,2020-09-02,1,3587.00,3533.75,3546.00,3564.00,3534.00,day,1,3526.50,3491.75,3510.00,3516.00,3502.00,above_range
2020-09-03,2.00,start,migration,0.00,,,,1666,2020-09-03,1,3563.50,3424.50,3458.00,3492.00,3430.00,day,1,3587.00,3533.75,3546.00,3564.00,3534.00,in_value
2020-09-04,2.00,start,migration,0.05,,,,1667,2020-09-04,1,3477.25,3347.75,3400.00,3434.00,3360.00,day,1,3563.50,3424.50,3458.00,3492.00,3430.00,in_value
2020-09-08,2.00,start,migration,0.47,,,,1668,2020-09-08,1,3379.50,3327.50,3352.00,3374.00,3344.00,day,1,3477.25,3347.75,3400.00,3434.00,3360.00,in_value
2020-09-09,2.00,start,migration,0.00,,,,1669,2020-09-09,1,3424.00,3365.00,3410.00,3420.00,3394.00,day,1,3379.50,3327.50,3352.00,3374.00,3344.00,above_value
2020-09-10,2.00,start,migration,0.39,,,,1670,2020-09-10,1,3424.25,3327.25,3390.00,3424.00,3358.00,day,1,3424.00,3365.00,3410.00,3420.00,3394.00,in_value
2020-09-11,2.00,start,migration,0.06,,,,1671,2020-09-11,1,3368.50,3308.75,3342.00,3360.00,3326.00,day,1,3424.25,3327.25,3390.00,3424.00,3358.00,below_value
2020-09-14,2.00,start,migration,0.00,,,,1672,2020-09-14,1,3392.50,3358.25,3376.00,3390.00,3372.00,day,1,3358.00,3298.25,3331.50,3349.50,3315.50,above_range
2020-09-15,2.00,start,migration,0.00,,,,1673,2020-09-15,1,3409.00,3378.50,3402.00,3408.00,3394.00,day,1,3392.50,3358.25,3376.00,3390.00,3372.00,above_range
2020-09-16,2.00,added,,0.78,0.65,False,1.00,1673,2020-09-15,2,3419.50,3373.75,3402.00,3412.00,3394.00,day,1,3409.00,3378.50,3402.00,3408.00,3394.00,in_value
2020-09-17,2.00,start,migration,0.00,,,,1674,2020-09-17,1,3365.25,3317.75,3332.00,3346.00,3320.00,composite,2,3419.50,3373.75,3402.00,3412.00,3394.00,below_range
2020-09-18,2.00,start,migration,0.35,,,,1675,2020-09-18,1,3357.25,3280.75,3306.00,3336.00,3290.00,day,1,3365.25,3317.75,3332.00,3346.00,3320.00,above_value
2020-09-21,2.00,start,migration,0.00,,,,1676,2020-09-21,1,3271.50,3217.75,3236.00,3250.00,3224.00,day,1,3357.25,3280.75,3306.00,3336.00,3290.00,below_range
2020-09-22,2.00,start,migration,0.00,,,,1677,2020-09-22,1,3309.50,3258.75,3274.00,3292.00,3266.00,day,1,3271.50,3217.75,3236.00,3250.00,3224.00,above_range
2020-09-23,2.00,start,migration,0.42,,,,1678,2020-09-23,1,3312.50,3221.00,3278.00,3312.00,3250.00,day,1,3309.50,3258.75,3274.00,3292.00,3266.00,above_value
2020-09-24,2.00,start,migration,0.12,,,,1679,2020-09-24,1,3268.25,3198.00,3228.00,3254.00,3220.00,day,1,3312.50,3221.00,3278.00,3312.00,3250.00,below_range
2020-09-25,2.00,skipped_daytype,,0.74,,,,1679,2020-09-24,1,3268.25,3198.00,3228.00,3254.00,3220.00,day,1,3268.25,3198.00,3228.00,3254.00,3220.00,in_value
2020-09-28,2.00,start,migration,0.00,,,,1680,2020-09-28,1,3350.75,3321.75,3338.00,3348.00,3330.00,day,1,3296.25,3216.00,3256.00,3266.00,3220.00,above_range
2020-09-29,2.00,added,,0.55,0.58,False,1.00,1680,2020-09-28,2,3350.75,3316.50,3336.00,3346.00,3328.00,day,1,3350.75,3321.75,3338.00,3348.00,3330.00,in_value
2020-09-30,2.00,start,migration,0.00,,,,1681,2020-09-30,1,3384.00,3329.25,3362.00,3376.00,3346.00,composite,2,3350.75,3316.50,3336.00,3346.00,3328.00,in_value
2020-10-01,2.00,added,,1.00,0.68,False,0.71,1681,2020-09-30,2,3387.50,3329.25,3368.00,3378.00,3356.00,day,1,3384.00,3329.25,3362.00,3376.00,3346.00,above_value
2020-10-02,2.00,start,migration,0.09,,,,1682,2020-10-02,1,3359.50,3311.50,3348.00,3358.00,3336.00,composite,2,3387.50,3329.25,3368.00,3378.00,3356.00,below_range
2020-10-05,2.00,start,migration,0.00,,,,1683,2020-10-05,1,3400.00,3360.50,3382.00,3396.00,3370.00,day,1,3359.50,3311.50,3348.00,3358.00,3336.00,above_range
2020-10-06,2.00,start,migration,0.48,,,,1684,2020-10-06,1,3421.75,3343.75,3402.00,3420.00,3374.00,day,1,3400.00,3360.50,3382.00,3396.00,3370.00,above_value
2020-10-07,2.00,added,,1.00,0.66,False,0.46,1684,2020-10-06,2,3421.75,3343.75,3394.00,3416.00,3386.00,day,1,3421.75,3343.75,3402.00,3420.00,3374.00,in_value
2020-10-08,2.00,start,migration,0.00,,,,1685,2020-10-08,1,3438.75,3418.75,3432.00,3438.00,3428.00,composite,2,3421.75,3343.75,3394.00,3416.00,3386.00,above_range
2020-10-09,2.00,start,migration,0.00,,,,1686,2020-10-09,1,3474.00,3449.50,3464.00,3470.00,3456.00,day,1,3438.75,3418.75,3432.00,3438.00,3428.00,above_range
2020-10-12,2.00,start,migration,0.00,,,,1687,2020-10-12,1,3541.00,3491.25,3532.00,3541.00,3516.00,day,1,3474.00,3449.50,3464.00,3470.00,3456.00,above_range
2020-10-13,2.00,start,migration,0.11,,,,1688,2020-10-13,1,3524.75,3491.50,3512.00,3518.00,3500.00,day,1,3541.00,3491.25,3532.00,3541.00,3516.00,in_value
2020-10-14,2.00,start,migration,0.12,,,,1689,2020-10-14,1,3520.25,3472.00,3482.00,3504.00,3472.00,day,1,3524.75,3491.50,3512.00,3518.00,3500.00,in_value
2020-10-15,2.00,start,migration,0.00,,,,1690,2020-10-15,1,3481.00,3431.50,3454.00,3472.00,3446.00,day,1,3520.25,3472.00,3482.00,3504.00,3472.00,below_range
2020-10-16,2.00,start,migration,0.00,,,,1691,2020-10-16,1,3508.50,3472.00,3490.00,3500.00,3486.00,day,1,3481.00,3431.50,3454.00,3472.00,3446.00,above_range
2020-10-19,2.00,start,migration,0.00,,,,1692,2020-10-19,1,3493.75,3410.75,3460.00,3486.00,3440.00,day,1,3508.50,3472.00,3490.00,3500.00,3486.00,in_value
2020-10-20,2.00,added,,0.69,0.44,False,0.64,1692,2020-10-19,2,3493.75,3410.75,3446.00,3468.00,3434.00,day,1,3493.75,3410.75,3460.00,3486.00,3440.00,below_value
2020-10-21,2.00,added,,0.73,0.37,False,0.78,1692,2020-10-19,3,3493.75,3410.75,3440.00,3458.00,3428.00,composite,2,3493.75,3410.75,3446.00,3468.00,3434.00,below_value
2020-10-22,2.00,added,,0.69,0.42,False,1.00,1692,2020-10-19,4,3493.75,3406.75,3442.00,3460.00,3426.00,composite,3,3493.75,3410.75,3440.00,3458.00,3428.00,in_value
2020-10-23,2.00,added,,1.00,0.47,False,0.46,1692,2020-10-19,5,3493.75,3406.75,3446.00,3456.00,3426.00,composite,4,3493.75,3406.75,3442.00,3460.00,3426.00,in_value
2020-10-26,2.00,start,migration,0.00,,,,1693,2020-10-26,1,3430.00,3356.00,3386.00,3396.00,3366.00,composite,5,3493.75,3406.75,3446.00,3456.00,3426.00,below_value
2020-10-27,2.00,added,,0.71,0.41,False,0.71,1693,2020-10-26,2,3430.00,3356.00,3386.00,3400.00,3378.00,day,1,3430.00,3356.00,3386.00,3396.00,3366.00,above_value
2020-10-28,2.00,start,migration,0.00,,,,1694,2020-10-28,1,3328.25,3260.75,3284.00,3298.00,3276.00,composite,2,3430.00,3356.00,3386.00,3400.00,3378.00,below_range
2020-10-29,2.00,start,migration,0.48,,,,1695,2020-10-29,1,3333.75,3250.25,3290.00,3316.00,3270.00,day,1,3328.25,3260.75,3284.00,3298.00,3276.00,below_value
2020-10-30,2.00,start,migration,0.00,,,,1696,2020-10-30,1,3296.25,3225.00,3246.00,3260.00,3230.00,day,1,3333.75,3250.25,3290.00,3316.00,3270.00,in_value
2020-11-02,2.00,start,migration,0.00,,,,1697,2020-11-02,1,3323.50,3272.00,3300.00,3310.00,3284.00,day,1,3296.25,3225.00,3246.00,3260.00,3230.00,above_range
2020-11-03,2.00,start,migration,0.00,,,,1698,2020-11-03,1,3382.75,3331.50,3360.00,3378.00,3352.00,day,1,3323.50,3272.00,3300.00,3310.00,3284.00,above_range
2020-11-04,2.00,start,migration,0.00,,,,1699,2020-11-04,1,3480.00,3395.75,3454.00,3472.00,3438.00,day,1,3382.75,3331.50,3360.00,3378.00,3352.00,above_range
2020-11-05,2.00,start,migration,0.00,,,,1700,2020-11-05,1,3522.50,3488.75,3508.00,3518.00,3500.00,day,1,3480.00,3395.75,3454.00,3472.00,3438.00,above_range
2020-11-06,2.00,added,,0.56,0.60,False,0.71,1700,2020-11-05,2,3522.50,3476.50,3504.00,3514.00,3492.00,day,1,3522.50,3488.75,3508.00,3518.00,3500.00,below_value
2020-11-09,2.00,start,migration,0.00,,,,1701,2020-11-09,1,3645.25,3541.25,3594.00,3624.00,3590.00,composite,2,3522.50,3476.50,3504.00,3514.00,3492.00,above_range
2020-11-10,2.00,start,migration,0.00,,,,1702,2020-11-10,1,3552.50,3506.50,3536.00,3550.00,3528.00,day,1,3645.25,3541.25,3594.00,3624.00,3590.00,below_range
2020-11-11,2.00,start,migration,0.00,,,,1703,2020-11-11,1,3576.75,3551.25,3562.00,3572.00,3554.00,day,1,3552.50,3506.50,3536.00,3550.00,3528.00,above_range
2020-11-12,2.00,start,migration,0.00,,,,1704,2020-11-12,1,3565.25,3513.00,3526.00,3552.00,3514.00,day,1,3576.75,3551.25,3562.00,3572.00,3554.00,in_value
2020-11-13,2.00,start,migration,0.00,,,,1705,2020-11-13,1,3590.00,3547.50,3570.00,3576.00,3554.00,day,1,3565.25,3513.00,3526.00,3552.00,3514.00,above_value
2020-11-16,2.00,start,migration,0.00,,,,1706,2020-11-16,1,3626.50,3596.75,3610.00,3620.00,3602.00,day,1,3590.00,3547.50,3570.00,3576.00,3554.00,above_range
2020-11-17,2.00,added,,0.73,0.57,False,1.00,1706,2020-11-16,2,3626.50,3584.25,3608.00,3618.00,3600.00,day,1,3626.50,3596.75,3610.00,3620.00,3602.00,below_value
2020-11-18,2.00,skipped_daytype,,0.61,,,,1706,2020-11-16,2,3626.50,3584.25,3608.00,3618.00,3600.00,composite,2,3626.50,3584.25,3608.00,3618.00,3600.00,in_value
2020-11-19,2.00,start,migration,0.00,,,,1707,2020-11-19,1,3582.75,3542.25,3562.00,3568.00,3550.00,composite,2,3626.50,3584.25,3608.00,3618.00,3600.00,below_range
2020-11-20,2.00,start,migration,0.20,,,,1708,2020-11-20,1,3577.50,3552.75,3570.00,3576.00,3566.00,day,1,3582.75,3542.25,3562.00,3568.00,3550.00,above_value
2020-11-23,2.00,start,migration,0.46,,,,1709,2020-11-23,1,3588.00,3548.75,3566.00,3580.00,3558.00,day,1,3577.50,3552.75,3570.00,3576.00,3566.00,in_value
2020-11-24,2.00,start,migration,0.00,,,,1710,2020-11-24,1,3638.75,3593.25,3628.00,3638.00,3616.00,day,1,3588.00,3548.75,3566.00,3580.00,3558.00,above_range
2020-11-25,2.00,added,,1.00,0.69,False,0.60,1710,2020-11-24,2,3638.75,3593.25,3624.00,3634.00,3620.00,day,1,3638.75,3593.25,3628.00,3638.00,3616.00,in_value
2020-11-27,2.00,start,migration,0.20,,,,1711,2020-11-27,1,3642.75,3626.25,3636.00,3642.00,3632.00,composite,2,3638.75,3593.25,3624.00,3634.00,3620.00,above_value
2020-11-30,2.00,start,migration,0.00,,,,1712,2020-11-30,1,3631.50,3592.25,3610.00,3624.00,3606.00,day,1,3642.75,3626.25,3636.00,3642.00,3632.00,below_value
2020-12-01,2.00,start,migration,0.00,,,,1713,2020-12-01,1,3677.50,3650.25,3664.00,3674.00,3660.00,day,1,3631.50,3592.25,3610.00,3624.00,3606.00,above_range
2020-12-02,2.00,added,,0.57,0.58,False,0.60,1713,2020-12-01,2,3677.50,3642.25,3662.00,3672.00,3658.00,day,1,3677.50,3650.25,3664.00,3674.00,3660.00,below_range
2020-12-03,2.00,start,migration,0.43,,,,1714,2020-12-03,1,3682.00,3655.25,3670.00,3680.00,3666.00,composite,2,3677.50,3642.25,3662.00,3672.00,3658.00,in_value
2020-12-04,2.00,start,migration,0.00,,,,1715,2020-12-04,1,3699.00,3672.25,3690.00,3696.00,3686.00,day,1,3682.00,3655.25,3670.00,3680.00,3666.00,in_value
2020-12-07,2.00,added,,0.57,0.68,False,0.60,1715,2020-12-04,2,3699.00,3672.25,3690.00,3696.00,3682.00,day,1,3699.00,3672.25,3690.00,3696.00,3686.00,in_value
2020-12-08,2.00,skipped_daytype,,0.55,,,,1715,2020-12-04,2,3699.00,3672.25,3690.00,3696.00,3682.00,composite,2,3699.00,3672.25,3690.00,3696.00,3682.00,below_value
2020-12-09,2.00,start,migration,0.35,,,,1716,2020-12-09,1,3710.50,3659.50,3672.00,3694.00,3660.00,composite,2,3699.00,3672.25,3690.00,3696.00,3682.00,above_range
2020-12-10,2.00,added,,1.00,0.37,False,0.71,1716,2020-12-09,2,3710.50,3644.00,3668.00,3678.00,3656.00,day,1,3710.50,3659.50,3672.00,3694.00,3660.00,below_range
2020-12-11,2.00,start,migration,0.22,,,,1717,2020-12-11,1,3665.50,3632.25,3646.00,3660.00,3642.00,composite,2,3710.50,3644.00,3668.00,3678.00,3656.00,below_value
2020-12-14,2.00,start,migration,0.23,,,,1718,2020-12-14,1,3691.50,3637.50,3660.00,3682.00,3648.00,day,1,3658.25,3625.00,3638.75,3652.75,3634.75,above_range
2020-12-15,2.00,added,,0.78,0.45,False,0.46,1718,2020-12-14,2,3691.50,3637.50,3660.00,3682.00,3652.00,day,1,3691.50,3637.50,3660.00,3682.00,3648.00,in_value
2020-12-16,2.00,start,migration,0.00,,,,1719,2020-12-16,1,3704.50,3681.25,3692.00,3698.00,3684.00,composite,2,3691.50,3637.50,3660.00,3682.00,3652.00,above_value
2020-12-17,2.00,start,migration,0.00,,,,1720,2020-12-17,1,3717.00,3702.00,3708.00,3714.00,3704.00,day,1,3704.50,3681.25,3692.00,3698.00,3684.00,above_range
2020-12-18,2.00,start,migration,0.00,,,,1721,2020-12-18,1,3718.50,3677.25,3690.00,3700.00,3682.00,day,1,3717.00,3702.00,3708.00,3714.00,3704.00,above_value
2020-12-21,2.00,start,migration,0.24,,,,1722,2020-12-21,1,3694.25,3625.00,3682.00,3692.00,3650.00,day,1,3718.50,3677.25,3690.00,3700.00,3682.00,below_range
2020-12-22,2.00,skipped_shape,,1.00,0.76,False,0.78,1722,2020-12-21,1,3694.25,3625.00,3682.00,3692.00,3650.00,day,1,3694.25,3625.00,3682.00,3692.00,3650.00,in_value
2020-12-23,2.00,start,migration,0.20,,,,1723,2020-12-23,1,3701.75,3679.25,3694.00,3700.00,3690.00,day,1,3689.00,3665.75,3678.00,3688.00,3674.00,above_value
2020-12-24,2.00,start,migration,0.43,,,,1724,2020-12-24,1,3696.00,3679.75,3686.00,3696.00,3682.00,day,1,3701.75,3679.25,3694.00,3700.00,3690.00,below_value
2020-12-28,2.00,start,migration,0.00,,,,1725,2020-12-28,1,3732.25,3716.00,3726.00,3732.00,3722.00,day,1,3696.00,3679.75,3686.00,3696.00,3682.00,above_range
2020-12-29,2.00,added,,0.56,0.38,False,0.60,1725,2020-12-28,2,3746.25,3714.50,3726.00,3732.00,3718.00,day,1,3732.25,3716.00,3726.00,3732.00,3722.00,above_range
2020-12-30,2.00,added,,0.80,0.44,False,0.60,1725,2020-12-28,3,3746.25,3714.50,3728.00,3734.00,3720.00,composite,2,3746.25,3714.50,3726.00,3732.00,3718.00,in_value
2020-12-31,2.00,added,,0.78,0.33,False,0.60,1725,2020-12-28,4,3753.00,3714.50,3726.00,3732.00,3718.00,composite,3,3746.25,3714.50,3728.00,3734.00,3720.00,in_value
2021-01-04,2.00,start,migration,0.00,,,,1726,2021-01-04,1,3760.00,3652.50,3684.00,3702.00,3652.50,composite,4,3753.00,3714.50,3726.00,3732.00,3718.00,above_range
2021-01-05,2.00,start,migration,0.23,,,,1727,2021-01-05,1,3730.00,3685.25,3708.00,3722.00,3696.00,day,1,3760.00,3652.50,3684.00,3702.00,3652.50,in_value
2021-01-06,2.00,start,migration,0.00,,,,1728,2021-01-06,1,3774.75,3695.75,3762.00,3772.00,3738.00,day,1,3730.00,3685.25,3708.00,3722.00,3696.00,in_value
2021-01-07,2.00,start,migration,0.00,,,,1729,2021-01-07,1,3804.00,3763.75,3794.00,3800.00,3786.00,day,1,3774.75,3695.75,3762.00,3772.00,3738.00,in_value
2021-01-08,2.00,start,migration,0.39,,,,1730,2021-01-08,1,3819.25,3775.00,3802.00,3816.00,3790.00,day,1,3804.00,3763.75,3794.00,3800.00,3786.00,above_range
2021-01-11,2.00,added,,1.00,0.59,False,1.00,1730,2021-01-08,2,3819.25,3775.00,3800.00,3810.00,3792.00,day,1,3819.25,3775.00,3802.00,3816.00,3790.00,below_value
2021-01-12,2.00,start,migration,0.43,,,,1731,2021-01-12,1,3803.25,3768.00,3792.00,3798.00,3784.00,composite,2,3819.25,3775.00,3800.00,3810.00,3792.00,in_value
2021-01-13,2.00,start,migration,0.14,,,,1732,2021-01-13,1,3813.50,3782.75,3800.00,3810.00,3796.00,day,1,3803.25,3768.00,3792.00,3798.00,3784.00,in_value
2021-01-14,2.00,skipped_daytype,,0.71,,,,1732,2021-01-13,1,3813.50,3782.75,3800.00,3810.00,3796.00,day,1,3813.50,3782.75,3800.00,3810.00,3796.00,above_value
2021-01-15,2.00,start,migration,0.00,,,,1733,2021-01-15,1,3780.50,3741.50,3768.00,3778.00,3760.00,day,1,3816.00,3786.25,3808.00,3814.00,3800.00,below_range
2021-01-19,2.00,start,migration,0.00,,,,1734,2021-01-19,1,3797.00,3772.25,3792.00,3797.00,3780.00,day,1,3780.50,3741.50,3768.00,3778.00,3760.00,above_range
2021-01-20,2.00,start,migration,0.00,,,,1735,2021-01-20,1,3852.50,3811.25,3842.00,3852.00,3830.00,day,1,3797.00,3772.25,3792.00,3797.00,3780.00,above_range
2021-01-21,2.00,skipped_shape,,1.00,0.80,False,1.00,1735,2021-01-20,1,3852.50,3811.25,3842.00,3852.00,3830.00,day,1,3852.50,3811.25,3842.00,3852.00,3830.00,in_value
2021-01-22,2.00,added,,0.86,0.66,False,0.43,1735,2021-01-20,2,3852.50,3811.25,3838.00,3844.00,3826.00,day,1,3853.75,3836.50,3846.00,3852.00,3842.00,below_range
2021-01-25,2.00,skipped_shape,,0.60,0.77,False,0.71,1735,2021-01-20,2,3852.50,3811.25,3838.00,3844.00,3826.00,composite,2,3852.50,3811.25,3838.00,3844.00,3826.00,in_value
2021-01-26,2.00,start,migration,0.20,,,,1736,2021-01-26,1,3862.25,3840.00,3846.00,3852.00,3842.00,composite,2,3852.50,3811.25,3838.00,3844.00,3826.00,above_range
2021-01-27,2.00,start,migration,0.00,,,,1737,2021-01-27,1,3806.75,3723.25,3782.00,3800.00,3762.00,day,1,3862.25,3840.00,3846.00,3852.00,3842.00,below_range
2021-01-28,2.00,start,migration,0.30,,,,1738,2021-01-28,1,3823.50,3762.50,3802.00,3823.50,3790.00,day,1,3806.75,3723.25,3782.00,3800.00,3762.00,in_value
2021-01-29,2.00,start,migration,0.00,,,,1739,2021-01-29,1,3770.25,3685.50,3710.00,3744.00,3690.00,day,1,3823.50,3762.50,3802.00,3823.50,3790.00,below_range
2021-02-01,2.00,start,migration,0.20,,,,1740,2021-02-01,1,3777.00,3717.25,3764.00,3777.00,3736.00,day,1,3770.25,3685.50,3710.00,3744.00,3690.00,in_value
2021-02-02,2.00,start,migration,0.00,,,,1741,2021-02-02,1,3835.75,3799.00,3828.00,3834.00,3820.00,day,1,3777.00,3717.25,3764.00,3777.00,3736.00,above_range
2021-02-03,2.00,added,,0.78,0.70,False,0.43,1741,2021-02-02,2,3840.00,3799.00,3828.00,3834.00,3816.00,day,1,3835.75,3799.00,3828.00,3834.00,3820.00,in_value
2021-02-04,2.00,start,migration,0.00,,,,1742,2021-02-04,1,3865.75,3830.50,3854.00,3860.00,3842.00,composite,2,3840.00,3799.00,3828.00,3834.00,3816.00,in_value
2021-02-05,2.00,start,migration,0.00,,,,1743,2021-02-05,1,3888.25,3868.50,3878.00,3884.00,3874.00,day,1,3865.75,3830.50,3854.00,3860.00,3842.00,above_range
2021-02-08,2.00,start,migration,0.00,,,,1744,2021-02-08,1,3909.25,3887.00,3894.00,3900.00,3890.00,day,1,3888.25,3868.50,3878.00,3884.00,3874.00,above_range
2021-02-09,2.00,start,migration,0.00,,,,1745,2021-02-09,1,3912.25,3895.00,3906.00,3912.00,3902.00,day,1,3909.25,3887.00,3894.00,3900.00,3890.00,in_value
2021-02-10,2.00,start,migration,0.33,,,,1746,2021-02-10,1,3926.00,3878.25,3898.00,3908.00,3890.00,day,1,3912.25,3895.00,3906.00,3912.00,3902.00,above_range
2021-02-11,2.00,added,,0.78,0.42,False,0.43,1746,2021-02-10,2,3926.00,3878.25,3898.00,3912.00,3894.00,day,1,3926.00,3878.25,3898.00,3908.00,3890.00,above_value
2021-02-12,2.00,start,migration,0.43,,,,1747,2021-02-12,1,3932.75,3901.00,3914.00,3920.00,3906.00,composite,2,3926.00,3878.25,3898.00,3912.00,3894.00,in_value
2021-02-16,2.00,start,migration,0.00,,,,1748,2021-02-16,1,3945.00,3918.75,3930.00,3940.00,3926.00,day,1,3932.75,3901.00,3914.00,3920.00,3906.00,above_range
2021-02-17,2.00,start,migration,0.00,,,,1749,2021-02-17,1,3930.00,3896.50,3916.00,3922.00,3904.00,day,1,3945.00,3918.75,3930.00,3940.00,3926.00,below_range
2021-02-18,2.00,start,migration,0.18,,,,1750,2021-02-18,1,3918.50,3880.50,3894.00,3908.00,3886.00,day,1,3930.00,3896.50,3916.00,3922.00,3904.00,below_value
2021-02-19,2.00,start,migration,0.27,,,,1751,2021-02-19,1,3927.25,3898.75,3910.00,3924.00,3902.00,day,1,3918.50,3880.50,3894.00,3908.00,3886.00,above_range
2021-02-22,2.00,start,migration,0.00,,,,1752,2021-02-22,1,3899.25,3870.00,3884.00,3890.00,3872.00,day,1,3927.25,3898.75,3910.00,3924.00,3902.00,below_range
2021-02-23,2.00,start,migration,0.00,,,,1753,2021-02-23,1,3892.25,3804.75,3846.00,3864.00,3826.00,day,1,3899.25,3870.00,3884.00,3890.00,3872.00,below_range
2021-02-24,2.00,start,migration,0.00,,,,1754,2021-02-24,1,3925.75,3855.50,3916.00,3925.75,3880.00,day,1,3892.25,3804.75,3846.00,3864.00,3826.00,above_value
2021-02-25,2.00,start,migration,0.00,,,,1755,2021-02-25,1,3921.75,3810.25,3842.00,3872.00,3818.00,day,1,3925.75,3855.50,3916.00,3925.75,3880.00,in_value
2021-02-26,2.00,added,,1.00,0.43,False,0.47,1755,2021-02-25,2,3921.75,3785.00,3842.00,3856.00,3814.00,day,1,3921.75,3810.25,3842.00,3872.00,3818.00,in_value
2021-03-01,2.00,start,migration,0.00,,,,1756,2021-03-01,1,3912.00,3858.00,3892.00,3910.00,3884.00,composite,2,3921.75,3785.00,3842.00,3856.00,3814.00,above_value
2021-03-02,2.00,added,,0.64,0.62,False,0.33,1756,2021-03-01,2,3912.00,3858.00,3892.00,3898.00,3876.00,day,1,3912.00,3858.00,3892.00,3910.00,3884.00,in_value
2021-03-03,2.00,start,migration,0.00,,,,1757,2021-03-03,1,3870.50,3815.50,3844.00,3858.00,3832.00,composite,2,3912.00,3858.00,3892.00,3898.00,3876.00,below_value
2021-03-04,2.00,start,migration,0.00,,,,1758,2021-03-04,1,3842.25,3720.50,3764.00,3810.00,3720.50,day,1,3870.50,3815.50,3844.00,3858.00,3832.00,below_range
2021-03-05,2.00,added,,0.94,0.34,False,0.44,1758,2021-03-04,2,3850.00,3720.50,3764.00,3814.00,3744.00,day,1,3842.25,3720.50,3764.00,3810.00,3720.50,in_value
2021-03-08,2.00,start,migration,0.00,,,,1759,2021-03-08,1,3878.75,3816.25,3860.00,3874.00,3844.00,composite,2,3850.00,3720.50,3764.00,3814.00,3744.00,above_value
2021-03-09,2.00,start,migration,0.00,,,,1760,2021-03-09,1,3901.25,3855.25,3890.00,3901.25,3878.00,day,1,3878.75,3816.25,3860.00,3874.00,3844.00,in_value
2021-03-10,2.00,added,,0.52,0.67,False,0.71,1760,2021-03-09,2,3916.25,3855.25,3896.00,3910.00,3888.00,day,1,3901.25,3855.25,3890.00,3901.25,3878.00,in_value
2021-03-11,2.00,start,migration,0.00,,,,1761,2021-03-11,1,3958.50,3919.00,3948.00,3958.00,3936.00,composite,2,3916.25,3855.25,3896.00,3910.00,3888.00,above_range
2021-03-12,2.00,start,migration,0.00,,,,1762,2021-03-12,1,3944.25,3913.75,3928.00,3934.00,3920.00,day,1,3958.50,3919.00,3948.00,3958.00,3936.00,below_value
2021-03-15,2.00,start,migration,0.09,,,,1763,2021-03-15,1,3959.75,3913.00,3932.00,3946.00,3924.00,day,1,3935.25,3904.75,3919.00,3925.00,3911.00,above_range
2021-03-16,2.00,start,migration,0.00,,,,1764,2021-03-16,1,3970.75,3942.75,3958.00,3968.00,3950.00,day,1,3959.75,3913.00,3932.00,3946.00,3924.00,above_range
2021-03-17,2.00,start,migration,0.20,,,,1765,2021-03-17,1,3973.50,3925.00,3934.00,3956.00,3926.00,day,1,3970.75,3942.75,3958.00,3968.00,3950.00,below_range
2021-03-18,2.00,added,,1.00,0.47,False,0.46,1765,2021-03-17,2,3973.50,3900.50,3934.00,3956.00,3926.00,day,1,3973.50,3925.00,3934.00,3956.00,3926.00,in_value
2021-03-19,2.00,start,migration,0.00,,,,1766,2021-03-19,1,3919.50,3875.00,3910.00,3916.00,3890.00,composite,2,3973.50,3900.50,3934.00,3956.00,3926.00,below_value
2021-03-22,2.00,start,migration,0.00,,,,1767,2021-03-22,1,3944.50,3903.50,3932.00,3942.00,3920.00,day,1,3919.50,3875.00,3910.00,3916.00,3890.00,in_value
2021-03-23,2.00,added,,0.90,0.66,False,0.71,1767,2021-03-22,2,3944.50,3890.50,3926.00,3940.00,3918.00,day,1,3944.50,3903.50,3932.00,3942.00,3920.00,in_value
2021-03-24,2.00,start,migration,0.36,,,,1768,2021-03-24,1,3931.50,3879.00,3916.00,3926.00,3904.00,composite,2,3944.50,3890.50,3926.00,3940.00,3918.00,below_value
2021-03-25,2.00,start,migration,0.00,,,,1769,2021-03-25,1,3909.50,3843.25,3876.00,3890.00,3856.00,day,1,3931.50,3879.00,3916.00,3926.00,3904.00,below_range
2021-03-26,2.00,start,migration,0.00,,,,1770,2021-03-26,1,3968.00,3906.75,3922.00,3932.00,3910.00,day,1,3909.50,3843.25,3876.00,3890.00,3856.00,above_range
2021-03-29,2.00,start,migration,0.00,,,,1771,2021-03-29,1,3971.25,3931.75,3958.00,3968.00,3942.00,day,1,3968.00,3906.75,3922.00,3932.00,3910.00,above_value
2021-03-30,2.00,added,,0.86,0.41,False,0.71,1771,2021-03-29,2,3971.25,3931.75,3946.00,3960.00,3938.00,day,1,3971.25,3931.75,3958.00,3968.00,3942.00,in_value
2021-03-31,2.00,start,migration,0.00,,,,1772,2021-03-31,1,3983.75,3956.50,3978.00,3983.75,3966.00,composite,2,3971.25,3931.75,3946.00,3960.00,3938.00,in_value
2021-04-01,2.00,start,migration,0.00,,,,1773,2021-04-01,1,4011.00,3985.00,3998.00,4004.00,3990.00,day,1,3983.75,3956.50,3978.00,3983.75,3966.00,above_range
2021-04-05,2.00,start,migration,0.00,,,,1774,2021-04-05,1,4073.75,4037.50,4064.00,4073.75,4060.00,day,1,4011.00,3985.00,3998.00,4004.00,3990.00,above_range
2021-04-06,2.00,skipped_shape,,0.78,0.83,False,0.60,1774,2021-04-05,1,4073.75,4037.50,4064.00,4073.75,4060.00,day,1,4073.75,4037.50,4064.00,4073.75,4060.00,in_value
2021-04-07,2.00,skipped_shape,,1.00,0.82,False,1.00,1774,2021-04-05,1,4073.75,4037.50,4064.00,4073.75,4060.00,day,1,4076.00,4058.25,4070.00,4076.00,4066.00,below_value
2021-04-08,2.00,start,migration,0.00,,,,1775,2021-04-08,1,4090.00,4073.00,4082.00,4088.00,4078.00,day,1,4073.50,4058.25,4066.00,4072.00,4062.00,above_range
2021-04-09,2.00,start,migration,0.00,,,,1776,2021-04-09,1,4121.50,4086.75,4098.00,4104.00,4090.00,day,1,4090.00,4073.00,4082.00,4088.00,4078.00,in_value
2021-04-12,2.00,start,migration,0.00,,,,1777,2021-04-12,1,4123.75,4106.00,4114.00,4120.00,4110.00,day,1,4121.50,4086.75,4098.00,4104.00,4090.00,above_value
2021-04-13,2.00,start,migration,0.00,,,,1778,2021-04-13,1,4139.75,4115.50,4124.00,4134.00,4120.00,day,1,4123.75,4106.00,4114.00,4120.00,4110.00,in_value
2021-04-14,2.00,added,,0.64,0.38,False,0.43,1778,2021-04-13,2,4144.00,4113.00,4124.00,4138.00,4120.00,day,1,4139.75,4115.50,4124.00,4134.00,4120.00,in_value
2021-04-15,2.00,start,migration,0.00,,,,1779,2021-04-15,1,4166.50,4141.25,4156.00,4162.00,4148.00,composite,2,4144.00,4113.00,4124.00,4138.00,4120.00,above_value
2021-04-16,2.00,start,migration,0.00,,,,1780,2021-04-16,1,4183.50,4161.75,4170.00,4176.00,4166.00,day,1,4166.50,4141.25,4156.00,4162.00,4148.00,above_range
2021-04-19,2.00,start,migration,0.00,,,,1781,2021-04-19,1,4171.50,4141.75,4154.00,4160.00,4146.00,day,1,4183.50,4161.75,4170.00,4176.00,4166.00,in_value
2021-04-20,2.00,start,migration,0.00,,,,1782,2021-04-20,1,4151.00,4110.50,4124.00,4130.00,4112.00,day,1,4171.50,4141.75,4154.00,4160.00,4146.00,below_value
2021-04-21,2.00,start,migration,0.00,,,,1783,2021-04-21,1,4167.25,4117.75,4152.00,4158.00,4136.00,day,1,4151.00,4110.50,4124.00,4130.00,4112.00,in_value
2021-04-22,2.00,added,,0.52,0.64,False,1.00,1783,2021-04-21,2,4171.75,4115.25,4150.00,4168.00,4134.00,day,1,4167.25,4117.75,4152.00,4158.00,4136.00,above_value
2021-04-23,2.00,start,migration,0.31,,,,1784,2021-04-23,1,4186.75,4131.75,4176.00,4186.00,4160.00,composite,2,4171.75,4115.25,4150.00,4168.00,4134.00,below_value
2021-04-26,2.00,skipped_shape,,1.00,0.81,False,1.00,1784,2021-04-23,1,4186.75,4131.75,4176.00,4186.00,4160.00,day,1,4186.75,4131.75,4176.00,4186.00,4160.00,in_value
2021-04-27,2.00,skipped_shape,,1.00,0.81,False,0.71,1784,2021-04-23,1,4186.75,4131.75,4176.00,4186.00,4160.00,day,1,4186.00,4173.25,4180.00,4186.00,4176.00,in_value
2021-04-28,2.00,added,,1.00,0.73,False,0.43,1784,2021-04-23,2,4193.75,4131.75,4176.00,4190.00,4172.00,day,1,4185.25,4166.75,4176.00,4182.00,4172.00,in_value
2021-04-29,2.00,added,,0.54,0.62,False,1.00,1784,2021-04-23,3,4211.00,4131.75,4180.00,4194.00,4168.00,composite,2,4193.75,4131.75,4176.00,4190.00,4172.00,above_range
2021-04-30,2.00,added,,1.00,0.57,False,0.71,1784,2021-04-23,4,4211.00,4131.75,4176.00,4190.00,4168.00,composite,3,4211.00,4131.75,4180.00,4194.00,4168.00,in_value
2021-05-03,2.00,start,migration,0.40,,,,1785,2021-05-03,1,4202.50,4181.00,4190.00,4196.00,4186.00,composite,4,4211.00,4131.75,4176.00,4190.00,4168.00,above_value
2021-05-04,2.00,start,migration,0.00,,,,1786,2021-05-04,1,4170.25,4120.50,4140.00,4150.00,4128.00,day,1,4202.50,4181.00,4190.00,4196.00,4186.00,below_range
2021-05-05,2.00,start,migration,0.00,,,,1787,2021-05-05,1,4180.00,4153.00,4170.00,4176.00,4162.00,day,1,4170.25,4120.50,4140.00,4150.00,4128.00,above_range
2021-05-06,2.00,added,,0.54,0.55,False,0.71,1787,2021-05-05,2,4195.75,4140.50,4170.00,4180.00,4158.00,day,1,4180.00,4153.00,4170.00,4176.00,4162.00,in_value
2021-05-07,2.00,start,migration,0.00,,,,1788,2021-05-07,1,4232.25,4195.50,4224.00,4230.00,4216.00,composite,2,4195.75,4140.50,4170.00,4180.00,4158.00,above_range
2021-05-10,2.00,start,migration,0.45,,,,1789,2021-05-10,1,4231.00,4181.75,4220.00,4231.00,4200.00,day,1,4232.25,4195.50,4224.00,4230.00,4216.00,in_value
2021-05-11,2.00,start,migration,0.00,,,,1790,2021-05-11,1,4156.25,4103.75,4138.00,4152.00,4130.00,day,1,4231.00,4181.75,4220.00,4231.00,4200.00,below_range
2021-05-12,2.00,start,migration,0.00,,,,1791,2021-05-12,1,4129.00,4051.00,4078.00,4100.00,4062.00,day,1,4156.25,4103.75,4138.00,4152.00,4130.00,below_value
2021-05-13,2.00,start,migration,0.23,,,,1792,2021-05-13,1,4126.75,4073.25,4110.00,4120.00,4094.00,day,1,4129.00,4051.00,4078.00,4100.00,4062.00,in_value
2021-05-14,2.00,start,migration,0.00,,,,1793,2021-05-14,1,4178.25,4134.75,4156.00,4174.00,4144.00,day,1,4126.75,4073.25,4110.00,4120.00,4094.00,above_range
2021-05-17,2.00,added,,0.86,0.37,False,1.00,1793,2021-05-14,2,4178.25,4134.75,4150.00,4160.00,4142.00,day,1,4178.25,4134.75,4156.00,4174.00,4144.00,in_value
2021-05-18,2.00,skipped_daytype,,0.84,,,,1793,2021-05-14,2,4178.25,4134.75,4150.00,4160.00,4142.00,composite,2,4178.25,4134.75,4150.00,4160.00,4142.00,above_value
2021-05-19,2.00,start,migration,0.00,,,,1794,2021-05-19,1,4113.00,4055.50,4092.00,4106.00,4072.00,composite,2,4178.25,4134.75,4150.00,4160.00,4142.00,below_range
2021-05-20,2.00,start,migration,0.00,,,,1795,2021-05-20,1,4169.25,4119.25,4154.00,4164.00,4142.00,day,1,4113.00,4055.50,4092.00,4106.00,4072.00,above_range
2021-05-21,2.00,skipped_daytype,,0.55,,,,1795,2021-05-20,1,4169.25,4119.25,4154.00,4164.00,4142.00,day,1,4169.25,4119.25,4154.00,4164.00,4142.00,above_range
2021-05-24,2.00,start,migration,0.00,,,,1796,2021-05-24,1,4206.25,4173.50,4194.00,4204.00,4190.00,day,1,4185.00,4147.00,4156.00,4174.00,4152.00,above_value
2021-05-25,2.00,added,,0.71,0.57,False,0.71,1796,2021-05-24,2,4210.00,4173.50,4194.00,4204.00,4182.00,day,1,4206.25,4173.50,4194.00,4204.00,4190.00,above_value
2021-05-26,2.00,added,,1.00,0.57,False,0.60,1796,2021-05-24,3,4210.00,4173.50,4194.00,4200.00,4186.00,composite,2,4210.00,4173.50,4194.00,4204.00,4182.00,in_value
2021-05-27,2.00,start,migration,0.20,,,,1797,2021-05-27,1,4210.00,4194.25,4202.00,4208.00,4198.00,composite,3,4210.00,4173.50,4194.00,4200.00,4186.00,above_value
2021-05-28,2.00,start,migration,0.21,,,,1798,2021-05-28,1,4215.50,4201.00,4210.00,4215.50,4206.00,day,1,4210.00,4194.25,4202.00,4208.00,4198.00,above_range
2021-06-01,2.00,start,migration,0.15,,,,1799,2021-06-01,1,4230.00,4195.00,4202.00,4208.00,4195.00,day,1,4215.50,4201.00,4210.00,4215.50,4206.00,above_range
2021-06-02,2.00,skipped_shape,,0.71,0.24,False,0.60,1799,2021-06-01,1,4230.00,4195.00,4202.00,4208.00,4195.00,day,1,4230.00,4195.00,4202.00,4208.00,4195.00,in_value
2021-06-03,2.00,start,migration,0.39,,,,1800,2021-06-03,1,4202.50,4165.25,4192.00,4202.00,4184.00,day,1,4215.00,4195.50,4202.00,4212.00,4198.00,below_range
2021-06-04,2.00,start,migration,0.00,,,,1801,2021-06-04,1,4232.00,4209.25,4220.00,4230.00,4216.00,day,1,4202.50,4165.25,4192.00,4202.00,4184.00,above_range
2021-06-07,2.00,added,,0.84,0.50,False,1.00,1801,2021-06-04,2,4232.00,4209.25,4220.00,4226.00,4216.00,day,1,4232.00,4209.25,4220.00,4230.00,4216.00,in_value
2021-06-08,2.00,added,,0.71,0.53,False,0.60,1801,2021-06-04,3,4235.00,4205.75,4220.00,4230.00,4216.00,composite,2,4232.00,4209.25,4220.00,4226.00,4216.00,above_range
2021-06-09,2.00,skipped_daytype,,0.60,,,,1801,2021-06-04,3,4235.00,4205.75,4220.00,4230.00,4216.00,composite,3,4235.00,4205.75,4220.00,4230.00,4216.00,above_value
2021-06-10,2.00,start,migration,0.00,,,,1802,2021-06-10,1,4249.00,4218.25,4238.00,4244.00,4230.00,composite,3,4235.00,4205.75,4220.00,4230.00,4216.00,above_value
2021-06-11,2.00,added,,1.00,0.66,False,1.00,1802,2021-06-10,2,4249.00,4218.25,4238.00,4244.00,4234.00,day,1,4249.00,4218.25,4238.00,4244.00,4230.00,above_value
2021-06-14,2.00,added,,1.00,0.47,False,0.60,1802,2021-06-10,3,4247.50,4209.25,4226.00,4236.00,4222.00,composite,2,4240.00,4209.25,4229.00,4235.00,4225.00,above_value
2021-06-15,2.00,start,migration,0.40,,,,1803,2021-06-15,1,4248.25,4228.25,4236.00,4242.00,4232.00,composite,3,4247.50,4209.25,4226.00,4236.00,4222.00,above_range
2021-06-16,2.00,start,migration,0.06,,,,1804,2021-06-16,1,4241.50,4190.25,4224.00,4234.00,4200.00,day,1,4248.25,4228.25,4236.00,4242.00,4232.00,in_value
2021-06-17,2.00,added,,1.00,0.47,False,0.56,1804,2021-06-16,2,4241.50,4185.50,4210.00,4228.00,4202.00,day,1,4241.50,4190.25,4224.00,4234.00,4200.00,in_value
2021-06-18,2.00,start,migration,0.00,,,,1805,2021-06-18,1,4183.75,4151.75,4168.00,4178.00,4164.00,composite,2,4241.50,4185.50,4210.00,4228.00,4202.00,below_range
2021-06-21,2.00,start,migration,0.00,,,,1806,2021-06-21,1,4216.25,4164.75,4206.00,4216.00,4194.00,day,1,4183.75,4151.75,4168.00,4178.00,4164.00,in_value
2021-06-22,2.00,start,migration,0.00,,,,1807,2021-06-22,1,4245.50,4205.75,4228.00,4245.50,4220.00,day,1,4216.25,4164.75,4206.00,4216.00,4194.00,in_value
2021-06-23,2.00,skipped_shape,,1.00,0.80,False,0.43,1807,2021-06-22,1,4245.50,4205.75,4228.00,4245.50,4220.00,day,1,4245.50,4205.75,4228.00,4245.50,4220.00,in_value
2021-06-24,2.00,start,migration,0.00,,,,1808,2021-06-24,1,4260.75,4251.25,4256.00,4258.00,4252.00,day,1,4246.25,4230.50,4238.00,4244.00,4234.00,above_range
2021-06-25,2.00,start,migration,0.00,,,,1809,2021-06-25,1,4276.75,4260.75,4268.00,4274.00,4264.00,day,1,4260.75,4251.25,4256.00,4258.00,4252.00,above_range
2021-06-28,2.00,added,,0.80,0.38,False,1.00,1809,2021-06-25,2,4282.00,4260.75,4268.00,4274.00,4264.00,day,1,4276.75,4260.75,4268.00,4274.00,4264.00,above_range
2021-06-29,2.00,start,migration,0.00,,,,1810,2021-06-29,1,4291.00,4277.00,4284.00,4290.00,4280.00,composite,2,4282.00,4260.75,4268.00,4274.00,4264.00,above_range
2021-06-30,2.00,added,,1.00,0.50,False,1.00,1810,2021-06-29,2,4293.75,4277.00,4284.00,4290.00,4280.00,day,1,4291.00,4277.00,4284.00,4290.00,4280.00,below_value
2021-07-01,2.00,start,migration,0.00,,,,1811,2021-07-01,1,4312.00,4293.25,4302.00,4308.00,4294.00,composite,2,4293.75,4277.00,4284.00,4290.00,4280.00,above_range
2021-07-02,2.00,start,migration,0.00,,,,1812,2021-07-02,1,4347.00,4319.00,4338.00,4344.00,4326.00,day,1,4312.00,4293.25,4302.00,4308.00,4294.00,above_range
2021-07-06,2.00,start,migration,0.36,,,,1813,2021-07-06,1,4345.75,4305.25,4316.00,4334.00,4312.00,day,1,4347.00,4319.00,4338.00,4344.00,4326.00,in_value
2021-07-07,2.00,start,migration,0.00,,,,1814,2021-07-07,1,4353.25,4320.25,4342.00,4352.00,4338.00,day,1,4345.75,4305.25,4316.00,4334.00,4312.00,above_value
2021-07-08,2.00,start,migration,0.00,,,,1815,2021-07-08,1,4322.75,4280.25,4314.00,4320.00,4294.00,day,1,4353.25,4320.25,4342.00,4352.00,4338.00,below_range
2021-07-09,2.00,start,migration,0.00,,,,1816,2021-07-09,1,4364.00,4328.25,4354.00,4364.00,4346.00,day,1,4322.75,4280.25,4314.00,4320.00,4294.00,above_range
2021-07-12,2.00,start,migration,0.00,,,,1817,2021-07-12,1,4379.25,4354.75,4370.00,4376.00,4366.00,day,1,4364.00,4328.25,4354.00,4364.00,4346.00,in_value
2021-07-13,2.00,added,,0.56,0.50,False,0.60,1817,2021-07-12,2,4383.75,4354.75,4368.00,4378.00,4364.00,day,1,4379.25,4354.75,4370.00,4376.00,4366.00,in_value
2021-07-14,2.00,added,,1.00,0.47,False,0.60,1817,2021-07-12,3,4384.50,4354.50,4368.00,4378.00,4364.00,composite,2,4383.75,4354.75,4368.00,4378.00,4364.00,above_value
2021-07-15,2.00,start,migration,0.00,,,,1818,2021-07-15,1,4360.75,4332.50,4348.00,4358.00,4344.00,composite,3,4384.50,4354.50,4368.00,4378.00,4364.00,below_range
2021-07-16,2.00,start,migration,0.23,,,,1819,2021-07-16,1,4365.75,4314.25,4340.00,4350.00,4324.00,day,1,4360.75,4332.50,4348.00,4358.00,4344.00,above_range
2021-07-19,2.00,start,migration,0.00,,,,1820,2021-07-19,1,4272.00,4224.00,4238.00,4248.00,4226.00,day,1,4365.75,4314.25,4340.00,4350.00,4324.00,below_range
2021-07-20,2.00,start,migration,0.00,,,,1821,2021-07-20,1,4329.00,4252.75,4316.00,4326.00,4292.00,day,1,4272.00,4224.00,4238.00,4248.00,4226.00,above_value
2021-07-21,2.00,start,migration,0.00,,,,1822,2021-07-21,1,4352.25,4326.00,4340.00,4346.00,4336.00,day,1,4329.00,4252.75,4316.00,4326.00,4292.00,above_value
2021-07-22,2.00,start,migration,0.00,,,,1823,2021-07-22,1,4362.25,4341.50,4350.00,4360.00,4346.00,day,1,4352.25,4326.00,4340.00,4346.00,4336.00,above_value
2021-07-23,2.00,start,migration,0.00,,,,1824,2021-07-23,1,4408.25,4372.50,4400.00,4406.00,4384.00,day,1,4362.25,4341.50,4350.00,4360.00,4346.00,above_range
2021-07-26,2.00,start,migration,0.43,,,,1825,2021-07-26,1,4415.00,4397.00,4408.00,4414.00,4400.00,day,1,4408.25,4372.50,4400.00,4406.00,4384.00,in_value
2021-07-27,2.00,start,migration,0.00,,,,1826,2021-07-27,1,4404.00,4364.75,4384.00,4394.00,4372.00,day,1,4415.00,4397.00,4408.00,4414.00,4400.00,in_value
2021-07-28,2.00,added,,0.57,0.70,False,0.33,1826,2021-07-27,2,4407.75,4364.75,4394.00,4400.00,4378.00,day,1,4404.00,4364.75,4384.00,4394.00,4372.00,above_value
2021-07-29,2.00,start,migration,0.00,,,,1827,2021-07-29,1,4422.50,4402.50,4418.00,4422.50,4414.00,composite,2,4407.75,4364.75,4394.00,4400.00,4378.00,above_value
2021-07-30,2.00,start,migration,0.00,,,,1828,2021-07-30,1,4405.00,4382.25,4390.00,4396.00,4386.00,day,1,4422.50,4402.50,4418.00,4422.50,4414.00,below_range
2021-08-02,2.00,start,migration,0.46,,,,1829,2021-08-02,1,4414.00,4377.25,4392.00,4406.00,4384.00,day,1,4405.00,4382.25,4390.00,4396.00,4386.00,above_range
2021-08-03,2.00,skipped_daytype,,0.58,,,,1829,2021-08-02,1,4414.00,4377.25,4392.00,4406.00,4384.00,day,1,4414.00,4377.25,4392.00,4406.00,4384.00,in_value
2021-08-04,2.00,added,,1.00,0.62,False,1.00,1829,2021-08-02,2,4414.00,4377.25,4400.00,4410.00,4392.00,day,1,4417.00,4365.25,4402.00,4416.00,4378.00,in_value
2021-08-05,2.00,start,migration,0.40,,,,1830,2021-08-05,1,4422.75,4402.00,4410.00,4416.00,4406.00,composite,2,4414.00,4377.25,4400.00,4410.00,4392.00,in_value
2021-08-06,2.00,start,migration,0.00,,,,1831,2021-08-06,1,4433.25,4421.75,4428.00,4433.25,4424.00,day,1,4422.75,4402.00,4410.00,4416.00,4406.00,above_range
2021-08-09,2.00,added,,0.60,0.61,False,1.00,1831,2021-08-06,2,4433.25,4416.75,4426.00,4432.00,4422.00,day,1,4433.25,4421.75,4428.00,4433.25,4424.00,in_value
2021-08-10,2.00,added,,0.60,0.46,False,1.00,1831,2021-08-06,3,4438.25,4416.75,4426.00,4432.00,4422.00,composite,2,4433.25,4416.75,4426.00,4432.00,4422.00,in_value
2021-08-11,2.00,start,migration,0.00,,,,1832,2021-08-11,1,4442.50,4430.00,4436.00,4442.00,4432.00,composite,3,4438.25,4416.75,4426.00,4432.00,4422.00,above_range
2021-08-12,2.00,start,migration,0.44,,,,1833,2021-08-12,1,4456.25,4430.25,4446.00,4452.00,4434.00,day,1,4442.50,4430.00,4436.00,4442.00,4432.00,in_value
2021-08-13,2.00,start,migration,0.00,,,,1834,2021-08-13,1,4463.25,4454.25,4458.00,4460.00,4454.25,day,1,4456.25,4430.25,4446.00,4452.00,4434.00,above_range
2021-08-16,2.00,start,migration,0.22,,,,1835,2021-08-16,1,4474.75,4432.50,4450.00,4460.00,4434.00,day,1,4463.25,4454.25,4458.00,4460.00,4454.25,below_range
2021-08-17,2.00,added,,0.61,0.53,False,0.46,1835,2021-08-16,2,4474.75,4411.75,4444.00,4454.00,4424.00,day,1,4474.75,4432.50,4450.00,4460.00,4434.00,in_value
2021-08-18,2.00,skipped_daytype,,1.00,,,,1835,2021-08-16,2,4474.75,4411.75,4444.00,4454.00,4424.00,composite,2,4474.75,4411.75,4444.00,4454.00,4424.00,in_value
2021-08-19,2.00,start,migration,0.00,,,,1836,2021-08-19,1,4414.75,4364.50,4396.00,4414.00,4388.00,composite,2,4474.75,4411.75,4444.00,4454.00,4424.00,below_range
2021-08-20,2.00,start,migration,0.00,,,,1837,2021-08-20,1,4440.50,4400.00,4430.00,4440.00,4422.00,day,1,4414.75,4364.50,4396.00,4414.00,4388.00,in_value
2021-08-23,2.00,start,migration,0.00,,,,1838,2021-08-23,1,4485.75,4454.25,4480.00,4485.75,4472.00,day,1,4440.50,4400.00,4430.00,4440.00,4422.00,above_range
2021-08-24,2.00,skipped_shape,,0.68,0.81,False,1.00,1838,2021-08-23,1,4485.75,4454.25,4480.00,4485.75,4472.00,day,1,4485.75,4454.25,4480.00,4485.75,4472.00,in_value
2021-08-25,2.00,start,migration,0.00,,,,1839,2021-08-25,1,4498.00,4480.75,4492.00,4498.00,4488.00,day,1,4488.50,4477.50,4484.00,4488.50,4480.00,in_value
2021-08-26,2.00,start,migration,0.00,,,,1840,2021-08-26,1,4492.00,4465.00,4478.00,4484.00,4470.00,day,1,4498.00,4480.75,4492.00,4498.00,4488.00,in_value
2021-08-27,2.00,start,migration,0.00,,,,1841,2021-08-27,1,4510.00,4473.75,4502.00,4510.00,4494.00,day,1,4492.00,4465.00,4478.00,4484.00,4470.00,in_value
2021-08-30,2.00,start,migration,0.00,,,,1842,2021-08-30,1,4534.50,4510.50,4530.00,4534.50,4526.00,day,1,4510.00,4473.75,4502.00,4510.00,4494.00,above_range
2021-08-31,2.00,start,migration,0.00,,,,1843,2021-08-31,1,4528.50,4512.50,4520.00,4526.00,4516.00,day,1,4534.50,4510.50,4530.00,4534.50,4526.00,below_value
2021-09-01,2.00,start,migration,0.20,,,,1844,2021-09-01,1,4535.00,4519.25,4528.00,4534.00,4524.00,day,1,4528.50,4512.50,4520.00,4526.00,4516.00,above_range
2021-09-02,2.00,start,migration,0.43,,,,1845,2021-09-02,1,4544.00,4522.75,4536.00,4542.00,4528.00,day,1,4535.00,4519.25,4528.00,4534.00,4524.00,above_range
2021-09-03,2.00,added,,0.86,0.68,False,0.60,1845,2021-09-02,2,4544.00,4519.25,4536.00,4542.00,4528.00,day,1,4544.00,4522.75,4536.00,4542.00,4528.00,below_value
2021-09-07,2.00,start,migration,0.00,,,,1846,2021-09-07,1,4532.00,4510.75,4520.00,4526.00,4512.00,composite,2,4544.00,4519.25,4536.00,4542.00,4528.00,in_value
2021-09-08,2.00,start,migration,0.29,,,,1847,2021-09-08,1,4520.25,4492.00,4510.00,4516.00,4502.00,day,1,4532.00,4510.75,4520.00,4526.00,4512.00,in_value
2021-09-09,2.00,added,,0.54,0.53,False,0.33,1847,2021-09-08,2,4529.50,4490.50,4510.00,4516.00,4494.00,day,1,4520.25,4492.00,4510.00,4516.00,4502.00,in_value
2021-09-10,2.00,start,migration,0.23,,,,1848,2021-09-10,1,4518.25,4456.50,4490.00,4500.00,4474.00,composite,2,4529.50,4490.50,4510.00,4516.00,4494.00,in_value
2021-09-13,2.00,start,migration,0.00,,,,1849,2021-09-13,1,4483.50,4434.50,4454.00,4464.00,4442.00,day,1,4509.00,4447.25,4480.75,4490.75,4464.75,in_value
2021-09-14,2.00,skipped_shape,,0.55,0.48,False,0.27,1849,2021-09-13,1,4483.50,4434.50,4454.00,4464.00,4442.00,day,1,4483.50,4434.50,4454.00,4464.00,4442.00,above_value
2021-09-15,2.00,skipped_daytype,,0.58,,,,1849,2021-09-13,1,4483.50,4434.50,4454.00,4464.00,4442.00,day,1,4477.25,4425.25,4444.00,4454.00,4432.00,in_value
2021-09-16,2.00,added,,0.85,0.36,False,0.71,1849,2021-09-13,2,4483.50,4433.25,4450.00,4464.00,4442.00,day,1,4477.75,4427.50,4444.00,4466.00,4428.00,above_value
2021-09-17,2.00,start,migration,0.00,,,,1850,2021-09-17,1,4460.25,4416.25,4426.00,4440.00,4418.00,composite,2,4483.50,4433.25,4450.00,4464.00,4442.00,in_value
2021-09-20,2.00,start,migration,0.00,,,,1851,2021-09-20,1,4371.25,4293.75,4324.00,4350.00,4300.00,day,1,4460.25,4416.25,4426.00,4440.00,4418.00,below_range
2021-09-21,2.00,start,migration,0.18,,,,1852,2021-09-21,1,4385.00,4336.50,4354.00,4368.00,4346.00,day,1,4371.25,4293.75,4324.00,4350.00,4300.00,above_value
2021-09-22,2.00,start,migration,0.00,,,,1853,2021-09-22,1,4406.50,4356.50,4386.00,4400.00,4378.00,day,1,4385.00,4336.50,4354.00,4368.00,4346.00,in_value
2021-09-23,2.00,start,migration,0.00,,,,1854,2021-09-23,1,4455.00,4401.25,4442.00,4455.00,4434.00,day,1,4406.50,4356.50,4386.00,4400.00,4378.00,above_value
2021-09-24,2.00,added,,0.71,0.70,False,1.00,1854,2021-09-23,2,4455.00,4401.25,4438.00,4448.00,4430.00,day,1,4455.00,4401.25,4442.00,4455.00,4434.00,below_value
2021-09-27,2.00,added,,0.86,0.70,False,1.00,1854,2021-09-23,3,4455.00,4401.25,4438.00,4448.00,4430.00,composite,2,4455.00,4401.25,4438.00,4448.00,4430.00,in_value
2021-09-28,2.00,start,migration,0.00,,,,1855,2021-09-28,1,4406.25,4334.75,4354.00,4368.00,4342.00,composite,3,4455.00,4401.25,4438.00,4448.00,4430.00,below_value
2021-09-29,2.00,added,,0.73,0.28,False,0.56,1855,2021-09-28,2,4406.25,4334.75,4354.00,4372.00,4346.00,day,1,4406.25,4334.75,4354.00,4368.00,4342.00,in_value
2021-09-30,2.00,start,migration,0.09,,,,1856,2021-09-30,1,4373.50,4294.25,4328.00,4350.00,4304.00,composite,2,4406.25,4334.75,4354.00,4372.00,4346.00,in_value
2021-10-01,2.00,start,migration,0.49,,,,1857,2021-10-01,1,4365.75,4277.00,4320.00,4330.00,4277.00,day,1,4373.50,4294.25,4328.00,4350.00,4304.00,in_value
2021-10-04,2.00,skipped_shape,,0.73,0.17,False,0.26,1857,2021-10-01,1,4365.75,4277.00,4320.00,4330.00,4277.00,day,1,4365.75,4277.00,4320.00,4330.00,4277.00,above_value
2021-10-05,2.00,start,migration,0.00,,,,1858,2021-10-05,1,4359.75,4298.50,4350.00,4359.75,4338.00,day,1,4344.50,4267.50,4282.00,4296.00,4270.00,above_value
2021-10-06,2.00,start,migration,0.00,,,,1859,2021-10-06,1,4355.75,4279.50,4310.00,4324.00,4286.00,day,1,4359.75,4298.50,4350.00,4359.75,4338.00,below_range
2021-10-07,2.00,start,migration,0.00,,,,1860,2021-10-07,1,4421.50,4386.50,4412.00,4421.50,4400.00,day,1,4355.75,4279.50,4310.00,4324.00,4286.00,above_range
2021-10-08,2.00,start,migration,0.00,,,,1861,2021-10-08,1,4403.25,4376.25,4390.00,4396.00,4382.00,day,1,4421.50,4386.50,4412.00,4421.50,4400.00,below_value
2021-10-11,2.00,start,migration,0.37,,,,1862,2021-10-11,1,4407.50,4350.00,4372.00,4402.00,4364.00,day,1,4403.25,4376.25,4390.00,4396.00,4382.00,below_range
2021-10-12,2.00,start,migration,0.00,,,,1863,2021-10-12,1,4365.00,4331.75,4346.00,4356.00,4342.00,day,1,4407.50,4350.00,4372.00,4402.00,4364.00,below_value
2021-10-13,2.00,added,,0.55,0.60,False,0.71,1863,2021-10-12,2,4365.00,4318.75,4346.00,4360.00,4338.00,day,1,4365.00,4331.75,4346.00,4356.00,4342.00,in_value
2021-10-14,2.00,start,migration,0.00,,,,1864,2021-10-14,1,4431.00,4390.00,4422.00,4431.00,4410.00,composite,2,4365.00,4318.75,4346.00,4360.00,4338.00,above_range
2021-10-15,2.00,start,migration,0.00,,,,1865,2021-10-15,1,4467.50,4445.00,4454.00,4464.00,4450.00,day,1,4431.00,4390.00,4422.00,4431.00,4410.00,above_range
2021-10-18,2.00,start,migration,0.36,,,,1866,2021-10-18,1,4479.75,4436.75,4472.00,4478.00,4456.00,day,1,4467.50,4445.00,4454.00,4464.00,4450.00,below_range
2021-10-19,2.00,start,migration,0.00,,,,1867,2021-10-19,1,4512.25,4487.25,4506.00,4512.00,4498.00,day,1,4479.75,4436.75,4472.00,4478.00,4456.00,above_range
2021-10-20,2.00,start,migration,0.00,,,,1868,2021-10-20,1,4532.25,4514.50,4526.00,4532.00,4522.00,day,1,4512.25,4487.25,4506.00,4512.00,4498.00,above_range
2021-10-21,2.00,added,,1.00,0.43,False,1.00,1868,2021-10-20,2,4543.25,4514.50,4526.00,4532.00,4522.00,day,1,4532.25,4514.50,4526.00,4532.00,4522.00,in_value
2021-10-22,2.00,start,migration,0.22,,,,1869,2021-10-22,1,4551.50,4515.25,4536.00,4546.00,4528.00,composite,2,4543.25,4514.50,4526.00,4532.00,4522.00,above_value
2021-10-25,2.00,start,migration,0.18,,,,1870,2021-10-25,1,4564.00,4528.75,4558.00,4564.00,4542.00,day,1,4551.50,4515.25,4536.00,4546.00,4528.00,above_value
2021-10-26,2.00,start,migration,0.00,,,,1871,2021-10-26,1,4590.00,4560.75,4576.00,4586.00,4568.00,day,1,4564.00,4528.75,4558.00,4564.00,4542.00,above_range
2021-10-27,2.00,added,,0.57,0.50,False,0.43,1871,2021-10-26,2,4590.00,4543.75,4566.00,4580.00,4562.00,day,1,4590.00,4560.75,4576.00,4586.00,4568.00,in_value
2021-10-28,2.00,added,,0.71,0.66,False,0.43,1871,2021-10-26,3,4590.00,4543.75,4574.00,4580.00,4562.00,composite,2,4590.00,4543.75,4566.00,4580.00,4562.00,below_value
2021-10-29,2.00,start,migration,0.00,,,,1872,2021-10-29,1,4601.00,4560.25,4584.00,4598.00,4580.00,composite,3,4590.00,4543.75,4574.00,4580.00,4562.00,in_value
2021-11-01,2.00,added,,0.57,0.65,False,0.71,1872,2021-10-29,2,4612.00,4560.25,4594.00,4604.00,4582.00,day,1,4601.00,4560.25,4584.00,4598.00,4580.00,above_range
2021-11-02,2.00,start,migration,0.00,,,,1873,2021-11-02,1,4627.00,4605.50,4620.00,4626.00,4616.00,composite,2,4612.00,4560.25,4594.00,4604.00,4582.00,above_value
2021-11-03,2.00,start,migration,0.43,,,,1874,2021-11-03,1,4657.00,4613.00,4618.00,4636.00,4613.00,day,1,4627.00,4605.50,4620.00,4626.00,4616.00,in_value
2021-11-04,2.00,start,migration,0.00,,,,1875,2021-11-04,1,4674.75,4654.50,4664.00,4670.00,4660.00,day,1,4657.00,4613.00,4618.00,4636.00,4613.00,above_range
2021-11-05,2.00,start,migration,0.00,,,,1876,2021-11-05,1,4711.75,4674.25,4692.00,4706.00,4684.00,day,1,4674.75,4654.50,4664.00,4670.00,4660.00,above_range
2021-11-08,2.00,added,,1.00,0.50,False,0.43,1876,2021-11-05,2,4711.75,4674.25,4692.00,4706.00,4688.00,day,1,4711.75,4674.25,4692.00,4706.00,4684.00,in_value
2021-11-09,2.00,start,migration,0.00,,,,1877,2021-11-09,1,4700.50,4663.25,4672.00,4682.00,4668.00,composite,2,4711.75,4674.25,4692.00,4706.00,4688.00,in_value
2021-11-10,2.00,start,migration,0.26,,,,1878,2021-11-10,1,4678.75,4625.25,4672.00,4678.00,4640.00,day,1,4700.50,4663.25,4672.00,4682.00,4668.00,below_range
2021-11-11,2.00,added,,1.00,0.41,False,0.78,1878,2021-11-10,2,4678.75,4625.25,4646.00,4664.00,4634.00,day,1,4678.75,4625.25,4672.00,4678.00,4640.00,in_value
2021-11-12,2.00,start,migration,0.31,,,,1879,2021-11-12,1,4683.50,4645.75,4672.00,4682.00,4656.00,composite,2,4678.75,4625.25,4646.00,4664.00,4634.00,in_value
2021-11-15,2.00,added,,0.86,0.62,False,1.00,1879,2021-11-12,2,4692.75,4645.75,4674.00,4684.00,4666.00,day,1,4683.50,4645.75,4672.00,4682.00,4656.00,above_range
2021-11-16,2.00,start,migration,0.00,,,,1880,2021-11-16,1,4709.75,4675.50,4704.00,4709.75,4692.00,composite,2,4692.75,4645.75,4674.00,4684.00,4666.00,in_value
2021-11-17,2.00,start,migration,0.00,,,,1881,2021-11-17,1,4696.75,4679.25,4686.00,4692.00,4682.00,day,1,4709.75,4675.50,4704.00,4709.75,4692.00,in_value
2021-11-18,2.00,start,migration,0.33,,,,1882,2021-11-18,1,4705.00,4668.00,4698.00,4704.00,4686.00,day,1,4696.75,4679.25,4686.00,4692.00,4682.00,above_range
2021-11-19,2.00,added,,0.71,0.65,False,1.00,1882,2021-11-18,2,4714.25,4668.00,4698.00,4708.00,4690.00,day,1,4705.00,4668.00,4698.00,4704.00,4686.00,in_value
2021-11-22,2.00,start,migration,0.13,,,,1883,2021-11-22,1,4740.50,4678.00,4712.00,4734.00,4704.00,composite,2,4714.25,4668.00,4698.00,4708.00,4690.00,above_value
2021-11-23,2.00,start,migration,0.00,,,,1884,2021-11-23,1,4695.50,4649.00,4670.00,4680.00,4654.00,day,1,4740.50,4678.00,4712.00,4734.00,4704.00,below_range
2021-11-24,2.00,start,migration,0.18,,,,1885,2021-11-24,1,4700.75,4656.25,4688.00,4698.00,4676.00,day,1,4695.50,4649.00,4670.00,4680.00,4654.00,in_value
2021-11-26,2.00,start,migration,0.00,,,,1886,2021-11-26,1,4643.25,4577.25,4600.00,4618.00,4588.00,day,1,4700.75,4656.25,4688.00,4698.00,4676.00,below_range
2021-11-29,2.00,start,migration,0.00,,,,1887,2021-11-29,1,4669.75,4621.25,4662.00,4668.00,4634.00,day,1,4643.25,4577.25,4600.00,4618.00,4588.00,above_range
2021-11-30,2.00,start,migration,0.00,,,,1888,2021-11-30,1,4644.25,4557.00,4576.00,4602.00,4564.00,day,1,4669.75,4621.25,4662.00,4668.00,4634.00,below_value
2021-12-01,2.00,start,migration,0.34,,,,1889,2021-12-01,1,4650.75,4505.50,4634.00,4648.00,4578.00,day,1,4644.25,4557.00,4576.00,4602.00,4564.00,above_value
2021-12-02,2.00,start,migration,0.26,,,,1890,2021-12-02,1,4593.75,4506.25,4574.00,4588.00,4550.00,day,1,4650.75,4505.50,4634.00,4648.00,4578.00,below_value
2021-12-03,2.00,start,migration,0.00,,,,1891,2021-12-03,1,4606.50,4492.00,4518.00,4540.00,4502.00,day,1,4593.75,4506.25,4574.00,4588.00,4550.00,above_range
2021-12-06,2.00,start,migration,0.00,,,,1892,2021-12-06,1,4611.75,4539.25,4586.00,4608.00,4570.00,day,1,4606.50,4492.00,4518.00,4540.00,4502.00,above_value
2021-12-07,2.00,start,migration,0.00,,,,1893,2021-12-07,1,4692.50,4647.25,4684.00,4692.50,4676.00,day,1,4611.75,4539.25,4586.00,4608.00,4570.00,above_range
2021-12-08,2.00,added,,0.81,0.67,False,1.00,1893,2021-12-07,2,4703.25,4647.25,4684.00,4694.00,4676.00,day,1,4692.50,4647.25,4684.00,4692.50,4676.00,in_value
2021-12-09,2.00,added,,1.00,0.67,False,1.00,1893,2021-12-07,3,4703.25,4647.25,4684.00,4694.00,4676.00,composite,2,4703.25,4647.25,4684.00,4694.00,4676.00,in_value
2021-12-10,2.00,added,,0.56,0.60,False,1.00,1893,2021-12-07,4,4712.50,4647.25,4686.00,4696.00,4678.00,composite,3,4703.25,4647.25,4684.00,4694.00,4676.00,above_value
2021-12-13,2.00,added,,0.78,0.57,False,1.00,1893,2021-12-07,5,4705.00,4639.75,4676.00,4686.00,4668.00,composite,4,4705.00,4639.75,4678.50,4688.50,4670.50,above_value
2021-12-14,2.00,start,migration,0.00,,,,1894,2021-12-14,1,4652.00,4596.25,4606.00,4628.00,4598.00,composite,5,4705.00,4639.75,4676.00,4686.00,4668.00,below_range
2021-12-15,2.00,skipped_daytype,,0.56,,,,1894,2021-12-14,1,4652.00,4596.25,4606.00,4628.00,4598.00,day,1,4652.00,4596.25,4606.00,4628.00,4598.00,above_value
2021-12-16,2.00,start,migration,0.00,,,,1895,2021-12-16,1,4723.25,4642.00,4680.00,4706.00,4656.00,day,1,4703.50,4602.00,4614.00,4648.00,4602.00,above_range
2021-12-17,2.00,start,migration,0.00,,,,1896,2021-12-17,1,4657.00,4590.00,4628.00,4646.00,4612.00,day,1,4723.25,4642.00,4680.00,4706.00,4656.00,below_range
2021-12-20,2.00,start,migration,0.00,,,,1897,2021-12-20,1,4563.50,4520.25,4542.00,4552.00,4530.00,day,1,4657.00,4590.00,4628.00,4646.00,4612.00,below_range
2021-12-21,2.00,start,migration,0.00,,,,1898,2021-12-21,1,4642.25,4572.25,4628.00,4642.00,4592.00,day,1,4563.50,4520.25,4542.00,4552.00,4530.00,above_range
2021-12-22,2.00,start,migration,0.00,,,,1899,2021-12-22,1,4687.50,4635.50,4672.00,4682.00,4660.00,day,1,4642.25,4572.25,4628.00,4642.00,4592.00,in_value
2021-12-23,2.00,start,migration,0.00,,,,1900,2021-12-23,1,4731.25,4695.50,4720.00,4726.00,4712.00,day,1,4687.50,4635.50,4672.00,4682.00,4660.00,above_range
2021-12-27,2.00,start,migration,0.00,,,,1901,2021-12-27,1,4783.50,4729.50,4770.00,4780.00,4754.00,day,1,4731.25,4695.50,4720.00,4726.00,4712.00,above_value
2021-12-28,2.00,start,migration,0.36,,,,1902,2021-12-28,1,4798.00,4770.50,4780.00,4794.00,4772.00,day,1,4783.50,4729.50,4770.00,4780.00,4754.00,above_range
2021-12-29,2.00,added,,1.00,0.43,False,0.60,1902,2021-12-28,2,4798.00,4770.00,4782.00,4788.00,4774.00,day,1,4798.00,4770.50,4780.00,4794.00,4772.00,in_value
2021-12-30,2.00,start,migration,0.20,,,,1903,2021-12-30,1,4799.75,4767.25,4790.00,4796.00,4786.00,composite,2,4798.00,4770.00,4782.00,4788.00,4774.00,above_value
2021-12-31,2.00,start,migration,0.00,,,,1904,2021-12-31,1,4778.50,4757.25,4768.00,4774.00,4760.00,day,1,4799.75,4767.25,4790.00,4796.00,4786.00,below_range
2022-01-03,2.00,added,,0.64,0.55,False,1.00,1904,2021-12-31,2,4787.25,4747.50,4768.00,4778.00,4760.00,day,1,4778.50,4757.25,4768.00,4774.00,4760.00,in_value
2022-01-04,2.00,start,migration,0.23,,,,1905,2022-01-04,1,4808.25,4764.50,4784.00,4798.00,4772.00,composite,2,4787.25,4747.50,4768.00,4778.00,4760.00,above_range
2022-01-05,2.00,start,migration,0.34,,,,1906,2022-01-05,1,4788.25,4691.00,4776.00,4788.25,4740.00,day,1,4808.25,4764.50,4784.00,4798.00,4772.00,in_value
2022-01-06,2.00,start,migration,0.00,,,,1907,2022-01-06,1,4715.75,4662.00,4694.00,4708.00,4686.00,day,1,4788.25,4691.00,4776.00,4788.25,4740.00,below_range
2022-01-07,2.00,start,migration,0.11,,,,1908,2022-01-07,1,4699.50,4653.75,4674.00,4688.00,4670.00,day,1,4715.75,4662.00,4694.00,4708.00,4686.00,in_value
2022-01-10,2.00,start,migration,0.00,,,,1909,2022-01-10,1,4665.00,4572.75,4602.00,4632.00,4578.00,day,1,4699.50,4653.75,4674.00,4688.00,4670.00,below_range
2022-01-11,2.00,start,migration,0.00,,,,1910,2022-01-11,1,4706.50,4627.25,4686.00,4704.00,4650.00,day,1,4665.00,4572.75,4602.00,4632.00,4578.00,above_value
2022-01-12,2.00,start,migration,0.00,,,,1911,2022-01-12,1,4739.50,4696.75,4716.00,4726.00,4708.00,day,1,4706.50,4627.25,4686.00,4704.00,4650.00,above_range
2022-01-13,2.00,start,migration,0.30,,,,1912,2022-01-13,1,4736.25,4642.50,4680.00,4722.00,4676.00,day,1,4739.50,4696.75,4716.00,4726.00,4708.00,above_value
2022-01-14,2.00,start,migration,0.00,,,,1913,2022-01-14,1,4658.50,4606.00,4632.00,4642.00,4616.00,day,1,4736.25,4642.50,4680.00,4722.00,4676.00,below_range
2022-01-18,2.00,start,migration,0.00,,,,1914,2022-01-18,1,4606.50,4560.00,4578.00,4592.00,4570.00,day,1,4658.50,4606.00,4632.00,4642.00,4616.00,below_range
2022-01-19,2.00,added,,0.59,0.60,False,0.78,1914,2022-01-18,2,4606.50,4521.25,4572.00,4590.00,4560.00,day,1,4606.50,4560.00,4578.00,4592.00,4570.00,in_value
2022-01-20,2.00,added,,0.56,0.75,False,0.82,1914,2022-01-18,3,4606.50,4469.00,4572.00,4594.00,4556.00,composite,2,4606.50,4521.25,4572.00,4590.00,4560.00,below_value
2022-01-21,2.00,start,migration,0.00,,,,1915,2022-01-21,1,4487.00,4385.25,4436.00,4466.00,4416.00,composite,3,4606.50,4469.00,4572.00,4594.00,4556.00,below_range
2022-01-24,2.00,start,migration,0.00,,,,1916,2022-01-24,1,4410.00,4212.75,4292.00,4330.00,4248.00,day,1,4487.00,4385.25,4436.00,4466.00,4416.00,below_range
2022-01-25,2.00,added,,0.52,0.48,False,0.76,1916,2022-01-24,2,4410.00,4212.75,4308.00,4346.00,4260.00,day,1,4410.00,4212.75,4292.00,4330.00,4248.00,above_value
2022-01-26,2.00,start,migration,0.00,,,,1917,2022-01-26,1,4446.25,4294.25,4414.00,4444.00,4374.00,composite,2,4410.00,4212.75,4308.00,4346.00,4260.00,above_range
2022-01-27,2.00,added,,0.51,0.64,False,0.70,1917,2022-01-26,2,4446.25,4294.25,4392.00,4430.00,4340.00,day,1,4446.25,4294.25,4414.00,4444.00,4374.00,in_value
2022-01-28,2.00,skipped_shape,,0.64,0.28,False,0.31,1917,2022-01-26,2,4446.25,4294.25,4392.00,4430.00,4340.00,composite,2,4446.25,4294.25,4392.00,4430.00,4340.00,below_value
2022-01-31,2.00,start,migration,0.00,,,,1918,2022-01-31,1,4507.75,4402.75,4472.00,4490.00,4448.00,composite,2,4446.25,4294.25,4392.00,4430.00,4340.00,in_value
2022-02-01,2.00,start,migration,0.00,,,,1919,2022-02-01,1,4541.00,4474.00,4504.00,4514.00,4492.00,day,1,4507.75,4402.75,4472.00,4490.00,4448.00,above_range
2022-02-02,2.00,start,migration,0.00,,,,1920,2022-02-02,1,4586.00,4535.25,4560.00,4574.00,4544.00,day,1,4541.00,4474.00,4504.00,4514.00,4492.00,above_range
2022-02-03,2.00,start,migration,0.00,,,,1921,2022-02-03,1,4534.25,4462.00,4506.00,4528.00,4494.00,day,1,4586.00,4535.25,4560.00,4574.00,4544.00,below_range
2022-02-04,2.00,start,migration,0.24,,,,1922,2022-02-04,1,4532.50,4442.50,4474.00,4508.00,4450.00,day,1,4534.25,4462.00,4506.00,4528.00,4494.00,below_value
2022-02-07,2.00,added,,1.00,0.60,False,0.54,1922,2022-02-04,2,4532.50,4442.50,4496.00,4510.00,4472.00,day,1,4532.50,4442.50,4474.00,4508.00,4450.00,in_value
2022-02-08,2.00,skipped_shape,,0.77,0.69,False,0.18,1922,2022-02-04,2,4532.50,4442.50,4496.00,4510.00,4472.00,composite,2,4532.50,4442.50,4496.00,4510.00,4472.00,below_value
2022-02-09,2.00,start,migration,0.00,,,,1923,2022-02-09,1,4582.50,4554.50,4568.00,4574.00,4560.00,composite,2,4532.50,4442.50,4496.00,4510.00,4472.00,above_range
2022-02-10,2.00,start,migration,0.21,,,,1924,2022-02-10,1,4581.75,4476.00,4558.00,4572.00,4514.00,day,1,4582.50,4554.50,4568.00,4574.00,4560.00,below_range
2022-02-11,2.00,start,migration,0.07,,,,1925,2022-02-11,1,4520.50,4393.25,4480.00,4520.50,4424.00,day,1,4581.75,4476.00,4558.00,4572.00,4514.00,below_value
2022-02-14,2.00,start,migration,0.00,,,,1926,2022-02-14,1,4420.00,4357.00,4392.00,4410.00,4380.00,day,1,4520.50,4393.25,4480.00,4520.50,4424.00,below_value
2022-02-15,2.00,start,migration,0.00,,,,1927,2022-02-15,1,4466.75,4436.00,4454.00,4464.00,4446.00,day,1,4420.00,4357.00,4392.00,4410.00,4380.00,above_range
2022-02-16,2.00,start,migration,0.42,,,,1928,2022-02-16,1,4484.50,4422.75,4436.00,4462.00,4424.00,day,1,4466.75,4436.00,4454.00,4464.00,4446.00,below_value
2022-02-17,2.00,start,migration,0.06,,,,1929,2022-02-17,1,4441.75,4367.75,4412.00,4426.00,4392.00,day,1,4484.50,4422.75,4436.00,4462.00,4424.00,in_value
2022-02-18,2.00,start,migration,0.00,,,,1930,2022-02-18,1,4390.25,4321.00,4346.00,4368.00,4330.00,day,1,4441.75,4367.75,4412.00,4426.00,4392.00,below_value
2022-02-22,2.00,start,migration,0.04,,,,1931,2022-02-22,1,4358.75,4261.50,4318.00,4332.00,4282.00,day,1,4390.25,4321.00,4346.00,4368.00,4330.00,below_value
2022-02-23,2.00,start,migration,0.41,,,,1932,2022-02-23,1,4335.75,4216.25,4284.00,4306.00,4248.00,day,1,4358.75,4261.50,4318.00,4332.00,4282.00,in_value
2022-02-24,2.00,start,migration,0.00,,,,1933,2022-02-24,1,4290.00,4108.75,4180.00,4210.00,4136.00,day,1,4335.75,4216.25,4284.00,4306.00,4248.00,below_range
2022-02-25,2.00,start,migration,0.00,,,,1934,2022-02-25,1,4381.75,4281.25,4364.00,4381.75,4332.00,day,1,4290.00,4108.75,4180.00,4210.00,4136.00,above_range
2022-02-28,2.00,skipped_shape,,0.68,0.80,False,0.26,1934,2022-02-25,1,4381.75,4281.25,4364.00,4381.75,4332.00,day,1,4381.75,4281.25,4364.00,4381.75,4332.00,below_value
2022-03-01,2.00,start,migration,0.00,,,,1935,2022-03-01,1,4374.50,4275.00,4306.00,4332.00,4282.00,day,1,4385.50,4310.00,4344.00,4358.00,4320.00,in_value
2022-03-02,2.00,start,migration,0.00,,,,1936,2022-03-02,1,4399.25,4318.75,4382.00,4399.25,4350.00,day,1,4374.50,4275.00,4306.00,4332.00,4282.00,in_value
2022-03-03,2.00,added,,1.00,0.66,False,0.47,1936,2022-03-02,2,4414.00,4318.75,4382.00,4396.00,4354.00,day,1,4399.25,4318.75,4382.00,4399.25,4350.00,above_range
2022-03-04,2.00,start,migration,0.00,,,,1937,2022-03-04,1,4337.00,4281.25,4308.00,4326.00,4296.00,composite,2,4414.00,4318.75,4382.00,4396.00,4354.00,below_value
2022-03-07,2.00,start,migration,0.00,,,,1938,2022-03-07,1,4321.25,4197.00,4242.00,4264.00,4202.00,day,1,4337.00,4281.25,4308.00,4326.00,4296.00,in_value
2022-03-08,2.00,start,migration,0.34,,,,1939,2022-03-08,1,4275.00,4153.25,4196.00,4222.00,4164.00,day,1,4321.25,4197.00,4242.00,4264.00,4202.00,below_value
2022-03-09,2.00,start,migration,0.00,,,,1940,2022-03-09,1,4298.25,4230.75,4278.00,4288.00,4258.00,day,1,4275.00,4153.25,4196.00,4222.00,4164.00,above_value
2022-03-10,2.00,start,migration,0.00,,,,1941,2022-03-10,1,4267.50,4207.00,4222.00,4252.00,4214.00,day,1,4298.25,4230.75,4278.00,4288.00,4258.00,below_range
2022-03-11,2.00,added,,0.53,0.52,False,0.54,1941,2022-03-10,2,4290.75,4198.00,4246.00,4260.00,4222.00,day,1,4267.50,4207.00,4222.00,4252.00,4214.00,above_range
2022-03-14,2.00,start,migration,0.00,,,,1942,2022-03-14,1,4239.75,4152.25,4166.00,4212.00,4154.00,composite,2,4281.25,4188.50,4236.50,4250.50,4212.50,below_value
2022-03-15,2.00,start,migration,0.13,,,,1943,2022-03-15,1,4263.25,4178.50,4220.00,4238.00,4208.00,day,1,4239.75,4152.25,4166.00,4212.00,4154.00,in_value
2022-03-16,2.00,start,migration,0.00,,,,1944,2022-03-16,1,4351.75,4242.25,4320.00,4334.00,4292.00,day,1,4263.25,4178.50,4220.00,4238.00,4208.00,above_range
2022-03-17,2.00,start,migration,0.00,,,,1945,2022-03-17,1,4406.50,4325.75,4352.00,4386.00,4336.00,day,1,4351.75,4242.25,4320.00,4334.00,4292.00,in_value
2022-03-18,2.00,start,migration,0.00,,,,1946,2022-03-18,1,4457.00,4379.00,4410.00,4432.00,4394.00,day,1,4406.50,4325.75,4352.00,4386.00,4336.00,above_value
2022-03-21,2.00,start,migration,0.20,,,,1947,2022-03-21,1,4473.00,4415.00,4434.00,4456.00,4426.00,day,1,4457.00,4379.00,4410.00,4432.00,4394.00,above_value
2022-03-22,2.00,start,migration,0.00,,,,1948,2022-03-22,1,4514.75,4467.00,4496.00,4506.00,4488.00,day,1,4473.00,4415.00,4434.00,4456.00,4426.00,above_value
2022-03-23,2.00,start,migration,0.00,,,,1949,2022-03-23,1,4493.75,4446.00,4466.00,4484.00,4458.00,day,1,4514.75,4467.00,4496.00,4506.00,4488.00,below_value
2022-03-24,2.00,start,migration,0.47,,,,1950,2022-03-24,1,4513.50,4456.00,4486.00,4500.00,4470.00,day,1,4493.75,4446.00,4466.00,4484.00,4458.00,in_value
2022-03-25,2.00,start,migration,0.00,,,,1951,2022-03-25,1,4539.00,4493.25,4512.00,4530.00,4504.00,day,1,4513.50,4456.00,4486.00,4500.00,4470.00,above_range
2022-03-28,2.00,start,migration,0.46,,,,1952,2022-03-28,1,4569.00,4509.75,4534.00,4544.00,4518.00,day,1,4539.00,4493.25,4512.00,4530.00,4504.00,in_value
2022-03-29,2.00,start,migration,0.00,,,,1953,2022-03-29,1,4631.00,4581.75,4604.00,4614.00,4584.00,day,1,4569.00,4509.75,4534.00,4544.00,4518.00,above_range
2022-03-30,2.00,added,,0.85,0.50,False,0.56,1953,2022-03-29,2,4631.00,4574.75,4602.00,4612.00,4586.00,day,1,4631.00,4581.75,4604.00,4614.00,4584.00,in_value
2022-03-31,2.00,start,migration,0.31,,,,1954,2022-03-31,1,4597.25,4526.25,4576.00,4594.00,4568.00,composite,2,4631.00,4574.75,4602.00,4612.00,4586.00,in_value
2022-04-01,2.00,start,migration,0.00,,,,1955,2022-04-01,1,4545.00,4501.25,4526.00,4536.00,4510.00,day,1,4597.25,4526.25,4576.00,4594.00,4568.00,below_value
2022-04-04,2.00,start,migration,0.00,,,,1956,2022-04-04,1,4578.75,4532.75,4562.00,4572.00,4550.00,day,1,4545.00,4501.25,4526.00,4536.00,4510.00,above_value
2022-04-05,2.00,skipped_daytype,,0.53,,,,1956,2022-04-04,1,4578.75,4532.75,4562.00,4572.00,4550.00,day,1,4578.75,4532.75,4562.00,4572.00,4550.00,in_value
2022-04-06,2.00,start,migration,0.00,,,,1957,2022-04-06,1,4499.50,4444.50,4466.00,4480.00,4454.00,day,1,4588.75,4507.75,4546.00,4568.00,4534.00,below_range
2022-04-07,2.00,added,,0.68,0.31,False,0.78,1957,2022-04-06,2,4517.25,4444.50,4466.00,4484.00,4454.00,day,1,4499.50,4444.50,4466.00,4480.00,4454.00,in_value
2022-04-08,2.00,start,migration,0.00,,,,1958,2022-04-08,1,4516.00,4468.75,4500.00,4510.00,4484.00,composite,2,4517.25,4444.50,4466.00,4484.00,4454.00,above_value
2022-04-11,2.00,start,migration,0.00,,,,1959,2022-04-11,1,4459.50,4403.50,4428.00,4442.00,4420.00,day,1,4516.00,4468.75,4500.00,4510.00,4484.00,below_range
2022-04-12,2.00,start,migration,0.38,,,,1960,2022-04-12,1,4466.75,4375.50,4432.00,4466.00,4408.00,day,1,4459.50,4403.50,4428.00,4442.00,4420.00,in_value
2022-04-13,2.00,skipped_daytype,,1.00,,,,1960,2022-04-12,1,4466.75,4375.50,4432.00,4466.00,4408.00,day,1,4466.75,4375.50,4432.00,4466.00,4408.00,below_value
2022-04-14,2.00,added,,0.92,0.50,False,0.73,1960,2022-04-12,2,4466.75,4375.50,4420.00,4442.00,4392.00,day,1,4449.50,4387.00,4428.00,4449.50,4408.00,in_value
2022-04-18,2.00,start,migration,0.39,,,,1961,2022-04-18,1,4406.25,4364.50,4380.00,4402.00,4376.00,composite,2,4466.75,4375.50,4420.00,4442.00,4392.00,below_value
2022-04-19,2.00,start,migration,0.00,,,,1962,2022-04-19,1,4467.00,4385.00,4444.00,4462.00,4432.00,day,1,4406.25,4364.50,4380.00,4402.00,4376.00,in_value
2022-04-20,2.00,start,migration,0.22,,,,1963,2022-04-20,1,4484.25,4443.50,4462.00,4476.00,4458.00,day,1,4467.00,4385.00,4444.00,4462.00,4432.00,above_range
2022-04-21,2.00,start,migration,0.07,,,,1964,2022-04-21,1,4509.00,4380.00,4442.00,4464.00,4382.00,day,1,4484.25,4443.50,4462.00,4476.00,4458.00,above_range
2022-04-22,2.00,start,migration,0.00,,,,1965,2022-04-22,1,4380.50,4262.25,4310.00,4340.00,4274.00,day,1,4509.00,4380.00,4442.00,4464.00,4382.00,below_range
2022-04-25,2.00,start,migration,0.00,,,,1966,2022-04-25,1,4294.75,4195.25,4228.00,4250.00,4208.00,day,1,4380.50,4262.25,4310.00,4340.00,4274.00,below_range
2022-04-26,2.00,added,,0.65,0.39,False,0.60,1966,2022-04-25,2,4294.75,4167.25,4216.00,4246.00,4200.00,day,1,4294.75,4195.25,4228.00,4250.00,4208.00,above_value
2022-04-27,2.00,added,,0.68,0.44,False,0.85,1966,2022-04-25,3,4294.75,4157.00,4216.00,4238.00,4192.00,composite,2,4294.75,4167.25,4216.00,4246.00,4200.00,below_value
2022-04-28,2.00,skipped_daytype,,0.51,,,,1966,2022-04-25,3,4294.75,4157.00,4216.00,4238.00,4192.00,composite,3,4294.75,4157.00,4216.00,4238.00,4192.00,in_value
2022-04-29,2.00,added,,0.54,0.53,False,0.87,1966,2022-04-25,4,4294.75,4118.75,4212.00,4238.00,4184.00,composite,3,4294.75,4157.00,4216.00,4238.00,4192.00,above_value
2022-05-02,2.00,start,migration,0.00,,,,1967,2022-05-02,1,4165.75,4056.00,4120.00,4142.00,4088.00,composite,4,4294.75,4118.75,4212.00,4238.00,4184.00,below_value
2022-05-03,2.00,start,migration,0.00,,,,1968,2022-05-03,1,4195.75,4139.00,4178.00,4184.00,4154.00,day,1,4165.75,4056.00,4120.00,4142.00,4088.00,above_value
2022-05-04,2.00,start,migration,0.48,,,,1969,2022-05-04,1,4303.00,4142.75,4176.00,4206.00,4144.00,day,1,4195.75,4139.00,4178.00,4184.00,4154.00,in_value
2022-05-05,2.00,added,,0.52,0.29,False,0.90,1969,2022-05-04,2,4303.00,4099.25,4156.00,4194.00,4124.00,day,1,4303.00,4142.75,4176.00,4206.00,4144.00,above_value
2022-05-06,2.00,start,migration,0.26,,,,1970,2022-05-06,1,4153.25,4062.00,4114.00,4136.00,4090.00,composite,2,4303.00,4099.25,4156.00,4194.00,4124.00,below_value
2022-05-09,2.00,start,migration,0.00,,,,1971,2022-05-09,1,4069.00,3970.00,4018.00,4036.00,3998.00,day,1,4153.25,4062.00,4114.00,4136.00,4090.00,below_range
2022-05-10,2.00,added,,0.66,0.50,False,0.87,1971,2022-05-09,2,4069.00,3953.00,4010.00,4040.00,3986.00,day,1,4069.00,3970.00,4018.00,4036.00,3998.00,above_value
2022-05-11,2.00,added,,0.69,0.61,False,0.88,1971,2022-05-09,3,4069.00,3923.75,4012.00,4042.00,3980.00,composite,2,4069.00,3953.00,4010.00,4040.00,3986.00,below_value
2022-05-12,2.00,start,migration,0.00,,,,1972,2022-05-12,1,3961.75,3855.00,3900.00,3930.00,3872.00,composite,3,4069.00,3923.75,4012.00,4042.00,3980.00,below_range
2022-05-13,2.00,start,migration,0.00,,,,1973,2022-05-13,1,4036.00,3959.50,4010.00,4028.00,3994.00,day,1,3961.75,3855.00,3900.00,3930.00,3872.00,above_range
2022-05-16,2.00,added,,0.90,0.62,False,1.00,1973,2022-05-13,2,4043.50,3959.50,4010.00,4028.00,3994.00,day,1,4036.00,3959.50,4010.00,4028.00,3994.00,in_value
2022-05-17,2.00,start,migration,0.00,,,,1974,2022-05-17,1,4089.75,4029.75,4064.00,4074.00,4044.00,composite,2,4043.50,3959.50,4010.00,4028.00,3994.00,above_range
2022-05-18,2.00,start,migration,0.00,,,,1975,2022-05-18,1,4041.50,3908.00,3970.00,3984.00,3910.00,day,1,4089.75,4029.75,4064.00,4074.00,4044.00,below_value
2022-05-19,2.00,start,migration,0.41,,,,1976,2022-05-19,1,3943.50,3874.00,3906.00,3924.00,3890.00,day,1,4041.50,3908.00,3970.00,3984.00,3910.00,below_range
2022-05-20,2.00,start,migration,0.00,,,,1977,2022-05-20,1,3941.00,3807.50,3840.00,3886.00,3812.00,day,1,3943.50,3874.00,3906.00,3924.00,3890.00,above_value
2022-05-23,2.00,start,migration,0.00,,,,1978,2022-05-23,1,3980.50,3906.50,3964.00,3978.00,3940.00,day,1,3941.00,3807.50,3840.00,3886.00,3812.00,above_value
2022-05-24,2.00,start,migration,0.00,,,,1979,2022-05-24,1,3954.50,3872.00,3912.00,3934.00,3888.00,day,1,3980.50,3906.50,3964.00,3978.00,3940.00,below_value
2022-05-25,2.00,start,migration,0.00,,,,1980,2022-05-25,1,3997.75,3921.50,3948.00,3974.00,3936.00,day,1,3954.50,3872.00,3912.00,3934.00,3888.00,in_value
2022-05-26,2.00,start,migration,0.00,,,,1981,2022-05-26,1,4073.50,3987.50,4060.00,4070.00,4036.00,day,1,3997.75,3921.50,3948.00,3974.00,3936.00,above_value
2022-05-27,2.00,start,migration,0.00,,,,1982,2022-05-27,1,4157.25,4079.50,4122.00,4136.00,4106.00,day,1,4073.50,3987.50,4060.00,4070.00,4036.00,above_range
2022-05-31,2.00,start,migration,0.35,,,,1983,2022-05-31,1,4167.75,4102.75,4132.00,4158.00,4124.00,day,1,4157.25,4079.50,4122.00,4136.00,4106.00,above_value
2022-06-01,2.00,start,migration,0.00,,,,1984,2022-06-01,1,4165.00,4071.50,4110.00,4124.00,4082.00,day,1,4167.75,4102.75,4132.00,4158.00,4124.00,in_value
2022-06-02,2.00,start,migration,0.42,,,,1985,2022-06-02,1,4176.50,4072.25,4148.00,4162.00,4096.00,day,1,4165.00,4071.50,4110.00,4124.00,4082.00,in_value
2022-06-03,2.00,added,,1.00,0.41,False,0.60,1985,2022-06-02,2,4176.50,4072.25,4114.00,4144.00,4098.00,day,1,4176.50,4072.25,4148.00,4162.00,4096.00,in_value
2022-06-06,2.00,skipped_daytype,,0.95,,,,1985,2022-06-02,2,4176.50,4072.25,4114.00,4144.00,4098.00,composite,2,4176.50,4072.25,4114.00,4144.00,4098.00,above_value
2022-06-07,2.00,added,,0.86,0.41,False,0.60,1985,2022-06-02,3,4176.50,4072.25,4114.00,4144.00,4098.00,composite,2,4176.50,4072.25,4114.00,4144.00,4098.00,below_value
2022-06-08,2.00,skipped_shape,,0.91,0.41,False,0.26,1985,2022-06-02,3,4176.50,4072.25,4114.00,4144.00,4098.00,composite,3,4176.50,4072.25,4114.00,4144.00,4098.00,in_value
2022-06-09,2.00,start,migration,0.47,,,,1986,2022-06-09,1,4118.25,4014.75,4092.00,4114.00,4080.00,composite,3,4176.50,4072.25,4114.00,4144.00,4098.00,below_value
2022-06-10,2.00,start,migration,0.00,,,,1987,2022-06-10,1,3958.25,3897.00,3912.00,3926.00,3900.00,day,1,4118.25,4014.75,4092.00,4114.00,4080.00,below_range
2022-06-13,2.00,start,migration,0.00,,,,1988,2022-06-13,1,3818.00,3732.50,3780.00,3802.00,3764.00,day,1,3958.25,3897.00,3912.00,3926.00,3900.00,below_range
2022-06-14,2.00,start,migration,0.00,,,,1989,2022-06-14,1,3778.75,3705.25,3740.00,3758.00,3728.00,day,1,3818.00,3732.50,3780.00,3802.00,3764.00,in_value
2022-06-15,2.00,start,migration,0.00,,,,1990,2022-06-15,1,3843.00,3723.50,3776.00,3806.00,3760.00,day,1,3782.00,3708.50,3743.25,3761.25,3731.25,above_value
2022-06-16,2.00,start,migration,0.00,,,,1991,2022-06-16,1,3711.75,3642.00,3676.00,3690.00,3660.00,day,1,3843.00,3723.50,3776.00,3806.00,3760.00,below_range
2022-06-17,2.00,added,,0.63,0.50,False,1.00,1991,2022-06-16,2,3711.75,3639.00,3674.00,3692.00,3658.00,day,1,3711.75,3642.00,3676.00,3690.00,3660.00,in_value
2022-06-21,2.00,start,migration,0.00,,,,1992,2022-06-21,1,3783.75,3735.50,3768.00,3782.00,3764.00,composite,2,3711.75,3639.00,3674.00,3692.00,3658.00,above_range
2022-06-22,2.00,added,,0.53,0.62,False,0.78,1992,2022-06-21,2,3805.50,3719.25,3772.00,3790.00,3760.00,day,1,3783.75,3735.50,3768.00,3782.00,3764.00,below_range
2022-06-23,2.00,added,,0.88,0.62,False,0.78,1992,2022-06-21,3,3805.75,3719.25,3772.00,3790.00,3760.00,composite,2,3805.50,3719.25,3772.00,3790.00,3760.00,in_value
2022-06-24,2.00,start,migration,0.00,,,,1993,2022-06-24,1,3919.50,3831.00,3886.00,3908.00,3870.00,composite,3,3805.75,3719.25,3772.00,3790.00,3760.00,above_range
2022-06-27,2.00,start,migration,0.46,,,,1994,2022-06-27,1,3931.75,3892.50,3910.00,3920.00,3898.00,day,1,3919.50,3831.00,3886.00,3908.00,3870.00,above_range
2022-06-28,2.00,start,migration,0.03,,,,1995,2022-06-28,1,3950.00,3823.00,3862.00,3900.00,3823.00,day,1,3931.75,3892.50,3910.00,3920.00,3898.00,above_value
2022-06-29,2.00,start,migration,0.50,,,,1996,2022-06-29,1,3840.00,3801.25,3820.00,3834.00,3812.00,day,1,3950.00,3823.00,3862.00,3900.00,3823.00,in_value
2022-06-30,2.00,start,migration,0.13,,,,1997,2022-06-30,1,3822.75,3741.25,3784.00,3818.00,3772.00,day,1,3840.00,3801.25,3820.00,3834.00,3812.00,below_range
2022-07-01,2.00,added,,0.79,0.48,False,0.69,1997,2022-06-30,2,3833.50,3741.25,3784.00,3810.00,3768.00,day,1,3822.75,3741.25,3784.00,3818.00,3772.00,in_value
2022-07-05,2.00,start,migration,0.48,,,,1998,2022-07-05,1,3835.75,3744.00,3772.00,3790.00,3744.00,composite,2,3833.50,3741.25,3784.00,3810.00,3768.00,in_value
2022-07-06,2.00,start,migration,0.00,,,,1999,2022-07-06,1,3875.00,3811.50,3824.00,3854.00,3820.00,day,1,3835.75,3744.00,3772.00,3790.00,3744.00,above_range
2022-07-07,2.00,start,migration,0.00,,,,2000,2022-07-07,1,3914.25,3866.50,3890.00,3904.00,3882.00,day,1,3875.00,3811.50,3824.00,3854.00,3820.00,above_value
2022-07-08,2.00,start,migration,0.46,,,,2001,2022-07-08,1,3922.00,3871.50,3908.00,3918.00,3892.00,day,1,3914.25,3866.50,3890.00,3904.00,3882.00,in_value
2022-07-11,2.00,start,migration,0.00,,,,2002,2022-07-11,1,3884.00,3850.00,3862.00,3872.00,3854.00,day,1,3922.00,3871.50,3908.00,3918.00,3892.00,below_value
2022-07-12,2.00,added,,0.54,0.69,False,0.71,2002,2022-07-11,2,3884.00,3804.75,3860.00,3870.00,3848.00,day,1,3884.00,3850.00,3862.00,3872.00,3854.00,below_value
2022-07-13,2.00,start,migration,0.00,,,,2003,2022-07-13,1,3834.75,3760.50,3816.00,3830.00,3792.00,composite,2,3884.00,3804.75,3860.00,3870.00,3848.00,below_range
2022-07-14,2.00,start,migration,0.00,,,,2004,2022-07-14,1,3800.00,3723.75,3756.00,3774.00,3728.00,day,1,3834.75,3760.50,3816.00,3830.00,3792.00,below_range
2022-07-15,2.00,start,migration,0.00,,,,2005,2022-07-15,1,3867.00,3819.75,3854.00,3864.00,3846.00,day,1,3800.00,3723.75,3756.00,3774.00,3728.00,above_range
2022-07-18,2.00,start,migration,0.16,,,,2006,2022-07-18,1,3905.25,3820.25,3892.00,3905.25,3856.00,day,1,3867.00,3819.75,3854.00,3864.00,3846.00,above_range
2022-07-19,2.00,start,migration,0.20,,,,2007,2022-07-19,1,3943.25,3868.00,3928.00,3942.00,3896.00,day,1,3905.25,3820.25,3892.00,3905.25,3856.00,in_value
2022-07-20,2.00,start,migration,0.00,,,,2008,2022-07-20,1,3977.25,3924.75,3960.00,3974.00,3944.00,day,1,3943.25,3868.00,3928.00,3942.00,3896.00,in_value
2022-07-21,2.00,added,,0.53,0.49,False,0.54,2008,2022-07-20,2,4003.00,3924.75,3962.00,3976.00,3938.00,day,1,3977.25,3924.75,3960.00,3974.00,3944.00,in_value
2022-07-22,2.00,added,,0.68,0.41,False,0.69,2008,2022-07-20,3,4016.25,3924.75,3962.00,3980.00,3938.00,composite,2,4003.00,3924.75,3962.00,3976.00,3938.00,above_range
2022-07-25,2.00,added,,1.00,0.50,False,0.39,2008,2022-07-20,4,4016.25,3924.75,3970.00,3980.00,3946.00,composite,3,4016.25,3924.75,3962.00,3980.00,3938.00,in_value
2022-07-26,2.00,start,migration,0.00,,,,2009,2022-07-26,1,3955.00,3913.25,3928.00,3938.00,3916.00,composite,4,4016.25,3924.75,3970.00,3980.00,3946.00,in_value
2022-07-27,2.00,start,migration,0.00,,,,2010,2022-07-27,1,4042.75,3954.50,3974.00,4008.00,3954.50,day,1,3955.00,3913.25,3928.00,3938.00,3916.00,above_range
2022-07-28,2.00,start,migration,0.00,,,,2011,2022-07-28,1,4081.25,3994.50,4048.00,4078.00,4020.00,day,1,4042.75,3954.50,3974.00,4008.00,3954.50,above_value
2022-07-29,2.00,start,migration,0.00,,,,2012,2022-07-29,1,4144.00,4081.00,4108.00,4126.00,4096.00,day,1,4081.25,3994.50,4048.00,4078.00,4020.00,above_range
2022-08-01,2.00,added,,0.54,0.57,False,0.78,2012,2022-07-29,2,4147.25,4081.00,4118.00,4136.00,4106.00,day,1,4144.00,4081.00,4108.00,4126.00,4096.00,in_value
2022-08-02,2.00,added,,0.69,0.57,False,0.78,2012,2022-07-29,3,4147.25,4080.50,4118.00,4132.00,4102.00,composite,2,4147.25,4081.00,4118.00,4136.00,4106.00,below_value
2022-08-03,2.00,start,migration,0.05,,,,2013,2022-08-03,1,4170.00,4112.50,4158.00,4168.00,4130.00,composite,3,4147.25,4080.50,4118.00,4132.00,4102.00,in_value
2022-08-04,2.00,added,,1.00,0.72,False,0.71,2013,2022-08-03,2,4170.00,4112.50,4154.00,4164.00,4142.00,day,1,4170.00,4112.50,4158.00,4168.00,4130.00,in_value
2022-08-05,2.00,start,migration,0.09,,,,2014,2022-08-05,1,4153.25,4107.25,4134.00,4144.00,4122.00,composite,2,4170.00,4112.50,4154.00,4164.00,4142.00,below_range
2022-08-08,2.00,start,migration,0.32,,,,2015,2022-08-08,1,4188.00,4129.25,4140.00,4170.00,4132.00,day,1,4153.25,4107.25,4134.00,4144.00,4122.00,above_range
2022-08-09,2.00,start,migration,0.00,,,,2016,2022-08-09,1,4138.75,4113.00,4124.00,4130.00,4116.00,day,1,4188.00,4129.25,4140.00,4170.00,4132.00,in_value
2022-08-10,2.00,start,migration,0.00,,,,2017,2022-08-10,1,4213.00,4178.50,4198.00,4212.00,4194.00,day,1,4138.75,4113.00,4124.00,4130.00,4116.00,above_range
2022-08-11,2.00,start,migration,0.00,,,,2018,2022-08-11,1,4260.50,4202.75,4230.00,4252.00,4218.00,day,1,4213.00,4178.50,4198.00,4212.00,4194.00,above_range
2022-08-12,2.00,skipped_daytype,,0.77,,,,2018,2022-08-11,1,4260.50,4202.75,4230.00,4252.00,4218.00,day,1,4260.50,4202.75,4230.00,4252.00,4218.00,in_value
2022-08-15,2.00,start,migration,0.00,,,,2019,2022-08-15,1,4304.75,4257.75,4296.00,4302.00,4272.00,day,1,4282.75,4221.00,4254.00,4260.00,4226.00,in_value
2022-08-16,2.00,start,migration,0.39,,,,2020,2022-08-16,1,4327.50,4278.75,4312.00,4318.00,4292.00,day,1,4304.75,4257.75,4296.00,4302.00,4272.00,in_value
2022-08-17,2.00,start,migration,0.00,,,,2021,2022-08-17,1,4305.25,4255.00,4272.00,4286.00,4264.00,day,1,4327.50,4278.75,4312.00,4318.00,4292.00,below_range
2022-08-18,2.00,added,,0.89,0.36,False,0.33,2021,2022-08-17,2,4305.25,4255.00,4272.00,4290.00,4268.00,day,1,4305.25,4255.00,4272.00,4286.00,4264.00,in_value
2022-08-19,2.00,start,migration,0.00,,,,2022,2022-08-19,1,4261.75,4220.75,4236.00,4242.00,4228.00,composite,2,4305.25,4255.00,4272.00,4290.00,4268.00,below_value
2022-08-22,2.00,start,migration,0.00,,,,2023,2022-08-22,1,4180.50,4131.50,4156.00,4170.00,4140.00,day,1,4261.75,4220.75,4236.00,4242.00,4228.00,below_range
2022-08-23,2.00,start,migration,0.33,,,,2024,2022-08-23,1,4161.75,4125.00,4136.00,4146.00,4128.00,day,1,4180.50,4131.50,4156.00,4170.00,4140.00,below_value
2022-08-24,2.00,added,,0.73,0.45,False,0.71,2024,2022-08-23,2,4161.75,4121.25,4138.00,4148.00,4126.00,day,1,4161.75,4125.00,4136.00,4146.00,4128.00,in_value
2022-08-25,2.00,start,migration,0.00,,,,2025,2022-08-25,1,4202.75,4147.50,4168.00,4182.00,4156.00,composite,2,4161.75,4121.25,4138.00,4148.00,4126.00,above_value
2022-08-26,2.00,start,migration,0.00,,,,2026,2022-08-26,1,4206.25,4058.25,4110.00,4148.00,4058.25,day,1,4202.75,4147.50,4168.00,4182.00,4156.00,above_value
2022-08-29,2.00,start,migration,0.00,,,,2027,2022-08-29,1,4064.00,4017.00,4044.00,4058.00,4032.00,day,1,4206.25,4058.25,4110.00,4148.00,4058.25,below_range
2022-08-30,2.00,start,migration,0.00,,,,2028,2022-08-30,1,4046.50,3964.50,3982.00,4000.00,3970.00,day,1,4064.00,4017.00,4044.00,4058.00,4032.00,in_value
2022-08-31,2.00,added,,0.87,0.31,False,0.78,2028,2022-08-30,2,4046.50,3954.75,3982.00,4000.00,3970.00,day,1,4046.50,3964.50,3982.00,4000.00,3970.00,above_value
2022-09-01,2.00,start,migration,0.00,,,,2029,2022-09-01,1,3971.25,3903.50,3922.00,3936.00,3906.00,composite,2,4046.50,3954.75,3982.00,4000.00,3970.00,below_range
2022-09-02,2.00,start,migration,0.00,,,,2030,2022-09-02,1,4019.25,3906.00,4004.00,4018.00,3940.00,day,1,3971.25,3903.50,3922.00,3936.00,3906.00,above_range
2022-09-06,2.00,start,migration,0.00,,,,2031,2022-09-06,1,3944.50,3886.75,3914.00,3928.00,3898.00,day,1,4019.25,3906.00,4004.00,4018.00,3940.00,below_value
2022-09-07,2.00,start,migration,0.41,,,,2032,2022-09-07,1,3988.75,3904.50,3936.00,3962.00,3904.50,day,1,3944.50,3886.75,3914.00,3928.00,3898.00,in_value
2022-09-08,2.00,start,migration,0.00,,,,2033,2022-09-08,1,4010.75,3942.75,3984.00,4002.00,3972.00,day,1,3988.75,3904.50,3936.00,3962.00,3904.50,in_value
2022-09-09,2.00,start,migration,0.00,,,,2034,2022-09-09,1,4077.25,4026.25,4062.00,4072.00,4050.00,day,1,4010.75,3942.75,3984.00,4002.00,3972.00,above_range
2022-09-12,2.00,start,migration,0.00,,,,2035,2022-09-12,1,4119.75,4086.00,4104.00,4114.00,4096.00,day,1,4077.25,4026.25,4062.00,4072.00,4050.00,above_range
2022-09-13,2.00,start,migration,0.00,,,,2036,2022-09-13,1,4032.00,3919.75,3984.00,4018.00,3968.00,day,1,4119.75,4086.00,4104.00,4114.00,4096.00,below_range
2022-09-14,2.00,start,migration,0.00,,,,2037,2022-09-14,1,3981.25,3929.00,3964.00,3974.00,3944.00,day,1,4051.00,3938.75,4003.00,4037.00,3987.00,below_value
2022-09-15,2.00,start,migration,0.35,,,,2038,2022-09-15,1,3977.50,3905.00,3942.00,3956.00,3922.00,day,1,3981.25,3929.00,3964.00,3974.00,3944.00,in_value
2022-09-16,2.00,start,migration,0.00,,,,2039,2022-09-16,1,3895.00,3853.00,3868.00,3882.00,3860.00,day,1,3977.50,3905.00,3942.00,3956.00,3922.00,below_range
2022-09-19,2.00,start,migration,0.39,,,,2040,2022-09-19,1,3918.75,3853.25,3884.00,3898.00,3872.00,day,1,3895.00,3853.00,3868.00,3882.00,3860.00,below_value
2022-09-20,2.00,start,migration,0.46,,,,2041,2022-09-20,1,3893.25,3843.25,3874.00,3884.00,3858.00,day,1,3918.75,3853.25,3884.00,3898.00,3872.00,in_value
2022-09-21,2.00,start,migration,0.48,,,,2042,2022-09-21,1,3925.25,3804.00,3890.00,3908.00,3854.00,day,1,3893.25,3843.25,3874.00,3884.00,3858.00,above_value
2022-09-22,2.00,start,migration,0.00,,,,2043,2022-09-22,1,3806.75,3763.50,3782.00,3788.00,3770.00,day,1,3925.25,3804.00,3890.00,3908.00,3854.00,below_range
2022-09-23,2.00,start,migration,0.00,,,,2044,2022-09-23,1,3735.25,3660.25,3690.00,3712.00,3674.00,day,1,3806.75,3763.50,3782.00,3788.00,3770.00,below_range
2022-09-26,2.00,added,,0.68,0.44,False,0.69,2044,2022-09-23,2,3735.25,3657.50,3690.00,3708.00,3666.00,day,1,3735.25,3660.25,3690.00,3712.00,3674.00,in_value
2022-09-27,2.00,added,,0.52,0.52,False,0.73,2044,2022-09-23,3,3735.25,3635.25,3686.00,3716.00,3666.00,composite,2,3735.25,3657.50,3690.00,3708.00,3666.00,above_value
2022-09-28,2.00,skipped_shape,,0.61,0.65,False,0.22,2044,2022-09-23,3,3735.25,3635.25,3686.00,3716.00,3666.00,composite,3,3735.25,3635.25,3686.00,3716.00,3666.00,in_value
2022-09-29,2.00,start,migration,0.00,,,,2045,2022-09-29,1,3697.50,3622.00,3656.00,3662.00,3632.00,composite,3,3735.25,3635.25,3686.00,3716.00,3666.00,in_value
2022-09-30,2.00,added,,0.65,0.58,False,0.33,2045,2022-09-29,2,3697.50,3596.50,3654.00,3664.00,3626.00,day,1,3697.50,3622.00,3656.00,3662.00,3632.00,in_value
2022-10-03,2.00,start,migration,0.13,,,,2046,2022-10-03,1,3711.75,3617.00,3666.00,3704.00,3658.00,composite,2,3697.50,3596.50,3654.00,3664.00,3626.00,in_value
2022-10-04,2.00,start,migration,0.00,,,,2047,2022-10-04,1,3805.75,3748.50,3792.00,3802.00,3780.00,day,1,3711.75,3617.00,3666.00,3704.00,3658.00,above_range
2022-10-05,2.00,start,migration,0.38,,,,2048,2022-10-05,1,3820.00,3734.00,3790.00,3808.00,3750.00,day,1,3805.75,3748.50,3792.00,3802.00,3780.00,below_value
2022-10-06,2.00,added,,1.00,0.49,False,0.82,2048,2022-10-05,2,3820.00,3734.00,3776.00,3794.00,3756.00,day,1,3820.00,3734.00,3790.00,3808.00,3750.00,in_value
2022-10-07,2.00,start,migration,0.00,,,,2049,2022-10-07,1,3717.50,3632.50,3678.00,3696.00,3654.00,composite,2,3820.00,3734.00,3776.00,3794.00,3756.00,below_range
2022-10-10,2.00,start,migration,0.00,,,,2050,2022-10-10,1,3665.50,3600.00,3632.00,3646.00,3620.00,day,1,3717.50,3632.50,3678.00,3696.00,3654.00,in_value
2022-10-11,2.00,start,migration,0.28,,,,2051,2022-10-11,1,3653.25,3579.00,3596.00,3634.00,3584.00,day,1,3665.50,3600.00,3632.00,3646.00,3620.00,below_value
2022-10-12,2.00,added,,1.00,0.33,False,1.00,2051,2022-10-11,2,3653.25,3579.00,3602.00,3620.00,3586.00,day,1,3653.25,3579.00,3596.00,3634.00,3584.00,in_value
2022-10-13,2.00,start,migration,0.27,,,,2052,2022-10-13,1,3697.75,3502.00,3672.00,3697.75,3592.00,composite,2,3653.25,3579.00,3602.00,3620.00,3586.00,below_range
2022-10-14,2.00,skipped_shape,,1.00,0.50,False,0.26,2052,2022-10-13,1,3697.75,3502.00,3672.00,3697.75,3592.00,day,1,3697.75,3502.00,3672.00,3697.75,3592.00,above_range
2022-10-17,2.00,skipped_shape,,0.88,0.92,False,0.26,2052,2022-10-13,1,3697.75,3502.00,3672.00,3697.75,3592.00,day,1,3725.25,3591.25,3614.00,3652.00,3598.00,above_value
2022-10-18,2.00,start,migration,0.00,,,,2053,2022-10-18,1,3777.25,3697.25,3734.00,3744.00,3706.00,day,1,3702.50,3661.50,3686.00,3700.00,3682.00,above_range
2022-10-19,2.00,added,,0.59,0.44,False,1.00,2053,2022-10-18,2,3777.25,3676.75,3720.00,3742.00,3700.00,day,1,3777.25,3697.25,3734.00,3744.00,3706.00,in_value
2022-10-20,2.00,start,migration,0.42,,,,2054,2022-10-20,1,3748.00,3666.25,3682.00,3724.00,3666.25,composite,2,3777.25,3676.75,3720.00,3742.00,3700.00,in_value
2022-10-21,2.00,added,,0.65,0.41,False,0.88,2054,2022-10-20,2,3769.50,3655.50,3700.00,3730.00,3668.00,day,1,3748.00,3666.25,3682.00,3724.00,3666.25,in_value
2022-10-24,2.00,start,migration,0.00,,,,2055,2022-10-24,1,3822.00,3751.75,3794.00,3808.00,3774.00,composite,2,3769.50,3655.50,3700.00,3730.00,3668.00,above_range
2022-10-25,2.00,start,migration,0.00,,,,2056,2022-10-25,1,3874.25,3807.00,3856.00,3866.00,3836.00,day,1,3822.00,3751.75,3794.00,3808.00,3774.00,above_value
2022-10-26,2.00,added,,0.71,0.49,False,0.64,2056,2022-10-25,2,3897.50,3807.00,3850.00,3872.00,3838.00,day,1,3874.25,3807.00,3856.00,3866.00,3836.00,in_value
2022-10-27,2.00,start,migration,0.47,,,,2057,2022-10-27,1,3870.75,3813.50,3830.00,3852.00,3822.00,composite,2,3897.50,3807.00,3850.00,3872.00,3838.00,in_value
2022-10-28,2.00,start,migration,0.00,,,,2058,2022-10-28,1,3916.50,3816.50,3870.00,3916.00,3858.00,day,1,3870.75,3813.50,3830.00,3852.00,3822.00,below_value
2022-10-31,2.00,added,,1.00,0.70,False,0.78,2058,2022-10-28,2,3916.50,3816.50,3886.00,3900.00,3870.00,day,1,3916.50,3816.50,3870.00,3916.00,3858.00,in_value
2022-11-01,2.00,start,migration,0.46,,,,2059,2022-11-01,1,3924.25,3852.50,3868.00,3882.00,3856.00,composite,2,3916.50,3816.50,3886.00,3900.00,3870.00,above_range
2022-11-02,2.00,start,migration,0.36,,,,2060,2022-11-02,1,3907.00,3766.75,3842.00,3880.00,3814.00,day,1,3924.25,3852.50,3868.00,3882.00,3856.00,in_value
2022-11-03,2.00,start,migration,0.00,,,,2061,2022-11-03,1,3758.50,3704.25,3744.00,3754.00,3732.00,day,1,3907.00,3766.75,3842.00,3880.00,3814.00,below_range
2022-11-04,2.00,start,migration,0.34,,,,2062,2022-11-04,1,3805.50,3715.25,3758.00,3792.00,3734.00,day,1,3758.50,3704.25,3744.00,3754.00,3732.00,above_range
2022-11-07,2.00,skipped_shape,,0.73,0.68,False,0.28,2062,2022-11-04,1,3805.50,3715.25,3758.00,3792.00,3734.00,day,1,3805.50,3715.25,3758.00,3792.00,3734.00,above_value
2022-11-08,2.00,start,migration,0.00,,,,2063,2022-11-08,1,3867.00,3792.75,3828.00,3854.00,3812.00,day,1,3821.75,3771.25,3788.00,3798.00,3776.00,above_range
2022-11-09,2.00,start,migration,0.10,,,,2064,2022-11-09,1,3825.75,3750.00,3798.00,3816.00,3774.00,day,1,3867.00,3792.75,3828.00,3854.00,3812.00,in_value
2022-11-10,2.00,start,migration,0.00,,,,2065,2022-11-10,1,3965.50,3870.75,3916.00,3938.00,3904.00,day,1,3825.75,3750.00,3798.00,3816.00,3774.00,above_range
2022-11-11,2.00,start,migration,0.00,,,,2066,2022-11-11,1,4009.75,3951.00,3976.00,3998.00,3960.00,day,1,3965.50,3870.75,3916.00,3938.00,3904.00,above_range
2022-11-14,2.00,added,,0.54,0.60,False,1.00,2066,2022-11-11,2,4017.50,3951.00,3990.00,4008.00,3974.00,day,1,4009.75,3951.00,3976.00,3998.00,3960.00,in_value
2022-11-15,2.00,start,migration,0.48,,,,2067,2022-11-15,1,4038.75,3960.00,4016.00,4030.00,3988.00,composite,2,4017.50,3951.00,3990.00,4008.00,3974.00,above_range
2022-11-16,2.00,start,migration,0.00,,,,2068,2022-11-16,1,3992.75,3962.00,3976.00,3986.00,3964.00,day,1,4038.75,3960.00,4016.00,4030.00,3988.00,below_value
2022-11-17,2.00,start,migration,0.00,,,,2069,2022-11-17,1,3962.50,3913.75,3942.00,3960.00,3926.00,day,1,3992.75,3962.00,3976.00,3986.00,3964.00,below_range
2022-11-18,2.00,start,migration,0.46,,,,2070,2022-11-18,1,3991.75,3942.50,3958.00,3972.00,3950.00,day,1,3962.50,3913.75,3942.00,3960.00,3926.00,above_range
2022-11-21,2.00,added,,0.89,0.41,False,1.00,2070,2022-11-18,2,3991.75,3937.50,3958.00,3968.00,3950.00,day,1,3991.75,3942.50,3958.00,3972.00,3950.00,in_value
2022-11-22,2.00,start,migration,0.00,,,,2071,2022-11-22,1,4012.50,3962.75,3984.00,4002.00,3976.00,composite,2,3991.75,3937.50,3958.00,3968.00,3950.00,above_value
2022-11-23,2.00,start,migration,0.00,,,,2072,2022-11-23,1,4039.50,4003.25,4028.00,4034.00,4012.00,day,1,4012.50,3962.75,3984.00,4002.00,3976.00,above_value
2022-11-25,2.00,skipped_shape,,0.60,0.82,False,0.33,2072,2022-11-23,1,4039.50,4003.25,4028.00,4034.00,4012.00,day,1,4039.50,4003.25,4028.00,4034.00,4012.00,in_value
2022-11-28,2.00,start,migration,0.10,,,,2073,2022-11-28,1,4017.75,3960.25,3998.00,4016.00,3978.00,day,1,4039.25,4025.25,4032.00,4038.00,4028.00,below_range
2022-11-29,2.00,start,migration,0.00,,,,2074,2022-11-29,1,3981.75,3941.25,3956.00,3970.00,3948.00,day,1,4017.75,3960.25,3998.00,4016.00,3978.00,below_value
2022-11-30,2.00,start,migration,0.28,,,,2075,2022-11-30,1,4083.50,3942.75,3958.00,4020.00,3942.75,day,1,3981.75,3941.25,3956.00,3970.00,3948.00,in_value
2022-12-01,2.00,start,migration,0.00,,,,2076,2022-12-01,1,4110.00,4054.50,4082.00,4092.00,4070.00,day,1,4083.50,3942.75,3958.00,4020.00,3942.75,above_range
2022-12-02,2.00,start,migration,0.07,,,,2077,2022-12-02,1,4085.50,4027.50,4054.00,4072.00,4042.00,day,1,4110.00,4054.50,4082.00,4092.00,4070.00,below_range
2022-12-05,2.00,start,migration,0.04,,,,2078,2022-12-05,1,4055.50,3987.25,4014.00,4044.00,3998.00,day,1,4085.50,4027.50,4054.00,4072.00,4042.00,in_value
2022-12-06,2.00,start,migration,0.00,,,,2079,2022-12-06,1,4005.50,3921.50,3932.00,3966.00,3928.00,day,1,4055.50,3987.25,4014.00,4044.00,3998.00,in_value
2022-12-07,2.00,skipped_shape,,1.00,0.22,False,1.00,2079,2022-12-06,1,4005.50,3921.50,3932.00,3966.00,3928.00,day,1,4005.50,3921.50,3932.00,3966.00,3928.00,in_value
2022-12-08,2.00,added,,0.78,0.50,False,0.39,2079,2022-12-06,2,4005.50,3921.50,3962.00,3972.00,3938.00,day,1,3961.50,3924.25,3938.00,3948.00,3930.00,above_value
2022-12-09,2.00,added,,0.82,0.50,False,0.78,2079,2022-12-06,3,4005.50,3921.50,3962.00,3976.00,3946.00,composite,2,4005.50,3921.50,3962.00,3972.00,3938.00,in_value
2022-12-12,2.00,added,,0.85,0.48,False,0.78,2079,2022-12-06,4,4005.50,3921.50,3960.00,3974.00,3944.00,composite,3,4005.50,3921.50,3962.00,3976.00,3946.00,below_value
2022-12-13,2.00,start,migration,0.00,,,,2080,2022-12-13,1,4107.25,3993.50,4020.00,4058.00,4000.00,composite,4,4005.50,3921.50,3960.00,3974.00,3944.00,above_range
2022-12-14,2.00,skipped_shape,,0.96,0.56,False,0.22,2080,2022-12-13,1,4140.75,4027.00,4054.00,4088.00,4034.00,day,1,4140.75,4027.00,4053.50,4091.50,4033.50,in_value
2022-12-15,2.00,start,migration,0.00,,,,2081,2022-12-15,1,3985.25,3908.00,3932.00,3942.00,3912.00,day,1,4090.75,3997.00,4076.00,4086.00,4032.00,below_range
2022-12-16,2.00,start,migration,0.00,,,,2082,2022-12-16,1,3912.50,3855.25,3872.00,3882.00,3856.00,day,1,3985.25,3908.00,3932.00,3942.00,3912.00,below_range
2022-12-19,2.00,added,,0.63,0.42,False,0.39,2082,2022-12-16,2,3912.50,3827.25,3862.00,3888.00,3854.00,day,1,3912.50,3855.25,3872.00,3882.00,3856.00,in_value
2022-12-20,2.00,start,migration,0.44,,,,2083,2022-12-20,1,3866.50,3822.25,3856.00,3862.00,3844.00,composite,2,3912.50,3827.25,3862.00,3888.00,3854.00,below_value
2022-12-21,2.00,start,migration,0.00,,,,2084,2022-12-21,1,3918.75,3870.50,3904.00,3914.00,3896.00,day,1,3866.50,3822.25,3856.00,3862.00,3844.00,above_range
2022-12-22,2.00,start,migration,0.00,,,,2085,2022-12-22,1,3875.50,3788.50,3834.00,3856.00,3806.00,day,1,3918.75,3870.50,3904.00,3914.00,3896.00,below_value
2022-12-23,2.00,start,migration,0.36,,,,2086,2022-12-23,1,3872.50,3821.25,3856.00,3870.00,3848.00,day,1,3875.50,3788.50,3834.00,3856.00,3806.00,in_value
2022-12-27,2.00,skipped_shape,,1.00,0.76,False,0.71,2086,2022-12-23,1,3872.50,3821.25,3856.00,3870.00,3848.00,day,1,3872.50,3821.25,3856.00,3870.00,3848.00,in_value
2022-12-28,2.00,start,migration,0.00,,,,2087,2022-12-28,1,3875.00,3804.50,3832.00,3846.00,3808.00,day,1,3873.00,3837.25,3860.00,3870.00,3852.00,in_value
2022-12-29,2.00,start,migration,0.00,,,,2088,2022-12-29,1,3882.75,3829.00,3874.00,3882.75,3862.00,day,1,3875.00,3804.50,3832.00,3846.00,3808.00,in_value
2022-12-30,2.00,start,migration,0.00,,,,2089,2022-12-30,1,3862.25,3821.50,3840.00,3850.00,3828.00,day,1,3882.75,3829.00,3874.00,3882.75,3862.00,below_value
2023-01-03,2.00,skipped_shape,,0.65,0.35,False,0.27,2089,2022-12-30,1,3862.25,3821.50,3840.00,3850.00,3828.00,day,1,3862.25,3821.50,3840.00,3850.00,3828.00,above_range
2023-01-04,2.00,start,migration,0.00,,,,2090,2023-01-04,1,3896.25,3836.50,3866.00,3888.00,3850.00,day,1,3901.50,3814.50,3836.00,3854.00,3820.00,above_value
2023-01-05,2.00,start,migration,0.00,,,,2091,2023-01-05,1,3853.50,3822.50,3836.00,3846.00,3828.00,day,1,3896.25,3836.50,3866.00,3888.00,3850.00,in_value
2023-01-06,2.00,start,migration,0.00,,,,2092,2023-01-06,1,3928.75,3829.00,3888.00,3928.75,3868.00,day,1,3853.50,3822.50,3836.00,3846.00,3828.00,above_range
2023-01-09,2.00,start,migration,0.00,,,,2093,2023-01-09,1,3973.25,3911.75,3950.00,3972.00,3938.00,day,1,3928.75,3829.00,3888.00,3928.75,3868.00,above_range
2023-01-10,2.00,start,migration,0.00,,,,2094,2023-01-10,1,3942.00,3897.25,3918.00,3932.00,3910.00,day,1,3973.25,3911.75,3950.00,3972.00,3938.00,below_range
2023-01-11,2.00,start,migration,0.00,,,,2095,2023-01-11,1,3990.75,3948.75,3964.00,3978.00,3956.00,day,1,3942.00,3897.25,3918.00,3932.00,3910.00,above_range
2023-01-12,2.00,start,migration,0.00,,,,2096,2023-01-12,1,4018.50,3957.25,3994.00,4016.00,3982.00,day,1,3990.75,3948.75,3964.00,3978.00,3956.00,above_range
2023-01-13,2.00,added,,0.93,0.59,False,0.78,2096,2023-01-12,2,4024.25,3957.25,3996.00,4014.00,3984.00,day,1,4018.50,3957.25,3994.00,4016.00,3982.00,below_value
2023-01-17,2.00,added,,0.57,0.69,False,0.46,2096,2023-01-12,3,4035.25,3957.25,4010.00,4020.00,3990.00,composite,2,4024.25,3957.25,3996.00,4014.00,3984.00,above_value
2023-01-18,2.00,start,migration,0.24,,,,2097,2023-01-18,1,4033.50,3943.75,3966.00,4004.00,3946.00,composite,3,4035.25,3957.25,4010.00,4020.00,3990.00,above_value
2023-01-19,2.00,start,migration,0.00,,,,2098,2023-01-19,1,3940.25,3901.75,3920.00,3934.00,3912.00,day,1,4033.50,3943.75,3966.00,4004.00,3946.00,below_range
2023-01-20,2.00,start,migration,0.43,,,,2099,2023-01-20,1,3990.50,3912.25,3950.00,3960.00,3914.00,day,1,3940.25,3901.75,3920.00,3934.00,3912.00,in_value
2023-01-23,2.00,start,migration,0.00,,,,2100,2023-01-23,1,4056.75,3986.25,4038.00,4052.00,4022.00,day,1,3990.50,3912.25,3950.00,3960.00,3914.00,above_range
2023-01-24,2.00,added,,0.89,0.65,False,1.00,2100,2023-01-23,2,4056.75,3986.25,4032.00,4046.00,4020.00,day,1,4056.75,3986.25,4038.00,4052.00,4022.00,below_value
2023-01-25,2.00,start,migration,0.00,,,,2101,2023-01-25,1,4035.75,3963.25,3998.00,4016.00,3963.25,composite,2,4056.75,3986.25,4032.00,4046.00,4020.00,below_value
2023-01-26,2.00,start,migration,0.00,,,,2102,2023-01-26,1,4077.00,4027.25,4052.00,4066.00,4036.00,day,1,4035.75,3963.25,3998.00,4016.00,3963.25,above_range
2023-01-27,2.00,start,migration,0.00,,,,2103,2023-01-27,1,4109.25,4061.75,4088.00,4098.00,4068.00,day,1,4077.00,4027.25,4052.00,4066.00,4036.00,in_value
2023-01-30,2.00,start,migration,0.00,,,,2104,2023-01-30,1,4078.00,4029.50,4052.00,4062.00,4040.00,day,1,4109.25,4061.75,4088.00,4098.00,4068.00,below_range
2023-01-31,2.00,added,,0.54,0.39,False,0.78,2104,2023-01-30,2,4091.25,4029.50,4052.00,4070.00,4040.00,day,1,4078.00,4029.50,4052.00,4062.00,4040.00,below_value
2023-02-01,2.00,start,migration,0.43,,,,2105,2023-02-01,1,4163.25,4048.50,4072.00,4098.00,4048.50,composite,2,4091.25,4029.50,4052.00,4070.00,4040.00,above_value
2023-02-02,2.00,start,migration,0.00,,,,2106,2023-02-02,1,4208.50,4153.25,4192.00,4198.00,4168.00,day,1,4163.25,4048.50,4072.00,4098.00,4048.50,above_range
2023-02-03,2.00,start,migration,0.26,,,,2107,2023-02-03,1,4194.00,4135.00,4152.00,4178.00,4140.00,day,1,4208.50,4153.25,4192.00,4198.00,4168.00,below_range
2023-02-06,2.00,start,migration,0.00,,,,2108,2023-02-06,1,4136.50,4104.00,4122.00,4128.00,4114.00,day,1,4194.00,4135.00,4152.00,4178.00,4140.00,below_range
2023-02-07,2.00,start,migration,0.28,,,,2109,2023-02-07,1,4188.25,4098.25,4120.00,4158.00,4108.00,day,1,4136.50,4104.00,4122.00,4128.00,4114.00,below_value
2023-02-08,2.00,added,,1.00,0.40,False,0.69,2109,2023-02-07,2,4188.25,4098.25,4134.00,4160.00,4118.00,day,1,4188.25,4098.25,4120.00,4158.00,4108.00,in_value
2023-02-09,2.00,start,migration,0.39,,,,2110,2023-02-09,1,4166.75,4078.25,4116.00,4142.00,4080.00,composite,2,4188.25,4098.25,4134.00,4160.00,4118.00,above_value
2023-02-10,2.00,skipped_shape,,0.91,0.21,False,0.60,2110,2023-02-09,1,4166.75,4078.25,4116.00,4142.00,4080.00,day,1,4166.75,4078.25,4116.00,4142.00,4080.00,below_value
2023-02-13,2.00,added,,0.67,0.68,False,0.54,2110,2023-02-09,2,4166.75,4078.25,4138.00,4152.00,4114.00,day,1,4104.25,4069.75,4086.00,4100.00,4078.00,above_range
2023-02-14,2.00,added,,0.82,0.65,False,0.82,2110,2023-02-09,3,4170.00,4078.25,4138.00,4156.00,4118.00,composite,2,4166.75,4078.25,4138.00,4152.00,4114.00,in_value
2023-02-15,2.00,added,,1.00,0.65,False,1.00,2110,2023-02-09,4,4170.00,4078.25,4138.00,4156.00,4122.00,composite,3,4170.00,4078.25,4138.00,4156.00,4118.00,in_value
2023-02-16,2.00,added,,0.85,0.65,False,0.64,2110,2023-02-09,5,4170.00,4078.25,4138.00,4152.00,4118.00,composite,4,4170.00,4078.25,4138.00,4156.00,4122.00,below_value
2023-02-17,2.00,start,migration,0.00,,,,2111,2023-02-17,1,4090.50,4055.75,4068.00,4078.00,4056.00,composite,5,4170.00,4078.25,4138.00,4152.00,4118.00,below_range
2023-02-21,2.00,start,migration,0.00,,,,2112,2023-02-21,1,4056.25,4002.00,4014.00,4032.00,4006.00,day,1,4090.50,4055.75,4068.00,4078.00,4056.00,below_range
2023-02-22,2.00,added,,0.54,0.43,False,0.46,2112,2023-02-21,2,4056.25,3983.75,4014.00,4024.00,3994.00,day,1,4056.25,4002.00,4014.00,4032.00,4006.00,in_value
2023-02-23,2.00,added,,0.71,0.49,False,0.64,2112,2023-02-21,3,4056.25,3974.25,4014.00,4028.00,3994.00,composite,2,4056.25,3983.75,4014.00,4024.00,3994.00,above_value
2023-02-24,2.00,start,migration,0.00,,,,2113,2023-02-24,1,3984.00,3947.50,3964.00,3974.00,3956.00,composite,3,4056.25,3974.25,4014.00,4028.00,3994.00,below_range
2023-02-27,2.00,start,migration,0.00,,,,2114,2023-02-27,1,4024.75,3978.50,3996.00,4010.00,3984.00,day,1,3984.00,3947.50,3964.00,3974.00,3956.00,above_range
2023-02-28,2.00,added,,0.73,0.48,False,0.33,2114,2023-02-27,2,4024.75,3971.75,3996.00,4002.00,3980.00,day,1,4024.75,3978.50,3996.00,4010.00,3984.00,below_value
2023-03-01,2.00,start,migration,0.00,,,,2115,2023-03-01,1,3976.50,3943.00,3956.00,3970.00,3952.00,composite,2,4024.75,3971.75,3996.00,4002.00,3980.00,below_range
2023-03-02,2.00,start,migration,0.43,,,,2116,2023-03-02,1,3995.25,3931.00,3948.00,3974.00,3932.00,day,1,3976.50,3943.00,3956.00,3970.00,3952.00,below_range
2023-03-03,2.00,start,migration,0.00,,,,2117,2023-03-03,1,4053.00,3998.00,4016.00,4038.00,4000.00,day,1,3995.25,3931.00,3948.00,3974.00,3932.00,above_range
2023-03-06,2.00,start,migration,0.00,,,,2118,2023-03-06,1,4082.50,4048.00,4074.00,4080.00,4058.00,day,1,4053.00,3998.00,4016.00,4038.00,4000.00,above_range
2023-03-07,2.00,start,migration,0.00,,,,2119,2023-03-07,1,4054.00,3982.50,4016.00,4034.00,3992.00,day,1,4082.50,4048.00,4074.00,4080.00,4058.00,below_value
2023-03-08,2.00,start,migration,0.22,,,,2120,2023-03-08,1,4003.25,3971.50,3986.00,3996.00,3978.00,day,1,4054.00,3982.50,4016.00,4034.00,3992.00,below_value
2023-03-09,2.00,start,migration,0.26,,,,2121,2023-03-09,1,4019.75,3909.50,3996.00,4018.00,3948.00,day,1,4003.25,3971.50,3986.00,3996.00,3978.00,above_value
2023-03-10,2.00,start,migration,0.00,,,,2122,2023-03-10,1,3934.75,3846.25,3886.00,3916.00,3866.00,day,1,4019.75,3909.50,3996.00,4018.00,3948.00,below_value
2023-03-13,2.00,added,,0.74,0.56,False,0.85,2122,2023-03-10,2,3934.75,3810.00,3880.00,3902.00,3856.00,day,1,3934.75,3846.25,3886.00,3916.00,3866.00,below_range
2023-03-14,2.00,start,migration,0.21,,,,2123,2023-03-14,1,3938.00,3873.00,3922.00,3932.00,3894.00,composite,2,3934.75,3810.00,3880.00,3902.00,3856.00,above_value
2023-03-15,2.00,start,migration,0.00,,,,2124,2023-03-15,1,3928.75,3869.50,3888.00,3914.00,3876.00,day,1,3971.00,3906.00,3955.00,3965.00,3927.00,below_range
2023-03-16,2.00,start,migration,0.00,,,,2125,2023-03-16,1,3999.00,3895.00,3984.00,3998.00,3940.00,day,1,3928.75,3869.50,3888.00,3914.00,3876.00,in_value
2023-03-17,2.00,added,,0.92,0.52,False,0.41,2125,2023-03-16,2,3999.00,3895.00,3948.00,3982.00,3936.00,day,1,3999.00,3895.00,3984.00,3998.00,3940.00,in_value
2023-03-20,2.00,skipped_shape,,0.77,0.76,False,0.47,2125,2023-03-16,2,3999.00,3895.00,3948.00,3982.00,3936.00,composite,2,3999.00,3895.00,3948.00,3982.00,3936.00,in_value
2023-03-21,2.00,start,migration,0.00,,,,2126,2023-03-21,1,4043.25,4003.50,4018.00,4024.00,4006.00,composite,2,3999.00,3895.00,3948.00,3982.00,3936.00,above_range
2023-03-22,2.00,start,migration,0.21,,,,2127,2023-03-22,1,4073.75,3967.75,4032.00,4054.00,4016.00,day,1,4043.25,4003.50,4018.00,4024.00,4006.00,above_value
2023-03-23,2.00,start,migration,0.31,,,,2128,2023-03-23,1,4039.50,3948.50,3992.00,4034.00,3976.00,day,1,4073.75,3967.75,4032.00,4054.00,4016.00,below_value
2023-03-24,2.00,start,migration,0.32,,,,2129,2023-03-24,1,4003.50,3937.50,3970.00,3988.00,3950.00,day,1,4039.50,3948.50,3992.00,4034.00,3976.00,below_value
2023-03-27,2.00,start,migration,0.00,,,,2130,2023-03-27,1,4034.25,4000.25,4012.00,4022.00,4004.00,day,1,4003.50,3937.50,3970.00,3988.00,3950.00,above_range
2023-03-28,2.00,start,migration,0.00,,,,2131,2023-03-28,1,4009.50,3980.75,3994.00,4004.00,3990.00,day,1,4034.25,4000.25,4012.00,4022.00,4004.00,below_value
2023-03-29,2.00,start,migration,0.00,,,,2132,2023-03-29,1,4061.25,4032.00,4044.00,4050.00,4036.00,day,1,4009.50,3980.75,3994.00,4004.00,3990.00,above_range
2023-03-30,2.00,start,migration,0.00,,,,2133,2023-03-30,1,4087.75,4061.25,4072.00,4082.00,4068.00,day,1,4061.25,4032.00,4044.00,4050.00,4036.00,above_range
2023-03-31,2.00,start,migration,0.00,,,,2134,2023-03-31,1,4141.25,4088.50,4114.00,4136.00,4106.00,day,1,4087.75,4061.25,4072.00,4082.00,4068.00,above_range
2023-04-03,2.00,start,migration,0.11,,,,2135,2023-04-03,1,4157.75,4127.75,4138.00,4152.00,4134.00,day,1,4141.25,4088.50,4114.00,4136.00,4106.00,in_value
2023-04-04,2.00,start,migration,0.31,,,,2136,2023-04-04,1,4163.25,4115.25,4128.00,4142.00,4116.00,day,1,4157.75,4127.75,4138.00,4152.00,4134.00,above_range
2023-04-05,2.00,start,migration,0.22,,,,2137,2023-04-05,1,4127.75,4099.00,4110.00,4120.00,4102.00,day,1,4163.25,4115.25,4128.00,4142.00,4116.00,in_value
2023-04-06,2.00,start,migration,0.44,,,,2138,2023-04-06,1,4135.25,4096.50,4128.00,4135.25,4108.00,day,1,4127.75,4099.00,4110.00,4120.00,4102.00,in_value
2023-04-10,2.00,skipped_daytype,,0.66,,,,2138,2023-04-06,1,4135.25,4096.50,4128.00,4135.25,4108.00,day,1,4135.25,4096.50,4128.00,4135.25,4108.00,below_value
2023-04-11,2.00,start,migration,0.23,,,,2139,2023-04-11,1,4151.75,4128.75,4140.00,4146.00,4132.00,day,1,4137.75,4098.75,4108.00,4126.00,4098.75,above_range
2023-04-12,2.00,added,,0.54,0.58,False,0.71,2139,2023-04-11,2,4161.00,4113.50,4140.00,4154.00,4132.00,day,1,4151.75,4128.75,4140.00,4146.00,4132.00,above_range
2023-04-13,2.00,skipped_daytype,,0.53,,,,2139,2023-04-11,2,4161.00,4113.50,4140.00,4154.00,4132.00,composite,2,4161.00,4113.50,4140.00,4154.00,4132.00,below_value
2023-04-14,2.00,added,,0.54,0.45,False,1.00,2139,2023-04-11,3,4189.00,4113.50,4146.00,4160.00,4134.00,composite,2,4161.00,4113.50,4140.00,4154.00,4132.00,above_range
2023-04-17,2.00,start,migration,0.44,,,,2140,2023-04-17,1,4177.75,4148.00,4156.00,4170.00,4152.00,composite,3,4189.00,4113.50,4146.00,4160.00,4134.00,above_value
2023-04-18,2.00,start,migration,0.00,,,,2141,2023-04-18,1,4194.75,4164.50,4174.00,4184.00,4170.00,day,1,4177.75,4148.00,4156.00,4170.00,4152.00,above_range
2023-04-19,2.00,added,,0.78,0.57,False,0.60,2141,2023-04-18,2,4194.75,4157.75,4178.00,4184.00,4170.00,day,1,4194.75,4164.50,4174.00,4184.00,4170.00,below_range
2023-04-20,2.00,start,migration,0.00,,,,2142,2023-04-20,1,4171.75,4137.00,4152.00,4162.00,4144.00,composite,2,4194.75,4157.75,4178.00,4184.00,4170.00,below_range
2023-04-21,2.00,added,,1.00,0.50,False,1.00,2142,2023-04-20,2,4171.75,4135.25,4152.00,4162.00,4144.00,day,1,4171.75,4137.00,4152.00,4162.00,4144.00,in_value
2023-04-24,2.00,added,,1.00,0.50,False,1.00,2142,2023-04-20,3,4171.75,4135.25,4152.00,4162.00,4144.00,composite,2,4171.75,4135.25,4152.00,4162.00,4144.00,in_value
2023-04-25,2.00,start,migration,0.00,,,,2143,2023-04-25,1,4144.25,4092.25,4102.00,4128.00,4094.00,composite,3,4171.75,4135.25,4152.00,4162.00,4144.00,below_value
2023-04-26,2.00,added,,0.54,0.42,False,0.33,2143,2023-04-25,2,4144.25,4068.75,4100.00,4110.00,4072.00,day,1,4144.25,4092.25,4102.00,4128.00,4094.00,in_value
2023-04-27,2.00,start,migration,0.29,,,,2144,2023-04-27,1,4157.50,4097.25,4114.00,4140.00,4098.00,composite,2,4144.25,4068.75,4100.00,4110.00,4072.00,in_value
2023-04-28,2.00,start,migration,0.00,,,,2145,2023-04-28,1,4190.00,4143.75,4178.00,4188.00,4166.00,day,1,4157.50,4097.25,4114.00,4140.00,4098.00,above_value
2023-05-01,2.00,start,migration,0.14,,,,2146,2023-05-01,1,4206.25,4182.25,4194.00,4200.00,4186.00,day,1,4190.00,4143.75,4178.00,4188.00,4166.00,in_value
2023-05-02,2.00,start,migration,0.00,,,,2147,2023-05-02,1,4177.25,4105.50,4136.00,4142.00,4112.00,day,1,4206.25,4182.25,4194.00,4200.00,4186.00,below_range
2023-05-03,2.00,start,migration,0.46,,,,2148,2023-05-03,1,4167.00,4105.00,4142.00,4156.00,4130.00,day,1,4177.25,4105.50,4136.00,4142.00,4112.00,in_value
2023-05-04,2.00,start,migration,0.00,,,,2149,2023-05-04,1,4098.25,4062.25,4080.00,4090.00,4072.00,day,1,4167.00,4105.00,4142.00,4156.00,4130.00,below_range
2023-05-05,2.00,start,migration,0.00,,,,2150,2023-05-05,1,4163.25,4111.50,4136.00,4154.00,4124.00,day,1,4098.25,4062.25,4080.00,4090.00,4072.00,above_range
2023-05-08,2.00,skipped_shape,,1.00,0.76,False,0.33,2150,2023-05-05,1,4163.25,4111.50,4136.00,4154.00,4124.00,day,1,4163.25,4111.50,4136.00,4154.00,4124.00,above_value
2023-05-09,2.00,added,,1.00,0.50,False,1.00,2150,2023-05-05,2,4163.25,4111.50,4136.00,4146.00,4128.00,day,1,4157.50,4137.50,4148.00,4154.00,4144.00,below_range
2023-05-10,2.00,added,,0.60,0.45,False,0.56,2150,2023-05-05,3,4169.50,4111.50,4136.00,4154.00,4128.00,composite,2,4163.25,4111.50,4136.00,4146.00,4128.00,above_value
2023-05-11,2.00,added,,1.00,0.45,False,0.71,2150,2023-05-05,4,4169.50,4111.50,4136.00,4146.00,4124.00,composite,3,4169.50,4111.50,4136.00,4154.00,4128.00,in_value
2023-05-12,2.00,added,,0.55,0.45,False,0.71,2150,2023-05-05,5,4169.50,4111.50,4136.00,4146.00,4124.00,composite,4,4169.50,4111.50,4136.00,4146.00,4124.00,above_value
2023-05-15,2.00,added,,0.86,0.45,False,0.71,2150,2023-05-05,6,4169.50,4111.50,4136.00,4146.00,4124.00,composite,5,4169.50,4111.50,4136.00,4146.00,4124.00,in_value
2023-05-16,2.00,added,,1.00,0.45,False,0.71,2150,2023-05-05,7,4169.50,4111.50,4136.00,4146.00,4124.00,composite,6,4169.50,4111.50,4136.00,4146.00,4124.00,in_value
2023-05-17,2.00,start,migration,0.20,,,,2151,2023-05-17,1,4179.00,4125.75,4170.00,4179.00,4138.00,composite,7,4169.50,4111.50,4136.00,4146.00,4124.00,in_value
2023-05-18,2.00,start,migration,0.23,,,,2152,2023-05-18,1,4215.50,4164.75,4186.00,4196.00,4174.00,day,1,4179.00,4125.75,4170.00,4179.00,4138.00,in_value
2023-05-19,2.00,start,migration,0.11,,,,2153,2023-05-19,1,4225.75,4191.50,4202.00,4212.00,4194.00,day,1,4215.50,4164.75,4186.00,4196.00,4174.00,above_range
2023-05-22,2.00,added,,0.86,0.42,False,1.00,2153,2023-05-19,2,4225.75,4191.00,4204.00,4214.00,4196.00,day,1,4225.75,4191.50,4202.00,4212.00,4194.00,in_value
2023-05-23,2.00,start,migration,0.09,,,,2154,2023-05-23,1,4198.50,4153.00,4190.00,4198.50,4170.00,composite,2,4225.75,4191.00,4204.00,4214.00,4196.00,below_range
2023-05-24,2.00,start,migration,0.00,,,,2155,2023-05-24,1,4143.75,4114.00,4124.00,4130.00,4116.00,day,1,4198.50,4153.00,4190.00,4198.50,4170.00,below_range
2023-05-25,2.00,start,migration,0.00,,,,2156,2023-05-25,1,4175.50,4137.50,4158.00,4164.00,4142.00,day,1,4143.75,4114.00,4124.00,4130.00,4116.00,above_range
2023-05-26,2.00,start,migration,0.00,,,,2157,2023-05-26,1,4221.25,4165.50,4210.00,4220.00,4198.00,day,1,4175.50,4137.50,4158.00,4164.00,4142.00,above_value
2023-05-30,2.00,added,,0.67,0.62,False,0.71,2157,2023-05-26,2,4238.50,4165.50,4210.00,4224.00,4202.00,day,1,4221.25,4165.50,4210.00,4220.00,4198.00,above_range
2023-05-31,2.00,start,migration,0.00,,,,2158,2023-05-31,1,4204.50,4174.00,4192.00,4198.00,4180.00,composite,2,4238.50,4165.50,4210.00,4224.00,4202.00,below_value
2023-06-01,2.00,start,migration,0.00,,,,2159,2023-06-01,1,4239.75,4178.00,4228.00,4238.00,4200.00,day,1,4204.50,4174.00,4192.00,4198.00,4180.00,in_value
2023-06-02,2.00,start,migration,0.00,,,,2160,2023-06-02,1,4297.75,4249.00,4286.00,4296.00,4266.00,day,1,4239.75,4178.00,4228.00,4238.00,4200.00,above_range
2023-06-05,2.00,added,,0.56,0.67,False,0.56,2160,2023-06-02,2,4305.75,4249.00,4286.00,4304.00,4278.00,day,1,4297.75,4249.00,4286.00,4296.00,4266.00,in_value
2023-06-06,2.00,added,,1.00,0.67,False,0.71,2160,2023-06-02,3,4305.75,4249.00,4286.00,4296.00,4274.00,composite,2,4305.75,4249.00,4286.00,4304.00,4278.00,below_value
2023-06-07,2.00,added,,0.78,0.67,False,0.71,2160,2023-06-02,4,4305.75,4249.00,4286.00,4296.00,4274.00,composite,3,4305.75,4249.00,4286.00,4296.00,4274.00,in_value
2023-06-08,2.00,added,,0.89,0.67,False,0.71,2160,2023-06-02,5,4305.75,4249.00,4286.00,4296.00,4274.00,composite,4,4305.75,4249.00,4286.00,4296.00,4274.00,below_value
2023-06-09,2.00,start,migration,0.00,,,,2161,2023-06-09,1,4325.50,4294.00,4306.00,4320.00,4302.00,composite,5,4305.75,4249.00,4286.00,4296.00,4274.00,above_value
2023-06-12,2.00,skipped_daytype,,0.55,,,,2161,2023-06-09,1,4325.50,4294.00,4306.00,4320.00,4302.00,day,1,4325.50,4294.00,4306.00,4320.00,4302.00,in_value
2023-06-13,2.00,start,migration,0.00,,,,2162,2023-06-13,1,4377.75,4350.75,4364.00,4374.00,4360.00,day,1,4344.75,4307.00,4316.00,4330.00,4308.00,above_range
2023-06-14,2.00,start,migration,0.47,,,,2163,2023-06-14,1,4439.50,4383.50,4426.00,4432.00,4402.00,day,1,4423.00,4396.00,4409.25,4419.25,4405.25,in_value
2023-06-15,2.00,start,migration,0.10,,,,2164,2023-06-15,1,4485.50,4407.25,4452.00,4470.00,4428.00,day,1,4439.50,4383.50,4426.00,4432.00,4402.00,in_value
2023-06-16,2.00,start,migration,0.11,,,,2165,2023-06-16,1,4493.50,4451.00,4472.00,4486.00,4468.00,day,1,4485.50,4407.25,4452.00,4470.00,4428.00,above_range
2023-06-20,2.00,start,migration,0.00,,,,2166,2023-06-20,1,4444.75,4410.50,4434.00,4444.00,4422.00,day,1,4493.50,4451.00,4472.00,4486.00,4468.00,below_range
2023-06-21,2.00,start,migration,0.00,,,,2167,2023-06-21,1,4430.75,4403.50,4416.00,4422.00,4408.00,day,1,4444.75,4410.50,4434.00,4444.00,4422.00,in_value
2023-06-22,2.00,added,,0.71,0.53,False,0.60,2167,2023-06-21,2,4430.75,4393.75,4412.00,4422.00,4408.00,day,1,4430.75,4403.50,4416.00,4422.00,4408.00,below_range
2023-06-23,2.00,start,migration,0.00,,,,2168,2023-06-23,1,4408.00,4381.50,4392.00,4402.00,4384.00,composite,2,4430.75,4393.75,4412.00,4422.00,4408.00,below_range
2023-06-26,2.00,start,migration,0.44,,,,2169,2023-06-26,1,4403.00,4368.50,4382.00,4392.00,4374.00,day,1,4408.00,4381.50,4392.00,4402.00,4384.00,below_value
2023-06-27,2.00,start,migration,0.16,,,,2170,2023-06-27,1,4424.75,4374.50,4418.00,4424.00,4386.00,day,1,4403.00,4368.50,4382.00,4392.00,4374.00,in_value
2023-06-28,2.00,added,,1.00,0.60,False,0.71,2170,2023-06-27,2,4430.25,4374.50,4408.00,4422.00,4400.00,day,1,4424.75,4374.50,4418.00,4424.00,4386.00,in_value
2023-06-29,2.00,start,migration,0.22,,,,2171,2023-06-29,1,4437.75,4409.75,4426.00,4436.00,4418.00,composite,2,4430.25,4374.50,4408.00,4422.00,4400.00,in_value
2023-06-30,2.00,start,migration,0.00,,,,2172,2023-06-30,1,4498.00,4465.00,4490.00,4496.00,4478.00,day,1,4437.75,4409.75,4426.00,4436.00,4418.00,above_range
2023-07-03,2.00,added,,1.00,0.75,False,0.43,2172,2023-06-30,2,4498.00,4465.00,4490.00,4496.00,4478.00,day,1,4498.00,4465.00,4490.00,4496.00,4478.00,in_value
2023-07-05,2.00,added,,1.00,0.58,False,0.60,2172,2023-06-30,3,4498.00,4465.00,4484.00,4494.00,4480.00,composite,2,4498.00,4465.00,4490.00,4496.00,4478.00,below_value
2023-07-06,2.00,start,migration,0.00,,,,2173,2023-07-06,1,4451.00,4419.50,4444.00,4450.00,4428.00,composite,3,4498.00,4465.00,4484.00,4494.00,4480.00,below_range
2023-07-07,2.00,added,,0.53,0.48,False,0.46,2173,2023-07-06,2,4476.00,4419.50,4446.00,4456.00,4426.00,day,1,4451.00,4419.50,4444.00,4450.00,4428.00,in_value
2023-07-10,2.00,added,,1.00,0.35,False,0.71,2173,2023-07-06,3,4476.00,4419.50,4438.00,4452.00,4430.00,composite,2,4476.00,4419.50,4446.00,4456.00,4426.00,in_value
2023-07-11,2.00,start,migration,0.29,,,,2174,2023-07-11,1,4478.50,4442.00,4456.00,4462.00,4448.00,composite,3,4476.00,4419.50,4438.00,4452.00,4430.00,above_value
2023-07-12,2.00,start,migration,0.00,,,,2175,2023-07-12,1,4523.75,4497.00,4508.00,4518.00,4504.00,day,1,4478.50,4442.00,4456.00,4462.00,4448.00,above_range
2023-07-13,2.00,start,migration,0.00,,,,2176,2023-07-13,1,4551.50,4521.25,4532.00,4538.00,4524.00,day,1,4523.75,4497.00,4508.00,4518.00,4504.00,above_range
2023-07-14,2.00,start,migration,0.00,,,,2177,2023-07-14,1,4560.50,4531.00,4542.00,4552.00,4538.00,day,1,4551.50,4521.25,4532.00,4538.00,4524.00,above_value
2023-07-17,2.00,skipped_shape,,0.57,0.64,False,0.14,2177,2023-07-14,1,4560.50,4531.00,4542.00,4552.00,4538.00,day,1,4560.50,4531.00,4542.00,4552.00,4538.00,below_value
2023-07-18,2.00,start,migration,0.00,,,,2178,2023-07-18,1,4594.50,4545.25,4572.00,4594.00,4568.00,day,1,4565.75,4536.25,4552.00,4558.00,4544.00,in_value
2023-07-19,2.00,start,migration,0.00,,,,2179,2023-07-19,1,4609.25,4588.50,4598.00,4608.00,4594.00,day,1,4594.50,4545.25,4572.00,4594.00,4568.00,above_range
2023-07-20,2.00,start,migration,0.00,,,,2180,2023-07-20,1,4594.25,4557.25,4580.00,4590.00,4568.00,day,1,4609.25,4588.50,4598.00,4608.00,4594.00,below_range
2023-07-21,2.00,added,,1.00,0.47,False,1.00,2180,2023-07-20,2,4594.25,4557.25,4574.00,4584.00,4566.00,day,1,4594.25,4557.25,4580.00,4590.00,4568.00,in_value
2023-07-24,2.00,start,migration,0.40,,,,2181,2023-07-24,1,4592.50,4568.75,4584.00,4590.00,4580.00,composite,2,4594.25,4557.25,4574.00,4584.00,4566.00,in_value
2023-07-25,2.00,start,migration,0.22,,,,2182,2023-07-25,1,4608.75,4579.50,4598.00,4604.00,4586.00,day,1,4592.50,4568.75,4584.00,4590.00,4580.00,in_value
2023-07-26,2.00,added,,0.57,0.33,False,0.43,2182,2023-07-25,2,4610.75,4573.75,4584.00,4598.00,4580.00,day,1,4608.75,4579.50,4598.00,4604.00,4586.00,below_value
2023-07-27,2.00,start,migration,0.32,,,,2183,2023-07-27,1,4633.50,4553.75,4614.00,4632.00,4582.00,composite,2,4610.75,4573.75,4584.00,4598.00,4580.00,above_range
2023-07-28,2.00,skipped_shape,,1.00,0.60,False,0.23,2183,2023-07-27,1,4633.50,4553.75,4614.00,4632.00,4582.00,day,1,4633.50,4553.75,4614.00,4632.00,4582.00,in_value
2023-07-31,2.00,added,,1.00,0.69,False,0.56,2183,2023-07-27,2,4633.50,4553.75,4608.00,4626.00,4600.00,day,1,4616.50,4588.75,4606.00,4612.00,4598.00,in_value
2023-08-01,2.00,added,,0.60,0.60,False,0.56,2183,2023-07-27,3,4633.50,4553.75,4600.00,4618.00,4592.00,composite,2,4633.50,4553.75,4608.00,4626.00,4600.00,below_value
2023-08-02,2.00,start,migration,0.00,,,,2184,2023-08-02,1,4570.25,4527.75,4540.00,4550.00,4532.00,composite,3,4633.50,4553.75,4600.00,4618.00,4592.00,below_value
2023-08-03,2.00,start,migration,0.18,,,,2185,2023-08-03,1,4540.50,4505.75,4526.00,4536.00,4514.00,day,1,4570.25,4527.75,4540.00,4550.00,4532.00,below_range
2023-08-04,2.00,start,migration,0.43,,,,2186,2023-08-04,1,4560.75,4493.75,4546.00,4560.00,4518.00,day,1,4540.50,4505.75,4526.00,4536.00,4514.00,above_value
2023-08-07,2.00,added,,1.00,0.50,False,1.00,2186,2023-08-04,2,4560.75,4493.75,4526.00,4544.00,4510.00,day,1,4560.75,4493.75,4546.00,4560.00,4518.00,in_value
2023-08-08,2.00,start,migration,0.00,,,,2187,2023-08-08,1,4522.25,4482.00,4492.00,4506.00,4484.00,composite,2,4560.75,4493.75,4526.00,4544.00,4510.00,in_value
2023-08-09,2.00,skipped_daytype,,0.61,,,,2187,2023-08-08,1,4522.25,4482.00,4492.00,4506.00,4484.00,day,1,4522.25,4482.00,4492.00,4506.00,4484.00,above_value
2023-08-10,2.00,added,,0.52,0.31,False,0.64,2187,2023-08-08,2,4544.75,4473.50,4494.00,4516.00,4482.00,day,1,4521.50,4478.25,4502.00,4516.00,4490.00,in_value
2023-08-11,2.00,start,migration,0.29,,,,2188,2023-08-11,1,4493.00,4459.00,4476.00,4486.00,4472.00,composite,2,4544.75,4473.50,4494.00,4516.00,4482.00,below_range
2023-08-14,2.00,start,migration,0.00,,,,2189,2023-08-14,1,4507.00,4469.00,4492.00,4502.00,4488.00,day,1,4493.00,4459.00,4476.00,4486.00,4472.00,in_value
2023-08-15,2.00,start,migration,0.00,,,,2190,2023-08-15,1,4491.00,4447.00,4466.00,4476.00,4458.00,day,1,4507.00,4469.00,4492.00,4502.00,4488.00,below_value
2023-08-16,2.00,start,migration,0.15,,,,2191,2023-08-16,1,4465.50,4418.50,4440.00,4462.00,4436.00,day,1,4491.00,4447.00,4466.00,4476.00,4458.00,below_value
2023-08-17,2.00,start,migration,0.00,,,,2192,2023-08-17,1,4435.75,4378.50,4420.00,4430.00,4404.00,day,1,4465.50,4418.50,4440.00,4462.00,4436.00,below_value
2023-08-18,2.00,start,migration,0.00,,,,2193,2023-08-18,1,4396.00,4350.00,4378.00,4388.00,4366.00,day,1,4435.75,4378.50,4420.00,4430.00,4404.00,below_range
2023-08-21,2.00,start,migration,0.15,,,,2194,2023-08-21,1,4421.00,4372.25,4400.00,4410.00,4384.00,day,1,4396.00,4350.00,4378.00,4388.00,4366.00,above_value
2023-08-22,2.00,added,,0.67,0.48,False,0.56,2194,2023-08-21,2,4431.25,4372.25,4400.00,4418.00,4392.00,day,1,4421.00,4372.25,4400.00,4410.00,4384.00,above_range
2023-08-23,2.00,start,migration,0.00,,,,2195,2023-08-23,1,4455.25,4409.00,4438.00,4455.25,4434.00,composite,2,4431.25,4372.25,4400.00,4418.00,4392.00,in_value
2023-08-24,2.00,start,migration,0.17,,,,2196,2023-08-24,1,4468.75,4384.25,4408.00,4442.00,4396.00,day,1,4455.25,4409.00,4438.00,4455.25,4434.00,above_range
2023-08-25,2.00,added,,0.59,0.41,False,0.82,2196,2023-08-24,2,4468.75,4365.25,4406.00,4424.00,4386.00,day,1,4468.75,4384.25,4408.00,4442.00,4396.00,in_value
2023-08-28,2.00,start,migration,0.00,,,,2197,2023-08-28,1,4449.50,4423.25,4434.00,4444.00,4426.00,composite,2,4468.75,4365.25,4406.00,4424.00,4386.00,above_value
2023-08-29,2.00,start,migration,0.00,,,,2198,2023-08-29,1,4509.00,4438.50,4494.00,4508.00,4474.00,day,1,4449.50,4423.25,4434.00,4444.00,4426.00,in_value
2023-08-30,2.00,start,migration,0.00,,,,2199,2023-08-30,1,4530.75,4501.00,4520.00,4530.00,4516.00,day,1,4509.00,4438.50,4494.00,4508.00,4474.00,above_range
2023-08-31,2.00,added,,0.57,0.62,False,1.00,2199,2023-08-30,2,4539.75,4501.00,4524.00,4534.00,4516.00,day,1,4530.75,4501.00,4520.00,4530.00,4516.00,in_value
2023-09-01,2.00,added,,0.64,0.48,False,1.00,2199,2023-08-30,3,4547.50,4501.00,4522.00,4532.00,4514.00,composite,2,4539.75,4501.00,4524.00,4534.00,4516.00,above_range
2023-09-05,2.00,start,migration,0.20,,,,2200,2023-09-05,1,4520.75,4501.50,4510.00,4516.00,4506.00,composite,3,4547.50,4501.00,4522.00,4532.00,4514.00,in_value
2023-09-06,2.00,start,migration,0.00,,,,2201,2023-09-06,1,4494.25,4447.00,4466.00,4476.00,4454.00,day,1,4520.75,4501.50,4510.00,4516.00,4506.00,below_range
2023-09-07,2.00,start,migration,0.44,,,,2202,2023-09-07,1,4463.00,4434.25,4452.00,4462.00,4444.00,day,1,4494.25,4447.00,4466.00,4476.00,4454.00,below_range
2023-09-08,2.00,start,migration,0.29,,,,2203,2023-09-08,1,4477.50,4451.50,4466.00,4472.00,4458.00,day,1,4463.00,4434.25,4452.00,4462.00,4444.00,in_value
2023-09-11,2.00,start,migration,0.00,,,,2204,2023-09-11,1,4493.50,4470.00,4480.00,4490.00,4476.00,day,1,4477.50,4451.50,4466.00,4472.00,4458.00,above_range
2023-09-12,2.00,start,migration,0.44,,,,2205,2023-09-12,1,4491.00,4458.75,4474.00,4484.00,4466.00,day,1,4493.50,4470.00,4480.00,4490.00,4476.00,below_value
2023-09-13,2.00,added,,1.00,0.60,False,0.43,2205,2023-09-12,2,4539.75,4503.00,4524.00,4530.00,4512.00,day,1,4539.75,4507.50,4522.75,4532.75,4514.75,in_value
2023-09-14,2.00,start,migration,0.00,,,,2206,2023-09-14,1,4562.00,4528.00,4554.00,4560.00,4542.00,composite,2,4539.75,4503.00,4524.00,4530.00,4512.00,above_range
2023-09-15,2.00,start,migration,0.00,,,,2207,2023-09-15,1,4540.50,4494.00,4514.00,4520.00,4494.00,day,1,4562.00,4528.00,4554.00,4560.00,4542.00,below_value
2023-09-18,2.00,added,,1.00,0.25,False,0.71,2207,2023-09-15,2,4540.50,4490.00,4502.00,4516.00,4494.00,day,1,4540.50,4494.00,4514.00,4520.00,4494.00,in_value
2023-09-19,2.00,start,migration,0.00,,,,2208,2023-09-19,1,4496.75,4462.25,4484.00,4490.00,4468.00,composite,2,4540.50,4490.00,4502.00,4516.00,4494.00,below_value
2023-09-20,2.00,start,migration,0.31,,,,2209,2023-09-20,1,4507.50,4446.00,4498.00,4507.50,4482.00,day,1,4496.75,4462.25,4484.00,4490.00,4468.00,above_range
2023-09-21,2.00,start,migration,0.00,,,,2210,2023-09-21,1,4418.50,4370.75,4400.00,4410.00,4392.00,day,1,4507.50,4446.00,4498.00,4507.50,4482.00,below_range
2023-09-22,2.00,start,migration,0.09,,,,2211,2023-09-22,1,4399.00,4357.25,4388.00,4394.00,4372.00,day,1,4418.50,4370.75,4400.00,4410.00,4392.00,below_value
2023-09-25,2.00,start,migration,0.11,,,,2212,2023-09-25,1,4380.25,4343.50,4364.00,4374.00,4356.00,day,1,4399.00,4357.25,4388.00,4394.00,4372.00,below_range
2023-09-26,2.00,start,migration,0.00,,,,2213,2023-09-26,1,4354.00,4305.50,4330.00,4344.00,4314.00,day,1,4380.25,4343.50,4364.00,4374.00,4356.00,below_value
2023-09-27,2.00,start,migration,0.40,,,,2214,2023-09-27,1,4331.75,4277.00,4312.00,4326.00,4296.00,day,1,4354.00,4305.50,4330.00,4344.00,4314.00,in_value
2023-09-28,2.00,start,migration,0.00,,,,2215,2023-09-28,1,4355.75,4301.00,4334.00,4352.00,4326.00,day,1,4331.75,4277.00,4312.00,4326.00,4296.00,in_value
2023-09-29,2.00,added,,0.63,0.49,False,1.00,2215,2023-09-28,2,4371.25,4301.00,4334.00,4352.00,4318.00,day,1,4355.75,4301.00,4334.00,4352.00,4326.00,above_range
2023-10-02,2.00,start,migration,0.23,,,,2216,2023-10-02,1,4337.75,4295.50,4306.00,4324.00,4298.00,composite,2,4371.25,4301.00,4334.00,4352.00,4318.00,below_value
2023-10-03,2.00,start,migration,0.00,,,,2217,2023-10-03,1,4317.00,4251.25,4264.00,4278.00,4252.00,day,1,4337.75,4295.50,4306.00,4324.00,4298.00,in_value
2023-10-04,2.00,start,migration,0.46,,,,2218,2023-10-04,1,4304.00,4254.25,4274.00,4292.00,4266.00,day,1,4317.00,4251.25,4264.00,4278.00,4252.00,in_value
2023-10-05,2.00,added,,0.92,0.40,False,0.56,2218,2023-10-04,2,4304.00,4254.25,4274.00,4292.00,4266.00,day,1,4304.00,4254.25,4274.00,4292.00,4266.00,in_value
2023-10-06,2.00,start,migration,0.08,,,,2219,2023-10-06,1,4358.50,4251.50,4326.00,4358.50,4286.00,composite,2,4304.00,4254.25,4274.00,4292.00,4266.00,below_value
2023-10-09,2.00,skipped_daytype,,1.00,,,,2219,2023-10-06,1,4358.50,4251.50,4326.00,4358.50,4286.00,day,1,4358.50,4251.50,4326.00,4358.50,4286.00,in_value
2023-10-10,2.00,start,migration,0.00,,,,2220,2023-10-10,1,4419.00,4371.25,4398.00,4416.00,4390.00,day,1,4375.75,4316.00,4336.00,4354.00,4316.00,above_range
2023-10-11,2.00,added,,0.64,0.58,False,0.33,2220,2023-10-10,2,4419.00,4371.25,4398.00,4404.00,4382.00,day,1,4419.00,4371.25,4398.00,4416.00,4390.00,in_value
2023-10-12,2.00,skipped_daytype,,0.58,,,,2220,2023-10-10,2,4419.00,4371.25,4398.00,4404.00,4382.00,composite,2,4419.00,4371.25,4398.00,4404.00,4382.00,above_value
2023-10-13,2.00,start,migration,0.00,,,,2221,2023-10-13,1,4407.75,4340.75,4358.00,4376.00,4342.00,composite,2,4419.00,4371.25,4398.00,4404.00,4382.00,in_value
2023-10-16,2.00,start,migration,0.00,,,,2222,2023-10-16,1,4414.25,4377.75,4402.00,4412.00,4394.00,day,1,4407.75,4340.75,4358.00,4376.00,4342.00,above_value
2023-10-17,2.00,added,,0.60,0.65,False,0.56,2222,2023-10-16,2,4423.25,4365.75,4402.00,4412.00,4386.00,day,1,4414.25,4377.75,4402.00,4412.00,4394.00,below_range
2023-10-18,2.00,start,migration,0.00,,,,2223,2023-10-18,1,4392.50,4330.75,4362.00,4380.00,4354.00,composite,2,4423.25,4365.75,4402.00,4412.00,4386.00,below_value
2023-10-19,2.00,start,migration,0.06,,,,2224,2023-10-19,1,4366.50,4294.75,4330.00,4356.00,4322.00,day,1,4392.50,4330.75,4362.00,4380.00,4354.00,below_value
2023-10-20,2.00,start,migration,0.00,,,,2225,2023-10-20,1,4302.25,4247.25,4268.00,4278.00,4256.00,day,1,4366.50,4294.75,4330.00,4356.00,4322.00,below_value
2023-10-23,2.00,added,,0.53,0.55,False,0.78,2225,2023-10-20,2,4302.25,4213.25,4262.00,4280.00,4250.00,day,1,4302.25,4247.25,4268.00,4278.00,4256.00,below_range
2023-10-24,2.00,added,,1.00,0.55,False,0.56,2225,2023-10-20,3,4302.25,4213.25,4262.00,4280.00,4254.00,composite,2,4302.25,4213.25,4262.00,4280.00,4250.00,in_value
2023-10-25,2.00,start,migration,0.00,,,,2226,2023-10-25,1,4253.50,4203.75,4228.00,4246.00,4212.00,composite,3,4302.25,4213.25,4262.00,4280.00,4254.00,below_value
2023-10-26,2.00,start,migration,0.00,,,,2227,2023-10-26,1,4205.00,4146.25,4174.00,4192.00,4158.00,day,1,4253.50,4203.75,4228.00,4246.00,4212.00,below_range
2023-10-27,2.00,start,migration,0.47,,,,2228,2023-10-27,1,4176.75,4122.25,4158.00,4176.00,4138.00,day,1,4205.00,4146.25,4174.00,4192.00,4158.00,in_value
2023-10-30,2.00,added,,0.77,0.57,False,0.54,2228,2023-10-27,2,4197.50,4122.25,4164.00,4190.00,4152.00,day,1,4176.75,4122.25,4158.00,4176.00,4138.00,in_value
2023-10-31,2.00,start,migration,0.39,,,,2229,2023-10-31,1,4215.00,4171.75,4192.00,4206.00,4180.00,composite,2,4197.50,4122.25,4164.00,4190.00,4152.00,above_value
2023-11-01,2.00,start,migration,0.00,,,,2230,2023-11-01,1,4264.75,4215.50,4232.00,4242.00,4220.00,day,1,4215.00,4171.75,4192.00,4206.00,4180.00,above_range
2023-11-02,2.00,start,migration,0.00,,,,2231,2023-11-02,1,4337.75,4293.75,4316.00,4334.00,4308.00,day,1,4264.75,4215.50,4232.00,4242.00,4220.00,above_range
2023-11-03,2.00,start,migration,0.00,,,,2232,2023-11-03,1,4391.75,4358.25,4382.00,4388.00,4370.00,day,1,4337.75,4293.75,4316.00,4334.00,4308.00,above_range
2023-11-06,2.00,added,,1.00,0.62,False,1.00,2232,2023-11-03,2,4391.75,4358.25,4378.00,4388.00,4370.00,day,1,4391.75,4358.25,4382.00,4388.00,4370.00,in_value
2023-11-07,2.00,start,migration,0.00,,,,2233,2023-11-07,1,4403.25,4372.25,4394.00,4403.25,4390.00,composite,2,4391.75,4358.25,4378.00,4388.00,4370.00,in_value
2023-11-08,2.00,added,,0.60,0.58,False,0.60,2233,2023-11-07,2,4407.75,4372.25,4392.00,4402.00,4388.00,day,1,4403.25,4372.25,4394.00,4403.25,4390.00,in_value
2023-11-09,2.00,start,migration,0.41,,,,2234,2023-11-09,1,4409.50,4357.75,4398.00,4408.00,4374.00,composite,2,4407.75,4372.25,4392.00,4402.00,4388.00,above_range
2023-11-10,2.00,skipped_daytype,,0.70,,,,2234,2023-11-09,1,4409.50,4357.75,4398.00,4408.00,4374.00,day,1,4409.50,4357.75,4398.00,4408.00,4374.00,in_value
2023-11-13,2.00,start,migration,0.00,,,,2235,2023-11-13,1,4436.75,4407.25,4426.00,4436.00,4422.00,day,1,4433.50,4367.75,4378.00,4416.00,4367.75,in_value
2023-11-14,2.00,start,migration,0.00,,,,2236,2023-11-14,1,4524.25,4483.75,4508.00,4522.00,4500.00,day,1,4436.75,4407.25,4426.00,4436.00,4422.00,above_range
2023-11-15,2.00,start,migration,0.43,,,,2237,2023-11-15,1,4536.75,4510.75,4520.00,4530.00,4516.00,day,1,4524.25,4483.75,4508.00,4522.00,4500.00,above_value
2023-11-16,2.00,start,migration,0.43,,,,2238,2023-11-16,1,4526.25,4501.75,4512.00,4522.00,4508.00,day,1,4536.75,4510.75,4520.00,4530.00,4516.00,below_value
2023-11-17,2.00,start,migration,0.29,,,,2239,2023-11-17,1,4534.50,4512.75,4522.00,4532.00,4518.00,day,1,4526.25,4501.75,4512.00,4522.00,4508.00,above_value
2023-11-20,2.00,start,migration,0.00,,,,2240,2023-11-20,1,4571.00,4524.50,4544.00,4562.00,4532.00,day,1,4534.50,4512.75,4522.00,4532.00,4518.00,in_value
2023-11-21,2.00,added,,1.00,0.48,False,1.00,2240,2023-11-20,2,4571.00,4524.50,4546.00,4556.00,4538.00,day,1,4571.00,4524.50,4544.00,4562.00,4532.00,in_value
2023-11-22,2.00,start,migration,0.00,,,,2241,2023-11-22,1,4580.50,4555.00,4568.00,4574.00,4560.00,composite,2,4571.00,4524.50,4546.00,4556.00,4538.00,above_value
2023-11-24,2.00,added,,1.00,0.46,False,1.00,2241,2023-11-22,2,4580.50,4555.00,4566.00,4572.00,4562.00,day,1,4580.50,4555.00,4568.00,4574.00,4560.00,in_value
2023-11-27,2.00,added,,0.80,0.46,False,1.00,2241,2023-11-22,3,4580.50,4555.00,4566.00,4572.00,4562.00,composite,2,4580.50,4555.00,4566.00,4572.00,4562.00,below_value
2023-11-28,2.00,start,migration,0.29,,,,2242,2023-11-28,1,4577.25,4549.25,4556.00,4566.00,4552.00,composite,3,4580.50,4555.00,4566.00,4572.00,4562.00,below_value
2023-11-29,2.00,start,migration,0.18,,,,2243,2023-11-29,1,4597.00,4555.50,4574.00,4584.00,4562.00,day,1,4577.25,4549.25,4556.00,4566.00,4552.00,above_range
2023-11-30,2.00,start,migration,0.14,,,,2244,2023-11-30,1,4579.50,4544.75,4554.00,4564.00,4550.00,day,1,4597.00,4555.50,4574.00,4584.00,4562.00,in_value
2023-12-01,2.00,start,migration,0.00,,,,2245,2023-12-01,1,4607.75,4562.50,4598.00,4607.75,4578.00,day,1,4579.50,4544.75,4554.00,4564.00,4550.00,above_value
2023-12-04,2.00,start,migration,0.10,,,,2246,2023-12-04,1,4579.75,4553.50,4570.00,4579.75,4562.00,day,1,4607.75,4562.50,4598.00,4607.75,4578.00,below_value
2023-12-05,2.00,added,,1.00,0.56,False,0.60,2246,2023-12-04,2,4585.50,4553.50,4570.00,4580.00,4566.00,day,1,4579.75,4553.50,4570.00,4579.75,4562.00,in_value
2023-12-06,2.00,skipped_daytype,,0.64,,,,2246,2023-12-04,2,4585.50,4553.50,4570.00,4580.00,4566.00,composite,2,4585.50,4553.50,4570.00,4580.00,4566.00,above_range
2023-12-07,2.00,start,migration,0.14,,,,2247,2023-12-07,1,4596.00,4569.75,4586.00,4592.00,4578.00,composite,2,4585.50,4553.50,4570.00,4580.00,4566.00,in_value
2023-12-08,2.00,start,migration,0.11,,,,2248,2023-12-08,1,4613.75,4578.25,4594.00,4608.00,4590.00,day,1,4596.00,4569.75,4586.00,4592.00,4578.00,in_value
2023-12-11,2.00,start,migration,0.11,,,,2249,2023-12-11,1,4627.25,4599.75,4610.00,4624.00,4606.00,day,1,4613.75,4578.25,4594.00,4608.00,4590.00,in_value
2023-12-12,2.00,start,migration,0.00,,,,2250,2023-12-12,1,4647.00,4610.50,4628.00,4642.00,4624.00,day,1,4627.25,4599.75,4610.00,4624.00,4606.00,in_value
2023-12-13,2.00,start,migration,0.00,,,,2251,2023-12-13,1,4764.25,4696.75,4700.00,4746.00,4696.75,day,1,4699.00,4662.50,4680.00,4694.00,4676.00,above_range
2023-12-14,2.00,start,migration,0.00,,,,2252,2023-12-14,1,4791.75,4746.25,4770.00,4784.00,4762.00,day,1,4764.25,4696.75,4700.00,4746.00,4696.75,above_range
2023-12-15,2.00,added,,1.00,0.54,False,1.00,2252,2023-12-14,2,4791.75,4746.25,4770.00,4780.00,4762.00,day,1,4791.75,4746.25,4770.00,4784.00,4762.00,in_value
2023-12-18,2.00,start,migration,0.00,,,,2253,2023-12-18,1,4802.25,4780.25,4796.00,4802.00,4788.00,composite,2,4791.75,4746.25,4770.00,4780.00,4762.00,above_value
2023-12-19,2.00,start,migration,0.00,,,,2254,2023-12-19,1,4821.50,4796.50,4812.00,4818.00,4808.00,day,1,4802.25,4780.25,4796.00,4802.00,4788.00,in_value
2023-12-20,2.00,start,migration,0.19,,,,2255,2023-12-20,1,4830.75,4748.00,4822.00,4830.75,4778.00,day,1,4821.50,4796.50,4812.00,4818.00,4808.00,in_value
2023-12-21,2.00,start,migration,0.46,,,,2256,2023-12-21,1,4798.25,4755.50,4776.00,4790.00,4764.00,day,1,4830.75,4748.00,4822.00,4830.75,4778.00,in_value
2023-12-22,2.00,start,migration,0.00,,,,2257,2023-12-22,1,4821.75,4784.75,4806.00,4820.00,4798.00,day,1,4798.25,4755.50,4776.00,4790.00,4764.00,above_range
2023-12-26,2.00,start,migration,0.43,,,,2258,2023-12-26,1,4834.50,4808.00,4818.00,4828.00,4814.00,day,1,4821.75,4784.75,4806.00,4820.00,4798.00,in_value
2023-12-27,2.00,added,,1.00,0.54,False,0.60,2258,2023-12-26,2,4835.50,4808.00,4822.00,4832.00,4818.00,day,1,4834.50,4808.00,4818.00,4828.00,4814.00,in_value
2023-12-28,2.00,start,migration,0.20,,,,2259,2023-12-28,1,4839.75,4828.00,4834.00,4839.75,4830.00,composite,2,4835.50,4808.00,4822.00,4832.00,4818.00,in_value
2023-12-29,2.00,start,migration,0.00,,,,2260,2023-12-29,1,4835.00,4796.75,4814.00,4824.00,4802.00,day,1,4839.75,4828.00,4834.00,4839.75,4830.00,below_value
2024-01-02,2.00,start,migration,0.00,,,,2261,2024-01-02,1,4797.50,4765.50,4780.00,4794.00,4776.00,day,1,4835.00,4796.75,4814.00,4824.00,4802.00,below_range
2024-01-03,2.00,start,migration,0.00,,,,2262,2024-01-03,1,4771.75,4741.00,4754.00,4764.00,4750.00,day,1,4797.50,4765.50,4780.00,4794.00,4776.00,below_range
2024-01-04,2.00,start,migration,0.33,,,,2263,2024-01-04,1,4766.50,4727.00,4746.00,4756.00,4738.00,day,1,4771.75,4741.00,4754.00,4764.00,4750.00,below_range
2024-01-05,2.00,start,migration,0.39,,,,2264,2024-01-05,1,4760.25,4719.75,4738.00,4748.00,4722.00,day,1,4766.50,4727.00,4746.00,4756.00,4738.00,below_value
2024-01-08,2.00,start,migration,0.10,,,,2265,2024-01-08,1,4803.25,4738.00,4760.00,4786.00,4744.00,day,1,4760.25,4719.75,4738.00,4748.00,4722.00,in_value
2024-01-09,2.00,start,migration,0.22,,,,2266,2024-01-09,1,4804.00,4767.50,4794.00,4800.00,4782.00,day,1,4803.25,4738.00,4760.00,4786.00,4744.00,in_value
2024-01-10,2.00,start,migration,0.18,,,,2267,2024-01-10,1,4828.50,4792.25,4804.00,4818.00,4796.00,day,1,4804.00,4767.50,4794.00,4800.00,4782.00,in_value
2024-01-11,2.00,added,,0.65,0.53,False,0.78,2267,2024-01-10,2,4832.25,4772.75,4804.00,4822.00,4792.00,day,1,4828.50,4792.25,4804.00,4818.00,4796.00,above_value
2024-01-12,2.00,added,,1.00,0.62,False,0.56,2267,2024-01-10,3,4836.50,4772.75,4812.00,4822.00,4796.00,composite,2,4832.25,4772.75,4804.00,4822.00,4792.00,above_value
2024-01-16,2.00,start,migration,0.44,,,,2268,2024-01-16,1,4815.75,4779.50,4794.00,4804.00,4786.00,composite,3,4836.50,4772.75,4812.00,4822.00,4796.00,in_value
2024-01-17,2.00,start,migration,0.00,,,,2269,2024-01-17,1,4775.75,4746.25,4762.00,4772.00,4758.00,day,1,4815.75,4779.50,4794.00,4804.00,4786.00,below_range
2024-01-18,2.00,start,migration,0.00,,,,2270,2024-01-18,1,4817.00,4770.00,4786.00,4796.00,4774.00,day,1,4775.75,4746.25,4762.00,4772.00,4758.00,above_range
2024-01-19,2.00,start,migration,0.00,,,,2271,2024-01-19,1,4874.25,4815.00,4828.00,4858.00,4815.00,day,1,4817.00,4770.00,4786.00,4796.00,4774.00,above_range
2024-01-22,2.00,start,migration,0.00,,,,2272,2024-01-22,1,4898.25,4873.50,4882.00,4892.00,4878.00,day,1,4874.25,4815.00,4828.00,4858.00,4815.00,above_range
2024-01-23,2.00,added,,0.86,0.32,False,0.60,2272,2024-01-22,2,4898.25,4873.50,4880.00,4890.00,4876.00,day,1,4898.25,4873.50,4882.00,4892.00,4878.00,in_value
2024-01-24,2.00,start,migration,0.00,,,,2273,2024-01-24,1,4933.25,4895.25,4922.00,4932.00,4910.00,composite,2,4898.25,4873.50,4880.00,4890.00,4876.00,above_range
2024-01-25,2.00,added,,0.78,0.53,False,1.00,2273,2024-01-24,2,4933.25,4895.25,4914.00,4924.00,4906.00,day,1,4933.25,4895.25,4922.00,4932.00,4910.00,in_value
2024-01-26,2.00,added,,0.67,0.50,False,1.00,2273,2024-01-24,3,4934.25,4895.25,4914.00,4924.00,4906.00,composite,2,4933.25,4895.25,4914.00,4924.00,4906.00,in_value
2024-01-29,2.00,start,migration,0.46,,,,2274,2024-01-29,1,4956.00,4912.75,4922.00,4936.00,4914.00,composite,3,4934.25,4895.25,4914.00,4924.00,4906.00,in_value
2024-01-30,2.00,start,migration,0.00,,,,2275,2024-01-30,1,4957.25,4941.50,4950.00,4956.00,4946.00,day,1,4956.00,4912.75,4922.00,4936.00,4914.00,above_value
2024-01-31,2.00,start,migration,0.00,,,,2276,2024-01-31,1,4930.50,4868.25,4910.00,4920.00,4894.00,day,1,4957.25,4941.50,4950.00,4956.00,4946.00,below_range
2024-02-01,2.00,added,,0.59,0.64,False,0.64,2276,2024-01-31,2,4930.50,4868.25,4908.00,4922.00,4888.00,day,1,4930.50,4868.25,4910.00,4920.00,4894.00,below_value
2024-02-02,2.00,start,migration,0.00,,,,2277,2024-02-02,1,4997.75,4929.00,4980.00,4997.75,4960.00,composite,2,4930.50,4868.25,4908.00,4922.00,4888.00,above_range
2024-02-05,2.00,added,,0.81,0.59,False,0.64,2277,2024-02-02,2,4997.75,4929.00,4968.00,4982.00,4948.00,day,1,4997.75,4929.00,4980.00,4997.75,4960.00,in_value
2024-02-06,2.00,added,,1.00,0.53,False,1.00,2277,2024-02-02,3,4997.75,4929.00,4964.00,4978.00,4952.00,composite,2,4997.75,4929.00,4968.00,4982.00,4948.00,in_value
2024-02-07,2.00,start,migration,0.00,,,,2278,2024-02-07,1,5020.00,4988.00,5012.00,5018.00,5004.00,composite,3,4997.75,4929.00,4964.00,4978.00,4952.00,above_value
2024-02-08,2.00,added,,1.00,0.68,False,0.60,2278,2024-02-07,2,5020.00,4988.00,5010.00,5020.00,5006.00,day,1,5020.00,4988.00,5012.00,5018.00,5004.00,in_value
2024-02-09,2.00,start,migration,0.00,,,,2279,2024-02-09,1,5048.50,5016.25,5028.00,5042.00,5024.00,composite,2,5020.00,4988.00,5010.00,5020.00,5006.00,in_value
2024-02-12,2.00,start,migration,0.31,,,,2280,2024-02-12,1,5066.50,5033.25,5042.00,5060.00,5034.00,day,1,5048.50,5016.25,5028.00,5042.00,5024.00,above_value
2024-02-13,2.00,start,migration,0.00,,,,2281,2024-02-13,1,4988.25,4936.50,4972.00,4986.00,4956.00,day,1,5066.50,5033.25,5042.00,5060.00,5034.00,below_range
2024-02-14,2.00,start,migration,0.09,,,,2282,2024-02-14,1,5020.25,4972.75,4992.00,5006.00,4984.00,day,1,4988.25,4936.50,4972.00,4986.00,4956.00,above_range
2024-02-15,2.00,start,migration,0.00,,,,2283,2024-02-15,1,5048.50,5013.75,5026.00,5040.00,5018.00,day,1,5020.25,4972.75,4992.00,5006.00,4984.00,above_value
2024-02-16,2.00,skipped_shape,,0.54,0.34,False,0.27,2283,2024-02-15,1,5048.50,5013.75,5026.00,5040.00,5018.00,day,1,5048.50,5013.75,5026.00,5040.00,5018.00,above_value
2024-02-20,2.00,start,migration,0.00,,,,2284,2024-02-20,1,5009.25,4968.25,4982.00,4996.00,4978.00,day,1,5054.50,5012.75,5042.00,5052.00,5026.00,below_range
2024-02-21,2.00,start,migration,0.33,,,,2285,2024-02-21,1,4998.25,4959.00,4978.00,4984.00,4966.00,day,1,5009.25,4968.25,4982.00,4996.00,4978.00,in_value
2024-02-22,2.00,start,migration,0.00,,,,2286,2024-02-22,1,5107.75,5052.25,5076.00,5098.00,5064.00,day,1,4998.25,4959.00,4978.00,4984.00,4966.00,above_range
2024-02-23,2.00,start,migration,0.14,,,,2287,2024-02-23,1,5123.50,5092.50,5104.00,5110.00,5096.00,day,1,5107.75,5052.25,5076.00,5098.00,5064.00,above_range
2024-02-26,2.00,start,migration,0.33,,,,2288,2024-02-26,1,5108.00,5078.75,5092.00,5102.00,5084.00,day,1,5123.50,5092.50,5104.00,5110.00,5096.00,in_value
2024-02-27,2.00,start,migration,0.14,,,,2289,2024-02-27,1,5091.75,5067.00,5076.00,5086.00,5072.00,day,1,5108.00,5078.75,5092.00,5102.00,5084.00,in_value
2024-02-28,2.00,added,,1.00,0.42,False,0.60,2289,2024-02-27,2,5091.75,5067.00,5076.00,5086.00,5072.00,day,1,5091.75,5067.00,5076.00,5086.00,5072.00,in_value
2024-02-29,2.00,start,migration,0.18,,,,2290,2024-02-29,1,5114.50,5070.00,5094.00,5104.00,5082.00,composite,2,5091.75,5067.00,5076.00,5086.00,5072.00,above_range
2024-03-01,2.00,start,migration,0.00,,,,2291,2024-03-01,1,5149.25,5101.25,5142.00,5148.00,5118.00,day,1,5114.50,5070.00,5094.00,5104.00,5082.00,above_value
2024-03-04,2.00,added,,0.86,0.74,False,0.56,2291,2024-03-01,2,5157.75,5101.25,5142.00,5152.00,5126.00,day,1,5149.25,5101.25,5142.00,5148.00,5118.00,in_value
2024-03-05,2.00,start,migration,0.00,,,,2292,2024-03-05,1,5121.50,5063.00,5094.00,5100.00,5070.00,composite,2,5157.75,5101.25,5142.00,5152.00,5126.00,below_value
2024-03-06,2.00,start,migration,0.08,,,,2293,2024-03-06,1,5134.50,5097.75,5110.00,5124.00,5098.00,day,1,5121.50,5063.00,5094.00,5100.00,5070.00,above_value
2024-03-07,2.00,start,migration,0.00,,,,2294,2024-03-07,1,5170.50,5133.25,5158.00,5168.00,5150.00,day,1,5134.50,5097.75,5110.00,5124.00,5098.00,above_range
2024-03-08,2.00,start,migration,0.39,,,,2295,2024-03-08,1,5193.00,5121.75,5136.00,5170.00,5124.00,day,1,5170.50,5133.25,5158.00,5168.00,5150.00,in_value
2024-03-11,2.00,start,migration,0.00,,,,2296,2024-03-11,1,5129.00,5094.75,5118.00,5124.00,5106.00,day,1,5193.00,5121.75,5136.00,5170.00,5124.00,below_range
2024-03-12,2.00,start,migration,0.00,,,,2297,2024-03-12,1,5183.00,5117.75,5160.00,5182.00,5152.00,day,1,5129.00,5094.75,5118.00,5124.00,5106.00,above_range
2024-03-13,2.00,skipped_shape,,1.00,0.84,False,0.56,2297,2024-03-12,1,5246.25,5181.00,5226.00,5244.00,5214.00,day,1,5246.25,5181.00,5223.25,5245.25,5215.25,in_value
2024-03-14,2.00,start,migration,0.46,,,,2298,2024-03-14,1,5241.50,5188.00,5214.00,5224.00,5202.00,day,1,5246.00,5217.50,5236.00,5242.00,5228.00,in_value
2024-03-15,2.00,start,migration,0.00,,,,2299,2024-03-15,1,5201.75,5167.75,5180.00,5194.00,5176.00,day,1,5241.50,5188.00,5214.00,5224.00,5202.00,below_range
2024-03-18,2.00,start,migration,0.00,,,,2300,2024-03-18,1,5240.25,5210.25,5226.00,5232.00,5218.00,day,1,5201.75,5167.75,5180.00,5194.00,5176.00,above_range
2024-03-19,2.00,start,migration,0.41,,,,2301,2024-03-19,1,5244.75,5195.25,5230.00,5240.00,5206.00,day,1,5240.25,5210.25,5226.00,5232.00,5218.00,below_range
2024-03-20,2.00,start,migration,0.20,,,,2302,2024-03-20,1,5289.50,5233.00,5242.00,5264.00,5234.00,day,1,5244.75,5195.25,5230.00,5240.00,5206.00,above_value
2024-03-21,2.00,start,migration,0.00,,,,2303,2024-03-21,1,5322.75,5300.00,5316.00,5322.00,5308.00,day,1,5289.50,5233.00,5242.00,5264.00,5234.00,above_range
2024-03-22,2.00,start,migration,0.00,,,,2304,2024-03-22,1,5306.00,5289.00,5298.00,5304.00,5290.00,day,1,5322.75,5300.00,5316.00,5322.00,5308.00,below_value
2024-03-25,2.00,start,migration,0.00,,,,2305,2024-03-25,1,5288.75,5274.25,5284.00,5288.75,5280.00,day,1,5306.00,5289.00,5298.00,5304.00,5290.00,below_range
2024-03-26,2.00,start,migration,0.47,,,,2306,2024-03-26,1,5294.50,5263.00,5288.00,5294.00,5284.00,day,1,5288.75,5274.25,5284.00,5288.75,5280.00,above_range
2024-03-27,2.00,start,migration,0.33,,,,2307,2024-03-27,1,5310.50,5270.75,5276.00,5290.00,5272.00,day,1,5294.50,5263.00,5288.00,5294.00,5284.00,in_value
2024-03-28,2.00,start,migration,0.00,,,,2308,2024-03-28,1,5321.00,5303.25,5310.00,5316.00,5306.00,day,1,5310.50,5270.75,5276.00,5290.00,5272.00,above_value
2024-04-01,2.00,start,migration,0.00,,,,2309,2024-04-01,1,5317.25,5282.25,5292.00,5302.00,5284.00,day,1,5321.00,5303.25,5310.00,5316.00,5306.00,in_value
2024-04-02,2.00,start,migration,0.00,,,,2310,2024-04-02,1,5261.75,5235.00,5246.00,5252.00,5238.00,day,1,5317.25,5282.25,5292.00,5302.00,5284.00,below_range
2024-04-03,2.00,start,migration,0.00,,,,2311,2024-04-03,1,5280.75,5247.00,5274.00,5280.00,5262.00,day,1,5261.75,5235.00,5246.00,5252.00,5238.00,in_value
2024-04-04,2.00,start,migration,0.25,,,,2312,2024-04-04,1,5308.50,5194.25,5296.00,5308.50,5236.00,day,1,5280.75,5247.00,5274.00,5280.00,5262.00,above_range
2024-04-05,2.00,added,,1.00,0.47,False,0.77,2312,2024-04-04,2,5308.50,5194.25,5248.00,5274.00,5216.00,day,1,5308.50,5194.25,5296.00,5308.50,5236.00,below_value
2024-04-08,2.00,added,,1.00,0.58,False,0.41,2312,2024-04-04,3,5308.50,5194.25,5260.00,5274.00,5228.00,composite,2,5308.50,5194.25,5248.00,5274.00,5216.00,in_value
2024-04-09,2.00,skipped_shape,,0.77,0.56,False,0.16,2312,2024-04-04,3,5308.50,5194.25,5260.00,5274.00,5228.00,composite,3,5308.50,5194.25,5260.00,5274.00,5228.00,in_value
2024-04-10,2.00,start,migration,0.00,,,,2313,2024-04-10,1,5226.50,5185.00,5204.00,5210.00,5192.00,composite,3,5308.50,5194.25,5260.00,5274.00,5228.00,below_value
2024-04-11,2.00,start,migration,0.32,,,,2314,2024-04-11,1,5257.50,5181.75,5216.00,5238.00,5181.75,day,1,5226.50,5185.00,5204.00,5210.00,5192.00,above_value
2024-04-12,2.00,start,migration,0.24,,,,2315,2024-04-12,1,5218.75,5150.00,5166.00,5192.00,5150.00,day,1,5257.50,5181.75,5216.00,5238.00,5181.75,in_value
2024-04-15,2.00,start,migration,0.32,,,,2316,2024-04-15,1,5213.00,5094.00,5110.00,5176.00,5094.00,day,1,5218.75,5150.00,5166.00,5192.00,5150.00,above_value
2024-04-16,2.00,skipped_shape,,0.73,0.21,False,0.85,2316,2024-04-15,1,5213.00,5094.00,5110.00,5176.00,5094.00,day,1,5213.00,5094.00,5110.00,5176.00,5094.00,in_value
2024-04-17,2.00,start,migration,0.00,,,,2317,2024-04-17,1,5119.00,5047.00,5072.00,5090.00,5056.00,day,1,5123.25,5078.75,5100.00,5110.00,5088.00,above_value
2024-04-18,2.00,added,,0.53,0.45,False,0.47,2317,2024-04-17,2,5119.00,5038.50,5074.00,5088.00,5046.00,day,1,5119.00,5047.00,5072.00,5090.00,5056.00,in_value
2024-04-19,2.00,start,migration,0.00,,,,2318,2024-04-19,1,5058.00,4991.25,5028.00,5046.00,5008.00,composite,2,5119.00,5038.50,5074.00,5088.00,5046.00,in_value
2024-04-22,2.00,added,,0.76,0.40,False,0.85,2318,2024-04-19,2,5076.75,4991.25,5024.00,5050.00,5004.00,day,1,5058.00,4991.25,5028.00,5046.00,5008.00,in_value
2024-04-23,2.00,start,migration,0.00,,,,2319,2024-04-23,1,5112.75,5063.75,5102.00,5112.00,5094.00,composite,2,5076.75,4991.25,5024.00,5050.00,5004.00,above_value
2024-04-24,2.00,added,,0.69,0.64,False,0.71,2319,2024-04-23,2,5124.75,5063.75,5102.00,5116.00,5094.00,day,1,5112.75,5063.75,5102.00,5112.00,5094.00,above_range
2024-04-25,2.00,start,migration,0.00,,,,2320,2024-04-25,1,5090.75,5022.25,5066.00,5090.75,5042.00,composite,2,5124.75,5063.75,5102.00,5116.00,5094.00,below_range
2024-04-26,2.00,start,migration,0.00,,,,2321,2024-04-26,1,5146.50,5104.50,5134.00,5144.00,5126.00,day,1,5090.75,5022.25,5066.00,5090.75,5042.00,above_range
2024-04-29,2.00,start,migration,0.43,,,,2322,2024-04-29,1,5154.25,5118.75,5142.00,5152.00,5138.00,day,1,5146.50,5104.50,5134.00,5144.00,5126.00,above_range
2024-04-30,2.00,start,migration,0.00,,,,2323,2024-04-30,1,5141.25,5065.00,5096.00,5122.00,5080.00,day,1,5154.25,5118.75,5142.00,5152.00,5138.00,below_value
2024-05-01,2.00,start,migration,0.10,,,,2324,2024-05-01,1,5126.75,5042.25,5054.00,5084.00,5042.25,day,1,5141.25,5065.00,5096.00,5122.00,5080.00,below_range
2024-05-02,2.00,skipped_shape,,0.88,0.21,False,0.47,2324,2024-05-01,1,5126.75,5042.25,5054.00,5084.00,5042.25,day,1,5126.75,5042.25,5054.00,5084.00,5042.25,in_value
2024-05-03,2.00,start,migration,0.00,,,,2325,2024-05-03,1,5166.75,5126.75,5154.00,5160.00,5138.00,day,1,5100.75,5036.25,5066.00,5088.00,5054.00,above_range
2024-05-06,2.00,start,migration,0.00,,,,2326,2024-05-06,1,5207.50,5174.00,5184.00,5198.00,5180.00,day,1,5166.75,5126.75,5154.00,5160.00,5138.00,above_range
2024-05-07,2.00,start,migration,0.00,,,,2327,2024-05-07,1,5226.75,5205.50,5218.00,5224.00,5210.00,day,1,5207.50,5174.00,5184.00,5198.00,5180.00,above_range
2024-05-08,2.00,added,,0.55,0.55,False,0.43,2327,2024-05-07,2,5226.75,5191.25,5210.00,5224.00,5206.00,day,1,5226.75,5205.50,5218.00,5224.00,5210.00,below_range
2024-05-09,2.00,start,migration,0.27,,,,2328,2024-05-09,1,5240.00,5204.25,5230.00,5240.00,5218.00,composite,2,5226.75,5191.25,5210.00,5224.00,5206.00,in_value
2024-05-10,2.00,start,migration,0.14,,,,2329,2024-05-10,1,5264.00,5232.75,5242.00,5252.00,5238.00,day,1,5240.00,5204.25,5230.00,5240.00,5218.00,above_range
2024-05-13,2.00,added,,1.00,0.32,False,0.60,2329,2024-05-10,2,5264.00,5232.75,5242.00,5252.00,5238.00,day,1,5264.00,5232.75,5242.00,5252.00,5238.00,above_value
2024-05-14,2.00,added,,0.56,0.34,False,1.00,2329,2024-05-10,3,5274.25,5232.75,5246.00,5256.00,5238.00,composite,2,5264.00,5232.75,5242.00,5252.00,5238.00,in_value
2024-05-15,2.00,start,migration,0.00,,,,2330,2024-05-15,1,5337.25,5286.75,5324.00,5334.00,5304.00,composite,3,5274.25,5232.75,5246.00,5256.00,5238.00,above_range
2024-05-16,2.00,start,migration,0.33,,,,2331,2024-05-16,1,5349.00,5318.75,5332.00,5346.00,5328.00,day,1,5337.25,5286.75,5324.00,5334.00,5304.00,in_value
2024-05-17,2.00,start,migration,0.00,,,,2332,2024-05-17,1,5328.75,5305.75,5320.00,5326.00,5316.00,day,1,5349.00,5318.75,5332.00,5346.00,5328.00,below_value
2024-05-20,2.00,start,migration,0.00,,,,2333,2024-05-20,1,5348.25,5323.75,5342.00,5348.00,5330.00,day,1,5328.75,5305.75,5320.00,5326.00,5316.00,above_value
2024-05-21,2.00,added,,1.00,0.46,False,0.60,2333,2024-05-20,2,5348.25,5322.50,5334.00,5344.00,5330.00,day,1,5348.25,5323.75,5342.00,5348.00,5330.00,below_value
2024-05-22,2.00,added,,0.56,0.66,False,1.00,2333,2024-05-20,3,5348.25,5306.75,5334.00,5344.00,5326.00,composite,2,5348.25,5322.50,5334.00,5344.00,5330.00,in_value
2024-05-23,2.00,start,migration,0.36,,,,2334,2024-05-23,1,5358.25,5273.50,5332.00,5354.00,5304.00,composite,3,5348.25,5306.75,5334.00,5344.00,5326.00,above_range
2024-05-24,2.00,added,,1.00,0.58,False,1.00,2334,2024-05-23,2,5358.25,5273.50,5322.00,5340.00,5306.00,day,1,5358.25,5273.50,5332.00,5354.00,5304.00,in_value
2024-05-28,2.00,added,,1.00,0.58,False,0.78,2334,2024-05-23,3,5358.25,5273.50,5322.00,5336.00,5306.00,composite,2,5358.25,5273.50,5322.00,5340.00,5306.00,in_value
2024-05-29,2.00,start,migration,0.00,,,,2335,2024-05-29,1,5298.25,5278.75,5290.00,5296.00,5286.00,composite,3,5358.25,5273.50,5322.00,5336.00,5306.00,below_value
2024-05-30,2.00,start,migration,0.00,,,,2336,2024-05-30,1,5277.00,5238.25,5262.00,5276.00,5258.00,day,1,5298.25,5278.75,5290.00,5296.00,5286.00,below_range
2024-05-31,2.00,start,migration,0.04,,,,2337,2024-05-31,1,5299.50,5205.50,5230.00,5260.00,5210.00,day,1,5277.00,5238.25,5262.00,5276.00,5258.00,below_value
2024-06-03,2.00,start,migration,0.16,,,,2338,2024-06-03,1,5313.25,5246.75,5278.00,5292.00,5254.00,day,1,5299.50,5205.50,5230.00,5260.00,5210.00,above_range
2024-06-04,2.00,skipped_shape,,0.82,0.48,False,0.23,2338,2024-06-03,1,5313.25,5246.75,5278.00,5292.00,5254.00,day,1,5313.25,5246.75,5278.00,5292.00,5254.00,in_value
2024-06-05,2.00,start,migration,0.00,,,,2339,2024-06-05,1,5367.00,5306.50,5340.00,5366.00,5328.00,day,1,5312.25,5269.50,5286.00,5296.00,5274.00,above_range
2024-06-06,2.00,skipped_shape,,1.00,0.81,False,0.56,2339,2024-06-05,1,5367.00,5306.50,5340.00,5366.00,5328.00,day,1,5367.00,5306.50,5340.00,5366.00,5328.00,above_range
2024-06-07,2.00,start,migration,0.46,,,,2340,2024-06-07,1,5385.50,5341.00,5364.00,5378.00,5356.00,day,1,5373.25,5345.25,5360.00,5366.00,5352.00,in_value
2024-06-10,2.00,added,,1.00,0.54,False,1.00,2340,2024-06-07,2,5385.50,5341.00,5364.00,5374.00,5356.00,day,1,5385.50,5341.00,5364.00,5378.00,5356.00,below_value
2024-06-11,2.00,start,migration,0.40,,,,2341,2024-06-11,1,5385.25,5334.50,5354.00,5368.00,5338.00,composite,2,5385.50,5341.00,5364.00,5374.00,5356.00,below_value
2024-06-12,2.00,start,migration,0.00,,,,2342,2024-06-12,1,5454.50,5416.25,5440.00,5450.00,5428.00,day,1,5385.25,5334.50,5354.00,5368.00,5338.00,above_range
2024-06-13,2.00,start,migration,0.46,,,,2343,2024-06-13,1,5445.75,5408.50,5424.00,5438.00,5416.00,day,1,5454.50,5416.25,5440.00,5450.00,5428.00,in_value
2024-06-14,2.00,added,,1.00,0.45,False,1.00,2343,2024-06-13,2,5445.75,5408.50,5424.00,5434.00,5416.00,day,1,5445.75,5408.50,5424.00,5438.00,5416.00,in_value
2024-06-17,2.00,start,migration,0.00,,,,2344,2024-06-17,1,5494.00,5424.75,5484.00,5494.00,5444.00,composite,2,5445.75,5408.50,5424.00,5434.00,5416.00,in_value
2024-06-18,2.00,skipped_shape,,1.00,0.85,False,0.56,2344,2024-06-17,1,5494.00,5424.75,5484.00,5494.00,5444.00,day,1,5494.00,5424.75,5484.00,5494.00,5444.00,in_value
2024-06-20,2.00,added,,1.00,0.61,False,0.54,2344,2024-06-17,2,5576.75,5494.00,5544.00,5570.00,5532.00,day,1,5563.25,5544.25,5555.25,5557.25,5547.25,above_range
2024-06-21,2.00,added,,0.71,0.46,False,0.39,2344,2024-06-17,3,5576.75,5494.00,5532.00,5558.00,5524.00,composite,2,5576.75,5494.00,5544.00,5570.00,5532.00,in_value
2024-06-24,2.00,added,,1.00,0.46,False,0.46,2344,2024-06-17,4,5576.75,5494.00,5532.00,5554.00,5524.00,composite,3,5576.75,5494.00,5532.00,5558.00,5524.00,in_value
2024-06-25,2.00,added,,0.71,0.46,False,0.46,2344,2024-06-17,5,5576.75,5494.00,5532.00,5554.00,5524.00,composite,4,5576.75,5494.00,5532.00,5554.00,5524.00,in_value
2024-06-26,2.00,added,,0.89,0.44,False,0.56,2344,2024-06-17,6,5576.75,5494.00,5530.00,5548.00,5522.00,composite,5,5576.75,5494.00,5532.00,5554.00,5524.00,below_value
2024-06-27,2.00,added,,1.00,0.46,False,0.56,2344,2024-06-17,7,5576.75,5494.00,5532.00,5550.00,5524.00,composite,6,5576.75,5494.00,5530.00,5548.00,5522.00,in_value
2024-06-28,2.00,added,,0.53,0.42,False,0.46,2344,2024-06-17,8,5585.00,5494.00,5532.00,5554.00,5524.00,composite,7,5576.75,5494.00,5532.00,5550.00,5524.00,above_value
2024-07-01,2.00,added,,0.56,0.42,False,0.78,2344,2024-06-17,9,5585.00,5494.00,5532.00,5550.00,5520.00,composite,8,5585.00,5494.00,5532.00,5554.00,5524.00,in_value
2024-07-02,2.00,added,,0.80,0.42,False,0.78,2344,2024-06-17,10,5585.00,5494.00,5532.00,5550.00,5520.00,composite,9,5585.00,5494.00,5532.00,5550.00,5520.00,below_value
2024-07-03,2.00,start,migration,0.00,,,,2345,2024-07-03,1,5595.75,5563.75,5576.00,5586.00,5568.00,composite,10,5585.00,5494.00,5532.00,5550.00,5520.00,above_value
2024-07-05,2.00,start,migration,0.00,,,,2346,2024-07-05,1,5626.00,5585.50,5612.00,5622.00,5596.00,day,1,5595.75,5563.75,5576.00,5586.00,5568.00,above_value
2024-07-08,2.00,start,migration,0.40,,,,2347,2024-07-08,1,5637.50,5615.25,5622.00,5628.00,5618.00,day,1,5626.00,5585.50,5612.00,5622.00,5596.00,above_range
2024-07-09,2.00,start,migration,0.00,,,,2348,2024-07-09,1,5645.75,5628.25,5634.00,5640.00,5630.00,day,1,5637.50,5615.25,5622.00,5628.00,5618.00,above_value
2024-07-10,2.00,start,migration,0.00,,,,2349,2024-07-10,1,5690.50,5640.25,5670.00,5680.00,5646.00,day,1,5645.75,5628.25,5634.00,5640.00,5630.00,above_value
2024-07-11,2.00,start,migration,0.47,,,,2350,2024-07-11,1,5695.75,5630.00,5642.00,5660.00,5630.00,day,1,5690.50,5640.25,5670.00,5680.00,5646.00,above_value
2024-07-12,2.00,start,migration,0.00,,,,2351,2024-07-12,1,5708.25,5642.50,5680.00,5702.00,5664.00,day,1,5695.75,5630.00,5642.00,5660.00,5630.00,in_value
2024-07-15,2.00,added,,0.85,0.55,False,0.46,2351,2024-07-12,2,5718.75,5642.50,5684.00,5706.00,5676.00,day,1,5708.25,5642.50,5680.00,5702.00,5664.00,in_value
2024-07-16,2.00,added,,0.86,0.71,False,0.46,2351,2024-07-12,3,5721.25,5642.50,5698.00,5708.00,5678.00,composite,2,5718.75,5642.50,5684.00,5706.00,5676.00,in_value
2024-07-17,2.00,start,migration,0.00,,,,2352,2024-07-17,1,5672.75,5633.25,5646.00,5656.00,5638.00,composite,3,5721.25,5642.50,5698.00,5708.00,5678.00,below_value
2024-07-18,2.00,start,migration,0.00,,,,2353,2024-07-18,1,5661.75,5570.25,5602.00,5620.00,5570.25,day,1,5672.75,5633.25,5646.00,5656.00,5638.00,in_value
2024-07-19,2.00,start,migration,0.29,,,,2354,2024-07-19,1,5604.75,5542.00,5554.00,5580.00,5546.00,day,1,5661.75,5570.25,5602.00,5620.00,5570.25,in_value
2024-07-22,2.00,start,migration,0.00,,,,2355,2024-07-22,1,5616.00,5572.75,5606.00,5612.00,5582.00,day,1,5604.75,5542.00,5554.00,5580.00,5546.00,above_value
2024-07-23,2.00,start,migration,0.46,,,,2356,2024-07-23,1,5629.75,5594.50,5610.00,5624.00,5602.00,day,1,5616.00,5572.75,5606.00,5612.00,5582.00,in_value
2024-07-24,2.00,start,migration,0.00,,,,2357,2024-07-24,1,5551.75,5462.00,5504.00,5522.00,5480.00,day,1,5629.75,5594.50,5610.00,5624.00,5602.00,below_range
2024-07-25,2.00,added,,0.56,0.59,False,0.37,2357,2024-07-24,2,5551.75,5432.50,5502.00,5516.00,5466.00,day,1,5551.75,5462.00,5504.00,5522.00,5480.00,below_value
2024-07-26,2.00,added,,1.00,0.59,False,0.60,2357,2024-07-24,3,5551.75,5432.50,5502.00,5520.00,5474.00,composite,2,5551.75,5432.50,5502.00,5516.00,5466.00,in_value
2024-07-29,2.00,added,,1.00,0.61,False,0.69,2357,2024-07-24,4,5551.75,5432.50,5504.00,5522.00,5480.00,composite,3,5551.75,5432.50,5502.00,5520.00,5474.00,in_value
2024-07-30,2.00,start,migration,0.29,,,,2358,2024-07-30,1,5527.50,5438.00,5466.00,5492.00,5450.00,composite,4,5551.75,5432.50,5504.00,5522.00,5480.00,in_value
2024-07-31,2.00,start,migration,0.00,,,,2359,2024-07-31,1,5588.50,5528.75,5558.00,5572.00,5546.00,day,1,5527.50,5438.00,5466.00,5492.00,5450.00,above_range
2024-08-01,2.00,start,migration,0.00,,,,2360,2024-08-01,1,5600.75,5444.75,5476.00,5526.00,5444.75,day,1,5588.50,5528.75,5558.00,5572.00,5546.00,above_value
2024-08-02,2.00,start,migration,0.00,,,,2361,2024-08-02,1,5417.25,5331.75,5360.00,5374.00,5340.00,day,1,5600.75,5444.75,5476.00,5526.00,5444.75,below_range
2024-08-05,2.00,start,migration,0.00,,,,2362,2024-08-05,1,5279.50,5146.00,5234.00,5252.00,5198.00,day,1,5417.25,5331.75,5360.00,5374.00,5340.00,below_range
2024-08-06,2.00,start,migration,0.00,,,,2363,2024-08-06,1,5342.00,5221.75,5298.00,5324.00,5270.00,day,1,5279.50,5146.00,5234.00,5252.00,5198.00,in_value
2024-08-07,2.00,skipped_daytype,,0.57,,,,2363,2024-08-06,1,5342.00,5221.75,5298.00,5324.00,5270.00,day,1,5342.00,5221.75,5298.00,5324.00,5270.00,above_value
2024-08-08,2.00,start,migration,0.43,,,,2364,2024-08-08,1,5355.50,5259.75,5322.00,5348.00,5306.00,day,1,5359.25,5222.25,5330.00,5356.00,5262.00,in_value
2024-08-09,2.00,start,migration,0.20,,,,2365,2024-08-09,1,5385.25,5324.75,5354.00,5372.00,5342.00,day,1,5355.50,5259.75,5322.00,5348.00,5306.00,in_value
2024-08-12,2.00,added,,0.54,0.58,False,1.00,2365,2024-08-09,2,5396.75,5324.75,5366.00,5384.00,5350.00,day,1,5385.25,5324.75,5354.00,5372.00,5342.00,above_value
2024-08-13,2.00,start,migration,0.00,,,,2366,2024-08-13,1,5461.25,5401.50,5448.00,5454.00,5416.00,composite,2,5396.75,5324.75,5366.00,5384.00,5350.00,above_range
2024-08-14,2.00,start,migration,0.00,,,,2367,2024-08-14,1,5487.75,5438.75,5468.00,5482.00,5460.00,day,1,5461.25,5401.50,5448.00,5454.00,5416.00,above_range
2024-08-15,2.00,start,migration,0.00,,,,2368,2024-08-15,1,5571.75,5526.25,5564.00,5570.00,5544.00,day,1,5487.75,5438.75,5468.00,5482.00,5460.00,above_range
2024-08-16,2.00,start,migration,0.39,,,,2369,2024-08-16,1,5586.25,5547.50,5576.00,5586.00,5560.00,day,1,5571.75,5526.25,5564.00,5570.00,5544.00,in_value
2024-08-19,2.00,start,migration,0.00,,,,2370,2024-08-19,1,5631.25,5573.50,5600.00,5618.00,5588.00,day,1,5586.25,5547.50,5576.00,5586.00,5560.00,in_value
2024-08-20,2.00,start,migration,0.33,,,,2371,2024-08-20,1,5643.75,5607.75,5624.00,5630.00,5612.00,day,1,5631.25,5573.50,5600.00,5618.00,5588.00,above_value
2024-08-21,2.00,start,migration,0.22,,,,2372,2024-08-21,1,5655.25,5613.50,5634.00,5644.00,5626.00,day,1,5643.75,5607.75,5624.00,5630.00,5612.00,above_value
2024-08-22,2.00,start,migration,0.09,,,,2373,2024-08-22,1,5665.25,5582.75,5604.00,5630.00,5584.00,day,1,5655.25,5613.50,5634.00,5644.00,5626.00,above_range
2024-08-23,2.00,start,migration,0.20,,,,2374,2024-08-23,1,5662.25,5603.00,5632.00,5654.00,5624.00,day,1,5665.25,5582.75,5604.00,5630.00,5584.00,in_value
2024-08-26,2.00,added,,1.00,0.52,False,1.00,2374,2024-08-23,2,5669.00,5603.00,5636.00,5650.00,5624.00,day,1,5662.25,5603.00,5632.00,5654.00,5624.00,above_value
2024-08-27,2.00,added,,1.00,0.52,False,1.00,2374,2024-08-23,3,5669.00,5603.00,5636.00,5650.00,5624.00,composite,2,5669.00,5603.00,5636.00,5650.00,5624.00,below_value
2024-08-28,2.00,start,migration,0.00,,,,2375,2024-08-28,1,5644.50,5577.50,5608.00,5622.00,5584.00,composite,3,5669.00,5603.00,5636.00,5650.00,5624.00,in_value
2024-08-29,2.00,start,migration,0.05,,,,2376,2024-08-29,1,5663.75,5598.00,5652.00,5662.00,5620.00,day,1,5644.50,5577.50,5608.00,5622.00,5584.00,above_value
2024-08-30,2.00,skipped_shape,,0.65,0.32,False,0.29,2376,2024-08-29,1,5663.75,5598.00,5652.00,5662.00,5620.00,day,1,5663.75,5598.00,5652.00,5662.00,5620.00,in_value
2024-09-03,2.00,start,migration,0.00,,,,2377,2024-09-03,1,5630.00,5516.75,5576.00,5594.00,5544.00,day,1,5665.00,5594.25,5616.00,5642.00,5608.00,in_value
2024-09-04,2.00,start,migration,0.18,,,,2378,2024-09-04,1,5565.00,5515.00,5534.00,5548.00,5526.00,day,1,5630.00,5516.75,5576.00,5594.00,5544.00,below_value
2024-09-05,2.00,start,migration,0.12,,,,2379,2024-09-05,1,5557.25,5490.00,5504.00,5530.00,5496.00,day,1,5565.00,5515.00,5534.00,5548.00,5526.00,in_value
2024-09-06,2.00,start,migration,0.00,,,,2380,2024-09-06,1,5532.50,5410.25,5424.00,5462.00,5412.00,day,1,5557.25,5490.00,5504.00,5530.00,5496.00,in_value
2024-09-09,2.00,start,migration,0.31,,,,2381,2024-09-09,1,5493.00,5442.50,5470.00,5480.00,5454.00,day,1,5532.50,5410.25,5424.00,5462.00,5412.00,in_value
2024-09-10,2.00,start,migration,0.40,,,,2382,2024-09-10,1,5506.00,5448.25,5484.00,5498.00,5468.00,day,1,5493.00,5442.50,5470.00,5480.00,5454.00,above_range
2024-09-11,2.00,start,migration,0.29,,,,2383,2024-09-11,1,5567.50,5412.00,5460.00,5514.00,5412.00,day,1,5506.00,5448.25,5484.00,5498.00,5468.00,above_value
2024-09-12,2.00,start,migration,0.00,,,,2384,2024-09-12,1,5607.00,5540.25,5566.00,5596.00,5550.00,day,1,5567.50,5412.00,5460.00,5514.00,5412.00,above_value
2024-09-13,2.00,start,migration,0.00,,,,2385,2024-09-13,1,5641.50,5605.00,5626.00,5640.00,5622.00,day,1,5607.00,5540.25,5566.00,5596.00,5550.00,above_range
2024-09-16,2.00,added,,0.89,0.66,False,1.00,2385,2024-09-13,2,5641.50,5605.00,5628.00,5638.00,5620.00,day,1,5641.50,5605.00,5626.00,5640.00,5622.00,in_value
2024-09-17,2.00,start,migration,0.43,,,,2386,2024-09-17,1,5675.50,5617.00,5638.00,5660.00,5618.00,composite,2,5641.50,5605.00,5628.00,5638.00,5620.00,above_range
2024-09-18,2.00,added,,1.00,0.33,False,1.00,2386,2024-09-17,2,5755.75,5675.25,5700.00,5718.00,5684.00,day,1,5737.00,5678.50,5699.50,5721.50,5679.50,in_value
2024-09-19,2.00,start,migration,0.00,,,,2387,2024-09-19,1,5797.50,5748.25,5778.00,5792.00,5766.00,composite,2,5755.75,5675.25,5700.00,5718.00,5684.00,above_range
2024-09-20,2.00,start,migration,0.00,,,,2388,2024-09-20,1,5775.00,5733.50,5752.00,5766.00,5744.00,day,1,5797.50,5748.25,5778.00,5792.00,5766.00,below_value
2024-09-23,2.00,start,migration,0.14,,,,2389,2024-09-23,1,5784.50,5761.00,5772.00,5778.00,5764.00,day,1,5775.00,5733.50,5752.00,5766.00,5744.00,above_value
2024-09-24,2.00,start,migration,0.22,,,,2390,2024-09-24,1,5794.25,5754.75,5782.00,5792.00,5774.00,day,1,5784.50,5761.00,5772.00,5778.00,5764.00,above_value
2024-09-25,2.00,added,,0.89,0.63,False,1.00,2390,2024-09-24,2,5798.75,5754.75,5782.00,5792.00,5774.00,day,1,5794.25,5754.75,5782.00,5792.00,5774.00,in_value
2024-09-26,2.00,start,migration,0.18,,,,2391,2024-09-26,1,5827.25,5778.25,5800.00,5810.00,5788.00,composite,2,5798.75,5754.75,5782.00,5792.00,5774.00,above_range
2024-09-27,2.00,added,,0.77,0.42,False,0.71,2391,2024-09-26,2,5827.25,5778.25,5798.00,5812.00,5790.00,day,1,5827.25,5778.25,5800.00,5810.00,5788.00,above_value
2024-09-30,2.00,start,migration,0.27,,,,2392,2024-09-30,1,5820.25,5756.25,5786.00,5796.00,5774.00,composite,2,5827.25,5778.25,5798.00,5812.00,5790.00,below_value
2024-10-01,2.00,start,migration,0.00,,,,2393,2024-10-01,1,5809.50,5733.00,5760.00,5774.00,5740.00,day,1,5820.25,5756.25,5786.00,5796.00,5774.00,above_value
2024-10-02,2.00,added,,1.00,0.43,False,0.78,2393,2024-10-01,2,5809.50,5724.00,5760.00,5774.00,5744.00,day,1,5809.50,5733.00,5760.00,5774.00,5740.00,in_value
2024-10-03,2.00,start,migration,0.46,,,,2394,2024-10-03,1,5770.00,5725.75,5744.00,5754.00,5732.00,composite,2,5809.50,5724.00,5760.00,5774.00,5744.00,in_value
2024-10-04,2.00,start,migration,0.00,,,,2395,2024-10-04,1,5804.75,5749.50,5776.00,5786.00,5760.00,day,1,5770.00,5725.75,5744.00,5754.00,5732.00,above_range
2024-10-07,2.00,skipped_daytype,,0.77,,,,2395,2024-10-04,1,5804.75,5749.50,5776.00,5786.00,5760.00,day,1,5804.75,5749.50,5776.00,5786.00,5760.00,in_value
2024-10-08,2.00,start,migration,0.44,,,,2396,2024-10-08,1,5806.75,5763.75,5786.00,5796.00,5778.00,day,1,5788.75,5734.25,5778.00,5788.00,5754.00,in_value
2024-10-09,2.00,start,migration,0.00,,,,2397,2024-10-09,1,5846.50,5793.75,5828.00,5842.00,5820.00,day,1,5806.75,5763.75,5786.00,5796.00,5778.00,above_value
2024-10-10,2.00,added,,0.86,0.66,False,1.00,2397,2024-10-09,2,5846.50,5793.75,5828.00,5838.00,5820.00,day,1,5846.50,5793.75,5828.00,5842.00,5820.00,in_value
2024-10-11,2.00,start,migration,0.00,,,,2398,2024-10-11,1,5868.25,5823.25,5854.00,5868.00,5850.00,composite,2,5846.50,5793.75,5828.00,5838.00,5820.00,in_value
2024-10-14,2.00,start,migration,0.00,,,,2399,2024-10-14,1,5918.50,5873.00,5898.00,5908.00,5890.00,day,1,5868.25,5823.25,5854.00,5868.00,5850.00,above_range
2024-10-15,2.00,start,migration,0.07,,,,2400,2024-10-15,1,5914.00,5850.00,5882.00,5892.00,5862.00,day,1,5918.50,5873.00,5898.00,5908.00,5890.00,above_value
2024-10-16,2.00,added,,0.77,0.44,False,0.78,2400,2024-10-15,2,5914.00,5850.00,5878.00,5892.00,5862.00,day,1,5914.00,5850.00,5882.00,5892.00,5862.00,below_value
2024-10-17,2.00,start,migration,0.00,,,,2401,2024-10-17,1,5925.00,5884.75,5904.00,5910.00,5892.00,composite,2,5914.00,5850.00,5878.00,5892.00,5862.00,above_range
2024-10-18,2.00,added,,0.89,0.50,False,0.43,2401,2024-10-17,2,5925.00,5884.75,5904.00,5910.00,5892.00,day,1,5925.00,5884.75,5904.00,5910.00,5892.00,in_value
2024-10-21,2.00,start,migration,0.11,,,,2402,2024-10-21,1,5908.50,5865.00,5884.00,5894.00,5876.00,composite,2,5925.00,5884.75,5904.00,5910.00,5892.00,in_value
2024-10-22,2.00,added,,0.69,0.48,False,0.71,2402,2024-10-21,2,5908.50,5862.25,5884.00,5898.00,5876.00,day,1,5908.50,5865.00,5884.00,5894.00,5876.00,below_value
2024-10-23,2.00,start,migration,0.00,,,,2403,2024-10-23,1,5874.75,5801.00,5836.00,5862.00,5816.00,composite,2,5908.50,5862.25,5884.00,5898.00,5876.00,below_value
2024-10-24,2.00,added,,1.00,0.59,False,0.78,2403,2024-10-23,2,5874.75,5801.00,5844.00,5858.00,5828.00,day,1,5874.75,5801.00,5836.00,5862.00,5816.00,in_value
2024-10-25,2.00,start,migration,0.16,,,,2404,2024-10-25,1,5900.75,5835.00,5874.00,5900.00,5850.00,composite,2,5874.75,5801.00,5844.00,5858.00,5828.00,above_value
2024-10-28,2.00,added,,1.00,0.54,False,0.64,2404,2024-10-25,2,5900.75,5835.00,5870.00,5884.00,5850.00,day,1,5900.75,5835.00,5874.00,5900.00,5850.00,in_value
2024-10-29,2.00,added,,1.00,0.52,False,0.78,2404,2024-10-25,3,5900.75,5835.00,5868.00,5882.00,5852.00,composite,2,5900.75,5835.00,5870.00,5884.00,5850.00,in_value
2024-10-30,2.00,added,,1.00,0.52,False,1.00,2404,2024-10-25,4,5900.75,5835.00,5868.00,5882.00,5856.00,composite,3,5900.75,5835.00,5868.00,5882.00,5852.00,in_value
2024-10-31,2.00,start,migration,0.00,,,,2405,2024-10-31,1,5807.25,5734.50,5762.00,5772.00,5746.00,composite,4,5900.75,5835.00,5868.00,5882.00,5856.00,below_range
2024-11-01,2.00,start,migration,0.27,,,,2406,2024-11-01,1,5803.75,5752.50,5780.00,5794.00,5764.00,day,1,5807.25,5734.50,5762.00,5772.00,5746.00,in_value
2024-11-04,2.00,start,migration,0.00,,,,2407,2024-11-04,1,5771.50,5724.25,5748.00,5762.00,5740.00,day,1,5803.75,5752.50,5780.00,5794.00,5764.00,below_value
2024-11-05,2.00,start,migration,0.00,,,,2408,2024-11-05,1,5813.50,5750.50,5798.00,5812.00,5786.00,day,1,5771.50,5724.25,5748.00,5762.00,5740.00,in_value
2024-11-06,2.00,start,migration,0.00,,,,2409,2024-11-06,1,5967.00,5900.75,5932.00,5946.00,5908.00,day,1,5813.50,5750.50,5798.00,5812.00,5786.00,above_range
2024-11-07,2.00,start,migration,0.00,,,,2410,2024-11-07,1,6013.00,5976.00,5996.00,6002.00,5984.00,day,1,5967.00,5900.75,5932.00,5946.00,5908.00,above_range
2024-11-08,2.00,start,migration,0.00,,,,2411,2024-11-08,1,6040.50,6004.75,6022.00,6036.00,6014.00,day,1,6013.00,5976.00,5996.00,6002.00,5984.00,above_value
2024-11-11,2.00,added,,0.67,0.50,False,0.43,2411,2024-11-08,2,6045.25,6004.75,6024.00,6038.00,6020.00,day,1,6040.50,6004.75,6022.00,6036.00,6014.00,above_range
2024-11-12,2.00,start,migration,0.39,,,,2412,2024-11-12,1,6036.50,5986.75,6016.00,6030.00,6004.00,composite,2,6045.25,6004.75,6024.00,6038.00,6020.00,in_value
2024-11-13,2.00,added,,1.00,0.60,False,0.56,2412,2024-11-12,2,6036.50,5986.75,6016.00,6034.00,6008.00,day,1,6036.50,5986.75,6016.00,6030.00,6004.00,in_value
2024-11-14,2.00,start,migration,0.00,,,,2413,2024-11-14,1,6020.50,5968.75,5994.00,6008.00,5982.00,composite,2,6036.50,5986.75,6016.00,6034.00,6008.00,in_value
2024-11-15,2.00,start,migration,0.00,,,,2414,2024-11-15,1,5941.75,5876.75,5892.00,5914.00,5884.00,day,1,6020.50,5968.75,5994.00,6008.00,5982.00,below_range
2024-11-18,2.00,start,migration,0.36,,,,2415,2024-11-18,1,5933.00,5891.25,5918.00,5928.00,5906.00,day,1,5941.75,5876.75,5892.00,5914.00,5884.00,in_value
2024-11-19,2.00,start,migration,0.48,,,,2416,2024-11-19,1,5947.50,5876.25,5926.00,5947.50,5910.00,day,1,5933.00,5891.25,5918.00,5928.00,5906.00,below_range
2024-11-20,2.00,start,migration,0.39,,,,2417,2024-11-20,1,5942.75,5880.00,5910.00,5920.00,5894.00,day,1,5947.50,5876.25,5926.00,5947.50,5910.00,in_value
2024-11-21,2.00,start,migration,0.00,,,,2418,2024-11-21,1,5985.00,5907.25,5944.00,5982.00,5936.00,day,1,5942.75,5880.00,5910.00,5920.00,5894.00,above_range
2024-11-22,2.00,skipped_shape,,0.56,0.85,False,0.54,2418,2024-11-21,1,5985.00,5907.25,5944.00,5982.00,5936.00,day,1,5985.00,5907.25,5944.00,5982.00,5936.00,in_value
2024-11-25,2.00,start,migration,0.00,,,,2419,2024-11-25,1,6040.00,5982.50,6002.00,6020.00,5994.00,day,1,5993.50,5962.75,5980.00,5990.00,5972.00,above_range
2024-11-26,2.00,start,migration,0.11,,,,2420,2024-11-26,1,6044.00,6011.25,6026.00,6036.00,6018.00,day,1,6040.00,5982.50,6002.00,6020.00,5994.00,in_value
2024-11-27,2.00,start,migration,0.29,,,,2421,2024-11-27,1,6037.00,6000.25,6016.00,6022.00,6008.00,day,1,6044.00,6011.25,6026.00,6036.00,6018.00,in_value
2024-11-29,2.00,start,migration,0.00,,,,2422,2024-11-29,1,6060.00,6019.00,6048.00,6060.00,6040.00,day,1,6037.00,6000.25,6016.00,6022.00,6008.00,in_value
2024-12-02,2.00,skipped_shape,,0.60,0.79,False,1.00,2422,2024-11-29,1,6060.00,6019.00,6048.00,6060.00,6040.00,day,1,6060.00,6019.00,6048.00,6060.00,6040.00,in_value
2024-12-03,2.00,added,,0.71,0.74,False,1.00,2422,2024-11-29,2,6066.00,6019.00,6054.00,6064.00,6046.00,day,1,6068.50,6049.75,6058.00,6064.00,6054.00,in_value
2024-12-04,2.00,start,migration,0.00,,,,2423,2024-12-04,1,6102.25,6072.50,6084.00,6094.00,6076.00,composite,2,6066.00,6019.00,6054.00,6064.00,6046.00,above_range
2024-12-05,2.00,start,migration,0.29,,,,2424,2024-12-05,1,6107.25,6085.50,6094.00,6104.00,6090.00,day,1,6102.25,6072.50,6084.00,6094.00,6076.00,above_value
2024-12-06,2.00,added,,0.86,0.46,False,0.60,2424,2024-12-05,2,6111.00,6085.50,6096.00,6106.00,6092.00,day,1,6107.25,6085.50,6094.00,6104.00,6090.00,in_value
2024-12-09,2.00,start,migration,0.00,,,,2425,2024-12-09,1,6097.75,6060.00,6076.00,6082.00,6064.00,composite,2,6111.00,6085.50,6096.00,6106.00,6092.00,in_value
2024-12-10,2.00,start,migration,0.44,,,,2426,2024-12-10,1,6075.25,6039.75,6062.00,6072.00,6054.00,day,1,6097.75,6060.00,6076.00,6082.00,6064.00,in_value
2024-12-11,2.00,start,migration,0.00,,,,2427,2024-12-11,1,6102.50,6072.50,6096.00,6102.00,6084.00,day,1,6075.25,6039.75,6062.00,6072.00,6054.00,above_range
2024-12-12,2.00,start,migration,0.14,,,,2428,2024-12-12,1,6087.75,6059.50,6080.00,6086.00,6072.00,day,1,6102.50,6072.50,6096.00,6102.00,6084.00,below_value
2024-12-13,2.00,start,migration,0.00,,,,2429,2024-12-13,1,6084.75,6041.25,6054.00,6060.00,6042.00,day,1,6087.75,6059.50,6080.00,6086.00,6072.00,in_value
2024-12-16,2.00,start,migration,0.00,,,,2430,2024-12-16,1,6090.50,6064.75,6086.00,6090.50,6074.00,day,1,6084.75,6041.25,6054.00,6060.00,6042.00,above_value
2024-12-17,2.00,start,migration,0.00,,,,2431,2024-12-17,1,6063.50,6040.75,6054.00,6060.00,6046.00,day,1,6090.50,6064.75,6086.00,6090.50,6074.00,below_range
2024-12-18,2.00,start,migration,0.12,,,,2432,2024-12-18,1,6148.00,5934.75,6136.00,6148.00,6032.00,day,1,6137.50,6114.75,6128.00,6134.00,6120.00,in_value
2024-12-19,2.00,start,migration,0.00,,,,2433,2024-12-19,1,6005.25,5931.75,5964.00,5982.00,5952.00,day,1,6148.00,5934.75,6136.00,6148.00,6032.00,below_value
2024-12-20,2.00,start,migration,0.06,,,,2434,2024-12-20,1,6050.75,5898.25,6014.00,6050.75,5978.00,day,1,6005.25,5931.75,5964.00,5982.00,5952.00,below_range
2024-12-23,2.00,skipped_shape,,1.00,0.76,False,0.77,2434,2024-12-20,1,6050.75,5898.25,6014.00,6050.75,5978.00,day,1,6050.75,5898.25,6014.00,6050.75,5978.00,in_value
2024-12-24,2.00,start,migration,0.00,,,,2435,2024-12-24,1,6099.50,6042.25,6078.00,6099.50,6070.00,day,1,6043.00,5965.00,6012.00,6034.00,5988.00,above_range
2024-12-26,2.00,added,,0.75,0.74,False,1.00,2435,2024-12-24,2,6107.50,6042.25,6090.00,6104.00,6078.00,day,1,6099.50,6042.25,6078.00,6099.50,6070.00,in_value
2024-12-27,2.00,start,migration,0.00,,,,2436,2024-12-27,1,6055.50,5982.75,6016.00,6026.00,5996.00,composite,2,6107.50,6042.25,6090.00,6104.00,6078.00,below_value
2024-12-30,2.00,start,migration,0.00,,,,2437,2024-12-30,1,5993.25,5918.25,5978.00,5992.00,5946.00,day,1,6055.50,5982.75,6016.00,6026.00,5996.00,below_range
2024-12-31,2.00,start,migration,0.20,,,,2438,2024-12-31,1,5980.25,5917.25,5938.00,5952.00,5922.00,day,1,5993.25,5918.25,5978.00,5992.00,5946.00,in_value
2025-01-02,2.00,start,migration,0.41,,,,2439,2025-01-02,1,5985.00,5874.75,5944.00,5970.00,5896.00,day,1,5980.25,5917.25,5938.00,5952.00,5922.00,above_value
2025-01-03,2.00,start,migration,0.37,,,,2440,2025-01-03,1,5996.75,5934.00,5980.00,5994.00,5956.00,day,1,5985.00,5874.75,5944.00,5970.00,5896.00,in_value
2025-01-06,2.00,start,migration,0.00,,,,2441,2025-01-06,1,6068.25,6004.00,6056.00,6066.00,6024.00,day,1,5996.75,5934.00,5980.00,5994.00,5956.00,above_range
2025-01-07,2.00,start,migration,0.00,,,,2442,2025-01-07,1,6045.50,5935.00,5978.00,6004.00,5962.00,day,1,6068.25,6004.00,6056.00,6066.00,6024.00,in_value
2025-01-08,2.00,start,migration,0.00,,,,2443,2025-01-08,1,5971.75,5917.00,5946.00,5960.00,5934.00,day,1,6045.50,5935.00,5978.00,6004.00,5962.00,below_value
2025-01-10,2.00,start,migration,0.00,,,,2444,2025-01-10,1,5921.75,5845.25,5872.00,5894.00,5856.00,day,1,5971.75,5917.00,5946.00,5960.00,5934.00,below_value
2025-01-13,2.00,start,migration,0.00,,,,2445,2025-01-13,1,5878.25,5813.00,5840.00,5854.00,5816.00,day,1,5921.75,5845.25,5872.00,5894.00,5856.00,below_range
2025-01-14,2.00,start,migration,0.00,,,,2446,2025-01-14,1,5909.75,5842.50,5878.00,5900.00,5862.00,day,1,5878.25,5813.00,5840.00,5854.00,5816.00,above_range
2025-01-15,2.00,start,migration,0.00,,,,2447,2025-01-15,1,6001.25,5952.50,5980.00,5994.00,5968.00,day,1,5909.75,5842.50,5878.00,5900.00,5862.00,above_range
2025-01-16,2.00,added,,0.89,0.54,False,0.71,2447,2025-01-15,2,6004.25,5952.50,5980.00,5994.00,5972.00,day,1,6001.25,5952.50,5980.00,5994.00,5968.00,above_range
2025-01-17,2.00,start,migration,0.00,,,,2448,2025-01-17,1,6051.50,6012.75,6042.00,6048.00,6030.00,composite,2,6004.25,5952.50,5980.00,5994.00,5972.00,above_range
2025-01-21,2.00,start,migration,0.00,,,,2449,2025-01-21,1,6087.25,6043.50,6078.00,6087.25,6058.00,day,1,6051.50,6012.75,6042.00,6048.00,6030.00,above_range
2025-01-22,2.00,start,migration,0.00,,,,2450,2025-01-22,1,6135.75,6111.25,6128.00,6134.00,6120.00,day,1,6087.25,6043.50,6078.00,6087.25,6058.00,above_range
2025-01-23,2.00,added,,0.64,0.46,False,0.43,2450,2025-01-22,2,6154.00,6111.25,6130.00,6136.00,6118.00,day,1,6135.75,6111.25,6128.00,6134.00,6120.00,below_value
2025-01-24,2.00,start,migration,0.20,,,,2451,2025-01-24,1,6162.25,6122.00,6150.00,6160.00,6130.00,composite,2,6154.00,6111.25,6130.00,6136.00,6118.00,above_value
2025-01-27,2.00,start,migration,0.00,,,,2452,2025-01-27,1,6048.75,5996.75,6022.00,6036.00,6014.00,day,1,6162.25,6122.00,6150.00,6160.00,6130.00,below_range
2025-01-28,2.00,start,migration,0.00,,,,2453,2025-01-28,1,6105.50,6023.50,6090.00,6104.00,6062.00,day,1,6048.75,5996.75,6022.00,6036.00,6014.00,above_range
2025-01-29,2.00,added,,0.92,0.66,False,0.82,2453,2025-01-28,2,6105.50,6023.50,6076.00,6094.00,6056.00,day,1,6105.50,6023.50,6090.00,6104.00,6062.00,in_value
2025-01-30,2.00,added,,0.73,0.57,False,1.00,2453,2025-01-28,3,6116.25,6023.50,6076.00,6094.00,6060.00,composite,2,6105.50,6023.50,6076.00,6094.00,6056.00,in_value
2025-01-31,2.00,start,migration,0.13,,,,2454,2025-01-31,1,6147.75,6057.75,6138.00,6147.75,6086.00,composite,3,6116.25,6023.50,6076.00,6094.00,6060.00,above_range
2025-02-03,2.00,start,migration,0.00,,,,2455,2025-02-03,1,6049.25,5950.25,6020.00,6046.00,6004.00,day,1,6147.75,6057.75,6138.00,6147.75,6086.00,below_range
2025-02-04,2.00,start,migration,0.00,,,,2456,2025-02-04,1,6068.75,6018.00,6054.00,6068.00,6046.00,day,1,6049.25,5950.25,6020.00,6046.00,6004.00,in_value
2025-02-05,2.00,start,migration,0.44,,,,2457,2025-02-05,1,6088.50,6029.50,6072.00,6088.50,6052.00,day,1,6068.75,6018.00,6054.00,6068.00,6046.00,in_value
2025-02-06,2.00,start,migration,0.04,,,,2458,2025-02-06,1,6108.50,6070.00,6096.00,6102.00,6088.00,day,1,6088.50,6029.50,6072.00,6088.50,6052.00,above_range
2025-02-07,2.00,start,migration,0.00,,,,2459,2025-02-07,1,6123.25,6041.25,6056.00,6082.00,6044.00,day,1,6108.50,6070.00,6096.00,6102.00,6088.00,above_range
2025-02-10,2.00,start,migration,0.14,,,,2460,2025-02-10,1,6096.00,6067.75,6088.00,6094.00,6080.00,day,1,6123.25,6041.25,6056.00,6082.00,6044.00,in_value
2025-02-11,2.00,added,,0.78,0.69,False,0.43,2460,2025-02-10,2,6098.75,6064.00,6088.00,6094.00,6076.00,day,1,6096.00,6067.75,6088.00,6094.00,6080.00,below_range
2025-02-12,2.00,start,migration,0.13,,,,2461,2025-02-12,1,6084.75,6023.75,6070.00,6080.00,6050.00,composite,2,6098.75,6064.00,6088.00,6094.00,6076.00,below_range
2025-02-13,2.00,start,migration,0.00,,,,2462,2025-02-13,1,6138.00,6070.25,6102.00,6116.00,6082.00,day,1,6084.75,6023.75,6070.00,6080.00,6050.00,above_value
2025-02-14,2.00,start,migration,0.00,,,,2463,2025-02-14,1,6145.25,6125.75,6134.00,6140.00,6130.00,day,1,6138.00,6070.25,6102.00,6116.00,6082.00,above_value
2025-02-18,2.00,added,,0.71,0.53,False,1.00,2463,2025-02-14,2,6148.50,6118.25,6134.00,6140.00,6130.00,day,1,6145.25,6125.75,6134.00,6140.00,6130.00,above_value
2025-02-19,2.00,start,migration,0.07,,,,2464,2025-02-19,1,6166.50,6129.25,6146.00,6166.50,6138.00,composite,2,6148.50,6118.25,6134.00,6140.00,6130.00,in_value
2025-02-20,2.00,start,migration,0.00,,,,2465,2025-02-20,1,6150.00,6102.75,6116.00,6130.00,6108.00,day,1,6166.50,6129.25,6146.00,6166.50,6138.00,in_value
2025-02-21,2.00,start,migration,0.20,,,,2466,2025-02-21,1,6133.00,6024.50,6094.00,6124.00,6046.00,day,1,6150.00,6102.75,6116.00,6130.00,6108.00,above_value
2025-02-24,2.00,start,migration,0.06,,,,2467,2025-02-24,1,6060.00,5994.50,6034.00,6048.00,6014.00,day,1,6133.00,6024.50,6094.00,6124.00,6046.00,in_value
2025-02-25,2.00,start,migration,0.00,,,,2468,2025-02-25,1,6007.75,5924.00,5964.00,5990.00,5952.00,day,1,6060.00,5994.50,6034.00,6048.00,6014.00,below_value
2025-02-26,2.00,added,,0.66,0.41,False,0.85,2468,2025-02-25,2,6023.75,5924.00,5964.00,5990.00,5944.00,day,1,6007.75,5924.00,5964.00,5990.00,5952.00,in_value
2025-02-27,2.00,added,,0.85,0.61,False,1.00,2468,2025-02-25,3,6023.75,5873.00,5964.00,5990.00,5940.00,composite,2,6023.75,5924.00,5964.00,5990.00,5944.00,above_value
2025-02-28,2.00,start,migration,0.00,,,,2469,2025-02-28,1,5971.00,5848.00,5906.00,5908.00,5862.00,composite,3,6023.75,5873.00,5964.00,5990.00,5940.00,below_value
2025-03-03,2.00,start,migration,0.13,,,,2470,2025-03-03,1,5997.00,5821.75,5950.00,5976.00,5898.00,day,1,5971.00,5848.00,5906.00,5908.00,5862.00,above_range
2025-03-04,2.00,start,migration,0.00,,,,2471,2025-03-04,1,5875.75,5744.00,5782.00,5824.00,5754.00,day,1,5997.00,5821.75,5950.00,5976.00,5898.00,below_range
2025-03-05,2.00,added,,0.79,0.29,False,0.41,2471,2025-03-04,2,5875.75,5744.00,5782.00,5836.00,5762.00,day,1,5875.75,5744.00,5782.00,5824.00,5754.00,in_value
2025-03-06,2.00,start,migration,0.31,,,,2472,2025-03-06,1,5821.25,5720.00,5742.00,5780.00,5722.00,composite,2,5875.75,5744.00,5782.00,5836.00,5762.00,in_value
2025-03-07,2.00,added,,0.88,0.50,False,0.68,2472,2025-03-06,2,5821.25,5673.00,5746.00,5784.00,5722.00,day,1,5821.25,5720.00,5742.00,5780.00,5722.00,in_value
2025-03-10,2.00,start,migration,0.00,,,,2473,2025-03-10,1,5711.25,5571.50,5628.00,5674.00,5604.00,composite,2,5821.25,5673.00,5746.00,5784.00,5722.00,below_value
2025-03-11,2.00,start,migration,0.21,,,,2474,2025-03-11,1,5643.75,5534.00,5586.00,5616.00,5558.00,day,1,5711.25,5571.50,5628.00,5674.00,5604.00,in_value
2025-03-12,2.00,added,,0.65,0.62,False,1.00,2474,2025-03-11,2,5645.00,5534.00,5602.00,5628.00,5578.00,day,1,5643.75,5534.00,5586.00,5616.00,5558.00,above_value
2025-03-13,2.00,start,migration,0.00,,,,2475,2025-03-13,1,5603.75,5509.25,5544.00,5570.00,5516.00,composite,2,5645.00,5534.00,5602.00,5628.00,5578.00,in_value
2025-03-14,2.00,start,migration,0.00,,,,2476,2025-03-14,1,5648.75,5564.00,5624.00,5642.00,5600.00,day,1,5603.75,5509.25,5544.00,5570.00,5516.00,above_value
2025-03-17,2.00,start,migration,0.10,,,,2477,2025-03-17,1,5707.50,5632.75,5654.00,5676.00,5638.00,day,1,5648.75,5564.00,5624.00,5642.00,5600.00,in_value
2025-03-18,2.00,start,migration,0.00,,,,2478,2025-03-18,1,5659.25,5600.00,5616.00,5626.00,5604.00,day,1,5707.50,5632.75,5654.00,5676.00,5638.00,in_value
2025-03-19,2.00,start,migration,0.00,,,,2479,2025-03-19,1,5770.50,5675.75,5706.00,5728.00,5682.00,day,1,5710.50,5651.25,5667.25,5677.25,5655.25,above_value
2025-03-20,2.00,added,,0.70,0.34,False,0.60,2479,2025-03-19,2,5770.50,5675.75,5706.00,5736.00,5690.00,day,1,5770.50,5675.75,5706.00,5728.00,5682.00,in_value
2025-03-21,2.00,added,,0.52,0.46,False,0.87,2479,2025-03-19,3,5770.50,5652.25,5706.00,5736.00,5682.00,composite,2,5770.50,5675.75,5706.00,5736.00,5690.00,below_range
2025-03-24,2.00,start,migration,0.00,,,,2480,2025-03-24,1,5825.50,5776.00,5806.00,5816.00,5798.00,composite,3,5770.50,5652.25,5706.00,5736.00,5682.00,above_range
2025-03-25,2.00,start,migration,0.33,,,,2481,2025-03-25,1,5837.25,5809.50,5818.00,5828.00,5810.00,day,1,5825.50,5776.00,5806.00,5816.00,5798.00,above_range
2025-03-26,2.00,start,migration,0.00,,,,2482,2025-03-26,1,5834.50,5743.00,5764.00,5798.00,5743.00,day,1,5837.25,5809.50,5818.00,5828.00,5810.00,in_value
2025-03-27,2.00,added,,0.90,0.28,False,0.82,2482,2025-03-26,2,5834.50,5720.00,5752.00,5774.00,5736.00,day,1,5834.50,5743.00,5764.00,5798.00,5743.00,below_range
2025-03-28,2.00,start,migration,0.00,,,,2483,2025-03-28,1,5731.25,5617.25,5630.00,5668.00,5618.00,composite,2,5834.50,5720.00,5752.00,5774.00,5736.00,below_value
2025-03-31,2.00,start,migration,0.10,,,,2484,2025-03-31,1,5672.75,5533.75,5600.00,5626.00,5548.00,day,1,5731.25,5617.25,5630.00,5668.00,5618.00,below_range
2025-04-01,2.00,start,migration,0.00,,,,2485,2025-04-01,1,5694.75,5600.25,5640.00,5674.00,5628.00,day,1,5672.75,5533.75,5600.00,5626.00,5548.00,above_value
2025-04-02,2.00,start,migration,0.04,,,,2486,2025-04-02,1,5739.25,5610.75,5696.00,5722.00,5672.00,day,1,5694.75,5600.25,5640.00,5674.00,5628.00,below_value
2025-04-03,2.00,start,migration,0.00,,,,2487,2025-04-03,1,5540.50,5428.50,5478.00,5508.00,5462.00,day,1,5739.25,5610.75,5696.00,5722.00,5672.00,below_range
2025-04-04,2.00,start,migration,0.00,,,,2488,2025-04-04,1,5314.50,5103.00,5172.00,5234.00,5132.00,day,1,5540.50,5428.50,5478.00,5508.00,5462.00,below_range
2025-04-07,2.00,start,migration,0.00,,,,2489,2025-04-07,1,5286.50,4867.00,5076.00,5126.00,4996.00,day,1,5314.50,5103.00,5172.00,5234.00,5132.00,below_range
2025-04-08,2.00,start,migration,0.42,,,,2490,2025-04-08,1,5305.25,4940.50,5122.00,5248.00,5038.00,day,1,5286.50,4867.00,5076.00,5126.00,4996.00,above_value
2025-04-09,2.00,skipped_daytype,,0.54,,,,2490,2025-04-08,1,5305.25,4940.50,5122.00,5248.00,5038.00,day,1,5305.25,4940.50,5122.00,5248.00,5038.00,below_value
2025-04-10,2.00,start,migration,0.12,,,,2491,2025-04-10,1,5389.00,5146.75,5290.00,5348.00,5234.00,day,1,5520.00,4980.00,5046.00,5368.00,4980.00,above_value
2025-04-11,2.00,added,,0.79,0.53,False,0.77,2491,2025-04-10,2,5418.25,5146.75,5290.00,5360.00,5238.00,day,1,5389.00,5146.75,5290.00,5348.00,5234.00,in_value
2025-04-14,2.00,start,migration,0.00,,,,2492,2025-04-14,1,5496.50,5391.00,5448.00,5486.00,5428.00,composite,2,5418.25,5146.75,5290.00,5360.00,5238.00,above_range
2025-04-15,2.00,added,,1.00,0.51,False,0.85,2492,2025-04-14,2,5496.50,5391.00,5444.00,5470.00,5424.00,day,1,5496.50,5391.00,5448.00,5486.00,5428.00,in_value
2025-04-16,2.00,start,migration,0.00,,,,2493,2025-04-16,1,5401.00,5251.00,5362.00,5400.00,5302.00,composite,2,5496.50,5391.00,5444.00,5470.00,5424.00,below_range
2025-04-17,2.00,added,,1.00,0.55,False,0.90,2493,2025-04-16,2,5401.00,5251.00,5332.00,5366.00,5296.00,day,1,5401.00,5251.00,5362.00,5400.00,5302.00,in_value
2025-04-21,2.00,start,migration,0.00,,,,2494,2025-04-21,1,5262.50,5127.25,5154.00,5192.00,5130.00,composite,2,5401.00,5251.00,5332.00,5366.00,5296.00,below_value
2025-04-22,2.00,start,migration,0.00,,,,2495,2025-04-22,1,5339.25,5236.00,5290.00,5320.00,5270.00,day,1,5262.50,5127.25,5154.00,5192.00,5130.00,above_value
2025-04-23,2.00,start,migration,0.00,,,,2496,2025-04-23,1,5499.75,5383.75,5416.00,5454.00,5384.00,day,1,5339.25,5236.00,5290.00,5320.00,5270.00,above_range
2025-04-24,2.00,start,migration,0.00,,,,2497,2025-04-24,1,5520.00,5398.50,5500.00,5514.00,5460.00,day,1,5499.75,5383.75,5416.00,5454.00,5384.00,in_value
2025-04-25,2.00,start,migration,0.30,,,,2498,2025-04-25,1,5554.50,5480.25,5512.00,5546.00,5500.00,day,1,5520.00,5398.50,5500.00,5514.00,5460.00,in_value
2025-04-28,2.00,added,,0.60,0.37,False,0.53,2498,2025-04-25,2,5578.75,5480.25,5516.00,5550.00,5500.00,day,1,5554.50,5480.25,5512.00,5546.00,5500.00,above_range
2025-04-29,2.00,start,migration,0.32,,,,2499,2025-04-29,1,5597.25,5527.75,5558.00,5576.00,5538.00,composite,2,5578.75,5480.25,5516.00,5550.00,5500.00,in_value
2025-04-30,2.00,start,migration,0.30,,,,2500,2025-04-30,1,5606.75,5455.50,5538.00,5560.00,5486.00,day,1,5597.25,5527.75,5558.00,5576.00,5538.00,below_range
2025-05-01,2.00,start,migration,0.00,,,,2501,2025-05-01,1,5682.50,5618.75,5650.00,5664.00,5634.00,day,1,5606.75,5455.50,5538.00,5560.00,5486.00,above_range
2025-05-02,2.00,start,migration,0.00,,,,2502,2025-05-02,1,5724.75,5663.00,5712.00,5722.00,5692.00,day,1,5682.50,5618.75,5650.00,5664.00,5634.00,above_range
2025-05-05,2.00,start,migration,0.31,,,,2503,2025-05-05,1,5706.25,5655.25,5690.00,5700.00,5674.00,day,1,5724.75,5663.00,5712.00,5722.00,5692.00,below_value
2025-05-06,2.00,start,migration,0.00,,,,2504,2025-05-06,1,5671.75,5607.00,5642.00,5652.00,5626.00,day,1,5706.25,5655.25,5690.00,5700.00,5674.00,below_range
2025-05-07,2.00,added,,0.87,0.54,False,0.78,2504,2025-05-06,2,5675.00,5596.00,5638.00,5652.00,5622.00,day,1,5671.75,5607.00,5642.00,5652.00,5626.00,in_value
2025-05-08,2.00,start,migration,0.00,,,,2505,2025-05-08,1,5741.00,5653.00,5724.00,5734.00,5680.00,composite,2,5675.00,5596.00,5638.00,5652.00,5622.00,above_range
2025-05-09,2.00,added,,0.55,0.34,False,0.73,2505,2025-05-08,2,5741.00,5653.00,5682.00,5712.00,5662.00,day,1,5741.00,5653.00,5724.00,5734.00,5680.00,in_value
2025-05-12,2.00,start,migration,0.00,,,,2506,2025-05-12,1,5866.25,5805.75,5828.00,5854.00,5816.00,composite,2,5741.00,5653.00,5682.00,5712.00,5662.00,above_range
2025-05-13,2.00,start,migration,0.00,,,,2507,2025-05-13,1,5927.00,5863.50,5914.00,5924.00,5902.00,day,1,5866.25,5805.75,5828.00,5854.00,5816.00,above_range
2025-05-14,2.00,skipped_shape,,0.78,0.77,False,0.71,2507,2025-05-13,1,5927.00,5863.50,5914.00,5924.00,5902.00,day,1,5927.00,5863.50,5914.00,5924.00,5902.00,in_value
2025-05-15,2.00,start,migration,0.41,,,,2508,2025-05-15,1,5944.50,5884.50,5922.00,5944.00,5910.00,day,1,5925.00,5890.00,5906.00,5916.00,5898.00,below_range
2025-05-16,2.00,start,migration,0.35,,,,2509,2025-05-16,1,5977.50,5924.75,5940.00,5966.00,5932.00,day,1,5944.50,5884.50,5922.00,5944.00,5910.00,above_value
2025-05-19,2.00,start,migration,0.47,,,,2510,2025-05-19,1,5987.50,5912.25,5966.00,5984.00,5950.00,day,1,5977.50,5924.75,5940.00,5966.00,5932.00,below_range
2025-05-20,2.00,added,,1.00,0.65,False,0.78,2510,2025-05-19,2,5987.50,5912.25,5960.00,5978.00,5948.00,day,1,5987.50,5912.25,5966.00,5984.00,5950.00,in_value
2025-05-21,2.00,start,migration,0.00,,,,2511,2025-05-21,1,5956.25,5847.75,5874.00,5932.00,5847.75,composite,2,5987.50,5912.25,5960.00,5978.00,5948.00,below_value
2025-05-22,2.00,added,,1.00,0.27,False,1.00,2511,2025-05-21,2,5956.25,5842.75,5872.00,5898.00,5848.00,day,1,5956.25,5847.75,5874.00,5932.00,5847.75,in_value
2025-05-23,2.00,start,migration,0.00,,,,2512,2025-05-23,1,5843.75,5780.50,5810.00,5832.00,5798.00,composite,2,5956.25,5842.75,5872.00,5898.00,5848.00,below_range
2025-05-27,2.00,start,migration,0.00,,,,2513,2025-05-27,1,5938.75,5868.25,5930.00,5938.75,5906.00,day,1,5843.75,5780.50,5810.00,5832.00,5798.00,above_range
2025-05-28,2.00,added,,1.00,0.66,False,1.00,2513,2025-05-27,2,5952.50,5868.25,5924.00,5938.00,5912.00,day,1,5938.75,5868.25,5930.00,5938.75,5906.00,above_range
2025-05-29,2.00,added,,0.73,0.59,False,0.78,2513,2025-05-27,3,5956.25,5868.25,5920.00,5934.00,5904.00,composite,2,5952.50,5868.25,5924.00,5938.00,5912.00,above_range
2025-05-30,2.00,start,migration,0.38,,,,2514,2025-05-30,1,5932.75,5853.25,5906.00,5920.00,5878.00,composite,3,5956.25,5868.25,5920.00,5934.00,5904.00,in_value
2025-06-02,2.00,added,,0.84,0.56,False,0.69,2514,2025-05-30,2,5949.00,5853.25,5906.00,5924.00,5882.00,day,1,5932.75,5853.25,5906.00,5920.00,5878.00,in_value
2025-06-03,2.00,start,migration,0.00,,,,2515,2025-06-03,1,5991.25,5938.25,5982.00,5991.25,5962.00,composite,2,5949.00,5853.25,5906.00,5924.00,5882.00,above_value
2025-06-04,2.00,added,,0.52,0.73,False,0.71,2515,2025-06-03,2,5999.00,5938.25,5982.00,5996.00,5974.00,day,1,5991.25,5938.25,5982.00,5991.25,5962.00,in_value
2025-06-05,2.00,added,,0.52,0.74,False,0.39,2515,2025-06-03,3,6009.00,5928.75,5988.00,5998.00,5964.00,composite,2,5999.00,5938.25,5982.00,5996.00,5974.00,in_value
2025-06-06,2.00,start,migration,0.00,,,,2516,2025-06-06,1,6025.00,5984.50,6004.00,6018.00,6000.00,composite,3,6009.00,5928.75,5988.00,5998.00,5964.00,above_value
2025-06-09,2.00,added,,0.56,0.57,False,0.71,2516,2025-06-06,2,6027.75,5984.50,6008.00,6022.00,6000.00,day,1,6025.00,5984.50,6004.00,6018.00,6000.00,in_value
2025-06-10,2.00,start,migration,0.18,,,,2517,2025-06-10,1,6049.50,6005.00,6026.00,6040.00,6018.00,composite,2,6027.75,5984.50,6008.00,6022.00,6000.00,in_value
2025-06-11,2.00,start,migration,0.35,,,,2518,2025-06-11,1,6064.75,6006.25,6048.00,6062.00,6028.00,day,1,6049.50,6005.00,6026.00,6040.00,6018.00,above_range
2025-06-12,2.00,added,,1.00,0.68,False,0.78,2518,2025-06-11,2,6064.75,6006.25,6046.00,6060.00,6030.00,day,1,6064.75,6006.25,6048.00,6062.00,6028.00,below_value
2025-06-13,2.00,start,migration,0.00,,,,2519,2025-06-13,1,6029.75,5965.25,6002.00,6024.00,5982.00,composite,2,6064.75,6006.25,6046.00,6060.00,6030.00,below_range
2025-06-16,2.00,start,migration,0.00,,,,2520,2025-06-16,1,6055.25,6013.50,6038.00,6048.00,6030.00,day,1,6029.75,5965.25,6002.00,6024.00,5982.00,in_value
2025-06-17,2.00,start,migration,0.00,,,,2521,2025-06-17,1,6027.00,5976.75,6014.00,6027.00,5994.00,day,1,6055.25,6013.50,6038.00,6048.00,6030.00,below_range
2025-06-18,2.00,added,,1.00,0.62,False,0.64,2521,2025-06-17,2,6080.75,6026.25,6060.00,6074.00,6040.00,day,1,6080.75,6030.50,6067.75,6080.75,6047.75,below_value
2025-06-20,2.00,start,migration,0.00,,,,2522,2025-06-20,1,6071.00,6003.25,6028.00,6034.00,6008.00,composite,2,6080.75,6026.25,6060.00,6074.00,6040.00,in_value
2025-06-23,2.00,start,migration,0.30,,,,2523,2025-06-23,1,6081.50,5993.25,6040.00,6066.00,6020.00,day,1,6071.00,6003.25,6028.00,6034.00,6008.00,in_value
2025-06-24,2.00,start,migration,0.00,,,,2524,2025-06-24,1,6155.25,6109.00,6146.00,6152.00,6126.00,day,1,6081.50,5993.25,6040.00,6066.00,6020.00,above_range
2025-06-25,2.00,added,,1.00,0.72,False,0.71,2524,2025-06-24,2,6160.25,6109.00,6146.00,6156.00,6134.00,day,1,6155.25,6109.00,6146.00,6152.00,6126.00,above_value
2025-06-26,2.00,start,migration,0.00,,,,2525,2025-06-26,1,6200.00,6159.25,6182.00,6196.00,6174.00,composite,2,6160.25,6109.00,6146.00,6156.00,6134.00,above_range
2025-06-27,2.00,start,migration,0.00,,,,2526,2025-06-27,1,6239.00,6183.25,6226.00,6236.00,6202.00,day,1,6200.00,6159.25,6182.00,6196.00,6174.00,above_range
2025-06-30,2.00,start,migration,0.43,,,,2527,2025-06-30,1,6265.50,6224.25,6238.00,6244.00,6230.00,day,1,6239.00,6183.25,6226.00,6236.00,6202.00,above_range
2025-07-01,2.00,start,migration,0.33,,,,2528,2025-07-01,1,6261.50,6227.50,6246.00,6256.00,6238.00,day,1,6265.50,6224.25,6238.00,6244.00,6230.00,in_value
2025-07-02,2.00,start,migration,0.00,,,,2529,2025-07-02,1,6276.50,6238.25,6264.00,6274.00,6256.00,day,1,6261.50,6227.50,6246.00,6256.00,6238.00,in_value
2025-07-03,2.00,start,migration,0.00,,,,2530,2025-07-03,1,6333.25,6292.75,6324.00,6333.25,6312.00,day,1,6276.50,6238.25,6264.00,6274.00,6256.00,above_range
2025-07-07,2.00,start,migration,0.00,,,,2531,2025-07-07,1,6309.75,6246.25,6270.00,6292.00,6258.00,day,1,6333.25,6292.75,6324.00,6333.25,6312.00,below_value
2025-07-08,2.00,added,,1.00,0.42,False,0.71,2531,2025-07-07,2,6309.75,6246.25,6272.00,6282.00,6260.00,day,1,6309.75,6246.25,6270.00,6292.00,6258.00,in_value
2025-07-09,2.00,start,migration,0.00,,,,2532,2025-07-09,1,6315.25,6276.00,6290.00,6304.00,6282.00,composite,2,6309.75,6246.25,6272.00,6282.00,6260.00,above_value
2025-07-10,2.00,start,migration,0.00,,,,2533,2025-07-10,1,6335.50,6296.00,6320.00,6334.00,6312.00,day,1,6315.25,6276.00,6290.00,6304.00,6282.00,above_value
2025-07-11,2.00,start,migration,0.00,,,,2534,2025-07-11,1,6312.75,6278.50,6304.00,6310.00,6296.00,day,1,6335.50,6296.00,6320.00,6334.00,6312.00,below_range
2025-07-14,2.00,skipped_shape,,0.67,0.76,False,0.43,2534,2025-07-11,1,6312.75,6278.50,6304.00,6310.00,6296.00,day,1,6312.75,6278.50,6304.00,6310.00,6296.00,below_value
2025-07-15,2.00,added,,0.64,0.45,False,0.43,2534,2025-07-11,2,6341.75,6278.50,6306.00,6312.00,6294.00,day,1,6315.00,6280.50,6306.00,6315.00,6294.00,above_range
2025-07-16,2.00,start,migration,0.27,,,,2535,2025-07-16,1,6308.75,6241.00,6280.00,6302.00,6272.00,composite,2,6341.75,6278.50,6306.00,6312.00,6294.00,in_value
2025-07-17,2.00,start,migration,0.00,,,,2536,2025-07-17,1,6345.50,6302.00,6328.00,6345.50,6320.00,day,1,6308.75,6241.00,6280.00,6302.00,6272.00,above_value
2025-07-18,2.00,added,,1.00,0.56,False,0.71,2536,2025-07-17,2,6353.50,6302.00,6330.00,6344.00,6322.00,day,1,6345.50,6302.00,6328.00,6345.50,6320.00,above_range
2025-07-21,2.00,start,migration,0.00,,,,2537,2025-07-21,1,6374.00,6341.00,6370.00,6374.00,6358.00,composite,2,6353.50,6302.00,6330.00,6344.00,6322.00,above_value
2025-07-22,2.00,start,migration,0.00,,,,2538,2025-07-22,1,6353.75,6318.75,6334.00,6348.00,6326.00,day,1,6374.00,6341.00,6370.00,6374.00,6358.00,below_value
2025-07-23,2.00,start,migration,0.00,,,,2539,2025-07-23,1,6399.25,6353.50,6374.00,6392.00,6362.00,day,1,6353.75,6318.75,6334.00,6348.00,6326.00,above_range
2025-07-24,2.00,start,migration,0.00,,,,2540,2025-07-24,1,6418.25,6396.25,6408.00,6414.00,6400.00,day,1,6399.25,6353.50,6374.00,6392.00,6362.00,above_range
2025-07-25,2.00,start,migration,0.10,,,,2541,2025-07-25,1,6431.00,6402.50,6424.00,6431.00,6412.00,day,1,6418.25,6396.25,6408.00,6414.00,6400.00,in_value
2025-07-28,2.00,added,,1.00,0.68,False,0.43,2541,2025-07-25,2,6434.25,6402.50,6424.00,6430.00,6412.00,day,1,6431.00,6402.50,6424.00,6431.00,6412.00,in_value
2025-07-29,2.00,start,migration,0.46,,,,2542,2025-07-29,1,6440.00,6396.25,6408.00,6422.00,6400.00,composite,2,6434.25,6402.50,6424.00,6430.00,6412.00,above_range
2025-07-30,2.00,added,,0.58,0.65,False,1.00,2542,2025-07-29,2,6440.00,6366.75,6414.00,6428.00,6402.00,day,1,6440.00,6396.25,6408.00,6422.00,6400.00,in_value
2025-07-31,2.00,start,migration,0.48,,,,2543,2025-07-31,1,6451.00,6358.25,6426.00,6444.00,6390.00,composite,2,6440.00,6366.75,6414.00,6428.00,6402.00,above_range
2025-08-01,2.00,start,migration,0.00,,,,2544,2025-08-01,1,6311.50,6239.50,6264.00,6286.00,6252.00,day,1,6451.00,6358.25,6426.00,6444.00,6390.00,below_range
2025-08-04,2.00,start,migration,0.00,,,,2545,2025-08-04,1,6358.50,6302.00,6342.00,6352.00,6334.00,day,1,6311.50,6239.50,6264.00,6286.00,6252.00,above_value
2025-08-05,2.00,start,migration,0.46,,,,2546,2025-08-05,1,6371.75,6315.50,6332.00,6346.00,6320.00,day,1,6358.50,6302.00,6342.00,6352.00,6334.00,above_range
2025-08-06,2.00,start,migration,0.00,,,,2547,2025-08-06,1,6379.50,6325.75,6370.00,6379.50,6346.00,day,1,6371.75,6315.50,6332.00,6346.00,6320.00,in_value
2025-08-07,2.00,added,,0.79,0.49,False,0.39,2547,2025-08-06,2,6414.50,6325.75,6368.00,6378.00,6344.00,day,1,6379.50,6325.75,6370.00,6379.50,6346.00,above_range
2025-08-08,2.00,start,migration,0.00,,,,2548,2025-08-08,1,6419.00,6379.75,6406.00,6416.00,6398.00,composite,2,6414.50,6325.75,6368.00,6378.00,6344.00,above_value
2025-08-11,2.00,added,,0.78,0.61,False,1.00,2548,2025-08-08,2,6431.50,6379.75,6410.00,6420.00,6402.00,day,1,6419.00,6379.75,6406.00,6416.00,6398.00,above_value
2025-08-12,2.00,start,migration,0.00,,,,2549,2025-08-12,1,6470.00,6408.50,6460.00,6466.00,6428.00,composite,2,6431.50,6379.75,6410.00,6420.00,6402.00,above_value
2025-08-13,2.00,start,migration,0.00,,,,2550,2025-08-13,1,6502.50,6466.75,6478.00,6488.00,6470.00,day,1,6470.00,6408.50,6460.00,6466.00,6428.00,above_range
2025-08-14,2.00,added,,0.89,0.45,False,1.00,2550,2025-08-13,2,6502.50,6462.75,6480.00,6490.00,6472.00,day,1,6502.50,6466.75,6478.00,6488.00,6470.00,below_value
2025-08-15,2.00,added,,0.71,0.43,False,1.00,2550,2025-08-13,3,6502.50,6461.50,6478.00,6488.00,6470.00,composite,2,6502.50,6462.75,6480.00,6490.00,6472.00,above_value
2025-08-18,2.00,start,migration,0.20,,,,2551,2025-08-18,1,6475.25,6457.25,6466.00,6472.00,6462.00,composite,3,6502.50,6461.50,6478.00,6488.00,6470.00,below_value
2025-08-19,2.00,start,migration,0.00,,,,2552,2025-08-19,1,6476.25,6419.25,6426.00,6456.00,6419.25,day,1,6475.25,6457.25,6466.00,6472.00,6462.00,in_value
2025-08-20,2.00,start,migration,0.00,,,,2553,2025-08-20,1,6430.75,6362.75,6396.00,6414.00,6384.00,day,1,6476.25,6419.25,6426.00,6456.00,6419.25,in_value
2025-08-21,2.00,added,,0.73,0.44,False,0.78,2553,2025-08-20,2,6430.75,6362.75,6392.00,6410.00,6380.00,day,1,6430.75,6362.75,6396.00,6414.00,6384.00,in_value
2025-08-22,2.00,start,migration,0.00,,,,2554,2025-08-22,1,6496.25,6402.50,6484.00,6496.25,6464.00,composite,2,6430.75,6362.75,6392.00,6410.00,6380.00,in_value
2025-08-25,2.00,skipped_shape,,1.00,0.78,False,0.56,2554,2025-08-22,1,6496.25,6402.50,6484.00,6496.25,6464.00,day,1,6496.25,6402.50,6484.00,6496.25,6464.00,in_value
2025-08-26,2.00,start,migration,0.22,,,,2555,2025-08-26,1,6485.00,6444.50,6458.00,6468.00,6450.00,day,1,6482.75,6453.25,6468.00,6482.00,6468.00,below_range
2025-08-27,2.00,start,migration,0.00,,,,2556,2025-08-27,1,6502.50,6472.75,6492.00,6498.00,6484.00,day,1,6485.00,6444.50,6458.00,6468.00,6450.00,above_value
2025-08-28,2.00,start,migration,0.46,,,,2557,2025-08-28,1,6523.00,6480.75,6502.00,6512.00,6486.00,day,1,6502.50,6472.75,6492.00,6498.00,6484.00,above_value
2025-08-29,2.00,start,migration,0.00,,,,2558,2025-08-29,1,6502.75,6455.50,6468.00,6474.00,6460.00,day,1,6523.00,6480.75,6502.00,6512.00,6486.00,in_value
2025-09-02,2.00,start,migration,0.00,,,,2559,2025-09-02,1,6427.75,6371.75,6398.00,6420.00,6390.00,day,1,6502.75,6455.50,6468.00,6474.00,6460.00,below_range
2025-09-03,2.00,start,migration,0.00,,,,2560,2025-09-03,1,6464.25,6426.50,6444.00,6454.00,6432.00,day,1,6427.75,6371.75,6398.00,6420.00,6390.00,above_range
2025-09-04,2.00,start,migration,0.00,,,,2561,2025-09-04,1,6512.75,6456.25,6486.00,6496.00,6462.00,day,1,6464.25,6426.50,6444.00,6454.00,6432.00,above_range
2025-09-05,2.00,added,,1.00,0.30,False,1.00,2561,2025-09-04,2,6541.75,6452.00,6478.00,6496.00,6462.00,day,1,6512.75,6456.25,6486.00,6496.00,6462.00,above_range
2025-09-08,2.00,start,migration,0.14,,,,2562,2025-09-08,1,6516.50,6490.25,6502.00,6508.00,6494.00,composite,2,6541.75,6452.00,6478.00,6496.00,6462.00,above_value
2025-09-09,2.00,start,migration,0.44,,,,2563,2025-09-09,1,6526.25,6489.25,6504.00,6518.00,6500.00,day,1,6516.50,6490.25,6502.00,6508.00,6494.00,in_value
2025-09-10,2.00,start,migration,0.00,,,,2564,2025-09-10,1,6562.25,6522.50,6542.00,6556.00,6530.00,day,1,6526.25,6489.25,6504.00,6518.00,6500.00,above_range
2025-09-11,2.00,start,migration,0.00,,,,2565,2025-09-11,1,6600.00,6552.00,6590.00,6596.00,6578.00,day,1,6562.25,6522.50,6542.00,6556.00,6530.00,above_value
2025-09-12,2.00,added,,0.71,0.73,False,0.60,2565,2025-09-11,2,6606.00,6552.00,6592.00,6598.00,6584.00,day,1,6600.00,6552.00,6590.00,6596.00,6578.00,in_value
2025-09-15,2.00,start,migration,0.00,,,,2566,2025-09-15,1,6623.50,6605.50,6614.00,6620.00,6610.00,composite,2,6606.00,6552.00,6592.00,6598.00,6584.00,above_range
2025-09-16,2.00,added,,0.80,0.32,False,1.00,2566,2025-09-15,2,6630.25,6604.25,6612.00,6618.00,6608.00,day,1,6623.50,6605.50,6614.00,6620.00,6610.00,above_range
2025-09-17,2.00,start,migration,0.39,,,,2567,2025-09-17,1,6686.50,6611.00,6658.00,6676.00,6650.00,composite,2,6687.25,6661.25,6669.00,6675.00,6665.00,in_value
2025-09-18,2.00,start,migration,0.00,,,,2568,2025-09-18,1,6718.00,6670.25,6694.00,6708.00,6690.00,day,1,6686.50,6611.00,6658.00,6676.00,6650.00,above_range
2025-09-19,2.00,added,,0.73,0.50,False,0.71,2568,2025-09-18,2,6731.50,6670.25,6700.00,6714.00,6692.00,day,1,6718.00,6670.25,6694.00,6708.00,6690.00,in_value
2025-09-22,2.00,start,migration,0.00,,,,2569,2025-09-22,1,6756.75,6705.75,6748.00,6756.75,6728.00,composite,2,6731.50,6670.25,6700.00,6714.00,6692.00,in_value
2025-09-23,2.00,start,migration,0.32,,,,2570,2025-09-23,1,6756.50,6701.75,6710.00,6740.00,6702.00,day,1,6756.75,6705.75,6748.00,6756.75,6728.00,in_value
2025-09-24,2.00,start,migration,0.27,,,,2571,2025-09-24,1,6728.50,6678.00,6688.00,6710.00,6680.00,day,1,6756.50,6701.75,6710.00,6740.00,6702.00,in_value
2025-09-25,2.00,start,migration,0.00,,,,2572,2025-09-25,1,6675.00,6624.25,6658.00,6672.00,6646.00,day,1,6728.50,6678.00,6688.00,6710.00,6680.00,below_range
2025-09-26,2.00,start,migration,0.00,,,,2573,2025-09-26,1,6703.75,6657.25,6692.00,6702.00,6672.00,day,1,6675.00,6624.25,6658.00,6672.00,6646.00,above_value
2025-09-29,2.00,start,migration,0.00,,,,2574,2025-09-29,1,6731.25,6696.25,6708.00,6722.00,6704.00,day,1,6703.75,6657.25,6692.00,6702.00,6672.00,above_range
2025-09-30,2.00,added,,0.55,0.33,False,0.71,2574,2025-09-29,2,6743.50,6693.00,6708.00,6718.00,6696.00,day,1,6731.25,6696.25,6708.00,6722.00,6704.00,in_value
2025-10-01,2.00,start,migration,0.17,,,,2575,2025-10-01,1,6769.50,6705.25,6742.00,6756.00,6710.00,composite,2,6743.50,6693.00,6708.00,6718.00,6696.00,in_value
2025-10-02,2.00,start,migration,0.22,,,,2576,2025-10-02,1,6780.25,6741.50,6756.00,6770.00,6752.00,day,1,6769.50,6705.25,6742.00,6756.00,6710.00,above_range
2025-10-03,2.00,start,migration,0.13,,,,2577,2025-10-03,1,6800.00,6754.00,6774.00,6796.00,6766.00,day,1,6780.25,6741.50,6756.00,6770.00,6752.00,above_value
2025-10-06,2.00,added,,0.90,0.73,False,0.56,2577,2025-10-03,2,6800.00,6754.00,6788.00,6798.00,6772.00,day,1,6800.00,6754.00,6774.00,6796.00,6766.00,in_value
2025-10-07,2.00,start,migration,0.00,,,,2578,2025-10-07,1,6801.75,6747.25,6758.00,6768.00,6747.25,composite,2,6800.00,6754.00,6788.00,6798.00,6772.00,in_value
2025-10-08,2.00,start,migration,0.00,,,,2579,2025-10-08,1,6803.25,6764.50,6796.00,6802.00,6788.00,day,1,6801.75,6747.25,6758.00,6768.00,6747.25,above_value
2025-10-09,2.00,start,migration,0.00,,,,2580,2025-10-09,1,6809.50,6760.75,6772.00,6786.00,6764.00,day,1,6803.25,6764.50,6796.00,6802.00,6788.00,above_range
2025-10-10,2.00,start,migration,0.00,,,,2581,2025-10-10,1,6806.50,6591.75,6658.00,6724.00,6602.00,day,1,6809.50,6760.75,6772.00,6786.00,6764.00,above_value
2025-10-13,2.00,added,,1.00,0.47,False,0.33,2581,2025-10-10,2,6806.50,6591.75,6692.00,6710.00,6640.00,day,1,6806.50,6591.75,6658.00,6724.00,6602.00,in_value
2025-10-14,2.00,added,,0.84,0.47,False,0.62,2581,2025-10-10,3,6806.50,6591.75,6692.00,6718.00,6652.00,composite,2,6806.50,6591.75,6692.00,6710.00,6640.00,below_value
2025-10-15,2.00,added,,0.55,0.49,False,0.56,2581,2025-10-10,4,6806.50,6591.75,6696.00,6722.00,6652.00,composite,3,6806.50,6591.75,6692.00,6718.00,6652.00,above_value
2025-10-16,2.00,added,,0.77,0.49,False,0.52,2581,2025-10-10,5,6806.50,6591.75,6696.00,6722.00,6648.00,composite,4,6806.50,6591.75,6696.00,6722.00,6652.00,above_value
2025-10-17,2.00,added,,1.00,0.46,False,0.79,2581,2025-10-10,6,6806.50,6591.75,6690.00,6720.00,6654.00,composite,5,6806.50,6591.75,6696.00,6722.00,6648.00,in_value
2025-10-20,2.00,start,migration,0.00,,,,2582,2025-10-20,1,6783.00,6733.00,6772.00,6782.00,6760.00,composite,6,6806.50,6591.75,6690.00,6720.00,6654.00,above_value
2025-10-21,2.00,skipped_shape,,0.71,0.78,False,1.00,2582,2025-10-20,1,6783.00,6733.00,6772.00,6782.00,6760.00,day,1,6783.00,6733.00,6772.00,6782.00,6760.00,in_value
2025-10-22,2.00,start,migration,0.08,,,,2583,2025-10-22,1,6779.25,6690.75,6734.00,6764.00,6714.00,day,1,6789.75,6759.25,6776.00,6786.00,6772.00,in_value
2025-10-23,2.00,skipped_shape,,0.60,0.76,False,0.65,2583,2025-10-22,1,6779.25,6690.75,6734.00,6764.00,6714.00,day,1,6779.25,6690.75,6734.00,6764.00,6714.00,in_value
2025-10-24,2.00,start,migration,0.00,,,,2584,2025-10-24,1,6841.25,6812.50,6834.00,6840.00,6826.00,day,1,6785.75,6736.00,6762.00,6776.00,6746.00,above_range
2025-10-27,2.00,start,migration,0.00,,,,2585,2025-10-27,1,6911.75,6877.00,6888.00,6898.00,6880.00,day,1,6841.25,6812.50,6834.00,6840.00,6826.00,above_range
2025-10-28,2.00,start,migration,0.00,,,,2586,2025-10-28,1,6944.75,6903.00,6916.00,6934.00,6908.00,day,1,6911.75,6877.00,6888.00,6898.00,6880.00,above_range
2025-10-29,2.00,skipped_shape,,0.59,0.76,False,0.39,2586,2025-10-28,1,6944.75,6903.00,6916.00,6934.00,6908.00,day,1,6944.75,6903.00,6916.00,6934.00,6908.00,above_value
2025-10-30,2.00,start,migration,0.12,,,,2587,2025-10-30,1,6913.75,6852.50,6898.00,6912.00,6878.00,day,1,6952.00,6882.25,6938.00,6948.00,6914.00,below_value
2025-10-31,2.00,added,,0.65,0.65,False,0.64,2587,2025-10-30,2,6913.75,6843.50,6888.00,6902.00,6868.00,day,1,6913.75,6852.50,6898.00,6912.00,6878.00,in_value
2025-11-03,2.00,added,,1.00,0.62,False,1.00,2587,2025-10-30,3,6913.75,6843.50,6886.00,6904.00,6870.00,composite,2,6913.75,6843.50,6888.00,6902.00,6868.00,above_value
2025-11-04,2.00,start,migration,0.00,,,,2588,2025-11-04,1,6849.25,6794.75,6810.00,6828.00,6794.75,composite,3,6913.75,6843.50,6886.00,6904.00,6870.00,below_range
2025-11-05,2.00,start,migration,0.18,,,,2589,2025-11-05,1,6857.75,6789.75,6850.00,6856.00,6822.00,day,1,6849.25,6794.75,6810.00,6828.00,6794.75,in_value
2025-11-06,2.00,start,migration,0.00,,,,2590,2025-11-06,1,6821.50,6733.50,6758.00,6780.00,6742.00,day,1,6857.75,6789.75,6850.00,6856.00,6822.00,below_value
2025-11-07,2.00,start,migration,0.00,,,,2591,2025-11-07,1,6755.50,6655.50,6698.00,6720.00,6662.00,day,1,6821.50,6733.50,6758.00,6780.00,6742.00,below_range
2025-11-10,2.00,start,migration,0.00,,,,2592,2025-11-10,1,6865.75,6792.75,6828.00,6850.00,6804.00,day,1,6755.50,6655.50,6698.00,6720.00,6662.00,above_range
2025-11-11,2.00,start,migration,0.49,,,,2593,2025-11-11,1,6879.75,6830.50,6840.00,6870.00,6830.50,day,1,6865.75,6792.75,6828.00,6850.00,6804.00,in_value
2025-11-12,2.00,start,migration,0.33,,,,2594,2025-11-12,1,6892.75,6852.00,6872.00,6882.00,6864.00,day,1,6879.75,6830.50,6840.00,6870.00,6830.50,above_range
2025-11-13,2.00,start,migration,0.00,,,,2595,2025-11-13,1,6850.50,6746.00,6798.00,6812.00,6750.00,day,1,6892.75,6852.00,6872.00,6882.00,6864.00,below_range
2025-11-14,2.00,skipped_daytype,,0.92,,,,2595,2025-11-13,1,6850.50,6746.00,6798.00,6812.00,6750.00,day,1,6850.50,6746.00,6798.00,6812.00,6750.00,below_range
2025-11-17,2.00,start,migration,0.38,,,,2596,2025-11-17,1,6774.75,6658.50,6742.00,6774.75,6710.00,day,1,6795.50,6670.50,6774.00,6795.50,6746.00,below_value
2025-11-18,2.00,start,migration,0.00,,,,2597,2025-11-18,1,6687.50,6594.00,6636.00,6674.00,6620.00,day,1,6774.75,6658.50,6742.00,6774.75,6710.00,below_range
2025-11-19,2.00,added,,1.00,0.51,False,0.85,2597,2025-11-18,2,6709.00,6594.00,6652.00,6678.00,6632.00,day,1,6687.50,6594.00,6636.00,6674.00,6620.00,in_value
2025-11-20,2.00,start,migration,0.38,,,,2598,2025-11-20,1,6791.25,6552.50,6608.00,6678.00,6556.00,composite,2,6709.00,6594.00,6652.00,6678.00,6632.00,above_range
2025-11-21,2.00,added,,1.00,0.36,False,0.46,2598,2025-11-20,2,6791.25,6539.00,6628.00,6658.00,6564.00,day,1,6791.25,6552.50,6608.00,6678.00,6556.00,in_value
2025-11-24,2.00,start,migration,0.00,,,,2599,2025-11-24,1,6731.75,6646.75,6714.00,6731.75,6690.00,composite,2,6791.25,6539.00,6628.00,6658.00,6564.00,in_value
2025-11-25,2.00,start,migration,0.24,,,,2600,2025-11-25,1,6792.50,6674.50,6768.00,6782.00,6716.00,day,1,6731.75,6646.75,6714.00,6731.75,6690.00,in_value
2025-11-26,2.00,start,migration,0.00,,,,2601,2025-11-26,1,6846.75,6795.75,6838.00,6846.75,6822.00,day,1,6792.50,6674.50,6768.00,6782.00,6716.00,above_range
2025-11-28,2.00,start,migration,0.38,,,,2602,2025-11-28,1,6863.75,6831.25,6844.00,6858.00,6840.00,day,1,6846.75,6795.75,6838.00,6846.75,6822.00,in_value
2025-12-01,2.00,start,migration,0.39,,,,2603,2025-12-01,1,6855.75,6812.75,6832.00,6850.00,6824.00,day,1,6863.75,6831.25,6844.00,6858.00,6840.00,below_range
2025-12-02,2.00,added,,0.91,0.52,False,0.71,2603,2025-12-01,2,6863.50,6812.75,6838.00,6852.00,6830.00,day,1,6855.75,6812.75,6832.00,6850.00,6824.00,in_value
2025-12-03,2.00,start,migration,0.40,,,,2604,2025-12-03,1,6873.25,6820.25,6864.00,6870.00,6840.00,composite,2,6863.50,6812.75,6838.00,6852.00,6830.00,below_value
2025-12-04,2.00,added,,1.00,0.67,False,1.00,2604,2025-12-03,2,6876.75,6820.25,6858.00,6872.00,6846.00,day,1,6873.25,6820.25,6864.00,6870.00,6840.00,above_range
2025-12-05,2.00,start,migration,0.00,,,,2605,2025-12-05,1,6905.00,6866.50,6882.00,6892.00,6874.00,composite,2,6876.75,6820.25,6858.00,6872.00,6846.00,above_value
2025-12-08,2.00,start,migration,0.00,,,,2606,2025-12-08,1,6886.25,6835.25,6848.00,6862.00,6840.00,day,1,6905.00,6866.50,6882.00,6892.00,6874.00,in_value
2025-12-09,2.00,added,,0.71,0.43,False,0.71,2606,2025-12-08,2,6886.25,6835.25,6856.00,6866.00,6844.00,day,1,6886.25,6835.25,6848.00,6862.00,6840.00,in_value
2025-12-10,2.00,added,,0.58,0.26,False,0.56,2606,2025-12-08,3,6908.00,6830.75,6850.00,6868.00,6842.00,composite,2,6886.25,6835.25,6856.00,6866.00,6844.00,below_value
2025-12-11,2.00,start,migration,0.29,,,,2607,2025-12-11,1,6909.25,6838.00,6872.00,6898.00,6856.00,composite,3,6908.00,6830.75,6850.00,6868.00,6842.00,in_value
2025-12-12,2.00,start,migration,0.00,,,,2608,2025-12-12,1,6903.00,6805.00,6838.00,6852.00,6814.00,day,1,6909.25,6838.00,6872.00,6898.00,6856.00,in_value
2025-12-15,2.00,skipped_shape,,0.77,0.23,False,1.00,2608,2025-12-12,1,6903.00,6805.00,6838.00,6852.00,6814.00,day,1,6903.00,6805.00,6838.00,6852.00,6814.00,above_value
2025-12-16,2.00,start,migration,0.00,,,,2609,2025-12-16,1,6823.75,6762.00,6790.00,6808.00,6778.00,day,1,6871.75,6806.25,6824.00,6834.00,6808.00,below_range
2025-12-17,2.00,start,migration,0.00,,,,2610,2025-12-17,1,6871.25,6775.50,6796.00,6822.00,6780.00,day,1,6878.75,6817.00,6845.00,6863.00,6833.00,above_value
2025-12-18,2.00,start,migration,0.00,,,,2611,2025-12-18,1,6872.00,6811.75,6842.00,6856.00,6822.00,day,1,6871.25,6775.50,6796.00,6822.00,6780.00,above_value
2025-12-19,2.00,start,migration,0.00,,,,2612,2025-12-19,1,6893.75,6845.75,6886.00,6892.00,6874.00,day,1,6872.00,6811.75,6842.00,6856.00,6822.00,in_value
2025-12-22,2.00,start,migration,0.00,,,,2613,2025-12-22,1,6936.25,6908.50,6928.00,6934.00,6920.00,day,1,6893.75,6845.75,6886.00,6892.00,6874.00,above_range
2025-12-23,2.00,start,migration,0.00,,,,2614,2025-12-23,1,6963.75,6918.75,6958.00,6963.75,6934.00,day,1,6936.25,6908.50,6928.00,6934.00,6920.00,below_value
2025-12-24,2.00,start,migration,0.00,,,,2615,2025-12-24,1,6988.00,6957.25,6980.00,6986.00,6968.00,day,1,6963.75,6918.75,6958.00,6963.75,6934.00,in_value
2025-12-26,2.00,added,,1.00,0.57,False,0.60,2615,2025-12-24,2,6994.00,6957.25,6978.00,6984.00,6970.00,day,1,6988.00,6957.25,6980.00,6986.00,6968.00,in_value
2025-12-29,2.00,start,migration,0.00,,,,2616,2025-12-29,1,6967.75,6936.00,6950.00,6956.00,6942.00,composite,2,6994.00,6957.25,6978.00,6984.00,6970.00,below_range
2025-12-30,2.00,added,,1.00,0.47,False,0.60,2616,2025-12-29,2,6967.75,6936.00,6950.00,6956.00,6942.00,day,1,6967.75,6936.00,6950.00,6956.00,6942.00,in_value
2025-12-31,2.00,start,migration,0.00,,,,2617,2025-12-31,1,6947.50,6890.25,6924.00,6934.00,6912.00,composite,2,6967.75,6936.00,6950.00,6956.00,6942.00,in_value
2026-01-02,2.00,start,migration,0.00,,,,2618,2026-01-02,1,6939.75,6866.75,6892.00,6906.00,6872.00,day,1,6947.50,6890.25,6924.00,6934.00,6912.00,in_value
2026-01-05,2.00,start,migration,0.00,,,,2619,2026-01-05,1,6963.50,6932.75,6950.00,6956.00,6942.00,day,1,6939.75,6866.75,6892.00,6906.00,6872.00,above_value
2026-01-06,2.00,start,migration,0.08,,,,2620,2026-01-06,1,6991.50,6945.50,6974.00,6980.00,6954.00,day,1,6963.50,6932.75,6950.00,6956.00,6942.00,in_value
2026-01-07,2.00,start,migration,0.00,,,,2621,2026-01-07,1,7006.75,6959.25,6988.00,7002.00,6980.00,day,1,6991.50,6945.50,6974.00,6980.00,6954.00,above_value
2026-01-08,2.00,start,migration,0.00,,,,2622,2026-01-08,1,6972.50,6940.00,6958.00,6968.00,6954.00,day,1,7006.75,6959.25,6988.00,7002.00,6980.00,below_range
2026-01-09,2.00,start,migration,0.00,,,,2623,2026-01-09,1,7017.50,6955.75,7004.00,7014.00,6980.00,day,1,6972.50,6940.00,6958.00,6968.00,6954.00,above_value
2026-01-12,2.00,added,,0.69,0.71,False,0.64,2623,2026-01-09,2,7025.25,6955.75,7004.00,7018.00,6984.00,day,1,7017.50,6955.75,7004.00,7014.00,6980.00,below_value
2026-01-13,2.00,added,,1.00,0.54,False,0.39,2623,2026-01-09,3,7025.25,6955.75,6992.00,7018.00,6984.00,composite,2,7025.25,6955.75,7004.00,7018.00,6984.00,above_value
2026-01-14,2.00,start,migration,0.00,,,,2624,2026-01-14,1,6979.75,6923.25,6948.00,6958.00,6928.00,composite,3,7025.25,6955.75,6992.00,7018.00,6984.00,below_value
2026-01-15,2.00,start,migration,0.00,,,,2625,2026-01-15,1,7017.25,6974.75,7008.00,7014.00,6992.00,day,1,6979.75,6923.25,6948.00,6958.00,6928.00,above_range
2026-01-16,2.00,start,migration,0.11,,,,2626,2026-01-16,1,7002.25,6960.50,6984.00,6994.00,6976.00,day,1,7017.25,6974.75,7008.00,7014.00,6992.00,in_value
2026-01-20,2.00,start,migration,0.00,,,,2627,2026-01-20,1,6904.75,6822.25,6886.00,6904.00,6854.00,day,1,7002.25,6960.50,6984.00,6994.00,6976.00,below_range
2026-01-21,2.00,added,,0.86,0.52,False,0.43,2627,2026-01-20,2,6945.25,6822.25,6886.00,6904.00,6846.00,day,1,6904.75,6822.25,6886.00,6904.00,6854.00,below_value
2026-01-22,2.00,start,migration,0.00,,,,2628,2026-01-22,1,6969.00,6925.50,6958.00,6964.00,6938.00,composite,2,6945.25,6822.25,6886.00,6904.00,6846.00,above_range
2026-01-23,2.00,added,,0.91,0.50,False,0.71,2628,2026-01-22,2,6969.00,6925.00,6946.00,6960.00,6938.00,day,1,6969.00,6925.50,6958.00,6964.00,6938.00,below_value
2026-01-26,2.00,start,migration,0.00,,,,2629,2026-01-26,1,6995.50,6952.00,6986.00,6992.00,6974.00,composite,2,6969.00,6925.00,6946.00,6960.00,6938.00,in_value
2026-01-27,2.00,start,migration,0.00,,,,2630,2026-01-27,1,7018.50,6988.25,7012.00,7018.00,7004.00,day,1,6995.50,6952.00,6986.00,6992.00,6974.00,above_value
2026-01-28,2.00,added,,0.67,0.57,False,0.43,2630,2026-01-27,2,7031.00,6988.25,7012.00,7018.00,7000.00,day,1,7018.50,6988.25,7012.00,7018.00,7004.00,above_range
2026-01-29,2.00,start,migration,0.00,,,,2631,2026-01-29,1,7021.50,6898.25,6964.00,6978.00,6924.00,composite,2,7031.00,6988.25,7012.00,7018.00,7000.00,in_value
2026-01-30,2.00,added,,1.00,0.51,False,0.69,2631,2026-01-29,2,7021.50,6898.25,6960.00,6978.00,6936.00,day,1,7021.50,6898.25,6964.00,6978.00,6924.00,in_value
2026-02-02,2.00,start,migration,0.00,,,,2632,2026-02-02,1,7017.25,6941.75,7004.00,7017.25,6988.00,composite,2,7021.50,6898.25,6960.00,6978.00,6936.00,in_value
2026-02-03,2.00,start,migration,0.00,,,,2633,2026-02-03,1,7017.00,6886.25,6910.00,6964.00,6894.00,day,1,7017.25,6941.75,7004.00,7017.25,6988.00,in_value
2026-02-04,2.00,added,,0.80,0.40,False,0.39,2633,2026-02-03,2,7017.00,6862.50,6924.00,6942.00,6880.00,day,1,7017.00,6886.25,6910.00,6964.00,6894.00,in_value
2026-02-05,2.00,start,migration,0.00,,,,2634,2026-02-05,1,6881.25,6801.50,6840.00,6858.00,6820.00,composite,2,7017.00,6862.50,6924.00,6942.00,6880.00,below_range
2026-02-06,2.00,start,migration,0.00,,,,2635,2026-02-06,1,6965.50,6850.25,6936.00,6942.00,6888.00,day,1,6881.25,6801.50,6840.00,6858.00,6820.00,in_value
2026-02-09,2.00,start,migration,0.00,,,,2636,2026-02-09,1,7000.50,6924.25,6986.00,7000.00,6966.00,day,1,6965.50,6850.25,6936.00,6942.00,6888.00,in_value
2026-02-10,2.00,skipped_shape,,1.00,0.77,False,0.78,2636,2026-02-09,1,7000.50,6924.25,6986.00,7000.00,6966.00,day,1,7000.50,6924.25,6986.00,7000.00,6966.00,in_value
2026-02-11,2.00,start,migration,0.46,,,,2637,2026-02-11,1,7011.50,6931.00,6964.00,6978.00,6952.00,day,1,7006.50,6957.00,6988.00,6998.00,6972.00,above_value
2026-02-12,2.00,start,migration,0.00,,,,2638,2026-02-12,1,6992.75,6842.00,6878.00,6912.00,6846.00,day,1,7011.50,6931.00,6964.00,6978.00,6952.00,above_value
2026-02-13,2.00,added,,0.91,0.38,False,0.53,2638,2026-02-12,2,6992.75,6808.75,6878.00,6896.00,6846.00,day,1,6992.75,6842.00,6878.00,6912.00,6846.00,in_value
2026-02-17,2.00,added,,0.52,0.44,False,0.43,2638,2026-02-12,3,6992.75,6791.00,6878.00,6896.00,6838.00,composite,2,6992.75,6808.75,6878.00,6896.00,6846.00,below_value
2026-02-18,2.00,start,migration,0.18,,,,2639,2026-02-18,1,6925.75,6861.50,6914.00,6924.00,6890.00,composite,3,6992.75,6791.00,6878.00,6896.00,6838.00,in_value
2026-02-19,2.00,start,migration,0.00,,,,2640,2026-02-19,1,6894.50,6847.75,6870.00,6884.00,6858.00,day,1,6925.75,6861.50,6914.00,6924.00,6890.00,below_value
2026-02-20,2.00,start,migration,0.00,,,,2641,2026-02-20,1,6931.50,6847.25,6912.00,6922.00,6888.00,day,1,6894.50,6847.75,6870.00,6884.00,6858.00,below_value
2026-02-23,2.00,start,migration,0.00,,,,2642,2026-02-23,1,6930.25,6832.75,6852.00,6870.00,6832.75,day,1,6931.50,6847.25,6912.00,6922.00,6888.00,in_value
2026-02-24,2.00,start,migration,0.00,,,,2643,2026-02-24,1,6912.75,6828.50,6898.00,6912.00,6878.00,day,1,6930.25,6832.75,6852.00,6870.00,6832.75,in_value
2026-02-25,2.00,start,migration,0.00,,,,2644,2026-02-25,1,6965.75,6929.75,6952.00,6958.00,6936.00,day,1,6912.75,6828.50,6898.00,6912.00,6878.00,above_range
2026-02-26,2.00,start,migration,0.00,,,,2645,2026-02-26,1,6961.25,6870.75,6914.00,6924.00,6882.00,day,1,6965.75,6929.75,6952.00,6958.00,6936.00,above_value
2026-02-27,2.00,start,migration,0.00,,,,2646,2026-02-27,1,6894.00,6841.50,6864.00,6882.00,6856.00,day,1,6961.25,6870.75,6914.00,6924.00,6882.00,below_range
2026-03-02,2.00,added,,0.62,0.64,False,1.00,2646,2026-02-27,2,6911.25,6804.50,6872.00,6890.00,6856.00,day,1,6894.00,6841.50,6864.00,6882.00,6856.00,below_range
2026-03-03,2.00,start,migration,0.00,,,,2647,2026-03-03,1,6849.75,6718.75,6824.00,6846.00,6768.00,composite,2,6911.25,6804.50,6872.00,6890.00,6856.00,below_range
2026-03-04,2.00,start,migration,0.00,,,,2648,2026-03-04,1,6894.00,6817.75,6886.00,6892.00,6862.00,day,1,6849.75,6718.75,6824.00,6846.00,6768.00,in_value
2026-03-05,2.00,start,migration,0.00,,,,2649,2026-03-05,1,6877.50,6777.00,6826.00,6848.00,6790.00,day,1,6894.00,6817.75,6886.00,6892.00,6862.00,below_value
2026-03-06,2.00,start,migration,0.00,,,,2650,2026-03-06,1,6780.50,6715.75,6756.00,6778.00,6748.00,day,1,6877.50,6777.00,6826.00,6848.00,6790.00,below_range
2026-03-09,2.00,start,migration,0.00,,,,2651,2026-03-09,1,6818.50,6641.00,6716.00,6742.00,6660.00,day,1,6780.50,6715.75,6756.00,6778.00,6748.00,below_range
2026-03-10,2.00,start,migration,0.00,,,,2652,2026-03-10,1,6852.00,6765.00,6824.00,6838.00,6792.00,day,1,6818.50,6641.00,6716.00,6742.00,6660.00,above_value
2026-03-11,2.00,start,migration,0.00,,,,2653,2026-03-11,1,6818.00,6749.75,6770.00,6792.00,6754.00,day,1,6852.00,6765.00,6824.00,6838.00,6792.00,in_value
2026-03-12,2.00,start,migration,0.00,,,,2654,2026-03-12,1,6732.00,6675.25,6700.00,6718.00,6692.00,day,1,6818.00,6749.75,6770.00,6792.00,6754.00,below_range
2026-03-13,2.00,start,migration,0.00,,,,2655,2026-03-13,1,6737.50,6627.00,6650.00,6688.00,6630.00,day,1,6732.00,6675.25,6700.00,6718.00,6692.00,in_value
2026-03-16,2.00,start,migration,0.00,,,,2656,2026-03-16,1,6734.25,6684.50,6704.00,6718.00,6696.00,day,1,6737.50,6627.00,6650.00,6688.00,6630.00,above_value
2026-03-17,2.00,start,migration,0.00,,,,2657,2026-03-17,1,6757.50,6713.75,6728.00,6742.00,6720.00,day,1,6734.25,6684.50,6704.00,6718.00,6696.00,above_range
2026-03-18,2.00,start,migration,0.00,,,,2658,2026-03-18,1,6759.75,6673.75,6728.00,6754.00,6716.00,day,1,6809.00,6765.25,6779.50,6793.50,6771.50,below_range
2026-03-19,2.00,start,migration,0.00,,,,2659,2026-03-19,1,6692.00,6611.75,6636.00,6654.00,6624.00,day,1,6759.75,6673.75,6728.00,6754.00,6716.00,below_range
2026-03-20,2.00,start,migration,0.00,,,,2660,2026-03-20,1,6643.00,6523.75,6604.00,6622.00,6564.00,day,1,6692.00,6611.75,6636.00,6654.00,6624.00,in_value
2026-03-23,2.00,start,migration,0.00,,,,2661,2026-03-23,1,6704.75,6616.00,6652.00,6678.00,6628.00,day,1,6643.00,6523.75,6604.00,6622.00,6564.00,above_range
2026-03-24,2.00,start,migration,0.23,,,,2662,2026-03-24,1,6646.00,6573.50,6618.00,6636.00,6602.00,day,1,6704.75,6616.00,6652.00,6678.00,6628.00,below_range
2026-03-25,2.00,start,migration,0.08,,,,2663,2026-03-25,1,6684.75,6616.50,6650.00,6660.00,6634.00,day,1,6646.00,6573.50,6618.00,6636.00,6602.00,above_range
2026-03-26,2.00,start,migration,0.00,,,,2664,2026-03-26,1,6622.00,6520.25,6588.00,6622.00,6556.00,day,1,6684.75,6616.50,6650.00,6660.00,6634.00,below_range
2026-03-27,2.00,start,migration,0.00,,,,2665,2026-03-27,1,6495.75,6398.25,6456.00,6494.00,6440.00,day,1,6622.00,6520.25,6588.00,6622.00,6556.00,below_range
2026-03-30,2.00,start,migration,0.28,,,,2666,2026-03-30,1,6471.25,6359.50,6422.00,6456.00,6398.00,day,1,6495.75,6398.25,6456.00,6494.00,6440.00,in_value
2026-03-31,2.00,start,migration,0.10,,,,2667,2026-03-31,1,6583.25,6447.00,6490.00,6540.00,6447.00,day,1,6471.25,6359.50,6422.00,6456.00,6398.00,above_value
2026-04-01,2.00,start,migration,0.00,,,,2668,2026-04-01,1,6653.75,6598.00,6622.00,6640.00,6606.00,day,1,6583.25,6447.00,6490.00,6540.00,6447.00,above_range
2026-04-02,2.00,start,migration,0.48,,,,2669,2026-04-02,1,6644.50,6514.25,6604.00,6626.00,6584.00,day,1,6653.75,6598.00,6622.00,6640.00,6606.00,below_range
2026-04-06,2.00,start,migration,0.00,,,,2670,2026-04-06,1,6661.00,6617.75,6642.00,6652.00,6626.00,day,1,6644.50,6514.25,6604.00,6626.00,6584.00,in_value
2026-04-07,2.00,start,migration,0.24,,,,2671,2026-04-07,1,6659.50,6572.75,6622.00,6636.00,6594.00,day,1,6661.00,6617.75,6642.00,6652.00,6626.00,in_value
2026-04-08,2.00,start,migration,0.00,,,,2672,2026-04-08,1,6836.75,6780.00,6812.00,6826.00,6800.00,day,1,6659.50,6572.75,6622.00,6636.00,6594.00,above_range
2026-04-09,2.00,start,migration,0.04,,,,2673,2026-04-09,1,6876.00,6801.75,6860.00,6876.00,6824.00,day,1,6836.75,6780.00,6812.00,6826.00,6800.00,in_value
2026-04-10,2.00,skipped_shape,,1.00,0.63,False,0.23,2673,2026-04-09,1,6876.00,6801.75,6860.00,6876.00,6824.00,day,1,6876.00,6801.75,6860.00,6876.00,6824.00,in_value
2026-04-13,2.00,skipped_daytype,,0.65,,,,2673,2026-04-09,1,6876.00,6801.75,6860.00,6876.00,6824.00,day,1,6883.00,6846.25,6856.00,6874.00,6848.00,below_range
2026-04-14,2.00,start,migration,0.00,,,,2674,2026-04-14,1,7008.00,6937.50,6990.00,7008.00,6974.00,day,1,6924.75,6826.50,6858.00,6892.00,6846.00,above_range
2026-04-15,2.00,start,migration,0.00,,,,2675,2026-04-15,1,7064.50,7004.00,7034.00,7044.00,7014.00,day,1,7008.00,6937.50,6990.00,7008.00,6974.00,above_range
2026-04-16,2.00,start,migration,0.00,,,,2676,2026-04-16,1,7089.00,7046.50,7068.00,7078.00,7056.00,day,1,7064.50,7004.00,7034.00,7044.00,7014.00,above_range
2026-04-17,2.00,start,migration,0.00,,,,2677,2026-04-17,1,7185.75,7117.00,7158.00,7176.00,7150.00,day,1,7089.00,7046.50,7068.00,7078.00,7056.00,above_range
2026-04-20,2.00,start,migration,0.00,,,,2678,2026-04-20,1,7159.50,7121.50,7138.00,7148.00,7130.00,day,1,7185.75,7117.00,7158.00,7176.00,7150.00,below_value
2026-04-21,2.00,start,migration,0.29,,,,2679,2026-04-21,1,7172.50,7085.00,7122.00,7140.00,7106.00,day,1,7159.50,7121.50,7138.00,7148.00,7130.00,above_range
2026-04-22,2.00,start,migration,0.00,,,,2680,2026-04-22,1,7173.00,7140.75,7158.00,7164.00,7150.00,day,1,7172.50,7085.00,7122.00,7140.00,7106.00,above_value
2026-04-23,2.00,start,migration,0.28,,,,2681,2026-04-23,1,7181.50,7079.25,7164.00,7178.00,7128.00,day,1,7173.00,7140.75,7158.00,7164.00,7150.00,in_value
2026-04-24,2.00,start,migration,0.35,,,,2682,2026-04-24,1,7200.50,7145.00,7190.00,7200.50,7166.00,day,1,7181.50,7079.25,7164.00,7178.00,7128.00,in_value
2026-04-27,2.00,added,,0.75,0.72,False,1.00,2682,2026-04-24,2,7211.25,7145.00,7192.00,7206.00,7180.00,day,1,7200.50,7145.00,7190.00,7200.50,7166.00,in_value
2026-04-28,2.00,start,migration,0.00,,,,2683,2026-04-28,1,7183.00,7146.25,7164.00,7174.00,7152.00,composite,2,7211.25,7145.00,7192.00,7206.00,7180.00,below_value
2026-04-29,2.00,added,,0.67,0.40,False,0.33,2683,2026-04-28,2,7183.00,7137.00,7154.00,7172.00,7150.00,day,1,7183.00,7146.25,7164.00,7174.00,7152.00,in_value
2026-04-30,2.00,start,migration,0.28,,,,2684,2026-04-30,1,7251.75,7157.25,7198.00,7208.00,7158.00,composite,2,7183.00,7137.00,7154.00,7172.00,7150.00,above_range
2026-05-01,2.00,start,migration,0.00,,,,2685,2026-05-01,1,7300.75,7255.50,7276.00,7286.00,7264.00,day,1,7251.75,7157.25,7198.00,7208.00,7158.00,above_range
2026-05-04,2.00,start,migration,0.00,,,,2686,2026-05-04,1,7271.00,7199.50,7226.00,7248.00,7210.00,day,1,7300.75,7255.50,7276.00,7286.00,7264.00,below_range
2026-05-05,2.00,start,migration,0.00,,,,2687,2026-05-05,1,7299.75,7264.25,7282.00,7296.00,7278.00,day,1,7271.00,7199.50,7226.00,7248.00,7210.00,above_value
2026-05-06,2.00,start,migration,0.00,,,,2688,2026-05-06,1,7395.75,7327.25,7364.00,7382.00,7348.00,day,1,7299.75,7264.25,7282.00,7296.00,7278.00,above_range
2026-05-07,2.00,added,,0.74,0.48,False,1.00,2688,2026-05-06,2,7410.00,7327.25,7366.00,7388.00,7346.00,day,1,7395.75,7327.25,7364.00,7382.00,7348.00,above_range
2026-05-08,2.00,start,migration,0.00,,,,2689,2026-05-08,1,7427.75,7391.75,7418.00,7424.00,7410.00,composite,2,7410.00,7327.25,7366.00,7388.00,7346.00,above_value
2026-05-11,2.00,start,migration,0.00,,,,2690,2026-05-11,1,7454.75,7410.00,7434.00,7452.00,7430.00,day,1,7427.75,7391.75,7418.00,7424.00,7410.00,in_value
2026-05-12,2.00,start,migration,0.00,,,,2691,2026-05-12,1,7433.75,7363.25,7394.00,7412.00,7370.00,day,1,7454.75,7410.00,7434.00,7452.00,7430.00,below_value
2026-05-13,2.00,start,migration,0.00,,,,2692,2026-05-13,1,7483.75,7399.00,7470.00,7483.75,7430.00,day,1,7433.75,7363.25,7394.00,7412.00,7370.00,above_value
2026-05-14,2.00,start,migration,0.00,,,,2693,2026-05-14,1,7540.00,7479.75,7526.00,7532.00,7506.00,day,1,7483.75,7399.00,7470.00,7483.75,7430.00,in_value
2026-05-15,2.00,start,migration,0.00,,,,2694,2026-05-15,1,7475.75,7420.25,7446.00,7464.00,7438.00,day,1,7540.00,7479.75,7526.00,7532.00,7506.00,below_range
2026-05-18,2.00,start,migration,0.00,,,,2695,2026-05-18,1,7454.25,7373.50,7410.00,7424.00,7382.00,day,1,7475.75,7420.25,7446.00,7464.00,7438.00,in_value
2026-05-19,2.00,start,migration,0.42,,,,2696,2026-05-19,1,7415.25,7354.25,7384.00,7398.00,7360.00,day,1,7454.25,7373.50,7410.00,7424.00,7382.00,in_value
2026-05-20,2.00,start,migration,0.00,,,,2697,2026-05-20,1,7458.00,7376.75,7438.00,7456.00,7418.00,day,1,7415.25,7354.25,7384.00,7398.00,7360.00,in_value
2026-05-21,2.00,added,,0.76,0.49,False,0.85,2697,2026-05-20,2,7486.75,7376.75,7430.00,7456.00,7410.00,day,1,7458.00,7376.75,7438.00,7456.00,7418.00,in_value
2026-05-22,2.00,start,migration,0.00,,,,2698,2026-05-22,1,7524.00,7478.75,7506.00,7516.00,7494.00,composite,2,7486.75,7376.75,7430.00,7456.00,7410.00,above_range
2026-05-26,2.00,start,migration,0.00,,,,2699,2026-05-26,1,7555.25,7517.00,7528.00,7542.00,7520.00,day,1,7524.00,7478.75,7506.00,7516.00,7494.00,above_range
2026-05-27,2.00,added,,0.89,0.36,False,0.43,2699,2026-05-26,2,7555.25,7515.00,7528.00,7542.00,7524.00,day,1,7555.25,7517.00,7528.00,7542.00,7520.00,in_value
2026-05-28,2.00,start,migration,0.00,,,,2700,2026-05-28,1,7586.50,7525.25,7574.00,7584.00,7558.00,composite,2,7555.25,7515.00,7528.00,7542.00,7524.00,in_value
2026-05-29,2.00,start,migration,0.00,,,,2701,2026-05-29,1,7611.50,7577.50,7594.00,7604.00,7586.00,day,1,7586.50,7525.25,7574.00,7584.00,7558.00,above_range
2026-06-01,2.00,added,,0.53,0.36,False,0.71,2701,2026-05-29,2,7632.25,7576.25,7596.00,7606.00,7584.00,day,1,7611.50,7577.50,7594.00,7604.00,7586.00,below_value
2026-06-02,2.00,start,migration,0.00,,,,2702,2026-06-02,1,7632.00,7595.50,7620.00,7630.00,7612.00,composite,2,7632.25,7576.25,7596.00,7606.00,7584.00,in_value
2026-06-03,2.00,start,migration,0.00,,,,2703,2026-06-03,1,7614.75,7562.50,7582.00,7592.00,7570.00,day,1,7632.00,7595.50,7620.00,7630.00,7612.00,below_value
2026-06-04,2.00,start,migration,0.48,,,,2704,2026-06-04,1,7611.50,7541.75,7604.00,7610.00,7564.00,day,1,7614.75,7562.50,7582.00,7592.00,7570.00,below_range
2026-06-05,2.00,start,migration,0.00,,,,2705,2026-06-05,1,7553.00,7379.75,7470.00,7532.00,7430.00,day,1,7611.50,7541.75,7604.00,7610.00,7564.00,below_value
2026-06-08,2.00,added,,1.00,0.37,False,1.00,2705,2026-06-05,2,7553.00,7379.75,7442.00,7476.00,7410.00,day,1,7553.00,7379.75,7470.00,7532.00,7430.00,in_value
2026-06-09,2.00,start,migration,0.00,,,,2706,2026-06-09,1,7491.00,7247.25,7368.00,7402.00,7288.00,composite,2,7553.00,7379.75,7442.00,7476.00,7410.00,in_value
2026-06-10,2.00,added,,1.00,0.36,False,0.55,2706,2026-06-09,2,7491.00,7247.25,7334.00,7396.00,7302.00,day,1,7491.00,7247.25,7368.00,7402.00,7288.00,in_value
2026-06-11,2.00,added,,0.54,0.28,False,0.46,2706,2026-06-09,3,7491.00,7247.25,7314.00,7380.00,7286.00,composite,2,7491.00,7247.25,7334.00,7396.00,7302.00,in_value
2026-06-12,2.00,start,migration,0.00,,,,2707,2026-06-12,1,7461.75,7366.50,7432.00,7442.00,7400.00,composite,3,7491.00,7247.25,7314.00,7380.00,7286.00,above_value
2026-06-15,2.00,start,migration,0.00,,,,2708,2026-06-15,1,7584.50,7534.25,7566.00,7580.00,7550.00,day,1,7461.75,7366.50,7432.00,7442.00,7400.00,above_range
2026-06-16,2.00,start,migration,0.23,,,,2709,2026-06-16,1,7570.50,7514.25,7538.00,7556.00,7530.00,day,1,7584.50,7534.25,7566.00,7580.00,7550.00,in_value
2026-06-17,2.00,start,migration,0.07,,,,2710,2026-06-17,1,7604.25,7472.25,7580.00,7602.00,7544.00,day,1,7638.75,7582.50,7606.25,7624.25,7598.25,below_value
2026-06-18,2.00,added,,1.00,0.66,False,0.60,2710,2026-06-17,2,7604.25,7472.25,7560.00,7590.00,7544.00,day,1,7604.25,7472.25,7580.00,7602.00,7544.00,in_value
2026-06-22,2.00,start,migration,0.46,,,,2711,2026-06-22,1,7599.25,7527.25,7538.00,7556.00,7530.00,composite,2,7604.25,7472.25,7560.00,7590.00,7544.00,in_value
2026-06-23,2.00,start,migration,0.00,,,,2712,2026-06-23,1,7491.00,7415.25,7452.00,7470.00,7436.00,day,1,7599.25,7527.25,7538.00,7556.00,7530.00,below_range
2026-06-24,2.00,added,,0.52,0.52,False,0.87,2712,2026-06-23,2,7496.50,7404.25,7452.00,7482.00,7428.00,day,1,7491.00,7415.25,7452.00,7470.00,7436.00,in_value
2026-06-25,2.00,added,,0.67,0.45,False,1.00,2712,2026-06-23,3,7496.50,7390.50,7438.00,7464.00,7414.00,composite,2,7496.50,7404.25,7452.00,7482.00,7428.00,above_value
2026-06-26,2.00,added,,0.81,0.56,False,1.00,2712,2026-06-23,4,7496.50,7360.00,7436.00,7462.00,7412.00,composite,3,7496.50,7390.50,7438.00,7464.00,7414.00,below_range
2026-06-29,2.00,start,migration,0.09,,,,2713,2026-06-29,1,7505.00,7409.00,7490.00,7504.00,7458.00,composite,4,7496.50,7360.00,7436.00,7462.00,7412.00,in_value
2026-06-30,2.00,start,migration,0.00,,,,2714,2026-06-30,1,7567.75,7495.75,7552.00,7566.00,7524.00,day,1,7505.00,7409.00,7490.00,7504.00,7458.00,in_value
2026-07-01,2.00,added,,0.65,0.69,False,0.69,2714,2026-06-30,2,7579.00,7495.75,7552.00,7570.00,7528.00,day,1,7567.75,7495.75,7552.00,7566.00,7524.00,in_value
2026-07-02,2.00,start,migration,0.35,,,,2715,2026-07-02,1,7593.75,7479.50,7500.00,7554.00,7480.00,composite,2,7579.00,7495.75,7552.00,7570.00,7528.00,in_value
2026-07-06,2.00,start,migration,0.00,,,,2716,2026-07-06,1,7602.50,7552.50,7586.00,7600.00,7570.00,day,1,7593.75,7479.50,7500.00,7554.00,7480.00,above_value
2026-07-07,2.00,start,migration,0.00,,,,2717,2026-07-07,1,7587.50,7529.50,7564.00,7570.00,7540.00,day,1,7602.50,7552.50,7586.00,7600.00,7570.00,in_value
2026-07-08,2.00,start,migration,0.00,,,,2718,2026-07-08,1,7536.50,7469.50,7520.00,7534.00,7500.00,day,1,7587.50,7529.50,7564.00,7570.00,7540.00,below_range
2026-07-09,2.00,start,migration,0.00,,,,2719,2026-07-09,1,7595.00,7529.50,7582.00,7595.00,7554.00,day,1,7536.50,7469.50,7520.00,7534.00,7500.00,above_range
2026-07-10,2.00,start,migration,0.21,,,,2720,2026-07-10,1,7627.25,7552.75,7600.00,7622.00,7588.00,day,1,7595.00,7529.50,7582.00,7595.00,7554.00,in_value
2026-07-13,2.00,start,migration,0.18,,,,2721,2026-07-13,1,7610.50,7551.00,7572.00,7594.00,7560.00,day,1,7627.25,7552.75,7600.00,7622.00,7588.00,in_value
2026-07-14,2.00,added,,0.82,0.63,False,0.46,2721,2026-07-13,2,7610.50,7551.00,7588.00,7598.00,7568.00,day,1,7610.50,7551.00,7572.00,7594.00,7560.00,in_value
2026-07-15,2.00,start,migration,0.15,,,,2722,2026-07-15,1,7626.25,7571.75,7602.00,7620.00,7594.00,composite,2,7610.50,7551.00,7588.00,7598.00,7568.00,above_range
2026-07-16,2.00,added,,0.53,0.69,False,0.82,2722,2026-07-15,2,7626.25,7548.25,7602.00,7620.00,7582.00,day,1,7626.25,7571.75,7602.00,7620.00,7594.00,in_value
2026-07-17,2.00,start,migration,0.00,,,,2723,2026-07-17,1,7539.00,7473.00,7514.00,7536.00,7502.00,composite,2,7626.25,7548.25,7602.00,7620.00,7582.00,below_range
2026-07-20,2.00,added,,0.93,0.52,False,0.64,2723,2026-07-17,2,7552.00,7473.00,7514.00,7536.00,7502.00,day,1,7539.00,7473.00,7514.00,7536.00,7502.00,in_value
2026-07-21,2.00,start,migration,0.40,,,,2724,2026-07-21,1,7554.00,7504.50,7544.00,7554.00,7524.00,composite,2,7552.00,7473.00,7514.00,7536.00,7502.00,in_value
2026-07-22,2.00,added,,0.73,0.68,False,1.00,2724,2026-07-21,2,7563.50,7504.50,7544.00,7558.00,7532.00,day,1,7554.00,7504.50,7544.00,7554.00,7524.00,in_value
2026-07-23,2.00,start,migration,0.00,,,,2725,2026-07-23,1,7486.25,7411.75,7444.00,7458.00,7428.00,composite,2,7563.50,7504.50,7544.00,7558.00,7532.00,below_range
2026-07-24,2.00,added,,0.62,0.44,False,0.82,2725,2026-07-23,2,7496.50,7411.75,7448.00,7466.00,7428.00,day,1,7486.25,7411.75,7444.00,7458.00,7428.00,in_value
2026-07-27,2.00,added,,0.82,0.37,False,0.54,2725,2026-07-23,3,7514.00,7411.75,7448.00,7462.00,7424.00,composite,2,7496.50,7411.75,7448.00,7466.00,7428.00,above_range
2026-07-28,2.00,start,migration,0.40,,,,2726,2026-07-28,1,7485.75,7417.00,7470.00,7485.75,7446.00,composite,3,7514.00,7411.75,7448.00,7462.00,7424.00,in_value
2026-07-29,2.00,start,migration,0.06,,,,2727,2026-07-29,1,7482.75,7345.75,7404.00,7450.00,7384.00,day,1,7485.75,7417.00,7470.00,7485.75,7446.00,in_value
2026-07-30,2.00,skipped_shape,,1.00,0.48,False,0.30,2727,2026-07-29,1,7482.75,7345.75,7404.00,7450.00,7384.00,day,1,7482.75,7345.75,7404.00,7450.00,7384.00,in_value
2026-07-31,2.00,start,migration,0.00,,,,2728,2026-07-31,1,7541.00,7427.50,7514.00,7524.00,7466.00,day,1,7478.50,7399.00,7444.00,7446.00,7400.00,above_range
2026-08-03,2.00,start,migration,0.00,,,,2729,2026-08-03,1,7637.75,7542.75,7610.00,7637.75,7590.00,day,1,7541.00,7427.50,7514.00,7524.00,7466.00,above_range
2026-08-04,2.00,start,migration,0.00,,,,2730,2026-08-04,1,7786.00,7656.00,7766.00,7786.00,7714.00,day,1,7637.75,7542.75,7610.00,7637.75,7590.00,above_range
2026-08-05,2.00,added,,0.95,0.67,False,0.56,2730,2026-08-04,2,7820.25,7656.00,7766.00,7792.00,7722.00,day,1,7786.00,7656.00,7766.00,7786.00,7714.00,above_range
2026-08-06,2.00,added,,1.00,0.67,False,0.37,2730,2026-08-04,3,7820.25,7656.00,7766.00,7780.00,7730.00,composite,2,7820.25,7656.00,7766.00,7792.00,7722.00,in_value
2026-08-07,2.00,added,,0.91,0.66,False,0.85,2730,2026-08-04,4,7820.25,7656.00,7764.00,7786.00,7740.00,composite,3,7820.25,7656.00,7766.00,7780.00,7730.00,in_value
2026-08-10,2.00,added,,0.89,0.69,False,0.60,2730,2026-08-04,5,7820.25,7656.00,7770.00,7788.00,7742.00,composite,4,7820.25,7656.00,7764.00,7786.00,7740.00,in_value
2026-08-11,2.00,added,,0.94,0.69,False,0.69,2730,2026-08-04,6,7820.25,7656.00,7770.00,7788.00,7746.00,composite,5,7820.25,7656.00,7770.00,7788.00,7742.00,above_value
2026-08-12,2.00,added,,1.00,0.69,False,0.69,2730,2026-08-04,7,7820.25,7656.00,7770.00,7788.00,7746.00,composite,6,7820.25,7656.00,7770.00,7788.00,7746.00,above_value
2026-08-13,2.00,start,migration,0.00,,,,2731,2026-08-13,1,7838.50,7785.50,7818.00,7828.00,7802.00,composite,7,7820.25,7656.00,7770.00,7788.00,7746.00,above_value
2026-08-14,2.00,skipped_shape,,0.71,0.34,False,0.27,2731,2026-08-13,1,7838.50,7785.50,7818.00,7828.00,7802.00,day,1,7838.50,7785.50,7818.00,7828.00,7802.00,in_value
2026-08-17,2.00,start,migration,0.13,,,,2732,2026-08-17,1,7809.50,7766.25,7792.00,7806.00,7776.00,day,1,7830.75,7796.50,7802.00,7812.00,7798.00,in_value
2026-08-18,2.00,start,migration,0.00,,,,2733,2026-08-18,1,7735.25,7710.25,7722.00,7728.00,7714.00,day,1,7809.50,7766.25,7792.00,7806.00,7776.00,below_range
2026-08-19,2.00,start,migration,0.08,,,,2734,2026-08-19,1,7764.75,7720.75,7738.00,7752.00,7726.00,day,1,7735.25,7710.25,7722.00,7728.00,7714.00,above_range
2026-08-20,2.00,start,migration,0.00,,,,2735,2026-08-20,1,7720.00,7659.00,7696.00,7718.00,7684.00,day,1,7764.75,7720.75,7738.00,7752.00,7726.00,below_range
2026-08-21,2.00,added,,1.00,0.55,False,0.56,2735,2026-08-20,2,7720.00,7659.00,7692.00,7710.00,7684.00,day,1,7720.00,7659.00,7696.00,7718.00,7684.00,in_value
2026-08-24,2.00,start,migration,0.00,,,,2736,2026-08-24,1,7686.50,7655.00,7674.00,7684.00,7666.00,composite,2,7720.00,7659.00,7692.00,7710.00,7684.00,below_value
2026-08-25,2.00,start,migration,0.43,,,,2737,2026-08-25,1,7701.25,7663.25,7682.00,7692.00,7678.00,day,1,7686.50,7655.00,7674.00,7684.00,7666.00,above_range
2026-08-26,2.00,added,,0.56,0.57,False,1.00,2737,2026-08-25,2,7705.50,7663.25,7686.00,7696.00,7678.00,day,1,7701.25,7663.25,7682.00,7692.00,7678.00,in_value
2026-08-27,2.00,start,migration,0.00,,,,2738,2026-08-27,1,7755.50,7702.75,7728.00,7746.00,7720.00,composite,2,7705.50,7663.25,7686.00,7696.00,7678.00,above_range
2026-08-28,2.00,added,,0.62,0.30,False,0.39,2738,2026-08-27,2,7782.50,7702.75,7726.00,7752.00,7718.00,day,1,7755.50,7702.75,7728.00,7746.00,7720.00,above_value
2026-08-31,2.00,start,migration,0.00,,,,2739,2026-08-31,1,7708.25,7674.75,7688.00,7694.00,7680.00,composite,2,7782.50,7702.75,7726.00,7752.00,7718.00,below_range
2026-09-01,2.00,start,migration,0.00,,,,2740,2026-09-01,1,7673.75,7621.50,7644.00,7662.00,7632.00,day,1,7708.25,7674.75,7688.00,7694.00,7680.00,below_range
2026-09-02,2.00,start,migration,0.00,,,,2741,2026-09-02,1,7691.25,7643.00,7676.00,7686.00,7672.00,day,1,7673.75,7621.50,7644.00,7662.00,7632.00,in_value
2026-09-03,2.00,start,migration,0.00,,,,2742,2026-09-03,1,7766.50,7700.00,7756.00,7766.00,7720.00,day,1,7691.25,7643.00,7676.00,7686.00,7672.00,above_range
2026-09-04,2.00,added,,0.64,0.31,False,0.60,2742,2026-09-03,2,7766.50,7700.00,7720.00,7750.00,7704.00,day,1,7766.50,7700.00,7756.00,7766.00,7720.00,in_value
2026-09-08,2.00,start,migration,0.00,,,,2743,2026-09-08,1,7717.75,7672.25,7694.00,7700.00,7682.00,composite,2,7766.50,7700.00,7720.00,7750.00,7704.00,in_value
2026-09-09,2.00,start,migration,0.00,,,,2744,2026-09-09,1,7665.00,7628.75,7646.00,7656.00,7638.00,day,1,7717.75,7672.25,7694.00,7700.00,7682.00,below_range
2026-09-10,2.00,start,migration,0.00,,,,2745,2026-09-10,1,7620.00,7585.50,7602.00,7612.00,7594.00,day,1,7665.00,7628.75,7646.00,7656.00,7638.00,below_range
2026-09-11,2.00,start,migration,0.00,,,,2746,2026-09-11,1,7682.00,7653.25,7668.00,7682.00,7664.00,day,1,7620.00,7585.50,7602.00,7612.00,7594.00,above_range
2026-09-14,2.00,start,migration,0.00,,,,2747,2026-09-14,1,7652.00,7595.25,7636.00,7646.00,7612.00,day,1,7682.00,7653.25,7668.00,7682.00,7664.00,below_range
2026-09-15,2.00,start,migration,0.00,,,,2748,2026-09-15,1,7619.00,7576.75,7590.00,7596.00,7582.00,day,1,7652.00,7595.25,7636.00,7646.00,7612.00,in_value
