date,half_day,r20,ib_width_r20,ib_narrow,ext_up_ib,ext_down_ib,re_up,re_down,max_tpo_row,thin_profile,tf_viol_up,tf_viol_down,close_pos,open_is_extreme,dd_split,day_type,day_dir
2010-06-07,False,,,False,0.0,1.146,False,True,9,False,0,4,0.045,,False,normal_variation,down
2010-06-08,False,,,False,0.707,0.439,True,True,12,False,0,1,0.875,,False,neutral_extreme,up
2010-06-09,False,,,False,1.458,1.958,True,True,7,False,0,0,0.132,,False,neutral_extreme,down
2010-06-10,False,,,False,0.4,0.022,True,False,10,False,0,0,0.938,low,False,normal_variation,up
2010-06-11,False,,,False,0.275,0.0,True,False,12,False,0,0,0.954,low,False,normal_variation,up
2010-06-14,False,22.0,0.273,True,0.708,1.208,True,True,9,False,0,2,0.071,,False,neutral_extreme,down
2010-06-15,False,19.75,0.291,True,2.522,0.0,True,False,6,False,3,0,0.938,low,False,normal_variation,up
2010-06-16,False,20.25,0.309,True,0.92,0.04,True,False,10,False,2,0,0.592,,False,normal_variation,up
2010-06-17,False,18.88,0.596,False,0.0,0.156,False,False,11,False,0,0,0.827,high,False,normal,
2010-06-18,False,17.5,0.329,True,0.348,0.0,True,False,13,False,0,0,0.419,,False,normal_variation,up
2010-06-21,False,16.88,0.356,True,0.0,3.042,False,True,6,False,0,2,0.237,high,False,normal_variation,down
2010-06-22,False,17.5,0.543,False,0.0,1.632,False,True,9,False,0,0,0.08,,False,trend,down
2010-06-23,False,18.88,0.636,False,0.292,0.0,True,False,12,False,0,0,0.468,,False,normal_variation,up
2010-06-24,False,17.5,0.557,False,0.0,0.769,False,True,11,False,0,3,0.188,high,False,normal_variation,down
2010-06-25,False,17.38,0.432,False,0.8,0.433,True,True,8,False,0,0,0.687,,False,neutral_center,
2010-06-28,False,17.25,0.58,False,0.2,0.0,False,False,12,False,0,0,0.292,,False,normal,
2010-06-29,False,17.0,1.074,False,0.0,0.397,False,True,10,False,0,0,0.265,high,False,normal_variation,down
2010-06-30,False,17.25,0.536,False,0.135,1.054,False,True,10,False,0,0,0.123,,False,trend,down
2010-07-01,False,17.38,0.906,False,0.0,0.508,False,True,9,False,0,0,0.716,,False,normal_variation,down
2010-07-02,False,17.5,0.557,False,0.0,0.872,False,True,9,False,0,1,0.356,,False,normal_variation,down
2010-07-06,False,17.88,0.545,False,0.0,1.564,False,True,6,False,0,1,0.41,,False,normal_variation,down
2010-07-07,False,17.88,0.629,False,1.911,0.0,True,False,6,False,2,0,0.962,low,False,normal_variation,up
2010-07-08,False,17.88,0.434,False,0.0,0.774,False,True,10,False,0,1,0.891,,False,normal_variation,down
2010-07-09,False,17.38,0.374,True,0.615,0.0,True,False,11,False,1,0,0.952,,False,normal_variation,up
2010-07-12,False,17.38,0.446,False,0.0,0.387,False,True,11,False,0,0,0.814,,False,normal_variation,down
2010-07-13,False,17.38,0.388,True,0.741,0.0,True,False,10,False,3,0,0.617,,False,normal_variation,up
2010-07-14,False,17.0,0.368,True,0.76,0.16,True,False,9,False,0,0,0.667,,False,normal_variation,up
2010-07-15,False,16.12,0.961,False,0.242,0.0,True,False,8,False,0,0,0.805,,False,normal_variation,up
2010-07-16,False,17.0,0.941,False,0.0,0.719,False,True,7,False,0,1,0.091,high,False,normal_variation,down
2010-07-19,False,17.75,0.577,False,0.171,0.195,False,False,9,False,0,0,0.804,,False,normal,
2010-07-20,False,17.75,0.451,False,2.438,0.0,True,False,6,False,1,0,0.964,low,True,double_distribution_trend,up
2010-07-21,False,17.75,0.493,False,0.0,1.8,False,True,10,False,0,3,0.194,high,True,double_distribution_trend,down
2010-07-22,False,17.75,0.775,False,0.2,0.0,False,False,12,False,0,0,0.697,low,False,normal,
2010-07-23,False,17.75,0.423,False,1.233,0.0,True,False,8,False,4,0,0.896,,False,normal_variation,up
2010-07-26,False,17.5,0.557,False,0.436,0.0,True,False,11,False,3,0,0.929,,False,normal_variation,up
2010-07-27,False,17.5,0.471,False,0.0,0.424,False,True,12,False,0,0,0.34,high,False,normal_variation,down
2010-07-28,False,17.5,0.4,False,0.0,0.75,False,True,10,False,0,0,0.306,,False,normal_variation,down
2010-07-29,False,16.62,0.526,False,0.0,1.771,False,True,6,False,0,0,0.371,,False,normal_variation,down
2010-07-30,False,16.62,0.722,False,0.583,0.0,True,False,11,False,4,0,0.711,,False,normal_variation,up
2010-08-02,False,16.62,0.526,False,0.6,0.0,True,False,9,False,3,0,0.857,,False,normal_variation,up
2010-08-03,False,15.25,0.475,False,0.31,0.0,True,False,12,False,0,0,0.368,,False,normal_variation,up
2010-08-04,False,14.0,0.607,False,0.088,0.059,False,False,11,False,0,0,0.846,,False,normal,
2010-08-05,False,14.0,0.482,False,0.259,0.0,True,False,13,False,0,0,0.912,,False,normal_variation,up
2010-08-06,False,14.0,0.661,False,0.0,0.811,False,True,9,False,0,0,0.881,,False,normal_variation,down
2010-08-09,False,14.0,0.446,False,0.4,0.0,True,False,11,False,0,0,0.743,,False,normal_variation,up
2010-08-10,False,14.0,0.625,False,0.857,0.0,True,False,10,False,0,0,0.662,,False,normal_variation,up
2010-08-11,False,15.12,0.512,False,0.0,1.032,False,True,9,False,0,2,0.111,high,False,normal_variation,down
2010-08-12,False,16.0,0.703,False,0.267,0.0,True,False,12,False,5,0,0.754,low,False,normal_variation,up
2010-08-13,False,15.0,0.483,False,0.0,0.103,False,False,12,False,0,0,0.156,,False,normal,
2010-08-16,False,14.12,0.885,False,0.16,0.0,False,False,10,False,0,0,0.776,,False,normal,
2010-08-17,False,14.38,0.296,True,2.588,0.0,True,False,9,False,0,0,0.492,,False,normal_variation,up
2010-08-18,False,14.38,0.452,False,1.269,0.0,True,False,7,False,1,0,0.593,,False,normal_variation,up
2010-08-19,False,14.38,1.009,False,0.0,0.448,False,True,11,False,0,0,0.25,,False,normal_variation,down
2010-08-20,False,14.38,0.487,False,0.036,0.357,False,True,9,False,0,0,0.846,,False,normal_variation,down
2010-08-23,False,14.12,0.566,False,0.0,0.906,False,True,10,False,0,4,0.049,,False,normal_variation,down
2010-08-24,False,14.38,0.765,False,0.295,0.0,True,False,13,False,0,0,0.439,,False,normal_variation,up
2010-08-25,False,14.38,0.73,False,0.976,0.0,True,False,9,False,0,0,0.807,,False,normal_variation,up
2010-08-26,False,14.62,0.444,False,0.077,1.577,False,True,8,False,0,0,0.203,high,False,normal_variation,down
2010-08-27,False,14.62,1.162,False,0.588,0.0,True,False,7,False,2,0,0.963,,False,normal_variation,up
2010-08-30,False,14.62,0.393,True,0.0,1.826,False,True,8,False,0,2,0.031,,False,normal_variation,down
2010-08-31,False,15.0,0.9,False,0.111,0.0,False,False,10,False,0,0,0.617,,False,normal,
2010-09-01,False,15.12,1.041,False,0.254,0.0,True,False,12,False,0,0,0.924,low,False,normal_variation,up
2010-09-02,False,15.25,0.443,False,0.481,0.0,True,False,11,False,0,0,1.0,,False,normal_variation,up
2010-09-03,False,15.25,0.59,False,0.0,0.194,False,False,9,False,0,0,0.93,,False,normal,
2010-09-07,False,15.12,0.512,False,0.0,0.258,False,True,11,False,0,0,0.154,,False,normal_variation,down
2010-09-08,False,15.12,0.512,False,0.387,0.0,True,False,11,False,1,0,0.558,low,False,normal_variation,up
2010-09-09,False,14.88,0.387,True,0.0,0.913,False,True,9,False,0,0,0.295,high,False,normal_variation,down
2010-09-10,False,14.62,0.427,False,0.2,0.0,False,False,11,False,0,0,0.9,,False,normal,
2010-09-13,False,14.62,0.274,True,0.312,0.75,True,True,10,False,0,0,0.758,,False,neutral_center,
2010-09-14,False,14.62,0.359,True,1.333,0.0,True,False,10,False,0,0,0.469,,False,normal_variation,up
2010-09-15,False,14.5,0.586,False,0.471,0.0,True,False,11,False,2,0,0.92,,False,normal_variation,up
2010-09-16,False,13.38,0.43,False,0.348,0.0,True,False,11,False,0,0,0.968,,False,normal_variation,up
2010-09-17,False,12.38,0.788,False,0.0,0.0,False,False,13,False,0,0,0.333,,False,normal,
2010-09-20,False,11.62,0.882,False,0.854,0.0,True,False,8,False,2,0,0.868,,False,normal_variation,up
2010-09-21,False,12.38,0.263,True,1.615,1.615,True,True,12,False,0,2,0.364,,False,neutral_center,
2010-09-22,False,12.38,0.606,False,0.0,0.767,False,True,10,False,0,1,0.264,,False,normal_variation,down
2010-09-23,False,12.38,0.687,False,0.676,0.088,True,False,9,False,0,0,0.2,,False,normal_variation,up
2010-09-24,False,12.38,0.828,False,0.244,0.0,True,False,11,False,0,0,0.922,low,False,normal_variation,up
2010-09-27,False,12.38,0.404,False,0.2,0.45,False,True,10,False,0,0,0.152,,False,normal_variation,down
2010-09-28,False,11.62,1.097,False,0.471,0.0,True,False,11,False,2,0,0.827,,False,normal_variation,up
2010-09-29,False,11.62,0.581,False,0.333,0.0,True,False,10,False,2,0,0.444,,False,normal_variation,up
2010-09-30,False,10.88,0.874,False,0.0,1.342,False,True,9,False,0,0,0.236,,False,normal_variation,down
2010-10-01,False,10.88,0.943,False,0.0,0.171,False,False,9,False,0,0,0.562,,False,normal,
2010-10-04,False,11.5,0.609,False,0.0,1.429,False,True,9,False,0,0,0.338,,False,normal_variation,down
2010-10-05,False,12.12,0.557,False,1.481,0.0,True,False,7,False,1,0,0.836,low,False,trend,up
2010-10-06,False,12.38,0.323,True,0.0,0.938,False,True,10,False,0,0,0.581,,False,normal_variation,down
2010-10-07,False,12.38,0.707,False,0.0,0.543,False,True,10,False,0,0,0.5,high,False,normal_variation,down
2010-10-08,False,12.62,0.475,False,1.083,0.0,True,False,10,False,3,0,0.74,,False,normal_variation,up
2010-10-11,False,12.62,0.337,True,0.059,0.647,False,True,13,False,0,0,0.586,,False,normal_variation,down
2010-10-12,False,12.62,0.554,False,1.464,0.0,True,False,9,False,4,0,0.812,,False,normal_variation,up
2010-10-13,False,13.0,0.442,False,1.043,0.0,True,False,8,False,1,0,0.426,,False,normal_variation,up
2010-10-14,False,13.0,0.423,False,0.091,1.273,False,True,9,False,0,2,0.615,,False,normal_variation,down
2010-10-15,False,13.12,1.219,False,0.0,0.0,False,False,12,False,0,0,0.594,high,False,normal,
2010-10-18,False,13.38,0.579,False,0.516,0.0,True,False,10,False,0,0,0.872,,False,normal_variation,up
2010-10-19,False,13.12,0.667,False,0.257,0.829,True,True,8,False,0,1,0.37,,False,neutral_center,
2010-10-20,False,13.12,0.533,False,1.286,0.0,True,False,9,False,3,0,0.641,low,False,normal_variation,up
2010-10-21,False,13.25,0.642,False,0.059,1.176,False,True,8,False,0,0,0.487,,False,normal_variation,down
2010-10-22,False,13.25,0.396,True,0.0,0.0,False,False,13,False,0,0,0.714,,False,nontrend,
2010-10-25,False,13.25,0.528,False,0.0,0.679,False,True,11,False,0,4,0.085,,False,normal_variation,down
2010-10-26,False,13.25,0.66,False,0.114,0.0,False,False,12,False,0,0,0.846,,False,normal,
2010-10-27,False,12.75,0.608,False,0.194,0.452,False,True,10,False,0,2,0.863,,False,normal_variation,down
2010-10-28,False,12.88,0.738,False,0.0,0.368,False,True,10,False,0,0,0.481,high,False,normal_variation,down
2010-10-29,False,12.88,0.485,False,0.0,0.08,False,False,12,False,0,0,0.667,,False,normal,
2010-11-01,False,12.88,0.544,False,0.0,1.714,False,True,8,False,0,2,0.382,,False,normal_variation,down
2010-11-02,False,12.88,0.369,True,0.211,0.211,True,True,10,False,0,0,0.556,,False,neutral_center,
2010-11-03,False,12.62,0.238,True,0.833,3.5,True,True,8,False,1,3,0.969,,False,neutral_extreme,up
2010-11-04,False,12.88,0.408,False,1.333,0.0,True,False,10,False,4,0,0.918,,False,normal_variation,up
2010-11-05,False,12.62,0.436,False,0.364,0.0,True,False,9,False,0,0,0.733,,False,normal_variation,up
2010-11-08,False,12.5,0.38,True,0.421,0.105,True,False,12,False,2,0,0.793,,False,normal_variation,up
2010-11-09,False,12.5,0.46,False,0.0,2.217,False,True,7,False,0,2,0.27,high,False,normal_variation,down
2010-11-10,False,12.5,0.86,False,0.419,0.0,True,False,8,False,0,0,0.918,,False,normal_variation,up
2010-11-11,False,12.88,0.583,False,0.5,0.0,True,False,10,False,0,0,0.844,,False,normal_variation,up
2010-11-12,False,12.5,0.52,False,0.0,1.654,False,True,8,False,0,0,0.319,,False,normal_variation,down
2010-11-15,False,12.5,0.5,False,0.36,0.4,True,True,11,False,0,0,0.045,,False,neutral_extreme,down
2010-11-16,False,12.5,0.44,False,0.0,2.455,False,True,10,False,0,3,0.276,,False,normal_variation,down
2010-11-17,False,12.5,0.66,False,0.03,0.0,False,False,13,False,0,0,0.412,,False,normal,
2010-11-18,False,12.0,0.854,False,0.024,0.0,False,False,12,False,0,0,0.619,low,False,normal,
2010-11-19,False,11.5,0.587,False,0.667,0.0,True,False,10,False,2,0,0.933,,False,normal_variation,up
2010-11-22,False,11.5,0.609,False,0.0,1.143,False,True,9,False,0,1,0.933,,False,normal_variation,down
2010-11-23,False,11.75,0.681,False,0.0,0.281,False,True,13,False,0,0,0.415,,False,normal_variation,down
2010-11-24,False,11.75,0.66,False,0.419,0.0,True,False,12,False,1,0,0.932,low,False,normal_variation,up
2010-11-26,True,11.25,0.711,False,0.0,0.281,False,True,8,False,0,0,0.024,,False,normal_variation,down
2010-11-29,False,11.12,0.921,False,0.732,0.0,True,False,10,False,0,0,0.817,,False,normal_variation,up
2010-11-30,False,11.25,0.956,False,0.302,0.0,True,False,11,False,0,0,0.464,,False,normal_variation,up
2010-12-01,False,11.25,0.556,False,0.76,0.0,True,False,9,False,0,0,0.773,low,False,normal_variation,up
2010-12-02,False,11.25,0.911,False,0.512,0.0,True,False,9,False,2,0,0.919,low,False,normal_variation,up
2010-12-03,False,11.25,0.467,False,0.762,0.0,True,False,12,False,0,0,0.811,low,False,normal_variation,up
2010-12-06,False,11.12,0.337,True,0.467,0.0,True,False,13,False,1,0,0.409,,False,normal_variation,up
2010-12-07,False,11.12,0.539,False,0.0,1.083,False,True,10,False,0,4,0.04,high,False,normal_variation,down
2010-12-08,False,11.25,0.667,False,0.0,0.3,False,True,11,False,0,0,0.872,,False,normal_variation,down
2010-12-09,False,11.12,0.517,False,0.0,0.522,False,True,12,False,0,0,0.714,high,False,normal_variation,down
2010-12-10,False,11.0,0.432,False,0.842,0.0,True,False,7,False,2,0,0.857,,False,normal_variation,up
2010-12-13,False,11.0,0.364,True,0.375,0.312,True,True,12,False,2,0,0.037,,False,neutral_extreme,down
2010-12-14,False,10.75,0.419,False,0.333,0.778,True,True,10,False,0,0,0.368,,False,neutral_center,
2010-12-15,False,10.38,0.482,False,0.15,1.0,False,True,9,False,0,1,0.209,,False,normal_variation,down
2010-12-16,False,10.38,0.602,False,0.88,0.0,True,False,9,False,0,0,0.894,,False,normal_variation,up
2010-12-17,False,10.62,0.259,True,1.182,0.182,True,False,9,False,0,0,0.808,,False,trend,up
2010-12-20,False,10.5,0.571,False,0.375,0.208,True,True,9,False,0,0,0.632,,False,neutral_center,
2010-12-21,False,10.25,0.341,True,0.714,0.0,True,False,13,False,0,0,0.75,,False,normal_variation,up
2010-12-22,False,10.0,0.2,True,1.125,0.0,True,False,13,False,0,0,0.882,,False,trend,up
2010-12-23,False,9.62,0.286,True,0.0,0.818,False,True,12,False,0,0,0.6,,False,normal_variation,down
2010-12-27,False,9.5,0.421,False,0.812,0.0,True,False,7,False,0,0,0.828,low,False,normal_variation,up
2010-12-28,False,9.38,0.48,False,0.0,0.0,False,False,10,False,0,0,0.667,,False,normal,
2010-12-29,False,9.0,0.25,True,0.333,0.0,True,False,13,False,0,0,0.083,,False,normal_variation,up
2010-12-30,False,8.75,0.543,False,0.0,0.158,False,False,13,False,0,0,0.455,,False,normal,
2010-12-31,False,8.0,0.406,False,0.692,0.0,True,False,13,False,0,0,0.864,,False,normal_variation,up
2011-01-03,False,7.0,0.929,False,0.5,0.0,True,False,9,False,0,0,0.41,low,False,normal_variation,up
2011-01-04,False,7.0,0.929,False,0.0,0.808,False,True,10,False,0,1,0.617,high,False,normal_variation,down
2011-01-05,False,8.0,0.719,False,1.261,0.0,True,False,10,False,2,0,0.923,low,False,normal_variation,up
2011-01-06,False,8.0,0.375,True,0.25,1.5,True,True,11,False,0,0,0.485,,False,neutral_center,
2011-01-07,False,7.75,0.806,False,0.0,1.6,False,True,8,False,0,0,0.6,,False,normal_variation,down
2011-01-10,False,7.75,0.806,False,0.6,0.0,True,False,11,False,1,0,0.825,,False,normal_variation,up
2011-01-11,False,7.75,0.581,False,0.167,0.667,False,True,10,False,0,0,0.636,,False,normal_variation,down
2011-01-12,False,8.25,0.455,False,1.0,0.0,True,False,11,False,1,0,0.833,,False,trend,up
2011-01-13,False,7.88,0.635,False,0.05,0.3,False,True,12,False,0,0,0.556,high,False,normal_variation,down
2011-01-14,False,7.38,0.746,False,1.273,0.0,True,False,6,False,2,0,0.96,low,False,normal_variation,up
2011-01-18,False,7.38,0.61,False,0.333,0.0,True,False,12,False,0,0,0.875,,False,normal_variation,up
2011-01-19,False,7.38,1.051,False,0.0,1.097,False,True,8,False,0,2,0.231,high,False,normal_variation,down
2011-01-20,False,7.38,1.051,False,0.29,0.355,True,True,8,False,0,0,0.765,,False,neutral_center,
2011-01-21,False,7.88,0.603,False,0.0,1.0,False,True,12,False,0,4,0.184,,False,normal_variation,down
2011-01-24,False,8.25,0.515,False,1.353,0.0,True,False,10,False,1,0,0.875,low,False,trend,up
2011-01-25,False,8.88,0.732,False,0.0,0.769,False,True,11,False,0,2,0.913,,False,normal_variation,down
2011-01-26,False,9.62,0.753,False,0.172,0.0,False,False,12,False,0,0,0.559,,False,normal,
2011-01-27,False,9.62,0.623,False,0.042,0.208,False,True,12,False,0,0,0.733,,False,normal_variation,down
2011-01-28,False,9.62,1.169,False,0.0,1.533,False,True,8,False,0,2,0.07,high,False,normal_variation,down
2011-01-31,False,9.88,0.481,False,1.211,0.0,True,False,9,False,1,0,0.905,,False,trend,up
2011-02-01,False,10.0,0.775,False,1.097,0.0,True,False,8,False,3,0,0.846,low,False,normal_variation,up
2011-02-02,False,10.25,0.439,False,0.111,0.0,False,False,13,False,0,0,0.25,,False,normal,
2011-02-03,False,10.0,0.975,False,0.462,0.0,True,False,9,False,0,0,0.86,,False,normal_variation,up
2011-02-04,False,10.0,0.625,False,0.28,0.32,True,True,10,False,0,0,0.925,,False,neutral_extreme,up
2011-02-07,False,10.0,0.775,False,0.29,0.0,True,False,11,False,0,0,0.55,low,False,normal_variation,up
2011-02-08,False,10.0,0.625,False,0.48,0.0,True,False,11,False,0,0,0.919,,False,normal_variation,up
2011-02-09,False,10.0,0.375,True,0.267,1.467,True,True,10,False,0,2,0.683,,False,neutral_center,
2011-02-10,False,10.0,0.8,False,0.5,0.0,True,False,12,False,5,0,0.896,,False,normal_variation,up
2011-02-11,False,10.12,0.568,False,1.696,0.0,True,False,8,False,1,0,0.887,low,False,trend,up
2011-02-14,False,10.38,0.337,True,0.714,0.214,True,True,11,False,2,0,0.778,,False,neutral_center,
2011-02-15,False,10.12,0.568,False,0.0,0.0,False,False,12,False,0,0,0.652,,False,normal,
2011-02-16,False,10.12,0.42,False,0.471,0.529,True,True,12,False,0,0,0.735,,False,neutral_center,
2011-02-17,False,10.0,0.475,False,1.316,0.0,True,False,8,False,2,0,0.841,,False,normal_variation,up
2011-02-18,False,10.0,0.275,True,1.091,0.273,True,True,9,False,0,0,0.808,,False,neutral_extreme,up
2011-02-22,False,10.0,1.125,False,0.0,1.156,False,True,7,False,0,1,0.155,,False,trend,down
2011-02-23,False,10.12,0.864,False,0.0,1.171,False,True,8,False,0,0,0.461,,False,normal_variation,down
2011-02-24,False,10.12,0.716,False,0.0,1.414,False,True,9,False,0,1,0.714,,False,normal_variation,down
2011-02-25,False,10.38,0.747,False,0.323,0.0,True,False,11,False,1,0,0.902,low,False,normal_variation,up
2011-02-28,False,10.38,0.602,False,0.0,0.56,False,True,9,False,0,1,0.821,,False,normal_variation,down
2011-03-01,False,10.25,1.317,False,0.0,1.074,False,True,5,True,0,1,0.009,high,False,trend,down
2011-03-02,False,10.25,0.683,False,0.571,0.179,True,False,12,False,0,0,0.51,,False,normal_variation,up
2011-03-03,False,10.25,0.61,False,1.04,0.0,True,False,8,False,1,0,0.863,low,False,trend,up
2011-03-04,False,10.62,1.059,False,0.0,0.711,False,True,8,False,0,1,0.468,high,False,normal_variation,down
2011-03-07,False,10.62,0.635,False,0.0,2.63,False,True,8,False,0,0,0.286,,False,normal_variation,down
2011-03-08,False,11.5,1.13,False,0.519,0.0,True,False,9,False,0,0,0.772,,False,normal_variation,up
2011-03-09,False,12.12,0.722,False,0.2,0.171,False,False,12,False,0,0,0.646,,False,normal,
2011-03-10,False,12.12,0.948,False,0.0,0.087,False,False,13,False,0,0,0.12,high,False,normal,
2011-03-11,False,12.38,0.626,False,1.387,0.0,True,False,6,False,2,0,0.73,low,False,normal_variation,up
2011-03-14,False,12.62,0.436,False,0.0,1.591,False,True,9,False,0,0,0.737,,False,normal_variation,down
2011-03-15,False,12.62,1.03,False,1.192,0.0,True,False,9,False,1,0,0.754,low,False,normal_variation,up
2011-03-16,False,13.5,0.556,False,0.233,3.167,True,True,8,False,0,2,0.28,,False,neutral_center,
2011-03-17,False,15.88,0.583,False,0.0,0.405,False,True,10,False,0,0,0.538,,False,normal_variation,down
2011-03-18,False,15.88,0.472,False,0.0,0.9,False,True,10,False,0,0,0.211,high,False,normal_variation,down
2011-03-21,False,15.88,0.535,False,0.0,0.0,False,False,13,False,0,0,0.618,,False,normal,
2011-03-22,False,15.88,0.299,True,0.0,0.526,False,True,13,False,0,3,0.207,,False,normal_variation,down
2011-03-23,False,14.25,0.491,False,1.429,0.0,True,False,6,False,1,0,0.794,,False,normal_variation,up
2011-03-24,False,14.25,0.544,False,0.839,0.0,True,False,10,False,2,0,0.86,,False,normal_variation,up
2011-03-25,False,14.25,0.281,True,1.312,0.0,True,False,10,False,0,0,0.324,,False,normal_variation,up
2011-03-28,False,14.25,0.316,True,0.056,1.167,False,True,12,False,0,2,0.025,,False,normal_variation,down
2011-03-29,False,14.25,0.561,False,0.844,0.0,True,False,7,False,2,0,0.949,,False,normal_variation,up
2011-03-30,False,14.25,0.281,True,1.062,0.0,True,False,9,False,0,0,0.485,,False,normal_variation,up
2011-03-31,False,14.25,0.316,True,0.111,0.056,False,False,12,False,0,0,0.238,,False,nontrend,
2011-04-01,False,14.25,0.456,False,0.231,0.231,True,True,9,False,0,0,0.316,,False,neutral_center,
2011-04-04,False,13.62,0.385,True,0.0,0.524,False,True,11,False,0,0,0.469,,False,normal_variation,down
2011-04-05,False,12.75,0.412,False,0.714,0.0,True,False,9,False,0,0,0.278,low,False,normal_variation,up
2011-04-06,False,12.25,0.408,False,0.0,0.8,False,True,10,False,0,0,0.583,,False,normal_variation,down
2011-04-07,False,11.25,0.511,False,0.0,1.261,False,True,11,False,0,0,0.519,,False,normal_variation,down
2011-04-08,False,11.5,0.63,False,0.0,1.345,False,True,9,False,0,0,0.294,high,False,normal_variation,down
2011-04-11,False,11.5,0.457,False,0.0,1.524,False,True,7,False,0,1,0.226,,False,normal_variation,down
2011-04-12,False,11.5,0.674,False,0.0,0.323,False,True,10,False,0,0,0.488,,False,normal_variation,down
2011-04-13,False,10.12,0.667,False,0.0,0.852,False,True,8,False,0,0,0.4,high,False,normal_variation,down
2011-04-14,False,10.12,0.84,False,0.765,0.0,True,False,10,False,2,0,0.867,,False,normal_variation,up
2011-04-15,False,10.12,0.691,False,0.393,0.0,True,False,10,False,1,0,0.692,,False,normal_variation,up
2011-04-18,False,9.88,1.063,False,0.19,0.095,False,False,9,False,0,0,0.796,,False,normal,
2011-04-19,False,10.12,0.469,False,0.579,0.368,True,True,8,False,1,0,0.919,,False,neutral_extreme,up
2011-04-20,False,10.12,0.617,False,0.0,0.0,False,False,11,False,0,0,0.6,,False,normal,
2011-04-21,False,9.88,0.481,False,0.105,0.0,False,False,13,False,0,0,0.81,,False,normal,
2011-04-25,False,9.62,0.597,False,0.0,0.174,False,False,12,False,0,0,0.63,,False,normal,
2011-04-26,False,9.62,0.545,False,1.238,0.0,True,False,11,False,0,0,0.766,,False,normal_variation,up
2011-04-27,False,9.62,0.494,False,1.632,0.316,True,True,7,False,0,0,0.821,,False,neutral_extreme,up
2011-04-28,False,9.62,0.468,False,1.0,0.0,True,False,12,False,2,0,0.778,low,False,normal_variation,up
2011-04-29,False,9.62,0.364,True,0.643,0.0,True,False,12,False,2,0,0.826,,False,normal_variation,up
2011-05-02,False,9.62,0.494,False,0.158,1.474,False,True,8,False,0,2,0.22,,False,normal_variation,down
2011-05-03,False,10.0,0.525,False,0.0,1.19,False,True,7,False,0,0,0.609,,False,normal_variation,down
2011-05-04,False,10.88,1.103,False,0.0,0.271,False,True,9,False,0,1,0.41,high,False,normal_variation,down
2011-05-05,False,11.62,0.645,False,0.6,1.0,True,True,8,False,0,0,0.321,,False,neutral_center,
2011-05-06,False,12.12,0.557,False,0.296,1.667,True,True,6,False,0,1,0.262,,False,neutral_center,
2011-05-09,False,12.12,0.392,True,1.316,0.105,True,False,8,False,0,0,0.652,,False,normal_variation,up
2011-05-10,False,11.62,0.559,False,0.731,0.0,True,False,10,False,0,0,0.778,,False,normal_variation,up
2011-05-11,False,11.5,0.457,False,0.0,2.667,False,True,8,False,0,1,0.338,high,False,normal_variation,down
2011-05-12,False,11.62,0.688,False,1.5,0.0,True,False,6,False,2,0,0.862,,False,normal_variation,up
2011-05-13,False,11.62,0.667,False,0.0,1.323,False,True,9,False,0,0,0.264,high,False,normal_variation,down
2011-05-16,False,11.62,0.796,False,0.432,0.351,True,True,8,False,0,0,0.136,,False,neutral_extreme,down
2011-05-17,False,12.12,0.722,False,0.0,0.457,False,True,11,False,0,0,0.863,,False,normal_variation,down
2011-05-18,False,12.12,0.515,False,1.52,0.0,True,False,9,False,1,0,0.905,,False,trend,up
2011-05-19,False,12.62,0.614,False,0.0,0.419,False,True,10,False,0,0,0.659,,False,normal_variation,down
2011-05-20,False,12.62,0.713,False,0.083,0.222,False,True,8,False,0,0,0.234,,False,normal_variation,down
2011-05-23,False,12.62,0.455,False,0.304,0.261,True,True,12,False,0,0,0.528,,False,neutral_center,
2011-05-24,False,12.62,0.356,True,0.0,1.389,False,True,9,False,0,1,0.256,,False,normal_variation,down
2011-05-25,False,12.62,0.495,False,1.52,0.0,True,False,10,False,3,0,0.619,low,False,normal_variation,up
2011-05-26,False,12.62,0.535,False,1.222,0.0,True,False,6,False,0,0,0.817,,False,trend,up
2011-05-27,False,13.88,0.378,True,0.333,0.0,True,False,12,False,0,0,0.464,,False,normal_variation,up
2011-05-31,False,13.88,0.577,False,0.031,0.344,False,True,12,False,0,0,0.977,,False,normal_variation,down
2011-06-01,False,13.88,0.703,False,0.0,1.949,False,True,5,True,0,2,0.035,high,False,normal_variation,down
2011-06-02,False,15.12,0.579,False,0.0,0.457,False,True,11,False,0,0,0.588,,False,normal_variation,down
2011-06-03,False,13.88,0.631,False,0.543,0.0,True,False,9,False,2,0,0.259,low,False,normal_variation,up
2011-06-06,False,13.12,0.629,False,0.0,0.818,False,True,9,False,0,0,0.133,,False,normal_variation,down
2011-06-07,False,13.12,0.419,False,0.318,0.909,True,True,12,False,0,0,0.061,,False,neutral_extreme,down
2011-06-08,False,13.12,0.476,False,0.2,0.44,False,True,12,False,0,1,0.244,,False,normal_variation,down
2011-06-09,False,13.12,0.686,False,0.667,0.0,True,False,10,False,2,0,0.617,,False,normal_variation,up
2011-06-10,False,13.12,0.724,False,0.0,0.789,False,True,9,False,0,2,0.162,high,False,normal_variation,down
2011-06-13,False,13.12,0.324,True,0.059,1.824,False,True,11,False,0,0,0.551,,False,normal_variation,down
2011-06-14,False,12.75,0.373,True,1.0,0.0,True,False,11,False,4,0,0.526,low,False,normal_variation,up
2011-06-15,False,12.5,0.52,False,0.0,2.077,False,True,8,False,0,1,0.175,,False,trend,down
2011-06-16,False,12.5,0.88,False,0.205,0.318,True,True,9,False,0,0,0.582,,False,neutral_center,
2011-06-17,False,12.5,0.62,False,0.0,0.742,False,True,11,False,0,3,0.352,high,False,normal_variation,down
2011-06-20,False,13.12,0.533,False,1.0,0.0,True,False,10,False,0,0,0.821,low,False,trend,up
2011-06-21,False,13.5,0.593,False,0.906,0.0,True,False,10,False,4,0,0.803,,False,normal_variation,up
2011-06-22,False,13.75,0.491,False,0.333,0.519,True,True,11,False,0,0,0.06,,False,neutral_extreme,down
2011-06-23,False,13.75,0.636,False,1.371,0.171,True,False,9,False,2,0,0.966,,False,normal_variation,up
2011-06-24,False,13.75,1.0,False,0.0,0.309,False,True,10,False,0,1,0.111,high,False,normal_variation,down
2011-06-27,False,13.75,0.818,False,0.622,0.0,True,False,9,False,0,0,0.712,,False,normal_variation,up
2011-06-28,False,14.5,0.569,False,0.697,0.0,True,False,9,False,4,0,0.982,,False,normal_variation,up
2011-06-29,False,14.5,0.448,False,0.885,0.0,True,False,10,False,2,0,0.857,,False,normal_variation,up
2011-06-30,False,14.0,0.714,False,0.2,0.0,False,False,12,False,0,0,0.812,,False,normal,
2011-07-01,False,14.0,0.929,False,0.788,0.0,True,False,5,True,0,0,0.925,low,False,normal_variation,up
2011-07-05,False,14.5,0.362,True,0.19,0.143,False,False,12,False,0,0,0.571,,False,nontrend,
2011-07-06,False,14.0,0.429,False,0.708,0.0,True,False,10,False,0,0,0.854,,False,normal_variation,up
2011-07-07,False,14.0,0.232,True,1.615,0.0,True,False,8,False,2,0,0.618,,False,normal_variation,up
2011-07-08,False,14.0,0.482,False,0.259,0.296,True,True,12,False,0,0,1.0,,False,neutral_extreme,up
2011-07-11,False,13.75,0.618,False,0.0,0.794,False,True,9,False,0,3,0.213,,False,normal_variation,down
2011-07-12,False,13.75,0.509,False,0.786,0.286,True,True,12,False,3,0,0.034,,False,neutral_extreme,down
2011-07-13,False,14.0,0.75,False,0.333,0.31,True,True,8,False,0,0,0.188,,False,neutral_extreme,down
2011-07-14,False,14.25,0.579,False,0.0,1.576,False,True,8,False,0,0,0.129,,False,trend,down
2011-07-15,False,14.25,0.772,False,0.0,0.0,False,False,12,False,0,0,0.841,,False,normal,
2011-07-18,False,14.0,0.839,False,0.0,0.426,False,True,10,False,0,0,0.582,,False,normal_variation,down
2011-07-19,False,14.25,0.561,False,1.0,0.0,True,False,8,False,0,0,0.906,low,False,trend,up
2011-07-20,False,14.88,0.504,False,0.0,0.0,False,False,12,False,0,0,0.3,,False,normal,
2011-07-21,False,14.25,1.053,False,0.133,0.0,False,False,10,False,0,0,0.809,,False,normal,
2011-07-22,False,14.88,0.605,False,0.111,0.0,False,False,10,False,0,0,0.825,,False,normal,
2011-07-25,False,14.25,0.684,False,0.385,0.0,True,False,11,False,0,0,0.519,,False,normal_variation,up
2011-07-26,False,13.75,0.636,False,0.086,0.0,False,False,12,False,0,0,0.316,,False,normal,
2011-07-27,False,12.88,1.029,False,0.0,0.679,False,True,9,False,0,0,0.09,high,False,normal_variation,down
2011-07-28,False,12.88,0.621,False,0.688,0.531,True,True,8,False,1,0,0.127,,False,neutral_extreme,down
2011-07-29,False,14.0,0.821,False,0.935,0.0,True,False,10,False,0,0,0.438,,False,normal_variation,up
2011-08-01,False,14.88,1.966,False,0.0,0.179,False,False,9,False,0,0,0.362,high,False,normal,
2011-08-02,False,14.88,0.471,False,0.0,3.321,False,True,6,False,0,2,0.008,,False,normal_variation,down
2011-08-03,False,15.62,0.88,False,0.291,0.727,True,True,8,False,0,0,0.964,,False,neutral_extreme,up
2011-08-04,False,16.38,0.718,False,0.0,2.894,False,True,7,False,0,2,0.033,high,False,normal_variation,down
2011-08-05,False,16.88,1.926,False,0.0,0.608,False,True,10,False,0,0,0.608,high,False,normal_variation,down
2011-08-08,False,17.12,1.591,False,0.0,1.33,False,True,7,False,0,0,0.035,,False,trend,down
2011-08-09,False,17.5,1.6,False,0.911,0.696,True,True,10,False,0,0,0.993,,False,neutral_extreme,up
2011-08-10,False,19.5,1.359,False,0.311,0.33,True,True,11,False,0,0,0.069,,False,neutral_extreme,down
2011-08-11,False,21.75,1.057,False,1.652,0.0,True,False,6,False,2,0,0.738,low,False,normal_variation,up
2011-08-12,False,22.25,0.843,False,0.027,0.0,False,False,11,False,0,0,0.455,,False,normal,
2011-08-15,False,22.25,0.506,False,0.444,0.089,True,False,8,False,0,0,0.971,,False,normal_variation,up
2011-08-16,False,22.25,0.438,False,0.795,0.667,True,True,9,False,1,0,0.521,,False,neutral_center,
2011-08-17,False,23.12,0.508,False,0.0,1.149,False,True,8,False,0,0,0.386,,False,normal_variation,down
2011-08-18,False,24.62,1.218,False,0.0,0.092,False,False,10,False,0,0,0.366,high,False,normal,
2011-08-19,False,26.5,1.142,False,0.0,0.132,False,False,8,False,0,0,0.066,,False,normal,
2011-08-22,False,29.0,0.509,False,0.0,0.898,False,True,9,False,0,3,0.125,high,False,normal_variation,down
2011-08-23,False,29.12,0.618,False,1.208,0.0,True,False,7,False,1,0,0.975,,False,trend,up
2011-08-24,False,31.5,0.651,False,0.134,0.0,False,False,10,False,0,0,0.935,,False,normal,
2011-08-25,False,31.5,0.81,False,0.0,0.392,False,True,11,False,0,3,0.134,,False,normal_variation,down
2011-08-26,False,33.5,0.739,False,0.899,0.0,True,False,8,False,0,0,0.878,,False,normal_variation,up
2011-08-29,False,34.38,0.284,True,1.0,0.0,True,False,6,False,1,0,0.974,low,False,trend,up
2011-08-30,False,33.5,0.381,True,0.98,0.0,True,False,8,False,3,0,0.683,,False,normal_variation,up
2011-08-31,False,33.5,0.358,True,0.0,0.854,False,True,8,False,0,0,0.438,,False,normal_variation,down
2011-09-01,False,33.5,0.515,False,0.0,0.522,False,True,8,False,0,1,0.067,,False,normal_variation,down
2011-09-02,False,30.38,0.329,True,0.0,0.675,False,True,8,False,0,0,0.254,,False,normal_variation,down
2011-09-06,False,27.12,0.581,False,0.778,0.0,True,False,7,False,1,0,0.946,low,False,normal_variation,up
2011-09-07,False,27.12,0.304,True,1.455,0.0,True,False,5,True,0,0,0.951,,False,trend,up
2011-09-08,False,25.75,0.379,True,0.59,0.641,True,True,8,False,0,0,0.126,,False,neutral_extreme,down
2011-09-09,False,25.25,0.376,True,0.211,1.816,True,True,9,False,0,2,0.217,,False,neutral_center,
2011-09-12,False,25.25,0.723,False,0.288,0.219,True,True,11,False,0,0,0.982,,False,neutral_extreme,up
2011-09-13,False,25.75,0.68,False,0.143,0.0,False,False,10,False,0,0,0.762,,False,normal,
2011-09-14,False,25.75,0.748,False,1.13,0.0,True,False,5,True,1,0,0.652,,False,normal_variation,up
2011-09-15,False,26.88,0.372,True,0.475,0.425,True,True,8,False,1,1,0.987,,False,neutral_extreme,up
2011-09-16,False,26.88,0.335,True,0.0,0.889,False,True,12,False,0,0,0.721,,False,normal_variation,down
2011-09-19,False,25.75,0.379,True,1.282,0.0,True,False,9,False,3,0,0.73,,False,normal_variation,up
2011-09-20,False,24.25,0.443,False,0.86,0.0,True,False,9,False,0,0,0.112,,False,normal_variation,up
2011-09-21,False,22.75,0.319,True,0.0,4.724,False,True,9,False,0,2,0.006,high,False,normal_variation,down
2011-09-22,False,22.75,0.681,False,0.0,0.887,False,True,10,False,0,1,0.547,,False,normal_variation,down
2011-09-23,False,23.75,0.621,False,0.475,0.0,True,False,13,False,3,0,0.667,low,False,normal_variation,up
2011-09-26,False,22.25,0.831,False,0.851,0.014,True,False,8,False,0,0,0.942,,False,normal_variation,up
2011-09-27,False,22.25,0.438,False,0.436,1.359,True,True,11,False,0,0,0.266,,False,neutral_center,
2011-09-28,False,23.75,0.611,False,0.0,1.466,False,True,7,False,0,2,0.049,,False,normal_variation,down
2011-09-29,False,24.25,0.567,False,0.0,1.709,False,True,7,False,0,2,0.564,,False,normal_variation,down
2011-09-30,False,26.75,0.495,False,0.094,0.755,False,True,10,False,0,0,0.061,,False,normal_variation,down
2011-10-03,False,25.88,0.734,False,0.0,1.184,False,True,6,False,0,2,0.018,,False,normal_variation,down
2011-10-04,False,27.38,0.539,False,2.508,0.0,True,False,9,False,6,0,0.952,,False,normal_variation,up
2011-10-05,False,27.38,0.511,False,1.268,0.0,True,False,9,False,3,0,0.913,,False,normal_variation,up
2011-10-06,False,28.12,0.533,False,1.1,0.0,True,False,10,False,4,0,0.952,,False,normal_variation,up
2011-10-07,False,29.0,0.31,True,0.0,1.417,False,True,8,False,0,2,0.299,high,False,normal_variation,down
2011-10-10,False,28.38,0.458,False,0.519,0.0,True,False,12,False,2,0,0.987,low,False,normal_variation,up
2011-10-11,False,28.25,0.319,True,0.417,0.0,True,False,12,False,0,0,0.706,low,False,normal_variation,up
2011-10-12,False,28.25,0.372,True,0.738,0.0,True,False,11,False,3,0,0.219,,False,normal_variation,up
2011-10-13,False,25.88,0.3,True,1.032,0.258,True,True,8,False,1,0,0.789,,False,neutral_center,
2011-10-14,False,25.88,0.309,True,0.438,0.312,True,True,10,False,0,0,0.964,,False,neutral_extreme,up
2011-10-17,False,25.88,0.377,True,0.0,1.231,False,True,7,False,0,3,0.138,high,False,normal_variation,down
2011-10-18,False,25.88,0.493,False,2.412,0.0,True,False,6,False,0,0,0.782,,False,normal_variation,up
2011-10-19,False,28.25,0.354,True,0.0,1.375,False,True,9,False,0,1,0.158,,False,trend,down
2011-10-20,False,25.88,0.367,True,0.316,1.105,True,True,9,False,0,1,0.783,,False,neutral_center,
2011-10-21,False,24.12,0.456,False,0.091,0.182,False,False,9,False,0,0,0.875,,False,normal,
2011-10-24,False,24.12,0.466,False,0.556,0.0,True,False,10,False,2,0,0.814,low,False,normal_variation,up
2011-10-25,False,23.38,0.706,False,0.0,0.318,False,True,12,False,0,0,0.138,high,False,normal_variation,down
2011-10-26,False,22.38,0.626,False,0.196,0.661,False,True,8,False,0,0,0.827,,False,normal_variation,down
2011-10-27,False,22.38,0.503,False,1.489,0.044,True,False,5,True,0,0,0.702,,False,normal_variation,up
2011-10-28,False,22.38,0.291,True,0.654,0.0,True,False,13,False,3,0,0.744,,False,normal_variation,up
2011-10-31,False,21.75,0.264,True,0.0,2.391,False,True,12,False,0,2,0.013,high,False,normal_variation,down
2011-11-01,False,21.75,0.816,False,0.127,0.0,False,False,10,False,0,0,0.238,,False,normal,
2011-11-02,False,20.88,0.359,True,0.533,0.667,True,True,10,False,0,0,0.727,,False,neutral_center,
2011-11-03,False,19.88,0.918,False,0.603,0.0,True,False,6,False,1,0,0.915,,False,normal_variation,up
2011-11-04,False,19.88,0.604,False,0.146,0.271,False,True,7,False,0,0,0.882,,False,normal_variation,down
2011-11-07,False,19.62,0.446,False,0.286,1.229,True,True,7,False,0,1,0.955,,False,neutral_extreme,up
2011-11-08,False,19.75,0.62,False,0.531,0.388,True,True,7,False,0,0,0.936,,False,neutral_extreme,up
2011-11-09,False,20.88,0.419,False,0.343,1.686,True,True,8,False,0,0,0.113,,False,neutral_extreme,down
2011-11-10,False,21.75,0.586,False,0.078,0.451,False,True,10,False,0,0,0.654,high,False,normal_variation,down
2011-11-11,False,21.75,0.322,True,0.75,0.0,True,False,10,False,0,0,0.755,low,False,normal_variation,up
2011-11-14,False,21.75,0.368,True,0.0,0.844,False,True,8,False,0,2,0.39,,False,normal_variation,down
2011-11-15,False,20.88,0.431,False,1.0,0.278,True,True,6,False,0,0,0.683,,False,neutral_center,
2011-11-16,False,20.25,0.37,True,1.267,1.0,True,True,8,False,2,0,0.071,,False,neutral_extreme,down
2011-11-17,False,20.25,0.506,False,0.195,1.683,False,True,7,False,0,3,0.305,,True,double_distribution_trend,down
2011-11-18,False,20.25,0.457,False,0.108,0.297,False,True,12,False,0,0,0.404,,False,normal_variation,down
2011-11-21,False,20.25,0.519,False,0.0,0.643,False,True,10,False,0,0,0.58,,False,normal_variation,down
2011-11-22,False,20.25,0.432,False,0.086,0.743,False,True,11,False,0,0,0.406,,False,normal_variation,down
2011-11-23,False,19.75,0.582,False,0.0,0.435,False,True,11,False,0,5,0.045,high,False,normal_variation,down
2011-11-25,True,19.5,0.705,False,0.0,0.6,False,True,5,True,0,0,0.193,,False,normal_variation,down
2011-11-28,False,19.5,0.423,False,0.091,0.576,False,True,9,False,0,0,0.636,,False,normal_variation,down
2011-11-29,False,19.5,0.641,False,0.0,0.0,False,False,10,False,0,0,0.32,,False,normal,
2011-11-30,False,18.38,0.531,False,1.077,0.0,True,False,12,False,4,0,0.938,,False,normal_variation,up
2011-12-01,False,18.38,0.517,False,0.0,0.289,False,True,11,False,0,0,0.449,,False,normal_variation,down
2011-12-02,False,18.38,0.435,False,0.0,1.188,False,True,9,False,0,1,0.043,,False,trend,down
2011-12-05,False,17.38,0.374,True,0.115,1.577,False,True,9,False,0,2,0.443,,False,normal_variation,down
2011-12-06,False,17.5,0.4,False,0.964,0.0,True,False,12,False,0,0,0.4,,False,normal_variation,up
2011-12-07,False,17.38,0.518,False,1.528,0.028,True,False,8,False,4,0,0.728,,False,normal_variation,up
2011-12-08,False,17.38,0.576,False,0.0,1.55,False,True,8,False,0,4,0.137,,False,normal_variation,down
2011-12-09,False,17.38,0.662,False,0.717,0.0,True,False,9,False,2,0,0.81,low,False,normal_variation,up
2011-12-12,False,17.38,0.676,False,0.0,0.553,False,True,9,False,0,0,0.562,high,False,normal_variation,down
2011-12-13,False,17.5,0.429,False,0.0,3.2,False,True,8,False,0,3,0.206,,False,normal_variation,down
2011-12-14,False,17.88,0.685,False,0.0,0.306,False,True,12,False,0,4,0.172,,False,normal_variation,down
2011-12-15,False,17.5,0.429,False,0.0,0.633,False,True,11,False,0,0,0.143,,False,normal_variation,down
2011-12-16,False,17.38,0.518,False,0.0,0.861,False,True,8,False,0,0,0.209,,False,normal_variation,down
2011-12-19,False,17.0,0.309,True,0.0,3.381,False,True,9,False,0,3,0.13,,False,normal_variation,down
2011-12-20,False,17.38,0.676,False,0.723,0.0,True,False,7,False,3,0,0.877,low,False,normal_variation,up
2011-12-21,False,17.5,0.571,False,0.3,0.325,True,True,10,False,0,0,0.892,,False,neutral_extreme,up
2011-12-22,False,17.5,0.443,False,0.355,0.0,True,False,10,False,0,0,0.929,,False,normal_variation,up
2011-12-23,False,17.5,0.243,True,1.471,0.0,True,False,9,False,3,0,0.929,,False,normal_variation,up
2011-12-27,False,17.12,0.453,False,0.0,0.0,False,False,12,False,0,0,0.581,,False,normal,
2011-12-28,False,17.12,0.701,False,0.0,0.521,False,True,9,False,0,2,0.123,high,False,normal_variation,down
2011-12-29,False,17.5,0.343,True,0.833,0.0,True,False,11,False,3,0,0.886,low,False,normal_variation,up
2011-12-30,False,17.12,0.263,True,0.0,0.722,False,True,11,False,0,1,0.065,,False,normal_variation,down
2012-01-03,False,17.12,0.394,True,0.0,0.407,False,True,9,False,0,0,0.132,,False,normal_variation,down
2012-01-04,False,16.5,0.364,True,0.583,0.25,True,True,9,False,1,0,0.886,,False,neutral_extreme,up
2012-01-05,False,16.12,0.465,False,1.433,0.0,True,False,7,False,0,0,0.904,,False,trend,up
2012-01-06,False,16.5,0.561,False,0.0,0.0,False,False,12,False,0,0,0.568,high,False,normal,
2012-01-09,False,16.12,0.341,True,0.091,0.318,False,True,11,False,0,0,0.742,,False,normal_variation,down
2012-01-10,False,14.12,0.354,True,0.0,0.4,False,True,10,False,0,0,0.286,,False,normal_variation,down
2012-01-11,False,11.62,0.473,False,0.591,0.0,True,False,12,False,1,0,0.857,,False,normal_variation,up
2012-01-12,False,11.0,0.932,False,0.0,0.171,False,False,9,False,0,0,0.833,,False,normal,
2012-01-13,False,11.0,0.909,False,0.25,0.0,True,False,9,False,0,0,1.0,,False,normal_variation,up
2012-01-17,False,11.0,0.545,False,0.0,1.167,False,True,10,False,0,0,0.212,,False,normal_variation,down
2012-01-18,False,11.0,1.0,False,0.614,0.0,True,False,7,False,1,0,0.958,,False,normal_variation,up
2012-01-19,False,11.0,0.432,False,0.684,0.0,True,False,13,False,2,0,0.875,,False,normal_variation,up
2012-01-20,False,10.75,0.372,True,0.438,0.188,True,False,12,False,0,0,0.962,,False,normal_variation,up
2012-01-23,False,10.5,0.762,False,0.0,0.625,False,True,8,False,0,0,0.5,,False,normal_variation,down
2012-01-24,False,10.5,0.5,False,0.762,0.0,True,False,11,False,2,0,0.946,,False,normal_variation,up
2012-01-25,False,10.0,0.525,False,3.143,0.0,True,False,7,False,2,0,0.851,,False,normal_variation,up
2012-01-26,False,10.25,0.732,False,0.0,1.733,False,True,7,False,0,3,0.256,,False,normal_variation,down
2012-01-27,False,11.0,0.636,False,0.286,0.036,True,False,11,False,0,0,0.622,,False,normal_variation,up
2012-01-30,False,10.25,0.512,False,1.667,0.0,True,False,6,False,2,0,0.929,,False,normal_variation,up
2012-01-31,False,10.25,1.0,False,0.0,0.488,False,True,11,False,0,0,0.377,,False,normal_variation,down
2012-02-01,False,11.5,0.587,False,0.519,0.0,True,False,10,False,0,0,0.341,,False,normal_variation,up
2012-02-02,False,11.5,0.435,False,0.35,0.35,True,True,11,False,0,0,0.559,,False,neutral_center,
2012-02-03,False,11.12,0.562,False,0.4,0.0,True,False,12,False,3,0,0.914,,False,normal_variation,up
2012-02-06,False,9.75,0.487,False,0.421,0.0,True,False,12,False,1,0,0.926,,False,normal_variation,up
2012-02-07,False,9.75,0.692,False,1.074,0.0,True,False,10,False,2,0,0.821,,False,normal_variation,up
2012-02-08,False,11.12,0.404,False,0.0,1.056,False,True,9,False,0,0,0.946,,False,normal_variation,down
2012-02-09,False,11.12,0.809,False,0.111,0.028,False,False,11,False,0,0,0.756,,False,normal,
2012-02-10,False,11.12,0.472,False,0.238,0.0,True,False,13,False,0,0,0.846,,False,normal_variation,up
2012-02-13,False,10.25,0.561,False,0.13,0.261,False,True,10,False,0,0,0.75,,False,normal_variation,down
2012-02-14,False,9.75,0.538,False,0.238,0.714,True,True,10,False,0,2,0.951,,False,neutral_extreme,up
2012-02-15,False,9.75,0.513,False,0.25,1.9,True,True,7,False,0,2,0.19,,False,neutral_extreme,down
2012-02-16,False,9.75,0.795,False,1.419,0.0,True,False,6,False,2,0,0.92,,False,normal_variation,up
2012-02-17,False,10.25,0.439,False,0.0,0.389,False,True,9,False,0,0,0.72,high,False,normal_variation,down
2012-02-21,False,10.25,0.488,False,0.45,0.55,True,True,9,False,1,0,0.425,,False,neutral_center,
2012-02-22,False,10.12,0.494,False,0.0,0.55,False,True,11,False,0,0,0.323,,False,normal_variation,down
2012-02-23,False,10.12,0.519,False,1.381,0.0,True,False,10,False,3,0,0.92,,False,normal_variation,up
2012-02-24,False,10.12,0.37,True,0.333,0.267,True,True,10,False,0,0,0.458,,False,neutral_center,
2012-02-27,False,9.62,0.701,False,1.63,0.0,True,False,10,False,1,0,0.761,,False,normal_variation,up
2012-02-28,False,10.12,0.667,False,0.111,0.0,False,False,12,False,0,0,0.867,,False,normal,
2012-02-29,False,9.62,0.519,False,0.0,2.0,False,True,10,False,0,3,0.117,,False,normal_variation,down
2012-03-01,False,9.62,0.753,False,0.241,0.0,True,False,11,False,0,0,0.694,,False,normal_variation,up
2012-03-02,False,9.12,0.466,False,0.0,0.941,False,True,12,False,0,0,0.424,,False,normal_variation,down
2012-03-05,False,9.12,0.877,False,0.0,0.156,False,False,10,False,0,0,0.541,,False,normal,
2012-03-06,False,9.25,0.703,False,0.0,0.692,False,True,10,False,0,1,0.318,high,False,normal_variation,down
2012-03-07,False,9.62,0.338,True,2.077,0.0,True,False,10,False,3,0,0.8,,False,normal_variation,up
2012-03-08,False,9.62,0.545,False,1.095,0.0,True,False,7,False,2,0,0.727,,False,normal_variation,up
2012-03-09,False,10.0,0.6,False,0.333,0.0,True,False,10,False,0,0,0.562,,False,normal_variation,up
2012-03-12,False,9.62,0.494,False,0.0,0.421,False,True,10,False,0,1,0.741,,False,normal_variation,down
2012-03-13,False,9.62,0.338,True,5.385,0.0,True,False,8,False,3,0,0.964,,False,normal_variation,up
2012-03-14,False,10.0,0.475,False,0.0,1.105,False,True,11,False,0,3,0.45,,False,normal_variation,down
2012-03-15,False,10.0,0.55,False,0.864,0.0,True,False,8,False,4,0,0.878,,False,normal_variation,up
2012-03-16,False,10.0,0.475,False,0.0,0.0,False,False,13,False,0,0,0.632,,False,normal,
2012-03-19,False,9.62,0.545,False,1.238,0.0,True,False,7,False,0,0,0.638,,False,normal_variation,up
2012-03-20,False,10.0,0.525,False,0.857,0.0,True,False,9,False,0,0,0.795,,False,normal_variation,up
2012-03-21,False,9.88,0.608,False,0.0,0.25,False,True,12,False,0,0,0.4,,False,normal_variation,down
2012-03-22,False,9.88,0.456,False,0.0,0.833,False,True,13,False,0,0,0.515,,False,normal_variation,down
2012-03-23,False,9.5,0.895,False,0.5,0.0,True,False,9,False,2,0,0.902,,False,normal_variation,up
2012-03-26,False,9.88,0.557,False,0.818,0.0,True,False,9,False,0,0,1.0,low,False,normal_variation,up
2012-03-27,False,9.88,0.329,True,0.0,1.385,False,True,13,False,0,3,0.097,,False,normal_variation,down
2012-03-28,False,9.88,0.506,False,0.0,2.35,False,True,8,False,0,0,0.507,,False,normal_variation,down
2012-03-29,False,9.88,0.658,False,0.846,0.231,True,True,10,False,0,0,0.833,,False,neutral_extreme,up
2012-03-30,False,10.0,0.7,False,0.107,0.357,False,True,11,False,0,0,0.683,high,False,normal_variation,down
2012-04-02,False,10.0,0.95,False,0.974,0.0,True,False,9,False,1,0,0.76,,False,normal_variation,up
2012-04-03,False,10.12,0.469,False,0.105,2.0,False,True,10,False,0,1,0.593,,False,normal_variation,down
2012-04-04,False,10.12,0.642,False,0.0,0.538,False,True,12,False,0,2,0.55,,False,normal_variation,down
2012-04-05,False,10.12,0.716,False,0.345,0.0,True,False,12,False,0,0,0.538,,False,normal_variation,up
2012-04-09,False,10.0,0.55,False,0.727,0.0,True,False,10,False,0,0,0.421,,False,normal_variation,up
2012-04-10,False,10.0,0.8,False,0.0,2.25,False,True,8,False,0,0,0.038,,False,trend,down
2012-04-11,False,10.12,0.444,False,0.167,0.611,False,True,12,False,0,3,0.219,,False,normal_variation,down
2012-04-12,False,10.0,0.875,False,1.143,0.0,True,False,8,False,3,0,0.96,low,False,normal_variation,up
2012-04-13,False,10.12,0.988,False,0.0,0.525,False,True,13,False,0,0,0.082,high,False,normal_variation,down
2012-04-16,False,10.12,1.432,False,0.0,0.0,False,False,12,False,0,0,0.293,,False,normal,
2012-04-17,False,11.0,0.659,False,1.345,0.0,True,False,8,False,1,0,0.824,,False,trend,up
2012-04-18,False,11.5,0.522,False,0.167,0.042,False,False,12,False,0,0,0.379,,False,normal,
2012-04-19,False,11.5,0.826,False,0.263,0.947,True,True,6,False,0,0,0.333,,False,neutral_center,
2012-04-20,False,13.12,0.381,True,0.4,0.55,True,True,8,False,0,0,0.077,,False,neutral_extreme,down
2012-04-23,False,13.12,0.552,False,0.379,0.0,True,False,9,False,0,0,0.875,,False,normal_variation,up
2012-04-24,False,11.88,0.674,False,0.062,0.0,False,False,9,False,0,0,0.647,,False,normal,
2012-04-25,False,11.88,0.526,False,0.12,0.04,False,False,11,False,0,0,0.897,,False,normal,
2012-04-26,False,11.88,0.526,False,1.44,0.0,True,False,7,False,0,0,0.869,low,False,trend,up
2012-04-27,False,11.88,0.674,False,0.219,0.0,True,False,11,False,0,0,0.641,,False,normal_variation,up
2012-04-30,False,10.12,0.568,False,0.0,0.261,False,True,12,False,0,0,0.448,,False,normal_variation,down
2012-05-01,False,10.0,1.525,False,0.344,0.0,True,False,8,False,0,0,0.549,low,False,normal_variation,up
2012-05-02,False,10.0,0.55,False,0.727,0.136,True,False,10,False,1,0,0.854,,False,normal_variation,up
2012-05-03,False,10.0,0.825,False,0.0,0.788,False,True,6,False,0,0,0.22,high,False,normal_variation,down
2012-05-04,False,10.12,0.914,False,0.0,0.919,False,True,9,False,0,2,0.056,high,False,normal_variation,down
2012-05-07,False,12.38,0.566,False,0.571,0.0,True,False,8,False,0,0,0.568,low,False,normal_variation,up
2012-05-08,False,12.75,0.706,False,0.278,0.778,True,True,8,False,0,0,0.878,,False,neutral_extreme,up
2012-05-09,False,12.75,0.824,False,1.048,0.0,True,False,8,False,2,0,0.581,,False,normal_variation,up
2012-05-10,False,14.62,0.462,False,0.0,0.704,False,True,11,False,0,3,0.261,,False,normal_variation,down
2012-05-11,False,13.0,0.981,False,0.392,0.0,True,False,8,False,0,0,0.268,low,False,normal_variation,up
2012-05-14,False,13.0,0.558,False,0.586,0.0,True,False,9,False,1,0,0.239,,False,normal_variation,up
2012-05-15,False,11.5,0.696,False,0.125,1.0,False,True,10,False,0,0,0.132,,False,trend,down
2012-05-16,False,11.5,0.717,False,0.0,1.121,False,True,9,False,0,1,0.043,,False,trend,down
2012-05-17,False,13.12,0.914,False,0.0,0.833,False,True,9,False,0,1,0.011,high,False,normal_variation,down
2012-05-18,False,13.12,0.438,False,0.304,2.304,True,True,9,False,0,2,0.133,,False,neutral_extreme,down
2012-05-21,False,15.0,0.683,False,1.024,0.0,True,False,9,False,2,0,0.976,,False,normal_variation,up
2012-05-22,False,16.12,0.682,False,0.159,0.568,False,True,9,False,0,0,0.395,,False,normal_variation,down
2012-05-23,False,17.25,0.638,False,0.773,0.5,True,True,8,False,0,0,0.92,,False,neutral_extreme,up
2012-05-24,False,17.62,0.411,False,0.241,0.759,True,True,9,False,0,1,0.759,,False,neutral_center,
2012-05-25,False,17.62,0.34,True,0.0,0.792,False,True,10,False,0,0,0.349,,False,normal_variation,down
2012-05-29,False,17.62,0.496,False,0.143,0.257,False,True,9,False,0,1,0.816,,False,normal_variation,down
2012-05-30,False,17.62,0.426,False,0.0,0.567,False,True,12,False,0,2,0.298,high,False,normal_variation,down
2012-05-31,False,17.25,0.754,False,0.481,0.192,True,False,9,False,0,0,0.552,,False,normal_variation,up
2012-06-01,False,17.62,0.468,False,0.0,1.091,False,True,7,False,0,3,0.029,,False,normal_variation,down
2012-06-04,False,17.62,0.681,False,0.0,0.354,False,True,9,False,0,1,0.646,,False,normal_variation,down
2012-06-05,False,17.38,0.734,False,0.176,0.0,False,False,9,False,0,0,0.833,low,False,normal,
2012-06-06,False,17.38,0.561,False,1.179,0.0,True,False,10,False,4,0,1.0,low,False,normal_variation,up
2012-06-07,False,17.38,0.619,False,0.0,0.628,False,True,11,False,0,0,0.143,high,False,normal_variation,down
2012-06-08,False,17.38,0.36,True,1.96,0.0,True,False,7,False,0,0,0.973,,False,trend,up
2012-06-11,False,17.5,0.8,False,0.0,1.107,False,True,8,False,0,3,0.068,high,False,normal_variation,down
2012-06-12,False,17.5,0.486,False,1.029,0.147,True,False,9,False,3,0,0.973,,False,normal_variation,up
2012-06-13,False,18.0,0.444,False,0.625,0.594,True,True,9,False,1,0,0.282,,False,neutral_center,
2012-06-14,False,18.12,0.552,False,1.05,0.0,True,False,12,False,5,0,0.756,,False,normal_variation,up
2012-06-15,False,18.5,0.297,True,1.091,0.0,True,False,10,False,0,0,0.87,,False,trend,up
2012-06-18,False,18.12,0.579,False,0.381,0.0,True,False,10,False,1,0,0.776,,False,normal_variation,up
2012-06-19,False,17.62,0.454,False,0.656,0.0,True,False,10,False,0,0,0.585,,False,normal_variation,up
2012-06-20,False,17.38,0.302,True,0.476,1.714,True,True,12,False,0,1,0.642,,False,neutral_center,
2012-06-21,False,17.0,0.632,False,0.0,2.256,False,True,5,True,0,1,0.043,high,False,trend,down
2012-06-22,False,17.0,0.294,True,0.9,0.35,True,True,11,False,1,0,0.756,,False,neutral_center,
2012-06-25,False,17.0,0.529,False,0.0,0.444,False,True,12,False,0,0,0.346,high,False,normal_variation,down
2012-06-26,False,17.0,0.382,True,0.615,0.654,True,True,9,False,0,1,0.712,,False,neutral_center,
2012-06-27,False,17.0,0.515,False,0.286,0.0,True,False,12,False,0,0,0.756,low,False,normal_variation,up
2012-06-28,False,17.0,0.382,True,0.846,0.846,True,True,10,False,0,2,0.871,,False,neutral_extreme,up
2012-06-29,False,17.0,0.456,False,0.839,0.0,True,False,8,False,2,0,0.982,,False,normal_variation,up
2012-07-02,False,16.5,0.682,False,0.0,0.022,False,False,9,False,0,0,0.804,,False,normal,
2012-07-03,True,15.88,0.441,False,0.679,0.0,True,False,6,False,0,0,0.936,,False,normal_variation,up
2012-07-05,False,15.75,0.508,False,0.406,0.0,True,False,11,False,0,0,0.489,,False,normal_variation,up
2012-07-06,False,14.62,0.359,True,0.0,0.81,False,True,10,False,0,2,0.737,,False,normal_variation,down
2012-07-09,False,14.38,0.539,False,0.0,0.097,False,False,13,False,0,0,0.735,,False,normal,
2012-07-10,False,13.75,0.673,False,0.0,1.811,False,True,6,False,0,4,0.192,high,False,normal_variation,down
2012-07-11,False,13.75,0.455,False,0.0,0.96,False,True,11,False,0,0,0.673,,False,normal_variation,down
2012-07-12,False,13.12,0.571,False,0.933,0.1,True,False,8,False,1,0,0.656,,False,normal_variation,up
2012-07-13,False,13.12,1.2,False,0.349,0.0,True,False,9,False,0,0,0.894,low,False,normal_variation,up
2012-07-16,False,13.12,0.495,False,0.462,0.0,True,False,12,False,0,0,0.553,,False,normal_variation,up
2012-07-17,False,13.12,0.914,False,0.333,0.438,True,True,8,False,0,0,0.882,,False,neutral_extreme,up
2012-07-18,False,13.12,0.895,False,0.447,0.0,True,False,9,False,0,0,0.838,low,False,normal_variation,up
2012-07-19,False,13.62,0.569,False,0.29,0.0,True,False,13,False,0,0,0.525,,False,normal_variation,up
2012-07-20,False,12.62,0.337,True,0.0,1.0,False,True,8,False,0,1,0.206,,False,normal_variation,down
2012-07-23,False,12.0,0.562,False,1.444,0.0,True,False,7,False,4,0,0.788,,False,normal_variation,up
2012-07-24,False,12.62,0.871,False,0.0,1.045,False,True,7,False,0,1,0.433,high,False,normal_variation,down
2012-07-25,False,13.25,0.679,False,0.0,0.472,False,True,8,False,0,0,0.528,,False,normal_variation,down
2012-07-26,False,12.75,0.392,True,0.35,1.1,True,True,9,False,0,0,0.694,,False,neutral_center,
2012-07-27,False,12.75,0.549,False,2.5,0.0,True,False,6,False,2,0,0.837,,True,double_distribution_trend,up
2012-07-30,False,12.75,0.667,False,0.0,0.294,False,True,11,False,0,0,0.409,,False,normal_variation,down
2012-07-31,False,12.25,0.49,False,0.083,0.5,False,True,12,False,0,3,0.026,,False,normal_variation,down
2012-08-01,False,12.25,0.612,False,0.0,0.8,False,True,12,False,0,0,0.185,high,False,normal_variation,down
2012-08-02,False,12.75,1.059,False,0.0,0.5,False,True,8,False,0,0,0.543,,False,normal_variation,down
2012-08-03,False,13.38,0.71,False,0.237,0.0,True,False,11,False,0,0,0.723,low,False,normal_variation,up
2012-08-06,False,13.38,0.43,False,0.043,0.043,False,False,13,False,0,0,0.12,,False,normal,
2012-08-07,False,13.38,0.374,True,0.55,0.0,True,False,10,False,0,0,0.194,low,False,normal_variation,up
2012-08-08,False,12.75,0.333,True,0.941,0.0,True,False,10,False,0,0,0.818,low,False,normal_variation,up
2012-08-09,False,12.75,0.471,False,0.083,0.167,False,False,12,False,0,0,0.6,,False,normal,
2012-08-10,False,12.0,0.5,False,0.792,0.0,True,False,11,False,0,0,0.977,,False,normal_variation,up
2012-08-13,False,11.38,0.527,False,0.0,0.333,False,True,9,False,0,0,0.938,,False,normal_variation,down
2012-08-14,False,11.38,0.484,False,0.0,0.909,False,True,12,False,0,0,0.381,high,False,normal_variation,down
2012-08-15,False,10.88,0.506,False,0.182,0.0,False,False,13,False,0,0,0.577,,False,normal,
2012-08-16,False,10.62,0.471,False,1.75,0.0,True,False,7,False,1,0,0.873,,False,trend,up
2012-08-17,False,10.88,0.345,True,0.067,0.133,False,False,13,False,0,0,0.722,,False,nontrend,
2012-08-20,False,10.88,0.506,False,0.182,0.0,False,False,12,False,0,0,0.923,,False,normal,
2012-08-21,False,10.62,0.471,False,0.3,2.05,True,True,5,True,0,0,0.209,,False,neutral_center,
2012-08-22,False,10.62,0.471,False,0.65,0.35,True,True,10,False,0,0,0.75,,False,neutral_center,
2012-08-23,False,10.25,0.683,False,0.0,0.5,False,True,11,False,0,0,0.262,high,False,normal_variation,down
2012-08-24,False,10.25,0.39,True,3.125,0.0,True,False,9,False,2,0,0.803,low,False,normal_variation,up
2012-08-27,False,10.25,0.537,False,0.318,0.045,True,False,9,False,0,0,0.233,,False,normal_variation,up
2012-08-28,False,9.75,0.821,False,0.094,0.0,False,False,13,False,0,0,0.514,,False,normal,
2012-08-29,False,9.38,0.4,False,0.533,0.533,True,True,10,False,0,0,0.484,,False,neutral_center,
2012-08-30,False,8.5,0.676,False,0.0,0.304,False,True,12,False,0,0,0.4,high,False,normal_variation,down
2012-08-31,False,8.12,1.538,False,0.18,0.0,False,False,11,False,0,0,0.542,,False,normal,
2012-09-04,False,8.12,0.985,False,0.375,0.344,True,True,9,False,0,0,0.618,,False,neutral_center,
2012-09-05,False,8.5,0.853,False,0.172,0.0,False,False,11,False,0,0,0.324,,False,normal,
2012-09-06,False,8.62,1.536,False,0.547,0.0,True,False,11,False,3,0,0.988,low,False,normal_variation,up
2012-09-07,False,9.38,0.48,False,0.056,0.0,False,False,13,False,0,0,1.0,,False,normal,
2012-09-10,False,9.38,0.48,False,0.0,1.167,False,True,10,False,0,0,0.051,,False,trend,down
2012-09-11,False,9.25,0.595,False,0.545,0.0,True,False,12,False,0,0,0.382,low,False,normal_variation,up
2012-09-12,False,9.25,0.378,True,0.0,0.857,False,True,12,False,0,3,0.654,,False,normal_variation,down
2012-09-13,False,8.62,0.348,True,8.75,0.0,True,False,7,False,1,0,0.863,low,True,double_distribution_trend,up
2012-09-14,False,9.25,1.378,False,0.0,0.059,False,False,13,False,0,0,0.352,low,False,normal,
2012-09-17,False,9.25,0.459,False,0.0,1.0,False,True,12,False,0,1,0.471,,False,normal_variation,down
2012-09-18,False,9.25,0.405,False,0.533,0.0,True,False,12,False,0,0,0.652,,False,normal_variation,up
2012-09-19,False,9.25,0.622,False,0.348,0.0,True,False,11,False,0,0,0.387,,False,normal_variation,up
2012-09-20,False,8.62,0.609,False,1.19,0.0,True,False,10,False,1,0,0.913,,False,trend,up
2012-09-21,False,8.62,0.406,False,0.0,1.571,False,True,10,False,0,2,0.056,high,False,normal_variation,down
2012-09-24,False,8.62,0.493,False,1.294,0.0,True,False,11,False,3,0,0.615,,False,normal_variation,up
2012-09-25,False,8.62,0.493,False,0.118,4.059,False,True,6,False,0,1,0.045,,False,trend,down
2012-09-26,False,8.88,0.93,False,0.0,0.424,False,True,11,False,0,0,0.319,high,False,normal_variation,down
2012-09-27,False,9.38,0.507,False,2.105,0.0,True,False,6,False,0,0,0.78,,False,normal_variation,up
2012-09-28,False,9.75,0.718,False,0.571,0.0,True,False,9,False,1,0,0.409,,False,normal_variation,up
2012-10-01,False,10.38,1.229,False,0.0,0.353,False,True,8,False,0,0,0.174,,False,normal_variation,down
2012-10-02,False,10.38,0.771,False,0.0,0.688,False,True,11,False,0,1,0.5,,False,normal_variation,down
2012-10-03,False,10.38,0.795,False,0.606,0.0,True,False,9,False,0,0,0.736,,False,normal_variation,up
2012-10-04,False,11.25,0.8,False,0.0,0.0,False,False,11,False,0,0,0.833,,False,normal,
2012-10-05,False,10.38,0.482,False,0.0,1.95,False,True,8,False,0,2,0.305,,False,normal_variation,down
2012-10-08,False,11.25,0.333,True,0.467,0.133,True,False,12,False,0,0,0.542,,False,normal_variation,up
2012-10-09,False,11.25,0.356,True,0.0,2.812,False,True,11,False,0,5,0.049,high,False,normal_variation,down
2012-10-10,False,11.62,0.43,False,0.1,1.4,False,True,8,False,0,3,0.2,high,False,normal_variation,down
2012-10-11,False,12.12,0.289,True,0.5,1.714,True,True,7,False,0,2,0.022,,False,neutral_extreme,down
2012-10-12,False,11.62,0.624,False,0.0,0.931,False,True,9,False,0,0,0.214,,False,normal_variation,down
2012-10-15,False,11.62,0.495,False,1.435,0.087,True,False,8,False,2,0,0.897,,False,normal_variation,up
2012-10-16,False,12.12,0.474,False,0.739,0.0,True,False,10,False,0,0,0.925,low,False,normal_variation,up
2012-10-17,False,12.12,0.639,False,0.194,0.0,False,False,12,False,0,0,0.838,,False,normal,
2012-10-18,False,12.12,0.474,False,0.565,0.522,True,True,9,False,0,0,0.438,,False,neutral_center,
2012-10-19,False,12.25,0.673,False,0.0,2.121,False,True,7,False,0,1,0.117,high,False,trend,down
2012-10-22,False,12.88,0.505,False,0.0,1.154,False,True,8,False,0,1,0.821,,False,normal_variation,down
2012-10-23,False,13.38,0.542,False,0.172,0.552,False,True,9,False,0,0,0.46,,False,normal_variation,down
2012-10-24,False,12.88,0.563,False,0.0,0.793,False,True,11,False,0,0,0.173,,False,normal_variation,down
2012-10-25,False,13.12,0.514,False,0.0,1.556,False,True,9,False,0,0,0.493,,False,normal_variation,down
2012-10-26,False,13.12,0.59,False,0.097,0.839,False,True,8,False,0,1,0.617,,False,normal_variation,down
2012-10-31,False,13.38,0.411,False,0.0,1.545,False,True,9,False,0,1,0.393,,False,normal_variation,down
2012-11-01,False,13.38,0.916,False,0.224,0.0,True,False,12,False,0,0,0.9,low,False,normal_variation,up
2012-11-02,False,13.62,0.807,False,0.0,1.091,False,True,8,False,0,0,0.065,high,False,trend,down
2012-11-05,False,14.0,0.339,True,1.632,0.0,True,False,8,False,3,0,0.78,,False,normal_variation,up
2012-11-06,False,14.0,0.321,True,2.167,0.0,True,False,9,False,0,0,0.561,,False,normal_variation,up
2012-11-07,False,14.0,1.018,False,0.0,0.877,False,True,10,False,0,0,0.252,high,False,normal_variation,down
2012-11-08,False,14.0,0.696,False,0.0,1.462,False,True,7,False,0,0,0.01,,False,trend,down
2012-11-09,False,14.0,0.804,False,0.689,0.0,True,False,10,False,0,0,0.329,low,False,normal_variation,up
2012-11-12,False,14.12,0.354,True,0.15,0.6,False,True,10,False,0,0,0.371,,False,normal_variation,down
2012-11-13,False,14.12,0.991,False,0.375,0.0,True,False,9,False,0,0,0.247,,False,normal_variation,up
2012-11-14,False,14.38,0.748,False,0.0,1.628,False,True,9,False,0,4,0.115,high,False,normal_variation,down
2012-11-15,False,14.62,0.684,False,0.0,0.325,False,True,11,False,0,0,0.377,,False,normal_variation,down
2012-11-16,False,14.62,0.735,False,0.651,0.163,True,False,9,False,3,0,0.859,,False,normal_variation,up
2012-11-19,False,15.0,0.517,False,0.71,0.0,True,False,12,False,0,0,0.962,low,False,normal_variation,up
2012-11-20,False,15.0,0.433,False,0.423,0.654,True,True,11,False,0,0,0.852,,False,neutral_extreme,up
2012-11-21,False,14.62,0.359,True,0.048,0.0,False,False,13,False,0,0,0.909,,False,nontrend,
2012-11-23,True,14.62,0.581,False,0.618,0.0,True,False,6,False,0,0,0.8,low,False,normal_variation,up
2012-11-26,False,14.62,0.308,True,0.556,0.556,True,True,11,False,0,0,0.974,,False,neutral_extreme,up
2012-11-27,False,14.62,0.598,False,0.029,0.286,False,True,9,False,0,0,0.152,,False,normal_variation,down
2012-11-28,False,14.12,0.602,False,2.029,0.0,True,False,7,False,3,0,0.971,,False,normal_variation,up
2012-11-29,False,14.12,0.566,False,0.0,0.438,False,True,13,False,0,0,0.674,,False,normal_variation,down
2012-11-30,False,14.0,0.286,True,0.312,0.625,True,True,13,False,0,0,0.484,,False,neutral_center,
2012-12-03,False,13.62,0.587,False,0.0,1.031,False,True,8,False,0,2,0.077,high,False,normal_variation,down
2012-12-04,False,13.62,0.459,False,0.0,0.64,False,True,12,False,0,1,0.366,,False,normal_variation,down
2012-12-05,False,13.62,0.514,False,0.714,0.857,True,True,9,False,0,0,0.611,,False,neutral_center,
2012-12-06,False,13.62,0.404,False,0.591,0.0,True,False,11,False,5,0,0.886,,False,normal_variation,up
2012-12-07,False,13.38,0.505,False,0.0,0.556,False,True,13,False,0,0,0.714,,False,normal_variation,down
2012-12-10,False,13.25,0.358,True,0.368,0.0,True,False,13,False,0,0,0.5,low,False,normal_variation,up
2012-12-11,False,12.38,0.586,False,0.586,0.0,True,False,10,False,0,0,0.391,low,False,normal_variation,up
2012-12-12,False,12.38,0.364,True,1.167,0.611,True,True,9,False,0,0,0.14,,False,neutral_extreme,down
2012-12-13,False,12.0,0.479,False,0.0,1.739,False,True,7,False,0,0,0.27,,False,normal_variation,down
2012-12-14,False,12.0,0.396,True,0.0,0.579,False,True,11,False,0,3,0.3,,False,normal_variation,down
2012-12-17,False,11.5,0.587,False,1.185,0.0,True,False,10,False,3,0,0.949,low,False,normal_variation,up
2012-12-18,False,11.5,0.478,False,2.318,0.0,True,False,9,False,5,0,0.904,,False,normal_variation,up
2012-12-19,False,11.5,0.63,False,0.0,0.828,False,True,11,False,0,1,0.038,high,False,normal_variation,down
2012-12-20,False,11.5,0.565,False,0.731,0.0,True,False,9,False,1,0,0.933,,False,normal_variation,up
2012-12-21,False,11.5,0.935,False,0.0,0.093,False,False,11,False,0,0,0.745,,False,normal,
2012-12-24,True,11.5,0.261,True,0.25,0.083,True,False,8,False,0,0,0.0,,False,normal_variation,up
2012-12-26,False,11.5,0.348,True,0.0,2.438,False,True,9,False,0,0,0.309,high,False,normal_variation,down
2012-12-27,False,11.62,1.29,False,0.0,0.5,False,True,8,False,0,0,0.756,,False,normal_variation,down
2012-12-28,False,11.62,0.516,False,0.792,0.792,True,True,12,False,0,0,0.016,,False,neutral_extreme,down
2012-12-31,False,12.12,0.969,False,1.617,0.0,True,False,7,False,0,0,0.951,low,False,trend,up
2013-01-02,False,12.88,0.524,False,0.778,0.296,True,True,11,False,0,0,0.964,,False,neutral_extreme,up
2013-01-03,False,12.88,0.311,True,0.938,0.688,True,True,9,False,1,0,0.429,,False,neutral_center,
2013-01-04,False,12.88,0.447,False,0.696,0.0,True,False,10,False,0,0,0.769,,False,normal_variation,up
2013-01-07,False,12.12,0.268,True,0.615,0.538,True,True,9,False,0,0,0.786,,False,neutral_center,
2013-01-08,False,12.12,0.598,False,0.0,0.345,False,True,12,False,0,0,0.59,,False,normal_variation,down
2013-01-09,False,12.12,0.433,False,0.0,0.333,False,True,11,False,0,0,0.464,,False,normal_variation,down
2013-01-10,False,12.12,0.351,True,0.588,1.118,True,True,9,False,0,0,0.978,,False,neutral_extreme,up
2013-01-11,False,12.12,0.433,False,0.048,0.0,False,False,12,False,0,0,0.955,,False,normal,
2013-01-14,False,11.62,0.581,False,0.0,0.0,False,False,12,False,0,0,0.852,,False,normal,
2013-01-15,False,11.38,0.374,True,1.353,0.0,True,False,9,False,1,0,0.8,low,False,trend,up
2013-01-16,False,11.38,0.396,True,0.556,0.0,True,False,12,False,1,0,0.679,,False,normal_variation,up
2013-01-17,False,10.88,0.414,False,1.278,0.0,True,False,7,False,1,0,0.537,,False,normal_variation,up
2013-01-18,False,10.38,0.41,False,0.882,0.588,True,True,9,False,0,0,0.857,,False,neutral_extreme,up
2013-01-22,False,10.38,0.506,False,1.143,0.095,True,False,6,False,2,0,0.957,,False,normal_variation,up
2013-01-23,False,10.38,0.337,True,0.429,0.429,True,True,10,False,0,0,0.808,,False,neutral_extreme,up
2013-01-24,False,10.12,0.938,False,0.105,0.105,False,False,8,False,0,0,0.348,,False,normal,
2013-01-25,False,10.38,0.627,False,0.192,0.038,False,False,10,False,0,0,0.938,,False,normal,
2013-01-28,False,10.12,0.815,False,0.0,0.0,False,False,12,False,0,0,0.636,high,False,normal,
2013-01-29,False,9.88,0.506,False,1.35,0.0,True,False,9,False,2,0,0.851,low,False,normal_variation,up
2013-01-30,False,9.88,0.633,False,0.0,0.64,False,True,11,False,0,0,0.195,,False,normal_variation,down
2013-01-31,False,9.88,0.684,False,0.0,0.185,False,False,12,False,0,0,0.312,,False,normal,
2013-02-01,False,9.75,0.769,False,0.4,0.0,True,False,9,False,0,0,0.786,,False,normal_variation,up
2013-02-04,False,9.75,0.41,False,0.0,1.875,False,True,10,False,0,2,0.109,,False,normal_variation,down
2013-02-05,False,9.88,0.633,False,0.96,0.0,True,False,8,False,0,0,0.653,low,False,normal_variation,up
2013-02-06,False,10.12,0.519,False,0.667,0.0,True,False,11,False,1,0,0.886,,False,normal_variation,up
2013-02-07,False,10.12,1.16,False,0.0,0.277,False,True,7,False,0,0,0.75,high,False,normal_variation,down
2013-02-08,False,10.25,0.634,False,0.077,0.0,False,False,13,False,0,0,0.821,low,False,normal,
2013-02-11,False,10.12,0.395,True,0.312,0.0,True,False,13,False,0,0,0.714,,False,normal_variation,up
2013-02-12,False,10.12,0.42,False,0.647,0.0,True,False,10,False,0,0,0.571,,False,normal_variation,up
2013-02-13,False,10.12,0.469,False,0.0,0.895,False,True,11,False,0,3,0.5,,False,normal_variation,down
2013-02-14,False,9.62,0.597,False,0.739,0.0,True,False,10,False,2,0,0.825,,False,normal_variation,up
2013-02-15,False,10.12,0.296,True,0.0,2.5,False,True,9,False,0,2,0.595,,False,normal_variation,down
2013-02-19,False,10.12,0.519,False,0.762,0.0,True,False,10,False,2,0,0.946,low,False,normal_variation,up
2013-02-20,False,9.62,0.338,True,0.0,4.923,False,True,8,False,0,2,0.013,high,False,normal_variation,down
2013-02-21,False,9.62,0.857,False,0.0,0.273,False,True,11,False,0,0,0.452,high,False,normal_variation,down
2013-02-22,False,10.12,0.543,False,0.864,0.136,True,False,9,False,1,0,1.0,,False,normal_variation,up
2013-02-25,False,10.12,0.889,False,0.0,3.333,False,True,5,True,0,3,0.006,high,False,normal_variation,down
2013-02-26,False,10.38,0.819,False,0.088,0.676,False,True,10,False,0,0,0.867,,False,normal_variation,down
2013-02-27,False,10.5,1.095,False,1.261,0.0,True,False,5,True,0,0,0.837,low,False,trend,up
2013-02-28,False,10.5,0.69,False,0.552,0.241,True,True,9,False,1,0,0.019,,False,neutral_extreme,down
2013-03-01,False,10.5,1.0,False,0.857,0.0,True,False,9,False,1,0,0.897,,False,normal_variation,up
2013-03-04,False,10.75,0.465,False,1.55,0.2,True,False,8,False,2,0,0.982,,False,normal_variation,up
2013-03-05,False,11.25,0.6,False,0.593,0.0,True,False,12,False,0,0,0.605,low,False,normal_variation,up
2013-03-06,False,10.88,0.368,True,0.0,0.875,False,True,12,False,0,0,0.467,high,False,normal_variation,down
2013-03-07,False,10.62,0.353,True,0.2,0.067,False,False,13,False,0,0,0.632,,False,nontrend,
2013-03-08,False,10.62,0.871,False,0.054,0.0,False,False,10,False,0,0,0.769,,False,normal,
2013-03-11,False,10.5,0.286,True,2.0,0.0,True,False,8,False,2,0,0.944,,False,normal_variation,up
2013-03-12,False,10.5,0.357,True,0.0,1.467,False,True,10,False,0,0,0.541,,False,normal_variation,down
2013-03-13,False,10.5,0.571,False,0.458,0.0,True,False,10,False,0,0,0.714,,False,normal_variation,up
2013-03-14,False,10.5,0.381,True,0.375,0.0,True,False,13,False,2,0,0.864,,False,normal_variation,up
2013-03-15,False,10.5,0.571,False,0.25,0.0,True,False,10,False,0,0,0.733,,False,normal_variation,up
2013-03-18,False,10.5,0.881,False,0.595,0.0,True,False,9,False,3,0,0.525,,False,normal_variation,up
2013-03-19,False,10.62,0.518,False,0.0,2.5,False,True,9,False,0,3,0.545,,False,normal_variation,down
2013-03-20,False,10.88,0.345,True,0.667,0.2,True,False,12,False,2,0,0.536,,False,normal_variation,up
2013-03-21,False,10.62,0.612,False,0.154,0.769,False,True,10,False,0,0,0.22,,False,normal_variation,down
2013-03-22,False,10.88,0.598,False,0.346,0.0,True,False,12,False,0,0,0.914,,False,normal_variation,up
2013-03-25,False,10.25,0.463,False,0.0,3.105,False,True,9,False,0,0,0.346,,False,normal_variation,down
2013-03-26,False,10.25,0.415,False,0.647,0.294,True,True,11,False,0,0,0.909,,False,neutral_extreme,up
2013-03-27,False,9.5,0.579,False,1.273,0.0,True,False,9,False,3,0,0.92,,False,normal_variation,up
2013-03-28,False,9.5,0.526,False,1.0,0.0,True,False,11,False,2,0,0.725,,False,normal_variation,up
2013-04-01,False,9.5,0.789,False,0.0,0.667,False,True,11,False,0,4,0.32,,False,normal_variation,down
2013-04-02,False,9.5,0.658,False,0.16,0.2,False,False,10,False,0,0,0.529,,False,normal,
2013-04-03,False,9.12,0.986,False,0.0,1.472,False,True,7,False,0,1,0.202,high,False,normal_variation,down
2013-04-04,False,9.12,0.959,False,0.0,0.229,False,True,12,False,0,0,0.721,,False,normal_variation,down
2013-04-05,False,9.5,0.579,False,1.909,0.0,True,False,10,False,3,0,0.891,,False,normal_variation,up
2013-04-08,False,9.88,0.582,False,1.652,0.0,True,False,9,False,0,0,0.967,,False,trend,up
2013-04-09,False,10.38,0.627,False,1.077,0.0,True,False,6,False,1,0,0.574,,False,normal_variation,up
2013-04-10,False,11.62,0.71,False,1.121,0.0,True,False,8,False,3,0,0.886,low,False,normal_variation,up
2013-04-11,False,12.5,0.54,False,0.778,0.0,True,False,10,False,0,0,0.583,,False,normal_variation,up
2013-04-12,False,12.5,0.46,False,0.0,0.957,False,True,12,False,0,0,0.778,,False,normal_variation,down
2013-04-15,False,12.5,0.54,False,0.0,3.519,False,True,5,True,0,1,0.008,high,False,trend,down
2013-04-16,False,12.5,0.38,True,2.0,0.421,True,True,7,False,3,0,0.938,,False,neutral_extreme,up
2013-04-17,False,12.5,0.78,False,0.0,1.128,False,True,10,False,0,0,0.373,high,False,normal_variation,down
2013-04-18,False,12.5,1.12,False,0.0,0.339,False,True,10,False,0,0,0.32,high,False,normal_variation,down
2013-04-19,False,13.0,0.654,False,0.706,0.0,True,False,9,False,5,0,0.897,,False,normal_variation,up
2013-04-22,False,14.0,0.839,False,0.489,0.064,True,False,6,False,0,0,0.781,,False,normal_variation,up
2013-04-23,False,14.88,0.504,False,0.4,0.967,True,True,10,False,0,0,0.944,,False,neutral_extreme,up
2013-04-24,False,14.88,0.42,False,0.24,0.0,True,False,12,False,0,0,0.452,,False,normal_variation,up
2013-04-25,False,14.88,0.555,False,0.424,0.0,True,False,8,False,1,0,0.383,,False,normal_variation,up
2013-04-26,False,14.88,0.454,False,0.0,0.333,False,True,11,False,0,0,0.611,,False,normal_variation,down
2013-04-29,False,14.88,0.521,False,0.645,0.0,True,False,7,False,1,0,0.725,,False,normal_variation,up
2013-04-30,False,14.88,0.521,False,0.452,0.0,True,False,9,False,4,0,0.978,,False,normal_variation,up
2013-05-01,False,14.88,0.454,False,0.0,1.0,False,True,9,False,0,1,0.167,high,False,trend,down
2013-05-02,False,14.0,0.554,False,0.806,0.0,True,False,10,False,1,0,0.875,,False,normal_variation,up
2013-05-03,False,14.25,0.579,False,0.061,0.0,False,False,12,False,0,0,0.4,,False,normal,
2013-05-06,False,13.75,0.291,True,0.5,0.0,True,False,10,False,0,0,0.667,,False,normal_variation,up
2013-05-07,False,13.5,0.574,False,0.29,0.0,True,False,8,False,1,0,0.95,,False,normal_variation,up
2013-05-08,False,13.12,0.438,False,0.87,0.0,True,False,11,False,4,0,0.953,low,False,normal_variation,up
2013-05-09,False,12.38,0.505,False,0.36,0.6,True,True,10,False,0,0,0.347,,False,neutral_center,
2013-05-10,False,12.5,0.5,False,0.12,0.44,False,True,12,False,0,1,0.974,,False,normal_variation,down
2013-05-13,False,12.5,0.46,False,0.739,0.0,True,False,10,False,0,0,0.725,,False,normal_variation,up
2013-05-14,False,12.0,0.896,False,0.605,0.0,True,False,11,False,4,0,0.942,low,False,normal_variation,up
2013-05-15,False,12.0,0.333,True,2.875,0.0,True,False,7,False,0,0,0.758,low,False,normal_variation,up
2013-05-16,False,12.0,0.604,False,0.103,0.655,False,True,11,False,0,0,0.176,,False,normal_variation,down
2013-05-17,False,12.0,0.542,False,1.038,0.0,True,False,10,False,0,0,0.925,,False,trend,up
2013-05-20,False,12.0,0.375,True,0.889,0.278,True,True,10,False,0,0,0.333,,False,neutral_center,
2013-05-21,False,11.5,0.826,False,0.316,0.079,True,False,10,False,0,0,0.528,,False,normal_variation,up
2013-05-22,False,11.5,1.543,False,0.0,1.211,False,True,7,False,0,0,0.178,,False,trend,down
2013-05-23,False,12.0,0.938,False,0.756,0.0,True,False,10,False,3,0,0.759,,False,normal_variation,up
2013-05-24,False,12.5,0.62,False,0.774,0.0,True,False,8,False,2,0,0.964,,False,normal_variation,up
2013-05-28,False,12.75,0.667,False,0.0,1.353,False,True,6,False,0,2,0.262,,False,normal_variation,down
2013-05-29,False,13.0,0.596,False,0.129,0.774,False,True,10,False,0,0,0.627,,False,normal_variation,down
2013-05-30,False,13.25,0.887,False,0.191,0.0,False,False,12,False,0,0,0.446,low,False,normal,
2013-05-31,False,13.25,0.623,False,0.515,2.091,True,True,9,False,0,0,0.025,,False,neutral_extreme,down
2013-06-03,False,13.25,0.83,False,0.25,0.409,True,True,10,False,0,0,0.959,,False,neutral_extreme,up
2013-06-04,False,13.5,0.556,False,0.133,2.1,False,True,6,False,0,1,0.33,,False,normal_variation,down
2013-06-05,False,13.88,0.739,False,0.0,1.268,False,True,9,False,0,2,0.065,,False,normal_variation,down
2013-06-06,False,14.38,0.713,False,0.78,0.683,True,True,8,False,0,0,0.98,,False,neutral_extreme,up
2013-06-07,False,15.12,0.876,False,0.377,0.0,True,False,11,False,4,0,0.918,,False,normal_variation,up
2013-06-10,False,16.38,0.626,False,0.0,0.0,False,False,11,False,0,0,0.366,,False,normal,
2013-06-11,False,16.38,0.504,False,1.212,0.0,True,False,8,False,0,0,0.219,,False,normal_variation,up
2013-06-12,False,17.75,0.676,False,0.0,1.354,False,True,6,False,0,1,0.062,high,False,trend,down
2013-06-13,False,18.25,0.507,False,2.486,0.0,True,False,5,True,1,0,0.907,,False,trend,up
2013-06-14,False,18.25,0.425,False,0.0,1.258,False,True,10,False,0,3,0.157,,False,normal_variation,down
2013-06-17,False,18.25,0.411,False,0.3,1.0,True,True,10,False,0,0,0.536,,False,neutral_center,
2013-06-18,False,18.25,0.342,True,1.44,0.0,True,False,8,False,2,0,0.82,low,False,normal_variation,up
2013-06-19,False,18.25,0.329,True,0.125,3.125,False,True,11,False,0,0,0.039,,False,trend,down
2013-06-20,False,19.0,0.645,False,0.0,1.612,False,True,8,False,0,3,0.125,high,False,normal_variation,down
2013-06-21,False,19.0,0.592,False,0.0,1.067,False,True,10,False,0,0,0.699,high,False,normal_variation,down
2013-06-24,False,19.12,0.745,False,0.649,0.246,True,True,8,False,0,1,0.481,,False,neutral_center,
2013-06-25,False,21.62,0.566,False,0.449,0.0,True,False,12,False,0,0,0.676,,False,normal_variation,up
2013-06-26,False,20.75,0.289,True,0.583,0.542,True,True,8,False,0,0,0.686,,False,neutral_center,
2013-06-27,False,20.75,0.265,True,0.409,0.227,True,True,12,False,0,0,0.194,,False,neutral_extreme,down
2013-06-28,False,20.75,0.47,False,0.59,0.0,True,False,11,False,0,0,0.21,,False,normal_variation,up
2013-07-01,False,18.25,0.699,False,0.039,0.098,False,False,8,False,0,0,0.207,,False,normal,
2013-07-02,False,18.25,0.658,False,0.062,0.458,False,True,8,False,0,0,0.37,,False,normal_variation,down
2013-07-03,True,18.25,0.384,True,1.25,0.0,True,False,5,True,0,0,0.81,,False,trend,up
2013-07-05,False,18.0,0.75,False,0.333,0.0,True,False,9,False,1,0,0.944,,False,normal_variation,up
2013-07-08,False,17.88,0.42,False,0.0,0.1,False,False,11,False,0,0,0.364,,False,normal,
2013-07-09,False,17.62,0.468,False,0.273,0.03,True,False,10,False,0,0,0.744,,False,normal_variation,up
2013-07-10,False,17.62,0.241,True,1.118,0.588,True,True,13,False,0,4,0.478,,False,neutral_center,
2013-07-11,False,17.38,0.273,True,1.0,0.316,True,True,10,False,0,0,0.818,,False,neutral_extreme,up
2013-07-12,False,16.5,0.227,True,0.8,0.133,True,False,13,False,4,0,0.759,,False,normal_variation,up
2013-07-15,False,15.62,0.288,True,0.611,0.0,True,False,13,False,2,0,0.69,,False,normal_variation,up
2013-07-16,False,15.38,0.325,True,0.0,1.6,False,True,9,False,0,0,0.346,high,False,normal_variation,down
2013-07-17,False,14.88,0.336,True,0.4,0.15,True,False,12,False,0,0,0.323,,False,normal_variation,up
2013-07-18,False,13.75,0.691,False,0.158,0.0,False,False,11,False,0,0,0.659,,False,normal,
2013-07-19,False,12.88,0.311,True,1.25,0.0,True,False,10,False,3,0,1.0,,False,normal_variation,up
2013-07-22,False,12.12,0.412,False,0.5,0.0,True,False,11,False,0,0,0.667,,False,normal_variation,up
2013-07-23,False,11.25,0.489,False,0.0,0.455,False,True,12,False,0,0,0.25,high,False,normal_variation,down
2013-07-24,False,11.0,1.114,False,0.0,0.408,False,True,7,False,0,0,0.217,high,False,normal_variation,down
2013-07-25,False,11.0,0.636,False,0.607,0.071,True,False,9,False,2,0,0.894,,False,normal_variation,up
2013-07-26,False,11.0,0.409,False,1.389,1.333,True,True,7,False,1,0,0.985,,False,neutral_extreme,up
2013-07-29,False,11.25,0.489,False,0.0,0.773,False,True,10,False,0,0,0.487,,False,normal_variation,down
2013-07-30,False,11.0,0.409,False,0.0,1.5,False,True,9,False,0,1,0.356,,False,normal_variation,down
2013-07-31,False,11.0,0.523,False,0.609,0.783,True,True,10,False,6,1,0.109,,False,neutral_extreme,down
2013-08-01,False,11.0,0.591,False,0.462,0.0,True,False,11,False,1,0,0.789,,False,normal_variation,up
2013-08-02,False,10.88,0.46,False,0.85,0.0,True,False,10,False,2,0,0.946,,False,normal_variation,up
2013-08-05,False,10.25,0.439,False,0.389,0.0,True,False,13,False,0,0,0.6,,False,normal_variation,up
2013-08-06,False,10.25,0.659,False,0.0,0.741,False,True,11,False,0,0,0.362,,False,normal_variation,down
2013-08-07,False,10.38,0.819,False,0.0,0.059,False,False,8,False,0,0,0.778,,False,normal,
2013-08-08,False,9.62,0.935,False,0.0,0.389,False,True,10,False,0,0,0.68,,False,normal_variation,down
2013-08-09,False,9.62,0.753,False,0.0,0.897,False,True,10,False,0,0,0.436,,False,normal_variation,down
2013-08-12,False,10.38,0.795,False,0.152,0.0,False,False,13,False,0,0,0.789,,False,normal,
2013-08-13,False,10.38,1.084,False,0.356,0.0,True,False,8,False,0,0,0.787,,False,normal_variation,up
2013-08-14,False,10.38,0.627,False,0.0,0.731,False,True,11,False,0,3,0.044,,False,normal_variation,down
2013-08-15,False,11.12,1.146,False,0.0,0.059,False,False,12,False,0,0,0.185,high,False,normal,
2013-08-16,False,11.25,0.578,False,0.192,0.654,False,True,11,False,0,1,0.333,,False,normal_variation,down
2013-08-19,False,11.5,0.717,False,0.0,0.788,False,True,8,False,0,0,0.0,,False,normal_variation,down
2013-08-20,False,11.75,0.511,False,1.25,0.0,True,False,10,False,1,0,0.537,,False,normal_variation,up
2013-08-21,False,11.88,0.463,False,1.045,1.318,True,True,12,False,0,3,0.23,,False,neutral_center,
2013-08-22,False,11.88,0.716,False,0.706,0.0,True,False,10,False,3,0,0.776,low,False,normal_variation,up
2013-08-23,False,12.25,0.653,False,0.312,0.0,True,False,11,False,0,0,0.786,,False,normal_variation,up
2013-08-26,False,11.88,0.505,False,0.292,1.042,True,True,11,False,0,0,0.054,,False,neutral_extreme,down
2013-08-27,False,12.25,0.694,False,0.0,1.118,False,True,8,False,0,2,0.083,,False,normal_variation,down
2013-08-28,False,13.0,0.635,False,0.758,0.0,True,False,8,False,2,0,0.603,,False,normal_variation,up
2013-08-29,False,13.0,0.885,False,0.435,0.0,True,False,9,False,0,0,0.455,low,False,normal_variation,up
2013-08-30,False,13.5,0.593,False,0.0,0.75,False,True,12,False,0,4,0.304,high,False,normal_variation,down
2013-09-03,False,13.62,0.459,False,0.0,2.08,False,True,7,False,0,0,0.377,,False,normal_variation,down
2013-09-04,False,13.88,0.865,False,0.625,0.0,True,False,9,False,0,0,0.846,,False,normal_variation,up
2013-09-05,False,14.0,0.5,False,0.0,0.0,False,False,13,False,0,0,0.286,,False,normal,
2013-09-06,False,14.0,1.589,False,0.135,0.0,False,False,9,False,0,0,0.604,,False,normal,
2013-09-09,False,14.25,0.491,False,0.929,0.0,True,False,7,False,0,0,0.907,low,False,normal_variation,up
2013-09-10,False,14.25,0.368,True,0.238,0.0,True,False,13,False,0,0,1.0,,False,normal_variation,up
2013-09-11,False,14.25,0.351,True,1.15,0.0,True,False,9,False,2,0,1.0,,False,normal_variation,up
2013-09-12,False,14.0,0.304,True,0.176,0.882,False,True,11,False,0,1,0.286,,False,normal_variation,down
2013-09-13,False,14.0,0.518,False,0.0,0.0,False,False,13,False,0,0,0.862,,False,normal,
2013-09-16,False,14.0,0.625,False,0.0,0.429,False,True,8,False,0,1,0.22,high,False,normal_variation,down
2013-09-17,False,14.0,0.375,True,0.286,0.0,True,False,13,False,0,0,0.926,low,False,normal_variation,up
2013-09-18,False,13.75,0.273,True,6.4,0.6,True,True,9,False,0,0,0.85,,True,neutral_extreme,up
2013-09-19,False,14.0,0.429,False,0.0,0.75,False,True,10,False,0,1,0.214,high,False,normal_variation,down
2013-09-20,False,13.75,0.545,False,0.0,1.4,False,True,8,False,0,0,0.083,high,False,trend,down
2013-09-23,False,13.75,0.582,False,0.0,0.594,False,True,11,False,0,0,0.431,,False,normal_variation,down
2013-09-24,False,13.75,0.527,False,0.862,0.0,True,False,8,False,0,0,0.278,,False,normal_variation,up
2013-09-25,False,13.5,0.593,False,0.312,0.0,True,False,10,False,0,0,0.214,,False,normal_variation,up
2013-09-26,False,13.12,0.667,False,0.0,0.343,False,True,10,False,0,3,0.532,,False,normal_variation,down
2013-09-27,False,12.62,0.436,False,0.227,0.0,True,False,13,False,0,0,0.704,,False,normal_variation,up
2013-09-30,False,12.12,0.825,False,0.425,0.0,True,False,11,False,0,0,0.632,,False,normal_variation,up
2013-10-01,False,12.12,0.804,False,0.564,0.0,True,False,9,False,0,0,0.852,low,False,normal_variation,up
2013-10-02,False,12.12,0.639,False,0.839,0.0,True,False,8,False,0,0,0.947,,False,normal_variation,up
2013-10-03,False,12.12,1.093,False,0.0,0.623,False,True,10,False,0,0,0.395,high,False,normal_variation,down
2013-10-04,False,12.62,0.733,False,0.703,0.0,True,False,8,False,3,0,0.873,,False,normal_variation,up
2013-10-07,False,12.62,0.891,False,0.089,0.0,False,False,11,False,0,0,0.163,,False,normal,
2013-10-08,False,12.38,0.485,False,0.0,2.833,False,True,9,False,0,3,0.054,high,False,normal_variation,down
2013-10-09,False,12.62,0.515,False,0.538,1.038,True,True,9,False,1,0,0.627,,False,neutral_center,
2013-10-10,False,13.12,0.571,False,1.733,0.0,True,False,8,False,3,0,0.951,low,False,normal_variation,up
2013-10-11,False,13.88,0.649,False,0.75,0.0,True,False,9,False,1,0,0.952,,False,normal_variation,up
2013-10-14,False,14.25,0.439,False,2.28,0.0,True,False,6,False,0,0,0.939,low,False,trend,up
2013-10-15,False,14.75,0.593,False,0.314,0.629,True,True,10,False,0,0,0.132,,False,neutral_extreme,down
2013-10-16,False,15.5,0.79,False,0.286,0.0,True,False,13,False,0,0,0.937,low,False,normal_variation,up
2013-10-17,False,15.5,0.484,False,1.667,0.0,True,False,8,False,3,0,0.938,low,False,normal_variation,up
2013-10-18,False,15.75,0.381,True,0.667,0.0,True,False,7,False,0,0,0.85,,False,normal_variation,up
2013-10-21,False,15.5,0.339,True,0.0,0.476,False,True,12,False,0,4,0.548,,False,normal_variation,down
2013-10-22,False,15.5,0.726,False,0.0,0.133,False,False,10,False,0,0,0.588,,False,normal,
2013-10-23,False,15.5,0.516,False,0.0,0.188,False,False,13,False,0,0,0.711,high,False,normal,
2013-10-24,False,15.5,0.339,True,0.714,0.0,True,False,11,False,1,0,0.75,,False,normal_variation,up
2013-10-25,False,15.5,0.371,True,0.174,0.217,False,True,12,False,0,0,1.0,,False,normal_variation,down
2013-10-28,False,15.5,0.355,True,0.409,0.045,True,False,10,False,1,0,0.688,,False,normal_variation,up
2013-10-29,False,15.5,0.323,True,0.75,0.0,True,False,11,False,3,0,0.971,,False,normal_variation,up
2013-10-30,False,15.0,0.333,True,0.0,2.75,False,True,7,False,0,2,0.373,high,False,normal_variation,down
2013-10-31,False,15.75,0.698,False,0.182,0.068,False,False,11,False,0,0,0.145,,False,normal,
2013-11-01,False,14.75,0.593,False,0.0,0.629,False,True,9,False,0,0,0.632,,False,normal_variation,down
2013-11-04,False,14.0,0.393,True,0.136,0.273,False,True,10,False,0,0,0.903,,False,normal_variation,down
2013-11-05,False,14.0,0.482,False,0.741,0.0,True,False,8,False,0,0,0.617,,False,normal_variation,up
2013-11-06,False,13.25,0.491,False,0.0,0.538,False,True,13,False,0,0,0.65,,False,normal_variation,down
2013-11-07,False,12.25,1.041,False,0.0,1.294,False,True,7,False,0,1,0.068,high,False,trend,down
2013-11-08,False,12.25,0.939,False,1.109,0.0,True,False,8,False,2,0,0.99,low,False,normal_variation,up
2013-11-11,False,12.25,0.51,False,0.0,0.0,False,False,13,False,0,0,0.64,,False,normal,
2013-11-12,False,10.88,0.575,False,0.0,0.6,False,True,10,False,0,1,0.625,,False,normal_variation,down
2013-11-13,False,10.0,0.775,False,2.032,0.0,True,False,6,False,1,0,0.968,low,False,trend,up
2013-11-14,False,10.0,0.5,False,1.35,0.0,True,False,10,False,1,0,0.915,,False,trend,up
2013-11-15,False,10.0,0.325,True,1.308,0.0,True,False,12,False,2,0,0.967,,False,normal_variation,up
2013-11-18,False,10.0,0.725,False,0.0,1.069,False,True,11,False,0,0,0.317,,False,normal_variation,down
2013-11-19,False,10.88,0.851,False,0.108,0.162,False,False,9,False,0,0,0.298,,False,normal,
2013-11-20,False,10.88,0.782,False,0.0,1.324,False,True,10,False,0,0,0.241,,False,normal_variation,down
2013-11-21,False,11.75,0.468,False,1.182,0.0,True,False,8,False,2,0,0.833,,False,normal_variation,up
2013-11-22,False,11.75,0.404,False,1.263,0.0,True,False,9,False,1,0,0.953,,False,trend,up
2013-11-25,False,11.75,0.383,True,0.0,0.833,False,True,12,False,0,0,0.364,high,False,normal_variation,down
2013-11-26,False,11.75,0.489,False,0.435,0.0,True,False,10,False,1,0,0.394,,False,normal_variation,up
2013-11-27,False,11.75,0.426,False,0.0,0.25,False,True,12,False,0,0,0.76,,False,normal_variation,down
2013-11-29,True,11.75,0.404,False,0.158,0.895,False,True,7,False,0,0,0.154,,False,normal_variation,down
2013-12-02,False,11.25,0.533,False,0.333,0.667,True,True,9,False,0,0,0.229,,False,neutral_center,
2013-12-03,False,11.25,0.489,False,0.0,1.227,False,True,9,False,0,1,0.592,,False,normal_variation,down
2013-12-04,False,11.75,1.277,False,0.0,0.45,False,True,7,False,0,0,0.632,,False,normal_variation,down
2013-12-05,False,11.75,0.596,False,0.0,0.429,False,True,12,False,0,2,0.25,,False,normal_variation,down
2013-12-06,False,11.75,0.383,True,0.722,0.444,True,True,9,False,0,0,0.795,,False,neutral_center,
2013-12-09,False,11.25,0.4,False,0.0,0.167,False,False,13,False,0,0,0.429,,False,normal,
2013-12-10,False,10.38,0.458,False,0.105,0.421,False,True,11,False,0,2,0.207,,False,normal_variation,down
2013-12-11,False,10.38,1.157,False,0.0,0.979,False,True,8,False,0,2,0.084,high,False,normal_variation,down
2013-12-12,False,11.25,0.711,False,0.0,0.438,False,True,10,False,0,0,0.37,,False,normal_variation,down
2013-12-13,False,11.12,0.809,False,0.0,0.0,False,False,13,False,0,0,0.361,,False,normal,
2013-12-16,False,10.38,0.892,False,0.0,0.0,False,False,12,False,0,0,0.324,low,False,normal,
2013-12-17,False,10.38,0.795,False,0.0,0.455,False,True,10,False,0,0,0.312,high,False,normal_variation,down
2013-12-18,False,10.38,0.361,True,7.133,3.867,True,True,9,False,0,2,0.983,,True,neutral_extreme,up
2013-12-19,False,10.38,0.699,False,0.379,0.0,True,False,11,False,3,0,0.8,,False,normal_variation,up
2013-12-20,False,10.0,0.775,False,0.742,0.0,True,False,8,False,1,0,0.667,low,False,normal_variation,up
2013-12-23,False,10.0,0.475,False,0.316,0.0,True,False,12,False,0,0,0.68,,False,normal_variation,up
2013-12-24,True,9.88,0.354,True,0.857,0.0,True,False,7,False,1,0,0.962,low,False,normal_variation,up
2013-12-26,False,9.88,0.253,True,1.7,0.0,True,False,7,False,3,0,0.815,low,False,normal_variation,up
2013-12-27,False,9.88,0.228,True,0.0,1.556,False,True,13,False,0,0,0.304,,False,normal_variation,down
2013-12-30,False,9.88,0.43,False,0.0,0.059,False,False,13,False,0,0,0.444,,False,normal,
2013-12-31,False,9.88,0.354,True,1.0,0.143,True,False,10,False,5,0,0.8,,False,normal_variation,up
2014-01-02,False,9.5,1.026,False,0.0,0.667,False,True,9,False,0,2,0.277,high,False,normal_variation,down
2014-01-03,False,9.5,0.526,False,0.0,1.0,False,True,9,False,0,0,0.175,,False,trend,down
2014-01-06,False,9.5,0.947,False,0.0,0.694,False,True,9,False,0,0,0.23,high,False,normal_variation,down
2014-01-07,False,9.5,0.737,False,0.214,0.0,True,False,11,False,0,0,0.588,,False,normal_variation,up
2014-01-08,False,9.12,0.959,False,0.057,0.0,False,False,13,False,0,0,0.676,,False,normal,
2014-01-09,False,9.25,0.703,False,0.0,1.115,False,True,8,False,0,0,0.618,high,False,normal_variation,down
2014-01-10,False,9.62,1.169,False,0.0,0.111,False,False,10,False,0,0,0.88,,False,normal,
2014-01-13,False,9.62,0.597,False,0.043,3.957,False,True,5,True,0,0,0.139,,False,trend,down
2014-01-14,False,9.62,0.727,False,1.643,0.0,True,False,8,False,2,0,0.946,,False,normal_variation,up
2014-01-15,False,10.0,0.65,False,0.423,0.0,True,False,12,False,0,0,0.703,low,False,normal_variation,up
2014-01-16,False,10.0,0.475,False,0.0,0.368,False,True,12,False,0,0,0.885,,False,normal_variation,down
2014-01-17,False,9.62,0.545,False,0.286,0.857,True,True,9,False,0,0,0.267,,False,neutral_center,
2014-01-21,False,9.62,0.909,False,0.0,1.029,False,True,9,False,0,1,0.676,high,False,normal_variation,down
2014-01-22,False,9.62,0.545,False,0.048,0.238,False,True,12,False,0,0,0.63,high,False,normal_variation,down
2014-01-23,False,9.25,1.0,False,0.0,0.757,False,True,10,False,0,0,0.6,high,False,normal_variation,down
2014-01-24,False,9.62,0.727,False,0.0,3.0,False,True,7,False,0,1,0.009,high,False,trend,down
2014-01-27,False,10.62,1.318,False,0.0,0.714,False,True,8,False,0,0,0.365,,False,normal_variation,down
2014-01-28,False,11.88,0.968,False,0.043,0.0,False,False,11,False,0,0,0.792,low,False,normal,
2014-01-29,False,12.25,0.878,False,0.163,0.419,False,True,11,False,0,0,0.279,,False,normal_variation,down
2014-01-30,False,13.12,0.571,False,1.1,0.0,True,False,8,False,0,0,0.683,,False,normal_variation,up
2014-01-31,False,14.5,0.621,False,1.611,0.0,True,False,8,False,2,0,0.489,low,False,normal_variation,up
2014-02-03,False,14.5,1.5,False,0.0,1.092,False,True,5,True,0,2,0.077,high,False,normal_variation,down
2014-02-04,False,15.5,0.613,False,0.553,0.0,True,False,12,False,1,0,0.695,,False,normal_variation,up
2014-02-05,False,15.25,1.131,False,0.087,0.0,False,False,11,False,0,0,0.76,,False,normal,
2014-02-06,False,16.0,0.719,False,0.674,0.0,True,False,9,False,2,0,0.974,low,False,normal_variation,up
2014-02-07,False,16.62,0.692,False,0.87,0.0,True,False,6,False,0,0,0.919,,False,normal_variation,up
2014-02-10,False,17.38,0.302,True,0.429,0.238,True,True,12,False,0,0,0.914,,False,neutral_extreme,up
2014-02-11,False,17.38,0.489,False,1.853,0.0,True,False,5,True,1,0,0.794,low,False,normal_variation,up
2014-02-12,False,17.38,0.388,True,0.0,0.667,False,True,11,False,0,0,0.356,,False,normal_variation,down
2014-02-13,False,16.62,0.797,False,0.811,0.0,True,False,6,False,1,0,0.938,low,False,normal_variation,up
2014-02-14,False,17.38,0.547,False,0.816,0.0,True,False,7,False,0,0,0.797,,False,normal_variation,up
2014-02-18,False,17.5,0.471,False,0.03,0.0,False,False,13,False,0,0,0.706,,False,normal,
2014-02-19,False,17.5,0.771,False,0.0,0.574,False,True,8,False,0,0,0.082,,False,normal_variation,down
2014-02-20,False,18.0,0.569,False,0.878,0.0,True,False,8,False,2,0,0.805,,False,normal_variation,up
2014-02-21,False,19.0,0.355,True,0.148,0.519,False,True,10,False,0,1,0.111,,False,normal_variation,down
2014-02-24,False,19.0,0.671,False,0.549,0.0,True,False,7,False,0,0,0.405,low,False,normal_variation,up
2014-02-25,False,19.0,0.553,False,0.31,0.0,True,False,12,False,0,0,0.418,,False,normal_variation,up
2014-02-26,False,18.0,0.514,False,0.162,0.243,False,True,9,False,0,0,0.404,,False,normal_variation,down
2014-02-27,False,18.0,0.375,True,1.222,0.0,True,False,8,False,4,0,0.983,,False,normal_variation,up
2014-02-28,False,18.0,0.681,False,0.163,0.571,False,True,7,False,0,0,0.612,,False,normal_variation,down
2014-03-03,False,19.0,0.553,False,0.0,0.643,False,True,12,False,0,0,0.681,,False,normal_variation,down
2014-03-04,False,18.0,0.347,True,1.0,0.0,True,False,10,False,3,0,0.76,low,False,normal_variation,up
2014-03-05,False,17.25,0.333,True,0.087,0.0,False,False,12,False,0,0,0.48,,False,nontrend,
2014-03-06,False,17.25,0.29,True,0.0,0.45,False,True,12,False,0,0,0.414,,False,normal_variation,down
2014-03-07,False,16.12,0.667,False,0.0,0.442,False,True,13,False,0,0,0.5,high,False,normal_variation,down
2014-03-10,False,15.25,0.508,False,0.032,0.484,False,True,12,False,0,0,0.936,,False,normal_variation,down
2014-03-11,False,14.38,0.591,False,0.265,1.0,True,True,8,False,0,2,0.195,,False,neutral_extreme,down
2014-03-12,False,15.25,0.607,False,0.595,0.0,True,False,11,False,0,0,0.932,,False,normal_variation,up
2014-03-13,False,14.88,0.437,False,0.0,4.154,False,True,6,False,0,0,0.164,high,False,trend,down
2014-03-14,False,15.25,0.656,False,0.0,0.375,False,True,11,False,0,3,0.109,,False,normal_variation,down
2014-03-17,False,14.88,0.874,False,0.0,0.0,False,False,13,False,0,0,0.635,low,False,normal,
2014-03-18,False,14.25,0.825,False,0.213,0.0,True,False,10,False,0,0,0.842,,False,normal_variation,up
2014-03-19,False,14.5,0.362,True,0.0,3.81,False,True,10,False,0,0,0.485,high,False,normal_variation,down
2014-03-20,False,14.5,0.948,False,0.436,0.0,True,False,7,False,0,0,0.937,,False,normal_variation,up
2014-03-21,False,14.5,0.603,False,0.0,1.429,False,True,7,False,0,0,0.094,,False,trend,down
2014-03-24,False,14.88,1.042,False,0.0,0.597,False,True,8,False,0,0,0.333,high,False,normal_variation,down
2014-03-25,False,14.88,0.403,False,0.0,1.75,False,True,9,False,0,0,0.652,,False,normal_variation,down
2014-03-26,False,15.25,0.492,False,0.0,2.267,False,True,8,False,0,3,0.02,,False,normal_variation,down
2014-03-27,False,16.0,0.891,False,0.0,0.0,False,False,12,False,0,0,0.491,,False,normal,
2014-03-28,False,16.0,0.797,False,0.118,0.02,False,False,7,False,0,0,0.31,low,False,normal,
2014-03-31,False,15.12,0.38,True,0.217,0.261,True,True,12,False,0,0,0.647,,False,neutral_center,
2014-04-01,False,14.62,0.479,False,0.179,0.143,False,False,10,False,0,0,0.892,,False,normal,
2014-04-02,False,14.62,0.376,True,0.818,0.0,True,False,11,False,4,0,0.75,,False,normal_variation,up
2014-04-03,False,14.62,0.325,True,0.0,1.421,False,True,10,False,0,2,0.5,high,False,normal_variation,down
2014-04-04,False,14.62,0.735,False,0.0,2.395,False,True,5,True,0,0,0.089,high,False,trend,down
2014-04-07,False,14.62,0.701,False,0.0,1.244,False,True,7,False,0,0,0.152,,False,trend,down
2014-04-08,False,15.62,0.752,False,0.553,0.0,True,False,10,False,1,0,0.822,,False,normal_variation,up
2014-04-09,False,15.62,0.416,False,2.269,0.0,True,False,7,False,2,0,0.965,,False,normal_variation,up
2014-04-10,False,17.38,0.403,False,0.0,5.107,False,True,4,True,0,1,0.053,high,False,trend,down
2014-04-11,False,17.38,0.662,False,0.37,0.478,True,True,8,False,0,0,0.082,,False,neutral_extreme,down
2014-04-14,False,19.0,0.487,False,0.351,0.73,True,True,9,False,1,0,0.779,,False,neutral_center,
2014-04-15,False,19.5,0.731,False,0.035,0.965,False,True,7,False,0,1,0.956,,False,normal_variation,down
2014-04-16,False,20.5,0.427,False,0.571,0.171,True,False,8,False,0,0,0.984,,False,normal_variation,up
2014-04-17,False,19.5,0.346,True,1.0,0.0,True,False,7,False,2,0,0.593,,False,normal_variation,up
2014-04-21,False,18.75,0.347,True,0.154,0.231,False,True,12,False,0,0,0.944,,False,normal_variation,down
2014-04-22,False,17.38,0.475,False,0.576,0.0,True,False,8,False,0,0,0.577,low,False,normal_variation,up
2014-04-23,False,15.88,0.394,True,0.0,0.0,False,False,13,False,0,0,0.28,,False,nontrend,
2014-04-24,False,14.88,0.992,False,0.0,0.0,False,False,9,False,0,0,0.627,high,False,normal,
2014-04-25,False,14.62,0.479,False,0.0,1.143,False,True,9,False,0,2,0.317,high,False,normal_variation,down
2014-04-28,False,14.88,0.84,False,0.06,1.16,False,True,6,False,0,1,0.712,,False,normal_variation,down
2014-04-29,False,15.12,0.595,False,0.083,0.028,False,False,13,False,0,0,0.675,,False,normal,
2014-04-30,False,15.12,0.43,False,1.0,0.0,True,False,11,False,3,0,0.923,,False,normal_variation,up
2014-05-01,False,15.12,0.529,False,0.406,0.0,True,False,12,False,0,0,0.556,,False,normal_variation,up
2014-05-02,False,15.12,0.711,False,0.0,0.279,False,True,11,False,0,0,0.236,,False,normal_variation,down
2014-05-05,False,15.12,0.843,False,0.529,0.0,True,False,9,False,2,0,0.923,,False,normal_variation,up
2014-05-06,False,15.12,0.347,True,0.19,1.429,False,True,8,False,0,1,0.055,high,False,trend,down
2014-05-07,False,14.88,1.143,False,0.147,0.0,False,False,10,False,0,0,0.962,,False,normal,
2014-05-08,False,14.88,0.891,False,0.151,0.34,False,True,7,False,0,0,0.316,,False,normal_variation,down
2014-05-09,False,14.88,0.605,False,0.361,0.028,True,False,9,False,0,0,0.98,,False,normal_variation,up
2014-05-12,False,14.25,0.561,False,0.406,0.0,True,False,10,False,1,0,0.911,low,False,normal_variation,up
2014-05-13,False,13.75,0.345,True,0.211,0.158,True,False,12,False,0,0,0.269,,False,normal_variation,up
2014-05-14,False,13.62,0.404,False,0.0,1.0,False,True,11,False,0,0,0.227,high,False,normal_variation,down
2014-05-15,False,13.25,1.283,False,0.0,0.324,False,True,10,False,0,0,0.411,high,False,normal_variation,down
2014-05-16,False,13.25,0.623,False,0.727,0.0,True,False,11,False,0,0,0.965,,False,normal_variation,up
2014-05-19,False,13.38,0.71,False,0.447,0.0,True,False,10,False,3,0,0.891,,False,normal_variation,up
2014-05-20,False,13.75,0.491,False,0.0,1.37,False,True,6,False,0,0,0.281,high,False,normal_variation,down
2014-05-21,False,13.75,0.582,False,0.5,0.0,True,False,11,False,0,0,0.896,low,False,normal_variation,up
2014-05-22,False,13.75,0.509,False,0.607,0.0,True,False,10,False,2,0,0.667,,False,normal_variation,up
2014-05-23,False,13.75,0.345,True,0.789,0.0,True,False,11,False,1,0,0.853,low,False,normal_variation,up
2014-05-27,False,13.38,0.411,False,0.182,0.0,False,False,13,False,0,0,0.885,,False,normal,
2014-05-28,False,12.75,0.49,False,0.16,0.12,False,False,10,False,0,0,0.375,,False,normal,
2014-05-29,False,12.75,0.51,False,0.654,0.0,True,False,11,False,0,0,1.0,,False,normal_variation,up
2014-05-30,False,12.25,0.408,False,0.6,0.0,True,False,11,False,1,0,0.812,,False,normal_variation,up
2014-06-02,False,12.25,0.816,False,0.025,0.0,False,False,11,False,0,0,0.902,high,False,normal,
2014-06-03,False,11.62,0.473,False,0.136,0.045,False,False,11,False,0,0,0.846,,False,normal,
2014-06-04,False,11.25,0.489,False,0.864,0.0,True,False,11,False,0,0,0.878,,False,normal_variation,up
2014-06-05,False,11.12,0.764,False,1.324,0.0,True,False,9,False,2,0,0.886,,False,normal_variation,up
2014-06-06,False,11.12,0.472,False,0.238,0.0,True,False,13,False,0,0,0.962,,False,normal_variation,up
2014-06-09,False,10.88,0.414,False,0.778,0.222,True,True,11,False,0,0,0.472,,False,neutral_center,
2014-06-10,False,10.5,0.548,False,0.261,0.0,True,False,12,False,0,0,0.966,,False,normal_variation,up
2014-06-11,False,10.25,0.341,True,0.0,0.929,False,True,12,False,0,3,0.741,,False,normal_variation,down
2014-06-16,False,10.25,0.951,False,0.0,0.103,False,False,11,False,0,0,0.605,,False,normal,
2014-06-17,False,10.25,0.927,False,0.211,0.0,True,False,11,False,0,0,0.891,,False,normal_variation,up
2014-06-18,False,10.25,0.39,True,3.312,0.938,True,True,10,False,0,3,0.917,,False,neutral_extreme,up
2014-06-19,False,10.25,0.488,False,0.0,0.65,False,True,11,False,0,1,0.848,,False,normal_variation,down
2014-06-20,False,9.62,0.364,True,0.0,0.0,False,False,12,False,0,0,0.786,high,False,nontrend,
2014-06-23,False,8.75,0.514,False,0.0,0.222,False,True,12,False,0,0,0.682,,False,normal_variation,down
2014-06-24,False,8.38,0.925,False,0.29,1.323,True,True,5,True,0,0,0.099,,False,neutral_extreme,down
2014-06-25,False,8.38,1.015,False,0.824,0.0,True,False,9,False,2,0,0.839,low,False,normal_variation,up
2014-06-26,False,8.62,1.768,False,0.0,0.0,False,False,8,False,0,0,0.869,high,False,normal,
2014-06-27,False,9.62,0.416,False,1.312,0.25,True,True,12,False,4,0,0.927,low,False,neutral_extreme,up
2014-06-30,False,10.25,0.61,False,0.0,0.04,False,False,12,False,0,0,0.269,,False,normal,
2014-07-01,False,9.62,0.805,False,1.0,0.0,True,False,7,False,0,0,0.613,low,False,normal_variation,up
2014-07-02,False,10.25,0.366,True,0.4,0.0,True,False,13,False,0,0,0.571,,False,normal_variation,up
2014-07-03,True,9.62,0.39,True,0.867,0.0,True,False,6,False,0,0,0.893,,False,normal_variation,up
2014-07-07,False,9.62,0.468,False,0.0,0.722,False,True,13,False,0,2,0.419,,False,normal_variation,down
2014-07-08,False,8.62,1.13,False,0.0,0.513,False,True,10,False,0,0,0.356,high,False,normal_variation,down
2014-07-09,False,8.62,0.812,False,0.429,0.0,True,False,10,False,0,0,0.825,,False,normal_variation,up
2014-07-10,False,9.5,0.895,False,1.147,0.0,True,False,7,False,1,0,0.699,low,False,normal_variation,up
2014-07-11,False,10.12,0.691,False,0.429,0.0,True,False,8,False,1,0,0.85,,False,normal_variation,up
2014-07-14,False,10.12,0.346,True,0.214,0.0,True,False,12,False,0,0,0.353,,False,normal_variation,up
2014-07-15,False,10.12,0.765,False,0.0,1.258,False,True,9,False,0,0,0.529,,False,normal_variation,down
2014-07-16,False,10.12,0.543,False,0.0,0.591,False,True,11,False,0,0,0.657,,False,normal_variation,down
2014-07-17,False,10.0,0.8,False,0.0,2.375,False,True,8,False,0,2,0.12,,False,normal_variation,down
2014-07-18,False,10.0,0.4,False,3.25,0.0,True,False,6,False,2,0,0.882,low,False,normal_variation,up
2014-07-21,False,10.12,0.519,False,0.429,0.667,True,True,8,False,1,0,0.841,,False,neutral_extreme,up
2014-07-22,False,10.62,0.541,False,0.174,0.0,False,False,12,False,0,0,0.444,,False,normal,
2014-07-23,False,10.62,0.494,False,0.476,0.0,True,False,13,False,0,0,0.742,,False,normal_variation,up
2014-07-24,False,10.12,0.519,False,0.19,0.0,False,False,11,False,0,0,0.28,,False,normal,
2014-07-25,False,10.0,0.5,False,0.0,0.9,False,True,12,False,0,0,0.447,,False,normal_variation,down
2014-07-28,False,9.75,1.256,False,0.245,0.0,True,False,7,False,0,0,0.803,,False,normal_variation,up
2014-07-29,False,9.75,0.641,False,0.0,1.44,False,True,8,False,0,4,0.016,,False,normal_variation,down
2014-07-30,False,10.0,1.15,False,0.0,0.543,False,True,10,False,0,0,0.479,,False,normal_variation,down
2014-07-31,False,10.0,0.85,False,0.0,2.265,False,True,9,False,0,3,0.0,high,False,normal_variation,down
2014-08-01,False,10.5,1.262,False,0.0,0.66,False,True,10,False,0,0,0.42,,False,normal_variation,down
2014-08-04,False,12.88,0.427,False,2.182,0.955,True,True,8,False,0,0,0.824,,False,neutral_extreme,up
2014-08-05,False,15.0,0.583,False,0.2,1.429,False,True,8,False,0,0,0.293,,False,normal_variation,down
2014-08-06,False,15.25,0.885,False,0.352,0.0,True,False,11,False,0,0,0.534,low,False,normal_variation,up
2014-08-07,False,16.12,0.465,False,0.0,2.467,False,True,8,False,0,2,0.183,high,False,normal_variation,down
2014-08-08,False,16.12,0.465,False,2.267,0.0,True,False,7,False,3,0,0.939,,True,double_distribution_trend,up
2014-08-11,False,17.25,0.333,True,0.565,0.13,True,False,10,False,0,0,0.103,,False,normal_variation,up
2014-08-12,False,17.25,0.449,False,0.0,0.613,False,True,13,False,0,1,0.5,,False,normal_variation,down
2014-08-13,False,16.12,0.357,True,0.957,0.0,True,False,10,False,0,0,0.844,,False,normal_variation,up
2014-08-14,False,16.12,0.248,True,1.0,0.0,True,False,11,False,2,0,0.969,,False,normal_variation,up
2014-08-15,False,15.25,0.262,True,0.188,4.75,False,True,9,False,0,0,0.6,high,False,normal_variation,down
2014-08-18,False,15.25,0.361,True,0.409,0.0,True,False,12,False,0,0,0.871,,False,normal_variation,up
2014-08-19,False,15.25,0.311,True,0.895,0.0,True,False,8,False,2,0,0.806,,False,normal_variation,up
2014-08-20,False,15.25,0.328,True,1.15,0.0,True,False,10,False,2,0,0.767,low,False,normal_variation,up
2014-08-21,False,15.25,0.361,True,0.545,0.0,True,False,11,False,1,0,0.647,,False,normal_variation,up
2014-08-22,False,15.25,0.459,False,0.0,0.393,False,True,13,False,0,0,0.462,,False,normal_variation,down
2014-08-25,False,15.25,0.311,True,0.368,0.105,True,False,10,False,0,0,0.5,,False,normal_variation,up
2014-08-26,False,13.88,0.27,True,0.533,0.0,True,False,12,False,0,0,0.13,,False,normal_variation,up
2014-08-27,False,11.88,0.442,False,0.0,0.238,False,True,13,False,0,0,0.5,,False,normal_variation,down
2014-08-28,False,11.0,0.5,False,0.636,0.0,True,False,11,False,0,0,0.861,,False,normal_variation,up
2014-08-29,False,10.25,0.732,False,0.267,0.0,True,False,11,False,0,0,0.947,,False,normal_variation,up
2014-09-02,False,9.75,0.564,False,0.0,1.091,False,True,9,False,0,0,0.63,high,False,normal_variation,down
2014-09-03,False,9.75,0.59,False,0.0,1.13,False,True,8,False,0,2,0.265,high,False,normal_variation,down
2014-09-04,False,9.75,0.923,False,0.0,1.139,False,True,8,False,0,0,0.299,,False,normal_variation,down
2014-09-05,False,9.75,0.769,False,1.2,0.2,True,False,7,False,1,0,0.958,,False,trend,up
2014-09-08,False,9.75,0.59,False,0.0,1.13,False,True,9,False,0,2,0.51,,False,normal_variation,down
2014-09-09,False,9.75,0.897,False,0.114,0.743,False,True,11,False,0,0,0.262,high,False,normal_variation,down
2014-09-10,False,10.25,0.732,False,0.833,0.133,True,False,7,False,1,0,0.932,,False,normal_variation,up
2014-09-11,False,10.25,0.732,False,0.533,0.1,True,False,10,False,2,0,0.959,,False,normal_variation,up
2014-09-12,False,10.25,0.902,False,0.0,0.73,False,True,7,False,0,1,0.375,high,False,normal_variation,down
2014-09-15,False,11.12,0.742,False,0.152,0.0,False,False,12,False,0,0,0.658,,False,normal,
2014-09-16,False,10.25,1.049,False,1.209,0.0,True,False,6,False,0,0,0.853,low,False,trend,up
2014-09-17,False,11.12,0.36,True,1.625,2.375,True,True,10,False,0,2,0.512,,False,neutral_center,
2014-09-18,False,11.88,0.505,False,0.292,0.0,True,False,12,False,0,0,0.903,,False,normal_variation,up
2014-09-19,False,11.88,0.484,False,0.0,1.522,False,True,8,False,0,1,0.293,,False,normal_variation,down
2014-09-22,False,12.25,0.673,False,0.0,1.03,False,True,11,False,0,3,0.254,high,False,normal_variation,down
2014-09-26,False,12.25,0.735,False,1.194,0.0,True,False,8,False,0,0,0.759,,False,normal_variation,up
2014-09-29,False,13.38,0.897,False,0.542,0.0,True,False,11,False,3,0,0.797,low,False,normal_variation,up
2014-09-30,False,14.62,0.803,False,0.319,0.149,True,False,9,False,0,0,0.246,,False,normal_variation,up
2014-10-01,False,15.38,1.057,False,0.0,0.785,False,True,7,False,0,0,0.155,high,False,normal_variation,down
2014-10-02,False,16.12,0.45,False,0.379,2.345,True,True,8,False,0,0,0.759,,False,neutral_center,
2014-10-03,False,16.5,0.879,False,0.31,0.0,True,False,8,False,3,0,0.763,,False,normal_variation,up
2014-10-06,False,17.0,0.456,False,0.0,1.645,False,True,10,False,0,0,0.329,,False,normal_variation,down
2014-10-07,False,17.62,0.496,False,0.371,1.486,True,True,10,False,0,0,0.01,,False,neutral_extreme,down
2014-10-08,False,17.62,0.539,False,3.184,0.658,True,True,8,False,0,0,0.935,,True,neutral_extreme,up
2014-10-09,False,17.88,0.629,False,0.0,2.6,False,True,8,False,0,2,0.019,high,True,double_distribution_trend,down
2014-10-10,False,18.75,1.2,False,0.0,0.411,False,True,10,False,0,0,0.008,,False,normal_variation,down
2014-10-13,False,19.38,1.006,False,0.0,0.987,False,True,10,False,0,0,0.019,,False,normal_variation,down
2014-10-14,False,19.88,0.767,False,0.525,0.295,True,True,9,False,0,0,0.252,,False,neutral_center,
2014-10-15,False,20.25,1.494,False,0.074,0.579,False,True,7,False,0,0,0.885,,False,normal_variation,down
2014-10-16,False,22.12,1.345,False,0.58,0.0,True,False,9,False,1,0,0.713,low,False,normal_variation,up
2014-10-17,False,24.38,0.667,False,0.338,0.0,True,False,9,False,0,0,0.437,,False,normal_variation,up
2014-10-20,False,23.38,0.599,False,0.714,0.0,True,False,9,False,0,0,0.948,low,False,normal_variation,up
2014-10-21,False,24.5,0.429,False,1.619,0.0,True,False,5,True,2,0,0.945,low,False,normal_variation,up
2014-10-22,False,26.0,0.308,True,0.25,1.625,True,True,7,False,0,2,0.033,,False,neutral_extreme,down
2014-10-23,False,26.0,0.394,True,0.878,0.0,True,False,10,False,2,0,0.351,,False,normal_variation,up
2014-10-24,False,26.0,0.519,False,0.5,0.0,True,False,9,False,2,0,0.951,,False,normal_variation,up
2014-10-27,False,26.0,0.317,True,0.758,0.0,True,False,13,False,0,0,0.759,,False,normal_variation,up
2014-10-28,False,26.0,0.231,True,1.875,0.0,True,False,10,False,0,0,0.942,low,False,trend,up
2014-10-29,False,26.0,0.279,True,0.0,2.276,False,True,7,False,0,0,0.568,,False,normal_variation,down
2014-10-30,False,24.5,0.408,False,1.625,0.0,True,False,7,False,0,0,0.8,low,False,trend,up
2014-10-31,False,24.5,0.439,False,0.0,0.0,False,False,13,False,0,0,0.814,high,False,normal,
2014-11-03,False,24.5,0.367,True,0.25,0.028,True,False,9,False,0,0,0.37,,False,normal_variation,up
2014-11-04,False,24.5,0.296,True,0.0,1.138,False,True,11,False,0,0,0.661,,False,normal_variation,down
2014-11-05,False,23.88,0.419,False,0.0,0.175,False,False,13,False,0,0,0.787,high,False,normal,
2014-11-06,False,23.38,0.46,False,0.558,0.0,True,False,9,False,1,0,0.94,,False,normal_variation,up
2014-11-07,False,22.38,0.291,True,0.5,0.077,True,False,12,False,0,0,0.78,,False,normal_variation,up
2014-11-10,False,21.0,0.202,True,1.176,0.0,True,False,11,False,0,0,0.919,,False,trend,up
2014-11-11,False,19.75,0.278,True,0.227,0.0,True,False,12,False,0,0,0.852,,False,normal_variation,up
2014-11-12,False,18.25,0.356,True,0.462,0.0,True,False,10,False,3,0,0.737,low,False,normal_variation,up
2014-11-13,False,17.0,0.382,True,0.115,1.423,False,True,7,False,0,1,0.606,,False,normal_variation,down
2014-11-14,False,16.62,0.391,True,0.0,0.192,False,False,12,False,0,0,0.677,,False,nontrend,
2014-11-17,False,16.0,0.469,False,0.1,0.133,False,False,10,False,0,0,0.784,,False,normal,
2014-11-18,False,15.0,0.6,False,0.667,0.0,True,False,8,False,0,0,0.767,low,False,normal_variation,up
2014-11-19,False,14.75,0.559,False,0.273,0.273,True,True,10,False,0,0,0.725,,False,neutral_center,
2014-11-20,False,13.62,0.752,False,0.512,0.0,True,False,10,False,0,0,0.935,low,False,normal_variation,up
2014-11-21,False,13.62,0.459,False,0.0,1.8,False,True,8,False,0,1,0.4,high,False,normal_variation,down
2014-11-24,False,13.62,0.349,True,0.0,0.053,False,False,13,False,0,0,0.7,,False,nontrend,
2014-11-25,False,12.25,0.633,False,0.0,0.323,False,True,10,False,0,0,0.39,,False,normal_variation,down
2014-11-26,False,11.62,0.323,True,0.867,0.0,True,False,13,False,0,0,0.786,,False,normal_variation,up
2014-11-28,True,11.12,0.517,False,0.13,0.565,False,True,6,False,0,0,0.333,,False,normal_variation,down
2014-12-01,False,10.5,1.024,False,0.0,0.093,False,False,12,False,0,0,0.362,,False,normal,
2014-12-02,False,10.88,0.828,False,0.722,0.0,True,False,9,False,0,0,0.839,low,False,normal_variation,up
2014-12-03,False,11.0,0.545,False,0.75,0.0,True,False,12,False,0,0,0.762,,False,normal_variation,up
2014-12-04,False,10.38,0.506,False,1.0,1.048,True,True,7,False,0,0,0.625,,False,neutral_center,
2014-12-05,False,10.38,0.602,False,0.36,0.12,True,False,10,False,0,0,0.541,,False,normal_variation,up
2014-12-08,False,10.25,0.805,False,0.0,1.667,False,True,6,False,0,0,0.318,,False,normal_variation,down
2014-12-09,False,10.38,1.06,False,1.318,0.182,True,False,7,False,1,0,0.945,,False,trend,up
2014-12-10,False,11.12,0.921,False,0.0,2.024,False,True,9,False,0,2,0.081,high,False,normal_variation,down
2014-12-11,False,12.25,1.653,False,0.16,0.086,False,False,8,False,0,0,0.188,low,False,normal,
2014-12-12,False,13.88,1.009,False,0.0,1.161,False,True,11,False,0,4,0.008,,False,normal_variation,down
2014-12-15,False,13.88,1.135,False,0.0,1.397,False,True,9,False,0,0,0.185,,False,trend,down
2014-12-16,False,15.25,1.246,False,1.25,0.145,True,False,8,False,0,0,0.011,,False,normal_variation,up
2014-12-17,False,15.5,0.806,False,2.28,0.0,True,False,7,False,3,0,0.89,low,False,normal_variation,up
2014-12-18,False,15.75,0.746,False,1.319,0.234,True,True,7,False,2,0,0.983,,False,neutral_extreme,up
2014-12-19,False,16.75,0.642,False,0.837,0.0,True,False,10,False,1,0,0.544,,False,normal_variation,up
2014-12-22,False,18.62,0.295,True,0.227,0.045,True,False,13,False,0,0,0.964,,False,normal_variation,up
2014-12-23,False,17.88,0.322,True,0.0,0.261,False,True,12,False,0,0,0.276,high,False,normal_variation,down
2014-12-24,True,17.88,0.154,True,0.636,0.727,True,True,7,False,0,0,0.154,,False,neutral_extreme,down
2014-12-26,False,17.88,0.308,True,0.182,0.0,False,False,13,False,0,0,0.192,,False,nontrend,
2014-12-29,False,17.88,0.406,False,0.069,0.0,False,False,13,False,0,0,0.613,,False,normal,
2014-12-30,False,17.88,0.336,True,0.0,0.458,False,True,11,False,0,0,0.114,,False,normal_variation,down
2015-01-02,False,17.88,0.643,False,0.0,1.413,False,True,10,False,0,1,0.432,,False,normal_variation,down
2015-01-05,False,20.88,0.719,False,0.0,1.067,False,True,8,False,0,3,0.153,high,False,normal_variation,down
2015-01-06,False,23.62,0.455,False,0.0,2.651,False,True,8,False,0,1,0.261,,False,normal_variation,down
2015-01-07,False,26.38,0.408,False,0.512,0.256,True,True,11,False,0,0,0.776,,False,neutral_center,
2015-01-08,False,26.38,0.493,False,0.731,0.0,True,False,8,False,3,0,0.878,low,False,normal_variation,up
2015-01-09,False,26.38,0.701,False,0.0,0.608,False,True,11,False,0,0,0.218,high,False,normal_variation,down
2015-01-12,False,26.5,1.019,False,0.0,0.0,False,False,11,False,0,0,0.25,high,False,normal,
2015-01-13,False,26.12,0.555,False,0.0,2.5,False,True,5,True,0,1,0.315,,True,double_distribution_trend,down
2015-01-14,False,27.38,0.612,False,0.0,0.537,False,True,9,False,0,0,0.913,,False,normal_variation,down
2015-01-15,False,26.38,0.938,False,0.0,0.263,False,True,12,False,0,3,0.032,,False,normal_variation,down
2015-01-16,False,26.38,0.502,False,1.491,0.0,True,False,8,False,1,0,0.924,low,False,trend,up
2015-01-20,False,26.38,0.749,False,0.0,0.304,False,True,9,False,0,0,0.748,,False,normal_variation,down
2015-01-21,False,25.75,0.738,False,0.447,0.0,True,False,9,False,0,0,0.782,,False,normal_variation,up
2015-01-22,False,25.75,0.845,False,0.839,0.0,True,False,9,False,1,0,0.944,,False,normal_variation,up
2015-01-23,False,26.38,0.256,True,0.296,0.667,True,True,11,False,0,3,0.132,,False,neutral_extreme,down
2015-01-26,False,26.38,0.351,True,0.865,0.0,True,False,11,False,2,0,0.928,,False,normal_variation,up
2015-01-27,False,26.38,0.313,True,0.879,1.0,True,True,9,False,0,0,0.411,,False,neutral_center,
2015-01-28,False,26.38,0.341,True,0.0,3.917,False,True,7,False,0,4,0.04,high,False,normal_variation,down
2015-01-29,False,27.25,0.578,False,1.111,0.222,True,True,7,False,0,0,0.912,,False,neutral_extreme,up
2015-01-30,False,27.62,0.48,False,0.358,0.981,True,True,11,False,1,4,0.113,,False,neutral_extreme,down
2015-02-02,False,28.75,0.843,False,0.722,0.0,True,False,9,False,4,0,0.958,,False,normal_variation,up
2015-02-03,False,30.38,0.354,True,0.884,0.256,True,True,8,False,1,0,0.978,,False,neutral_extreme,up
2015-02-04,False,28.62,0.323,True,0.703,0.351,True,True,12,False,4,0,0.303,,False,neutral_center,
2015-02-05,False,27.25,0.358,True,0.615,0.0,True,False,12,False,4,0,0.921,low,False,normal_variation,up
2015-02-06,False,27.25,0.339,True,0.297,1.243,True,True,7,False,0,2,0.255,,False,neutral_center,
2015-02-09,False,27.25,0.339,True,0.027,0.622,False,True,9,False,0,0,0.295,,False,normal_variation,down
2015-02-10,False,26.38,0.303,True,1.5,0.406,True,True,8,False,1,0,0.86,,False,neutral_extreme,up
2015-02-11,False,25.75,0.204,True,0.952,1.19,True,True,13,False,0,0,0.682,,False,neutral_center,
2015-02-12,False,24.75,0.333,True,0.667,0.0,True,False,8,False,2,0,0.891,,False,normal_variation,up
2015-02-13,False,23.62,0.254,True,0.5,0.333,True,True,12,False,5,0,0.955,,False,neutral_extreme,up
2015-02-17,False,23.38,0.257,True,1.083,0.0,True,False,7,False,0,0,0.86,,False,trend,up
2015-02-18,False,23.12,0.259,True,0.5,0.0,True,False,12,False,0,0,0.917,,False,normal_variation,up
2015-02-19,False,21.0,0.381,True,0.5,0.0,True,False,11,False,0,0,0.646,,False,normal_variation,up
2015-02-20,False,18.12,0.621,False,1.356,0.0,True,False,6,False,1,0,0.972,,False,trend,up
2015-02-23,False,18.12,0.29,True,0.429,0.0,True,False,12,False,4,0,0.967,,False,normal_variation,up
2015-02-24,False,18.12,0.497,False,0.444,0.0,True,False,10,False,3,0,0.827,,False,normal_variation,up
2015-02-25,False,17.75,0.239,True,1.118,0.353,True,True,10,False,0,0,0.405,,False,neutral_center,
2015-02-26,False,16.12,0.496,False,0.062,0.281,False,True,10,False,0,0,0.698,,False,normal_variation,down
2015-02-27,False,15.5,0.403,False,0.24,0.28,True,True,10,False,0,0,0.053,,False,neutral_extreme,down
2015-03-02,False,14.5,0.655,False,0.395,0.0,True,False,10,False,0,0,0.981,low,False,normal_variation,up
2015-03-03,False,13.5,0.611,False,0.0,0.848,False,True,11,False,0,0,0.689,high,False,normal_variation,down
2015-03-04,False,13.5,1.056,False,0.018,0.0,False,False,9,False,0,0,0.828,high,False,normal,
2015-03-05,False,13.5,0.463,False,0.08,0.44,False,True,11,False,0,0,0.632,,False,normal_variation,down
2015-03-06,False,13.12,0.533,False,0.0,3.107,False,True,7,False,0,2,0.13,,True,double_distribution_trend,down
2015-03-09,False,13.12,0.476,False,0.96,0.0,True,False,9,False,1,0,0.673,,False,normal_variation,up
2015-03-10,False,12.75,0.824,False,0.0,0.786,False,True,9,False,0,3,0.013,high,False,normal_variation,down
2015-03-11,False,12.75,0.392,True,0.0,1.25,False,True,12,False,0,4,0.133,,False,normal_variation,down
2015-03-12,False,12.38,0.99,False,0.633,0.0,True,False,10,False,2,0,0.95,low,False,normal_variation,up
2015-03-13,False,12.38,0.909,False,0.0,1.133,False,True,10,False,0,0,0.531,high,False,normal_variation,down
2015-03-16,False,12.38,1.03,False,0.588,0.0,True,False,8,False,2,0,0.975,low,False,normal_variation,up
2015-03-17,False,12.75,0.667,False,0.353,0.324,True,True,9,False,1,0,0.702,,False,neutral_center,
2015-03-18,False,13.12,0.476,False,6.04,0.56,True,True,9,False,0,0,0.821,,True,neutral_extreme,up
2015-03-19,False,13.75,0.6,False,0.0,0.576,False,True,12,False,0,0,0.346,,False,normal_variation,down
2015-03-20,False,13.75,0.309,True,2.412,0.0,True,False,9,False,0,0,0.552,low,False,normal_variation,up
2015-03-23,False,13.75,0.564,False,0.0,0.419,False,True,13,False,0,0,0.045,,False,normal_variation,down
2015-03-24,False,13.75,0.582,False,0.219,0.938,True,True,6,False,0,1,0.043,,False,neutral_extreme,down
2015-03-25,False,14.38,0.73,False,0.0,2.524,False,True,7,False,0,1,0.014,high,True,double_distribution_trend,down
2015-03-26,False,14.5,0.966,False,0.607,0.0,True,False,10,False,2,0,0.522,,False,normal_variation,up
2015-03-27,False,14.88,0.655,False,0.103,0.0,False,False,13,False,0,0,0.744,,False,normal,
2015-03-30,False,14.88,0.807,False,0.438,0.0,True,False,7,False,1,0,0.783,low,False,normal_variation,up
2015-03-31,False,16.25,0.477,False,0.484,0.806,True,True,11,False,0,0,0.07,,False,neutral_extreme,down
2015-04-01,False,17.25,1.116,False,0.0,0.0,False,False,13,False,0,0,0.662,high,False,normal,
2015-04-02,False,17.5,0.914,False,0.0,0.0,False,False,12,False,0,0,0.625,,False,normal,
2015-04-06,False,17.5,1.314,False,0.435,0.0,True,False,8,False,0,0,0.811,low,True,double_distribution_trend,up
2015-04-07,False,17.5,0.543,False,0.105,0.5,False,True,11,False,0,0,0.016,,False,normal_variation,down
2015-04-08,False,17.5,0.571,False,0.0,0.45,False,True,13,False,0,2,0.621,,False,normal_variation,down
2015-04-09,False,17.25,0.58,False,0.55,0.475,True,True,9,False,0,0,0.877,,False,neutral_extreme,up
2015-04-10,False,17.5,0.314,True,1.091,0.0,True,False,11,False,2,0,0.935,,False,normal_variation,up
2015-04-13,False,17.25,0.449,False,0.0,1.065,False,True,7,False,0,1,0.031,,False,trend,down
2015-04-14,False,16.62,0.857,False,0.14,0.0,False,False,10,False,0,0,0.862,,False,normal,
2015-04-15,False,16.12,0.496,False,0.406,0.0,True,False,9,False,1,0,0.467,low,False,normal_variation,up
2015-04-16,False,16.12,0.279,True,1.611,0.056,True,False,9,False,1,0,0.479,,False,normal_variation,up
2015-04-17,False,16.0,0.906,False,0.0,0.552,False,True,9,False,0,0,0.411,,False,normal_variation,down
2015-04-20,False,16.12,0.62,False,0.325,0.0,True,False,13,False,0,0,0.698,low,False,normal_variation,up
2015-04-21,False,16.12,0.651,False,0.0,0.548,False,True,12,False,0,2,0.246,,False,normal_variation,down
2015-04-22,False,16.25,0.754,False,0.633,0.0,True,False,8,False,0,0,0.875,,False,normal_variation,up
2015-04-23,False,16.25,0.538,False,1.257,0.0,True,False,7,False,2,0,0.62,low,False,normal_variation,up
2015-04-24,False,16.25,0.4,False,0.346,0.0,True,False,13,False,0,0,0.6,,False,normal_variation,up
2015-04-27,False,16.12,0.388,True,0.0,2.12,False,True,7,False,0,2,0.128,high,False,normal_variation,down
2015-04-28,False,16.25,0.985,False,0.375,0.0,True,False,9,False,0,0,0.955,,False,normal_variation,up
2015-04-29,False,16.25,0.692,False,0.067,0.467,False,True,9,False,0,0,0.551,,False,normal_variation,down
2015-04-30,False,16.25,0.892,False,0.0,0.914,False,True,10,False,0,0,0.306,,False,normal_variation,down
2015-05-01,False,16.25,0.446,False,0.966,0.138,True,False,8,False,1,0,0.934,low,False,normal_variation,up
2015-05-04,False,16.25,0.585,False,0.0,0.0,False,False,11,False,0,0,0.316,,False,normal,
2015-05-05,False,16.12,0.744,False,0.0,1.312,False,True,6,False,0,1,0.063,,False,trend,down
2015-05-06,False,16.25,1.431,False,0.0,0.398,False,True,8,False,0,0,0.408,,False,normal_variation,down
2015-05-07,False,16.75,0.537,False,1.111,0.0,True,False,10,False,0,0,0.737,,False,normal_variation,up
2015-05-08,False,16.75,0.493,False,0.333,0.0,True,False,10,False,0,0,0.773,low,False,normal_variation,up
2015-05-11,False,16.75,0.373,True,0.0,1.24,False,True,9,False,0,2,0.054,,False,normal_variation,down
2015-05-12,False,16.75,0.612,False,1.0,0.0,True,False,11,False,2,0,0.659,,False,normal_variation,up
2015-05-13,False,18.12,0.524,False,0.0,0.579,False,True,11,False,0,2,0.217,,False,normal_variation,down
2015-05-14,False,18.12,0.414,False,0.9,0.0,True,False,7,False,2,0,0.93,,False,normal_variation,up
2015-05-15,False,18.12,0.4,False,0.0,0.0,False,False,13,False,0,0,0.793,,False,normal,
2015-05-18,False,16.75,0.269,True,1.778,0.0,True,False,7,False,1,0,0.72,low,False,normal_variation,up
2015-05-19,False,16.75,0.328,True,0.455,0.182,True,False,12,False,0,0,0.389,,False,normal_variation,up
2015-05-20,False,16.25,0.446,False,0.793,0.0,True,False,12,False,0,0,0.288,,False,normal_variation,up
2015-05-21,False,15.12,0.512,False,0.613,0.0,True,False,11,False,3,0,0.76,,False,normal_variation,up
2015-05-22,False,14.62,0.342,True,0.3,0.0,True,False,13,False,0,0,0.154,,False,normal_variation,up
2015-05-26,False,14.62,1.009,False,0.0,0.576,False,True,8,False,0,1,0.237,high,False,normal_variation,down
2015-05-27,False,14.62,0.906,False,0.642,0.0,True,False,6,False,0,0,0.862,,False,normal_variation,up
2015-05-28,False,14.62,0.564,False,0.0,0.182,False,False,10,False,0,0,0.872,,False,normal,
2015-05-29,False,14.12,0.531,False,0.0,1.2,False,True,9,False,0,0,0.167,high,False,trend,down
2015-06-01,False,14.12,1.062,False,0.167,0.0,False,False,8,False,0,0,0.529,,False,normal,
2015-06-02,False,14.12,0.726,False,0.927,0.0,True,False,8,False,0,0,0.582,,False,normal_variation,up
2015-06-03,False,14.62,0.838,False,0.102,0.0,False,False,11,False,0,0,0.444,,False,normal,
2015-06-04,False,14.12,0.85,False,0.0,0.708,False,True,6,False,0,1,0.232,,False,normal_variation,down
2015-06-05,False,14.12,1.027,False,0.121,0.0,False,False,13,False,0,0,0.508,,False,normal,
2015-06-08,False,14.12,0.496,False,0.0,1.071,False,True,9,False,0,2,0.052,,False,normal_variation,down
2015-06-09,False,14.38,0.748,False,0.256,0.047,True,False,10,False,1,0,0.518,,False,normal_variation,up
2015-06-10,False,14.38,0.661,False,1.237,0.0,True,False,10,False,0,0,0.765,low,False,normal_variation,up
2015-06-11,False,14.38,0.487,False,0.0,0.286,False,True,12,False,0,0,0.444,,False,normal_variation,down
2015-06-12,False,14.12,0.513,False,0.0,0.621,False,True,12,False,0,1,0.255,,False,normal_variation,down
2015-06-15,False,13.75,0.655,False,0.861,0.0,True,False,10,False,2,0,0.776,,False,normal_variation,up
2015-06-16,False,14.25,0.719,False,0.634,0.0,True,False,6,False,0,0,0.955,,False,normal_variation,up
2015-06-17,False,15.38,0.341,True,0.667,2.143,True,True,8,False,0,2,0.65,,False,neutral_center,
2015-06-18,False,16.38,0.763,False,0.78,0.0,True,False,10,False,1,0,0.742,low,False,normal_variation,up
2015-06-19,False,16.62,0.271,True,0.0,1.611,False,True,7,False,0,2,0.021,high,False,normal_variation,down
2015-06-22,False,16.62,0.391,True,0.462,0.038,True,False,11,False,0,0,0.282,,False,normal_variation,up
2015-06-23,False,16.62,0.361,True,0.0,0.5,False,True,11,False,0,0,0.528,,False,normal_variation,down
2015-06-24,False,16.38,0.351,True,0.174,1.87,False,True,7,False,0,2,0.0,,False,normal_variation,down
2015-06-25,False,16.38,0.565,False,0.027,0.622,False,True,8,False,0,0,0.033,high,False,normal_variation,down
2015-06-26,False,16.38,0.58,False,0.0,0.526,False,True,9,False,0,0,0.483,,False,normal_variation,down
2015-06-29,False,15.75,0.667,False,0.0,2.429,False,True,4,True,0,1,0.035,,False,trend,down
2015-06-30,False,15.75,0.905,False,0.0,0.456,False,True,10,False,0,0,0.313,high,False,normal_variation,down
2015-07-01,False,15.75,0.429,False,0.0,1.185,False,True,10,False,0,1,0.644,,False,normal_variation,down
2015-07-02,False,15.75,0.381,True,0.0,1.458,False,True,8,False,0,1,0.322,,False,normal_variation,down
2015-07-06,False,15.0,0.883,False,0.604,0.0,True,False,8,False,0,0,0.565,,False,normal_variation,up
2015-07-07,False,15.0,1.283,False,0.623,0.506,True,True,6,False,0,1,0.957,,False,neutral_extreme,up
2015-07-08,False,16.0,0.828,False,0.0,0.925,False,True,9,False,0,3,0.098,,False,normal_variation,down
2015-07-09,False,16.75,0.851,False,0.0,0.737,False,True,7,False,0,1,0.01,,False,normal_variation,down
2015-07-10,False,16.75,0.448,False,0.633,0.4,True,True,9,False,3,0,0.639,,False,neutral_center,
2015-07-13,False,16.75,0.433,False,0.379,0.0,True,False,11,False,0,0,0.85,low,False,normal_variation,up
2015-07-14,False,16.75,0.418,False,1.0,0.0,True,False,8,False,1,0,0.714,low,False,normal_variation,up
2015-07-15,False,16.0,0.359,True,0.391,0.826,True,True,11,False,0,0,0.471,,False,neutral_center,
2015-07-16,False,15.25,0.279,True,0.647,0.0,True,False,12,False,2,0,0.964,,False,normal_variation,up
2015-07-17,False,15.0,0.35,True,0.381,0.0,True,False,10,False,0,0,0.862,,False,normal_variation,up
2015-07-20,False,14.75,0.373,True,0.773,0.0,True,False,11,False,2,0,0.41,,False,normal_variation,up
2015-07-21,False,14.75,0.271,True,0.0,2.438,False,True,9,False,0,2,0.273,,False,normal_variation,down
2015-07-22,False,14.75,0.593,False,0.0,0.029,False,False,11,False,0,0,0.5,low,False,normal,
2015-07-23,False,14.75,0.424,False,0.0,2.04,False,True,7,False,0,2,0.224,high,False,normal_variation,down
2015-07-24,False,14.75,0.627,False,0.0,2.027,False,True,5,True,0,1,0.134,high,False,trend,down
2015-07-27,False,14.75,0.593,False,0.486,0.0,True,False,12,False,0,0,0.385,,False,normal_variation,up
2015-07-28,False,14.75,0.729,False,1.558,0.0,True,False,6,False,0,0,0.918,,False,trend,up
2015-07-29,False,14.75,0.407,False,1.917,0.0,True,False,9,False,4,0,0.829,low,False,normal_variation,up
2015-07-30,False,14.75,0.729,False,0.512,0.0,True,False,9,False,2,0,0.846,,False,normal_variation,up
2015-07-31,False,15.0,0.65,False,0.0,0.359,False,True,8,False,0,0,0.245,high,False,normal_variation,down
2015-08-03,False,14.62,0.581,False,0.0,1.235,False,True,7,False,0,0,0.579,high,False,normal_variation,down
2015-08-04,False,14.62,0.564,False,0.0,0.788,False,True,11,False,0,1,0.373,,False,normal_variation,down
2015-08-05,False,14.38,0.591,False,0.059,0.853,False,True,8,False,0,0,0.231,,False,normal_variation,down
2015-08-06,False,14.38,0.974,False,0.0,1.0,False,True,7,False,0,0,0.286,high,False,normal_variation,down
2015-08-07,False,14.38,0.661,False,0.0,0.553,False,True,10,False,0,1,0.729,,False,normal_variation,down
2015-08-10,False,14.38,0.643,False,0.595,0.0,True,False,10,False,0,0,0.932,low,False,normal_variation,up
2015-08-11,False,14.75,0.508,False,0.0,1.333,False,True,9,False,0,1,0.514,,False,normal_variation,down
2015-08-12,False,14.75,1.271,False,1.04,0.0,True,False,5,True,0,0,0.928,,False,trend,up
2015-08-13,False,15.5,0.677,False,0.5,0.0,True,False,7,False,0,0,0.413,,False,normal_variation,up
2015-08-14,False,16.0,0.5,False,0.5,0.062,True,False,10,False,0,0,0.9,,False,normal_variation,up
2015-08-17,False,16.0,0.812,False,0.885,0.0,True,False,7,False,1,0,1.0,,False,normal_variation,up
2015-08-18,False,16.25,0.415,False,0.111,0.37,False,True,10,False,0,0,0.275,,False,normal_variation,down
2015-08-19,False,16.25,0.6,False,0.923,0.846,True,True,9,False,0,0,0.37,,False,neutral_center,
2015-08-20,False,16.88,1.022,False,0.0,0.899,False,True,9,False,0,2,0.0,,False,normal_variation,down
2015-08-21,False,16.88,0.874,False,0.0,2.678,False,True,8,False,0,3,0.0,,False,normal_variation,down
2015-08-24,False,16.88,5.778,False,0.228,0.0,True,False,8,False,1,0,0.461,,False,normal_variation,up
2015-08-25,False,17.5,1.386,False,0.0,2.485,False,True,8,False,0,1,0.024,high,False,trend,down
2015-08-26,False,17.5,1.871,False,0.695,0.29,True,True,8,False,0,0,0.962,,False,neutral_extreme,up
2015-08-27,False,18.25,0.712,False,1.346,0.923,True,True,7,False,1,0,0.971,,False,neutral_extreme,up
2015-08-28,False,21.75,0.471,False,0.537,0.366,True,True,12,False,1,0,0.705,,False,neutral_center,
2015-08-31,False,22.0,0.705,False,0.387,0.0,True,False,10,False,0,0,0.279,,False,normal_variation,up
2015-09-01,False,23.0,0.783,False,0.0,1.264,False,True,9,False,0,1,0.221,,False,normal_variation,down
2015-09-02,False,25.75,0.689,False,0.437,0.282,True,True,10,False,0,0,1.0,,False,neutral_extreme,up
2015-09-03,False,27.5,0.627,False,0.275,0.551,True,True,7,False,0,1,0.183,,False,neutral_extreme,down
2015-09-04,False,28.75,0.487,False,0.036,0.607,False,True,8,False,0,1,0.435,,False,normal_variation,down
2015-09-08,False,28.75,0.435,False,0.76,0.22,True,True,9,False,0,0,0.96,,False,neutral_extreme,up
2015-09-09,False,28.75,0.522,False,0.0,2.467,False,True,6,False,0,3,0.082,high,False,normal_variation,down
2015-09-10,False,31.0,0.387,True,1.542,0.0,True,False,9,False,0,0,0.533,low,False,normal_variation,up
2015-09-11,False,30.5,0.32,True,1.308,0.0,True,False,7,False,2,0,1.0,,False,normal_variation,up
2015-09-14,False,30.5,0.484,False,0.0,0.085,False,False,12,False,0,0,0.375,high,False,normal,
2015-09-15,False,30.5,0.336,True,1.878,0.0,True,False,6,False,2,0,0.831,,False,normal_variation,up
2015-09-16,False,30.5,0.238,True,1.759,0.0,True,False,9,False,3,0,0.875,,False,normal_variation,up
2015-09-17,False,30.5,0.205,True,4.0,0.8,True,True,10,False,1,1,0.117,,False,neutral_extreme,down
2015-09-18,False,31.0,0.54,False,0.119,0.448,False,True,9,False,0,0,0.181,,False,normal_variation,down
2015-09-21,False,30.5,0.279,True,0.735,1.176,True,True,8,False,0,0,0.515,,False,neutral_center,
2015-09-22,False,30.0,0.317,True,0.0,1.0,False,True,10,False,0,1,0.697,,False,normal_variation,down
2015-09-23,False,27.88,0.35,True,0.308,0.538,True,True,10,False,0,0,0.389,,False,neutral_center,
2015-09-24,False,25.5,0.598,False,0.689,0.246,True,True,9,False,0,0,0.822,,False,neutral_extreme,up
2015-09-25,False,25.5,0.382,True,0.205,2.103,True,True,10,False,0,0,0.326,,False,neutral_center,
2015-09-28,False,25.5,0.745,False,0.0,1.263,False,True,5,True,0,2,0.064,high,False,normal_variation,down
2015-09-29,False,27.88,0.825,False,0.043,0.185,False,False,12,False,0,0,0.398,,False,normal,
2015-09-30,False,28.88,0.398,True,0.391,0.696,True,True,10,False,0,0,0.938,,False,neutral_extreme,up
2015-10-01,False,27.25,0.697,False,0.0,0.421,False,True,8,False,0,0,0.861,,False,normal_variation,down
2015-10-02,False,26.62,0.469,False,3.74,0.0,True,False,6,False,2,0,0.996,,False,normal_variation,up
2015-10-05,False,26.62,0.488,False,0.904,0.0,True,False,8,False,1,0,0.909,low,False,normal_variation,up
2015-10-06,False,26.62,0.46,False,0.0,0.612,False,True,11,False,0,0,0.418,,False,normal_variation,down
2015-10-07,False,26.62,0.404,False,0.0,1.209,False,True,8,False,0,0,0.832,,False,normal_variation,down
2015-10-08,False,25.5,0.275,True,3.286,0.0,True,False,8,False,2,0,0.883,,False,normal_variation,up
2015-10-09,False,25.5,0.382,True,0.0,0.385,False,True,11,False,0,0,0.593,,False,normal_variation,down
2015-10-12,False,25.5,0.255,True,0.308,0.0,True,False,13,False,0,0,0.765,,False,normal_variation,up
2015-10-13,False,25.5,0.461,False,0.426,0.383,True,True,7,False,0,0,0.082,,False,neutral_extreme,down
2015-10-14,False,24.75,0.455,False,0.0,0.711,False,True,9,False,0,3,0.169,,False,normal_variation,down
2015-10-15,False,24.75,0.273,True,2.815,0.259,True,True,7,False,1,0,0.991,,False,neutral_extreme,up
2015-10-16,False,24.75,0.343,True,0.265,0.353,True,True,11,False,0,0,0.891,,False,neutral_extreme,up
2015-10-19,False,24.38,0.4,False,0.308,0.0,True,False,11,False,3,0,0.961,,False,normal_variation,up
2015-10-20,False,23.88,0.387,True,0.297,0.108,True,False,11,False,0,0,0.442,,False,normal_variation,up
2015-10-21,False,23.88,0.492,False,0.0,0.851,False,True,9,False,0,1,0.092,high,False,normal_variation,down
2015-10-22,False,23.88,0.628,False,0.817,0.0,True,False,7,False,1,0,0.89,low,False,normal_variation,up
2015-10-23,False,23.88,0.387,True,0.216,0.595,True,True,9,False,0,0,0.731,,False,neutral_center,
2015-10-26,False,22.75,0.341,True,0.032,0.0,False,False,13,False,0,0,0.5,high,False,nontrend,
2015-10-27,False,21.5,0.337,True,0.379,0.345,True,True,11,False,0,0,0.66,,False,neutral_center,
2015-10-28,False,20.5,0.427,False,1.657,0.543,True,True,9,False,2,0,0.991,,False,neutral_extreme,up
2015-10-29,False,20.5,0.39,True,0.25,0.125,True,False,13,False,0,0,0.614,,False,normal_variation,up
2015-10-30,False,19.5,0.436,False,0.265,0.676,True,True,11,False,0,0,0.03,,False,neutral_extreme,down
2015-11-02,False,18.0,0.639,False,1.152,0.0,True,False,7,False,0,0,0.889,low,False,trend,up
2015-11-03,False,18.0,0.389,True,1.821,0.0,True,False,6,False,2,0,0.633,,False,normal_variation,up
2015-11-04,False,18.0,0.653,False,0.0,0.532,False,True,11,False,0,1,0.347,high,False,normal_variation,down
2015-11-05,False,17.38,0.849,False,0.0,0.305,False,True,10,False,0,0,0.532,,False,normal_variation,down
2015-11-06,False,17.38,1.079,False,0.0,0.0,False,False,10,False,0,0,0.84,,False,normal,
2015-11-09,False,18.38,0.871,False,0.0,0.625,False,True,9,False,0,0,0.433,high,False,normal_variation,down
2015-11-10,False,19.0,0.553,False,0.357,0.0,True,False,10,False,0,0,0.93,,False,normal_variation,up
2015-11-11,False,18.38,0.49,False,0.083,0.389,False,True,9,False,0,6,0.057,high,False,normal_variation,down
2015-11-12,False,17.38,0.374,True,0.538,1.923,True,True,10,False,0,1,0.022,,False,neutral_extreme,down
2015-11-13,False,17.38,0.964,False,0.0,0.358,False,True,8,False,0,0,0.055,,False,normal_variation,down
2015-11-16,False,18.38,0.857,False,1.222,0.0,True,False,6,False,0,0,0.986,low,False,trend,up
2015-11-17,False,19.0,0.408,False,1.323,0.516,True,True,7,False,0,0,0.239,,False,neutral_center,
2015-11-18,False,19.5,0.397,True,2.839,0.0,True,False,8,False,3,0,0.933,low,False,normal_variation,up
2015-11-19,False,19.5,0.346,True,0.0,0.259,False,True,12,False,0,0,0.382,,False,normal_variation,down
2015-11-20,False,19.0,0.434,False,0.0,0.545,False,True,9,False,0,0,0.373,,False,normal_variation,down
2015-11-23,False,19.0,0.447,False,0.0,0.735,False,True,8,False,0,0,0.373,,False,normal_variation,down
2015-11-24,False,19.0,0.395,True,1.733,0.533,True,True,6,False,1,0,0.816,,False,neutral_extreme,up
2015-11-25,False,19.5,0.295,True,0.261,0.0,True,False,13,False,0,0,0.448,,False,normal_variation,up
2015-11-27,True,19.0,0.368,True,0.393,0.0,True,False,8,False,0,0,0.923,,False,normal_variation,up
2015-11-30,False,19.0,0.461,False,0.0,0.543,False,True,11,False,0,3,0.111,,False,normal_variation,down
2015-12-01,False,19.0,0.684,False,0.327,0.0,True,False,11,False,0,0,0.957,,False,normal_variation,up
2015-12-02,False,18.38,0.313,True,0.0,3.913,False,True,6,False,0,2,0.106,,True,double_distribution_trend,down
2015-12-03,False,18.38,1.048,False,0.0,1.312,False,True,5,True,0,0,0.197,high,False,trend,down
2015-12-04,False,19.0,1.013,False,1.13,0.0,True,False,5,True,2,0,0.909,low,False,normal_variation,up
2015-12-07,False,20.38,0.564,False,0.0,0.826,False,True,11,False,0,0,0.524,high,False,normal_variation,down
2015-12-08,False,21.5,0.5,False,1.047,0.093,True,False,11,False,0,0,0.522,,False,normal_variation,up
2015-12-09,False,21.5,0.977,False,0.226,0.94,True,True,7,False,0,0,0.264,,False,neutral_center,
2015-12-10,False,22.25,0.483,False,1.163,0.0,True,False,9,False,2,0,0.312,,False,normal_variation,up
2015-12-11,False,22.62,0.53,False,0.167,1.042,False,True,8,False,0,2,0.132,,False,normal_variation,down
2015-12-14,False,22.88,0.962,False,0.011,0.398,False,True,11,False,0,0,0.992,,False,normal_variation,down
2015-12-15,False,23.12,0.53,False,0.327,0.0,True,False,11,False,0,0,0.338,low,False,normal_variation,up
2015-12-16,False,22.5,0.389,True,1.886,1.429,True,True,9,False,0,3,0.894,,False,neutral_extreme,up
2015-12-17,False,23.12,0.832,False,0.0,0.974,False,True,11,False,0,3,0.013,high,False,normal_variation,down
2015-12-18,False,23.12,0.573,False,0.0,1.245,False,True,9,False,0,3,0.0,high,False,normal_variation,down
2015-12-21,False,23.88,0.366,True,0.0,1.143,False,True,8,False,0,0,0.88,,False,normal_variation,down
2015-12-22,False,23.88,0.534,False,0.882,0.0,True,False,6,False,1,0,0.854,,False,normal_variation,up
2015-12-23,False,24.25,0.227,True,1.909,0.0,True,False,8,False,2,0,0.953,low,False,normal_variation,up
2015-12-24,True,23.62,0.275,True,0.385,0.192,True,False,7,False,1,0,0.122,,False,normal_variation,up
2015-12-28,False,23.62,0.381,True,0.194,0.278,False,True,10,False,0,0,0.943,,False,normal_variation,down
2015-12-29,False,23.62,0.339,True,0.719,0.0,True,False,10,False,1,0,0.727,low,False,normal_variation,up
2015-12-30,False,23.62,0.275,True,0.0,1.308,False,True,13,False,0,0,0.133,high,False,trend,down
2015-12-31,False,23.62,0.307,True,0.966,0.931,True,True,8,False,0,6,0.036,,False,neutral_extreme,down
2016-01-04,False,23.12,0.541,False,0.32,0.66,True,True,10,False,0,0,0.99,,False,neutral_extreme,up
2016-01-05,False,23.12,0.595,False,0.091,0.291,False,True,10,False,0,0,0.75,,False,normal_variation,down
2016-01-06,False,22.0,0.67,False,0.254,0.441,True,True,10,False,0,0,0.5,,False,neutral_center,
2016-01-07,False,23.12,0.681,False,0.524,0.937,True,True,6,False,0,2,0.116,,False,neutral_extreme,down
2016-01-08,False,23.62,0.751,False,0.0,1.437,False,True,9,False,0,1,0.087,,False,trend,down
2016-01-11,False,23.62,0.709,False,0.0,1.179,False,True,9,False,0,1,0.623,,False,normal_variation,down
2016-01-12,False,24.38,0.687,False,0.0,1.06,False,True,8,False,0,3,0.725,,False,normal_variation,down
2016-01-13,False,24.38,0.585,False,0.0,3.579,False,True,4,True,0,1,0.073,high,True,double_distribution_trend,down
2016-01-14,False,24.38,1.097,False,1.112,0.0,True,False,6,False,1,0,0.748,,False,normal_variation,up
2016-01-15,False,24.88,0.834,False,0.048,0.53,False,True,10,False,0,0,0.687,,False,normal_variation,down
2016-01-19,False,24.88,0.704,False,0.0,1.243,False,True,8,False,0,0,0.471,high,False,normal_variation,down
2016-01-20,False,24.88,0.905,False,0.744,1.144,True,True,7,False,0,1,0.731,,False,neutral_center,
2016-01-21,False,24.88,1.095,False,0.56,0.0,True,False,10,False,1,0,0.476,,False,normal_variation,up
2016-01-22,False,28.88,0.459,False,0.151,0.283,False,True,11,False,0,0,0.842,,False,normal_variation,down
2016-01-25,False,28.88,0.312,True,0.0,2.083,False,True,11,False,0,3,0.108,high,False,normal_variation,down
2016-01-26,False,30.25,0.587,False,0.423,0.0,True,False,9,False,1,0,0.851,,False,normal_variation,up
2016-01-27,False,30.25,0.479,False,1.086,1.052,True,True,6,False,0,0,0.236,,False,neutral_center,
2016-01-28,False,33.62,0.736,False,0.0,0.232,False,True,11,False,0,0,0.656,high,False,normal_variation,down
2016-01-29,False,33.62,0.543,False,1.123,0.0,True,False,6,False,1,0,0.981,low,False,trend,up
2016-02-01,False,35.5,0.296,True,1.619,0.0,True,False,10,False,2,0,0.664,,False,normal_variation,up
2016-02-02,False,35.5,0.359,True,0.0,0.961,False,True,9,False,0,1,0.25,high,False,normal_variation,down
2016-02-03,False,35.5,1.049,False,0.087,0.181,False,False,9,False,0,0,0.873,high,False,normal,
2016-02-04,False,37.62,0.638,False,0.167,0.0,False,False,11,False,0,0,0.571,,False,normal,
2016-02-05,False,37.62,0.545,False,0.0,0.927,False,True,7,False,0,2,0.19,high,False,normal_variation,down
2016-02-08,False,37.62,0.512,False,0.13,0.597,False,True,10,False,0,3,0.774,,False,normal_variation,down
2016-02-09,False,35.5,0.873,False,0.226,0.0,True,False,9,False,0,0,0.586,low,False,normal_variation,up
2016-02-10,False,36.25,0.434,False,0.444,0.619,True,True,12,False,0,0,0.054,,False,neutral_extreme,down
2016-02-11,False,35.62,0.505,False,0.069,0.583,False,True,10,False,0,4,0.647,,False,normal_variation,down
2016-02-12,False,33.0,0.371,True,1.224,0.0,True,False,7,False,1,0,1.0,,False,trend,up
2016-02-16,False,32.62,0.368,True,0.625,0.188,True,False,7,False,2,0,0.989,,False,normal_variation,up
2016-02-17,False,31.5,0.452,False,0.632,0.0,True,False,10,False,2,0,0.817,low,False,normal_variation,up
2016-02-18,False,30.12,0.299,True,0.0,0.75,False,True,11,False,0,4,0.206,high,False,normal_variation,down
2016-02-19,False,28.88,0.424,False,0.429,0.0,True,False,12,False,0,0,0.914,,False,normal_variation,up
2016-02-22,False,27.88,0.395,True,0.068,0.0,False,False,13,False,0,0,0.83,low,False,nontrend,
2016-02-23,False,27.88,0.413,False,0.0,0.87,False,True,10,False,0,4,0.093,,False,normal_variation,down
2016-02-24,False,27.75,0.45,False,2.3,0.1,True,False,6,False,1,0,0.924,,False,trend,up
2016-02-25,False,28.88,0.511,False,0.864,0.0,True,False,7,False,1,0,1.0,,False,normal_variation,up
2016-02-26,False,27.75,0.423,False,0.0,0.532,False,True,9,False,0,0,0.125,high,False,normal_variation,down
2016-02-29,False,27.5,0.245,True,1.259,1.963,True,True,7,False,0,0,0.026,,False,neutral_extreme,down
2016-03-01,False,27.5,0.555,False,1.459,0.0,True,False,6,False,1,0,0.993,,False,trend,up
2016-03-02,False,27.75,0.297,True,0.97,0.242,True,True,11,False,4,0,0.959,,False,neutral_extreme,up
2016-03-03,False,27.75,0.27,True,1.267,0.0,True,False,8,False,0,0,0.985,,False,trend,up
2016-03-04,False,27.38,0.411,False,1.089,0.0,True,False,9,False,0,0,0.574,,False,normal_variation,up
2016-03-07,False,25.38,0.345,True,1.114,0.0,True,False,8,False,1,0,0.743,low,False,normal_variation,up
2016-03-08,False,23.38,0.364,True,0.559,0.441,True,True,10,False,1,4,0.074,,False,neutral_extreme,down
2016-03-09,False,22.5,0.3,True,0.481,0.556,True,True,11,False,0,0,0.727,,False,neutral_center,
2016-03-10,False,21.62,0.694,False,0.0,1.5,False,True,8,False,0,1,0.587,,False,normal_variation,down
2016-03-11,False,21.62,0.254,True,2.091,0.0,True,False,10,False,3,0,0.956,low,False,normal_variation,up
2016-03-14,False,20.0,0.338,True,0.926,0.0,True,False,9,False,1,0,0.577,,False,normal_variation,up
2016-03-15,False,18.38,0.34,True,0.88,0.0,True,False,11,False,2,0,0.979,,False,normal_variation,up
2016-03-16,False,18.12,0.469,False,1.647,0.059,True,False,8,False,0,0,0.815,low,False,trend,up
2016-03-17,False,18.12,0.4,False,2.414,0.0,True,False,6,False,1,0,0.778,,False,normal_variation,up
2016-03-18,False,18.38,0.354,True,0.308,0.192,True,False,11,False,0,0,0.641,,False,normal_variation,up
2016-03-21,False,18.38,0.395,True,0.414,0.207,True,True,9,False,0,0,0.766,,False,neutral_center,
2016-03-22,False,18.38,0.49,False,0.889,0.0,True,False,8,False,2,0,0.632,,False,normal_variation,up
2016-03-23,False,18.12,0.303,True,0.227,1.182,True,True,11,False,0,3,0.189,,False,neutral_extreme,down
2016-03-24,False,17.5,0.343,True,1.417,0.0,True,False,10,False,4,0,1.0,,False,normal_variation,up
2016-03-28,False,17.0,0.426,False,0.207,0.448,True,True,11,False,0,0,0.479,,False,neutral_center,
2016-03-29,False,17.0,0.441,False,2.767,0.0,True,False,5,True,1,0,0.982,,False,trend,up
2016-03-30,False,17.0,0.426,False,0.172,0.621,False,True,10,False,0,2,0.365,,False,normal_variation,down
2016-03-31,False,17.0,0.294,True,0.1,1.1,False,True,8,False,0,0,0.205,,False,normal_variation,down
2016-04-01,False,15.75,0.889,False,1.268,0.0,True,False,6,False,2,0,0.921,,False,normal_variation,up
2016-04-04,False,15.75,0.349,True,0.0,1.227,False,True,8,False,0,4,0.306,,False,normal_variation,down
2016-04-05,False,14.12,0.796,False,0.0,0.222,False,True,12,False,0,0,0.236,,False,normal_variation,down
2016-04-06,False,13.75,0.491,False,2.778,0.0,True,False,9,False,2,0,0.971,,False,normal_variation,up
2016-04-07,False,13.75,0.782,False,0.0,1.326,False,True,8,False,0,3,0.35,,False,normal_variation,down
2016-04-08,False,14.12,0.584,False,0.0,1.455,False,True,8,False,0,3,0.333,,False,normal_variation,down
2016-04-11,False,14.12,0.673,False,0.0,1.316,False,True,11,False,0,4,0.034,,False,normal_variation,down
2016-04-12,False,14.12,0.779,False,1.364,0.0,True,False,6,False,3,0,0.875,,False,normal_variation,up
2016-04-13,False,15.75,0.349,True,1.182,0.182,True,False,11,False,2,0,0.923,,False,normal_variation,up
2016-04-14,False,15.75,0.365,True,0.739,0.0,True,False,13,False,1,0,0.425,,False,normal_variation,up
2016-04-15,False,14.12,0.407,False,0.0,0.304,False,True,11,False,0,1,0.533,,False,normal_variation,down
2016-04-18,False,13.5,1.185,False,0.469,0.0,True,False,11,False,1,0,0.989,low,False,normal_variation,up
2016-04-19,False,14.12,0.513,False,0.0,0.759,False,True,9,False,0,0,0.765,,False,normal_variation,down
2016-04-20,False,14.12,0.283,True,2.188,0.75,True,True,7,False,2,0,0.444,,False,neutral_center,
2016-04-21,False,14.12,0.655,False,0.0,0.757,False,True,8,False,0,0,0.2,high,False,normal_variation,down
2016-04-22,False,15.12,0.545,False,0.0,0.697,False,True,8,False,0,0,0.786,,False,normal_variation,down
2016-04-25,False,14.88,0.605,False,0.083,0.167,False,False,10,False,0,0,0.978,,False,normal,
2016-04-26,False,14.88,0.555,False,0.0,0.424,False,True,13,False,0,0,0.532,,False,normal_variation,down
2016-04-27,False,13.88,0.468,False,1.115,0.615,True,True,9,False,0,0,0.746,,False,neutral_center,
2016-04-28,False,14.88,0.807,False,0.354,1.0,True,True,8,False,0,0,0.186,,False,neutral_extreme,down
2016-04-29,False,16.0,0.844,False,0.0,0.574,False,True,9,False,0,3,0.612,,False,normal_variation,down
2016-05-02,False,16.0,0.578,False,0.946,0.0,True,False,7,False,0,0,0.875,,False,normal_variation,up
2016-05-03,False,17.0,0.676,False,0.13,0.196,False,False,11,False,0,0,0.59,,False,normal,
2016-05-04,False,17.0,0.676,False,0.0,0.261,False,True,12,False,0,0,0.397,,False,normal_variation,down
2016-05-05,False,16.0,0.469,False,0.0,1.067,False,True,8,False,0,2,0.339,,False,normal_variation,down
2016-05-06,False,15.62,0.768,False,0.5,0.083,True,False,8,False,0,0,0.961,low,False,normal_variation,up
2016-05-09,False,15.62,0.592,False,0.0,0.135,False,False,11,False,0,0,0.524,,False,normal,
2016-05-10,False,15.38,0.537,False,1.242,0.0,True,False,7,False,2,0,0.986,low,False,normal_variation,up
2016-05-11,False,15.38,0.358,True,0.455,1.955,True,True,7,False,0,2,0.04,,False,neutral_extreme,down
2016-05-12,False,15.62,0.688,False,0.0,0.977,False,True,7,False,0,0,0.565,high,False,normal_variation,down
2016-05-13,False,16.0,0.672,False,0.0,1.326,False,True,7,False,0,0,0.15,,False,trend,down
2016-05-16,False,17.0,0.559,False,1.632,0.0,True,False,7,False,2,0,0.77,low,False,normal_variation,up
2016-05-17,False,17.0,0.618,False,0.0,1.476,False,True,9,False,0,1,0.269,,False,normal_variation,down
2016-05-18,False,17.88,0.881,False,0.365,0.349,True,True,7,False,0,0,0.491,,False,neutral_center,
2016-05-19,False,18.25,0.877,False,0.0,0.109,False,False,10,False,0,0,0.817,,False,normal,
2016-05-20,False,18.25,0.616,False,0.133,0.0,False,False,10,False,0,0,0.49,low,False,normal,
2016-05-23,False,18.25,0.356,True,0.0,0.308,False,True,13,False,0,0,0.206,,False,normal_variation,down
2016-05-24,False,18.25,0.726,False,0.604,0.0,True,False,11,False,4,0,0.8,low,False,normal_variation,up
2016-05-25,False,18.62,0.604,False,0.044,0.0,False,False,12,False,0,0,0.511,low,False,normal,
2016-05-26,False,18.62,0.376,True,0.0,0.071,False,False,12,False,0,0,0.467,,False,nontrend,
2016-05-27,False,18.25,0.26,True,0.579,0.0,True,False,12,False,3,0,1.0,low,False,normal_variation,up
2016-05-31,False,17.88,0.224,True,0.0,2.875,False,True,8,False,0,3,0.468,high,False,normal_variation,down
2016-06-01,False,16.62,0.481,False,1.0,0.0,True,False,8,False,2,0,0.859,,False,normal_variation,up
2016-06-02,False,16.88,0.4,False,1.481,0.0,True,False,7,False,3,0,0.985,,False,normal_variation,up
2016-06-03,False,17.25,0.884,False,0.213,0.0,True,False,9,False,0,0,0.784,,False,normal_variation,up
2016-06-06,False,18.12,0.455,False,0.485,0.061,True,False,10,False,0,0,0.667,,False,normal_variation,up
2016-06-07,False,17.25,0.29,True,0.75,0.0,True,False,10,False,1,0,0.229,low,False,normal_variation,up
2016-06-08,False,17.25,0.391,True,0.148,0.111,False,False,12,False,0,0,0.794,,False,nontrend,
2016-06-09,False,16.38,0.305,True,0.85,0.25,True,True,8,False,1,0,0.786,,False,neutral_center,
2016-06-10,False,15.75,0.397,True,0.24,1.08,True,True,9,False,0,1,0.466,,False,neutral_center,
2016-06-13,False,15.0,0.6,False,0.167,1.111,False,True,8,False,0,2,0.061,,False,normal_variation,down
2016-06-14,False,15.0,0.817,False,0.0,0.469,False,True,10,False,0,0,0.653,,False,normal_variation,down
2016-06-15,False,15.0,0.433,False,0.615,1.231,True,True,13,False,0,0,0.108,,False,neutral_extreme,down
2016-06-16,False,15.0,0.783,False,1.489,0.128,True,False,7,False,1,0,0.943,,False,trend,up
2016-06-17,False,15.0,0.533,False,0.0,0.875,False,True,10,False,0,0,0.583,high,False,normal_variation,down
2016-06-20,False,14.75,0.559,False,0.0,1.273,False,True,9,False,0,0,0.067,,False,trend,down
2016-06-21,False,15.25,0.443,False,0.741,0.0,True,False,11,False,3,0,0.532,,False,normal_variation,up
2016-06-22,False,15.25,0.344,True,0.81,1.238,True,True,9,False,0,3,0.078,,False,neutral_extreme,down
2016-06-23,False,15.25,0.459,False,1.286,0.0,True,False,11,False,2,0,0.984,,False,normal_variation,up
2016-06-24,False,15.75,2.27,False,0.0,0.189,False,False,7,False,0,0,0.124,,False,normal,
2016-06-27,False,16.0,1.391,False,0.0,0.315,False,True,11,False,0,0,0.325,high,False,normal_variation,down
2016-06-28,False,16.0,0.625,False,0.875,0.225,True,True,11,False,0,0,0.988,,False,neutral_extreme,up
2016-06-29,False,16.38,0.55,False,1.472,0.0,True,False,6,False,2,0,0.888,low,False,normal_variation,up
2016-06-30,False,17.38,0.46,False,2.781,0.0,True,False,7,False,1,0,0.992,,False,trend,up
2016-07-01,False,18.25,0.603,False,0.068,0.0,False,False,11,False,0,0,0.404,low,False,normal,
2016-07-05,False,17.0,0.574,False,0.0,0.436,False,True,12,False,0,0,0.518,high,False,normal_variation,down
2016-07-06,False,17.0,0.676,False,1.326,0.109,True,False,8,False,2,0,0.973,,False,normal_variation,up
2016-07-07,False,18.25,0.438,False,0.0,1.531,False,True,7,False,0,2,0.444,,False,normal_variation,down
2016-07-08,False,18.62,0.55,False,1.146,0.0,True,False,8,False,1,0,0.852,,False,trend,up
2016-07-11,False,19.5,0.372,True,0.586,0.0,True,False,11,False,0,0,0.413,,False,normal_variation,up
2016-07-12,False,19.5,0.359,True,0.571,0.0,True,False,9,False,1,0,0.659,,False,normal_variation,up
2016-07-13,False,18.62,0.389,True,0.0,0.552,False,True,11,False,0,0,0.511,high,False,normal_variation,down
2016-07-14,False,18.62,0.403,False,0.0,0.367,False,True,10,False,0,0,0.415,,False,normal_variation,down
2016-07-15,False,17.38,0.432,False,0.0,1.033,False,True,9,False,0,0,0.344,high,False,normal_variation,down
2016-07-18,False,16.0,0.438,False,0.393,0.0,True,False,10,False,4,0,0.769,,False,normal_variation,up
2016-07-19,False,16.0,0.297,True,0.105,0.211,False,True,13,False,0,0,0.88,,False,normal_variation,down
2016-07-20,False,15.62,0.432,False,0.667,0.0,True,False,9,False,0,0,0.733,,False,normal_variation,up
2016-07-21,False,15.62,0.288,True,0.0,2.333,False,True,6,False,0,0,0.333,,False,normal_variation,down
2016-07-22,False,15.12,0.264,True,2.062,0.0,True,False,9,False,0,0,0.918,,False,trend,up
2016-07-25,False,14.5,0.621,False,0.0,0.25,False,True,12,False,0,0,0.644,high,False,normal_variation,down
2016-07-26,False,13.12,0.495,False,0.0,1.192,False,True,10,False,0,0,0.702,,False,normal_variation,down
2016-07-27,False,13.12,0.533,False,0.0,1.464,False,True,9,False,0,3,0.551,high,False,normal_variation,down
2016-07-28,False,13.12,0.667,False,0.543,0.057,True,False,8,False,0,0,0.75,,False,normal_variation,up
2016-07-29,False,13.12,0.571,False,0.9,0.0,True,False,10,False,0,0,0.684,,False,normal_variation,up
2016-08-01,False,13.12,0.552,False,0.448,0.345,True,True,9,False,0,0,0.385,,False,neutral_center,
2016-08-02,False,13.5,1.037,False,0.0,0.607,False,True,9,False,0,0,0.444,high,False,normal_variation,down
2016-08-03,False,13.5,0.593,False,0.406,0.0,True,False,12,False,0,0,0.956,,False,normal_variation,up
2016-08-04,False,12.62,0.634,False,0.188,0.0,False,False,11,False,0,0,0.632,,False,normal,
2016-08-05,False,11.88,0.779,False,0.297,0.0,True,False,10,False,3,0,0.938,,False,normal_variation,up
2016-08-08,False,11.75,0.532,False,0.0,0.28,False,True,11,False,0,0,0.375,,False,normal_variation,down
2016-08-09,False,11.62,0.559,False,0.154,0.346,False,True,9,False,0,0,0.385,,False,normal_variation,down
2016-08-10,False,11.62,0.452,False,0.0,1.333,False,True,8,False,0,2,0.347,high,False,normal_variation,down
2016-08-11,False,12.12,0.454,False,0.818,0.0,True,False,11,False,2,0,0.7,,False,normal_variation,up
2016-08-12,False,12.12,0.371,True,0.389,0.278,True,True,12,False,1,0,0.6,,False,neutral_center,
2016-08-15,False,11.62,0.409,False,0.316,0.0,True,False,13,False,0,0,0.4,low,False,normal_variation,up
2016-08-16,False,11.62,0.473,False,0.0,0.318,False,True,13,False,0,0,0.0,,False,normal_variation,down
2016-08-17,False,11.62,0.688,False,0.562,0.375,True,True,8,False,0,0,0.887,,False,neutral_extreme,up
2016-08-18,False,12.12,0.33,True,0.688,0.0,True,False,11,False,4,0,0.963,,False,normal_variation,up
2016-08-19,False,11.62,0.602,False,0.5,0.0,True,False,11,False,1,0,0.833,,False,normal_variation,up
2016-08-22,False,11.25,0.8,False,0.111,0.0,False,False,12,False,0,0,0.7,,False,normal,
2016-08-23,False,10.88,0.345,True,0.0,0.867,False,True,11,False,0,1,0.071,,False,normal_variation,down
2016-08-24,False,10.25,0.39,True,0.0,3.0,False,True,10,False,0,3,0.344,high,False,normal_variation,down
2016-08-25,False,10.25,0.683,False,0.357,0.036,True,False,11,False,0,0,0.436,,False,normal_variation,up
2016-08-26,False,10.0,1.65,False,0.0,0.773,False,True,7,False,0,1,0.359,,False,normal_variation,down
2016-08-29,False,10.0,0.875,False,0.486,0.0,True,False,10,False,0,0,0.769,low,False,normal_variation,up
2016-08-30,False,10.0,0.85,False,0.0,0.529,False,True,11,False,0,0,0.5,,False,normal_variation,down
2016-08-31,False,10.0,0.375,True,0.0,2.533,False,True,8,False,0,0,0.698,high,False,normal_variation,down
2016-09-01,False,10.0,1.2,False,0.0,0.458,False,True,10,False,0,0,0.8,,False,normal_variation,down
2016-09-02,False,10.25,0.61,False,0.0,0.92,False,True,11,False,0,0,0.562,,False,normal_variation,down
2016-09-06,False,10.25,0.951,False,0.308,0.0,True,False,11,False,0,0,0.98,,False,normal_variation,up
2016-09-07,False,11.25,0.444,False,0.05,0.8,False,True,11,False,0,1,0.838,,False,normal_variation,down
2016-09-08,False,11.25,0.489,False,0.5,0.0,True,False,12,False,0,0,0.485,,False,normal_variation,up
2016-09-09,False,10.25,0.854,False,0.0,3.343,False,True,5,True,0,1,0.007,high,False,trend,down
2016-09-12,False,11.25,1.644,False,1.459,0.0,True,False,5,True,2,0,0.896,low,False,normal_variation,up
2016-09-13,False,12.38,1.232,False,0.0,0.754,False,True,11,False,0,2,0.271,,False,normal_variation,down
2016-09-14,False,12.88,1.126,False,0.172,0.379,False,True,9,False,0,0,0.289,,False,normal_variation,down
2016-09-15,False,13.0,1.038,False,1.222,0.0,True,False,6,False,2,0,0.85,low,False,normal_variation,up
2016-09-16,False,13.0,0.673,False,0.257,0.029,True,False,12,False,0,0,0.667,,False,normal_variation,up
2016-09-19,False,13.0,0.635,False,0.0,1.303,False,True,7,False,0,0,0.184,,False,trend,down
2016-09-20,False,13.12,0.457,False,0.0,1.083,False,True,11,False,0,0,0.06,,False,trend,down
2016-09-21,False,13.12,0.381,True,2.65,1.55,True,True,8,False,0,0,0.913,,False,neutral_extreme,up
2016-09-22,False,14.62,0.359,True,0.19,0.429,False,True,13,False,0,0,0.529,,False,normal_variation,down
2016-09-23,False,13.12,0.343,True,0.0,1.278,False,True,10,False,0,0,0.122,,False,trend,down
2016-09-26,False,13.12,0.59,False,0.065,0.581,False,True,12,False,0,3,0.176,,False,normal_variation,down
2016-09-27,False,13.0,1.192,False,0.371,0.0,True,False,8,False,0,0,0.929,,False,normal_variation,up
2016-09-28,False,13.12,0.438,False,1.391,1.304,True,True,7,False,1,0,0.929,,False,neutral_extreme,up
2016-09-29,False,15.38,0.407,False,0.0,3.56,False,True,7,False,0,1,0.228,,False,normal_variation,down
2016-09-30,False,18.25,0.438,False,1.219,0.0,True,False,9,False,2,0,0.563,,False,normal_variation,up
2016-10-03,False,18.38,0.34,True,0.24,0.36,True,True,13,False,0,0,0.675,,False,neutral_center,
2016-10-04,False,18.38,0.571,False,0.0,1.119,False,True,6,False,0,2,0.337,,False,normal_variation,down
2016-10-05,False,20.12,0.273,True,0.409,0.091,True,False,13,False,3,0,0.394,low,False,normal_variation,up
2016-10-06,False,20.12,0.36,True,0.69,0.172,True,False,9,False,0,0,0.833,,False,normal_variation,up
2016-10-07,False,20.12,0.646,False,0.0,0.635,False,True,10,False,0,0,0.412,high,False,normal_variation,down
2016-10-10,False,20.12,0.286,True,0.0,0.261,False,True,9,False,0,0,0.172,,False,normal_variation,down
2016-10-11,False,18.38,0.762,False,0.0,1.286,False,True,7,False,0,2,0.281,high,False,normal_variation,down
2016-10-12,False,18.38,0.585,False,0.233,0.0,True,False,11,False,0,0,0.547,,False,normal_variation,up
2016-10-13,False,15.62,0.736,False,1.13,0.0,True,False,5,True,0,0,0.755,,False,normal_variation,up
2016-10-14,False,15.62,0.384,True,0.0,1.792,False,True,9,False,0,0,0.03,,False,trend,down
2016-10-17,False,17.25,0.536,False,0.0,0.324,False,True,11,False,0,0,0.204,,False,normal_variation,down
2016-10-18,False,15.12,0.678,False,0.0,0.0,False,False,11,False,0,0,0.39,high,False,normal,
2016-10-19,False,15.12,0.364,True,0.864,0.0,True,False,11,False,0,0,0.634,,False,normal_variation,up
2016-10-20,False,13.38,0.766,False,0.0,0.415,False,True,10,False,0,0,0.569,,False,normal_variation,down
2016-10-21,False,14.0,0.393,True,1.455,0.0,True,False,8,False,2,0,0.907,,False,normal_variation,up
2016-10-24,False,14.0,0.339,True,0.0,0.789,False,True,11,False,0,1,0.471,,False,normal_variation,down
2016-10-25,False,14.0,0.411,False,0.0,0.826,False,True,11,False,0,1,0.238,,False,normal_variation,down
2016-10-26,False,13.5,0.426,False,1.652,0.0,True,False,7,False,0,0,0.557,,False,normal_variation,up
2016-10-27,False,13.5,1.148,False,0.0,0.0,False,False,10,False,0,0,0.065,high,False,normal,
2016-10-28,False,13.5,0.685,False,0.459,1.0,True,True,8,False,2,0,0.385,,False,neutral_center,
2016-10-31,False,13.5,0.333,True,0.389,0.556,True,True,10,False,0,2,0.2,,False,neutral_extreme,down
2016-11-01,False,13.5,0.741,False,0.0,2.45,False,True,6,False,0,0,0.413,high,False,normal_variation,down
2016-11-02,False,13.5,0.519,False,0.0,1.75,False,True,12,False,0,3,0.247,,False,normal_variation,down
2016-11-03,False,14.0,0.446,False,0.0,1.88,False,True,7,False,0,2,0.208,,False,normal_variation,down
2016-11-04,False,14.88,0.588,False,0.743,0.0,True,False,8,False,0,0,0.082,,False,normal_variation,up
2016-11-07,False,14.88,0.42,False,2.12,0.0,True,False,9,False,4,0,0.949,low,False,normal_variation,up
2016-11-08,False,15.25,0.344,True,3.619,0.0,True,False,7,False,1,0,0.722,,False,normal_variation,up
2016-11-09,False,15.25,1.541,False,1.064,0.0,True,False,7,False,1,0,0.856,low,False,trend,up
2016-11-10,False,15.38,1.545,False,0.0,0.295,False,True,8,False,0,0,0.537,,False,normal_variation,down
2016-11-11,False,15.38,0.618,False,0.053,0.395,False,True,11,False,0,0,0.818,,False,normal_variation,down
2016-11-14,False,15.25,0.525,False,0.0,0.969,False,True,10,False,0,1,0.508,,False,normal_variation,down
2016-11-15,False,15.38,0.407,False,1.4,0.0,True,False,9,False,0,0,0.967,,False,trend,up
2016-11-16,False,15.38,0.341,True,0.19,0.19,False,False,13,False,0,0,0.69,,False,nontrend,
2016-11-17,False,15.38,0.488,False,0.533,0.0,True,False,9,False,0,0,0.891,,False,normal_variation,up
2016-11-18,False,15.38,0.358,True,0.0,0.818,False,True,10,False,0,0,0.225,,False,normal_variation,down
2016-11-21,False,15.38,0.423,False,0.808,0.0,True,False,7,False,3,0,0.915,,False,normal_variation,up
2016-11-22,False,15.38,0.195,True,0.583,2.083,True,True,8,False,0,0,0.727,,False,neutral_center,
2016-11-23,False,15.38,0.374,True,0.783,0.0,True,False,11,False,2,0,0.951,,False,normal_variation,up
2016-11-25,True,15.38,0.195,True,1.333,0.0,True,False,7,False,0,0,0.964,,False,trend,up
2016-11-28,False,15.12,0.231,True,0.429,1.786,True,True,12,False,0,4,0.156,,False,neutral_extreme,down
2016-11-29,False,14.38,0.435,False,1.12,0.0,True,False,8,False,1,0,0.566,,False,normal_variation,up
2016-11-30,False,14.38,0.626,False,0.0,0.694,False,True,11,False,0,1,0.016,,False,normal_variation,down
2016-12-01,False,14.38,0.522,False,0.0,1.133,False,True,7,False,0,2,0.234,high,False,normal_variation,down
2016-12-02,False,14.38,0.435,False,0.28,0.36,True,True,9,False,0,0,0.39,,False,neutral_center,
2016-12-05,False,13.5,0.741,False,0.0,0.0,False,False,10,False,0,0,0.475,,False,normal,
2016-12-06,False,12.5,0.48,False,0.875,0.0,True,False,8,False,2,0,0.933,,False,normal_variation,up
2016-12-07,False,11.62,0.452,False,5.381,0.0,True,False,4,True,0,0,0.955,low,False,trend,up
2016-12-08,False,11.62,0.602,False,1.107,0.0,True,False,8,False,1,0,0.593,,False,normal_variation,up
2016-12-09,False,11.62,0.43,False,1.4,0.0,True,False,11,False,4,0,0.979,low,False,normal_variation,up
2016-12-12,False,11.62,0.645,False,0.0,0.6,False,True,11,False,0,0,0.396,,False,normal_variation,down
2016-12-13,False,11.62,0.753,False,0.6,0.0,True,False,9,False,0,0,0.536,low,False,normal_variation,up
2016-12-14,False,11.62,0.538,False,0.76,2.96,True,True,8,False,0,0,0.195,,False,neutral_extreme,down
2016-12-15,False,11.62,1.29,False,0.233,0.0,True,False,11,False,0,0,0.432,low,False,normal_variation,up
2016-12-16,False,11.88,0.463,False,0.0,1.409,False,True,9,False,0,1,0.34,high,False,normal_variation,down
2016-12-19,False,12.0,0.583,False,0.393,0.0,True,False,12,False,1,0,0.462,,False,normal_variation,up
2016-12-20,False,12.0,0.458,False,0.0,0.318,False,True,11,False,0,0,0.655,,False,normal_variation,down
2016-12-21,False,12.0,0.333,True,0.0,0.938,False,True,12,False,0,4,0.097,,False,normal_variation,down
2016-12-22,False,12.0,0.5,False,0.0,0.417,False,True,11,False,0,0,0.647,,False,normal_variation,down
2016-12-23,False,12.0,0.229,True,0.273,0.545,True,True,13,False,0,0,0.95,,False,neutral_extreme,up
2016-12-27,False,12.0,0.625,False,0.0,0.0,False,False,11,False,0,0,0.267,low,False,normal,
2016-12-28,False,12.0,1.042,False,0.0,0.88,False,True,7,False,0,1,0.074,high,False,normal_variation,down
2016-12-29,False,12.0,0.417,False,0.0,1.1,False,True,11,False,0,1,0.524,,False,normal_variation,down
2016-12-30,False,11.62,1.097,False,0.0,0.686,False,True,8,False,0,0,0.407,high,False,normal_variation,down
2017-01-03,False,11.62,0.968,False,0.0,0.778,False,True,9,False,0,0,0.65,,False,normal_variation,down
2017-01-04,False,12.0,0.646,False,0.452,0.0,True,False,11,False,1,0,0.778,low,False,normal_variation,up
2017-01-05,False,12.0,0.396,True,0.0,1.368,False,True,9,False,0,0,0.844,,False,normal_variation,down
2017-01-06,False,12.0,0.667,False,1.344,0.0,True,False,8,False,0,0,0.72,,False,normal_variation,up
2017-01-09,False,12.0,0.458,False,0.227,0.0,True,False,13,False,0,0,0.185,,False,normal_variation,up
2017-01-10,False,11.62,0.43,False,1.9,0.0,True,False,8,False,0,0,0.293,,False,normal_variation,up
2017-01-11,False,11.62,0.495,False,0.435,1.217,True,True,11,False,4,0,1.0,,False,neutral_extreme,up
2017-01-12,False,12.25,1.143,False,0.161,0.179,False,False,6,False,0,0,0.88,,False,normal,
2017-01-13,False,12.25,0.571,False,0.0,0.036,False,False,11,False,0,0,0.483,low,False,normal,
2017-01-17,False,11.25,0.667,False,0.0,0.333,False,True,10,False,0,0,0.5,,False,normal_variation,down
2017-01-18,False,10.88,0.69,False,0.2,0.0,False,False,13,False,0,0,0.917,,False,normal,
2017-01-19,False,10.25,0.732,False,0.0,1.2,False,True,8,False,0,2,0.348,,False,normal_variation,down
2017-01-20,False,10.88,0.598,False,0.0,1.0,False,True,9,False,0,0,0.5,,False,normal_variation,down
2017-01-23,False,11.25,0.822,False,0.0,0.703,False,True,9,False,0,0,0.619,,False,normal_variation,down
2017-01-24,False,12.12,0.33,True,3.625,0.0,True,False,5,True,0,0,0.73,low,False,normal_variation,up
2017-01-25,False,13.75,0.436,False,0.833,0.0,True,False,10,False,3,0,0.932,,False,normal_variation,up
2017-01-26,False,13.75,0.345,True,0.0,0.474,False,True,13,False,0,0,0.429,,False,normal_variation,down
2017-01-27,False,13.75,0.527,False,0.0,0.172,False,False,13,False,0,0,0.265,,False,normal,
2017-01-30,False,12.12,1.258,False,0.0,0.18,False,False,11,False,0,0,0.667,high,False,normal,
2017-01-31,False,13.75,0.618,False,0.324,0.206,True,True,10,False,0,0,0.981,,False,neutral_extreme,up
2017-02-01,False,13.0,0.654,False,0.0,0.971,False,True,10,False,0,0,0.403,,False,normal_variation,down
2017-02-02,False,13.0,0.615,False,0.625,0.0,True,False,11,False,0,0,0.731,,False,normal_variation,up
2017-02-03,False,13.0,0.673,False,0.257,0.0,True,False,12,False,4,0,0.818,,False,normal_variation,up
2017-02-06,False,13.0,0.404,False,0.0,0.524,False,True,12,False,0,0,0.562,,False,normal_variation,down
2017-02-07,False,13.0,0.365,True,0.0,1.053,False,True,10,False,0,1,0.256,,False,normal_variation,down
2017-02-08,False,13.0,0.423,False,1.0,0.0,True,False,11,False,3,0,0.864,,False,normal_variation,up
2017-02-09,False,12.0,0.583,False,1.107,0.0,True,False,10,False,2,0,0.746,low,False,normal_variation,up
2017-02-10,False,12.0,0.271,True,1.769,0.0,True,False,8,False,0,0,0.667,,False,normal_variation,up
2017-02-13,False,11.0,0.409,False,1.333,0.0,True,False,7,False,0,0,0.667,low,False,normal_variation,up
2017-02-14,False,11.0,0.523,False,1.652,0.13,True,False,6,False,1,0,0.984,,False,trend,up
2017-02-15,False,12.0,0.375,True,2.944,0.0,True,False,6,False,2,0,0.831,low,False,normal_variation,up
2017-02-16,False,13.0,0.538,False,0.0,0.857,False,True,13,False,0,0,0.692,,False,normal_variation,down
2017-02-17,False,13.0,0.462,False,0.917,0.0,True,False,10,False,0,0,0.957,low,False,normal_variation,up
2017-02-21,False,12.25,0.878,False,0.14,0.0,False,False,10,False,0,0,0.796,low,False,normal,
2017-02-22,False,11.88,0.442,False,0.429,0.0,True,False,12,False,0,0,0.633,,False,normal_variation,up
2017-02-23,False,11.25,0.756,False,0.0,0.618,False,True,10,False,0,0,0.655,high,False,normal_variation,down
2017-02-24,False,11.88,0.695,False,0.727,0.0,True,False,12,False,0,0,0.965,low,False,normal_variation,up
2017-02-27,False,12.62,0.515,False,0.5,0.0,True,False,10,False,1,0,0.795,,False,normal_variation,up
2017-02-28,False,12.62,0.277,True,0.0,1.714,False,True,8,False,0,0,0.526,,False,normal_variation,down
2017-03-01,False,11.88,0.674,False,1.469,0.0,True,False,7,False,1,0,0.684,low,False,normal_variation,up
2017-03-02,False,11.88,0.505,False,0.0,1.292,False,True,12,False,0,3,0.073,high,False,normal_variation,down
2017-03-03,False,11.88,0.589,False,0.179,0.107,False,False,11,False,0,0,0.833,,False,normal,
2017-03-06,False,11.25,0.444,False,0.95,0.3,True,True,7,False,1,1,0.689,,False,neutral_center,
2017-03-07,False,11.38,0.637,False,0.172,0.241,False,True,12,False,0,0,0.268,,False,normal_variation,down
2017-03-08,False,11.38,0.505,False,0.0,1.13,False,True,11,False,0,3,0.143,,False,normal_variation,down
2017-03-09,False,11.88,0.653,False,0.0,0.968,False,True,9,False,0,0,0.705,,False,normal_variation,down
2017-03-10,False,12.25,0.531,False,0.0,1.308,False,True,10,False,0,0,0.717,high,False,normal_variation,down
2017-03-13,False,12.25,0.408,False,0.0,0.3,False,True,13,False,0,1,0.846,,False,normal_variation,down
2017-03-14,False,12.25,0.776,False,0.0,0.132,False,False,11,False,0,0,0.721,high,False,normal,
2017-03-15,False,12.25,0.347,True,4.176,0.0,True,False,9,False,2,0,0.739,,False,normal_variation,up
2017-03-16,False,12.25,0.551,False,0.0,0.63,False,True,10,False,0,3,0.386,high,False,normal_variation,down
2017-03-17,False,11.88,0.379,True,0.333,0.778,True,True,10,False,0,5,0.026,,False,neutral_extreme,down
2017-03-20,False,11.38,0.571,False,0.038,0.577,False,True,10,False,0,0,0.429,,False,normal_variation,down
2017-03-21,False,11.12,1.483,False,0.0,1.47,False,True,9,False,0,2,0.049,high,False,normal_variation,down
2017-03-22,False,11.12,0.764,False,0.794,0.088,True,False,11,False,3,0,0.781,,False,normal_variation,up
2017-03-23,False,11.75,0.638,False,1.167,0.2,True,False,7,False,0,0,0.239,,False,normal_variation,up
2017-03-24,False,11.75,0.404,False,0.474,2.947,True,True,8,False,0,0,0.476,,False,neutral_center,
2017-03-27,False,11.75,0.872,False,1.293,0.0,True,False,9,False,2,0,0.84,,False,normal_variation,up
2017-03-28,False,13.0,0.692,False,2.0,0.0,True,False,5,True,1,0,0.778,low,False,normal_variation,up
2017-03-29,False,14.38,0.435,False,0.76,0.0,True,False,11,False,2,0,0.795,,False,normal_variation,up
2017-03-30,False,13.0,0.673,False,0.457,0.0,True,False,11,False,0,0,0.824,,False,normal_variation,up
2017-03-31,False,12.5,0.5,False,0.32,0.04,True,False,13,False,1,0,0.029,,False,normal_variation,up
2017-04-03,False,12.5,0.72,False,0.0,1.417,False,True,9,False,0,1,0.678,,False,normal_variation,down
2017-04-04,False,13.88,0.577,False,0.312,0.0,True,False,13,False,4,0,0.929,,False,normal_variation,up
2017-04-05,False,13.88,0.901,False,0.0,1.3,False,True,10,False,0,0,0.07,,False,trend,down
2017-04-06,False,15.12,0.661,False,0.625,0.0,True,False,12,False,1,0,0.585,,False,normal_variation,up
2017-04-07,False,15.5,0.694,False,0.279,0.0,True,False,11,False,0,0,0.4,,False,normal_variation,up
2017-04-10,False,14.88,0.555,False,0.212,0.697,True,True,10,False,0,0,0.397,,False,neutral_center,
2017-04-11,False,15.88,0.74,False,0.0,0.574,False,True,10,False,0,0,0.919,,False,normal_variation,down
2017-04-12,False,16.12,0.372,True,0.0,1.0,False,True,12,False,0,0,0.292,,False,normal_variation,down
2017-04-13,False,15.88,0.677,False,0.023,0.814,False,True,7,False,0,1,0.013,,False,normal_variation,down
2017-04-17,False,16.12,0.558,False,0.861,0.0,True,False,11,False,1,0,1.0,,False,normal_variation,up
2017-04-18,False,16.5,0.576,False,0.0,0.5,False,True,11,False,0,0,0.561,,False,normal_variation,down
2017-04-19,False,16.5,0.303,True,0.0,2.6,False,True,6,False,0,1,0.181,,False,trend,down
2017-04-20,False,16.5,0.439,False,1.897,0.0,True,False,7,False,0,0,0.726,,False,normal_variation,up
2017-04-21,False,17.25,0.246,True,0.0,1.941,False,True,12,False,0,1,0.38,high,False,normal_variation,down
2017-04-24,False,16.5,0.318,True,0.286,0.286,True,True,10,False,0,0,0.606,,False,neutral_center,
2017-04-25,False,16.0,0.594,False,0.237,0.0,True,False,13,False,0,0,0.638,low,False,normal_variation,up
2017-04-26,False,15.0,0.283,True,1.471,0.412,True,True,11,False,0,0,0.082,,False,neutral_extreme,down
2017-04-27,False,14.0,0.339,True,0.263,0.842,True,True,9,False,0,0,0.65,,False,neutral_center,
2017-04-28,False,14.0,0.554,False,0.0,0.29,False,True,12,False,0,0,0.2,high,False,normal_variation,down
2017-05-01,False,14.0,0.393,True,0.818,0.0,True,False,11,False,2,0,0.475,,False,normal_variation,up
2017-05-02,False,14.0,0.5,False,0.0,0.0,False,False,11,False,0,0,0.714,,False,normal,
2017-05-03,False,13.12,0.343,True,0.556,0.778,True,True,12,False,0,0,0.762,,False,neutral_center,
2017-05-04,False,13.12,0.495,False,0.0,0.808,False,True,13,False,0,0,0.851,high,False,normal_variation,down
2017-05-05,False,12.38,0.485,False,0.708,0.083,True,False,12,False,0,0,1.0,,False,normal_variation,up
2017-05-08,False,12.12,0.454,False,0.0,0.455,False,True,12,False,0,0,0.656,,False,normal_variation,down
2017-05-09,False,11.88,0.337,True,0.0,1.812,False,True,10,False,0,3,0.356,,False,normal_variation,down
2017-05-10,False,11.75,0.34,True,0.875,0.0,True,False,10,False,2,0,0.967,,False,normal_variation,up
2017-05-11,False,11.5,1.152,False,0.094,0.0,False,False,7,False,0,0,0.879,,False,normal,
2017-05-12,False,11.5,0.435,False,0.0,0.1,False,False,13,False,0,0,0.636,,False,normal,
2017-05-15,False,11.0,0.705,False,0.29,0.0,True,False,11,False,0,0,0.8,low,False,normal_variation,up
2017-05-16,False,10.62,0.753,False,0.0,0.344,False,True,11,False,0,0,0.465,high,False,normal_variation,down
2017-05-17,False,10.62,1.106,False,0.0,1.468,False,True,8,False,0,2,0.043,,False,normal_variation,down
2017-05-18,False,10.62,1.365,False,0.621,0.0,True,False,9,False,0,0,0.564,,False,normal_variation,up
2017-05-19,False,10.62,1.176,False,0.46,0.0,True,False,10,False,1,0,0.562,low,False,normal_variation,up
2017-05-22,False,10.62,0.518,False,0.636,0.045,True,False,10,False,3,0,0.784,,False,normal_variation,up
2017-05-23,False,10.62,0.494,False,0.429,0.0,True,False,13,False,1,0,0.733,,False,normal_variation,up
2017-05-24,False,10.25,0.341,True,1.071,0.214,True,True,12,False,1,0,0.812,,False,neutral_extreme,up
2017-05-25,False,10.0,0.75,False,0.567,0.0,True,False,11,False,5,0,0.66,,False,normal_variation,up
2017-05-26,False,10.25,0.39,True,0.125,0.0,False,False,13,False,0,0,0.611,,False,nontrend,
2017-05-30,False,10.25,0.537,False,0.182,0.0,False,False,13,False,0,0,0.577,,False,normal,
2017-05-31,False,10.25,1.22,False,0.0,0.0,False,False,12,False,0,0,0.6,high,False,normal,
2017-06-01,False,10.62,0.447,False,2.579,0.0,True,False,6,False,1,0,0.985,,False,trend,up
2017-06-02,False,10.75,0.581,False,1.04,0.0,True,False,9,False,2,0,0.804,,False,normal_variation,up
2017-06-05,False,10.75,0.512,False,0.0,0.0,False,False,13,False,0,0,0.409,,False,normal,
2017-06-06,False,10.38,0.699,False,0.207,0.0,True,False,12,False,0,0,0.2,,False,normal_variation,up
2017-06-07,False,10.38,0.386,True,0.125,1.625,False,True,11,False,0,1,0.75,,False,normal_variation,down
2017-06-08,False,10.38,0.843,False,0.343,0.0,True,False,11,False,0,0,0.511,,False,normal_variation,up
2017-06-09,False,10.88,0.782,False,0.118,2.529,False,True,5,True,0,0,0.492,,False,normal_variation,down
2017-06-12,False,10.88,0.989,False,0.0,0.0,False,False,13,False,0,0,0.93,,False,normal,
2017-06-13,False,10.88,0.391,True,0.765,0.706,True,True,10,False,3,0,0.929,,False,neutral_extreme,up
2017-06-14,False,10.88,0.621,False,0.0,1.407,False,True,12,False,0,4,0.6,high,False,normal_variation,down
2017-06-15,False,11.38,0.769,False,0.8,0.0,True,False,9,False,2,0,0.921,,False,normal_variation,up
2017-06-16,False,11.38,0.989,False,0.0,0.089,False,False,11,False,0,0,0.837,high,False,normal,
2017-06-19,False,11.38,0.835,False,0.368,0.0,True,False,10,False,3,0,0.923,,False,normal_variation,up
2017-06-20,False,11.38,0.484,False,0.0,1.318,False,True,10,False,0,3,0.039,high,False,normal_variation,down
2017-06-21,False,11.75,0.34,True,0.375,1.625,True,True,10,False,0,1,0.438,,False,neutral_center,
2017-06-22,False,11.88,0.337,True,1.25,0.0,True,False,11,False,1,0,0.222,,False,normal_variation,up
2017-06-23,False,11.88,0.463,False,0.909,0.0,True,False,10,False,0,0,0.69,,False,normal_variation,up
2017-06-26,False,11.88,0.463,False,0.0,1.455,False,True,11,False,0,0,0.167,,False,trend,down
2017-06-27,False,12.12,0.433,False,0.476,2.429,True,True,6,False,0,1,0.037,,False,neutral_extreme,down
2017-06-28,False,12.38,0.525,False,1.308,0.0,True,False,8,False,0,0,0.833,,False,trend,up
2017-06-29,False,12.5,1.16,False,0.0,1.638,False,True,8,False,0,0,0.386,high,False,normal_variation,down
2017-06-30,False,12.5,0.78,False,0.154,0.0,False,False,11,False,0,0,0.178,,False,normal,
2017-07-03,True,12.12,0.433,False,0.0,1.762,False,True,6,False,0,0,0.121,,False,trend,down
2017-07-05,False,12.5,0.82,False,0.268,0.0,True,False,11,False,0,0,0.788,,False,normal_variation,up
2017-07-06,False,12.88,0.932,False,0.0,0.417,False,True,8,False,0,0,0.162,high,False,normal_variation,down
2017-07-07,False,13.0,0.442,False,1.261,0.0,True,False,9,False,0,0,0.827,,False,trend,up
2017-07-10,False,13.0,0.385,True,1.15,0.0,True,False,11,False,5,0,0.558,,False,normal_variation,up
2017-07-11,False,13.0,0.346,True,0.5,2.278,True,True,9,False,3,0,0.765,,False,neutral_center,
2017-07-12,False,13.0,0.615,False,0.125,0.0,False,False,12,False,0,0,0.722,low,False,normal,
2017-07-13,False,13.0,0.423,False,0.364,0.091,True,False,12,False,2,0,0.781,,False,normal_variation,up
2017-07-14,False,13.0,0.442,False,1.957,0.0,True,False,6,False,1,0,0.735,low,False,normal_variation,up
2017-07-17,False,13.0,0.365,True,0.316,0.0,True,False,11,False,1,0,0.36,,False,normal_variation,up
2017-07-18,False,13.0,0.365,True,0.789,0.421,True,True,10,False,3,0,0.952,,False,neutral_extreme,up
2017-07-19,False,12.88,0.388,True,0.95,0.0,True,False,6,False,0,0,0.974,low,False,normal_variation,up
2017-07-20,False,12.5,0.42,False,0.0,0.857,False,True,12,False,0,0,0.615,,False,normal_variation,down
2017-07-21,False,12.12,0.392,True,0.579,0.0,True,False,12,False,3,0,0.933,,False,normal_variation,up
2017-07-24,False,12.12,0.392,True,0.211,0.263,True,True,10,False,0,0,0.786,,False,neutral_center,
2017-07-25,False,12.12,0.474,False,0.087,0.0,False,False,12,False,0,0,0.32,,False,normal,
2017-07-26,False,11.0,0.295,True,0.0,1.154,False,True,13,False,0,1,0.464,high,False,normal_variation,down
2017-07-27,False,10.62,0.447,False,0.0,3.947,False,True,7,False,0,0,0.66,high,False,normal_variation,down
2017-07-28,False,10.62,0.565,False,0.292,0.25,True,True,12,False,0,0,0.811,,False,neutral_extreme,up
2017-07-31,False,10.12,0.765,False,0.0,0.258,False,True,11,False,0,0,0.231,,False,normal_variation,down
2017-08-01,False,9.75,0.692,False,0.0,0.037,False,False,13,False,0,0,0.714,high,False,normal,
2017-08-02,False,9.75,1.0,False,0.0,0.282,False,True,7,False,0,0,0.86,high,False,normal_variation,down
2017-08-03,False,9.75,0.487,False,0.0,0.474,False,True,13,False,0,0,0.5,high,False,normal_variation,down
2017-08-04,False,9.5,0.895,False,0.0,0.0,False,False,13,False,0,0,0.529,,False,normal,
2017-08-07,False,9.12,0.301,True,0.909,0.0,True,False,9,False,2,0,0.905,,False,normal_variation,up
2017-08-08,False,8.75,0.6,False,2.048,0.952,True,True,6,False,0,0,0.214,,False,neutral_center,
2017-08-09,False,8.75,0.971,False,0.5,0.0,True,False,11,False,5,0,0.922,,False,normal_variation,up
2017-08-10,False,8.88,1.577,False,0.0,0.946,False,True,9,False,0,3,0.028,high,False,normal_variation,down
2017-08-11,False,9.5,1.0,False,0.105,0.0,False,False,12,False,0,0,0.357,,False,normal,
2017-08-14,False,9.5,0.868,False,0.515,0.0,True,False,12,False,0,0,0.76,low,False,normal_variation,up
2017-08-15,False,9.75,0.821,False,0.0,0.062,False,False,12,False,0,0,0.412,high,False,normal,
2017-08-16,False,9.5,0.447,False,0.706,1.0,True,True,9,False,1,1,0.413,,False,neutral_center,
2017-08-17,False,9.5,1.5,False,0.0,1.474,False,True,5,True,0,1,0.014,high,False,trend,down
2017-08-18,False,9.5,0.868,False,1.424,0.0,True,False,8,False,0,0,0.238,,False,normal_variation,up
2017-08-21,False,10.12,1.037,False,0.31,0.0,True,False,9,False,0,0,0.8,,False,normal_variation,up
2017-08-22,False,11.0,0.955,False,1.024,0.0,True,False,6,False,2,0,0.871,low,False,normal_variation,up
2017-08-23,False,12.0,0.625,False,0.2,0.0,False,False,12,False,0,0,0.444,,False,normal,
2017-08-24,False,12.0,1.0,False,0.0,0.208,False,True,11,False,0,0,0.207,,False,normal_variation,down
2017-08-25,False,12.0,0.667,False,0.0,0.562,False,True,11,False,0,0,0.12,,False,normal_variation,down
2017-08-28,False,12.5,0.64,False,0.0,0.406,False,True,11,False,0,0,0.467,high,False,normal_variation,down
2017-08-29,False,12.5,0.78,False,1.282,0.0,True,False,8,False,1,0,0.854,low,False,trend,up
2017-08-30,False,12.5,0.52,False,1.615,0.0,True,False,6,False,1,0,0.824,,False,trend,up
2017-08-31,False,12.62,0.554,False,0.679,0.0,True,False,10,False,1,0,0.702,,False,normal_variation,up
2017-09-01,False,12.62,0.356,True,0.5,0.0,True,False,11,False,0,0,0.296,,False,normal_variation,up
2017-09-05,False,12.62,0.455,False,0.0,3.478,False,True,8,False,0,0,0.447,high,False,normal_variation,down
2017-09-06,False,13.25,0.434,False,0.348,0.522,True,True,9,False,0,0,0.651,,False,neutral_center,
2017-09-07,False,12.62,0.693,False,0.0,0.057,False,False,12,False,0,0,0.568,high,False,normal,
2017-09-08,False,12.5,0.46,False,0.391,0.0,True,False,12,False,0,0,0.312,,False,normal_variation,up
2017-09-11,False,12.12,0.66,False,0.625,0.0,True,False,8,False,0,0,0.885,low,False,normal_variation,up
2017-09-12,False,12.5,0.36,True,0.222,0.278,True,True,12,False,0,0,0.963,,False,neutral_extreme,up
2017-09-13,False,12.12,0.392,True,0.316,0.0,True,False,13,False,0,0,0.96,,False,normal_variation,up
2017-09-14,False,12.12,0.371,True,0.611,0.0,True,False,13,False,0,0,0.759,,False,normal_variation,up
2017-09-15,False,12.12,0.247,True,1.5,0.0,True,False,10,False,2,0,0.933,,False,normal_variation,up
2017-09-18,False,11.5,0.565,False,0.0,0.269,False,True,11,False,0,0,0.545,,False,normal_variation,down
2017-09-19,False,11.0,0.341,True,0.2,0.067,False,False,13,False,0,0,0.789,,False,nontrend,
2017-09-20,False,10.0,0.35,True,0.0,2.786,False,True,11,False,0,3,0.906,high,False,normal_variation,down
2017-09-21,False,10.0,0.8,False,0.0,0.0,False,False,13,False,0,0,0.312,high,False,normal,
2017-09-22,False,10.0,0.4,False,0.562,0.0,True,False,12,False,0,0,0.68,low,False,normal_variation,up
2017-09-25,False,8.75,0.571,False,0.0,2.0,False,True,11,False,0,0,0.617,,False,normal_variation,down
2017-09-26,False,8.75,0.457,False,0.0,1.25,False,True,12,False,0,0,0.306,,False,normal_variation,down
2017-09-27,False,8.62,0.638,False,0.773,1.182,True,True,7,False,0,0,0.708,,False,neutral_center,
2017-09-28,False,8.62,0.493,False,0.941,0.0,True,False,11,False,1,0,0.879,,False,normal_variation,up
2017-09-29,False,8.25,0.545,False,1.722,0.0,True,False,9,False,4,0,0.898,,False,normal_variation,up
2017-10-02,False,8.25,1.0,False,0.121,0.0,False,False,12,False,0,0,0.946,low,False,normal,
2017-10-03,False,8.62,0.377,True,1.0,0.077,True,False,11,False,0,0,0.889,,False,trend,up
2017-10-04,False,8.25,0.424,False,1.571,0.0,True,False,10,False,0,0,0.694,,False,normal_variation,up
2017-10-05,False,8.25,0.455,False,2.4,0.0,True,False,8,False,1,0,0.961,low,False,trend,up
2017-10-06,False,8.25,0.424,False,0.0,0.714,False,True,12,False,0,1,0.875,,False,normal_variation,down
2017-10-09,False,8.25,0.727,False,0.0,0.792,False,True,10,False,0,0,0.302,high,False,normal_variation,down
2017-10-10,False,8.25,1.242,False,0.0,0.024,False,False,11,False,0,0,0.595,,False,normal,
2017-10-11,False,8.62,0.406,False,1.071,0.0,True,False,11,False,3,0,1.0,,False,normal_variation,up
2017-10-12,False,8.62,0.464,False,0.5,0.25,True,True,13,False,0,0,0.357,,False,neutral_center,
2017-10-13,False,8.62,0.58,False,0.05,0.0,False,False,12,False,0,0,0.333,,False,normal,
2017-10-16,False,8.62,0.667,False,0.0,0.217,False,True,12,False,0,0,0.679,,False,normal_variation,down
2017-10-17,False,8.62,0.261,True,0.667,0.778,True,True,12,False,0,0,0.909,,False,neutral_extreme,up
2017-10-18,False,8.62,0.522,False,0.056,0.0,False,False,11,False,0,0,0.474,,False,normal,
2017-10-19,False,8.12,1.169,False,0.605,0.0,True,False,9,False,1,0,1.0,,False,normal_variation,up
2017-10-20,False,8.62,0.406,False,1.071,0.0,True,False,8,False,0,0,0.931,,False,trend,up
2017-10-23,False,8.62,0.551,False,0.0,2.105,False,True,8,False,0,2,0.119,high,False,normal_variation,down
2017-10-24,False,8.62,0.696,False,0.167,0.0,False,False,13,False,0,0,0.607,,False,normal,
2017-10-25,False,7.75,1.161,False,0.0,1.611,False,True,8,False,0,0,0.564,high,False,normal_variation,down
2017-10-26,False,7.75,0.839,False,0.192,0.0,False,False,13,False,0,0,0.032,,False,normal,
2017-10-27,False,7.5,1.233,False,0.892,0.0,True,False,8,False,1,0,0.886,,False,normal_variation,up
2017-10-30,False,7.5,0.7,False,0.19,1.095,False,True,10,False,0,0,0.292,,False,normal_variation,down
2017-10-31,False,7.5,0.533,False,0.625,0.0,True,False,12,False,2,0,0.462,,False,normal_variation,up
2017-11-01,False,7.5,0.733,False,0.0,1.545,False,True,9,False,0,0,0.321,,False,normal_variation,down
2017-11-02,False,7.5,1.833,False,0.164,0.0,False,False,10,False,0,0,0.906,,False,normal,
2017-11-03,False,7.5,0.767,False,1.087,0.0,True,False,8,False,0,0,0.958,,False,trend,up
2017-11-06,False,9.12,0.603,False,0.409,0.0,True,False,12,False,1,0,0.742,low,False,normal_variation,up
2017-11-07,False,7.75,0.581,False,0.0,1.833,False,True,10,False,0,0,0.51,,False,normal_variation,down
2017-11-08,False,7.75,0.548,False,1.588,0.0,True,False,7,False,3,0,0.909,,False,normal_variation,up
2017-11-09,False,9.38,0.933,False,0.086,1.257,False,True,9,False,0,0,0.915,,False,normal_variation,down
2017-11-10,False,11.5,0.5,False,0.435,0.087,True,False,10,False,0,0,0.829,,False,normal_variation,up
2017-11-13,False,11.5,0.891,False,0.317,0.0,True,False,12,False,0,0,0.815,low,False,normal_variation,up
2017-11-14,False,12.0,0.979,False,0.191,0.0,False,False,12,False,0,0,0.911,,False,normal,
2017-11-15,False,12.38,0.889,False,0.455,0.0,True,False,11,False,0,0,0.516,,False,normal_variation,up
2017-11-16,False,13.12,0.514,False,1.333,0.0,True,False,8,False,0,0,0.698,low,False,normal_variation,up
2017-11-17,False,13.12,0.362,True,0.0,0.474,False,True,12,False,0,0,0.214,,False,normal_variation,down
2017-11-20,False,13.12,0.324,True,0.647,0.0,True,False,10,False,3,0,0.643,,False,normal_variation,up
2017-11-21,False,12.38,0.727,False,0.25,0.0,True,False,12,False,0,0,0.778,low,False,normal_variation,up
2017-11-22,False,12.38,0.303,True,0.0,0.6,False,True,12,False,0,1,0.292,,False,normal_variation,down
2017-11-24,True,12.0,0.167,True,0.875,0.0,True,False,8,False,0,0,0.6,,False,normal_variation,up
2017-11-27,False,12.0,0.417,False,0.0,0.55,False,True,11,False,0,0,0.355,,False,normal_variation,down
2017-11-28,False,11.62,0.387,True,4.056,0.0,True,False,6,False,3,0,0.978,low,False,normal_variation,up
2017-11-29,False,11.62,0.774,False,0.0,0.611,False,True,12,False,0,0,0.379,,False,normal_variation,down
2017-11-30,False,12.38,0.505,False,2.84,0.0,True,False,7,False,0,0,0.51,low,False,normal_variation,up
2017-12-01,False,12.38,0.646,False,0.0,4.719,False,True,7,False,0,0,0.809,,False,normal_variation,down
2017-12-04,False,12.38,0.606,False,0.0,2.6,False,True,9,False,0,3,0.009,,False,normal_variation,down
2017-12-05,False,13.12,0.4,False,1.0,2.048,True,True,8,False,0,0,0.071,,False,neutral_extreme,down
2017-12-06,False,13.75,0.491,False,0.333,0.222,True,True,13,False,2,0,0.5,,False,neutral_center,
2017-12-07,False,13.75,0.545,False,1.0,0.0,True,False,11,False,1,0,0.75,low,False,normal_variation,up
2017-12-08,False,14.25,0.333,True,0.737,0.0,True,False,12,False,3,0,0.939,,False,normal_variation,up
2017-12-11,False,13.75,0.436,False,0.583,0.0,True,False,10,False,3,0,0.947,,False,normal_variation,up
2017-12-12,False,13.75,0.291,True,1.438,0.0,True,False,10,False,1,0,0.436,,False,normal_variation,up
2017-12-13,False,12.62,0.356,True,0.222,0.833,True,True,11,False,0,1,0.081,,False,neutral_extreme,down
2017-12-14,False,10.88,0.345,True,0.0,3.4,False,True,6,False,0,0,0.03,high,False,trend,down
2017-12-15,False,10.88,0.874,False,0.763,0.0,True,False,8,False,2,0,0.687,low,False,normal_variation,up
2017-12-18,False,10.88,0.598,False,0.0,0.0,False,False,12,False,0,0,0.5,,False,normal,
2017-12-19,False,10.88,0.736,False,0.0,0.812,False,True,10,False,0,3,0.086,high,False,normal_variation,down
2017-12-20,False,12.88,0.971,False,0.0,0.32,False,True,12,False,0,0,0.227,high,False,normal_variation,down
2017-12-21,False,14.5,0.397,True,0.957,0.0,True,False,10,False,1,0,0.311,,False,normal_variation,up
2017-12-22,False,14.5,0.293,True,0.118,0.588,False,True,10,False,0,0,0.897,,False,normal_variation,down
2017-12-26,False,14.5,0.276,True,0.0,0.0,False,False,13,False,0,0,0.688,,False,nontrend,
2017-12-27,False,14.5,0.241,True,0.286,1.429,True,True,8,False,0,1,0.342,,False,neutral_center,
2017-12-28,False,12.88,0.408,False,0.0,0.143,False,False,13,False,0,0,0.625,,False,normal,
2017-12-29,False,10.88,0.874,False,0.0,1.079,False,True,11,False,0,1,0.165,high,False,trend,down
2018-01-02,False,10.88,0.943,False,0.39,0.0,True,False,11,False,0,0,0.982,,False,normal_variation,up
2018-01-03,False,10.88,0.943,False,0.683,0.0,True,False,7,False,1,0,0.899,low,False,normal_variation,up
2018-01-04,False,10.88,0.805,False,0.229,0.0,True,False,13,False,0,0,0.535,low,False,normal_variation,up
2018-01-05,False,10.62,0.635,False,1.444,0.0,True,False,10,False,2,0,0.894,,False,normal_variation,up
2018-01-08,False,11.0,0.432,False,1.421,0.0,True,False,6,False,3,0,0.826,,False,normal_variation,up
2018-01-09,False,11.0,0.5,False,1.182,0.0,True,False,9,False,2,0,0.417,,False,normal_variation,up
2018-01-10,False,11.38,0.901,False,0.488,0.0,True,False,12,False,0,0,0.803,,False,normal_variation,up
2018-01-11,False,11.75,0.574,False,1.333,0.0,True,False,7,False,2,0,0.984,low,False,normal_variation,up
2018-01-12,False,13.12,0.705,False,1.027,0.0,True,False,10,False,3,0,0.88,low,False,normal_variation,up
2018-01-16,False,14.38,0.574,False,0.0,3.758,False,True,5,True,0,1,0.217,,False,normal_variation,down
2018-01-17,False,14.38,0.591,False,2.412,0.0,True,False,4,True,0,0,0.828,,False,trend,up
2018-01-18,False,14.38,0.748,False,0.116,0.186,False,False,11,False,0,0,0.464,,False,normal,
2018-01-19,False,14.38,0.539,False,0.581,0.129,True,False,10,False,0,0,0.981,,False,normal_variation,up
2018-01-22,False,14.12,0.938,False,0.981,0.0,True,False,8,False,2,0,0.981,low,False,normal_variation,up
2018-01-23,False,14.12,0.673,False,0.342,0.0,True,False,12,False,0,0,0.667,,False,normal_variation,up
2018-01-24,False,14.12,0.655,False,0.054,2.162,False,True,8,False,0,0,0.462,,False,normal_variation,down
2018-01-25,False,14.75,1.102,False,0.0,0.185,False,False,10,False,0,0,0.468,high,False,normal,
2018-01-26,False,15.5,0.403,False,3.28,0.0,True,False,6,False,0,0,0.991,,False,trend,up
2018-01-29,False,16.12,0.605,False,0.0,1.026,False,True,10,False,0,4,0.076,,False,normal_variation,down
2018-01-30,False,16.88,1.244,False,0.0,0.0,False,False,12,False,0,0,0.238,,False,normal,
2018-01-31,False,16.88,0.548,False,0.0,1.892,False,True,9,False,0,3,0.477,,False,normal_variation,down
2018-02-01,False,18.0,0.639,False,0.935,0.174,True,False,9,False,0,0,0.392,,False,normal_variation,up
2018-02-02,False,19.0,0.974,False,0.0,1.649,False,True,6,False,0,0,0.026,high,False,trend,down
2018-02-05,False,19.5,1.474,False,0.0,3.435,False,True,4,True,0,0,0.076,,True,double_distribution_trend,down
2018-02-06,False,20.38,4.503,False,0.207,0.0,True,False,10,False,0,0,0.955,,False,normal_variation,up
2018-02-07,False,22.62,1.569,False,0.296,0.056,True,False,10,False,0,0,0.005,,False,normal_variation,up
2018-02-08,False,25.25,0.921,False,0.0,3.602,False,True,7,False,0,1,0.012,high,False,trend,down
2018-02-09,False,26.5,0.915,False,0.794,2.639,True,True,8,False,0,1,0.821,,False,neutral_extreme,up
2018-02-12,False,26.75,1.28,False,0.504,0.0,True,False,7,False,0,0,0.66,,False,normal_variation,up
2018-02-13,False,27.88,0.574,False,1.078,0.0,True,False,8,False,1,0,0.827,,False,trend,up
2018-02-14,False,27.88,1.148,False,0.844,0.0,True,False,6,False,2,0,0.949,low,False,normal_variation,up
2018-02-15,False,28.25,0.442,False,1.12,1.34,True,True,6,False,2,0,1.0,,False,neutral_extreme,up
2018-02-16,False,31.5,0.429,False,1.296,0.0,True,False,10,False,1,0,0.282,low,False,normal_variation,up
2018-02-20,False,32.12,0.366,True,0.468,1.255,True,True,8,False,0,3,0.297,,False,neutral_center,
2018-02-21,False,32.62,0.467,False,1.066,1.049,True,True,12,False,2,0,0.0,,False,neutral_extreme,down
2018-02-22,False,38.25,0.399,True,0.525,0.738,True,True,9,False,0,0,0.196,,False,neutral_extreme,down
2018-02-23,False,38.88,0.251,True,2.538,0.026,True,False,9,False,3,0,1.0,,False,normal_variation,up
2018-02-26,False,39.0,0.314,True,1.082,0.184,True,False,7,False,1,0,0.955,,False,trend,up
2018-02-27,False,39.0,0.346,True,0.0,2.426,False,True,8,False,0,3,0.0,,False,normal_variation,down
2018-02-28,False,44.75,0.274,True,0.0,3.041,False,True,9,False,0,3,0.02,high,False,normal_variation,down
2018-03-01,False,46.88,0.459,False,0.512,1.86,True,True,6,False,0,0,0.241,,False,neutral_center,
2018-03-02,False,47.75,0.351,True,1.925,0.0,True,False,8,False,3,0,0.872,,False,normal_variation,up
2018-03-05,False,48.5,0.206,True,4.325,0.0,True,False,6,False,3,0,0.878,low,True,double_distribution_trend,up
2018-03-06,False,48.5,0.32,True,0.0,0.452,False,True,10,False,0,0,0.767,high,False,normal_variation,down
2018-03-07,False,47.75,0.382,True,0.644,0.0,True,False,9,False,4,0,0.858,low,False,normal_variation,up
2018-03-08,False,46.88,0.219,True,0.317,0.488,True,True,11,False,0,1,0.919,,False,neutral_extreme,up
2018-03-09,False,44.75,0.285,True,1.784,0.0,True,False,5,True,0,0,0.986,low,False,trend,up
2018-03-12,False,39.38,0.235,True,0.0,0.973,False,True,10,False,0,0,0.205,,False,normal_variation,down
2018-03-13,False,35.12,0.249,True,0.0,4.029,False,True,6,False,0,3,0.148,,False,normal_variation,down
2018-03-14,False,35.12,0.463,False,0.0,1.108,False,True,8,False,0,2,0.175,high,False,normal_variation,down
2018-03-15,False,35.12,0.27,True,0.658,0.605,True,True,9,False,0,0,0.256,,False,neutral_center,
2018-03-16,False,34.62,0.231,True,0.281,0.312,True,True,10,False,0,3,0.02,,False,neutral_extreme,down
2018-03-19,False,34.38,0.371,True,0.0,2.765,False,True,7,False,0,1,0.396,high,False,normal_variation,down
2018-03-20,False,34.62,0.332,True,0.0,0.304,False,True,11,False,0,2,0.517,,False,normal_variation,down
2018-03-21,False,34.62,0.195,True,3.259,0.407,True,True,8,False,3,0,0.071,,False,neutral_extreme,down
2018-03-22,False,34.38,0.502,False,0.0,2.261,False,True,8,False,0,4,0.062,,False,normal_variation,down
2018-03-23,False,34.5,0.514,False,0.0,3.099,False,True,7,False,0,3,0.024,,False,normal_variation,down
2018-03-26,False,34.88,0.495,False,1.333,1.188,True,True,7,False,0,0,0.955,,False,neutral_extreme,up
2018-03-27,False,39.75,0.44,False,0.286,3.286,True,True,7,False,0,0,0.216,high,True,neutral_center,
2018-03-28,False,39.75,0.585,False,0.323,0.43,True,True,13,False,0,0,0.294,,False,neutral_center,
2018-03-29,False,38.12,0.38,True,2.466,0.0,True,False,7,False,3,0,0.647,,False,normal_variation,up
2018-04-02,False,38.12,0.708,False,0.0,2.185,False,True,6,False,0,1,0.323,high,False,normal_variation,down
2018-04-03,False,38.12,0.63,False,0.885,0.0,True,False,10,False,4,0,0.895,,False,normal_variation,up
2018-04-04,False,38.12,0.623,False,2.305,0.0,True,False,6,False,1,0,0.917,low,False,trend,up
2018-04-05,False,42.38,0.277,True,0.809,0.17,True,False,9,False,0,0,0.581,,False,normal_variation,up
2018-04-06,False,42.38,0.478,False,0.0,2.568,False,True,7,False,0,2,0.253,,True,double_distribution_trend,down
2018-04-09,False,44.62,0.359,True,1.531,0.172,True,False,6,False,1,0,0.075,,False,normal_variation,up
2018-04-10,False,44.62,0.353,True,0.762,0.222,True,True,11,False,4,0,0.688,,False,neutral_center,
2018-04-11,False,44.62,0.325,True,0.569,0.0,True,False,11,False,0,0,0.176,low,False,normal_variation,up
2018-04-12,False,44.25,0.373,True,0.212,0.0,True,False,12,False,0,0,0.438,low,False,normal_variation,up
2018-04-13,False,44.25,0.542,False,0.0,0.49,False,True,9,False,0,3,0.322,high,False,normal_variation,down
2018-04-16,False,44.25,0.237,True,1.0,0.0,True,False,8,False,1,0,0.571,,False,normal_variation,up
2018-04-17,False,44.25,0.203,True,1.361,0.0,True,False,11,False,4,0,0.659,,False,normal_variation,up
2018-04-18,False,42.0,0.298,True,0.14,0.0,False,False,12,False,0,0,0.351,,False,nontrend,
2018-04-19,False,42.0,0.244,True,0.098,1.049,False,True,9,False,0,2,0.534,,False,normal_variation,down
2018-04-20,False,42.0,0.274,True,0.0,2.043,False,True,9,False,0,2,0.314,high,False,normal_variation,down
2018-04-23,False,38.25,0.268,True,0.488,1.024,True,True,9,False,0,0,0.485,,False,neutral_center,
2018-04-24,False,35.38,0.473,False,0.0,3.045,False,True,5,True,0,1,0.262,high,True,double_distribution_trend,down
2018-04-25,False,35.38,0.636,False,0.467,0.0,True,False,11,False,0,0,0.833,,False,normal_variation,up
2018-04-26,False,34.0,0.404,False,1.182,0.0,True,False,6,False,2,0,0.692,,False,normal_variation,up
2018-04-27,False,32.12,0.35,True,0.0,0.644,False,True,12,False,0,0,0.608,,False,normal_variation,down
2018-04-30,False,30.62,0.327,True,0.0,2.6,False,True,8,False,0,2,0.021,,True,double_distribution_trend,down
2018-05-01,False,30.62,0.286,True,1.171,1.229,True,True,7,False,1,1,0.958,,False,neutral_extreme,up
2018-05-02,False,29.88,0.301,True,0.806,1.472,True,True,11,False,0,2,0.144,,False,neutral_extreme,down
2018-05-03,False,29.62,0.726,False,0.477,0.547,True,True,9,False,1,0,0.833,,False,neutral_extreme,up
2018-05-04,False,29.88,0.895,False,1.14,0.0,True,False,5,True,0,0,0.865,low,True,double_distribution_trend,up
2018-05-07,False,29.88,0.385,True,0.196,0.457,False,True,11,False,0,0,0.434,,False,normal_variation,down
2018-05-08,False,29.62,0.295,True,0.686,0.829,True,True,13,False,0,3,0.784,,False,neutral_center,
2018-05-09,False,27.62,0.253,True,2.643,0.357,True,True,6,False,1,0,0.866,,False,neutral_extreme,up
2018-05-10,False,28.75,0.235,True,2.259,0.0,True,False,8,False,1,0,0.841,low,False,trend,up
2018-05-11,False,28.75,0.383,True,0.114,0.318,False,True,10,False,0,0,0.635,,False,normal_variation,down
2018-05-14,False,26.88,0.233,True,0.24,1.48,True,True,7,False,0,1,0.324,,False,neutral_center,
2018-05-15,False,26.88,0.512,False,0.0,0.2,False,False,13,False,0,0,0.545,high,False,normal,
2018-05-16,False,26.88,0.316,True,1.0,0.0,True,False,7,False,1,0,0.662,low,False,normal_variation,up
2018-05-17,False,26.88,0.521,False,0.321,0.179,True,False,8,False,0,0,0.405,,False,normal_variation,up
2018-05-18,False,26.88,0.279,True,0.033,0.433,False,True,13,False,0,0,0.386,,False,normal_variation,down
2018-05-21,False,23.88,0.356,True,0.265,0.382,True,True,11,False,0,0,0.518,,False,neutral_center,
2018-05-22,False,22.0,0.398,True,0.0,1.314,False,True,10,False,0,0,0.148,,False,trend,down
2018-05-23,False,21.5,0.523,False,1.022,0.133,True,False,10,False,1,0,0.979,low,False,trend,up
2018-05-24,False,21.5,0.837,False,0.0,0.375,False,True,9,False,0,1,0.848,,False,normal_variation,down
2018-05-25,False,21.5,0.477,False,0.024,0.268,False,True,10,False,0,0,0.453,,False,normal_variation,down
2018-05-29,False,21.5,0.581,False,0.0,1.76,False,True,7,False,0,2,0.384,,True,double_distribution_trend,down
2018-05-30,False,21.5,0.314,True,3.074,0.0,True,False,8,False,2,0,0.791,low,False,normal_variation,up
2018-05-31,False,21.5,0.407,False,0.314,1.286,True,True,9,False,0,1,0.253,,False,neutral_center,
2018-06-01,False,21.5,0.605,False,0.269,0.0,True,False,10,False,0,0,0.803,low,False,normal_variation,up
2018-06-04,False,20.62,0.461,False,0.0,0.0,False,False,12,False,0,0,0.711,,False,normal,
2018-06-05,False,19.62,0.357,True,0.0,0.929,False,True,8,False,0,0,0.741,,False,normal_variation,down
2018-06-06,False,18.62,0.456,False,1.765,0.059,True,False,6,False,1,0,0.99,,False,trend,up
2018-06-07,False,18.62,0.456,False,0.0,1.294,False,True,10,False,0,1,0.487,,False,normal_variation,down
2018-06-08,False,18.25,0.356,True,1.462,0.0,True,False,7,False,3,0,0.906,,False,normal_variation,up
2018-06-11,False,17.0,0.353,True,0.875,0.0,True,False,8,False,1,0,0.178,,False,normal_variation,up
2018-06-12,False,17.0,0.294,True,0.5,0.75,True,True,10,False,0,1,0.756,,False,neutral_center,
2018-06-13,False,16.75,0.239,True,0.312,3.0,True,True,9,False,0,1,0.058,,False,neutral_extreme,down
2018-06-14,False,17.12,0.453,False,0.0,0.677,False,True,13,False,0,0,0.558,,False,normal_variation,down
2018-06-15,False,16.88,0.43,False,1.103,0.931,True,True,10,False,0,0,0.852,,False,neutral_extreme,up
2018-06-18,False,16.88,0.504,False,1.088,0.0,True,False,10,False,4,0,0.93,,False,normal_variation,up
2018-06-19,False,17.5,0.657,False,0.891,0.087,True,False,8,False,2,0,0.879,,False,normal_variation,up
2018-06-20,False,18.62,0.43,False,0.312,0.094,True,False,11,False,0,0,0.4,,False,normal_variation,up
2018-06-21,False,17.5,1.1,False,0.0,0.221,False,True,10,False,0,0,0.223,high,False,normal_variation,down
2018-06-22,False,17.5,0.586,False,0.0,0.293,False,True,12,False,0,0,0.132,high,False,normal_variation,down
2018-06-25,False,16.88,1.541,False,0.0,0.76,False,True,9,False,0,2,0.393,high,False,normal_variation,down
2018-06-26,False,17.5,0.7,False,0.388,0.082,True,False,9,False,0,0,0.431,,False,normal_variation,up
2018-06-27,False,17.5,0.9,False,0.19,1.794,False,True,6,False,0,1,0.0,,False,trend,down
2018-06-28,False,17.5,0.743,False,1.462,0.058,True,False,8,False,1,0,0.771,,False,normal_variation,up
2018-06-29,False,17.5,0.629,False,0.455,0.818,True,True,11,False,0,0,0.03,,False,neutral_extreme,down
2018-07-02,False,17.88,0.685,False,1.286,0.0,True,False,8,False,4,0,0.982,low,False,normal_variation,up
2018-07-03,True,18.75,0.36,True,0.0,2.852,False,True,6,False,0,1,0.048,high,False,trend,down
2018-07-05,False,20.75,0.482,False,0.675,0.575,True,True,9,False,2,0,0.956,,False,neutral_extreme,up
2018-07-06,False,20.75,0.627,False,1.442,0.0,True,False,9,False,3,0,0.85,,False,normal_variation,up
2018-07-09,False,22.25,0.281,True,1.32,0.0,True,False,10,False,4,0,0.948,low,False,normal_variation,up
2018-07-10,False,22.25,0.303,True,0.296,0.074,True,False,12,False,0,0,0.838,,False,normal_variation,up
2018-07-11,False,22.25,0.449,False,0.075,0.475,False,True,11,False,0,0,0.242,,False,normal_variation,down
2018-07-12,False,22.25,0.483,False,0.698,0.0,True,False,9,False,4,0,0.932,,False,normal_variation,up
2018-07-13,False,22.25,0.371,True,0.576,0.0,True,False,11,False,0,0,0.731,,False,normal_variation,up
2018-07-16,False,22.25,0.36,True,0.0,0.219,False,True,11,False,0,0,0.436,,False,normal_variation,down
2018-07-17,False,20.38,0.405,False,2.03,0.0,True,False,8,False,2,0,0.83,low,False,normal_variation,up
2018-07-18,False,22.62,0.32,True,0.586,0.0,True,False,10,False,3,0,0.913,,False,normal_variation,up
2018-07-19,False,20.38,0.613,False,0.04,0.0,False,False,11,False,0,0,0.365,,False,normal,
2018-07-20,False,20.38,0.258,True,0.619,0.238,True,True,12,False,1,0,0.205,,False,neutral_center,
2018-07-23,False,18.12,0.359,True,0.923,0.154,True,False,8,False,1,0,0.889,,False,normal_variation,up
2018-07-24,False,18.12,0.483,False,0.0,1.2,False,True,7,False,0,1,0.442,,False,normal_variation,down
2018-07-25,False,18.12,0.428,False,3.032,0.0,True,False,6,False,3,0,0.92,low,False,normal_variation,up
2018-07-26,False,18.75,0.413,False,0.355,0.0,True,False,11,False,0,0,0.167,low,False,normal_variation,up
2018-07-27,False,16.88,0.548,False,0.0,2.73,False,True,7,False,0,0,0.304,high,False,normal_variation,down
2018-07-30,False,16.88,0.667,False,0.0,1.089,False,True,9,False,0,0,0.202,high,False,normal_variation,down
2018-07-31,False,16.88,0.563,False,0.737,0.0,True,False,8,False,0,0,0.485,,False,normal_variation,up
2018-08-01,False,16.0,0.422,False,0.185,1.815,False,True,9,False,0,1,0.383,,False,normal_variation,down
2018-08-02,False,16.0,0.969,False,1.226,0.0,True,False,5,True,2,0,0.913,low,False,normal_variation,up
2018-08-03,False,16.0,0.516,False,0.606,0.0,True,False,8,False,0,0,0.962,,False,normal_variation,up
2018-08-06,False,15.0,0.533,False,1.25,0.0,True,False,8,False,1,0,0.833,,False,trend,up
2018-08-07,False,16.0,0.359,True,0.391,0.0,True,False,13,False,0,0,0.375,,False,normal_variation,up
2018-08-08,False,16.0,0.297,True,0.895,0.105,True,False,12,False,3,0,0.5,,False,normal_variation,up
2018-08-09,False,15.0,0.383,True,0.174,0.652,False,True,11,False,0,0,0.119,,False,normal_variation,down
2018-08-10,False,13.38,0.71,False,0.158,0.632,False,True,10,False,0,1,0.456,,False,normal_variation,down
2018-08-13,False,15.0,0.533,False,0.0,1.969,False,True,9,False,0,1,0.116,,False,trend,down
2018-08-14,False,16.75,0.507,False,0.971,0.0,True,False,11,False,1,0,0.836,,False,normal_variation,up
2018-08-15,False,16.62,1.233,False,0.0,0.159,False,False,10,False,0,0,0.684,high,False,normal,
2018-08-16,False,16.88,0.296,True,2.4,0.0,True,False,10,False,0,0,0.456,low,False,normal_variation,up
2018-08-17,False,17.0,0.544,False,1.378,0.0,True,False,7,False,2,0,0.761,,False,normal_variation,up
2018-08-20,False,17.5,0.343,True,0.375,0.167,True,False,11,False,2,0,0.703,,False,normal_variation,up
2018-08-21,False,17.5,0.4,False,0.607,0.107,True,False,8,False,0,0,0.125,,False,normal_variation,up
2018-08-22,False,17.0,0.441,False,0.6,0.0,True,False,10,False,0,0,0.542,,False,normal_variation,up
2018-08-23,False,16.88,0.593,False,0.075,0.425,False,True,11,False,0,0,0.217,,False,normal_variation,down
2018-08-24,False,16.88,0.311,True,1.524,0.0,True,False,11,False,2,0,0.868,low,False,normal_variation,up
2018-08-27,False,16.62,0.602,False,0.225,0.0,True,False,11,False,0,0,0.878,,False,normal_variation,up
2018-08-28,False,15.75,0.397,True,0.0,0.64,False,True,12,False,0,1,0.488,,False,normal_variation,down
2018-08-29,False,14.12,0.478,False,1.778,0.0,True,False,9,False,2,0,0.84,,False,normal_variation,up
2018-08-30,False,14.12,0.319,True,0.278,2.611,True,True,8,False,0,4,0.343,,False,neutral_center,
2018-08-31,False,14.12,0.743,False,0.0,0.5,False,True,10,False,0,0,0.603,,False,normal_variation,down
2018-09-04,False,15.38,0.894,False,0.073,0.055,False,False,11,False,0,0,0.758,,False,normal,
2018-09-05,False,15.25,1.148,False,0.0,0.0,False,False,12,False,0,0,0.671,,False,normal,
2018-09-06,False,15.62,0.864,False,0.0,0.852,False,True,9,False,0,1,0.48,,False,normal_variation,down
2018-09-07,False,16.25,1.015,False,0.212,0.0,True,False,9,False,0,0,0.438,,False,normal_variation,up
2018-09-10,False,16.88,0.607,False,0.0,0.146,False,False,11,False,0,0,0.191,,False,normal,
2018-09-11,False,16.25,0.877,False,0.807,0.0,True,False,9,False,0,0,0.845,,False,normal_variation,up
2018-09-12,False,16.25,0.6,False,0.41,0.205,True,True,11,False,0,0,0.587,,False,neutral_center,
2018-09-13,False,15.75,0.524,False,0.0,0.273,False,True,13,False,0,0,0.833,,False,normal_variation,down
2018-09-14,False,15.62,0.48,False,0.033,0.667,False,True,9,False,0,1,0.706,,False,normal_variation,down
2018-09-17,False,15.25,0.443,False,0.0,1.667,False,True,10,False,0,1,0.153,high,False,trend,down
2018-09-18,False,15.25,0.754,False,0.783,0.0,True,False,9,False,2,0,0.683,low,False,normal_variation,up
2018-09-19,False,15.62,0.464,False,0.207,0.0,True,False,13,False,0,0,0.486,,False,normal_variation,up
2018-09-20,False,15.62,0.432,False,1.148,0.0,True,False,9,False,2,0,0.724,,False,normal_variation,up
2018-09-21,False,15.62,0.464,False,0.0,0.931,False,True,9,False,0,0,0.143,high,False,normal_variation,down
2018-09-24,False,15.62,0.528,False,0.0,0.364,False,True,13,False,0,0,0.6,,False,normal_variation,down
2018-09-25,False,15.62,0.416,False,0.0,0.846,False,True,9,False,0,2,0.208,,False,normal_variation,down
2018-09-26,False,15.62,0.4,False,1.52,2.04,True,True,11,False,2,0,0.158,,False,neutral_extreme,down
2018-09-27,False,15.75,0.73,False,0.565,0.0,True,False,7,False,0,0,0.319,,False,normal_variation,up
2018-09-28,False,15.75,0.476,False,0.8,0.0,True,False,10,False,0,0,0.519,low,False,normal_variation,up
2018-10-01,False,15.62,0.544,False,0.118,1.176,False,True,8,False,0,1,0.346,,False,normal_variation,down
2018-10-02,False,15.62,0.368,True,0.913,0.174,True,False,8,False,0,0,0.354,,False,normal_variation,up
2018-10-03,False,15.12,0.529,False,0.0,1.406,False,True,11,False,0,0,0.247,,False,normal_variation,down
2018-10-04,False,15.12,1.223,False,0.0,0.959,False,True,7,False,0,0,0.51,high,False,normal_variation,down
2018-10-05,False,15.12,0.744,False,0.0,2.622,False,True,6,False,0,0,0.417,,False,normal_variation,down
2018-10-08,False,15.12,0.992,False,0.05,0.8,False,True,7,False,0,0,0.856,,False,normal_variation,down
2018-10-09,False,16.88,1.067,False,0.167,0.0,False,False,13,False,0,0,0.321,,False,normal,
2018-10-10,False,16.88,1.719,False,0.0,2.121,False,True,7,False,0,2,0.033,high,False,normal_variation,down
2018-10-11,False,18.0,1.486,False,0.0,2.234,False,True,8,False,0,2,0.225,,False,normal_variation,down
2018-10-12,False,18.62,1.06,False,0.0,1.38,False,True,7,False,0,0,0.777,high,False,normal_variation,down
2018-10-15,False,19.38,0.955,False,0.486,0.0,True,False,11,False,4,0,0.064,,False,normal_variation,up
2018-10-16,False,20.0,0.738,False,2.237,0.0,True,False,5,True,1,0,0.89,,False,trend,up
2018-10-17,False,20.25,1.0,False,0.321,0.457,True,True,9,False,0,0,0.806,,False,neutral_extreme,up
2018-10-18,False,24.25,0.474,False,0.522,2.957,True,True,7,False,0,1,0.301,,False,neutral_center,
2018-10-19,False,27.62,0.814,False,0.0,0.7,False,True,8,False,0,2,0.176,,False,normal_variation,down
2018-10-22,False,28.12,1.049,False,0.0,0.0,False,False,12,False,0,0,0.22,,False,normal,
2018-10-23,False,29.0,1.078,False,1.0,0.0,True,False,6,False,0,0,0.788,,False,normal_variation,up
2018-10-24,False,32.75,0.534,False,0.0,4.214,False,True,7,False,0,2,0.06,high,False,normal_variation,down
2018-10-25,False,36.12,0.817,False,0.907,0.0,True,False,8,False,2,0,0.698,,False,normal_variation,up
2018-10-26,False,37.25,0.919,False,0.599,0.314,True,True,9,False,0,0,0.458,,False,neutral_center,
2018-10-29,False,39.5,0.506,False,0.0,4.2,False,True,5,True,0,1,0.385,,True,double_distribution_trend,down
2018-10-30,False,43.88,0.9,False,0.285,0.0,True,False,10,False,0,0,0.936,,False,normal_variation,up
2018-10-31,False,47.38,0.449,False,0.459,0.0,True,False,10,False,2,0,0.177,,False,normal_variation,up
2018-11-01,False,47.38,0.385,True,0.836,0.0,True,False,11,False,2,0,0.925,,False,normal_variation,up
2018-11-02,False,47.38,0.47,False,0.0,1.562,False,True,9,False,0,0,0.39,high,False,normal_variation,down
2018-11-05,False,49.25,0.33,True,0.646,0.0,True,False,9,False,0,0,0.785,,False,normal_variation,up
2018-11-06,False,49.25,0.325,True,0.297,0.0,True,False,12,False,0,0,0.904,low,False,normal_variation,up
2018-11-07,False,49.25,0.274,True,2.019,0.0,True,False,6,False,2,0,0.957,,False,normal_variation,up
2018-11-08,False,47.38,0.195,True,0.216,0.973,True,True,9,False,0,0,0.617,,False,neutral_center,
2018-11-09,False,43.88,0.387,True,0.0,0.809,False,True,8,False,0,1,0.537,high,False,normal_variation,down
2018-11-12,False,39.5,0.601,False,0.0,1.326,False,True,9,False,0,3,0.1,high,False,normal_variation,down
2018-11-13,False,44.25,0.508,False,0.522,0.311,True,True,8,False,0,1,0.194,,False,neutral_extreme,down
2018-11-14,False,41.0,0.506,False,0.0,1.988,False,True,8,False,0,2,0.278,high,False,normal_variation,down
2018-11-15,False,46.0,0.44,False,1.914,0.321,True,True,6,False,2,0,0.924,,False,neutral_extreme,up
2018-11-16,False,46.0,0.429,False,0.797,0.0,True,False,10,False,4,0,0.697,,False,normal_variation,up
2018-11-19,False,46.0,0.533,False,0.0,1.173,False,True,9,False,0,2,0.207,high,False,normal_variation,down
2018-11-20,False,52.0,0.534,False,0.333,0.072,True,False,11,False,1,0,0.276,,False,normal_variation,up
2018-11-21,False,46.0,0.332,True,0.328,0.082,True,False,11,False,0,0,0.035,,False,normal_variation,up
2018-11-23,True,41.0,0.329,True,0.296,0.111,True,False,7,False,0,0,0.0,,False,normal_variation,up
2018-11-26,False,39.88,0.401,False,0.172,0.203,False,True,9,False,0,0,0.966,,False,normal_variation,down
2018-11-27,False,37.25,0.57,False,0.306,0.0,True,False,10,False,1,0,0.982,,False,normal_variation,up
2018-11-28,False,34.5,0.341,True,4.0,0.17,True,False,5,True,3,0,0.992,,True,double_distribution_trend,up
2018-11-29,False,34.5,0.283,True,1.59,0.615,True,True,9,False,0,0,0.496,,False,neutral_center,
2018-11-30,False,34.5,0.29,True,1.825,0.0,True,False,9,False,4,0,0.823,,False,normal_variation,up
2018-12-03,False,33.38,0.532,False,0.0,0.634,False,True,13,False,0,0,0.595,high,False,normal_variation,down
2018-12-04,False,31.0,0.573,False,0.0,4.07,False,True,6,False,0,2,0.069,high,True,double_distribution_trend,down
2018-12-06,False,33.38,0.772,False,1.087,0.864,True,True,9,False,0,0,0.993,,False,neutral_extreme,up
2018-12-07,False,37.25,0.993,False,0.0,1.338,False,True,6,False,0,2,0.118,,False,normal_variation,down
2018-12-10,False,37.25,0.799,False,0.311,0.891,True,True,8,False,0,0,0.832,,False,neutral_extreme,up
2018-12-11,False,40.12,0.33,True,0.0,3.094,False,True,7,False,0,1,0.304,high,False,normal_variation,down
2018-12-12,False,47.25,0.339,True,0.562,0.703,True,True,8,False,1,1,0.034,,False,neutral_extreme,down
2018-12-13,False,40.12,0.455,False,0.0,0.849,False,True,10,False,0,3,0.363,,False,normal_variation,down
2018-12-14,False,37.62,0.405,False,0.0,1.787,False,True,7,False,0,2,0.159,,False,normal_variation,down
2018-12-17,False,37.62,0.605,False,0.516,1.648,True,True,6,False,0,1,0.25,,False,neutral_center,
2018-12-18,False,37.62,0.306,True,0.0,3.065,False,True,7,False,0,1,0.38,,False,normal_variation,down
2018-12-19,False,40.75,0.626,False,0.775,2.245,True,True,9,False,2,0,0.163,,False,neutral_extreme,down
2018-12-20,False,40.75,0.681,False,0.0,1.541,False,True,8,False,0,1,0.348,,False,normal_variation,down
2018-12-21,False,44.62,0.84,False,0.0,1.633,False,True,7,False,0,1,0.061,,False,trend,down
2018-12-24,True,50.5,0.822,False,0.072,0.663,False,True,6,False,0,0,0.024,,False,normal_variation,down
2018-12-26,False,57.5,0.67,False,2.117,0.078,True,False,6,False,1,0,0.998,,False,trend,up
2018-12-27,False,63.12,0.511,False,1.411,0.512,True,True,10,False,0,0,0.997,,False,neutral_extreme,up
2018-12-28,False,68.0,0.397,True,0.491,0.37,True,True,11,False,0,0,0.269,,False,neutral_center,
2018-12-31,False,68.0,0.191,True,0.0,1.096,False,True,10,False,0,1,0.982,,False,normal_variation,down
2019-01-02,False,68.0,0.408,False,0.928,0.0,True,False,8,False,1,0,0.822,low,False,normal_variation,up
2019-01-03,False,68.0,0.57,False,0.0,0.297,False,True,9,False,0,0,0.1,high,False,normal_variation,down
2019-01-04,False,68.0,0.57,False,0.561,0.0,True,False,8,False,1,0,0.893,low,False,normal_variation,up
2019-01-07,False,63.0,0.246,True,1.774,0.0,True,False,7,False,0,0,0.605,,False,normal_variation,up
2019-01-08,False,57.38,0.414,False,0.0,0.421,False,True,8,False,0,0,0.8,,False,normal_variation,down
2019-01-09,False,53.88,0.227,True,0.531,0.735,True,True,11,False,2,0,0.622,,False,neutral_center,
2019-01-10,False,51.88,0.318,True,1.227,0.0,True,False,8,False,2,0,0.946,,False,normal_variation,up
2019-01-11,False,50.25,0.209,True,0.881,0.0,True,False,10,False,1,0,0.975,,False,normal_variation,up
2019-01-14,False,50.25,0.289,True,0.31,0.0,True,False,11,False,1,0,0.553,,False,normal_variation,up
2019-01-15,False,50.25,0.453,False,0.297,0.0,True,False,9,False,0,0,0.89,low,False,normal_variation,up
2019-01-16,False,50.25,0.224,True,0.2,0.022,False,False,13,False,0,0,0.291,,False,nontrend,
2019-01-17,False,48.5,0.273,True,2.019,0.0,True,False,8,False,3,0,0.762,low,False,normal_variation,up
2019-01-18,False,46.62,0.3,True,1.107,0.0,True,False,9,False,0,0,0.797,,False,normal_variation,up
2019-01-22,False,41.5,0.367,True,0.0,1.623,False,True,6,False,0,1,0.488,high,False,normal_variation,down
2019-01-23,False,40.0,0.331,True,0.0,2.113,False,True,8,False,0,0,0.648,,False,normal_variation,down
2019-01-24,False,40.0,0.438,False,0.0,0.229,False,True,10,False,0,0,0.721,,False,normal_variation,down
2019-01-25,False,38.38,0.306,True,0.362,0.0,True,False,12,False,0,0,0.422,,False,normal_variation,up
2019-01-28,False,35.25,0.355,True,0.34,0.34,True,True,11,False,1,0,0.976,,False,neutral_extreme,up
2019-01-29,False,31.62,0.372,True,0.0,0.766,False,True,11,False,0,0,0.458,,False,normal_variation,down
2019-01-30,False,29.5,0.347,True,3.22,0.0,True,False,7,False,4,0,0.78,,True,double_distribution_trend,up
2019-01-31,False,31.62,0.585,False,0.703,0.0,True,False,10,False,0,0,0.833,low,False,normal_variation,up
2019-02-01,False,30.5,0.557,False,0.0,0.206,False,True,10,False,0,0,0.439,,False,normal_variation,down
2019-02-04,False,29.5,0.331,True,1.769,0.0,True,False,5,True,3,0,0.991,,False,normal_variation,up
2019-02-05,False,28.62,0.236,True,0.63,0.667,True,True,10,False,4,0,0.823,,False,neutral_extreme,up
2019-02-06,False,27.38,0.521,False,0.0,0.0,False,False,12,False,0,0,0.614,,False,normal,
2019-02-07,False,24.25,0.474,False,0.13,1.739,False,True,10,False,0,0,0.576,,False,normal_variation,down
2019-02-08,False,24.25,0.567,False,0.782,0.182,True,False,7,False,1,0,0.991,,False,normal_variation,up
2019-02-11,False,24.25,0.443,False,0.0,0.372,False,True,13,False,0,3,0.407,,False,normal_variation,down
2019-02-12,False,24.25,0.392,True,1.316,0.0,True,False,8,False,1,0,0.818,low,False,trend,up
2019-02-13,False,24.5,0.408,False,0.0,0.4,False,True,11,False,0,0,0.286,,False,normal_variation,down
2019-02-14,False,21.75,0.69,False,0.867,0.0,True,False,8,False,4,0,0.545,,False,normal_variation,up
2019-02-15,False,24.5,0.337,True,0.515,0.03,True,False,13,False,0,0,1.0,,False,normal_variation,up
2019-02-19,False,21.75,0.529,False,0.87,0.0,True,False,7,False,3,0,0.663,low,False,normal_variation,up
2019-02-20,False,21.5,0.267,True,1.261,0.696,True,True,12,False,4,3,0.721,,False,neutral_center,
2019-02-21,False,21.25,0.541,False,0.109,0.413,False,True,9,False,0,0,0.629,,False,normal_variation,down
2019-02-22,False,20.88,0.407,False,0.853,0.0,True,False,9,False,0,0,0.857,,False,normal_variation,up
2019-02-25,False,20.62,0.303,True,0.4,1.64,True,True,7,False,0,1,0.079,,False,neutral_extreme,down
2019-02-26,False,20.62,0.497,False,0.317,0.049,True,False,11,False,2,0,0.304,,False,normal_variation,up
2019-02-27,False,19.75,0.886,False,0.214,0.0,True,False,9,False,0,0,0.835,,False,normal_variation,up
2019-02-28,False,19.75,0.456,False,0.111,0.167,False,False,12,False,0,0,0.196,,False,normal,
2019-03-01,False,18.25,0.726,False,0.0,0.566,False,True,7,False,0,0,0.819,,False,normal_variation,down
2019-03-04,False,18.25,0.493,False,0.0,4.611,False,True,6,False,0,1,0.51,high,False,normal_variation,down
2019-03-05,False,18.25,0.644,False,0.149,0.0,False,False,13,False,0,0,0.5,,False,normal,
2019-03-06,False,17.25,0.696,False,0.0,0.854,False,True,9,False,0,3,0.157,high,False,normal_variation,down
2019-03-07,False,18.25,1.425,False,0.0,0.125,False,False,10,False,0,0,0.359,high,False,normal,
2019-03-08,False,19.88,0.528,False,1.143,0.0,True,False,10,False,3,0,0.944,,False,normal_variation,up
2019-03-11,False,19.88,0.792,False,1.175,0.0,True,False,6,False,1,0,0.964,low,False,trend,up
2019-03-12,False,19.88,0.403,False,0.531,0.0,True,False,13,False,2,0,0.51,,False,normal_variation,up
2019-03-13,False,19.88,0.44,False,1.4,0.0,True,False,8,False,2,0,0.512,low,False,normal_variation,up
2019-03-14,False,19.88,0.453,False,0.361,0.0,True,False,13,False,0,0,0.449,,False,normal_variation,up
2019-03-15,False,19.88,0.39,True,1.484,0.0,True,False,7,False,0,0,0.571,,False,normal_variation,up
2019-03-18,False,19.12,0.575,False,0.023,0.205,False,True,11,False,0,0,0.815,,False,normal_variation,down
2019-03-19,False,19.12,0.34,True,0.923,2.654,True,True,10,False,0,4,0.37,,False,neutral_center,
2019-03-20,False,19.12,0.614,False,1.043,0.681,True,True,7,False,0,0,0.383,,False,neutral_center,
2019-03-21,False,20.0,1.05,False,1.202,0.0,True,False,5,True,2,0,0.892,low,False,normal_variation,up
2019-03-22,False,20.88,1.006,False,0.0,1.214,False,True,9,False,0,4,0.016,,False,normal_variation,down
2019-03-25,False,21.12,1.101,False,0.075,0.032,False,False,9,False,0,0,0.544,,False,normal,
2019-03-26,False,21.75,0.494,False,0.14,1.326,False,True,6,False,0,2,0.557,,False,normal_variation,down
2019-03-27,False,22.38,0.581,False,0.0,1.981,False,True,8,False,0,0,0.471,,False,normal_variation,down
2019-03-28,False,24.12,0.528,False,0.059,0.647,False,True,8,False,0,0,0.805,,False,normal_variation,down
2019-03-29,False,24.12,0.394,True,0.316,0.5,True,True,12,False,0,0,0.855,,False,neutral_extreme,up
2019-04-01,False,24.12,0.311,True,1.333,0.0,True,False,6,False,2,0,0.857,,False,normal_variation,up
2019-04-02,False,22.38,0.291,True,0.231,0.538,True,True,11,False,0,0,0.804,,False,neutral_extreme,up
2019-04-03,False,22.38,0.447,False,0.425,0.6,True,True,7,False,0,0,0.37,,False,neutral_center,
2019-04-04,False,22.12,0.362,True,0.0,0.844,False,True,11,False,0,0,0.814,,False,normal_variation,down
2019-04-05,False,21.38,0.409,False,0.2,0.0,False,False,13,False,0,0,0.905,,False,normal,
2019-04-08,False,20.62,0.388,True,0.938,0.0,True,False,8,False,1,0,0.935,,False,normal_variation,up
2019-04-09,False,19.75,0.405,False,0.375,0.344,True,True,10,False,0,0,0.473,,False,neutral_center,
2019-04-10,False,19.75,0.354,True,0.571,0.0,True,False,12,False,0,0,0.932,,False,normal_variation,up
2019-04-11,False,18.38,0.381,True,0.0,0.893,False,True,9,False,0,0,0.528,high,False,normal_variation,down
2019-04-12,False,18.38,0.354,True,0.0,0.885,False,True,11,False,0,0,0.776,,False,normal_variation,down
2019-04-15,False,17.38,0.489,False,0.0,0.529,False,True,9,False,0,0,0.731,high,False,normal_variation,down
2019-04-16,False,17.38,0.36,True,0.0,1.48,False,True,12,False,0,3,0.468,high,False,normal_variation,down
2019-04-17,False,16.38,1.16,False,0.0,0.316,False,True,11,False,0,0,0.2,high,False,normal_variation,down
2019-04-18,False,16.38,0.794,False,0.115,0.154,False,False,9,False,0,0,0.818,,False,normal,
2019-04-22,False,16.0,0.625,False,0.375,0.0,True,False,12,False,0,0,0.909,low,False,normal_variation,up
2019-04-23,False,15.5,0.71,False,1.5,0.0,True,False,8,False,0,0,0.891,,True,double_distribution_trend,up
2019-04-24,False,15.5,0.419,False,0.308,0.385,True,True,10,False,0,0,0.159,,False,neutral_extreme,down
2019-04-25,False,15.12,0.942,False,0.404,0.053,True,False,9,False,0,0,0.663,,False,normal_variation,up
2019-04-26,False,15.12,0.678,False,1.244,0.0,True,False,9,False,3,0,0.978,,False,normal_variation,up
2019-04-29,False,15.12,0.446,False,0.556,0.0,True,False,9,False,1,0,0.381,low,False,normal_variation,up
2019-04-30,False,14.25,0.474,False,1.259,1.333,True,True,8,False,2,0,0.845,,False,neutral_extreme,up
2019-05-01,False,14.25,0.526,False,0.2,3.0,False,True,10,False,0,2,0.008,high,False,normal_variation,down
2019-05-02,False,15.12,0.893,False,0.0,1.352,False,True,8,False,0,0,0.559,,False,normal_variation,down
2019-05-03,False,15.12,0.496,False,1.367,0.0,True,False,7,False,0,0,0.817,,False,trend,up
2019-05-06,False,15.5,1.629,False,0.752,0.0,True,False,7,False,3,0,0.904,low,False,normal_variation,up
2019-05-07,False,16.0,1.422,False,0.0,1.22,False,True,7,False,0,4,0.446,,False,normal_variation,down
2019-05-08,False,17.12,0.905,False,0.661,0.0,True,False,10,False,0,0,0.282,,False,normal_variation,up
2019-05-09,False,19.25,1.143,False,0.818,0.034,True,False,7,False,0,0,0.853,,False,normal_variation,up
2019-05-10,False,21.88,1.051,False,1.13,0.783,True,True,5,True,0,0,0.866,,False,neutral_extreme,up
2019-05-13,False,23.62,1.026,False,0.0,0.474,False,True,11,False,0,0,0.301,,False,normal_variation,down
2019-05-14,False,24.62,0.711,False,0.871,0.0,True,False,9,False,1,0,0.45,low,False,normal_variation,up
2019-05-15,False,25.38,1.084,False,0.609,0.0,True,False,8,False,2,0,0.842,low,False,normal_variation,up
2019-05-16,False,26.62,0.986,False,0.324,0.0,True,False,8,False,0,0,0.54,low,False,normal_variation,up
2019-05-17,False,29.5,0.703,False,0.687,0.0,True,False,9,False,0,0,0.236,low,False,normal_variation,up
2019-05-20,False,31.62,0.64,False,0.123,0.025,False,False,10,False,0,0,0.376,,False,normal,
2019-05-21,False,31.62,0.174,True,1.591,0.0,True,False,11,False,0,0,0.684,,False,normal_variation,up
2019-05-22,False,31.62,0.451,False,0.0,0.123,False,False,11,False,0,0,0.344,,False,normal,
2019-05-23,False,31.62,0.538,False,0.0,0.559,False,True,9,False,0,2,0.642,high,False,normal_variation,down
2019-05-24,False,31.62,0.356,True,0.0,0.889,False,True,10,False,0,0,0.341,,False,normal_variation,down
2019-05-28,False,31.62,0.348,True,0.0,2.659,False,True,8,False,0,2,0.006,,False,normal_variation,down
2019-05-29,False,32.25,0.403,False,0.077,0.962,False,True,9,False,0,0,0.623,,False,normal_variation,down
2019-05-30,False,32.25,0.302,True,0.128,1.179,False,True,10,False,0,2,0.567,,False,normal_variation,down
2019-05-31,False,32.25,0.341,True,0.682,0.045,True,False,9,False,0,0,0.079,,False,normal_variation,up
2019-06-03,False,29.62,0.734,False,0.184,0.425,False,True,9,False,0,1,0.429,,False,normal_variation,down
2019-06-04,False,33.75,0.489,False,1.485,0.0,True,False,8,False,3,0,0.957,,False,normal_variation,up
2019-06-05,False,33.75,0.393,True,0.472,0.566,True,True,8,False,2,0,0.972,,False,neutral_extreme,up
2019-06-06,False,29.88,0.368,True,1.659,0.045,True,False,9,False,0,0,0.731,,False,normal_variation,up
2019-06-07,False,31.25,0.56,False,0.8,0.0,True,False,11,False,0,0,0.595,low,False,normal_variation,up
2019-06-10,False,30.62,0.286,True,0.914,0.314,True,True,10,False,0,2,0.026,,False,neutral_extreme,down
2019-06-11,False,28.38,0.511,False,0.0,1.224,False,True,7,False,0,0,0.217,,False,normal_variation,down
2019-06-12,False,28.38,0.379,True,0.0,0.349,False,True,13,False,0,0,0.379,,False,normal_variation,down
2019-06-13,False,26.75,0.421,False,0.0,0.222,False,True,11,False,0,0,0.764,,False,normal_variation,down
2019-06-14,False,26.5,0.349,True,0.649,0.0,True,False,11,False,1,0,0.525,,False,normal_variation,up
2019-06-17,False,24.88,0.332,True,0.303,0.0,True,False,13,False,0,0,0.256,,False,normal_variation,up
2019-06-18,False,22.88,0.973,False,0.18,0.0,False,False,11,False,0,0,0.505,,False,normal,
2019-06-19,False,24.38,0.277,True,1.407,0.778,True,True,11,False,0,2,0.733,,False,neutral_center,
2019-06-20,False,24.38,0.39,True,0.158,1.737,False,True,8,False,0,0,0.827,high,False,normal_variation,down
2019-06-21,False,26.38,0.227,True,1.917,0.0,True,False,11,False,0,0,0.186,,False,normal_variation,up
2019-06-24,False,24.38,0.277,True,0.074,0.593,False,True,10,False,0,1,0.2,,False,normal_variation,down
2019-06-25,False,24.38,0.554,False,0.0,1.315,False,True,7,False,0,2,0.064,high,False,normal_variation,down
2019-06-26,False,24.38,0.513,False,0.0,0.58,False,True,8,False,0,1,0.089,,False,normal_variation,down
2019-06-27,False,22.0,0.352,True,0.097,0.387,False,True,12,False,0,0,0.522,,False,normal_variation,down
2019-06-28,False,20.62,0.4,False,0.909,0.0,True,False,10,False,4,0,0.667,,False,normal_variation,up
2019-07-01,False,20.62,0.594,False,0.0,1.143,False,True,6,False,0,0,0.486,high,False,normal_variation,down
2019-07-02,False,20.62,0.4,False,0.697,0.545,True,True,10,False,5,0,0.986,,False,neutral_extreme,up
2019-07-03,True,19.62,0.331,True,2.077,0.0,True,False,4,True,0,0,0.975,low,False,trend,up
2019-07-05,False,19.62,0.599,False,0.894,0.362,True,True,6,False,0,0,0.896,,False,neutral_extreme,up
2019-07-08,False,19.62,0.471,False,0.0,0.243,False,True,11,False,0,0,0.565,,False,normal_variation,down
2019-07-09,False,19.0,0.487,False,1.216,0.0,True,False,11,False,3,0,0.866,low,False,normal_variation,up
2019-07-10,False,19.12,0.719,False,0.0,0.382,False,True,11,False,0,0,0.434,,False,normal_variation,down
2019-07-11,False,18.75,0.427,False,0.0,0.719,False,True,8,False,0,3,0.8,,False,normal_variation,down
2019-07-12,False,18.75,0.213,True,1.875,0.25,True,True,10,False,1,0,0.92,,False,neutral_extreme,up
2019-07-15,False,18.75,0.373,True,0.0,0.286,False,True,13,False,0,0,0.611,high,False,normal_variation,down
2019-07-16,False,18.75,0.213,True,0.188,2.375,False,True,8,False,0,0,0.211,,False,normal_variation,down
2019-07-17,False,18.75,0.493,False,0.0,1.405,False,True,8,False,0,2,0.011,high,False,normal_variation,down
2019-07-18,False,18.75,0.547,False,1.171,0.341,True,True,9,False,1,0,0.845,,False,neutral_extreme,up
2019-07-19,False,18.75,0.507,False,0.0,2.368,False,True,8,False,0,2,0.062,high,False,normal_variation,down
2019-07-22,False,18.75,0.427,False,0.5,0.375,True,True,11,False,0,0,0.617,,False,neutral_center,
2019-07-23,False,18.75,0.52,False,0.795,0.051,True,False,8,False,0,0,0.958,,False,normal_variation,up
2019-07-24,False,18.75,0.667,False,0.86,0.0,True,False,7,False,0,0,0.978,low,False,normal_variation,up
2019-07-25,False,18.75,0.72,False,0.0,0.463,False,True,10,False,0,0,0.443,high,False,normal_variation,down
2019-07-26,False,18.75,0.4,False,1.167,0.0,True,False,7,False,2,0,0.831,low,False,normal_variation,up
2019-07-29,False,18.75,0.573,False,0.0,0.0,False,False,12,False,0,0,0.558,high,False,normal,
2019-07-30,False,18.75,0.653,False,0.367,0.0,True,False,11,False,0,0,0.791,,False,normal_variation,up
2019-07-31,False,18.25,0.288,True,0.286,10.238,True,True,9,False,0,3,0.355,high,True,neutral_center,
2019-08-01,False,18.5,1.203,False,0.539,1.596,True,True,6,False,0,0,0.136,,True,neutral_extreme,down
2019-08-02,False,18.5,1.216,False,0.0,0.444,False,True,11,False,0,1,0.569,high,False,normal_variation,down
2019-08-05,False,18.5,1.0,False,0.0,2.554,False,True,5,True,0,3,0.361,high,False,normal_variation,down
2019-08-06,False,19.38,1.148,False,0.494,0.202,True,True,7,False,2,0,0.94,,False,neutral_extreme,up
2019-08-07,False,19.38,1.729,False,1.037,0.0,True,False,6,False,2,0,0.879,,False,normal_variation,up
2019-08-08,False,21.0,0.81,False,1.735,0.0,True,False,8,False,2,0,1.0,,False,normal_variation,up
2019-08-09,False,22.75,1.0,False,0.0,0.604,False,True,9,False,0,0,0.534,,False,normal_variation,down
2019-08-12,False,24.5,0.602,False,0.0,1.424,False,True,8,False,0,2,0.308,,False,normal_variation,down
2019-08-13,False,28.88,2.372,False,0.0,0.0,False,False,13,False,0,0,0.752,low,False,normal,
2019-08-14,False,32.25,0.496,False,0.0,2.156,False,True,8,False,0,4,0.04,,False,normal_variation,down
2019-08-15,False,34.12,0.681,False,0.0,0.409,False,True,11,False,0,0,0.702,,False,normal_variation,down
2019-08-16,False,34.25,0.555,False,0.566,0.0,True,False,11,False,4,0,0.84,low,False,normal_variation,up
2019-08-19,False,34.25,0.307,True,0.595,0.0,True,False,10,False,2,0,0.537,,False,normal_variation,up
2019-08-20,False,34.25,0.46,False,0.286,0.254,True,True,8,False,0,0,0.031,,False,neutral_extreme,down
2019-08-21,False,34.25,0.226,True,0.0,0.484,False,True,12,False,0,0,0.587,,False,normal_variation,down
2019-08-22,False,34.25,0.577,False,0.0,0.797,False,True,8,False,0,0,0.535,,False,normal_variation,down
2019-08-23,False,35.62,0.547,False,0.372,3.436,True,True,7,False,0,1,0.147,,True,neutral_extreme,down
2019-08-26,False,36.12,0.574,False,0.193,0.0,False,False,10,False,0,0,0.98,,False,normal,
2019-08-27,False,36.12,0.353,True,0.0,2.098,False,True,9,False,0,0,0.203,,False,normal_variation,down
2019-08-28,False,37.12,0.646,False,0.615,0.0,True,False,10,False,3,0,0.942,,False,normal_variation,up
2019-08-29,False,37.12,0.283,True,0.5,0.929,True,True,10,False,1,0,0.765,,False,neutral_center,
2019-08-30,False,36.12,0.277,True,0.0,1.85,False,True,10,False,0,0,0.351,high,False,normal_variation,down
2019-09-03,False,36.12,0.651,False,0.0,0.0,False,False,11,False,0,0,0.649,,False,normal,
2019-09-04,False,35.62,0.302,True,0.628,0.0,True,False,9,False,2,0,0.957,,False,normal_variation,up
2019-09-05,False,34.12,0.645,False,0.0,0.0,False,False,12,False,0,0,0.534,low,False,normal,
2019-09-06,False,31.25,0.328,True,0.317,0.0,True,False,12,False,0,0,0.481,,False,normal_variation,up
2019-09-09,False,29.12,0.326,True,0.0,1.184,False,True,8,False,0,0,0.47,high,False,normal_variation,down
2019-09-10,False,27.0,0.537,False,0.552,0.0,True,False,10,False,3,0,0.989,,False,normal_variation,up
2019-09-11,False,25.12,0.527,False,0.981,0.0,True,False,8,False,3,0,0.981,,False,normal_variation,up
2019-09-12,False,25.12,0.776,False,0.064,0.0,False,False,9,False,0,0,0.422,,False,normal,
2019-09-13,False,24.5,0.306,True,0.2,0.833,False,True,9,False,0,0,0.262,,False,normal_variation,down
2019-09-16,False,23.88,0.398,True,0.0,0.263,False,True,12,False,0,0,0.583,,False,normal_variation,down
2019-09-17,False,23.0,0.283,True,0.923,0.0,True,False,12,False,3,0,0.92,,False,normal_variation,up
2019-09-18,False,23.0,0.304,True,0.893,2.393,True,True,11,False,0,2,0.958,,False,neutral_extreme,up
2019-09-19,False,23.0,0.391,True,0.278,0.917,True,True,8,False,0,0,0.177,,False,neutral_extreme,down
2019-09-20,False,23.0,0.283,True,0.0,4.038,False,True,7,False,0,1,0.214,high,True,double_distribution_trend,down
2019-09-23,False,23.0,0.489,False,0.533,0.0,True,False,9,False,3,0,0.58,,False,normal_variation,up
2019-09-24,False,22.25,0.562,False,0.0,3.06,False,True,7,False,0,0,0.202,high,False,normal_variation,down
2019-09-25,False,22.25,0.91,False,0.877,0.0,True,False,8,False,1,0,0.862,,False,normal_variation,up
2019-09-26,False,22.25,0.64,False,0.123,0.579,False,True,9,False,0,0,0.639,high,False,normal_variation,down
2019-09-27,False,22.25,0.742,False,0.0,1.621,False,True,6,False,0,0,0.382,high,False,normal_variation,down
2019-09-30,False,22.25,0.416,False,0.811,0.0,True,False,7,False,1,0,0.567,low,False,normal_variation,up
2019-10-01,False,21.38,1.427,False,0.0,0.82,False,True,6,False,0,1,0.036,,False,normal_variation,down
2019-10-02,False,21.38,1.17,False,0.0,0.99,False,True,8,False,0,0,0.281,high,False,normal_variation,down
2019-10-03,False,22.25,1.64,False,0.541,0.0,True,False,7,False,3,0,0.996,,False,normal_variation,up
2019-10-04,False,23.38,0.706,False,1.167,0.0,True,False,6,False,2,0,0.93,low,False,normal_variation,up
2019-10-07,False,25.25,0.446,False,1.244,0.0,True,False,10,False,3,0,0.139,,False,normal_variation,up
2019-10-08,False,25.75,0.786,False,0.395,0.284,True,True,10,False,0,0,0.029,,False,neutral_extreme,down
2019-10-09,False,28.12,0.4,False,0.978,0.067,True,False,10,False,1,0,0.522,,False,normal_variation,up
2019-10-10,False,27.62,0.833,False,0.413,0.0,True,False,10,False,0,0,0.708,low,False,normal_variation,up
2019-10-11,False,31.25,0.52,False,0.554,0.077,True,False,11,False,1,0,0.038,low,False,normal_variation,up
2019-10-14,False,31.25,0.336,True,0.048,0.0,False,False,13,False,0,0,0.386,,False,nontrend,
2019-10-15,False,31.25,0.528,False,0.682,0.0,True,False,11,False,0,0,0.721,low,False,normal_variation,up
2019-10-16,False,31.25,0.272,True,0.5,0.0,True,False,9,False,0,0,0.451,,False,normal_variation,up
2019-10-17,False,30.12,0.266,True,0.0,1.188,False,True,10,False,0,0,0.414,,False,normal_variation,down
2019-10-18,False,30.12,0.266,True,0.0,2.0,False,True,10,False,0,1,0.417,,False,normal_variation,down
2019-10-21,False,27.12,0.341,True,0.405,0.0,True,False,10,False,0,0,0.865,,False,normal_variation,up
2019-10-22,False,27.12,0.221,True,0.083,2.208,False,True,10,False,0,1,0.051,,False,trend,down
2019-10-23,False,25.88,0.348,True,0.639,0.0,True,False,11,False,4,0,0.932,,False,normal_variation,up
2019-10-24,False,24.75,0.626,False,0.0,0.065,False,False,12,False,0,0,0.591,high,False,normal,
2019-10-25,False,24.62,0.548,False,0.87,0.0,True,False,9,False,0,0,0.782,low,False,normal_variation,up
2019-10-28,False,24.62,0.325,True,0.188,0.0,False,False,13,False,0,0,0.474,low,False,nontrend,
2019-10-29,False,24.62,0.305,True,0.867,0.0,True,False,9,False,0,0,0.25,,False,normal_variation,up
2019-10-30,False,23.5,0.628,False,0.746,0.0,True,False,11,False,0,0,0.845,,False,normal_variation,up
2019-10-31,False,23.5,0.809,False,0.0,0.276,False,True,12,False,0,0,0.649,high,False,normal_variation,down
2019-11-01,False,23.5,0.5,False,0.255,0.0,True,False,12,False,0,0,0.983,,False,normal_variation,up
2019-11-04,False,21.38,0.327,True,0.0,0.5,False,True,12,False,0,0,0.381,,False,normal_variation,down
2019-11-05,False,18.62,0.591,False,0.0,0.114,False,False,13,False,0,0,0.245,,False,normal,
2019-11-06,False,17.0,0.441,False,0.3,0.567,True,True,11,False,0,0,0.786,,False,neutral_center,
2019-11-07,False,15.62,0.464,False,0.345,1.172,True,True,11,False,1,0,0.315,,False,neutral_center,
2019-11-08,False,15.62,0.816,False,0.529,0.0,True,False,11,False,0,0,1.0,,False,normal_variation,up
2019-11-11,False,15.62,0.592,False,0.378,0.0,True,False,8,False,0,0,0.882,,False,normal_variation,up
2019-11-12,False,15.62,0.864,False,0.093,0.315,False,True,8,False,0,0,0.434,,False,normal_variation,down
2019-11-13,False,15.62,0.672,False,0.81,0.0,True,False,9,False,2,0,0.763,,False,normal_variation,up
2019-11-14,False,17.0,0.456,False,0.226,0.774,True,True,9,False,0,0,0.935,,False,neutral_extreme,up
2019-11-15,False,16.0,0.5,False,1.0,0.0,True,False,10,False,4,0,1.0,,False,normal_variation,up
2019-11-18,False,15.75,0.397,True,1.0,0.0,True,False,10,False,1,0,0.8,,False,trend,up
2019-11-19,False,15.75,0.619,False,0.0,0.564,False,True,12,False,0,0,0.443,high,False,normal_variation,down
2019-11-20,False,15.38,0.374,True,0.304,3.522,True,True,7,False,0,0,0.631,,False,neutral_center,
2019-11-21,False,15.75,0.905,False,0.0,0.14,False,False,9,False,0,0,0.569,high,False,normal,
2019-11-22,False,15.75,0.46,False,0.0,0.931,False,True,11,False,0,0,0.857,high,False,normal_variation,down
2019-11-25,False,15.38,0.65,False,0.425,0.0,True,False,12,False,0,0,0.982,low,False,normal_variation,up
2019-11-26,False,15.38,0.553,False,0.441,0.0,True,False,12,False,4,0,0.796,,False,normal_variation,up
2019-11-27,False,15.38,0.228,True,2.286,0.0,True,False,6,False,3,0,0.957,,False,normal_variation,up
2019-11-29,True,15.0,0.367,True,0.0,0.955,False,True,6,False,0,0,0.395,,False,normal_variation,down
2019-12-02,False,14.5,1.983,False,0.0,0.217,False,True,10,False,0,0,0.121,high,False,normal_variation,down
2019-12-03,False,14.75,1.136,False,0.507,0.0,True,False,11,False,0,0,0.941,,False,normal_variation,up
2019-12-04,False,15.38,1.057,False,0.123,0.0,False,False,12,False,0,0,0.644,,False,normal,
2019-12-05,False,15.75,1.079,False,0.0,0.0,False,False,10,False,0,0,0.868,high,False,normal,
2019-12-06,False,16.12,0.512,False,0.515,0.0,True,False,11,False,1,0,0.6,low,False,normal_variation,up
2019-12-09,False,15.75,0.508,False,0.0,0.75,False,True,8,False,0,1,0.071,,False,normal_variation,down
2019-12-10,False,15.38,1.073,False,0.061,0.0,False,False,12,False,0,0,0.414,,False,normal,
2019-12-11,False,15.75,0.54,False,0.176,0.118,False,False,9,False,0,0,0.75,,False,normal,
2019-12-12,False,15.38,2.52,False,0.0,0.0,False,False,8,False,0,0,0.768,low,False,normal,
2019-12-13,False,15.38,1.545,False,0.0,0.147,False,False,12,False,0,0,0.477,,False,normal,
2019-12-16,False,15.62,0.592,False,0.162,0.0,False,False,11,False,0,0,0.395,low,False,normal,
2019-12-17,False,14.75,0.508,False,0.0,0.2,False,False,13,False,0,0,0.111,,False,normal,
2019-12-18,False,14.75,0.441,False,0.154,0.0,False,False,13,False,0,0,0.167,,False,normal,
2019-12-19,False,14.12,0.283,True,2.375,0.0,True,False,8,False,3,0,0.944,low,False,normal_variation,up
2019-12-20,False,14.0,0.393,True,0.864,0.0,True,False,10,False,3,0,0.463,,False,normal_variation,up
2019-12-23,False,13.75,0.309,True,0.0,0.529,False,True,13,False,0,0,0.308,high,False,normal_variation,down
2019-12-24,True,13.0,0.481,False,0.0,0.0,False,False,8,False,0,0,0.64,high,False,normal,
2019-12-26,False,12.38,0.485,False,1.292,0.0,True,False,11,False,5,0,0.982,low,False,normal_variation,up
2019-12-27,False,13.0,1.0,False,0.0,0.192,False,False,11,False,0,0,0.387,high,False,normal,
2019-12-30,False,13.62,1.89,False,0.0,0.0,False,False,10,False,0,0,0.204,high,False,normal,
2019-12-31,False,13.88,0.991,False,0.418,0.0,True,False,10,False,0,0,0.859,,False,normal_variation,up
2020-01-02,False,13.88,1.045,False,0.534,0.069,True,False,9,False,0,0,0.989,,False,normal_variation,up
2020-01-03,False,13.88,1.351,False,0.36,0.0,True,False,10,False,0,0,0.529,low,False,normal_variation,up
2020-01-06,False,13.88,1.297,False,0.903,0.0,True,False,7,False,2,0,0.971,low,False,normal_variation,up
2020-01-07,False,13.88,0.757,False,0.238,0.0,True,False,12,False,0,0,0.423,,False,normal_variation,up
2020-01-08,False,13.88,0.973,False,1.352,0.0,True,False,8,False,2,0,0.559,low,False,normal_variation,up
2020-01-09,False,14.62,0.581,False,0.324,0.147,True,False,12,False,0,0,0.9,,False,normal_variation,up
2020-01-10,False,13.62,0.661,False,0.0,1.556,False,True,7,False,0,2,0.217,high,False,normal_variation,down
2020-01-13,False,14.62,0.547,False,1.594,0.0,True,False,8,False,3,0,0.988,,False,normal_variation,up
2020-01-14,False,14.62,0.513,False,1.133,0.233,True,True,10,False,1,0,0.338,,False,neutral_center,
2020-01-15,False,14.62,1.043,False,0.131,0.033,False,False,9,False,0,0,0.549,low,False,normal,
2020-01-16,False,16.62,0.346,True,1.609,0.0,True,False,11,False,1,0,0.983,,False,trend,up
2020-01-17,False,16.62,0.391,True,0.577,0.154,True,False,13,False,0,0,0.822,,False,normal_variation,up
2020-01-21,False,16.62,0.451,False,0.833,0.0,True,False,10,False,0,0,0.382,low,False,normal_variation,up
2020-01-22,False,16.62,0.481,False,0.188,1.062,False,True,10,False,0,3,0.111,,False,normal_variation,down
2020-01-23,False,17.75,0.817,False,0.776,0.0,True,False,8,False,0,0,0.932,,False,normal_variation,up
2020-01-24,False,17.88,0.881,False,0.0,2.302,False,True,6,False,0,0,0.269,high,False,normal_variation,down
2020-01-27,False,18.75,1.093,False,0.207,0.0,True,False,11,False,0,0,0.333,,False,normal_variation,up
2020-01-28,False,20.12,1.019,False,0.622,0.0,True,False,9,False,3,0,0.729,,False,normal_variation,up
2020-01-29,False,21.88,0.96,False,0.071,0.0,False,False,11,False,0,0,0.1,,False,normal,
2020-01-30,False,21.62,0.751,False,1.262,0.462,True,True,9,False,0,0,0.944,,False,neutral_extreme,up
2020-01-31,False,22.75,1.121,False,0.0,1.539,False,True,7,False,0,2,0.151,high,False,normal_variation,down
2020-02-03,False,22.75,1.297,False,0.0,0.0,False,False,10,False,0,0,0.314,low,False,normal,
2020-02-04,False,22.75,0.626,False,0.614,0.0,True,False,10,False,2,0,0.598,,False,normal_variation,up
2020-02-05,False,22.75,0.692,False,0.429,0.111,True,False,9,False,0,0,0.897,,False,normal_variation,up
2020-02-06,False,23.0,0.554,False,0.078,0.0,False,False,13,False,0,0,0.855,,False,normal,
2020-02-07,False,22.75,0.473,False,0.605,0.302,True,True,9,False,0,0,0.293,,False,neutral_center,
2020-02-10,False,22.75,0.956,False,0.632,0.0,True,False,10,False,0,0,0.993,low,False,normal_variation,up
2020-02-11,False,22.75,0.637,False,0.052,0.517,False,True,8,False,0,0,0.22,,False,normal_variation,down
2020-02-12,False,22.88,0.372,True,0.441,0.0,True,False,13,False,0,0,0.796,,False,normal_variation,up
2020-02-13,False,22.88,0.557,False,1.02,0.0,True,False,9,False,2,0,0.612,,False,normal_variation,up
2020-02-14,False,23.62,0.413,False,0.077,0.513,False,True,10,False,0,0,0.919,,False,normal_variation,down
2020-02-18,False,23.62,0.508,False,0.042,0.604,False,True,8,False,0,0,0.747,,False,normal_variation,down
2020-02-19,False,23.62,0.402,False,0.684,0.0,True,False,10,False,3,0,0.531,,False,normal_variation,up
2020-02-20,False,23.62,0.476,False,0.0,3.422,False,True,6,False,0,0,0.658,,False,normal_variation,down
2020-02-21,False,24.5,0.99,False,0.0,0.34,False,True,9,False,0,0,0.277,high,False,normal_variation,down
2020-02-24,False,24.5,1.245,False,0.0,0.516,False,True,7,False,0,0,0.254,,False,normal_variation,down
2020-02-25,False,24.5,1.888,False,0.0,1.811,False,True,5,True,0,1,0.081,high,True,double_distribution_trend,down
2020-02-26,False,25.0,1.46,False,0.185,0.856,False,True,6,False,0,0,0.117,,False,normal_variation,down
2020-02-27,False,25.0,1.91,False,0.565,1.0,True,True,8,False,0,3,0.0,,False,neutral_extreme,down
2020-02-28,False,27.62,2.814,False,0.45,0.0,True,False,9,False,5,0,0.98,,False,normal_variation,up
2020-03-02,False,27.62,1.692,False,2.171,0.0,True,False,8,False,3,0,0.992,,False,normal_variation,up
2020-03-03,False,27.62,3.267,False,0.0,0.817,False,True,6,False,0,1,0.171,,False,normal_variation,down
2020-03-04,False,29.12,1.373,False,1.456,0.0,True,False,7,False,1,0,0.98,,False,trend,up
2020-03-05,False,34.0,0.949,False,0.457,1.202,True,True,6,False,0,1,0.292,,False,neutral_center,
2020-03-06,False,40.88,1.26,False,0.417,0.257,True,True,9,False,7,0,0.841,,False,neutral_extreme,up
2020-03-09,False,48.0,2.188,False,0.16,0.0,False,False,8,False,0,0,0.17,,False,normal,
2020-03-10,False,62.12,0.688,False,0.842,1.749,True,True,8,False,0,0,0.995,,False,neutral_extreme,up
2020-03-11,False,80.12,0.443,False,0.0,2.148,False,True,7,False,0,2,0.315,,False,normal_variation,down
2020-03-12,False,86.0,1.116,False,0.734,0.284,True,True,11,False,0,0,0.025,,False,neutral_extreme,down
2020-03-13,False,92.25,0.97,False,0.782,0.645,True,True,11,False,0,0,0.99,,False,neutral_extreme,up
2020-03-16,False,105.0,1.46,False,0.32,0.0,True,False,8,False,0,0,0.132,,False,normal_variation,up
2020-03-17,False,112.25,0.918,False,0.84,0.0,True,False,10,False,0,0,0.971,,False,normal_variation,up
2020-03-18,False,117.25,0.842,False,0.0,0.823,False,True,6,False,0,0,0.726,,False,normal_variation,down
2020-03-19,False,122.12,0.954,False,0.296,0.0,True,False,11,False,2,0,0.609,,False,normal_variation,up
2020-03-20,False,126.25,0.558,False,0.156,1.138,False,True,8,False,0,3,0.022,,False,normal_variation,down
2020-03-23,False,139.12,0.494,False,0.055,0.564,False,True,10,False,0,0,0.335,,False,normal_variation,down
2020-03-24,False,139.12,0.39,True,0.912,0.0,True,False,8,False,4,0,0.954,,False,normal_variation,up
2020-03-25,False,135.38,0.683,False,0.808,0.0,True,False,6,False,0,0,0.438,,False,normal_variation,up
2020-03-26,False,149.62,0.573,False,0.615,0.0,True,False,12,False,2,0,0.879,low,False,normal_variation,up
2020-03-27,False,149.62,0.269,True,1.478,0.0,True,False,9,False,2,0,0.268,,False,normal_variation,up
2020-03-30,False,149.62,0.266,True,1.252,0.0,True,False,10,False,4,0,0.913,,False,normal_variation,up
2020-03-31,False,144.75,0.323,True,0.086,0.433,False,True,9,False,0,0,0.187,,False,normal_variation,down
2020-04-01,False,130.12,0.217,True,0.345,1.327,True,True,7,False,0,3,0.285,,False,neutral_center,
2020-04-02,False,130.12,0.348,True,0.807,0.0,True,False,9,False,0,0,0.914,low,False,normal_variation,up
2020-04-03,False,130.12,0.263,True,0.0,1.35,False,True,8,False,0,2,0.379,,False,normal_variation,down
2020-04-06,False,130.12,0.329,True,1.444,0.0,True,False,7,False,2,0,0.792,,False,normal_variation,up
2020-04-07,False,125.12,0.472,False,0.0,0.737,False,True,7,False,0,4,0.022,high,False,normal_variation,down
2020-04-08,False,111.5,0.316,True,1.809,0.0,True,False,6,False,3,0,0.859,,True,double_distribution_trend,up
2020-04-09,False,107.88,0.352,True,0.158,0.349,False,True,9,False,0,0,0.485,,False,normal_variation,down
2020-04-13,False,104.12,0.449,False,0.0,0.299,False,True,11,False,0,0,0.691,high,False,normal_variation,down
2020-04-14,False,103.12,0.388,True,0.244,0.0,True,False,8,False,0,0,0.819,,False,normal_variation,up
2020-04-15,False,101.12,0.284,True,0.383,0.061,True,False,9,False,1,0,0.572,,False,normal_variation,up
2020-04-16,False,99.38,0.405,False,0.068,0.0,False,False,9,False,0,0,0.791,,False,normal,
2020-04-17,False,94.25,0.247,True,0.731,0.419,True,True,10,False,0,1,0.87,,False,neutral_extreme,up
2020-04-20,False,85.62,0.222,True,1.197,0.434,True,True,6,False,0,0,0.05,,False,neutral_extreme,down
2020-04-21,False,81.12,0.339,True,0.0,1.191,False,True,10,False,0,0,0.162,,False,trend,down
2020-04-22,False,78.0,0.256,True,1.088,0.0,True,False,8,False,2,0,0.545,,False,normal_variation,up
2020-04-23,False,73.25,0.338,True,0.535,0.556,True,True,8,False,0,0,0.058,,False,neutral_extreme,down
2020-04-24,False,65.88,0.391,True,0.942,0.107,True,False,8,False,0,0,0.867,,False,normal_variation,up
2020-04-27,False,60.5,0.281,True,1.206,0.0,True,False,8,False,4,0,0.68,,False,normal_variation,up
2020-04-28,False,58.75,0.494,False,0.0,1.078,False,True,11,False,0,5,0.066,high,False,normal_variation,down
2020-04-29,False,58.75,0.289,True,1.647,0.0,True,False,7,False,2,0,0.611,,False,normal_variation,up
2020-04-30,False,55.0,0.464,False,0.039,0.402,False,True,10,False,0,1,0.49,,False,normal_variation,down
2020-05-01,False,52.25,0.373,True,0.0,1.359,False,True,9,False,0,1,0.272,,False,normal_variation,down
2020-05-04,False,50.88,0.575,False,0.615,0.0,True,False,10,False,0,0,0.942,,False,normal_variation,up
2020-05-05,False,50.0,0.455,False,0.352,0.209,True,True,8,False,3,0,0.127,,False,neutral_extreme,down
2020-05-06,False,49.88,0.692,False,0.0,0.275,False,True,12,False,0,0,0.051,high,False,normal_variation,down
2020-05-07,False,48.5,0.371,True,0.458,0.056,True,False,8,False,0,0,0.229,,False,normal_variation,up
2020-05-08,False,46.62,0.365,True,0.779,0.0,True,False,10,False,2,0,0.851,,False,normal_variation,up
2020-05-11,False,45.5,0.308,True,1.964,0.0,True,False,6,False,0,0,0.645,,False,normal_variation,up
2020-05-12,False,44.5,0.601,False,0.0,1.888,False,True,8,False,0,1,0.01,high,False,trend,down
2020-05-13,False,44.5,0.646,False,0.252,1.626,True,True,8,False,0,3,0.329,,True,neutral_center,
2020-05-14,False,45.5,0.753,False,1.547,0.0,True,False,6,False,3,0,0.991,,False,normal_variation,up
2020-05-15,False,46.62,0.804,False,0.333,0.0,True,False,8,False,2,0,0.99,,False,normal_variation,up
2020-05-18,False,46.62,0.322,True,1.75,0.0,True,False,8,False,4,0,0.552,low,False,normal_variation,up
2020-05-19,False,45.5,0.511,False,0.151,0.688,False,True,11,False,0,0,0.012,,False,normal_variation,down
2020-05-20,False,44.5,0.449,False,0.175,0.0,False,False,10,False,0,0,0.596,low,False,normal,
2020-05-21,False,44.5,0.315,True,0.0,1.857,False,True,11,False,0,0,0.275,,False,normal_variation,down
2020-05-22,False,43.38,0.375,True,0.508,0.0,True,False,9,False,1,0,0.898,,False,normal_variation,up
2020-05-26,False,42.12,0.433,False,0.0,0.945,False,True,11,False,0,3,0.12,high,False,normal_variation,down
2020-05-27,False,42.12,0.7,False,0.441,0.814,True,True,8,False,0,0,0.989,,False,neutral_extreme,up
2020-05-28,False,42.12,0.386,True,1.185,0.646,True,True,7,False,1,0,0.152,,False,neutral_extreme,down
2020-05-29,False,42.12,0.481,False,0.877,0.802,True,True,10,False,0,2,0.853,,False,neutral_extreme,up
2020-06-01,False,43.38,0.484,False,0.524,0.0,True,False,6,False,0,0,0.805,,False,normal_variation,up
2020-06-02,False,42.12,0.404,False,0.559,0.235,True,True,11,False,0,0,0.992,,False,neutral_extreme,up
2020-06-03,False,41.38,0.254,True,2.19,0.0,True,False,7,False,3,0,0.694,low,False,normal_variation,up
2020-06-04,False,41.38,0.405,False,0.209,1.134,True,True,9,False,0,2,0.573,,False,neutral_center,
2020-06-05,False,40.62,0.388,True,1.667,0.0,True,False,10,False,0,0,0.5,low,False,normal_variation,up
2020-06-08,False,41.38,0.369,True,1.443,0.033,True,False,9,False,1,0,0.96,,False,trend,up
2020-06-09,False,41.38,0.338,True,1.161,0.0,True,False,9,False,3,0,0.496,,False,normal_variation,up
2020-06-10,False,40.62,0.782,False,0.181,0.126,False,False,13,False,0,0,0.199,,False,normal,
2020-06-11,False,40.62,0.523,False,0.0,4.741,False,True,5,True,0,0,0.059,high,False,trend,down
2020-06-12,False,40.62,0.745,False,0.0,2.496,False,True,8,False,0,2,0.539,high,False,normal_variation,down
2020-06-15,False,40.62,1.138,False,1.503,0.0,True,False,4,True,1,0,0.892,,False,trend,up
2020-06-16,False,40.62,0.443,False,0.042,3.444,False,True,10,False,0,0,0.669,high,False,normal_variation,down
2020-06-17,False,40.75,0.699,False,0.061,0.193,False,False,9,False,0,0,0.21,high,False,normal,
2020-06-18,False,39.62,0.593,False,0.202,0.0,True,False,12,False,0,0,0.788,,False,normal_variation,up
2020-06-19,False,39.62,0.454,False,0.0,3.056,False,True,8,False,0,1,0.185,high,True,double_distribution_trend,down
2020-06-22,False,40.38,0.718,False,0.491,0.0,True,False,8,False,2,0,0.919,,False,normal_variation,up
2020-06-23,False,41.75,0.371,True,0.468,0.435,True,True,11,False,1,0,0.144,,False,neutral_extreme,down
2020-06-24,False,41.75,0.85,False,0.0,1.387,False,True,9,False,0,0,0.242,high,True,double_distribution_trend,down
2020-06-25,False,41.75,0.892,False,0.732,0.0,True,False,11,False,0,0,0.946,,False,normal_variation,up
2020-06-26,False,41.75,1.048,False,0.0,0.617,False,True,8,False,0,4,0.102,high,False,normal_variation,down
2020-06-29,False,41.75,0.832,False,0.59,0.0,True,False,10,False,4,0,0.995,,False,normal_variation,up
2020-06-30,False,42.62,0.493,False,2.036,0.0,True,False,8,False,4,0,0.804,low,False,normal_variation,up
2020-07-01,False,49.25,0.355,True,0.486,0.143,True,False,12,False,3,0,0.544,,False,normal_variation,up
2020-07-02,False,49.25,0.437,False,0.0,0.965,False,True,10,False,0,4,0.172,,False,normal_variation,down
2020-07-06,False,49.25,0.396,True,0.0,0.0,False,False,11,False,0,0,0.731,,False,nontrend,
2020-07-07,False,49.25,0.431,False,0.224,0.741,True,True,8,False,0,0,0.096,,False,neutral_extreme,down
2020-07-08,False,49.25,0.447,False,0.0,0.648,False,True,9,False,0,0,0.945,,False,normal_variation,down
2020-07-09,False,49.25,0.518,False,0.0,1.539,False,True,7,False,0,0,0.587,high,False,normal_variation,down
2020-07-10,False,59.5,0.391,True,1.204,0.0,True,False,6,False,1,0,0.951,,False,trend,up
2020-07-13,False,53.25,0.357,True,0.855,2.658,True,True,7,False,2,0,0.087,,False,neutral_extreme,down
2020-07-14,False,53.25,0.624,False,1.203,0.0,True,False,8,False,3,0,0.942,,False,normal_variation,up
2020-07-15,False,53.25,0.282,True,0.283,1.233,True,True,10,False,0,0,0.695,,False,neutral_center,
2020-07-16,False,47.25,0.296,True,0.554,0.0,True,False,12,False,0,0,0.782,,False,normal_variation,up
2020-07-17,False,47.25,0.46,False,0.287,0.034,True,False,10,False,0,0,0.696,,False,normal_variation,up
2020-07-20,False,47.25,0.434,False,1.207,0.0,True,False,6,False,2,0,0.829,,False,normal_variation,up
2020-07-21,False,44.25,0.328,True,0.0,1.034,False,True,11,False,0,0,0.347,,False,normal_variation,down
2020-07-22,False,43.75,0.366,True,0.672,0.031,True,False,10,False,0,0,0.853,low,False,normal_variation,up
2020-07-23,False,43.75,0.394,True,0.0,2.333,False,True,6,False,0,0,0.252,,True,double_distribution_trend,down
2020-07-24,False,43.75,0.503,False,0.136,0.125,False,False,11,False,0,0,0.595,,False,normal,
2020-07-27,False,42.0,0.512,False,0.233,0.0,True,False,11,False,0,0,0.896,,False,normal_variation,up
2020-07-28,False,39.75,0.44,False,0.357,0.257,True,True,10,False,1,0,0.133,,False,neutral_extreme,down
2020-07-29,False,37.0,0.351,True,1.846,0.0,True,False,7,False,3,0,0.818,low,False,normal_variation,up
2020-07-30,False,36.62,0.778,False,0.711,0.0,True,False,8,False,2,0,0.903,,False,normal_variation,up
2020-07-31,False,37.38,0.997,False,0.128,0.289,False,True,8,False,0,0,0.995,,False,normal_variation,down
2020-08-03,False,37.38,0.415,False,0.226,0.0,True,False,11,False,0,0,0.539,,False,normal_variation,up
2020-08-04,False,37.38,0.395,True,0.542,0.0,True,False,10,False,5,0,0.978,low,False,normal_variation,up
2020-08-05,False,36.62,0.253,True,0.27,0.027,True,False,13,False,0,0,0.729,,False,normal_variation,up
2020-08-06,False,33.25,0.383,True,1.431,0.196,True,False,6,False,0,0,0.955,low,True,double_distribution_trend,up
2020-08-07,False,31.5,0.405,False,0.51,0.412,True,True,11,False,4,0,0.918,,False,neutral_extreme,up
2020-08-10,False,29.12,0.309,True,0.222,1.917,True,True,11,False,0,0,0.92,,False,neutral_extreme,up
2020-08-11,False,28.5,0.623,False,0.141,1.972,False,True,8,False,0,0,0.154,,True,double_distribution_trend,down
2020-08-12,False,28.5,0.623,False,0.634,0.0,True,False,9,False,3,0,0.69,low,False,normal_variation,up
2020-08-13,False,28.5,0.544,False,0.177,0.403,False,True,10,False,0,0,0.418,,False,normal_variation,down
2020-08-14,False,28.5,0.36,True,0.488,0.22,True,True,11,False,1,0,0.671,,False,neutral_center,
2020-08-17,False,28.25,0.248,True,0.25,0.0,True,False,13,False,0,0,0.486,,False,normal_variation,up
2020-08-18,False,28.0,0.821,False,0.033,0.076,False,False,9,False,0,0,0.804,,False,normal,
2020-08-19,False,27.5,0.218,True,0.708,3.333,True,True,9,False,1,0,0.207,,False,neutral_center,
2020-08-20,False,28.0,0.759,False,0.682,0.0,True,False,7,False,3,0,0.86,low,False,normal_variation,up
2020-08-21,False,28.0,0.446,False,0.72,0.0,True,False,10,False,0,0,0.884,,False,normal_variation,up
2020-08-24,False,27.38,0.402,False,0.545,0.273,True,True,13,False,0,0,0.95,,False,neutral_extreme,up
2020-08-25,False,26.88,0.456,False,0.408,0.204,True,True,9,False,0,0,0.937,,False,neutral_extreme,up
2020-08-26,False,25.0,0.3,True,3.933,0.0,True,False,7,False,0,0,0.919,,False,trend,up
2020-08-27,False,25.0,0.82,False,0.195,0.439,False,True,10,False,0,0,0.522,,False,normal_variation,down
2020-08-28,False,25.0,0.42,False,1.095,0.381,True,True,10,False,0,0,0.933,,False,neutral_extreme,up
2020-08-31,False,25.0,0.34,True,0.794,0.882,True,True,12,False,4,0,0.099,,False,neutral_extreme,down
2020-09-01,False,25.0,0.87,False,0.598,0.0,True,False,9,False,1,0,0.957,,False,normal_variation,up
2020-09-02,False,25.75,0.612,False,2.381,0.0,True,False,6,False,3,0,0.803,,False,normal_variation,up
2020-09-03,False,27.12,1.631,False,0.0,2.141,False,True,7,False,0,2,0.207,high,True,double_distribution_trend,down
2020-09-04,False,27.12,3.226,False,0.0,0.48,False,True,7,False,0,0,0.6,,False,normal_variation,down
2020-09-08,False,28.62,1.319,False,0.119,0.258,False,True,10,False,0,0,0.091,,False,normal_variation,down
2020-09-09,False,29.62,1.097,False,0.815,0.0,True,False,6,False,3,0,0.534,,False,normal_variation,up
2020-09-10,False,29.62,0.447,False,0.0,6.321,False,True,7,False,0,1,0.111,high,True,double_distribution_trend,down
2020-09-11,False,31.88,0.902,False,0.139,0.939,False,True,8,False,0,0,0.519,,False,normal_variation,down
2020-09-14,False,34.12,1.004,False,0.0,0.0,False,False,8,False,0,0,0.431,,False,normal,
2020-09-15,False,34.5,0.333,True,0.0,1.652,False,True,9,False,0,3,0.385,,False,normal_variation,down
2020-09-16,False,34.5,0.312,True,1.186,2.07,True,True,10,False,4,3,0.066,,False,neutral_extreme,down
2020-09-17,False,35.25,1.043,False,0.238,0.054,True,False,9,False,0,0,0.621,,False,normal_variation,up
2020-09-18,False,36.38,0.687,False,0.0,2.06,False,True,5,True,0,1,0.353,high,False,normal_variation,down
2020-09-21,False,41.38,0.979,False,0.13,0.198,False,False,11,False,0,0,0.981,,False,normal,
2020-09-22,False,46.62,0.461,False,0.826,0.535,True,True,8,False,2,0,0.887,,False,neutral_extreme,up
2020-09-23,False,49.12,0.473,False,0.0,2.935,False,True,5,True,0,2,0.063,high,True,double_distribution_trend,down
2020-09-24,False,51.38,0.944,False,0.448,0.0,True,False,8,False,0,0,0.53,,False,normal_variation,up
2020-09-25,False,52.62,0.508,False,2.0,0.0,True,False,5,True,0,0,0.891,,False,trend,up
2020-09-28,False,53.5,0.463,False,0.172,0.0,False,False,9,False,0,0,0.733,,False,normal,
2020-09-29,False,53.5,0.248,True,0.0,1.396,False,True,8,False,0,2,0.26,,False,normal_variation,down
2020-09-30,False,53.5,0.607,False,0.623,0.062,True,False,9,False,2,0,0.37,low,False,normal_variation,up
2020-10-01,False,54.25,0.585,False,0.0,0.181,False,False,13,False,0,0,0.54,,False,normal,
2020-10-02,False,54.25,0.774,False,0.143,0.0,False,False,12,False,0,0,0.562,,False,normal,
2020-10-05,False,52.88,0.34,True,1.194,0.0,True,False,8,False,4,0,0.937,low,False,normal_variation,up
2020-10-06,False,51.38,0.292,True,1.067,3.133,True,True,9,False,1,5,0.071,,True,neutral_extreme,down
2020-10-07,False,52.25,0.273,True,1.509,0.0,True,False,8,False,1,0,0.727,low,False,normal_variation,up
2020-10-08,False,49.38,0.243,True,0.333,0.333,True,True,12,False,0,0,0.938,,False,neutral_extreme,up
2020-10-09,False,47.75,0.251,True,1.042,0.0,True,False,9,False,0,0,0.786,,False,normal_variation,up
2020-10-12,False,46.62,0.247,True,3.326,0.0,True,False,8,False,1,0,0.678,,True,double_distribution_trend,up
2020-10-13,False,47.75,0.366,True,0.0,0.9,False,True,11,False,0,0,0.323,high,False,normal_variation,down
2020-10-14,False,47.75,0.393,True,0.0,1.573,False,True,9,False,0,0,0.176,,True,double_distribution_trend,down
2020-10-15,False,48.12,0.54,False,0.904,0.0,True,False,6,False,3,0,0.894,,False,normal_variation,up
2020-10-16,False,48.88,0.496,False,0.031,0.474,False,True,11,False,0,0,0.041,,False,normal_variation,down
2020-10-19,False,48.12,0.519,False,0.0,2.32,False,True,6,False,0,1,0.123,high,False,trend,down
2020-10-20,False,48.12,0.483,False,0.688,0.161,True,False,9,False,0,0,0.174,,False,normal_variation,up
2020-10-21,False,45.5,0.56,False,0.0,0.284,False,True,10,False,0,0,0.084,,False,normal_variation,down
2020-10-22,False,41.25,0.545,False,0.656,0.4,True,True,6,False,1,0,0.881,,False,neutral_extreme,up
2020-10-23,False,41.25,0.388,True,0.0,0.812,False,True,9,False,0,0,0.922,high,False,normal_variation,down
2020-10-26,False,38.5,0.383,True,0.0,4.017,False,True,8,False,0,0,0.52,,False,normal_variation,down
2020-10-27,False,41.25,0.479,False,0.025,0.063,False,False,11,False,0,0,0.151,,False,normal,
2020-10-28,False,41.25,1.127,False,0.0,0.452,False,True,11,False,0,5,0.089,,False,normal_variation,down
2020-10-29,False,41.25,0.982,False,1.062,0.0,True,False,7,False,0,0,0.593,,False,normal_variation,up
2020-10-30,False,44.62,1.076,False,0.0,0.484,False,True,10,False,0,2,0.565,,False,normal_variation,down
2020-11-02,False,44.62,0.768,False,0.0,0.504,False,True,9,False,0,0,0.578,,False,normal_variation,down
2020-11-03,False,47.25,1.042,False,0.041,0.0,False,False,8,False,0,0,0.541,,False,normal,
2020-11-04,False,47.25,1.466,False,0.217,0.0,True,False,8,False,0,0,0.466,,False,normal_variation,up
2020-11-05,False,48.88,0.691,False,0.0,0.0,False,False,11,False,0,0,0.407,,False,normal,
2020-11-06,False,48.88,0.547,False,0.467,0.0,True,False,11,False,5,0,0.643,,False,normal_variation,up
2020-11-09,False,48.88,0.824,False,0.0,1.584,False,True,8,False,0,4,0.05,high,False,normal_variation,down
2020-11-10,False,48.88,0.547,False,0.234,0.486,True,True,12,False,0,0,0.766,,False,neutral_center,
2020-11-11,False,48.88,0.312,True,0.639,0.033,True,False,7,False,0,0,0.618,,False,normal_variation,up
2020-11-12,False,47.88,0.334,True,0.125,2.141,False,True,7,False,0,2,0.392,,False,normal_variation,down
2020-11-13,False,48.75,0.251,True,2.184,0.286,True,True,5,True,3,0,0.806,,False,neutral_extreme,up
2020-11-16,False,48.75,0.395,True,0.545,0.0,True,False,9,False,6,0,0.992,,False,normal_variation,up
2020-11-17,False,46.12,0.396,True,0.973,0.0,True,False,7,False,1,0,0.646,,False,normal_variation,up
2020-11-18,False,46.12,0.222,True,0.195,4.0,False,True,8,False,0,1,0.009,,False,trend,down
2020-11-19,False,48.75,0.462,False,0.8,0.0,True,False,9,False,0,0,0.883,,False,normal_variation,up
2020-11-20,False,48.62,0.319,True,0.0,0.597,False,True,13,False,0,1,0.03,high,False,normal_variation,down
2020-11-23,False,48.62,0.571,False,0.0,0.414,False,True,8,False,0,0,0.682,,False,normal_variation,down
2020-11-24,False,44.25,0.401,False,1.563,0.0,True,False,9,False,1,0,0.863,,False,trend,up
2020-11-25,False,45.75,0.366,True,0.0,0.0,False,False,13,False,0,0,0.716,high,False,nontrend,
2020-11-27,True,44.0,0.159,True,0.0,1.357,False,True,6,False,0,1,0.652,,False,normal_variation,down
2020-11-30,False,41.5,0.476,False,0.0,0.987,False,True,10,False,0,0,0.726,high,False,normal_variation,down
2020-12-01,False,39.88,0.633,False,0.079,0.0,False,False,10,False,0,0,0.385,,False,normal,
2020-12-02,False,39.25,0.395,True,0.774,0.0,True,False,10,False,3,0,0.936,,False,normal_variation,up
2020-12-03,False,39.25,0.331,True,0.192,0.865,False,True,10,False,0,0,0.439,,False,normal_variation,down
2020-12-04,False,37.62,0.412,False,0.726,0.0,True,False,11,False,4,0,0.991,low,False,normal_variation,up
2020-12-07,False,37.62,0.173,True,0.231,1.731,True,True,8,False,0,3,0.727,,False,neutral_center,
2020-12-08,False,32.88,0.342,True,1.8,0.0,True,False,7,False,1,0,0.802,low,False,trend,up
2020-12-09,False,30.62,0.547,False,0.0,2.045,False,True,6,False,0,1,0.181,high,False,trend,down
2020-12-10,False,30.62,1.045,False,0.078,0.0,False,False,12,False,0,0,0.674,,False,normal,
2020-12-11,False,33.0,0.508,False,0.388,0.597,True,True,6,False,0,0,0.91,,False,neutral_extreme,up
2020-12-14,False,32.38,0.456,False,0.034,2.627,False,True,6,False,0,0,0.023,,False,trend,down
2020-12-15,False,32.38,0.417,False,1.278,0.389,True,True,6,False,0,0,0.986,,True,neutral_extreme,up
2020-12-16,False,33.88,0.354,True,0.938,0.0,True,False,11,False,4,0,0.581,,False,normal_variation,up
2020-12-17,False,32.38,0.363,True,0.0,0.277,False,True,11,False,0,0,0.767,,False,normal_variation,down
2020-12-18,False,29.5,0.907,False,0.0,0.542,False,True,9,False,0,2,0.558,high,False,normal_variation,down
2020-12-21,False,29.5,1.551,False,0.514,0.0,True,False,5,True,0,0,0.874,,False,normal_variation,up
2020-12-22,False,32.38,0.371,True,0.083,0.854,False,True,11,False,0,0,0.538,high,False,normal_variation,down
2020-12-23,False,29.5,0.331,True,0.436,0.872,True,True,11,False,0,0,0.078,,False,neutral_extreme,down
2020-12-24,True,27.38,0.256,True,0.571,0.75,True,True,7,False,0,1,0.8,,False,neutral_extreme,up
2020-12-28,False,27.38,0.411,False,0.444,0.0,True,False,10,False,0,0,0.723,,False,normal_variation,up
2020-12-29,False,27.38,0.804,False,0.0,0.443,False,True,7,False,0,0,0.213,high,False,normal_variation,down
2020-12-30,False,27.38,0.301,True,0.0,0.848,False,True,11,False,0,0,0.262,,False,normal_variation,down
2020-12-31,False,27.12,0.359,True,2.615,0.0,True,False,10,False,0,0,0.752,,False,normal_variation,up
2021-01-04,False,29.12,1.159,False,0.0,2.185,False,True,8,False,0,0,0.381,high,False,normal_variation,down
2021-01-05,False,31.62,0.909,False,0.557,0.0,True,False,6,False,0,0,0.721,low,False,normal_variation,up
2021-01-06,False,32.5,1.5,False,0.621,0.0,True,False,7,False,0,0,0.566,low,False,normal_variation,up
2021-01-07,False,33.88,0.989,False,0.201,0.0,True,False,12,False,0,0,0.783,low,False,normal_variation,up
2021-01-08,False,34.88,0.674,False,0.117,0.766,False,True,9,False,0,0,0.949,,False,normal_variation,down
2021-01-11,False,34.88,0.624,False,0.356,0.0,True,False,9,False,0,0,0.381,low,False,normal_variation,up
2021-01-12,False,34.25,0.591,False,0.074,0.667,False,True,10,False,0,0,0.702,,False,normal_variation,down
2021-01-13,False,35.25,0.426,False,1.05,0.0,True,False,7,False,2,0,0.642,,False,normal_variation,up
2021-01-14,False,33.5,0.276,True,0.0,2.216,False,True,10,False,0,0,0.134,,False,trend,down
2021-01-15,False,31.25,1.248,False,0.0,0.0,False,False,10,False,0,0,0.519,,False,normal,
2021-01-19,False,33.5,0.522,False,0.257,0.157,True,False,8,False,0,0,0.727,,False,normal_variation,up
2021-01-20,False,33.5,0.664,False,0.854,0.0,True,False,7,False,4,0,0.764,,False,normal_variation,up
2021-01-21,False,33.5,0.478,False,0.078,0.0,False,False,9,False,0,0,0.565,,False,normal,
2021-01-22,False,31.25,0.44,False,0.564,0.091,True,False,9,False,4,0,0.462,,False,normal_variation,up
2021-01-25,False,31.25,0.48,False,0.0,3.233,False,True,9,False,0,0,0.945,,False,normal_variation,down
2021-01-26,False,33.5,0.597,False,0.0,0.112,False,False,12,False,0,0,0.112,,False,normal,
2021-01-27,False,33.5,1.41,False,0.0,0.767,False,True,9,False,0,0,0.308,high,False,normal_variation,down
2021-01-28,False,35.25,1.241,False,0.394,0.0,True,False,7,False,1,0,0.283,low,False,normal_variation,up
2021-01-29,False,37.12,0.949,False,0.014,1.39,False,True,8,False,0,1,0.23,,False,normal_variation,down
2021-02-01,False,39.62,0.757,False,0.992,0.0,True,False,6,False,1,0,0.795,,False,normal_variation,up
2021-02-02,False,40.75,0.736,False,0.225,0.0,True,False,11,False,0,0,0.531,low,False,normal_variation,up
2021-02-03,False,39.62,0.593,False,0.266,0.106,True,False,9,False,1,0,0.442,,False,normal_variation,up
2021-02-04,False,37.88,0.442,False,1.104,0.0,True,False,6,False,2,0,0.986,low,False,normal_variation,up
2021-02-05,False,36.0,0.493,False,0.113,0.0,False,False,11,False,0,0,0.595,,False,normal,
2021-02-08,False,35.25,0.22,True,0.903,0.968,True,True,11,False,0,0,0.989,,False,neutral_extreme,up
2021-02-09,False,33.75,0.37,True,0.38,0.0,True,False,9,False,2,0,0.638,,False,normal_variation,up
2021-02-10,False,33.75,1.059,False,0.0,0.336,False,True,10,False,0,0,0.55,high,False,normal_variation,down
2021-02-11,False,33.75,0.415,False,0.0,1.571,False,True,8,False,0,0,0.743,,False,normal_variation,down
2021-02-12,False,35.62,0.281,True,2.175,0.0,True,False,9,False,3,0,0.937,low,False,normal_variation,up
2021-02-16,False,35.62,0.379,True,0.0,0.944,False,True,12,False,0,0,0.324,high,False,normal_variation,down
2021-02-17,False,33.75,0.719,False,0.381,0.0,True,False,9,False,0,0,0.94,,False,normal_variation,up
2021-02-18,False,34.38,0.705,False,0.505,0.062,True,False,8,False,1,0,0.803,,False,normal_variation,up
2021-02-19,False,34.38,0.364,True,0.08,1.2,False,True,7,False,0,4,0.167,,False,normal_variation,down
2021-02-22,False,34.38,0.545,False,0.56,0.0,True,False,9,False,0,0,0.154,,False,normal_variation,up
2021-02-23,False,34.38,1.324,False,0.923,0.0,True,False,9,False,5,0,0.837,,False,normal_variation,up
2021-02-24,False,34.38,0.713,False,1.867,0.0,True,False,6,False,3,0,0.925,,True,double_distribution_trend,up
2021-02-25,False,35.62,0.744,False,0.0,3.208,False,True,7,False,0,1,0.146,,True,double_distribution_trend,down
2021-02-26,False,35.62,1.874,False,0.101,0.0,False,False,11,False,0,0,0.279,,False,normal,
2021-03-01,False,35.62,0.8,False,0.895,0.0,True,False,8,False,2,0,0.736,low,False,normal_variation,up
2021-03-02,False,35.62,0.723,False,0.0,0.476,False,True,10,False,0,4,0.072,high,False,normal_variation,down
2021-03-03,False,35.62,1.046,False,0.0,0.477,False,True,8,False,0,1,0.027,,False,normal_variation,down
2021-03-04,False,35.62,1.34,False,0.136,1.414,False,True,7,False,0,0,0.402,,True,double_distribution_trend,down
2021-03-05,False,37.0,1.304,False,0.87,0.648,True,True,5,True,1,0,0.901,,False,neutral_extreme,up
2021-03-08,False,38.0,1.105,False,0.173,0.315,False,True,8,False,0,0,0.056,,False,normal_variation,down
2021-03-09,False,42.88,0.776,False,0.383,0.0,True,False,8,False,0,0,0.386,,False,normal_variation,up
2021-03-10,False,46.88,0.539,False,0.188,0.109,False,False,11,False,0,0,0.42,,False,normal,
2021-03-11,False,46.88,0.331,True,1.548,0.0,True,False,8,False,1,0,0.443,,False,normal_variation,up
2021-03-12,False,42.75,0.427,False,0.63,0.041,True,False,10,False,0,0,0.959,,False,normal_variation,up
2021-03-15,False,42.75,0.304,True,1.577,1.019,True,True,7,False,2,0,0.952,,False,neutral_extreme,up
2021-03-16,False,46.38,0.199,True,0.216,1.811,True,True,8,False,0,1,0.321,,False,neutral_center,
2021-03-17,False,46.38,0.253,True,2.681,0.447,True,True,10,False,0,0,0.804,,False,neutral_extreme,up
2021-03-18,False,47.62,0.299,True,0.947,2.14,True,True,9,False,0,0,0.094,,False,neutral_extreme,down
2021-03-19,False,51.25,0.595,False,0.459,0.0,True,False,9,False,3,0,0.517,,False,normal_variation,up
2021-03-22,False,51.25,0.337,True,1.377,0.0,True,False,5,True,1,0,0.634,low,False,normal_variation,up
2021-03-23,False,51.25,0.283,True,0.328,1.983,True,True,10,False,0,4,0.177,,False,neutral_extreme,down
2021-03-24,False,48.25,0.363,True,0.429,1.571,True,True,8,False,0,0,0.0,,False,neutral_extreme,down
2021-03-25,False,48.25,0.472,False,1.418,0.495,True,True,6,False,3,0,0.868,,False,neutral_extreme,up
2021-03-26,False,48.25,0.254,True,3.531,0.469,True,True,9,False,4,5,0.918,,False,neutral_extreme,up
2021-03-29,False,48.25,0.544,False,0.4,0.105,True,False,8,False,3,0,0.759,,False,normal_variation,up
2021-03-30,False,47.38,0.364,True,0.42,0.0,True,False,12,False,0,0,0.745,,False,normal_variation,up
2021-03-31,False,47.38,0.269,True,1.137,0.0,True,False,8,False,1,0,0.45,low,False,normal_variation,up
2021-04-01,False,46.38,0.237,True,1.364,0.0,True,False,8,False,2,0,0.942,,False,normal_variation,up
2021-04-05,False,45.25,0.475,False,0.686,0.0,True,False,9,False,1,0,0.814,low,False,normal_variation,up
2021-04-06,False,42.75,0.398,True,0.015,0.029,False,False,11,False,0,0,0.352,,False,nontrend,
2021-04-07,False,40.25,0.236,True,0.132,0.474,False,True,12,False,0,1,0.738,,False,normal_variation,down
2021-04-08,False,39.5,0.278,True,0.545,0.0,True,False,10,False,3,0,0.956,,False,normal_variation,up
2021-04-09,False,39.5,0.247,True,2.564,0.0,True,False,6,False,2,0,0.935,low,False,normal_variation,up
2021-04-12,False,37.88,0.284,True,0.419,0.233,True,True,11,False,4,0,0.845,,False,neutral_extreme,up
2021-04-13,False,37.88,0.271,True,1.366,0.0,True,False,9,False,0,0,0.701,,False,normal_variation,up
2021-04-14,False,35.5,0.366,True,0.115,1.269,False,True,9,False,0,0,0.226,,False,normal_variation,down
2021-04-15,False,35.5,0.246,True,1.886,0.0,True,False,10,False,5,0,0.871,low,False,normal_variation,up
2021-04-16,False,32.88,0.51,False,0.299,0.0,True,False,10,False,0,0,0.713,,False,normal_variation,up
2021-04-19,False,29.12,0.575,False,0.0,0.776,False,True,10,False,0,0,0.521,,False,normal_variation,down
2021-04-20,False,28.5,0.351,True,0.0,3.05,False,True,9,False,0,0,0.395,,False,normal_variation,down
2021-04-21,False,28.5,0.965,False,0.8,0.0,True,False,7,False,2,0,0.949,low,False,normal_variation,up
2021-04-22,False,28.5,0.5,False,0.579,2.386,True,True,6,False,2,0,0.212,,False,neutral_center,
2021-04-23,False,28.5,0.596,False,2.235,0.0,True,False,7,False,2,0,0.709,low,False,normal_variation,up
2021-04-26,False,28.5,0.342,True,0.051,0.256,False,True,12,False,0,0,0.549,,False,normal_variation,down
2021-04-27,False,26.62,0.638,False,0.088,0.0,False,False,12,False,0,0,0.662,,False,normal,
2021-04-28,False,25.62,0.449,False,0.478,0.348,True,True,12,False,0,0,0.25,,False,neutral_center,
2021-04-29,False,25.62,0.81,False,0.0,1.072,False,True,6,False,0,0,0.831,high,False,normal_variation,down
2021-04-30,False,25.62,0.449,False,0.0,0.913,False,True,12,False,0,6,0.455,,False,normal_variation,down
2021-05-03,False,24.75,0.505,False,0.0,0.72,False,True,10,False,0,4,0.244,,False,normal_variation,down
2021-05-04,False,23.12,1.514,False,0.0,0.421,False,True,10,False,0,0,0.809,,False,normal_variation,down
2021-05-05,False,24.75,1.02,False,0.069,0.0,False,False,10,False,0,0,0.296,high,False,normal,
2021-05-06,False,26.12,1.014,False,1.085,0.0,True,False,7,False,4,0,0.977,,False,normal_variation,up
2021-05-07,False,28.38,1.242,False,0.043,0.0,False,False,11,False,0,0,0.789,,False,normal,
2021-05-10,False,28.38,0.37,True,0.0,3.69,False,True,7,False,0,4,0.041,high,True,double_distribution_trend,down
2021-05-11,False,30.38,1.144,False,0.0,0.511,False,True,12,False,0,0,0.81,,False,normal_variation,down
2021-05-12,False,33.88,0.672,False,0.0,2.429,False,True,8,False,0,2,0.087,,False,normal_variation,down
2021-05-13,False,38.62,1.152,False,0.202,0.0,True,False,10,False,0,0,0.603,low,False,normal_variation,up
2021-05-14,False,41.75,0.491,False,1.122,0.0,True,False,4,True,0,0,0.787,low,False,normal_variation,up
2021-05-17,False,43.25,0.526,False,0.0,0.341,False,True,11,False,0,0,0.721,,False,normal_variation,down
2021-05-18,False,43.25,0.37,True,0.0,1.688,False,True,9,False,0,1,0.058,high,False,trend,down
2021-05-19,False,43.25,0.543,False,1.447,0.0,True,False,8,False,3,0,0.974,,False,normal_variation,up
2021-05-20,False,43.25,0.468,False,1.469,0.0,True,False,8,False,4,0,0.725,low,False,normal_variation,up
2021-05-21,False,43.25,0.341,True,0.0,1.576,False,True,8,False,0,0,0.145,,False,trend,down
2021-05-24,False,43.0,0.523,False,0.456,0.0,True,False,8,False,0,0,0.641,low,False,normal_variation,up
2021-05-25,False,43.0,0.349,True,0.0,1.05,False,True,8,False,0,1,0.211,,False,normal_variation,down
2021-05-26,False,43.0,0.331,True,0.298,0.0,True,False,11,False,1,0,0.716,,False,normal_variation,up
2021-05-27,False,43.0,0.198,True,0.088,0.765,False,True,9,False,0,1,0.048,,False,normal_variation,down
2021-05-28,False,40.5,0.284,True,0.13,0.13,False,False,12,False,0,0,0.172,,False,nontrend,
2021-06-01,False,40.5,0.698,False,0.0,0.239,False,True,10,False,0,0,0.121,high,False,normal_variation,down
2021-06-02,False,40.5,0.358,True,0.172,0.172,False,False,8,False,0,0,0.551,,False,nontrend,
2021-06-03,False,37.38,0.515,False,0.935,0.0,True,False,10,False,0,0,0.685,,False,normal_variation,up
2021-06-04,False,37.62,0.259,True,1.333,0.0,True,False,7,False,2,0,0.835,low,False,normal_variation,up
2021-06-07,False,37.0,0.351,True,0.0,0.231,False,True,10,False,0,0,0.672,,False,normal_variation,down
2021-06-08,False,36.12,0.471,False,0.0,0.721,False,True,10,False,0,0,0.675,high,False,normal_variation,down
2021-06-09,False,33.88,0.266,True,0.0,1.0,False,True,10,False,0,0,0.125,high,False,trend,down
2021-06-10,False,31.75,0.535,False,0.0,0.809,False,True,12,False,0,0,0.659,,False,normal_variation,down
2021-06-11,False,30.75,0.317,True,0.0,0.641,False,True,10,False,0,1,0.922,,False,normal_variation,down
2021-06-14,False,30.62,0.359,True,0.864,0.227,True,True,11,False,0,0,0.989,,False,neutral_extreme,up
2021-06-15,False,29.88,0.418,False,0.0,0.6,False,True,11,False,0,0,0.462,high,False,normal_variation,down
2021-06-16,False,26.12,0.287,True,0.0,5.833,False,True,6,False,0,0,0.459,high,False,normal_variation,down
2021-06-17,False,26.12,0.699,False,0.068,0.973,False,True,11,False,0,0,0.725,,False,normal_variation,down
2021-06-18,False,26.12,0.67,False,0.0,0.829,False,True,13,False,0,5,0.094,,False,normal_variation,down
2021-06-21,False,26.12,1.254,False,0.573,0.0,True,False,7,False,3,0,0.956,,True,double_distribution_trend,up
2021-06-22,False,26.12,0.498,False,2.058,0.0,True,False,8,False,2,0,0.761,,False,normal_variation,up
2021-06-23,False,26.12,0.402,False,0.0,0.5,False,True,13,False,0,2,0.079,,False,normal_variation,down
2021-06-24,False,22.88,0.339,True,0.065,0.161,False,False,12,False,0,0,0.5,,False,nontrend,
2021-06-25,False,22.88,0.404,False,0.73,0.0,True,False,11,False,1,0,0.625,,False,normal_variation,up
2021-06-28,False,22.88,0.536,False,0.327,0.122,True,False,9,False,0,0,0.901,,False,normal_variation,up
2021-06-29,False,22.88,0.23,True,0.381,1.286,True,True,9,False,0,1,0.393,,False,neutral_center,
2021-06-30,False,21.38,0.386,True,1.0,0.0,True,False,13,False,4,0,0.545,low,False,normal_variation,up
2021-07-01,False,21.38,0.409,False,1.143,0.0,True,False,8,False,1,0,0.92,low,False,trend,up
2021-07-02,False,19.38,0.335,True,3.308,0.0,True,False,6,False,2,0,0.857,,False,normal_variation,up
2021-07-06,False,19.38,1.11,False,0.0,0.884,False,True,6,False,0,1,0.722,high,False,normal_variation,down
2021-07-07,False,21.5,0.779,False,0.343,0.627,True,True,9,False,0,0,0.894,,False,neutral_extreme,up
2021-07-08,False,21.5,0.977,False,1.024,0.0,True,False,7,False,0,0,0.829,,False,trend,up
2021-07-09,False,25.5,0.824,False,0.702,0.0,True,False,7,False,2,0,0.895,low,False,normal_variation,up
2021-07-12,False,25.5,0.588,False,0.633,0.0,True,False,8,False,1,0,0.878,,False,normal_variation,up
2021-07-13,False,26.25,0.39,True,0.634,0.829,True,True,7,False,1,0,0.119,,False,neutral_extreme,down
2021-07-14,False,26.62,0.46,False,0.0,1.449,False,True,9,False,0,0,0.442,,False,normal_variation,down
2021-07-15,False,29.0,0.543,False,0.0,0.794,False,True,9,False,0,0,0.726,,False,normal_variation,down
2021-07-16,False,28.12,1.04,False,0.0,0.761,False,True,8,False,0,0,0.092,high,False,normal_variation,down
2021-07-19,False,28.12,1.449,False,0.0,0.178,False,False,9,False,0,0,0.646,,False,normal,
2021-07-20,False,28.12,1.662,False,0.631,0.0,True,False,7,False,3,0,0.813,,False,normal_variation,up
2021-07-21,False,28.12,0.569,False,0.641,0.0,True,False,10,False,2,0,0.962,low,False,normal_variation,up
2021-07-22,False,27.12,0.415,False,0.622,0.222,True,True,8,False,3,0,0.88,,False,neutral_extreme,up
2021-07-23,False,27.12,0.323,True,3.086,0.0,True,False,7,False,1,0,0.874,,False,trend,up
2021-07-26,False,28.12,0.356,True,0.775,0.025,True,False,9,False,3,0,0.972,low,False,normal_variation,up
2021-07-27,False,28.12,0.667,False,0.0,1.093,False,True,6,False,0,0,0.771,high,False,normal_variation,down
2021-07-28,False,29.12,0.601,False,0.271,0.457,True,True,11,False,0,0,0.504,,False,neutral_center,
2021-07-29,False,30.12,0.432,False,0.538,0.0,True,False,9,False,0,0,0.462,low,False,normal_variation,up
2021-07-30,False,30.12,0.705,False,0.0,0.071,False,False,13,False,0,0,0.341,low,False,normal,
2021-08-02,False,30.12,0.415,False,0.0,1.94,False,True,8,False,0,2,0.075,,False,normal_variation,down
2021-08-03,False,31.62,0.814,False,1.01,0.0,True,False,6,False,1,0,0.971,,False,trend,up
2021-08-04,False,31.62,0.308,True,0.0,0.744,False,True,11,False,0,0,0.162,,False,normal_variation,down
2021-08-05,False,30.12,0.357,True,0.93,0.0,True,False,13,False,6,0,0.94,,False,normal_variation,up
2021-08-06,False,29.12,0.395,True,0.0,0.0,False,False,13,False,0,0,0.652,,False,nontrend,
2021-08-09,False,27.25,0.56,False,0.0,0.0,False,False,10,False,0,0,0.574,,False,normal,
2021-08-10,False,27.25,0.45,False,0.0,0.306,False,True,11,False,0,0,0.5,,False,normal_variation,down
2021-08-11,False,27.25,0.239,True,0.0,0.923,False,True,10,False,0,0,0.88,high,False,normal_variation,down
2021-08-12,False,24.5,0.398,True,1.667,0.0,True,False,5,True,2,0,0.933,,False,normal_variation,up
2021-08-13,False,24.38,0.318,True,0.161,0.0,False,False,13,False,0,0,0.944,,False,nontrend,
2021-08-16,False,21.75,0.839,False,1.288,0.027,True,False,4,True,0,0,0.976,,False,trend,up
2021-08-17,False,21.75,0.724,False,0.095,1.556,False,True,7,False,0,0,0.784,,False,normal_variation,down
2021-08-18,False,21.75,0.897,False,0.0,1.936,False,True,9,False,0,0,0.052,,False,trend,down
2021-08-19,False,21.75,1.793,False,0.288,0.0,True,False,9,False,0,0,0.751,low,False,normal_variation,up
2021-08-20,False,24.38,1.354,False,0.227,0.0,True,False,8,False,0,0,0.901,,False,normal_variation,up
2021-08-23,False,24.38,0.872,False,0.482,0.0,True,False,10,False,2,0,0.69,low,False,normal_variation,up
2021-08-24,False,28.12,0.338,True,0.158,0.0,False,False,10,False,0,0,0.5,,False,nontrend,
2021-08-25,False,24.38,0.318,True,1.226,0.0,True,False,9,False,4,0,0.681,,False,normal_variation,up
2021-08-26,False,21.75,1.046,False,0.0,0.187,False,False,9,False,0,0,0.037,high,False,normal,
2021-08-27,False,24.38,1.169,False,0.272,0.0,True,False,8,False,2,0,0.862,low,False,normal_variation,up
2021-08-30,False,26.5,0.557,False,0.627,0.0,True,False,11,False,0,0,0.635,,False,normal_variation,up
2021-08-31,False,25.0,0.54,False,0.185,0.0,False,False,10,False,0,0,0.484,,False,normal,
2021-09-01,False,22.38,0.391,True,0.514,0.286,True,True,10,False,0,0,0.175,,False,neutral_extreme,down
2021-09-02,False,22.38,0.447,False,0.0,1.125,False,True,9,False,0,0,0.624,,False,normal_variation,down
2021-09-03,False,22.62,0.641,False,0.431,0.0,True,False,8,False,1,0,0.735,,False,normal_variation,up
2021-09-07,False,22.62,0.939,False,0.0,0.0,False,False,9,False,0,0,0.388,high,False,normal,
2021-09-08,False,22.62,0.586,False,0.0,1.132,False,True,10,False,0,0,0.743,,False,normal_variation,down
2021-09-09,False,25.0,0.84,False,0.024,0.833,False,True,6,False,0,0,0.071,,False,normal_variation,down
2021-09-10,False,26.5,1.066,False,0.0,1.186,False,True,7,False,0,3,0.036,high,False,normal_variation,down
2021-09-13,False,27.62,1.267,False,0.0,0.4,False,True,9,False,0,1,0.51,high,False,normal_variation,down
2021-09-14,False,29.88,1.088,False,0.0,0.6,False,True,7,False,0,1,0.202,high,False,normal_variation,down
2021-09-15,False,29.88,0.711,False,1.365,0.0,True,False,6,False,2,0,0.891,,True,double_distribution_trend,up
2021-09-16,False,29.88,1.255,False,0.013,0.14,False,False,7,False,0,0,0.723,,False,normal,
2021-09-17,False,29.88,0.996,False,0.0,0.479,False,True,10,False,0,2,0.085,,False,normal_variation,down
2021-09-20,False,29.88,0.904,False,0.0,1.87,False,True,6,False,0,2,0.681,,False,normal_variation,down
2021-09-21,False,29.88,1.172,False,0.0,0.386,False,True,11,False,0,0,0.129,,False,normal_variation,down
2021-09-22,False,32.25,0.837,False,0.852,0.0,True,False,9,False,4,0,0.555,,False,normal_variation,up
2021-09-23,False,37.62,1.096,False,0.303,0.0,True,False,9,False,0,0,0.67,low,False,normal_variation,up
2021-09-24,False,41.12,0.663,False,0.294,0.0,True,False,12,False,0,0,0.787,low,False,normal_variation,up
2021-09-27,False,41.12,0.468,False,0.117,0.0,False,False,12,False,0,0,0.384,,False,normal,
2021-09-28,False,41.12,1.24,False,0.0,0.402,False,True,11,False,0,2,0.126,high,False,normal_variation,down
2021-09-29,False,43.62,0.676,False,0.034,0.059,False,False,9,False,0,0,0.194,,False,normal,
2021-09-30,False,43.62,0.493,False,0.0,2.686,False,True,6,False,0,3,0.032,high,False,normal_variation,down
2021-10-01,False,46.25,0.951,False,1.011,0.006,True,False,5,True,0,0,0.789,,True,double_distribution_trend,up
2021-10-04,False,48.75,0.856,False,0.0,0.844,False,True,11,False,0,0,0.318,,False,normal_variation,down
2021-10-05,False,49.5,0.899,False,0.376,0.0,True,False,10,False,2,0,0.596,,False,normal_variation,up
2021-10-06,False,50.12,0.758,False,1.007,0.0,True,False,8,False,2,0,0.97,,True,double_distribution_trend,up
2021-10-07,False,51.12,0.68,False,0.0,0.007,False,False,8,False,0,0,0.129,low,False,normal,
2021-10-08,False,51.12,0.381,True,0.0,0.385,False,True,11,False,0,0,0.25,,False,normal_variation,down
2021-10-11,False,50.12,0.678,False,0.0,0.691,False,True,6,False,0,1,0.013,,False,normal_variation,down
2021-10-12,False,51.12,0.509,False,0.0,0.279,False,True,12,False,0,0,0.256,,False,normal_variation,down
2021-10-13,False,50.12,0.768,False,0.195,0.0,False,False,7,False,0,0,0.793,,False,normal,
2021-10-14,False,49.25,0.487,False,0.708,0.0,True,False,7,False,3,0,0.951,,False,normal_variation,up
2021-10-15,False,49.25,0.34,True,0.343,0.0,True,False,9,False,0,0,0.811,,False,normal_variation,up
2021-10-18,False,49.25,0.513,False,0.703,0.0,True,False,10,False,2,0,0.93,,False,normal_variation,up
2021-10-19,False,47.25,0.317,True,0.667,0.0,True,False,9,False,2,0,0.98,,False,normal_variation,up
2021-10-20,False,44.5,0.348,True,0.145,0.0,False,False,11,False,0,0,0.817,low,False,nontrend,
2021-10-21,False,42.0,0.28,True,1.17,0.0,True,False,10,False,3,0,0.912,,False,normal_variation,up
2021-10-22,False,38.12,0.466,False,0.0,1.042,False,True,9,False,0,0,0.579,,False,normal_variation,down
2021-10-25,False,38.62,0.498,False,0.831,0.0,True,False,8,False,0,0,0.894,,False,normal_variation,up
2021-10-26,False,38.62,0.447,False,0.0,0.696,False,True,8,False,0,0,0.137,,False,normal_variation,down
2021-10-27,False,35.75,0.524,False,0.0,0.76,False,True,10,False,0,0,0.008,,False,normal_variation,down
2021-10-28,False,35.75,0.483,False,0.725,0.0,True,False,10,False,3,0,0.966,low,False,normal_variation,up
2021-10-29,False,35.12,0.605,False,0.918,0.0,True,False,7,False,4,0,0.908,low,False,normal_variation,up
2021-11-01,False,35.12,0.726,False,0.0,0.0,False,False,10,False,0,0,0.765,,False,normal,
2021-11-02,False,34.12,0.396,True,0.593,0.0,True,False,11,False,0,0,0.849,low,False,normal_variation,up
2021-11-03,False,33.12,0.226,True,4.867,0.0,True,False,10,False,0,0,0.892,,False,trend,up
2021-11-04,False,33.12,0.604,False,0.012,0.0,False,False,11,False,0,0,0.963,,False,normal,
2021-11-05,False,31.38,0.542,False,0.0,1.206,False,True,6,False,0,0,0.42,,False,normal_variation,down
2021-11-08,False,33.12,0.408,False,0.0,0.5,False,True,11,False,0,0,0.37,,False,normal_variation,down
2021-11-09,False,31.38,1.092,False,0.0,0.088,False,False,12,False,0,0,0.416,high,False,normal,
2021-11-10,False,31.38,0.661,False,0.0,1.578,False,True,6,False,0,0,0.299,,False,normal_variation,down
2021-11-11,False,31.38,0.343,True,0.0,0.442,False,True,13,False,0,5,0.048,high,False,normal_variation,down
2021-11-12,False,29.5,0.364,True,2.512,0.0,True,False,9,False,4,0,0.834,,True,double_distribution_trend,up
2021-11-15,False,31.38,0.406,False,0.0,1.02,False,True,9,False,0,0,0.466,high,False,normal_variation,down
2021-11-16,False,29.5,0.678,False,0.712,0.0,True,False,9,False,1,0,0.635,low,False,normal_variation,up
2021-11-17,False,31.38,0.51,False,0.094,0.0,False,False,13,False,0,0,0.4,,False,normal,
2021-11-18,False,31.38,0.964,False,0.223,0.0,True,False,9,False,3,0,0.919,,False,normal_variation,up
2021-11-19,False,33.62,0.461,False,0.468,0.097,True,False,10,False,0,0,0.155,,False,normal_variation,up
2021-11-22,False,31.38,0.908,False,0.0,1.193,False,True,8,False,0,5,0.032,,False,normal_variation,down
2021-11-23,False,31.38,1.012,False,0.0,0.465,False,True,10,False,0,1,0.823,,False,normal_variation,down
2021-11-24,False,33.62,0.684,False,0.935,0.0,True,False,9,False,3,0,0.949,,False,normal_variation,up
2021-11-26,True,35.62,1.382,False,0.0,0.34,False,True,7,False,0,0,0.027,,False,normal_variation,down
2021-11-29,False,37.12,0.572,False,0.929,0.353,True,True,8,False,0,0,0.603,,False,neutral_center,
2021-11-30,False,37.12,0.768,False,0.044,2.018,False,True,9,False,0,3,0.066,,False,normal_variation,down
2021-12-01,False,37.38,0.783,False,0.521,3.444,True,True,6,False,0,1,0.021,,False,neutral_extreme,down
2021-12-02,False,37.62,1.608,False,0.446,0.0,True,False,8,False,5,0,0.814,low,False,normal_variation,up
2021-12-03,False,37.62,1.801,False,0.0,0.69,False,True,10,False,0,3,0.395,,False,normal_variation,down
2021-12-06,False,41.12,1.149,False,0.534,0.0,True,False,7,False,0,0,0.717,,False,normal_variation,up
2021-12-07,False,45.5,0.83,False,0.199,0.0,False,False,12,False,0,0,0.862,low,False,normal,
2021-12-08,False,45.88,0.42,False,0.351,0.286,True,True,8,False,0,0,0.849,,False,neutral_extreme,up
2021-12-09,False,45.88,0.343,True,0.048,0.841,False,True,11,False,0,4,0.059,,False,normal_variation,down
2021-12-10,False,44.88,0.435,False,0.397,0.846,True,True,10,False,0,0,0.96,,False,neutral_extreme,up
2021-12-13,False,44.88,0.724,False,0.0,0.354,False,True,11,False,0,0,0.08,high,False,normal_variation,down
2021-12-14,False,44.88,0.641,False,0.0,0.939,False,True,8,False,0,2,0.583,,False,normal_variation,down
2021-12-15,False,45.88,0.567,False,2.75,0.154,True,False,9,False,0,0,0.968,,False,trend,up
2021-12-16,False,47.5,0.647,False,0.0,1.642,False,True,5,True,0,1,0.197,high,False,trend,down
2021-12-17,False,52.12,0.83,False,0.549,0.0,True,False,10,False,0,0,0.276,,False,normal_variation,up
2021-12-20,False,59.12,0.457,False,0.194,0.407,False,True,8,False,0,1,0.896,,False,normal_variation,down
2021-12-21,False,59.12,0.482,False,1.342,0.114,True,False,6,False,2,0,0.971,,True,double_distribution_trend,up
2021-12-22,False,60.88,0.324,True,1.633,0.0,True,False,10,False,2,0,0.976,low,False,normal_variation,up
2021-12-23,False,60.88,0.366,True,0.607,0.0,True,False,9,False,4,0,0.545,low,False,normal_variation,up
2021-12-27,False,60.88,0.444,False,1.0,0.0,True,False,6,False,2,0,0.986,low,False,normal_variation,up
2021-12-28,False,54.88,0.314,True,0.0,0.594,False,True,10,False,0,0,0.345,,False,normal_variation,down
2021-12-29,False,54.88,0.396,True,0.195,0.0,False,False,9,False,0,0,0.558,,False,nontrend,
2021-12-30,False,53.0,0.255,True,0.0,1.407,False,True,12,False,0,0,0.154,,False,trend,down
2021-12-31,False,48.62,0.422,False,0.0,0.037,False,False,11,False,0,0,0.106,,False,normal,
2022-01-03,False,44.62,0.874,False,0.019,0.0,False,False,9,False,0,0,0.981,,False,normal,
2022-01-04,False,43.88,0.285,True,0.0,2.5,False,True,8,False,0,1,0.44,,False,normal_variation,down
2022-01-05,False,43.75,0.417,False,0.0,4.329,False,True,8,False,0,2,0.013,high,True,double_distribution_trend,down
2022-01-06,False,43.75,1.143,False,0.075,0.0,False,False,12,False,0,0,0.465,,False,normal,
2022-01-07,False,43.88,0.558,False,0.0,0.867,False,True,12,False,0,0,0.328,,False,normal_variation,down
2022-01-10,False,44.88,1.265,False,0.489,0.137,True,False,7,False,0,0,0.97,,False,normal_variation,up
2022-01-11,False,48.88,0.711,False,1.281,0.0,True,False,6,False,2,0,0.981,,True,double_distribution_trend,up
2022-01-12,False,52.88,0.44,False,0.0,0.839,False,True,12,False,0,0,0.509,,False,normal_variation,down
2022-01-13,False,48.88,0.491,False,0.0,2.906,False,True,6,False,0,3,0.112,high,False,normal_variation,down
2022-01-14,False,48.88,0.844,False,0.067,0.206,False,True,10,False,0,0,0.91,,False,normal_variation,down
2022-01-18,False,48.88,0.578,False,0.0,0.646,False,True,10,False,0,3,0.269,high,False,normal_variation,down
2022-01-19,False,46.12,0.715,False,0.0,1.477,False,True,7,False,0,4,0.043,,False,normal_variation,down
2022-01-20,False,49.25,0.716,False,0.496,2.057,True,True,6,False,0,0,0.042,,False,neutral_extreme,down
2022-01-21,False,49.25,1.223,False,0.237,0.452,True,True,8,False,0,1,0.002,,False,neutral_extreme,down
2022-01-24,False,49.5,1.566,False,0.897,0.648,True,True,8,False,0,0,0.973,,False,neutral_extreme,up
2022-01-25,False,53.12,1.416,False,0.678,0.0,True,False,8,False,0,0,0.59,,False,normal_variation,up
2022-01-26,False,53.12,0.866,False,0.201,2.103,True,True,10,False,0,5,0.301,,True,neutral_center,
2022-01-27,False,66.5,0.699,False,0.0,1.651,False,True,6,False,0,2,0.154,,False,normal_variation,down
2022-01-28,False,80.5,0.665,False,1.654,0.0,True,False,9,False,3,0,0.993,,False,normal_variation,up
2022-01-31,False,87.0,0.693,False,0.743,0.0,True,False,7,False,2,0,0.943,,False,normal_variation,up
2022-02-01,False,93.0,0.435,False,0.654,0.0,True,False,11,False,0,0,0.899,,False,normal_variation,up
2022-02-02,False,93.0,0.274,True,0.667,0.324,True,True,8,False,0,0,0.828,,False,neutral_extreme,up
2022-02-03,False,93.0,0.298,True,0.054,1.55,False,True,8,False,0,1,0.135,,False,trend,down
2022-02-04,False,87.0,0.417,False,1.131,0.352,True,True,6,False,1,0,0.542,,False,neutral_center,
2022-02-07,False,91.12,0.244,True,0.281,1.045,True,True,9,False,4,5,0.271,,False,neutral_center,
2022-02-08,False,91.12,0.25,True,1.967,0.0,True,False,8,False,4,0,0.844,,False,normal_variation,up
2022-02-09,False,85.88,0.166,True,0.965,0.0,True,False,11,False,5,0,0.893,low,False,normal_variation,up
2022-02-10,False,85.88,0.664,False,0.14,0.715,False,True,7,False,0,1,0.208,,False,normal_variation,down
2022-02-11,False,91.88,0.367,True,0.0,2.77,False,True,5,True,0,1,0.118,,True,double_distribution_trend,down
2022-02-14,False,95.88,0.378,True,0.097,0.641,False,True,9,False,0,0,0.599,,False,normal_variation,down
2022-02-15,False,95.88,0.245,True,0.191,0.117,False,False,11,False,0,0,0.927,,False,nontrend,
2022-02-16,False,95.88,0.271,True,1.25,0.125,True,False,9,False,1,0,0.769,,False,normal_variation,up
2022-02-17,False,95.88,0.409,False,0.0,0.885,False,True,9,False,0,0,0.098,high,False,normal_variation,down
2022-02-18,False,82.0,0.338,True,0.0,1.495,False,True,8,False,0,0,0.361,,False,normal_variation,down
2022-02-22,False,73.12,0.687,False,0.005,0.93,False,True,8,False,0,0,0.396,,False,normal_variation,down
2022-02-23,False,73.12,0.708,False,0.0,1.309,False,True,6,False,0,3,0.056,high,False,normal_variation,down
2022-02-24,False,73.12,1.022,False,1.425,0.0,True,False,9,False,0,0,0.977,low,False,trend,up
2022-02-25,False,73.12,0.605,False,1.271,0.0,True,False,9,False,4,0,0.983,,True,double_distribution_trend,up
2022-02-28,False,73.12,0.373,True,1.358,0.413,True,True,10,False,0,0,0.788,,False,neutral_center,
2022-03-01,False,73.12,0.516,False,0.0,1.636,False,True,8,False,0,5,0.284,,False,normal_variation,down
2022-03-02,False,73.12,0.489,False,1.252,0.0,True,False,8,False,3,0,0.78,,True,double_distribution_trend,up
2022-03-03,False,74.75,0.538,False,0.0,0.814,False,True,8,False,0,0,0.267,high,False,normal_variation,down
2022-03-04,False,74.75,0.515,False,0.234,0.214,True,True,10,False,0,0,0.794,,False,neutral_center,
2022-03-07,False,74.75,0.776,False,0.0,1.142,False,True,6,False,0,1,0.008,high,True,double_distribution_trend,down
2022-03-08,False,74.75,0.739,False,1.077,0.127,True,False,8,False,0,0,0.099,,False,normal_variation,up
2022-03-09,False,78.0,0.471,False,0.837,0.0,True,False,9,False,3,0,0.689,,False,normal_variation,up
2022-03-10,False,78.0,0.429,False,0.336,0.47,True,True,7,False,1,1,0.843,,False,neutral_extreme,up
2022-03-11,False,78.0,0.506,False,0.0,1.348,False,True,7,False,0,2,0.059,high,False,normal_variation,down
2022-03-14,False,78.0,0.561,False,0.24,0.76,True,True,6,False,0,0,0.146,,True,neutral_extreme,down
2022-03-15,False,78.0,0.446,False,1.439,0.0,True,False,9,False,4,0,0.917,,False,normal_variation,up
2022-03-16,False,82.62,0.569,False,0.255,1.074,True,True,9,False,0,1,0.993,,False,neutral_extreme,up
2022-03-17,False,86.12,0.444,False,1.111,0.0,True,False,6,False,3,0,0.981,low,False,normal_variation,up
2022-03-18,False,86.12,0.43,False,1.108,0.0,True,False,5,True,1,0,0.946,,False,trend,up
2022-03-21,False,86.12,0.435,False,0.0,0.547,False,True,8,False,0,0,0.655,,False,normal_variation,down
2022-03-22,False,86.12,0.345,True,0.605,0.0,True,False,11,False,3,0,0.806,low,False,normal_variation,up
2022-03-23,False,82.75,0.272,True,0.267,0.856,True,True,8,False,0,2,0.016,,False,neutral_extreme,down
2022-03-24,False,80.62,0.276,True,1.584,0.0,True,False,8,False,3,0,0.996,,False,normal_variation,up
2022-03-25,False,79.25,0.281,True,0.225,0.831,True,True,9,False,0,0,0.934,,False,neutral_extreme,up
2022-03-28,False,76.75,0.264,True,1.136,0.79,True,True,8,False,0,0,1.0,,False,neutral_extreme,up
2022-03-29,False,75.5,0.546,False,0.194,0.0,False,False,8,False,0,0,0.919,,False,normal,
2022-03-30,False,70.25,0.196,True,0.0,2.473,False,True,7,False,0,2,0.487,,False,normal_variation,down
2022-03-31,False,64.0,0.262,True,0.328,2.91,True,True,8,False,0,1,0.021,,False,neutral_extreme,down
2022-04-01,False,64.0,0.422,False,0.0,0.62,False,True,9,False,0,0,0.84,high,False,normal_variation,down
2022-04-04,False,64.0,0.406,False,0.769,0.0,True,False,7,False,4,0,0.978,,False,normal_variation,up
2022-04-05,False,59.88,0.672,False,0.0,1.012,False,True,6,False,0,1,0.167,,False,trend,down
2022-04-06,False,59.88,0.514,False,0.463,0.325,True,True,12,False,0,0,0.564,,False,neutral_center,
2022-04-07,False,58.62,0.414,False,1.258,0.742,True,True,6,False,1,1,0.729,,False,neutral_center,
2022-04-08,False,58.62,0.392,True,1.054,0.0,True,False,10,False,1,0,0.386,,False,normal_variation,up
2022-04-11,False,57.75,0.455,False,0.0,1.133,False,True,10,False,0,5,0.103,,False,normal_variation,down
2022-04-12,False,56.75,0.599,False,0.0,1.684,False,True,6,False,0,1,0.173,,True,double_distribution_trend,down
2022-04-13,False,56.75,0.436,False,1.525,0.0,True,False,7,False,2,0,0.888,low,True,double_distribution_trend,up
2022-04-14,False,56.75,0.74,False,0.0,0.679,False,True,8,False,0,2,0.028,,False,normal_variation,down
2022-04-18,False,56.75,0.485,False,0.091,0.427,False,True,9,False,0,0,0.587,,False,normal_variation,down
2022-04-19,False,55.5,0.946,False,0.562,0.0,True,False,10,False,3,0,0.902,low,False,normal_variation,up
2022-04-20,False,55.5,0.572,False,0.0,0.283,False,True,11,False,0,0,0.301,,False,normal_variation,down
2022-04-21,False,55.5,0.383,True,0.0,5.071,False,True,4,True,0,2,0.068,,True,double_distribution_trend,down
2022-04-22,False,56.75,0.789,False,0.0,1.642,False,True,5,True,0,3,0.059,high,False,normal_variation,down
2022-04-25,False,57.62,0.681,False,1.229,0.306,True,True,9,False,1,0,0.982,,False,neutral_extreme,up
2022-04-26,False,60.88,0.76,False,0.0,1.168,False,True,10,False,0,5,0.007,high,False,normal_variation,down
2022-04-27,False,66.5,0.936,False,0.145,0.129,False,False,8,False,0,0,0.284,,False,normal,
2022-04-28,False,70.75,0.664,False,1.394,0.181,True,False,5,True,0,0,0.849,,True,double_distribution_trend,up
2022-04-29,False,71.88,0.682,False,0.0,1.995,False,True,4,True,0,3,0.061,,False,normal_variation,down
2022-05-02,False,76.0,0.763,False,0.168,0.724,False,True,8,False,0,0,0.87,,False,normal_variation,down
2022-05-03,False,80.12,0.365,True,0.94,0.0,True,False,10,False,0,0,0.551,,False,normal_variation,up
2022-05-04,False,80.12,0.371,True,4.126,0.261,True,True,7,False,2,0,0.963,,False,neutral_extreme,up
2022-05-05,False,80.62,0.859,False,0.0,1.206,False,True,9,False,0,2,0.296,high,False,normal_variation,down
2022-05-06,False,86.62,0.707,False,0.49,0.0,True,False,10,False,0,0,0.625,,False,normal_variation,up
2022-05-09,False,91.25,0.46,False,0.0,1.357,False,True,10,False,0,5,0.174,,False,normal_variation,down
2022-05-10,False,95.12,0.444,False,0.0,1.663,False,True,7,False,0,0,0.373,,False,normal_variation,down
2022-05-11,False,99.25,0.73,False,0.086,0.586,False,True,6,False,0,2,0.068,,False,normal_variation,down
2022-05-12,False,99.88,0.683,False,0.304,0.26,True,True,9,False,0,0,0.681,,False,neutral_center,
2022-05-13,False,103.5,0.575,False,0.286,0.0,True,False,10,False,0,0,0.794,,False,normal_variation,up
2022-05-16,False,103.5,0.411,False,0.506,0.0,True,False,9,False,1,0,0.422,,False,normal_variation,up
2022-05-17,False,103.5,0.242,True,0.79,0.61,True,True,9,False,1,0,0.942,,False,neutral_extreme,up
2022-05-18,False,103.5,0.329,True,0.0,2.926,False,True,5,True,0,3,0.118,high,False,normal_variation,down
2022-05-19,False,108.25,0.443,False,0.448,0.0,True,False,12,False,3,0,0.331,,False,normal_variation,up
2022-05-20,False,103.5,0.386,True,0.0,2.338,False,True,6,False,0,1,0.68,high,False,normal_variation,down
2022-05-23,False,103.5,0.391,True,0.827,0.0,True,False,9,False,3,0,0.885,,False,normal_variation,up
2022-05-24,False,103.5,0.597,False,0.259,0.077,True,False,9,False,0,0,0.864,,False,normal_variation,up
2022-05-25,False,102.88,0.447,False,0.658,0.0,True,False,8,False,5,0,0.754,low,False,normal_variation,up
2022-05-26,False,102.88,0.537,False,0.557,0.0,True,False,8,False,2,0,0.791,low,False,normal_variation,up
2022-05-27,False,95.12,0.489,False,0.672,0.0,True,False,8,False,0,0,0.987,low,False,normal_variation,up
2022-05-31,False,88.62,0.437,False,0.677,0.0,True,False,8,False,1,0,0.454,,False,normal_variation,up
2022-06-01,False,84.25,0.712,False,0.0,0.558,False,True,7,False,0,1,0.286,,False,normal_variation,down
2022-06-02,False,88.62,0.403,False,1.916,0.0,True,False,6,False,3,0,0.993,,False,normal_variation,up
2022-06-03,False,88.62,0.302,True,0.0,0.701,False,True,11,False,0,0,0.247,,False,normal_variation,down
2022-06-06,False,84.25,0.35,True,0.0,1.068,False,True,8,False,0,1,0.197,,False,trend,down
2022-06-07,False,80.12,0.487,False,1.212,0.0,True,False,6,False,3,0,0.939,low,False,normal_variation,up
2022-06-08,False,80.12,0.396,True,0.0,0.724,False,True,7,False,0,2,0.164,,False,normal_variation,down
2022-06-09,False,77.12,0.431,False,0.0,2.113,False,True,10,False,0,0,0.002,,False,trend,down
2022-06-10,False,77.12,0.733,False,0.0,0.084,False,False,11,False,0,0,0.016,,False,normal,
2022-06-13,False,76.38,0.642,False,0.0,0.745,False,True,11,False,0,5,0.208,,False,normal_variation,down
2022-06-14,False,77.0,0.503,False,0.0,0.897,False,True,10,False,0,1,0.446,,False,normal_variation,down
2022-06-15,False,77.0,0.367,True,1.602,1.628,True,True,10,False,1,6,0.603,,False,neutral_center,
2022-06-16,False,80.12,0.446,False,0.0,0.951,False,True,9,False,0,2,0.452,high,False,normal_variation,down
2022-06-17,False,77.0,0.685,False,0.0,0.379,False,True,9,False,0,0,0.498,,False,normal_variation,down
2022-06-21,False,77.0,0.497,False,0.261,0.0,True,False,11,False,0,0,0.684,low,False,normal_variation,up
2022-06-22,False,75.12,0.915,False,0.255,0.0,True,False,9,False,0,0,0.481,low,False,normal_variation,up
2022-06-23,False,77.0,0.367,True,0.442,0.681,True,True,7,False,4,0,0.883,,False,neutral_extreme,up
2022-06-24,False,74.88,0.785,False,0.506,0.0,True,False,8,False,0,0,0.994,low,False,normal_variation,up
2022-06-27,False,75.62,0.506,False,0.0,0.026,False,False,11,False,0,0,0.331,high,False,normal,
2022-06-28,False,73.12,0.516,False,0.0,2.364,False,True,4,True,0,2,0.018,,True,double_distribution_trend,down
2022-06-29,False,73.12,0.53,False,0.0,0.0,False,False,11,False,0,0,0.497,,False,normal,
2022-06-30,False,73.12,0.615,False,0.811,0.0,True,False,7,False,0,0,0.592,,False,normal_variation,up
2022-07-01,False,73.12,0.721,False,0.318,0.199,True,False,8,False,0,0,0.931,,False,normal_variation,up
2022-07-05,False,73.12,0.475,False,1.64,0.0,True,False,6,False,0,0,0.997,,False,trend,up
2022-07-06,False,76.75,0.394,True,0.752,0.347,True,True,9,False,1,0,0.598,,False,neutral_center,
2022-07-07,False,76.75,0.329,True,0.891,0.0,True,False,7,False,3,0,0.801,low,False,normal_variation,up
2022-07-08,False,73.12,0.509,False,0.356,0.0,True,False,9,False,0,0,0.604,,False,normal_variation,up
2022-07-11,False,73.12,0.448,False,0.0,0.038,False,False,10,False,0,0,0.228,,False,normal,
2022-07-12,False,71.25,0.512,False,0.0,0.966,False,True,10,False,0,0,0.268,,False,normal_variation,down
2022-07-13,False,72.25,0.491,False,1.092,0.0,True,False,9,False,1,0,0.572,low,False,normal_variation,up
2022-07-14,False,72.25,0.471,False,1.243,0.0,True,False,7,False,2,0,0.925,,False,normal_variation,up
2022-07-15,False,72.25,0.526,False,0.243,0.0,True,False,12,False,0,0,0.968,,False,normal_variation,up
2022-07-18,False,70.75,0.265,True,0.0,3.533,False,True,7,False,0,0,0.162,high,True,double_distribution_trend,down
2022-07-19,False,72.25,0.394,True,1.64,0.0,True,False,5,True,2,0,0.91,low,True,double_distribution_trend,up
2022-07-20,False,73.0,0.346,True,1.079,0.0,True,False,8,False,0,0,0.719,,False,normal_variation,up
2022-07-21,False,73.0,0.568,False,0.753,0.0,True,False,7,False,2,0,0.997,,False,normal_variation,up
2022-07-22,False,72.25,0.412,False,0.0,1.513,False,True,6,False,0,0,0.321,,False,normal_variation,down
2022-07-25,False,73.5,0.32,True,0.191,0.213,False,True,10,False,0,0,0.727,,False,normal_variation,down
2022-07-26,False,72.25,0.253,True,0.0,1.288,False,True,7,False,0,4,0.234,high,False,normal_variation,down
2022-07-27,False,72.25,0.27,True,3.526,0.0,True,False,9,False,3,0,0.788,low,True,double_distribution_trend,up
2022-07-28,False,72.25,0.644,False,0.866,0.0,True,False,5,True,1,0,0.908,,False,normal_variation,up
2022-07-29,False,73.5,0.575,False,0.491,0.0,True,False,7,False,1,0,0.837,,False,normal_variation,up
2022-08-01,False,72.25,0.616,False,0.129,0.0,False,False,10,False,0,0,0.453,,False,normal,
2022-08-02,False,67.62,0.436,False,1.119,0.0,True,False,9,False,1,0,0.216,,False,normal_variation,up
2022-08-03,False,63.25,0.391,True,1.323,0.0,True,False,7,False,1,0,0.774,low,False,normal_variation,up
2022-08-04,False,62.75,0.295,True,0.0,0.459,False,True,13,False,0,0,0.639,,False,normal_variation,down
2022-08-05,False,62.75,0.733,False,0.0,0.0,False,False,9,False,0,0,0.842,low,False,normal,
2022-08-08,False,62.75,0.438,False,0.0,1.136,False,True,8,False,0,1,0.209,,False,normal_variation,down
2022-08-09,False,62.75,0.327,True,0.0,0.256,False,True,12,False,0,1,0.466,,False,normal_variation,down
2022-08-10,False,60.62,0.355,True,0.605,0.0,True,False,10,False,3,0,0.928,,False,normal_variation,up
2022-08-11,False,58.12,0.473,False,0.0,1.1,False,True,7,False,0,2,0.152,,False,normal_variation,down
2022-08-12,False,57.62,0.325,True,2.293,0.0,True,False,4,True,0,0,0.972,,False,trend,up
2022-08-15,False,58.25,0.451,False,0.79,0.0,True,False,7,False,4,0,0.878,low,False,normal_variation,up
2022-08-16,False,57.62,0.234,True,2.204,0.407,True,True,7,False,1,0,0.579,,False,neutral_center,
2022-08-17,False,55.0,0.3,True,1.212,0.833,True,True,11,False,0,1,0.428,,False,neutral_center,
2022-08-18,False,53.88,0.292,True,1.0,0.0,True,False,8,False,3,0,0.778,,False,normal_variation,up
2022-08-19,False,50.25,0.532,False,0.0,0.533,False,True,10,False,0,2,0.226,high,False,normal_variation,down
2022-08-22,False,49.5,0.52,False,0.0,0.903,False,True,7,False,0,1,0.23,high,False,normal_variation,down
2022-08-23,False,49.62,0.615,False,0.0,0.205,False,True,12,False,0,0,0.163,,False,normal_variation,down
2022-08-24,False,49.62,0.448,False,0.674,0.0,True,False,9,False,0,0,0.604,,False,normal_variation,up
2022-08-25,False,48.88,0.721,False,0.567,0.0,True,False,9,False,0,0,0.991,,False,normal_variation,up
2022-08-26,False,48.88,1.146,False,0.0,1.643,False,True,5,True,0,1,0.005,high,True,double_distribution_trend,down
2022-08-29,False,48.88,0.609,False,0.454,0.126,True,False,9,False,0,0,0.319,,False,normal_variation,up
2022-08-30,False,47.88,0.956,False,0.0,0.792,False,True,9,False,0,2,0.265,high,False,normal_variation,down
2022-08-31,False,47.88,0.715,False,0.0,0.818,False,True,9,False,0,2,0.016,,False,normal_variation,down
2022-09-01,False,47.88,0.611,False,1.137,0.179,True,False,10,False,1,0,0.945,,False,trend,up
2022-09-02,False,48.88,0.706,False,0.333,1.949,True,True,6,False,0,2,0.172,,True,neutral_extreme,down
2022-09-06,False,49.62,1.164,False,0.0,0.0,False,False,10,False,0,0,0.42,,False,normal,
2022-09-07,False,49.62,0.514,False,2.304,0.0,True,False,5,True,1,0,0.902,low,True,double_distribution_trend,up
2022-09-08,False,52.75,0.839,False,0.537,0.0,True,False,9,False,0,0,0.926,,False,normal_variation,up
2022-09-09,False,56.5,0.562,False,0.606,0.0,True,False,8,False,2,0,0.794,low,False,normal_variation,up
2022-09-12,False,53.12,0.635,False,0.0,0.0,False,False,11,False,0,0,0.748,,False,normal,
2022-09-13,False,50.62,0.681,False,0.0,2.254,False,True,8,False,0,3,0.111,,False,normal_variation,down
2022-09-14,False,53.12,0.701,False,0.154,0.248,False,True,10,False,0,0,0.675,,False,normal_variation,down
2022-09-15,False,53.75,0.688,False,0.0,0.959,False,True,8,False,0,3,0.19,,False,normal_variation,down
2022-09-16,False,56.5,0.58,False,0.267,0.015,True,False,11,False,1,0,0.851,,False,normal_variation,up
2022-09-19,False,56.5,0.673,False,0.724,0.0,True,False,10,False,5,0,1.0,low,False,normal_variation,up
2022-09-20,False,60.0,0.375,True,0.367,0.856,True,True,9,False,0,0,0.615,,False,neutral_center,
2022-09-21,False,60.0,0.308,True,1.122,4.432,True,True,12,False,0,1,0.0,,False,neutral_extreme,down
2022-09-22,False,63.88,0.544,False,0.0,0.245,False,True,12,False,0,0,0.179,,False,normal_variation,down
2022-09-23,False,63.88,0.513,False,0.0,1.29,False,True,8,False,0,2,0.63,high,False,normal_variation,down
2022-09-26,False,66.62,0.63,False,0.0,0.738,False,True,8,False,0,0,0.185,,False,normal_variation,down
2022-09-27,False,66.62,0.702,False,0.0,1.091,False,True,7,False,0,0,0.263,,False,normal_variation,down
2022-09-28,False,67.88,0.589,False,1.475,0.0,True,False,7,False,2,0,0.811,,False,normal_variation,up
2022-09-29,False,67.88,0.976,False,0.0,0.14,False,False,8,False,0,0,0.43,high,False,normal,
2022-09-30,False,70.25,0.505,False,0.634,0.845,True,True,8,False,0,0,0.009,,False,neutral_extreme,down
2022-10-03,False,72.75,0.78,False,0.67,0.0,True,False,7,False,0,0,0.784,,False,normal_variation,up
2022-10-04,False,72.75,0.684,False,0.151,0.0,False,False,11,False,0,0,0.983,low,False,normal,
2022-10-05,False,72.75,0.519,False,1.132,0.146,True,False,5,True,1,0,0.733,,False,normal_variation,up
2022-10-06,False,72.75,0.708,False,0.0,0.18,False,False,10,False,0,0,0.086,,False,normal,
2022-10-07,False,72.75,0.643,False,0.0,0.818,False,True,6,False,0,2,0.221,high,False,normal_variation,down
2022-10-10,False,74.0,0.446,False,0.0,0.985,False,True,10,False,0,1,0.359,high,False,normal_variation,down
2022-10-11,False,74.0,0.422,False,1.336,0.04,True,False,7,False,0,0,0.279,,False,normal_variation,up
2022-10-12,False,73.62,0.479,False,0.0,0.0,False,False,13,False,0,0,0.057,,False,normal,
2022-10-13,False,73.62,0.822,False,2.236,0.0,True,False,6,False,1,0,0.92,low,True,double_distribution_trend,up
2022-10-14,False,74.62,1.303,False,0.0,0.378,False,True,8,False,0,2,0.06,,False,normal_variation,down
2022-10-17,False,75.25,0.545,False,0.0,0.0,False,False,12,False,0,0,0.695,low,False,normal,
2022-10-18,False,75.25,0.475,False,0.0,1.238,False,True,8,False,0,0,0.456,high,False,normal_variation,down
2022-10-19,False,77.75,0.514,False,0.006,0.594,False,True,8,False,0,0,0.473,,False,normal_variation,down
2022-10-20,False,75.25,0.767,False,0.0,0.416,False,True,5,True,0,1,0.101,,False,normal_variation,down
2022-10-21,False,77.75,0.923,False,0.589,0.0,True,False,5,True,0,0,0.95,,False,normal_variation,up
2022-10-24,False,80.88,0.705,False,0.232,0.0,True,False,8,False,0,0,0.822,,False,normal_variation,up
2022-10-25,False,80.88,0.519,False,0.601,0.0,True,False,8,False,2,0,0.937,low,False,normal_variation,up
2022-10-26,False,77.75,0.463,False,0.757,0.0,True,False,6,False,0,0,0.123,low,False,normal_variation,up
2022-10-27,False,74.88,0.561,False,0.077,0.286,False,True,9,False,0,1,0.114,,False,normal_variation,down
2022-10-28,False,72.25,0.661,False,1.094,0.0,True,False,4,True,2,0,0.942,low,False,normal_variation,up
2022-10-31,False,72.25,0.311,True,0.433,0.0,True,False,13,False,0,0,0.326,,False,normal_variation,up
2022-11-01,False,68.75,0.8,False,0.0,0.305,False,True,11,False,0,1,0.174,high,False,normal_variation,down
2022-11-02,False,71.0,0.282,True,2.338,3.675,True,True,12,False,1,3,0.002,,False,neutral_extreme,down
2022-11-03,False,71.0,0.574,False,0.331,0.0,True,False,12,False,1,0,0.406,,False,normal_variation,up
2022-11-04,False,71.0,0.835,False,0.135,0.388,False,True,6,False,0,1,0.72,,False,normal_variation,down
2022-11-07,False,71.0,0.405,False,0.757,0.0,True,False,9,False,0,0,0.886,,False,normal_variation,up
2022-11-08,False,71.0,0.394,True,1.009,0.643,True,True,6,False,0,0,0.572,,False,neutral_center,
2022-11-09,False,71.0,0.433,False,0.0,1.463,False,True,8,False,0,1,0.073,,False,trend,down
2022-11-10,False,73.0,0.668,False,0.944,0.0,True,False,6,False,2,0,0.953,,False,normal_variation,up
2022-11-11,False,73.0,0.551,False,0.46,0.0,True,False,7,False,1,0,0.847,,False,normal_variation,up
2022-11-14,False,71.0,0.437,False,0.387,0.339,True,True,9,False,0,0,0.065,,False,neutral_extreme,down
2022-11-15,False,71.0,0.335,True,0.0,2.316,False,True,8,False,0,1,0.521,,False,normal_variation,down
2022-11-16,False,71.0,0.292,True,0.0,0.482,False,True,12,False,0,4,0.244,,False,normal_variation,down
2022-11-17,False,71.0,0.296,True,1.321,0.0,True,False,7,False,1,0,0.867,low,False,trend,up
2022-11-18,False,68.75,0.524,False,0.0,0.368,False,True,10,False,0,0,0.624,high,False,normal_variation,down
2022-11-21,False,65.25,0.356,True,0.0,0.419,False,True,9,False,0,0,0.621,,False,normal_variation,down
2022-11-22,False,61.0,0.377,True,1.163,0.0,True,False,7,False,1,0,0.95,,False,trend,up
2022-11-23,False,58.0,0.453,False,0.314,0.067,True,False,9,False,3,0,0.862,low,False,normal_variation,up
2022-11-25,True,55.75,0.233,True,0.077,0.0,False,False,8,False,0,0,0.643,,False,nontrend,
2022-11-28,False,53.88,0.376,True,0.0,1.84,False,True,7,False,0,3,0.143,,True,double_distribution_trend,down
2022-11-29,False,53.88,0.334,True,0.153,1.097,False,True,9,False,0,0,0.494,,False,normal_variation,down
2022-11-30,False,53.88,0.436,False,4.809,0.181,True,False,7,False,0,0,0.991,,True,double_distribution_trend,up
2022-12-01,False,53.88,0.97,False,0.0,0.062,False,False,11,False,0,0,0.477,,False,normal,
2022-12-02,False,53.88,0.492,False,1.189,0.0,True,False,8,False,3,0,0.823,low,False,normal_variation,up
2022-12-05,False,54.5,0.615,False,0.0,1.037,False,True,5,True,0,0,0.216,,False,normal_variation,down
2022-12-06,False,54.5,0.78,False,0.0,0.976,False,True,6,False,0,1,0.265,high,False,normal_variation,down
2022-12-07,False,56.5,0.593,False,0.112,0.0,False,False,13,False,0,0,0.322,,False,normal,
2022-12-08,False,54.5,0.697,False,0.039,0.0,False,False,10,False,0,0,0.709,,False,normal,
2022-12-09,False,51.62,0.542,False,0.268,0.33,True,True,10,False,0,0,0.034,,False,neutral_extreme,down
2022-12-12,False,49.5,0.298,True,2.78,0.0,True,False,7,False,2,0,0.996,,False,normal_variation,up
2022-12-13,False,49.5,1.116,False,0.0,1.059,False,True,8,False,0,1,0.259,high,False,normal_variation,down
2022-12-14,False,49.5,0.581,False,0.374,1.887,True,True,10,False,2,0,0.344,,False,neutral_center,
2022-12-15,False,49.5,1.045,False,0.0,0.493,False,True,7,False,0,1,0.246,,False,normal_variation,down
2022-12-16,False,52.62,0.765,False,0.0,0.422,False,True,8,False,0,1,0.393,,False,normal_variation,down
2022-12-19,False,55.62,0.387,True,0.0,1.616,False,True,7,False,0,2,0.302,high,False,normal_variation,down
2022-12-20,False,56.0,0.688,False,0.149,0.0,False,False,11,False,0,0,0.61,,False,normal,
2022-12-21,False,56.0,0.451,False,0.911,0.0,True,False,10,False,2,0,0.746,,False,normal_variation,up
2022-12-22,False,56.0,0.728,False,0.0,1.135,False,True,6,False,0,0,0.707,high,False,normal_variation,down
2022-12-23,False,56.75,0.678,False,0.331,0.0,True,False,10,False,2,0,0.976,,False,normal_variation,up
2022-12-27,False,56.75,0.612,False,0.029,0.0,False,False,11,False,0,0,0.517,high,False,normal,
2022-12-28,False,56.0,0.576,False,0.0,1.186,False,True,7,False,0,3,0.032,,False,normal_variation,down
2022-12-29,False,56.75,0.687,False,0.378,0.0,True,False,9,False,2,0,0.805,,False,normal_variation,up
2022-12-30,False,56.0,0.469,False,0.314,0.238,True,True,10,False,0,0,0.975,,False,neutral_extreme,up
2023-01-03,False,56.0,1.134,False,0.0,0.37,False,True,8,False,0,1,0.348,,False,normal_variation,down
2023-01-04,False,56.0,0.777,False,0.374,0.0,True,False,8,False,0,0,0.623,,False,normal_variation,up
2023-01-05,False,56.0,0.536,False,0.0,0.033,False,False,11,False,0,0,0.21,high,False,normal,
2023-01-06,False,54.75,0.84,False,1.168,0.0,True,False,6,False,2,0,0.875,,True,double_distribution_trend,up
2023-01-09,False,56.0,0.518,False,0.543,0.578,True,True,5,True,0,0,0.033,,False,neutral_extreme,down
2023-01-10,False,56.75,0.533,False,0.231,0.248,True,True,7,False,0,0,0.994,,False,neutral_extreme,up
2023-01-11,False,56.75,0.242,True,1.745,0.309,True,True,7,False,3,0,0.976,,False,neutral_extreme,up
2023-01-12,False,56.75,0.806,False,0.339,0.0,True,False,9,False,2,0,0.743,,False,normal_variation,up
2023-01-13,False,56.75,0.581,False,0.773,0.0,True,False,7,False,0,0,0.889,low,False,normal_variation,up
2023-01-17,False,56.75,0.463,False,0.0,0.238,False,True,12,False,0,0,0.231,,False,normal_variation,down
2023-01-18,False,55.0,0.323,True,0.0,4.056,False,True,7,False,0,2,0.033,,True,double_distribution_trend,down
2023-01-19,False,55.0,0.377,True,0.313,0.542,True,True,8,False,0,0,0.39,,False,neutral_center,
2023-01-20,False,52.5,0.519,False,1.872,0.0,True,False,6,False,1,0,0.965,,True,double_distribution_trend,up
2023-01-23,False,56.12,0.682,False,0.843,0.0,True,False,7,False,1,0,0.699,,False,normal_variation,up
2023-01-24,False,59.12,0.431,False,0.402,0.0,True,False,11,False,2,0,0.706,,False,normal_variation,up
2023-01-25,False,56.12,0.445,False,1.65,0.25,True,True,4,True,0,0,0.955,,True,neutral_extreme,up
2023-01-26,False,59.12,0.558,False,0.265,0.242,True,True,8,False,0,0,0.955,,False,neutral_extreme,up
2023-01-27,False,59.12,0.541,False,0.484,0.0,True,False,8,False,0,0,0.468,low,False,normal_variation,up
2023-01-30,False,56.12,0.445,False,0.0,0.94,False,True,8,False,0,1,0.077,,False,normal_variation,down
2023-01-31,False,54.12,0.379,True,1.829,0.0,True,False,6,False,2,0,0.983,low,False,normal_variation,up
2023-02-01,False,58.25,0.283,True,4.455,1.5,True,True,9,False,0,5,0.749,,True,neutral_center,
2023-02-02,False,58.25,0.391,True,1.429,0.0,True,False,9,False,3,0,0.715,,False,normal_variation,up
2023-02-03,False,56.62,0.79,False,0.223,0.095,True,False,8,False,0,0,0.216,low,False,normal_variation,up
2023-02-06,False,58.25,0.399,True,0.183,0.215,False,True,13,False,0,0,0.577,,False,normal_variation,down
2023-02-07,False,56.62,0.221,True,5.58,0.62,True,True,7,False,2,0,0.853,,False,neutral_extreme,up
2023-02-08,False,56.62,0.322,True,0.0,1.562,False,True,9,False,0,4,0.171,,False,normal_variation,down
2023-02-09,False,56.62,0.442,False,0.0,2.54,False,True,4,True,0,2,0.155,high,True,double_distribution_trend,down
2023-02-10,False,58.25,0.532,False,0.113,0.0,False,False,11,False,0,0,0.877,,False,normal,
2023-02-13,False,56.62,0.486,False,0.745,0.0,True,False,10,False,3,0,0.974,,False,normal_variation,up
2023-02-14,False,52.5,1.067,False,0.0,0.183,False,False,8,False,0,0,0.642,,False,normal,
2023-02-15,False,56.62,0.384,True,1.126,0.0,True,False,8,False,3,0,0.989,,False,normal_variation,up
2023-02-16,False,52.5,0.467,False,0.929,0.041,True,False,8,False,1,0,0.052,,False,normal_variation,up
2023-02-17,False,52.5,0.548,False,0.165,0.043,False,False,10,False,0,0,0.935,,False,normal,
2023-02-21,False,49.12,0.545,False,0.0,1.028,False,True,7,False,0,1,0.078,,False,trend,down
2023-02-22,False,49.12,0.524,False,0.252,0.35,True,True,8,False,0,1,0.4,,False,neutral_center,
2023-02-23,False,49.12,0.346,True,0.0,2.529,False,True,5,True,0,0,0.742,high,False,normal_variation,down
2023-02-24,False,49.12,0.539,False,0.302,0.075,True,False,11,False,0,0,0.774,,False,normal_variation,up
2023-02-27,False,48.38,0.47,False,0.0,1.033,False,True,8,False,0,3,0.211,,False,normal_variation,down
2023-02-28,False,48.38,0.382,True,0.541,0.176,True,False,8,False,0,0,0.008,,False,normal_variation,up
2023-03-01,False,48.12,0.551,False,0.0,0.264,False,True,9,False,0,0,0.44,,False,normal_variation,down
2023-03-02,False,47.38,0.385,True,2.521,0.0,True,False,8,False,1,0,0.86,low,True,double_distribution_trend,up
2023-03-03,False,47.38,0.507,False,1.292,0.0,True,False,5,True,1,0,0.932,,False,trend,up
2023-03-06,False,47.38,0.485,False,0.185,0.315,False,True,6,False,0,0,0.123,,False,normal_variation,down
2023-03-07,False,46.5,0.898,False,0.0,0.713,False,True,6,False,0,0,0.098,high,False,normal_variation,down
2023-03-08,False,47.38,0.522,False,0.172,0.111,False,False,9,False,0,0,0.756,,False,normal,
2023-03-09,False,46.5,0.457,False,0.0,4.188,False,True,4,True,0,1,0.098,,True,double_distribution_trend,down
2023-03-10,False,47.12,0.79,False,0.51,0.866,True,True,7,False,1,0,0.184,,False,neutral_extreme,down
2023-03-13,False,47.12,1.422,False,0.463,0.0,True,False,10,False,1,0,0.48,,False,normal_variation,up
2023-03-14,False,48.12,0.509,False,0.459,1.194,True,True,7,False,1,1,0.708,,False,neutral_center,
2023-03-15,False,51.25,0.537,False,0.691,0.464,True,True,10,False,1,2,1.0,,False,neutral_extreme,up
2023-03-16,False,51.25,0.532,False,2.817,0.0,True,False,6,False,4,0,0.959,low,False,normal_variation,up
2023-03-17,False,54.62,0.719,False,0.0,0.529,False,True,10,False,0,2,0.258,,False,normal_variation,down
2023-03-20,False,57.12,0.477,False,0.569,0.0,True,False,12,False,0,0,0.883,,False,normal_variation,up
2023-03-21,False,57.12,0.407,False,0.505,0.204,True,True,9,False,0,0,0.881,,False,neutral_extreme,up
2023-03-22,False,57.12,0.319,True,1.452,3.356,True,True,10,False,1,3,0.012,,False,neutral_extreme,down
2023-03-23,False,59.62,0.398,True,0.874,1.958,True,True,5,True,0,1,0.299,,False,neutral_center,
2023-03-24,False,59.62,0.553,False,1.0,0.0,True,False,6,False,1,0,0.985,,False,trend,up
2023-03-27,False,62.12,0.302,True,0.0,0.813,False,True,8,False,0,1,0.294,,False,normal_variation,down
2023-03-28,False,62.12,0.249,True,0.0,0.855,False,True,10,False,0,1,0.713,,False,normal_variation,down
2023-03-29,False,62.12,0.165,True,1.317,0.537,True,True,9,False,0,0,0.915,,False,neutral_extreme,up
2023-03-30,False,62.12,0.254,True,0.0,0.683,False,True,8,False,0,1,0.736,,False,normal_variation,down
2023-03-31,False,59.62,0.26,True,2.403,0.0,True,False,8,False,2,0,0.938,low,False,normal_variation,up
2023-04-03,False,59.62,0.428,False,0.02,0.157,False,False,9,False,0,0,0.858,,False,normal,
2023-04-04,False,59.62,0.331,True,0.0,1.43,False,True,9,False,0,0,0.312,high,False,normal_variation,down
2023-04-05,False,56.0,0.272,True,0.0,0.885,False,True,9,False,0,1,0.635,,False,normal_variation,down
2023-04-06,False,56.0,0.295,True,1.348,0.0,True,False,7,False,1,0,0.929,,True,double_distribution_trend,up
2023-04-10,False,50.38,0.243,True,2.184,0.0,True,False,7,False,3,0,0.994,,True,double_distribution_trend,up
2023-04-11,False,45.38,0.215,True,0.923,0.436,True,True,9,False,2,0,0.391,,False,neutral_center,
2023-04-12,False,41.25,0.491,False,0.0,1.346,False,True,8,False,0,4,0.153,high,False,normal_variation,down
2023-04-13,False,41.25,0.533,False,1.386,0.0,True,False,5,True,2,0,0.929,,True,double_distribution_trend,up
2023-04-14,False,41.25,0.721,False,0.0,0.714,False,True,8,False,0,1,0.495,,False,normal_variation,down
2023-04-17,False,41.25,0.242,True,0.825,1.15,True,True,8,False,0,2,0.983,,False,neutral_extreme,up
2023-04-18,False,39.38,0.616,False,0.0,0.247,False,True,10,False,0,0,0.488,high,False,normal_variation,down
2023-04-19,False,38.88,0.238,True,2.216,0.0,True,False,7,False,2,0,0.697,low,False,normal_variation,up
2023-04-20,False,36.38,0.399,True,0.845,0.552,True,True,8,False,2,0,0.475,,False,neutral_center,
2023-04-21,False,34.38,0.596,False,0.134,0.122,False,False,12,False,0,0,0.806,,False,normal,
2023-04-24,False,32.12,0.35,True,0.022,1.222,False,True,7,False,0,0,0.851,,False,normal_variation,down
2023-04-25,False,30.12,0.589,False,0.0,1.93,False,True,6,False,0,2,0.024,,True,double_distribution_trend,down
2023-04-26,False,30.12,0.763,False,0.239,0.543,True,True,6,False,0,1,0.146,,False,neutral_extreme,down
2023-04-27,False,32.5,0.546,False,2.394,0.0,True,False,4,True,0,0,0.946,low,True,double_distribution_trend,up
2023-04-28,False,36.75,0.939,False,0.341,0.0,True,False,11,False,3,0,0.989,low,False,normal_variation,up
2023-05-01,False,38.88,0.354,True,0.618,0.127,True,False,8,False,1,0,0.104,low,False,normal_variation,up
2023-05-02,False,36.75,1.177,False,0.0,0.659,False,True,7,False,0,1,0.443,high,False,normal_variation,down
2023-05-03,False,38.88,0.373,True,0.862,2.414,True,True,9,False,1,7,0.04,,False,neutral_extreme,down
2023-05-04,False,38.88,0.855,False,0.0,0.083,False,False,12,False,0,0,0.417,high,False,normal,
2023-05-05,False,38.88,0.65,False,1.05,0.0,True,False,7,False,0,0,0.778,low,False,normal_variation,up
2023-05-08,False,40.0,0.35,True,0.089,0.339,False,True,12,False,0,0,0.788,,False,normal_variation,down
2023-05-09,False,38.5,0.305,True,0.213,0.0,True,False,12,False,0,0,0.246,,False,normal_variation,up
2023-05-10,False,38.5,0.805,False,0.0,0.847,False,True,7,False,0,1,0.703,,False,normal_variation,down
2023-05-11,False,38.5,0.558,False,0.174,0.0,False,False,11,False,0,0,0.891,,False,normal,
2023-05-12,False,35.38,0.53,False,0.0,1.48,False,True,7,False,0,3,0.565,high,False,normal_variation,down
2023-05-15,False,35.38,0.594,False,0.536,0.0,True,False,9,False,0,0,0.884,,False,normal_variation,up
2023-05-16,False,35.38,0.615,False,0.0,0.207,False,True,13,False,0,0,0.019,,False,normal_variation,down
2023-05-17,False,35.38,0.523,False,1.878,0.0,True,False,6,False,0,0,0.873,,True,double_distribution_trend,up
2023-05-18,False,38.5,0.591,False,1.231,0.0,True,False,9,False,3,0,0.916,low,False,normal_variation,up
2023-05-19,False,43.62,0.218,True,0.0,2.605,False,True,10,False,0,0,0.38,,False,normal_variation,down
2023-05-22,False,43.62,0.705,False,0.0,0.0,False,False,12,False,0,0,0.48,,False,normal,
2023-05-23,False,43.62,0.304,True,0.0,2.434,False,True,6,False,0,1,0.11,,False,trend,down
2023-05-24,False,43.25,0.503,False,0.149,0.218,False,True,12,False,0,0,0.429,,False,normal_variation,down
2023-05-25,False,40.75,0.595,False,0.567,0.0,True,False,8,False,0,0,0.592,,False,normal_variation,up
2023-05-26,False,37.0,1.081,False,0.394,0.0,True,False,9,False,2,0,0.861,low,False,normal_variation,up
2023-05-30,False,37.0,0.655,False,0.0,0.588,False,True,10,False,0,1,0.39,,False,normal_variation,down
2023-05-31,False,38.25,0.739,False,0.0,0.08,False,False,7,False,0,0,0.566,,False,normal,
2023-06-01,False,37.0,0.527,False,2.167,0.0,True,False,8,False,0,0,0.822,,True,double_distribution_trend,up
2023-06-02,False,37.0,0.669,False,0.97,0.0,True,False,7,False,2,0,0.826,,False,normal_variation,up
2023-06-05,False,38.25,0.484,False,0.081,0.689,False,True,9,False,0,0,0.229,,False,normal_variation,down
2023-06-06,False,36.12,0.457,False,0.591,0.0,True,False,10,False,4,0,0.81,,False,normal_variation,up
2023-06-07,False,36.12,0.464,False,0.0,1.119,False,True,9,False,0,2,0.148,,False,normal_variation,down
2023-06-08,False,36.75,0.449,False,1.303,0.0,True,False,7,False,2,0,0.875,,False,normal_variation,up
2023-06-09,False,36.75,0.544,False,0.025,0.55,False,True,9,False,0,0,0.349,,False,normal_variation,down
2023-06-12,False,36.75,0.252,True,2.973,0.108,True,False,6,False,1,0,0.967,,True,double_distribution_trend,up
2023-06-13,False,36.62,0.696,False,0.059,0.0,False,False,10,False,0,0,0.75,,False,normal,
2023-06-14,False,36.62,0.478,False,0.471,1.729,True,True,8,False,0,0,0.643,,False,neutral_center,
2023-06-15,False,37.88,0.924,False,1.236,0.0,True,False,6,False,1,0,0.837,low,False,trend,up
2023-06-16,False,37.88,0.647,False,0.0,0.735,False,True,9,False,0,1,0.112,high,False,normal_variation,down
2023-06-20,False,37.88,0.838,False,0.071,0.008,False,False,10,False,0,0,0.686,,False,normal,
2023-06-21,False,37.88,0.495,False,0.427,0.027,True,False,10,False,0,0,0.22,,False,normal_variation,up
2023-06-22,False,37.88,0.653,False,0.242,0.0,True,False,10,False,0,0,0.976,,False,normal_variation,up
2023-06-23,False,36.62,0.362,True,0.811,0.189,True,False,8,False,1,0,0.33,,False,normal_variation,up
2023-06-26,False,36.62,0.56,False,0.0,0.683,False,True,10,False,0,3,0.08,,False,normal_variation,down
2023-06-27,False,35.0,0.414,False,2.466,0.0,True,False,5,True,1,0,0.866,low,False,trend,up
2023-06-28,False,35.0,0.379,True,1.34,0.0,True,False,10,False,1,0,0.694,,False,normal_variation,up
2023-06-29,False,34.38,0.531,False,0.534,0.0,True,False,10,False,0,0,0.955,,False,normal_variation,up
2023-06-30,False,34.38,0.655,False,0.467,0.0,True,False,7,False,1,0,0.644,low,False,normal_variation,up
2023-07-03,True,33.62,0.312,True,0.381,0.0,True,False,7,False,0,0,0.862,,False,normal_variation,up
2023-07-05,False,32.88,0.54,False,0.141,0.0,False,False,11,False,0,0,0.63,low,False,normal,
2023-07-06,False,32.25,0.69,False,0.225,0.191,True,False,7,False,0,0,0.857,,False,normal_variation,up
2023-07-07,False,32.25,0.55,False,1.394,0.099,True,False,6,False,0,0,0.068,low,False,normal_variation,up
2023-07-10,False,32.25,0.558,False,0.0,0.264,False,True,11,False,0,0,0.945,,False,normal_variation,down
2023-07-11,False,31.5,0.532,False,1.179,0.0,True,False,10,False,3,0,0.849,,False,normal_variation,up
2023-07-12,False,32.25,0.473,False,0.115,0.639,False,True,9,False,0,0,0.458,,False,normal_variation,down
2023-07-13,False,31.25,0.352,True,1.75,0.0,True,False,8,False,1,0,0.711,,False,normal_variation,up
2023-07-14,False,31.25,0.4,False,0.0,1.36,False,True,8,False,0,3,0.28,,False,normal_variation,down
2023-07-17,False,30.88,0.34,True,1.81,0.0,True,False,8,False,2,0,0.619,low,False,normal_variation,up
2023-07-18,False,30.5,0.598,False,1.699,0.0,True,False,5,True,1,0,0.863,low,False,trend,up
2023-07-19,False,30.5,0.443,False,0.056,0.481,False,True,10,False,0,3,0.361,,False,normal_variation,down
2023-07-20,False,29.88,0.644,False,0.0,0.922,False,True,8,False,0,4,0.209,,False,normal_variation,down
2023-07-21,False,30.5,0.615,False,0.067,0.013,False,False,11,False,0,0,0.0,,False,normal,
2023-07-24,False,29.88,0.594,False,0.338,0.0,True,False,12,False,0,0,0.653,,False,normal_variation,up
2023-07-25,False,29.88,0.435,False,1.25,0.0,True,False,7,False,1,0,0.538,low,False,normal_variation,up
2023-07-26,False,29.5,0.246,True,2.586,1.517,True,True,12,False,0,4,0.608,,False,neutral_center,
2023-07-27,False,29.5,0.627,False,0.0,3.311,False,True,6,False,0,3,0.122,high,True,double_distribution_trend,down
2023-07-28,False,29.5,0.593,False,0.529,0.057,True,False,10,False,0,0,0.649,,False,normal_variation,up
2023-07-31,False,29.5,0.593,False,0.0,0.229,False,True,11,False,0,0,0.849,,False,normal_variation,down
2023-08-01,False,29.38,0.604,False,0.0,0.028,False,False,11,False,0,0,0.548,,False,normal,
2023-08-02,False,29.38,0.664,False,0.0,1.179,False,True,11,False,0,4,0.2,high,False,normal_variation,down
2023-08-03,False,29.5,0.669,False,0.734,0.025,True,False,9,False,0,0,0.417,,False,normal_variation,up
2023-08-04,False,29.5,1.085,False,0.312,0.781,True,True,7,False,0,0,0.082,,False,neutral_extreme,down
2023-08-07,False,29.5,0.627,False,0.581,0.0,True,False,12,False,1,0,0.949,,False,normal_variation,up
2023-08-08,False,29.5,0.958,False,0.381,0.044,True,False,7,False,0,0,0.876,,False,normal_variation,up
2023-08-09,False,29.5,0.415,False,0.0,2.531,False,True,7,False,0,0,0.185,high,False,trend,down
2023-08-10,False,29.88,1.272,False,0.0,0.875,False,True,8,False,0,1,0.179,,False,normal_variation,down
2023-08-11,False,32.12,1.058,False,0.0,0.0,False,False,11,False,0,0,0.676,,False,normal,
2023-08-14,False,34.38,0.589,False,0.877,0.0,True,False,10,False,4,0,0.993,low,False,normal_variation,up
2023-08-15,False,35.88,0.829,False,0.0,0.479,False,True,10,False,0,0,0.159,high,False,normal_variation,down
2023-08-16,False,35.88,0.509,False,0.0,1.575,False,True,7,False,0,3,0.027,,False,normal_variation,down
2023-08-17,False,37.0,0.432,False,0.0,2.578,False,True,7,False,0,2,0.087,high,False,normal_variation,down
2023-08-18,False,37.5,0.607,False,1.022,0.0,True,False,10,False,4,0,0.755,low,False,normal_variation,up
2023-08-21,False,39.12,0.613,False,0.521,0.51,True,True,6,False,0,0,0.831,,False,neutral_extreme,up
2023-08-22,False,41.38,0.453,False,0.0,0.973,False,True,8,False,0,4,0.149,high,False,normal_variation,down
2023-08-23,False,41.38,0.508,False,1.202,0.0,True,False,6,False,0,0,0.843,low,False,trend,up
2023-08-24,False,42.88,0.723,False,0.0,1.726,False,True,7,False,0,2,0.009,high,True,double_distribution_trend,down
2023-08-25,False,42.88,0.95,False,0.031,0.534,False,True,8,False,0,1,0.78,,False,normal_variation,down
2023-08-28,False,43.62,0.332,True,0.155,0.655,False,True,9,False,0,2,0.705,,False,normal_variation,down
2023-08-29,False,43.62,0.837,False,0.932,0.0,True,False,7,False,2,0,0.957,low,False,normal_variation,up
2023-08-30,False,45.0,0.644,False,0.026,0.0,False,False,11,False,0,0,0.773,,False,normal,
2023-08-31,False,45.0,0.294,True,0.113,0.925,False,True,11,False,0,4,0.056,,False,normal_variation,down
2023-09-01,False,45.0,0.572,False,0.0,0.563,False,True,11,False,0,0,0.385,,False,normal_variation,down
2023-09-05,False,43.62,0.407,False,0.07,0.014,False,False,12,False,0,0,0.039,,False,normal,
2023-09-06,False,43.62,0.573,False,0.0,0.89,False,True,8,False,0,1,0.508,high,False,normal_variation,down
2023-09-07,False,45.0,0.361,True,0.738,0.031,True,False,11,False,3,0,0.73,,False,normal_variation,up
2023-09-08,False,45.0,0.472,False,0.094,0.129,False,False,10,False,0,0,0.385,,False,normal,
2023-09-11,False,42.12,0.493,False,0.0,0.133,False,False,7,False,0,0,0.872,,False,normal,
2023-09-12,False,42.12,0.362,True,0.508,0.607,True,True,9,False,0,0,0.186,,False,neutral_extreme,down
2023-09-13,False,42.12,0.54,False,0.198,0.0,False,False,10,False,0,0,0.55,,False,normal,
2023-09-14,False,38.62,0.434,False,1.03,0.0,True,False,8,False,4,0,0.794,,False,normal_variation,up
2023-09-15,False,35.5,0.549,False,0.0,1.385,False,True,6,False,0,3,0.081,high,False,normal_variation,down
2023-09-18,False,35.5,0.345,True,1.0,0.0,True,False,7,False,0,0,0.449,,False,normal_variation,up
2023-09-19,False,33.12,0.672,False,0.022,0.528,False,True,7,False,0,1,0.833,,False,normal_variation,down
2023-09-20,False,33.12,0.325,True,0.0,4.721,False,True,10,False,0,3,0.033,high,False,normal_variation,down
2023-09-21,False,33.12,0.596,False,0.0,1.418,False,True,9,False,0,3,0.047,high,False,normal_variation,down
2023-09-22,False,33.12,0.445,False,0.678,1.153,True,True,8,False,1,1,0.102,,False,neutral_extreme,down
2023-09-25,False,33.12,0.626,False,0.771,0.0,True,False,11,False,4,0,0.98,,False,normal_variation,up
2023-09-26,False,33.12,0.868,False,0.0,0.687,False,True,7,False,0,0,0.175,,False,normal_variation,down
2023-09-27,False,34.25,0.54,False,0.0,1.959,False,True,7,False,0,1,0.694,,False,normal_variation,down
2023-09-28,False,34.25,0.708,False,1.258,0.0,True,False,8,False,1,0,0.68,,False,normal_variation,up
2023-09-29,False,35.62,0.519,False,0.0,2.257,False,True,6,False,0,1,0.253,high,False,normal_variation,down
2023-10-02,False,38.5,0.506,False,0.282,0.885,True,True,9,False,0,0,0.692,,False,neutral_center,
2023-10-03,False,39.25,1.102,False,0.0,0.52,False,True,9,False,0,3,0.232,,False,normal_variation,down
2023-10-04,False,42.0,0.685,False,0.73,0.0,True,False,9,False,3,0,0.844,,False,normal_variation,up
2023-10-05,False,42.0,0.631,False,0.047,0.566,False,True,7,False,0,0,0.784,,False,normal_variation,down
2023-10-06,False,42.5,0.588,False,3.28,0.0,True,False,4,True,1,0,0.846,,True,double_distribution_trend,up
2023-10-09,False,44.62,0.415,False,2.041,0.189,True,False,6,False,2,0,0.904,low,True,double_distribution_trend,up
2023-10-10,False,47.12,0.589,False,0.721,0.0,True,False,9,False,0,0,0.424,low,False,normal_variation,up
2023-10-11,False,47.75,0.377,True,0.056,0.847,False,True,8,False,0,1,0.92,,False,normal_variation,down
2023-10-12,False,47.75,0.44,False,0.155,1.798,False,True,8,False,0,0,0.407,high,True,double_distribution_trend,down
2023-10-13,False,48.12,0.488,False,0.0,1.851,False,True,10,False,0,2,0.257,,False,normal_variation,down
2023-10-16,False,49.12,0.499,False,0.49,0.0,True,False,11,False,0,0,0.678,low,False,normal_variation,up
2023-10-17,False,49.12,0.58,False,1.018,0.0,True,False,8,False,1,0,0.639,low,False,normal_variation,up
2023-10-18,False,52.25,0.383,True,0.0,2.088,False,True,8,False,0,3,0.198,,False,normal_variation,down
2023-10-19,False,52.25,0.488,False,0.559,1.255,True,True,8,False,0,1,0.094,,False,neutral_extreme,down
2023-10-20,False,54.75,0.612,False,0.0,0.642,False,True,9,False,0,3,0.023,,False,normal_variation,down
2023-10-23,False,54.88,0.715,False,0.72,0.0,True,False,9,False,1,0,0.404,,False,normal_variation,up
2023-10-24,False,56.25,0.364,True,0.171,0.854,False,True,7,False,0,0,0.699,,False,normal_variation,down
2023-10-25,False,56.25,0.52,False,0.0,0.701,False,True,6,False,0,0,0.131,high,False,normal_variation,down
2023-10-26,False,56.25,0.511,False,0.0,1.043,False,True,8,False,0,2,0.179,,False,normal_variation,down
2023-10-27,False,58.12,0.37,True,0.047,1.488,False,True,6,False,0,3,0.289,high,False,normal_variation,down
2023-10-30,False,56.25,0.498,False,0.482,0.143,True,False,8,False,0,0,0.747,,False,normal_variation,up
2023-10-31,False,56.25,0.382,True,1.012,0.0,True,False,8,False,1,0,0.936,,False,trend,up
2023-11-01,False,54.75,0.53,False,0.698,0.0,True,False,9,False,0,0,0.832,,False,normal_variation,up
2023-11-02,False,54.75,0.342,True,1.347,0.0,True,False,6,False,2,0,0.966,low,False,normal_variation,up
2023-11-03,False,54.75,0.457,False,0.34,0.0,True,False,9,False,1,0,0.5,low,False,normal_variation,up
2023-11-06,False,52.12,0.278,True,0.0,0.741,False,True,9,False,0,0,0.802,,False,normal_variation,down
2023-11-07,False,49.5,0.404,False,0.55,0.0,True,False,9,False,6,0,0.782,,False,normal_variation,up
2023-11-08,False,49.5,0.288,True,0.0,1.298,False,True,9,False,0,0,0.718,,False,normal_variation,down
2023-11-09,False,49.5,0.434,False,0.0,1.407,False,True,7,False,0,0,0.101,high,False,trend,down
2023-11-10,False,49.5,0.338,True,2.806,0.119,True,False,4,True,0,0,0.951,,True,double_distribution_trend,up
2023-11-13,False,49.5,0.242,True,1.458,0.0,True,False,10,False,0,0,0.619,,False,normal_variation,up
2023-11-14,False,49.5,0.581,False,0.409,0.0,True,False,9,False,4,0,0.667,low,False,normal_variation,up
2023-11-15,False,47.38,0.391,True,0.081,0.324,False,True,11,False,0,0,0.337,,False,normal_variation,down
2023-11-16,False,44.75,0.318,True,0.0,0.719,False,True,10,False,0,0,0.867,,False,normal_variation,down
2023-11-17,False,43.62,0.269,True,0.723,0.128,True,False,8,False,1,0,0.713,,False,normal_variation,up
2023-11-20,False,42.38,0.437,False,1.514,0.0,True,False,6,False,1,0,0.812,low,True,double_distribution_trend,up
2023-11-21,False,42.38,0.307,True,0.231,0.077,True,False,11,False,0,0,0.779,,False,normal_variation,up
2023-11-22,False,41.88,0.609,False,0.0,0.0,False,False,12,False,0,0,0.461,,False,normal,
2023-11-24,True,37.0,0.216,True,0.0,0.031,False,False,8,False,0,0,0.667,,False,nontrend,
2023-11-27,False,33.12,0.355,True,0.234,0.0,True,False,12,False,0,0,0.328,,False,normal_variation,up
2023-11-28,False,31.88,0.251,True,2.5,0.0,True,False,9,False,0,0,0.5,,False,normal_variation,up
2023-11-29,False,30.25,0.744,False,0.0,0.844,False,True,8,False,0,4,0.108,,False,normal_variation,down
2023-11-30,False,30.25,0.529,False,0.688,0.484,True,True,11,False,0,0,0.863,,False,neutral_extreme,up
2023-12-01,False,30.25,0.653,False,1.291,0.0,True,False,9,False,0,0,0.856,,True,double_distribution_trend,up
2023-12-04,False,30.25,0.736,False,0.056,0.124,False,False,11,False,0,0,0.886,,False,normal,
2023-12-05,False,28.75,0.748,False,0.267,0.0,True,False,12,False,0,0,0.642,,False,normal_variation,up
2023-12-06,False,28.75,0.73,False,0.0,1.167,False,True,7,False,0,1,0.088,high,False,trend,down
2023-12-07,False,28.75,0.609,False,0.5,0.0,True,False,11,False,1,0,0.714,,False,normal_variation,up
2023-12-08,False,27.62,1.167,False,0.101,0.0,False,False,7,False,0,0,0.831,low,False,normal,
2023-12-11,False,27.62,0.407,False,1.444,0.0,True,False,7,False,3,0,0.918,low,False,normal_variation,up
2023-12-12,False,27.38,0.648,False,1.056,0.0,True,False,7,False,1,0,0.979,,False,trend,up
2023-12-13,False,27.38,0.256,True,8.536,0.107,True,False,8,False,4,0,0.952,low,True,double_distribution_trend,up
2023-12-14,False,27.38,0.712,False,0.0,1.333,False,True,7,False,0,0,0.637,,False,normal_variation,down
2023-12-15,False,27.75,0.495,False,0.309,0.309,True,True,10,False,4,0,0.427,,False,neutral_center,
2023-12-18,False,27.75,0.405,False,0.956,0.0,True,False,8,False,1,0,0.568,low,False,normal_variation,up
2023-12-19,False,27.75,0.577,False,0.562,0.0,True,False,12,False,4,0,0.95,low,False,normal_variation,up
2023-12-20,False,27.38,0.557,False,0.459,3.967,True,True,8,False,3,0,0.021,,True,neutral_extreme,down
2023-12-21,False,27.75,0.703,False,0.295,0.897,True,True,7,False,0,0,0.93,,False,neutral_extreme,up
2023-12-22,False,31.38,0.502,False,0.0,1.349,False,True,9,False,0,0,0.554,,False,normal_variation,down
2023-12-26,False,35.12,0.327,True,1.304,0.0,True,False,8,False,0,0,0.642,low,False,normal_variation,up
2023-12-27,False,35.12,0.285,True,0.65,0.25,True,True,12,False,2,0,0.961,,False,neutral_extreme,up
2023-12-28,False,35.12,0.171,True,0.375,0.583,True,True,13,False,2,5,0.426,,False,neutral_center,
2023-12-29,False,31.12,0.257,True,0.0,3.781,False,True,8,False,0,1,0.575,,False,normal_variation,down
2024-01-02,False,31.5,0.5,False,0.492,0.54,True,True,8,False,1,0,0.703,,False,neutral_center,
2024-01-03,False,29.75,0.597,False,0.127,0.606,False,True,9,False,0,4,0.195,,False,normal_variation,down
2024-01-04,False,31.38,0.661,False,0.386,0.518,True,True,8,False,0,0,0.07,,False,neutral_extreme,down
2024-01-05,False,33.75,0.985,False,0.008,0.211,False,True,7,False,0,0,0.389,,False,normal_variation,down
2024-01-08,False,33.75,0.504,False,2.838,0.0,True,False,5,True,0,0,0.973,low,True,double_distribution_trend,up
2024-01-09,False,36.0,0.451,False,1.246,0.0,True,False,9,False,1,0,0.699,,False,normal_variation,up
2024-01-10,False,36.5,0.411,False,1.417,0.0,True,False,8,False,1,0,0.745,low,False,normal_variation,up
2024-01-11,False,36.5,1.26,False,0.0,0.293,False,True,6,False,0,0,0.706,high,False,normal_variation,down
2024-01-12,False,36.75,0.748,False,0.0,0.245,False,True,10,False,0,0,0.423,,False,normal_variation,down
2024-01-16,False,36.38,0.784,False,0.132,0.14,False,False,9,False,0,0,0.524,,False,normal,
2024-01-17,False,36.25,0.352,True,0.392,0.922,True,True,10,False,0,0,0.839,,False,neutral_extreme,up
2024-01-18,False,36.25,0.303,True,2.386,0.886,True,True,8,False,3,0,0.872,,False,neutral_extreme,up
2024-01-19,False,36.38,0.405,False,3.017,0.0,True,False,5,True,0,0,0.941,,True,double_distribution_trend,up
2024-01-22,False,36.75,0.361,True,0.0,0.868,False,True,11,False,0,1,0.333,,False,normal_variation,down
2024-01-23,False,36.38,0.275,True,0.775,0.5,True,True,10,False,0,0,0.901,,False,neutral_extreme,up
2024-01-24,False,36.25,0.407,False,0.644,0.932,True,True,7,False,0,0,0.092,,False,neutral_extreme,down
2024-01-25,False,36.25,0.434,False,0.0,0.889,False,True,9,False,0,1,0.916,,False,normal_variation,down
2024-01-26,False,36.25,0.345,True,0.72,0.42,True,True,9,False,0,0,0.355,,False,neutral_center,
2024-01-29,False,36.25,0.248,True,3.528,0.278,True,True,8,False,2,0,0.971,,False,neutral_extreme,up
2024-01-30,False,36.38,0.275,True,0.325,0.25,True,True,11,False,0,0,0.492,,False,neutral_center,
2024-01-31,False,36.25,0.531,False,0.0,2.234,False,True,10,False,0,4,0.008,high,False,normal_variation,down
2024-02-01,False,36.38,0.55,False,1.525,0.238,True,True,6,False,3,0,1.0,,False,neutral_extreme,up
2024-02-02,False,37.25,0.564,False,2.274,0.0,True,False,6,False,2,0,0.735,low,False,normal_variation,up
2024-02-05,False,37.25,0.812,False,0.149,0.165,False,False,9,False,0,0,0.585,,False,normal,
2024-02-06,False,37.25,0.624,False,0.0,0.0,False,False,13,False,0,0,0.86,,False,normal,
2024-02-07,False,36.38,0.729,False,0.208,0.0,True,False,10,False,0,0,0.859,,False,normal_variation,up
2024-02-08,False,36.25,0.207,True,0.533,0.467,True,True,12,False,1,0,0.8,,False,neutral_extreme,up
2024-02-09,False,35.25,0.383,True,1.389,0.0,True,False,6,False,1,0,0.86,,False,trend,up
2024-02-12,False,33.25,0.135,True,4.611,1.778,True,True,6,False,0,0,0.248,,False,neutral_center,
2024-02-13,False,32.75,0.618,False,0.309,1.247,True,True,7,False,0,0,0.681,,False,neutral_center,
2024-02-14,False,32.75,0.679,False,0.506,0.629,True,True,9,False,0,0,0.895,,False,neutral_extreme,up
2024-02-15,False,35.62,0.379,True,1.222,0.352,True,True,7,False,0,0,0.95,,False,neutral_extreme,up
2024-02-16,False,34.0,0.956,False,0.285,0.0,True,False,8,False,0,0,0.186,,False,normal_variation,up
2024-02-20,False,34.0,0.772,False,0.0,0.562,False,True,9,False,0,0,0.591,,False,normal_variation,down
2024-02-21,False,36.38,0.323,True,1.149,1.191,True,True,11,False,0,2,0.936,,False,neutral_extreme,up
2024-02-22,False,38.62,0.634,False,1.265,0.0,True,False,6,False,0,0,0.815,,False,trend,up
2024-02-23,False,39.5,0.272,True,0.0,1.884,False,True,11,False,0,0,0.234,,False,normal_variation,down
2024-02-26,False,39.5,0.259,True,0.0,1.854,False,True,8,False,0,3,0.043,,False,normal_variation,down
2024-02-27,False,39.5,0.31,True,0.388,0.633,True,True,10,False,0,0,0.869,,False,neutral_extreme,up
2024-02-28,False,37.0,0.284,True,0.833,0.0,True,False,10,False,0,0,0.675,,False,normal_variation,up
2024-02-29,False,37.0,0.568,False,0.429,0.69,True,True,9,False,0,0,0.601,,False,neutral_center,
2024-03-01,False,37.0,0.514,False,1.526,0.0,True,False,5,True,1,0,0.911,low,False,trend,up
2024-03-04,False,37.0,0.176,True,2.462,0.0,True,False,10,False,3,0,0.111,low,False,normal_variation,up
2024-03-05,False,34.0,0.779,False,0.0,1.208,False,True,8,False,0,2,0.389,high,False,normal_variation,down
2024-03-06,False,34.0,0.721,False,0.5,0.0,True,False,8,False,1,0,0.388,,False,normal_variation,up
2024-03-07,False,35.75,0.566,False,0.84,0.0,True,False,9,False,2,0,0.711,,False,normal_variation,up
2024-03-08,False,37.0,0.804,False,0.0,1.395,False,True,6,False,0,0,0.091,,False,trend,down
2024-03-11,False,38.25,0.634,False,0.412,0.0,True,False,11,False,0,0,0.818,,False,normal_variation,up
2024-03-12,False,38.25,1.118,False,0.526,0.0,True,False,7,False,3,0,0.912,,False,normal_variation,up
2024-03-13,False,40.12,0.361,True,0.19,0.776,False,True,11,False,0,0,0.544,high,False,normal_variation,down
2024-03-14,False,38.25,1.007,False,0.0,0.39,False,True,11,False,0,1,0.603,high,False,normal_variation,down
2024-03-15,False,38.25,0.667,False,0.137,0.196,False,False,11,False,0,0,0.441,,False,normal,
2024-03-18,False,38.25,0.464,False,0.0,0.69,False,True,12,False,0,2,0.167,,False,normal_variation,down
2024-03-19,False,37.0,0.291,True,3.605,0.0,True,False,7,False,2,0,0.955,,True,double_distribution_trend,up
2024-03-20,False,37.0,0.331,True,3.429,0.184,True,False,10,False,0,0,0.969,,False,trend,up
2024-03-21,False,37.0,0.351,True,0.096,0.654,False,True,9,False,0,1,0.121,,False,normal_variation,down
2024-03-22,False,35.5,0.303,True,0.116,0.465,False,True,11,False,0,2,0.176,,False,normal_variation,down
2024-03-25,False,35.5,0.373,True,0.094,0.0,False,False,12,False,0,0,0.19,,False,nontrend,
2024-03-26,False,35.5,0.232,True,0.0,2.818,False,True,11,False,0,4,0.095,,False,normal_variation,down
2024-03-27,False,35.5,0.599,False,0.776,0.094,True,False,10,False,0,0,0.994,,False,normal_variation,up
2024-03-28,False,37.0,0.27,True,0.6,0.175,True,False,13,False,1,0,0.113,,False,normal_variation,up
2024-04-01,False,35.5,0.444,False,0.0,1.222,False,True,10,False,0,0,0.336,,False,normal_variation,down
2024-04-02,False,34.62,0.585,False,0.321,0.0,True,False,10,False,0,0,0.972,,False,normal_variation,up
2024-04-03,False,34.62,0.874,False,0.116,0.0,False,False,9,False,0,0,0.541,low,False,normal,
2024-04-04,False,34.12,0.374,True,0.118,7.843,False,True,6,False,0,0,0.028,high,True,double_distribution_trend,down
2024-04-05,False,34.12,0.718,False,1.684,0.0,True,False,8,False,1,0,0.677,low,False,normal_variation,up
2024-04-08,False,34.12,0.476,False,0.369,0.077,True,False,11,False,0,0,0.383,,False,normal_variation,up
2024-04-09,False,33.88,1.011,False,0.0,0.927,False,True,9,False,0,0,0.784,high,False,normal_variation,down
2024-04-10,False,33.88,0.745,False,0.406,0.238,True,True,12,False,0,0,0.488,,False,neutral_center,
2024-04-11,False,33.88,1.144,False,0.955,0.0,True,False,5,True,0,0,0.802,,True,double_distribution_trend,up
2024-04-12,False,34.5,0.674,False,0.0,1.957,False,True,6,False,0,3,0.258,,False,normal_variation,down
2024-04-15,False,34.5,0.986,False,0.0,2.5,False,True,5,True,0,2,0.078,high,True,double_distribution_trend,down
2024-04-16,False,37.38,0.629,False,0.543,0.351,True,True,11,False,0,3,0.298,,False,neutral_center,
2024-04-17,False,40.62,0.695,False,0.0,1.549,False,True,8,False,0,0,0.191,high,False,trend,down
2024-04-18,False,40.62,0.628,False,0.745,0.48,True,True,7,False,0,1,0.172,,False,neutral_extreme,down
2024-04-19,False,40.62,0.726,False,0.0,1.263,False,True,7,False,0,2,0.18,,False,normal_variation,down
2024-04-22,False,43.0,0.471,False,2.099,0.395,True,True,6,False,1,0,0.601,,False,neutral_center,
2024-04-23,False,50.62,0.637,False,0.519,0.0,True,False,9,False,3,0,0.898,,False,normal_variation,up
2024-04-24,False,52.88,0.279,True,0.0,1.898,False,True,8,False,0,0,0.544,,False,normal_variation,down
2024-04-25,False,52.88,0.43,False,2.011,0.0,True,False,5,True,1,0,0.883,,True,double_distribution_trend,up
2024-04-26,False,61.25,0.551,False,0.244,0.0,True,False,9,False,1,0,0.595,,False,normal_variation,up
2024-04-29,False,61.25,0.286,True,0.0,1.029,False,True,12,False,0,0,0.803,,False,normal_variation,down
2024-04-30,False,61.25,0.229,True,0.0,4.446,False,True,7,False,0,3,0.0,,False,normal_variation,down
2024-05-01,False,65.88,0.269,True,3.634,0.127,True,False,11,False,0,0,0.044,,False,normal_variation,up
2024-05-02,False,66.38,0.791,False,0.229,0.0,True,False,7,False,0,0,0.86,,False,normal_variation,up
2024-05-03,False,65.88,0.592,False,0.0,0.026,False,False,9,False,0,0,0.688,,False,normal,
2024-05-06,False,65.25,0.199,True,1.577,0.0,True,False,8,False,1,0,0.985,,False,trend,up
2024-05-07,False,65.25,0.149,True,0.667,0.513,True,True,9,False,3,0,0.318,,False,neutral_center,
2024-05-08,False,60.62,0.33,True,0.3,0.0,True,False,11,False,0,0,0.788,low,False,normal_variation,up
2024-05-09,False,60.62,0.285,True,1.072,0.0,True,False,8,False,2,0,0.979,,False,normal_variation,up
2024-05-10,False,52.88,0.392,True,0.0,0.506,False,True,11,False,0,0,0.4,,False,normal_variation,down
2024-05-13,False,46.75,0.342,True,0.0,0.875,False,True,10,False,0,1,0.417,high,False,normal_variation,down
2024-05-14,False,43.62,0.355,True,0.919,0.21,True,True,8,False,0,0,0.826,,False,neutral_extreme,up
2024-05-15,False,42.38,0.389,True,2.061,0.0,True,False,6,False,3,0,0.926,,False,normal_variation,up
2024-05-16,False,42.38,0.313,True,0.566,0.717,True,True,8,False,0,2,0.041,,False,neutral_extreme,down
2024-05-17,False,41.0,0.213,True,0.486,1.143,True,True,12,False,0,1,0.957,,False,neutral_extreme,up
2024-05-20,False,37.88,0.515,False,0.103,0.154,False,False,8,False,0,0,0.388,,False,normal,
2024-05-21,False,35.62,0.267,True,1.632,0.0,True,False,9,False,4,0,0.94,low,False,normal_variation,up
2024-05-22,False,34.5,0.196,True,0.148,4.519,False,True,9,False,0,3,0.588,,False,normal_variation,down
2024-05-23,False,34.5,1.043,False,0.0,1.354,False,True,7,False,0,0,0.15,high,True,double_distribution_trend,down
2024-05-24,False,34.5,0.543,False,0.84,0.0,True,False,9,False,0,0,0.783,,False,normal_variation,up
2024-05-28,False,34.0,0.449,False,0.0,1.262,False,True,10,False,0,0,0.833,high,False,normal_variation,down
2024-05-29,False,34.0,0.471,False,0.219,0.0,True,False,12,False,0,0,0.449,,False,normal_variation,up
2024-05-30,False,33.25,0.489,False,0.169,1.215,False,True,10,False,0,5,0.342,,False,normal_variation,down
2024-05-31,False,33.25,1.203,False,0.731,0.619,True,True,7,False,0,0,0.971,,False,neutral_extreme,up
2024-06-03,False,33.25,0.549,False,0.0,2.644,False,True,8,False,0,2,0.793,high,False,normal_variation,down
2024-06-04,False,33.25,0.609,False,0.704,0.407,True,True,9,False,0,1,0.807,,False,neutral_extreme,up
2024-06-05,False,33.75,0.637,False,1.814,0.0,True,False,5,True,2,0,0.992,,True,double_distribution_trend,up
2024-06-06,False,34.5,0.319,True,0.0,1.545,False,True,9,False,0,2,0.714,,False,normal_variation,down
2024-06-07,False,34.5,0.667,False,0.935,0.0,True,False,10,False,1,0,0.337,,False,normal_variation,up
2024-06-10,False,34.5,0.312,True,2.233,0.0,True,False,9,False,3,0,0.914,,False,normal_variation,up
2024-06-11,False,34.62,0.614,False,1.388,0.0,True,False,7,False,5,0,0.975,,False,normal_variation,up
2024-06-12,False,36.5,0.747,False,0.046,0.358,False,True,12,False,0,0,0.275,,False,normal_variation,down
2024-06-13,False,38.25,0.725,False,0.036,0.306,False,True,8,False,0,0,0.752,high,False,normal_variation,down
2024-06-14,False,37.75,0.45,False,0.721,0.044,True,False,9,False,3,0,0.958,,False,normal_variation,up
2024-06-17,False,37.75,0.351,True,4.226,0.0,True,False,5,True,0,0,0.794,low,True,double_distribution_trend,up
2024-06-18,False,38.25,0.288,True,0.386,0.341,True,True,12,False,0,0,0.934,,False,neutral_extreme,up
2024-06-20,False,38.25,0.464,False,0.0,1.887,False,True,8,False,0,0,0.385,,False,normal_variation,down
2024-06-21,False,38.5,0.494,False,0.408,0.0,True,False,12,False,1,0,0.421,,False,normal_variation,up
2024-06-24,False,38.5,0.851,False,0.0,0.344,False,True,7,False,0,0,0.0,,False,normal_variation,down
2024-06-25,False,38.5,0.299,True,0.935,0.5,True,True,11,False,5,1,0.839,,False,neutral_extreme,up
2024-06-26,False,38.5,0.429,False,0.879,0.106,True,False,12,False,4,0,0.771,,False,normal_variation,up
2024-06-27,False,38.5,0.481,False,0.0,0.351,False,True,11,False,0,4,0.72,,False,normal_variation,down
2024-06-28,False,38.5,0.968,False,0.0,0.993,False,True,5,True,0,2,0.168,,False,normal_variation,down
2024-07-01,False,40.5,0.833,False,0.007,0.03,False,False,10,False,0,0,0.836,high,False,normal,
2024-07-02,False,37.75,0.563,False,1.576,0.0,True,False,7,False,2,0,0.995,low,False,normal_variation,up
2024-07-03,True,37.75,0.43,False,0.969,0.0,True,False,4,True,0,0,0.852,low,False,normal_variation,up
2024-07-05,False,36.12,0.478,False,1.348,0.0,True,False,5,True,2,0,0.901,,False,normal_variation,up
2024-07-08,False,36.12,0.304,True,0.0,1.023,False,True,10,False,0,1,0.551,,False,normal_variation,down
2024-07-09,False,36.12,0.353,True,0.235,0.137,True,False,11,False,0,0,0.2,,False,normal_variation,up
2024-07-10,False,34.88,0.28,True,4.128,0.026,True,False,5,True,0,0,0.915,low,True,double_distribution_trend,up
2024-07-11,False,36.12,0.851,False,0.0,1.138,False,True,9,False,0,1,0.091,,True,double_distribution_trend,down
2024-07-12,False,36.12,0.734,False,1.481,0.0,True,False,6,False,2,0,0.422,low,False,normal_variation,up
2024-07-15,False,36.12,0.408,False,1.407,1.169,True,True,8,False,0,3,0.37,,False,neutral_center,
2024-07-16,False,37.75,0.411,False,1.0,0.0,True,False,11,False,4,0,0.887,,False,normal_variation,up
2024-07-17,False,37.75,0.702,False,0.0,0.491,False,True,11,False,0,0,0.101,,False,normal_variation,down
2024-07-18,False,37.25,0.497,False,0.0,3.946,False,True,7,False,0,2,0.251,,True,double_distribution_trend,down
2024-07-19,False,40.0,0.788,False,0.0,0.992,False,True,8,False,0,1,0.187,,False,normal_variation,down
2024-07-22,False,40.0,0.781,False,0.264,0.12,True,False,8,False,0,0,0.85,,False,normal_variation,up
2024-07-23,False,41.88,0.549,False,0.141,0.391,False,True,11,False,0,0,0.121,,False,normal_variation,down
2024-07-24,False,40.0,0.962,False,0.0,1.331,False,True,6,False,0,2,0.109,high,False,normal_variation,down
2024-07-25,False,41.88,0.997,False,1.413,0.0,True,False,7,False,1,0,0.087,,False,normal_variation,up
2024-07-26,False,46.75,0.679,False,0.835,0.0,True,False,7,False,0,0,0.502,,False,normal_variation,up
2024-07-29,False,51.5,0.456,False,0.011,0.872,False,True,10,False,0,1,0.497,,False,normal_variation,down
2024-07-30,False,47.25,0.545,False,0.0,2.476,False,True,8,False,0,0,0.388,,False,normal_variation,down
2024-07-31,False,51.5,0.592,False,0.959,0.0,True,False,12,False,4,0,0.464,,False,normal_variation,up
2024-08-01,False,51.5,0.99,False,0.0,2.059,False,True,4,True,0,1,0.231,,True,double_distribution_trend,down
2024-08-02,False,55.5,1.356,False,0.0,0.136,False,False,10,False,0,0,0.52,,False,normal,
2024-08-05,False,59.0,1.839,False,0.23,0.0,True,False,9,False,0,0,0.545,,False,normal_variation,up
2024-08-06,False,61.25,1.061,False,0.85,0.0,True,False,7,False,2,0,0.358,,False,normal_variation,up
2024-08-07,False,64.25,0.56,False,0.0,2.806,False,True,5,True,0,1,0.047,,False,trend,down
2024-08-08,False,65.75,0.958,False,0.52,0.0,True,False,8,False,0,0,0.924,,False,normal_variation,up
2024-08-09,False,75.62,0.436,False,0.833,0.0,True,False,7,False,2,0,0.723,,False,normal_variation,up
2024-08-12,False,74.12,0.523,False,0.265,0.0,True,False,11,False,0,0,0.49,,False,normal_variation,up
2024-08-13,False,74.12,0.29,True,1.779,0.0,True,False,7,False,2,0,0.958,low,False,normal_variation,up
2024-08-14,False,74.12,0.327,True,0.722,0.299,True,True,10,False,1,0,0.745,,False,neutral_center,
2024-08-15,False,74.12,0.25,True,1.459,0.0,True,False,7,False,3,0,0.929,,False,normal_variation,up
2024-08-16,False,61.62,0.394,True,0.598,0.0,True,False,7,False,0,0,0.794,low,False,normal_variation,up
2024-08-19,False,60.12,0.308,True,2.122,0.0,True,False,5,True,2,0,0.996,,False,normal_variation,up
2024-08-20,False,60.12,0.349,True,0.0,0.714,False,True,9,False,0,2,0.368,,False,normal_variation,down
2024-08-21,False,60.12,0.32,True,0.649,0.519,True,True,11,False,0,0,0.641,,False,neutral_center,
2024-08-22,False,59.75,0.46,False,0.0,2.0,False,True,7,False,0,3,0.152,high,False,normal_variation,down
2024-08-23,False,59.75,0.728,False,0.0,0.362,False,True,9,False,0,0,0.814,,False,normal_variation,down
2024-08-26,False,59.75,0.406,False,0.0,1.031,False,True,9,False,0,3,0.355,,False,normal_variation,down
2024-08-27,False,59.75,0.477,False,0.333,0.0,True,False,8,False,1,0,0.849,,False,normal_variation,up
2024-08-28,False,59.5,0.214,True,0.0,4.255,False,True,9,False,0,3,0.507,high,False,normal_variation,down
2024-08-29,False,59.5,0.441,False,0.648,0.857,True,True,8,False,1,0,0.186,,False,neutral_extreme,down
2024-08-30,False,59.5,0.315,True,1.013,1.76,True,True,7,False,0,1,0.905,,False,neutral_extreme,up
2024-09-03,False,59.5,0.761,False,0.0,1.503,False,True,7,False,0,2,0.234,high,False,normal_variation,down
2024-09-04,False,59.5,0.475,False,0.566,0.204,True,True,10,False,1,0,0.26,,False,neutral_center,
2024-09-05,False,58.5,0.543,False,0.0,1.118,False,True,8,False,0,1,0.372,,False,normal_variation,down
2024-09-06,False,58.5,1.197,False,0.0,0.746,False,True,9,False,0,3,0.084,,False,normal_variation,down
2024-09-09,False,58.5,0.393,True,0.576,0.62,True,True,8,False,0,0,0.733,,False,neutral_center,
2024-09-10,False,54.12,0.573,False,0.153,0.71,False,True,7,False,0,0,0.931,,False,normal_variation,down
2024-09-11,False,57.75,1.333,False,0.857,0.162,True,False,4,True,0,0,0.931,,True,double_distribution_trend,up
2024-09-12,False,57.75,0.563,False,1.054,0.0,True,False,7,False,1,0,0.948,,False,trend,up
2024-09-13,False,58.5,0.509,False,0.227,0.0,True,False,10,False,0,0,0.685,low,False,normal_variation,up
2024-09-16,False,58.5,0.359,True,0.107,0.429,False,True,8,False,0,0,0.922,,False,normal_variation,down
2024-09-17,False,58.5,0.372,True,0.161,1.529,False,True,7,False,0,0,0.406,,False,normal_variation,down
2024-09-18,False,58.88,0.314,True,2.514,0.838,True,True,12,False,0,5,0.068,,False,neutral_extreme,down
2024-09-19,False,62.5,0.54,False,0.459,0.0,True,False,10,False,0,0,0.604,,False,normal_variation,up
2024-09-20,False,62.5,0.348,True,0.356,0.552,True,True,8,False,0,0,0.711,,False,neutral_center,
2024-09-23,False,58.88,0.357,True,0.0,0.119,False,False,11,False,0,0,0.649,,False,nontrend,
2024-09-24,False,58.12,0.499,False,0.31,0.052,True,False,10,False,3,0,0.968,,False,normal_variation,up
2024-09-25,False,58.12,0.185,True,0.0,1.86,False,True,8,False,0,1,0.374,,False,normal_variation,down
2024-09-26,False,58.12,0.4,False,0.0,1.108,False,True,8,False,0,1,0.505,high,False,normal_variation,down
2024-09-27,False,54.12,0.305,True,0.0,1.394,False,True,8,False,0,2,0.228,,False,normal_variation,down
2024-09-30,False,50.25,0.249,True,2.34,1.78,True,True,11,False,3,0,0.934,,False,neutral_extreme,up
2024-10-01,False,50.25,1.363,False,0.0,0.117,False,False,8,False,0,0,0.359,high,False,normal,
2024-10-02,False,50.25,0.746,False,0.287,0.0,True,False,10,False,0,0,0.762,,False,normal_variation,up
2024-10-03,False,49.88,0.622,False,0.0,0.427,False,True,11,False,0,0,0.525,,False,normal_variation,down
2024-10-04,False,49.12,0.911,False,0.162,0.073,False,False,9,False,0,0,0.91,,False,normal,
2024-10-07,False,49.12,0.3,True,0.0,2.695,False,True,8,False,0,0,0.234,,True,double_distribution_trend,down
2024-10-08,False,49.12,0.387,True,1.263,0.0,True,False,9,False,2,0,0.86,,False,normal_variation,up
2024-10-09,False,48.62,0.401,False,1.705,0.0,True,False,9,False,3,0,0.872,,False,normal_variation,up
2024-10-10,False,48.62,0.437,False,0.435,0.059,True,False,10,False,0,0,0.543,,False,normal_variation,up
2024-10-11,False,46.25,0.93,False,0.047,0.0,False,False,9,False,0,0,0.806,low,False,normal,
2024-10-14,False,46.62,0.617,False,0.583,0.0,True,False,7,False,1,0,0.797,low,False,normal_variation,up
2024-10-15,False,46.88,0.363,True,0.0,2.765,False,True,7,False,0,2,0.203,high,False,normal_variation,down
2024-10-16,False,46.88,0.475,False,0.775,0.0,True,False,6,False,0,0,0.829,,False,normal_variation,up
2024-10-17,False,45.25,0.746,False,0.0,0.193,False,False,9,False,0,0,0.037,high,False,normal,
2024-10-18,False,44.62,0.375,True,0.731,0.0,True,False,8,False,2,0,0.681,,False,normal_variation,up
2024-10-21,False,44.62,0.246,True,0.0,2.955,False,True,10,False,0,0,0.736,,False,normal_variation,down
2024-10-22,False,44.62,0.42,False,1.24,0.0,True,False,7,False,0,0,0.72,,False,normal_variation,up
2024-10-23,False,44.62,0.375,True,0.0,3.403,False,True,4,True,0,0,0.492,high,False,normal_variation,down
2024-10-24,False,45.25,0.331,True,0.0,1.35,False,True,11,False,0,0,0.752,high,False,normal_variation,down
2024-10-25,False,44.62,0.689,False,0.0,1.138,False,True,5,True,0,0,0.16,,True,double_distribution_trend,down
2024-10-28,False,45.25,0.315,True,0.0,0.491,False,True,12,False,0,4,0.153,high,False,normal_variation,down
2024-10-29,False,44.62,0.779,False,0.317,0.0,True,False,8,False,1,0,0.749,,False,normal_variation,up
2024-10-30,False,44.62,0.829,False,0.115,0.0,False,False,7,False,0,0,0.182,,False,normal,
2024-10-31,False,43.88,0.895,False,0.0,0.854,False,True,9,False,0,5,0.014,high,False,normal_variation,down
2024-11-01,False,44.25,1.079,False,0.01,0.063,False,False,8,False,0,0,0.083,,False,normal,
2024-11-04,False,44.25,0.746,False,0.0,0.432,False,True,9,False,0,0,0.423,,False,normal_variation,down
2024-11-05,False,44.25,0.994,False,0.432,0.0,True,False,9,False,3,0,0.992,low,False,normal_variation,up
2024-11-06,False,45.25,0.895,False,0.636,0.0,True,False,6,False,1,0,0.857,,False,normal_variation,up
2024-11-07,False,45.25,0.32,True,1.552,0.0,True,False,9,False,3,0,0.716,low,False,normal_variation,up
2024-11-08,False,45.25,0.309,True,1.554,0.0,True,False,7,False,1,0,0.622,low,False,normal_variation,up
2024-11-11,False,44.5,0.365,True,0.0,0.954,False,True,8,False,0,0,0.591,,False,normal_variation,down
2024-11-12,False,42.75,0.357,True,0.0,2.262,False,True,7,False,0,0,0.518,,False,normal_variation,down
2024-11-13,False,42.75,0.655,False,0.554,0.0,True,False,7,False,0,0,0.552,,False,normal_variation,up
2024-11-14,False,43.5,0.638,False,0.0,0.865,False,True,8,False,0,3,0.155,,False,normal_variation,down
2024-11-15,False,44.62,0.801,False,0.0,0.818,False,True,8,False,0,0,0.312,high,False,normal_variation,down
2024-11-18,False,46.5,0.446,False,1.012,0.0,True,False,11,False,1,0,0.695,,False,normal_variation,up
2024-11-19,False,46.5,0.532,False,1.879,0.0,True,False,6,False,2,0,0.881,,False,normal_variation,up
2024-11-20,False,48.5,1.242,False,0.041,0.0,False,False,11,False,0,0,0.944,high,False,normal,
2024-11-21,False,48.5,1.263,False,0.253,0.016,True,False,6,False,1,0,0.807,,False,normal_variation,up
2024-11-22,False,50.5,0.604,False,0.008,0.0,False,False,12,False,0,0,0.756,,False,normal,
2024-11-25,False,48.5,0.701,False,0.0,0.691,False,True,8,False,0,0,0.4,,False,normal_variation,down
2024-11-26,False,50.5,0.312,True,1.079,0.0,True,False,9,False,1,0,0.786,,False,normal_variation,up
2024-11-27,False,50.5,0.327,True,0.0,1.227,False,True,9,False,0,1,0.422,,False,normal_variation,down
2024-11-29,True,50.5,0.485,False,0.673,0.0,True,False,4,True,1,0,0.793,low,False,normal_variation,up
2024-12-02,False,48.5,0.253,True,0.531,0.0,True,False,12,False,2,0,0.653,,False,normal_variation,up
2024-12-03,False,45.38,0.292,True,0.302,0.094,True,False,9,False,0,0,0.824,,False,normal_variation,up
2024-12-04,False,42.62,0.305,True,1.288,0.0,True,False,9,False,5,0,0.891,,False,normal_variation,up
2024-12-05,False,41.38,0.278,True,0.217,0.674,True,True,10,False,0,4,0.149,,False,neutral_extreme,down
2024-12-06,False,39.0,0.449,False,0.0,0.2,False,False,11,False,0,0,0.405,,False,normal,
2024-12-09,False,38.88,0.444,False,0.0,1.188,False,True,8,False,0,3,0.152,high,False,normal_variation,down
2024-12-10,False,39.38,0.311,True,0.163,1.735,False,True,7,False,0,0,0.218,high,False,normal_variation,down
2024-12-11,False,39.38,0.451,False,0.69,0.0,True,False,9,False,1,0,0.658,low,False,normal_variation,up
2024-12-12,False,37.25,0.409,False,0.328,0.525,True,True,8,False,0,1,0.009,,False,neutral_extreme,down
2024-12-13,False,36.12,0.609,False,0.0,0.977,False,True,8,False,0,2,0.333,,False,normal_variation,down
2024-12-16,False,36.12,0.401,False,0.776,0.0,True,False,7,False,1,0,0.592,,False,normal_variation,up
2024-12-17,False,34.12,0.498,False,0.206,0.132,True,False,10,False,0,0,0.582,,False,normal_variation,up
2024-12-18,False,31.75,0.598,False,0.553,9.671,True,True,8,False,0,0,0.021,,True,neutral_extreme,down
2024-12-19,False,31.75,1.394,False,0.0,0.661,False,True,11,False,0,5,0.034,,False,normal_variation,down
2024-12-20,False,31.75,1.969,False,1.44,0.0,True,False,8,False,0,0,0.682,low,False,normal_variation,up
2024-12-23,False,31.75,1.362,False,0.803,0.0,True,False,5,True,2,0,0.92,,False,normal_variation,up
2024-12-24,True,34.12,0.835,False,1.009,0.0,True,False,5,True,0,0,0.991,,False,trend,up
2024-12-26,False,34.12,0.703,False,0.844,0.0,True,False,8,False,0,0,0.712,,False,normal_variation,up
2024-12-27,False,36.12,1.433,False,0.0,0.406,False,True,9,False,0,1,0.629,high,False,normal_variation,down
2024-12-30,False,36.62,1.024,False,1.0,0.0,True,False,8,False,0,0,0.53,,False,normal_variation,up
2024-12-31,False,36.62,0.696,False,0.0,1.471,False,True,8,False,0,2,0.282,,False,normal_variation,down
2025-01-02,False,40.62,1.243,False,0.0,1.183,False,True,6,False,0,1,0.385,,False,normal_variation,down
2025-01-03,False,43.88,0.724,False,0.976,0.0,True,False,6,False,1,0,0.861,,False,normal_variation,up
2025-01-06,False,50.75,0.631,False,0.234,0.773,True,True,5,True,0,1,0.288,,False,neutral_center,
2025-01-07,False,60.0,0.962,False,0.0,0.913,False,True,8,False,0,1,0.181,high,False,normal_variation,down
2025-01-08,False,62.88,0.453,False,0.623,0.298,True,True,12,False,2,0,0.767,,False,neutral_center,
2025-01-10,False,62.88,1.109,False,0.0,0.097,False,False,8,False,0,0,0.278,high,False,normal,
2025-01-13,False,63.62,0.523,False,0.962,0.0,True,False,7,False,2,0,0.954,low,False,normal_variation,up
2025-01-14,False,64.75,0.479,False,0.0,1.169,False,True,7,False,0,1,0.587,,False,normal_variation,down
2025-01-15,False,66.25,0.592,False,0.242,0.0,True,False,7,False,0,0,0.738,,False,normal_variation,up
2025-01-16,False,66.25,0.449,False,0.042,0.143,False,False,11,False,0,0,0.206,high,False,normal,
2025-01-17,False,66.25,0.306,True,0.914,0.0,True,False,10,False,1,0,0.523,,False,normal_variation,up
2025-01-21,False,66.25,0.43,False,0.535,0.0,True,False,7,False,2,0,0.983,,False,normal_variation,up
2025-01-22,False,64.75,0.255,True,0.485,0.0,True,False,9,False,0,0,0.367,,False,normal_variation,up
2025-01-23,False,63.62,0.122,True,4.516,0.0,True,False,8,False,4,0,0.988,low,False,normal_variation,up
2025-01-24,False,62.88,0.25,True,0.0,1.556,False,True,7,False,0,2,0.267,,False,normal_variation,down
2025-01-27,False,60.0,0.771,False,0.124,0.0,False,False,11,False,0,0,0.962,low,False,normal,
2025-01-28,False,58.75,0.945,False,0.477,0.0,True,False,6,False,2,0,0.884,,False,normal_variation,up
2025-01-29,False,62.88,0.266,True,0.0,1.925,False,True,11,False,0,2,0.531,high,False,normal_variation,down
2025-01-30,False,58.75,0.617,False,0.179,0.469,False,True,8,False,0,0,0.715,,False,normal_variation,down
2025-01-31,False,57.25,0.349,True,0.475,3.025,True,True,7,False,0,0,0.078,,True,neutral_extreme,down
2025-02-03,False,57.25,1.07,False,0.616,0.0,True,False,8,False,2,0,0.735,,False,normal_variation,up
2025-02-04,False,57.25,0.681,False,0.301,0.0,True,False,12,False,3,0,0.877,,False,normal_variation,up
2025-02-05,False,53.38,0.487,False,1.269,0.0,True,False,8,False,3,0,0.958,,True,double_distribution_trend,up
2025-02-06,False,53.38,0.244,True,0.269,1.692,True,True,11,False,0,3,0.961,,False,neutral_extreme,up
2025-02-07,False,51.38,0.866,False,0.0,0.843,False,True,8,False,0,2,0.098,,False,normal_variation,down
2025-02-10,False,51.38,0.414,False,0.329,0.0,True,False,9,False,3,0,0.726,,False,normal_variation,up
2025-02-11,False,49.88,0.371,True,0.878,0.0,True,False,7,False,3,0,0.82,low,False,normal_variation,up
2025-02-12,False,48.88,0.793,False,0.574,0.0,True,False,9,False,1,0,0.803,,False,normal_variation,up
2025-02-13,False,48.88,0.66,False,1.101,0.0,True,False,7,False,3,0,0.959,,False,normal_variation,up
2025-02-14,False,49.88,0.256,True,0.0,0.529,False,True,13,False,0,0,0.308,,False,normal_variation,down
2025-02-18,False,49.88,0.341,True,0.235,0.544,True,True,12,False,0,0,0.983,,False,neutral_extreme,up
2025-02-19,False,49.88,0.145,True,4.138,0.0,True,False,6,False,3,0,0.906,,False,normal_variation,up
2025-02-20,False,49.88,0.947,False,0.0,0.0,False,False,10,False,0,0,0.73,high,False,normal,
2025-02-21,False,49.88,0.757,False,0.0,1.874,False,True,5,True,0,2,0.053,high,True,double_distribution_trend,down
2025-02-24,False,51.38,1.275,False,0.0,0.0,False,False,8,False,0,0,0.118,,False,normal,
2025-02-25,False,55.5,1.315,False,0.0,0.147,False,False,9,False,0,0,0.555,high,False,normal,
2025-02-26,False,59.38,0.712,False,0.077,0.775,False,True,6,False,0,0,0.339,,False,normal_variation,down
2025-02-27,False,59.38,1.276,False,0.0,0.772,False,True,10,False,0,0,0.034,high,False,normal_variation,down
2025-02-28,False,60.38,0.836,False,1.257,0.178,True,False,8,False,0,0,0.943,,False,trend,up
2025-03-03,False,63.25,1.051,False,0.0,1.635,False,True,7,False,0,2,0.234,high,False,normal_variation,down
2025-03-04,False,63.25,1.269,False,0.642,0.0,True,False,8,False,0,0,0.355,,False,normal_variation,up
2025-03-05,False,63.25,0.739,False,1.123,0.417,True,True,7,False,1,0,0.842,,False,neutral_extreme,up
2025-03-06,False,66.62,0.799,False,0.277,0.624,True,True,8,False,1,1,0.274,,False,neutral_center,
2025-03-07,False,73.0,0.733,False,0.243,0.963,True,True,7,False,2,0,0.864,,False,neutral_extreme,up
2025-03-10,False,80.12,0.549,False,0.0,2.176,False,True,5,True,0,3,0.372,,False,normal_variation,down
2025-03-11,False,81.0,0.799,False,0.124,0.571,False,True,8,False,0,2,0.38,,False,normal_variation,down
2025-03-12,False,92.5,0.565,False,0.0,0.813,False,True,11,False,0,0,0.554,,False,normal_variation,down
2025-03-13,False,98.0,0.48,False,0.0,1.011,False,True,7,False,0,1,0.201,high,False,normal_variation,down
2025-03-14,False,98.0,0.446,False,0.937,0.0,True,False,10,False,4,0,0.867,low,False,normal_variation,up
2025-03-17,False,98.0,0.421,False,0.812,0.0,True,False,8,False,0,0,0.639,low,False,normal_variation,up
2025-03-18,False,98.0,0.5,False,0.0,0.209,False,True,13,False,0,0,0.346,high,False,normal_variation,down
2025-03-19,False,98.0,0.388,True,1.493,0.0,True,False,8,False,4,0,0.58,,False,normal_variation,up
2025-03-20,False,98.0,0.77,False,0.07,0.0,False,False,9,False,0,0,0.372,low,False,normal,
2025-03-21,False,98.0,0.25,True,1.857,0.0,True,False,8,False,4,0,0.889,,False,normal_variation,up
2025-03-24,False,94.75,0.338,True,0.547,0.0,True,False,10,False,4,0,0.758,,False,normal_variation,up
2025-03-25,False,94.75,0.198,True,0.333,0.147,True,False,11,False,0,0,0.595,,False,normal_variation,up
2025-03-26,False,94.75,0.396,True,0.0,1.44,False,True,6,False,0,2,0.167,,True,double_distribution_trend,down
2025-03-27,False,94.75,0.491,False,0.285,0.0,True,False,11,False,0,0,0.343,,False,normal_variation,up
2025-03-28,False,94.62,0.732,False,0.0,0.646,False,True,7,False,0,3,0.064,high,False,normal_variation,down
2025-03-31,False,94.62,0.502,False,1.926,0.0,True,False,7,False,3,0,0.881,,True,double_distribution_trend,up
2025-04-01,False,94.62,0.526,False,0.899,0.0,True,False,6,False,0,0,0.788,,False,normal_variation,up
2025-04-02,False,94.5,0.664,False,1.048,0.0,True,False,8,False,0,0,0.772,low,False,normal_variation,up
2025-04-03,False,94.5,0.688,False,0.0,0.723,False,True,9,False,0,3,0.067,,False,normal_variation,down
2025-04-04,False,94.5,1.042,False,0.0,1.147,False,True,8,False,0,5,0.026,,False,normal_variation,down
2025-04-07,False,94.5,4.439,False,0.0,0.0,False,False,9,False,0,0,0.552,,False,normal,
2025-04-08,False,94.5,0.786,False,0.0,3.912,False,True,5,True,0,2,0.211,high,True,double_distribution_trend,down
2025-04-09,False,94.5,1.106,False,4.141,0.026,True,False,8,False,2,0,0.944,low,True,double_distribution_trend,up
2025-04-10,False,94.5,0.775,False,0.0,2.307,False,True,8,False,0,0,0.631,high,False,normal_variation,down
2025-04-11,False,94.62,0.927,False,0.886,0.014,True,False,6,False,1,0,0.831,,False,normal_variation,up
2025-04-14,False,103.38,0.505,False,0.0,1.019,False,True,7,False,0,0,0.488,high,False,normal_variation,down
2025-04-15,False,108.75,0.478,False,0.0,0.26,False,True,8,False,0,0,0.126,,False,normal_variation,down
2025-04-16,False,108.75,0.393,True,0.287,2.222,True,True,8,False,0,0,0.362,,True,neutral_center,
2025-04-17,False,113.0,0.376,True,0.453,0.288,True,True,11,False,1,0,0.341,,False,neutral_center,
2025-04-21,False,113.0,0.584,False,0.0,1.049,False,True,6,False,0,1,0.416,high,False,normal_variation,down
2025-04-22,False,121.25,0.363,True,1.347,0.0,True,False,7,False,1,0,0.758,low,False,normal_variation,up
2025-04-23,False,121.25,0.487,False,0.0,0.966,False,True,9,False,0,3,0.125,,False,normal_variation,down
2025-04-24,False,122.25,0.577,False,0.723,0.0,True,False,7,False,3,0,0.922,,False,normal_variation,up
2025-04-25,False,125.0,0.34,True,0.7,0.047,True,False,7,False,0,0,0.916,,False,normal_variation,up
2025-04-28,False,125.0,0.316,True,0.0,1.196,False,True,6,False,0,1,0.686,,False,normal_variation,down
2025-04-29,False,125.0,0.342,True,0.626,0.0,True,False,8,False,0,0,0.802,low,False,normal_variation,up
2025-04-30,False,118.75,0.516,False,1.469,0.0,True,False,10,False,5,0,0.85,,False,normal_variation,up
2025-05-01,False,125.0,0.29,True,0.524,0.234,True,True,10,False,0,0,0.098,,False,neutral_extreme,down
2025-05-02,False,118.75,0.343,True,0.515,0.0,True,False,8,False,2,0,0.696,,False,normal_variation,up
2025-05-05,False,118.75,0.223,True,0.925,0.0,True,False,9,False,2,0,0.377,,False,normal_variation,up
2025-05-06,False,110.75,0.361,True,0.619,0.0,True,False,11,False,2,0,0.286,,False,normal_variation,up
2025-05-07,False,104.38,0.242,True,0.733,1.396,True,True,11,False,0,4,0.668,,False,neutral_center,
2025-05-08,False,95.0,0.361,True,1.394,0.175,True,False,8,False,0,0,0.381,,False,normal_variation,up
2025-05-09,False,87.38,0.426,False,0.0,0.275,False,True,11,False,0,0,0.321,,False,normal_variation,down
2025-05-12,False,82.88,0.462,False,0.353,0.229,True,True,7,False,2,0,0.967,,False,neutral_extreme,up
2025-05-13,False,76.62,0.672,False,0.233,0.0,True,False,10,False,0,0,0.63,low,False,normal_variation,up
2025-05-14,False,74.12,0.354,True,0.0,0.333,False,True,11,False,0,3,0.557,,False,normal_variation,down
2025-05-15,False,74.12,0.283,True,1.857,0.0,True,False,7,False,0,0,0.896,low,True,double_distribution_trend,up
2025-05-16,False,71.75,0.23,True,1.773,0.424,True,True,6,False,1,0,0.957,,False,neutral_extreme,up
2025-05-19,False,67.12,0.782,False,0.433,0.0,True,False,7,False,0,0,0.917,low,False,normal_variation,up
2025-05-20,False,67.12,0.238,True,0.266,1.5,True,True,10,False,0,1,0.734,,False,neutral_center,
2025-05-21,False,64.25,0.482,False,0.379,2.121,True,True,6,False,0,0,0.106,,True,neutral_extreme,down
2025-05-22,False,64.25,0.588,False,0.384,0.0,True,False,8,False,1,0,0.301,,False,normal_variation,up
2025-05-23,False,63.62,0.519,False,0.917,0.0,True,False,7,False,2,0,0.577,low,False,normal_variation,up
2025-05-27,False,63.38,0.623,False,0.785,0.0,True,False,7,False,0,0,0.961,,False,normal_variation,up
2025-05-28,False,63.38,0.454,False,0.0,1.017,False,True,10,False,0,5,0.121,,False,normal_variation,down
2025-05-29,False,62.5,0.764,False,0.0,0.513,False,True,11,False,0,0,0.543,high,False,normal_variation,down
2025-05-30,False,62.5,0.536,False,0.425,0.948,True,True,9,False,0,0,0.774,,False,neutral_center,
2025-06-02,False,62.5,0.756,False,0.661,0.0,True,False,9,False,1,0,0.978,,False,normal_variation,up
2025-06-03,False,63.38,0.331,True,1.524,0.0,True,False,8,False,0,0,0.816,low,False,trend,up
2025-06-04,False,63.38,0.387,True,0.01,0.0,False,False,11,False,0,0,0.162,,False,nontrend,
2025-06-05,False,61.88,0.651,False,0.28,0.714,True,True,8,False,0,1,0.237,,False,neutral_center,
2025-06-06,False,61.88,0.4,False,0.0,0.636,False,True,10,False,0,1,0.543,,False,normal_variation,down
2025-06-09,False,60.25,0.253,True,0.82,0.0,True,False,8,False,0,0,0.36,,False,normal_variation,up
2025-06-10,False,60.25,0.187,True,2.0,0.956,True,True,8,False,4,0,0.899,,False,neutral_extreme,up
2025-06-11,False,59.0,0.458,False,0.074,1.093,False,True,8,False,0,0,0.38,,False,normal_variation,down
2025-06-12,False,58.25,0.545,False,0.339,0.0,True,False,10,False,2,0,0.988,,False,normal_variation,up
2025-06-13,False,58.25,0.644,False,0.4,0.32,True,True,7,False,0,1,0.229,,False,neutral_center,
2025-06-16,False,58.25,0.674,False,0.064,0.0,False,False,9,False,0,0,0.587,low,False,normal,
2025-06-17,False,58.25,0.339,True,0.038,1.506,False,True,7,False,0,0,0.164,,False,trend,down
2025-06-18,False,55.5,0.68,False,0.04,0.219,False,True,9,False,0,0,0.195,,False,normal_variation,down
2025-06-20,False,55.5,0.761,False,0.0,0.604,False,True,9,False,0,3,0.199,,False,normal_variation,down
2025-06-23,False,55.5,0.86,False,0.487,0.361,True,True,6,False,1,0,0.946,,False,neutral_extreme,up
2025-06-24,False,58.25,0.365,True,1.176,0.0,True,False,6,False,3,0,0.751,,False,normal_variation,up
2025-06-25,False,55.5,0.216,True,0.0,1.458,False,True,8,False,0,2,0.568,,False,normal_variation,down
2025-06-26,False,51.62,0.324,True,1.433,0.0,True,False,6,False,5,0,0.908,,False,normal_variation,up
2025-06-27,False,48.88,0.573,False,0.321,0.67,True,True,7,False,1,0,0.717,,False,neutral_center,
2025-06-30,False,48.88,0.317,True,1.081,0.581,True,True,11,False,0,0,0.661,,False,neutral_center,
2025-07-01,False,46.88,0.405,False,0.447,0.342,True,True,10,False,0,0,0.632,,False,neutral_center,
2025-07-02,False,45.38,0.468,False,0.8,0.0,True,False,7,False,2,0,0.967,,False,normal_variation,up
2025-07-03,True,43.5,0.649,False,0.434,0.0,True,False,6,False,1,0,0.759,low,False,normal_variation,up
2025-07-07,False,43.5,0.374,True,0.0,2.908,False,True,8,False,0,2,0.461,,False,normal_variation,down
2025-07-08,False,43.5,0.471,False,0.22,0.061,True,False,13,False,0,0,0.305,,False,normal_variation,up
2025-07-09,False,43.5,0.494,False,0.0,0.826,False,True,8,False,0,0,0.79,,False,normal_variation,down
2025-07-10,False,43.5,0.322,True,1.821,0.0,True,False,6,False,1,0,0.722,,False,normal_variation,up
2025-07-11,False,42.12,0.659,False,0.234,0.0,True,False,11,False,0,0,0.599,,False,normal_variation,up
2025-07-14,False,41.5,0.464,False,0.792,0.0,True,False,7,False,1,0,0.877,,False,normal_variation,up
2025-07-15,False,41.0,0.659,False,0.0,1.213,False,True,8,False,0,3,0.004,high,False,normal_variation,down
2025-07-16,False,41.0,0.598,False,0.276,1.49,True,True,7,False,0,0,0.911,,False,neutral_extreme,up
2025-07-17,False,41.0,0.518,False,1.047,0.0,True,False,5,True,1,0,0.925,low,False,trend,up
2025-07-18,False,41.0,0.543,False,0.0,0.36,False,True,11,False,0,0,0.38,high,False,normal_variation,down
2025-07-21,False,40.62,0.683,False,0.063,0.126,False,False,10,False,0,0,0.129,,False,normal,
2025-07-22,False,40.0,0.762,False,0.148,0.0,False,False,8,False,0,0,0.764,,False,normal,
2025-07-23,False,39.38,0.508,False,1.288,0.0,True,False,5,True,2,0,0.995,,False,normal_variation,up
2025-07-24,False,39.38,0.356,True,0.571,0.0,True,False,11,False,2,0,0.25,,False,normal_variation,up
2025-07-25,False,39.38,0.21,True,2.455,0.0,True,False,6,False,2,0,0.816,low,False,normal_variation,up
2025-07-28,False,38.75,0.258,True,0.0,1.55,False,True,8,False,0,2,0.559,,False,normal_variation,down
2025-07-29,False,36.62,0.396,True,0.0,2.017,False,True,9,False,0,3,0.223,high,False,normal_variation,down
2025-07-30,False,36.62,0.389,True,0.737,2.684,True,True,11,False,2,0,0.488,,False,neutral_center,
2025-07-31,False,38.75,0.606,False,0.0,2.947,False,True,7,False,0,4,0.137,high,False,normal_variation,down
2025-08-01,False,39.38,1.721,False,0.0,0.063,False,False,11,False,0,0,0.333,high,False,normal,
2025-08-04,False,39.38,1.029,False,0.395,0.0,True,False,10,False,2,0,0.973,low,False,normal_variation,up
2025-08-05,False,39.38,0.87,False,0.0,0.642,False,True,9,False,0,0,0.173,,False,normal_variation,down
2025-08-06,False,41.5,0.608,False,1.129,0.0,True,False,9,False,2,0,0.856,,False,normal_variation,up
2025-08-07,False,43.62,0.9,False,0.0,1.038,False,True,7,False,0,1,0.412,high,False,normal_variation,down
2025-08-08,False,44.75,0.687,False,0.276,0.0,True,False,9,False,0,0,0.873,low,False,normal_variation,up
2025-08-11,False,44.75,0.257,True,0.87,1.957,True,True,8,False,0,2,0.284,,False,neutral_center,
2025-08-12,False,44.88,0.696,False,0.968,0.0,True,False,6,False,1,0,0.959,,False,normal_variation,up
2025-08-13,False,44.88,0.513,False,0.0,0.554,False,True,9,False,0,1,0.622,,False,normal_variation,down
2025-08-14,False,43.88,0.524,False,0.446,0.0,True,False,10,False,3,0,0.782,,False,normal_variation,up
2025-08-15,False,43.88,0.678,False,0.0,0.227,False,True,13,False,0,0,0.274,high,False,normal_variation,down
2025-08-18,False,43.88,0.325,True,0.0,0.263,False,True,13,False,0,0,0.639,,False,normal_variation,down
2025-08-19,False,43.88,0.49,False,0.0,1.651,False,True,6,False,0,2,0.237,,False,normal_variation,down
2025-08-20,False,44.88,1.354,False,0.0,0.119,False,False,9,False,0,0,0.75,high,False,normal,
2025-08-21,False,48.88,0.752,False,0.0,0.143,False,False,11,False,0,0,0.429,,False,normal,
2025-08-22,False,48.88,1.714,False,0.119,0.0,False,False,11,False,0,0,0.861,low,False,normal,
2025-08-25,False,55.0,0.236,True,0.462,0.808,True,True,8,False,0,0,0.042,,False,neutral_extreme,down
2025-08-26,False,55.0,0.314,True,1.348,0.0,True,False,8,False,1,0,0.901,,False,trend,up
2025-08-27,False,55.0,0.35,True,0.545,0.0,True,False,9,False,1,0,0.723,low,False,normal_variation,up
2025-08-28,False,48.88,0.568,False,0.523,0.0,True,False,5,True,1,0,0.858,,False,normal_variation,up
2025-08-29,False,43.12,0.986,False,0.0,0.112,False,False,12,False,0,0,0.418,high,False,normal,
2025-09-02,False,43.12,0.968,False,0.066,0.275,False,True,7,False,0,0,0.969,,False,normal_variation,down
2025-09-03,False,43.12,0.388,True,0.582,0.672,True,True,10,False,1,0,0.848,,False,neutral_extreme,up
2025-09-04,False,42.12,0.439,False,2.054,0.0,True,False,6,False,2,0,0.973,,False,normal_variation,up
2025-09-05,False,42.12,1.484,False,0.0,0.436,False,True,11,False,0,0,0.435,high,False,normal_variation,down
2025-09-08,False,42.12,0.326,True,0.545,0.364,True,True,10,False,0,0,0.638,,False,neutral_center,
2025-09-09,False,42.12,0.32,True,0.833,0.907,True,True,7,False,1,0,0.858,,False,neutral_extreme,up
2025-09-10,False,41.25,0.448,False,0.0,1.149,False,True,8,False,0,2,0.421,,False,normal_variation,down
2025-09-11,False,40.12,0.673,False,0.778,0.0,True,False,10,False,1,0,0.839,,False,normal_variation,up
2025-09-12,False,41.25,0.261,True,0.953,0.186,True,False,10,False,2,0,0.207,,False,normal_variation,up
2025-09-15,False,41.25,0.303,True,0.26,0.18,True,False,11,False,1,0,0.903,,False,normal_variation,up
2025-09-16,False,41.25,0.533,False,0.0,0.182,False,False,12,False,0,0,0.279,,False,normal,
2025-09-17,False,41.25,0.388,True,0.672,3.047,True,True,11,False,0,2,0.652,,False,neutral_center,
2025-09-18,False,41.25,1.048,False,0.104,0.0,False,False,10,False,0,0,0.461,,False,normal,
2025-09-19,False,41.25,0.352,True,1.397,0.655,True,True,8,False,0,0,0.78,,False,neutral_center,
2025-09-22,False,41.38,0.471,False,1.615,0.0,True,False,5,True,2,0,0.902,low,False,normal_variation,up
2025-09-23,False,41.38,0.248,True,0.0,4.341,False,True,5,True,0,1,0.256,,True,double_distribution_trend,down
2025-09-24,False,43.25,0.52,False,0.0,1.244,False,True,9,False,0,0,0.277,high,True,double_distribution_trend,down
2025-09-25,False,45.75,0.902,False,0.061,0.17,False,False,10,False,0,0,0.714,,False,normal,
2025-09-26,False,47.5,0.979,False,0.0,0.0,False,False,9,False,0,0,0.839,,False,normal,
2025-09-29,False,47.5,0.326,True,0.0,1.258,False,True,10,False,0,2,0.514,,False,normal_variation,down
2025-09-30,False,47.12,0.345,True,1.877,0.231,True,True,10,False,1,0,0.876,,False,neutral_extreme,up
2025-10-01,False,47.12,0.573,False,1.38,0.0,True,False,4,True,2,0,0.86,low,False,normal_variation,up
2025-10-02,False,47.88,0.486,False,0.0,0.667,False,True,7,False,0,1,0.652,high,False,normal_variation,down
2025-10-03,False,47.12,0.355,True,0.701,1.045,True,True,7,False,1,0,0.239,,False,neutral_center,
2025-10-06,False,46.25,0.481,False,0.404,0.0,True,False,7,False,1,0,0.704,,False,normal_variation,up
2025-10-07,False,46.25,0.389,True,0.0,2.028,False,True,10,False,0,0,0.28,high,True,double_distribution_trend,down
2025-10-08,False,47.12,0.557,False,0.476,0.0,True,False,10,False,4,0,0.968,,False,normal_variation,up
2025-10-09,False,47.12,0.615,False,0.0,0.681,False,True,8,False,0,2,0.421,high,False,normal_variation,down
2025-10-10,False,47.12,0.472,False,0.0,8.652,False,True,6,False,0,2,0.015,high,True,double_distribution_trend,down
2025-10-13,False,48.25,0.731,False,0.411,0.0,True,False,10,False,1,0,0.658,,False,normal_variation,up
2025-10-14,False,49.25,1.391,False,0.887,0.0,True,False,7,False,0,0,0.718,,False,normal_variation,up
2025-10-15,False,50.12,0.848,False,0.0,1.712,False,True,7,False,0,0,0.551,,False,normal_variation,down
2025-10-16,False,50.12,0.539,False,0.231,3.157,True,True,5,True,0,1,0.308,,False,neutral_center,
2025-10-17,False,50.5,1.109,False,0.366,0.018,True,False,9,False,0,0,0.816,,False,normal_variation,up
2025-10-20,False,50.62,0.622,False,0.587,0.0,True,False,7,False,1,0,0.805,low,False,normal_variation,up
2025-10-21,False,50.5,0.381,True,0.584,0.0,True,False,12,False,2,0,0.418,,False,normal_variation,up
2025-10-22,False,50.25,0.542,False,0.0,2.248,False,True,7,False,0,1,0.523,high,False,normal_variation,down
2025-10-23,False,50.25,0.597,False,0.658,0.0,True,False,7,False,1,0,0.779,low,False,normal_variation,up
2025-10-24,False,49.88,0.461,False,0.25,0.0,True,False,11,False,0,0,0.513,,False,normal_variation,up
2025-10-27,False,49.88,0.311,True,1.242,0.0,True,False,8,False,0,0,0.878,,False,trend,up
2025-10-28,False,49.88,0.411,False,0.854,0.183,True,False,6,False,0,0,0.539,,False,normal_variation,up
2025-10-29,False,49.75,0.317,True,0.0,3.429,False,True,11,False,0,3,0.656,,False,normal_variation,down
2025-10-30,False,49.75,0.925,False,0.0,0.332,False,True,10,False,0,0,0.02,,False,normal_variation,down
2025-10-31,False,49.88,0.576,False,0.0,1.052,False,True,8,False,0,1,0.483,high,False,normal_variation,down
2025-11-03,False,52.25,1.086,False,0.0,0.057,False,False,9,False,0,0,0.596,high,False,normal,
2025-11-04,False,56.75,0.885,False,0.065,0.02,False,False,9,False,0,0,0.161,,False,normal,
2025-11-05,False,56.75,0.7,False,0.711,0.0,True,False,7,False,0,0,0.507,,False,normal_variation,up
2025-11-06,False,59.5,0.832,False,0.0,0.778,False,True,9,False,0,0,0.188,,False,normal_variation,down
2025-11-07,False,60.62,0.664,False,0.789,0.696,True,True,6,False,0,1,0.978,,False,neutral_extreme,up
2025-11-10,False,60.62,0.367,True,1.348,0.933,True,True,4,True,1,0,0.88,,False,neutral_extreme,up
2025-11-11,False,64.62,0.317,True,1.354,0.049,True,False,6,False,1,0,0.858,,True,double_distribution_trend,up
2025-11-12,False,60.62,0.359,True,0.0,0.874,False,True,10,False,0,1,0.589,high,False,normal_variation,down
2025-11-13,False,59.5,0.563,False,0.0,2.119,False,True,5,True,0,3,0.153,high,True,double_distribution_trend,down
2025-11-14,False,59.5,1.134,False,0.852,0.0,True,False,8,False,1,0,0.7,,True,double_distribution_trend,up
2025-11-17,False,59.5,0.811,False,0.0,1.409,False,True,6,False,0,3,0.303,,True,double_distribution_trend,down
2025-11-18,False,60.62,1.249,False,0.112,0.122,False,False,7,False,0,0,0.465,,False,normal,
2025-11-19,False,64.62,1.133,False,0.0,0.188,False,False,11,False,0,0,0.457,,False,normal,
2025-11-20,False,64.62,0.46,False,0.042,6.983,False,True,7,False,0,2,0.026,,True,double_distribution_trend,down
2025-11-21,False,68.88,0.603,False,1.964,0.373,True,True,7,False,1,0,0.603,,False,neutral_center,
2025-11-24,False,71.38,0.592,False,1.012,0.0,True,False,6,False,3,0,0.847,,True,double_distribution_trend,up
2025-11-25,False,79.0,0.703,False,1.126,0.0,True,False,7,False,2,0,0.896,,True,double_distribution_trend,up
2025-11-26,False,86.0,0.328,True,0.805,0.0,True,False,10,False,0,0,0.578,,False,normal_variation,up
2025-11-28,True,86.0,0.218,True,0.733,0.0,True,False,6,False,1,0,0.8,low,False,normal_variation,up
2025-12-01,False,86.0,0.366,True,0.365,0.0,True,False,8,False,0,0,0.378,low,False,normal_variation,up
2025-12-02,False,86.0,0.221,True,0.303,1.092,True,True,11,False,1,1,0.467,,False,neutral_center,
2025-12-03,False,86.0,0.314,True,0.963,0.0,True,False,7,False,1,0,0.797,,False,normal_variation,up
2025-12-04,False,86.0,0.375,True,0.0,0.256,False,True,11,False,0,0,0.772,high,False,normal_variation,down
2025-12-05,False,86.0,0.349,True,0.033,0.25,False,True,11,False,0,0,0.266,,False,normal_variation,down
2025-12-08,False,79.0,0.358,True,0.0,0.805,False,True,8,False,0,2,0.417,high,False,normal_variation,down
2025-12-09,False,63.0,0.337,True,0.2,0.129,False,False,9,False,0,0,0.168,,False,nontrend,
2025-12-10,False,52.0,0.418,False,2.552,0.0,True,False,11,False,2,0,0.793,,False,normal_variation,up
2025-12-11,False,65.12,0.718,False,0.524,0.0,True,False,6,False,0,0,0.982,,False,normal_variation,up
2025-12-12,False,74.25,0.714,False,0.0,0.849,False,True,8,False,0,0,0.268,high,False,normal_variation,down
2025-12-15,False,74.25,0.882,False,0.0,0.0,False,False,12,False,0,0,0.221,high,False,normal,
2025-12-16,False,68.38,0.684,False,0.0,0.321,False,True,11,False,0,0,0.619,,False,normal_variation,down
2025-12-17,False,63.62,0.468,False,0.0,2.218,False,True,7,False,0,4,0.016,high,False,normal_variation,down
2025-12-18,False,63.62,0.546,False,0.482,0.252,True,True,9,False,1,0,0.278,,False,neutral_center,
2025-12-19,False,61.0,0.684,False,0.15,0.0,False,False,10,False,0,0,0.891,low,False,normal,
2025-12-22,False,56.62,0.296,True,0.507,0.149,True,False,10,False,0,0,0.757,,False,normal_variation,up
2025-12-23,False,52.0,0.476,False,0.818,0.0,True,False,6,False,1,0,0.922,low,False,normal_variation,up
2025-12-24,True,51.0,0.294,True,1.05,0.0,True,False,4,True,1,0,0.74,low,False,normal_variation,up
2025-12-26,False,49.5,0.424,False,0.0,0.19,False,False,11,False,0,0,0.44,,False,normal,
2025-12-29,False,46.75,0.519,False,0.0,0.309,False,True,10,False,0,0,0.598,,False,normal_variation,down
2025-12-30,False,46.75,0.396,True,0.041,0.081,False,False,12,False,0,0,0.217,,False,nontrend,
2025-12-31,False,46.75,0.556,False,0.0,1.202,False,True,10,False,0,4,0.026,high,False,normal_variation,down
2026-01-02,False,49.5,1.101,False,0.0,0.339,False,True,8,False,0,2,0.459,,False,normal_variation,down
2026-01-05,False,49.5,0.455,False,0.367,0.0,True,False,10,False,0,0,0.431,low,False,normal_variation,up
2026-01-06,False,49.5,0.641,False,0.449,0.0,True,False,6,False,0,0,0.886,low,False,normal_variation,up
2026-01-07,False,49.5,0.409,False,0.42,0.926,True,True,9,False,0,0,0.079,,False,neutral_extreme,down
2026-01-08,False,47.75,0.545,False,0.25,0.0,True,False,13,False,0,0,0.638,,False,normal_variation,up
2026-01-09,False,47.75,0.895,False,0.444,0.0,True,False,6,False,1,0,0.794,,False,normal_variation,up
2026-01-12,False,47.75,0.712,False,0.662,0.0,True,False,6,False,2,0,0.836,low,False,normal_variation,up
2026-01-13,False,47.75,0.853,False,0.0,0.166,False,False,10,False,0,0,0.505,,False,normal,
2026-01-14,False,47.5,0.874,False,0.0,0.361,False,True,8,False,0,2,0.792,,False,normal_variation,down
2026-01-15,False,47.5,0.326,True,0.468,1.274,True,True,10,False,1,0,0.235,,False,neutral_center,
2026-01-16,False,46.75,0.594,False,0.0,0.505,False,True,11,False,0,0,0.383,,False,normal_variation,down
2026-01-20,False,45.5,0.687,False,0.248,1.392,True,True,6,False,0,0,0.139,,True,neutral_extreme,down
2026-01-21,False,45.5,1.0,False,1.192,0.181,True,False,7,False,3,0,0.683,,False,normal_variation,up
2026-01-22,False,45.5,0.857,False,0.115,0.0,False,False,8,False,0,0,0.471,,False,normal,
2026-01-23,False,45.5,0.604,False,0.418,0.0,True,False,9,False,0,0,0.526,,False,normal_variation,up
2026-01-26,False,44.75,0.804,False,0.208,0.0,True,False,10,False,0,0,0.661,,False,normal_variation,up
2026-01-27,False,44.75,0.436,False,0.551,0.0,True,False,11,False,0,0,0.678,,False,normal_variation,up
2026-01-28,False,44.75,0.413,False,0.0,1.149,False,True,10,False,0,2,0.384,,False,normal_variation,down
2026-01-29,False,44.75,1.849,False,0.0,0.489,False,True,9,False,0,0,0.742,high,False,normal_variation,down
2026-01-30,False,46.75,0.615,False,0.078,1.443,False,True,12,False,0,1,0.679,,False,normal_variation,down
2026-02-02,False,46.75,1.353,False,0.194,0.0,False,False,9,False,0,0,0.811,low,False,normal,
2026-02-03,False,46.75,1.342,False,0.0,1.084,False,True,5,True,0,1,0.415,high,False,normal_variation,down
2026-02-04,False,47.5,1.058,False,0.0,0.955,False,True,8,False,0,0,0.445,,False,normal_variation,down
2026-02-05,False,52.0,1.466,False,0.0,0.046,False,False,10,False,0,0,0.204,,False,normal,
2026-02-06,False,56.5,1.009,False,1.022,0.0,True,False,7,False,1,0,0.855,low,False,trend,up
2026-02-09,False,59.12,0.786,False,0.64,0.0,True,False,9,False,2,0,0.734,,True,double_distribution_trend,up
2026-02-10,False,64.5,0.465,False,0.05,0.6,False,True,8,False,0,0,0.086,,False,normal_variation,down
2026-02-11,False,64.5,1.248,False,0.0,0.0,False,False,12,False,0,0,0.345,high,False,normal,
2026-02-12,False,74.0,0.439,False,0.0,3.638,False,True,9,False,0,4,0.056,high,True,double_distribution_trend,down
2026-02-13,False,75.88,0.794,False,0.477,0.0,True,False,7,False,0,0,0.463,,False,normal_variation,up
2026-02-17,False,78.0,0.843,False,0.331,0.08,True,False,8,False,1,0,0.771,,False,normal_variation,up
2026-02-18,False,80.12,0.718,False,0.117,0.0,False,False,8,False,0,0,0.529,,False,normal,
2026-02-19,False,78.0,0.481,False,0.0,0.247,False,True,10,False,0,0,0.652,,False,normal_variation,down
2026-02-20,False,75.88,1.025,False,0.084,0.0,False,False,10,False,0,0,0.92,low,False,normal,
2026-02-23,False,78.0,0.744,False,0.0,0.681,False,True,9,False,0,0,0.218,,False,normal_variation,down
2026-02-24,False,80.12,0.808,False,0.301,0.0,True,False,9,False,4,0,0.887,,False,normal_variation,up
2026-02-25,False,82.38,0.234,True,0.87,0.0,True,False,6,False,3,0,0.826,low,False,normal_variation,up
2026-02-26,False,82.38,1.053,False,0.0,0.043,False,False,7,False,0,0,0.561,high,False,normal,
2026-02-27,False,84.25,0.457,False,0.364,0.0,True,False,10,False,3,0,0.89,,False,normal_variation,up
2026-03-02,False,82.38,0.889,False,0.457,0.0,True,False,8,False,2,0,0.775,low,False,normal_variation,up
2026-03-03,False,84.25,0.893,False,0.741,0.0,True,False,6,False,1,0,0.817,,True,double_distribution_trend,up
2026-03-04,False,86.62,0.791,False,0.113,0.0,False,False,12,False,0,0,0.725,,False,normal,
2026-03-05,False,84.25,0.629,False,0.0,0.896,False,True,7,False,0,1,0.577,,False,normal_variation,down
2026-03-06,False,84.25,0.549,False,0.4,0.0,True,False,11,False,3,0,0.413,,False,normal_variation,up
2026-03-09,False,84.25,0.626,False,2.365,0.0,True,False,8,False,3,0,0.906,,False,normal_variation,up
2026-03-10,False,84.25,0.487,False,1.122,0.0,True,False,7,False,1,0,0.264,,False,normal_variation,up
2026-03-11,False,85.62,0.578,False,0.0,0.379,False,True,10,False,0,2,0.44,,False,normal_variation,down
2026-03-12,False,85.62,0.42,False,0.0,0.576,False,True,13,False,0,4,0.018,high,False,normal_variation,down
2026-03-13,False,85.62,0.54,False,0.0,1.389,False,True,8,False,0,2,0.09,,True,double_distribution_trend,down
2026-03-16,False,85.62,0.438,False,0.167,0.16,False,False,11,False,0,0,0.372,,False,normal,
2026-03-17,False,84.25,0.347,True,0.0,0.496,False,True,9,False,0,0,0.154,,False,normal_variation,down
2026-03-18,False,80.25,0.505,False,0.0,1.123,False,True,9,False,0,0,0.041,,False,trend,down
2026-03-19,False,84.25,0.519,False,0.834,0.0,True,False,11,False,0,0,0.586,,False,normal_variation,up
2026-03-20,False,84.25,0.626,False,0.0,1.261,False,True,8,False,0,1,0.327,high,True,double_distribution_trend,down
2026-03-23,False,85.12,0.746,False,0.051,0.346,False,True,8,False,0,0,0.175,,False,normal_variation,down
2026-03-24,False,85.12,0.449,False,0.895,0.0,True,False,10,False,0,0,0.462,,False,normal_variation,up
2026-03-25,False,83.12,0.644,False,0.0,0.276,False,True,11,False,0,0,0.374,,False,normal_variation,down
2026-03-26,False,83.12,0.508,False,0.0,1.408,False,True,5,True,0,2,0.027,,True,double_distribution_trend,down
2026-03-27,False,83.12,0.502,False,0.0,1.335,False,True,7,False,0,1,0.092,high,True,double_distribution_trend,down
2026-03-30,False,86.5,0.665,False,0.0,0.943,False,True,7,False,0,0,0.253,high,False,normal_variation,down
2026-03-31,False,86.5,0.54,False,1.84,0.075,True,False,6,False,0,0,0.895,low,True,double_distribution_trend,up
2026-04-01,False,86.5,0.353,True,0.828,0.0,True,False,7,False,2,0,0.386,,False,normal_variation,up
2026-04-02,False,86.5,0.702,False,1.144,0.0,True,False,11,False,0,0,0.837,,False,trend,up
2026-04-06,False,86.5,0.5,False,0.0,0.0,False,False,13,False,0,0,0.815,low,False,normal,
2026-04-07,False,86.5,0.665,False,0.357,0.152,True,False,9,False,0,0,0.954,,False,normal_variation,up
2026-04-08,False,86.38,0.368,True,0.0,0.787,False,True,10,False,0,0,0.767,,False,normal_variation,down
2026-04-09,False,83.12,0.226,True,2.893,0.067,True,False,7,False,1,0,0.808,,True,double_distribution_trend,up
2026-04-10,False,83.12,0.229,True,0.079,0.855,False,True,9,False,0,1,0.252,,False,normal_variation,down
2026-04-13,False,83.12,0.421,False,1.807,0.0,True,False,6,False,1,0,0.964,low,False,trend,up
2026-04-14,False,83.12,0.418,False,1.029,0.0,True,False,7,False,1,0,0.972,low,False,trend,up
2026-04-15,False,83.12,0.325,True,1.241,0.0,True,False,7,False,4,0,0.926,,False,normal_variation,up
2026-04-16,False,83.12,0.331,True,0.545,0.0,True,False,10,False,0,0,0.712,,False,normal_variation,up
2026-04-17,False,77.25,0.502,False,0.774,0.0,True,False,8,False,0,0,0.647,low,False,normal_variation,up
2026-04-20,False,73.38,0.235,True,0.0,1.203,False,True,10,False,0,0,0.704,,False,normal_variation,down
2026-04-21,False,71.5,0.357,True,0.0,2.431,False,True,10,False,0,5,0.177,,False,normal_variation,down
2026-04-22,False,71.5,0.357,True,0.265,0.0,True,False,11,False,0,0,0.915,,False,normal_variation,up
2026-04-23,False,69.62,0.316,True,0.477,3.17,True,True,7,False,1,0,0.611,,False,neutral_center,
2026-04-24,False,72.38,0.301,True,1.552,0.0,True,False,9,False,3,0,0.896,,True,double_distribution_trend,up
2026-04-27,False,69.62,0.262,True,0.699,0.178,True,False,7,False,2,0,0.883,,False,normal_variation,up
2026-04-28,False,64.62,0.329,True,0.0,0.729,False,True,7,False,0,0,0.687,,False,normal_variation,down
2026-04-29,False,58.62,0.345,True,0.272,0.617,True,True,11,False,0,2,0.869,,False,neutral_extreme,up
2026-04-30,False,56.25,0.773,False,1.172,0.0,True,False,6,False,0,0,0.857,,True,double_distribution_trend,up
2026-05-01,False,58.62,0.716,False,0.0,0.077,False,False,9,False,0,0,0.044,,False,normal,
2026-05-04,False,56.12,0.441,False,0.162,1.727,False,True,10,False,0,0,0.441,,False,normal_variation,down
2026-05-05,False,58.62,0.375,True,0.614,0.0,True,False,8,False,0,0,0.641,low,False,normal_variation,up
2026-05-06,False,56.12,0.521,False,1.342,0.0,True,False,7,False,2,0,0.869,low,False,normal_variation,up
2026-05-07,False,58.0,0.284,True,0.591,2.318,True,True,7,False,1,1,0.291,,False,neutral_center,
2026-05-08,False,58.0,0.534,False,0.161,0.0,False,False,12,False,0,0,0.812,,False,normal,
2026-05-11,False,58.0,0.552,False,0.398,0.0,True,False,9,False,1,0,0.642,low,False,normal_variation,up
2026-05-12,False,50.38,0.536,False,0.602,1.009,True,True,6,False,0,0,0.922,,False,neutral_extreme,up
2026-05-13,False,50.38,0.655,False,1.568,0.0,True,False,6,False,1,0,0.82,,True,double_distribution_trend,up
2026-05-14,False,50.38,0.561,False,1.133,0.0,True,False,10,False,1,0,0.768,low,False,normal_variation,up
2026-05-15,False,57.88,0.821,False,0.168,0.0,False,False,11,False,0,0,0.221,,False,normal,
2026-05-18,False,55.5,0.703,False,0.0,1.071,False,True,10,False,0,2,0.653,,False,normal_variation,down
2026-05-19,False,57.88,0.79,False,0.29,0.044,True,False,7,False,0,0,0.381,,False,normal_variation,up
2026-05-20,False,57.88,0.812,False,0.729,0.0,True,False,9,False,0,0,0.92,,False,normal_variation,up
2026-05-21,False,60.62,0.548,False,1.293,0.06,True,False,8,False,0,0,0.725,,False,normal_variation,up
2026-05-22,False,60.62,0.619,False,0.207,0.0,True,False,11,False,0,0,0.265,,False,normal_variation,up
2026-05-26,False,60.62,0.458,False,0.09,0.288,False,True,9,False,0,0,0.582,,False,normal_variation,down
2026-05-27,False,60.62,0.355,True,0.0,0.488,False,True,10,False,0,1,0.781,,False,normal_variation,down
2026-05-28,False,60.62,0.804,False,0.256,0.0,True,False,8,False,0,0,0.927,,False,normal_variation,up
2026-05-29,False,61.12,0.405,False,0.0,0.374,False,True,13,False,0,0,0.515,,False,normal_variation,down
2026-06-01,False,60.62,0.338,True,1.732,0.0,True,False,6,False,1,0,0.674,,False,normal_variation,up
2026-06-02,False,60.62,0.28,True,1.147,0.0,True,False,10,False,0,0,0.767,low,False,normal_variation,up
2026-06-03,False,58.12,0.701,False,0.0,0.282,False,True,10,False,0,0,0.191,,False,normal_variation,down
2026-06-04,False,58.12,0.495,False,1.426,0.0,True,False,5,True,2,0,0.828,low,False,normal_variation,up
2026-06-05,False,58.12,0.813,False,0.0,2.667,False,True,5,True,0,1,0.118,high,True,double_distribution_trend,down
2026-06-08,False,58.12,0.692,False,0.186,0.627,False,True,10,False,0,0,0.168,,False,normal_variation,down
2026-06-09,False,60.62,1.249,False,0.0,2.218,False,True,6,False,0,0,0.594,,False,normal_variation,down
2026-06-10,False,61.12,1.137,False,0.0,0.863,False,True,7,False,0,1,0.006,,False,normal_variation,down
2026-06-11,False,61.12,0.863,False,1.597,0.379,True,True,8,False,0,0,0.836,,True,neutral_extreme,up
2026-06-12,False,61.12,1.002,False,0.555,0.0,True,False,11,False,0,0,0.703,,False,normal_variation,up
2026-06-15,False,65.5,0.359,True,1.138,0.0,True,False,7,False,0,0,0.602,low,False,normal_variation,up
2026-06-16,False,65.5,0.366,True,0.0,1.344,False,True,8,False,0,1,0.089,,False,trend,down
2026-06-17,False,61.12,0.421,False,0.0,4.126,False,True,10,False,0,4,0.152,high,False,normal_variation,down
2026-06-18,False,65.5,0.702,False,0.0,0.0,False,False,12,False,0,0,0.625,high,False,normal,
2026-06-22,False,58.75,0.664,False,0.0,0.846,False,True,11,False,0,0,0.181,,False,normal_variation,down
2026-06-23,False,58.75,1.289,False,0.0,0.0,False,False,8,False,0,0,0.257,,False,normal,
2026-06-24,False,65.5,0.546,False,0.678,0.902,True,True,6,False,0,1,0.26,,False,neutral_center,
2026-06-25,False,70.88,1.411,False,0.0,0.0,False,False,10,False,0,0,0.38,high,False,normal,
2026-06-26,False,72.5,1.052,False,0.305,0.0,True,False,9,False,0,0,0.204,,False,normal_variation,up
2026-06-29,False,74.38,1.089,False,0.185,0.0,False,False,6,False,0,0,0.917,,False,normal,
2026-06-30,False,84.0,0.449,False,0.907,0.0,True,False,7,False,1,0,0.681,low,False,normal_variation,up
2026-07-01,False,84.0,0.571,False,0.526,0.0,True,False,8,False,0,0,0.495,,False,normal_variation,up
2026-07-02,False,84.0,0.503,False,0.0,1.704,False,True,6,False,0,0,0.409,,False,normal_variation,down
2026-07-06,False,93.75,0.283,True,0.887,0.0,True,False,8,False,2,0,0.82,,False,normal_variation,up
2026-07-07,False,93.75,0.523,False,0.0,0.184,False,False,8,False,0,0,0.405,,False,normal,
2026-07-08,False,84.0,0.274,True,0.511,1.402,True,True,9,False,0,0,0.854,,False,neutral_extreme,up
2026-07-09,False,84.0,0.44,False,0.77,0.0,True,False,6,False,0,0,0.935,,False,normal_variation,up
2026-07-10,False,74.5,0.211,True,1.365,2.365,True,True,7,False,1,0,0.913,,False,neutral_extreme,up
2026-07-13,False,73.88,0.501,False,0.0,0.608,False,True,7,False,0,0,0.206,,False,normal_variation,down
2026-07-14,False,72.62,0.437,False,0.488,0.0,True,False,11,False,0,0,0.709,,False,normal_variation,up
2026-07-15,False,72.0,0.347,True,0.0,1.18,False,True,9,False,0,0,0.83,,False,normal_variation,down
2026-07-16,False,72.0,0.521,False,0.053,0.727,False,True,7,False,0,1,0.431,,False,normal_variation,down
2026-07-17,False,72.0,0.917,False,0.0,0.0,False,False,8,False,0,0,0.364,,False,normal,
2026-07-20,False,69.5,0.662,False,0.0,0.609,False,True,8,False,0,0,0.108,,False,normal_variation,down
2026-07-21,False,72.0,0.399,True,0.722,0.0,True,False,9,False,0,0,0.833,,False,normal_variation,up
2026-07-22,False,69.5,0.446,False,0.234,0.0,True,False,8,False,0,0,0.294,low,False,normal_variation,up
2026-07-23,False,66.88,0.617,False,0.0,0.806,False,True,8,False,0,0,0.433,,False,normal_variation,down
2026-07-24,False,66.88,0.404,False,1.407,0.0,True,False,7,False,0,0,0.25,,False,normal_variation,up
2026-07-27,False,66.38,1.119,False,0.0,0.316,False,True,8,False,0,2,0.338,high,False,normal_variation,down
2026-07-28,False,66.38,0.535,False,0.937,0.0,True,False,10,False,1,0,0.713,,True,double_distribution_trend,up
2026-07-29,False,66.38,0.945,False,0.347,0.837,True,True,8,False,0,4,0.033,,False,neutral_extreme,down
2026-07-30,False,66.38,0.704,False,0.684,0.016,True,False,6,False,0,0,0.928,,False,normal_variation,up
2026-07-31,False,66.38,1.326,False,0.29,0.0,True,False,7,False,0,0,0.815,,False,normal_variation,up
2026-08-03,False,66.38,0.863,False,0.659,0.0,True,False,4,True,2,0,0.903,low,True,double_distribution_trend,up
2026-08-04,False,66.88,0.751,False,1.587,0.0,True,False,5,True,1,0,0.831,low,True,double_distribution_trend,up
2026-08-05,False,67.88,0.372,True,0.0,1.95,False,True,10,False,0,2,0.027,,False,normal_variation,down
2026-08-06,False,71.38,0.396,True,0.0,0.566,False,True,9,False,0,0,0.249,,False,normal_variation,down
2026-08-07,False,71.38,0.518,False,0.169,0.0,False,False,10,False,0,0,0.803,,False,normal,
2026-08-10,False,67.75,0.295,True,0.338,0.338,True,True,9,False,0,0,0.403,,False,neutral_center,
2026-08-11,False,67.75,0.306,True,0.0,1.627,False,True,5,True,0,1,0.216,high,False,normal_variation,down
2026-08-12,False,67.75,0.45,False,0.0,0.23,False,True,10,False,0,0,0.347,high,False,normal_variation,down
2026-08-13,False,67.75,0.76,False,0.029,0.0,False,False,7,False,0,0,0.712,,False,normal,
2026-08-14,False,67.38,0.252,True,0.0,1.015,False,True,10,False,0,1,0.263,high,False,normal_variation,down
2026-08-17,False,66.88,0.277,True,0.0,1.338,False,True,7,False,0,1,0.058,,True,double_distribution_trend,down
2026-08-18,False,59.75,0.314,True,0.0,0.333,False,True,13,False,0,0,0.2,,False,normal_variation,down
2026-08-19,False,59.75,0.423,False,0.743,0.0,True,False,11,False,0,0,0.239,,False,normal_variation,up
2026-08-20,False,59.75,0.41,False,0.153,1.337,False,True,8,False,0,0,0.102,,False,trend,down
2026-08-21,False,57.75,0.333,True,0.935,0.0,True,False,12,False,0,0,0.403,,False,normal_variation,up
2026-08-24,False,53.75,0.516,False,0.135,0.0,False,False,11,False,0,0,0.468,,False,normal,
2026-08-25,False,48.62,0.437,False,0.0,0.788,False,True,10,False,0,0,0.73,,False,normal_variation,down
2026-08-26,False,44.12,0.538,False,0.126,0.326,False,True,11,False,0,0,0.609,,False,normal_variation,down
2026-08-27,False,43.62,0.63,False,0.918,0.0,True,False,8,False,1,0,0.73,,False,normal_variation,up
2026-08-28,False,43.62,0.779,False,0.647,0.434,True,True,8,False,0,0,0.152,,False,neutral_extreme,down
2026-08-31,False,43.62,0.676,False,0.136,0.0,False,False,11,False,0,0,0.694,,False,normal,
2026-09-01,False,43.25,0.671,False,0.207,0.595,True,True,7,False,0,0,0.435,,False,neutral_center,
2026-09-02,False,43.25,0.913,False,0.222,0.0,True,False,12,False,1,0,0.731,,False,normal_variation,up
2026-09-03,False,43.25,0.601,False,1.538,0.019,True,False,8,False,2,0,0.846,low,True,double_distribution_trend,up
2026-09-04,False,43.25,0.497,False,0.0,0.826,False,True,10,False,0,1,0.306,,False,normal_variation,down
2026-09-08,False,41.25,0.915,False,0.0,0.205,False,True,11,False,0,0,0.192,,False,normal_variation,down
2026-09-09,False,43.62,0.441,False,0.065,0.818,False,True,10,False,0,0,0.441,,False,normal_variation,down
2026-09-10,False,41.25,0.836,False,0.0,0.0,False,False,10,False,0,0,0.384,,False,normal,
2026-09-11,False,41.25,0.539,False,0.0,0.292,False,True,10,False,0,0,0.2,,False,normal_variation,down
2026-09-14,False,38.62,0.757,False,0.855,0.085,True,False,8,False,0,0,0.52,,False,normal_variation,up
2026-09-15,False,41.25,0.782,False,0.0,0.31,False,True,12,False,0,0,0.308,high,False,normal_variation,down
