date,open,ib_high,ib_low,open_type_day,open_dir_day,trigger_day,c1030_day,ib_break_day,open_zone_day,open_accept_day,open_type_comp,open_dir_comp,trigger_comp,c1030_comp,ib_break_comp,open_zone_comp,open_accept_comp
2010-06-07,1066.75,1070.75,1060.50,,,,,,,,,,,,,,
2010-06-08,1050.25,1056.00,1045.75,open_drive,down,,1049.75,True,below_value,True,open_drive,down,,1049.75,True,below_value,True
2010-06-09,1067.25,1069.00,1063.00,open_test_drive,up,range,1066.75,True,above_range,True,open_test_drive,up,range,1066.75,True,above_range,True
2010-06-10,1073.25,1083.25,1072.00,open_auction_in,,,,False,in_value,True,open_auction_in,,,,False,in_value,True
2010-06-11,1076.50,1088.75,1076.00,open_auction_in,,,,False,in_value,True,open_auction_in,,,,False,in_value,True
2010-06-14,1095.75,1097.50,1091.50,open_drive,up,,1096.50,True,above_range,True,open_drive,up,,1096.50,True,above_range,True
2010-06-15,1093.00,1097.00,1091.25,open_auction_in,,,,False,in_value,True,open_auction_in,,,,False,in_value,True
2010-06-16,1104.50,1109.00,1102.75,open_auction_in,,,,False,in_value,True,open_auction_in,,,,False,in_value,True
2010-06-17,1113.00,1113.75,1102.50,open_auction_in,,,,False,in_value,True,open_auction_in,,,,False,in_value,True
2010-06-18,1113.50,1114.75,1109.00,open_test_drive,up,va,1114.00,True,above_value,True,open_test_drive,up,va,1114.00,True,above_value,True
2010-06-21,1126.50,1127.50,1121.50,open_drive,up,,1122.50,False,above_range,True,open_drive,up,,1122.50,False,above_range,True
2010-06-22,1109.75,1114.50,1105.00,open_test_drive,down,va,1107.50,True,below_value,True,open_test_drive,down,va,1107.50,True,below_value,True
2010-06-23,1091.75,1092.25,1080.25,open_drive,down,,1082.00,False,below_value,True,open_drive,down,,1082.00,False,below_value,True
2010-06-24,1082.50,1083.75,1074.00,open_auction_in,,,,False,in_value,False,open_auction_in,,,,False,in_value,False
2010-06-25,1072.75,1073.50,1066.00,open_auction_in,,,,False,in_value,True,open_auction_in,,,,False,in_value,True
2010-06-28,1075.50,1076.50,1066.50,open_auction_in,,,,False,in_value,True,open_auction_in,,,,False,in_value,True
2010-06-29,1055.50,1055.75,1037.50,open_drive,down,,1038.25,False,below_range,True,open_drive,down,,1038.25,False,below_range,True
2010-06-30,1034.00,1042.50,1033.25,open_rejection_reverse,up,va,1038.50,False,below_value,True,open_rejection_reverse,up,va,1038.50,False,below_value,True
2010-07-01,1026.25,1029.75,1014.00,open_drive,down,,1016.25,True,below_value,True,open_drive,down,,1016.25,True,below_value,True
2010-07-02,1026.00,1029.00,1019.25,open_rejection_reverse,down,va,1023.50,False,above_value,True,open_rejection_reverse,down,va,1023.50,False,above_value,True
2010-07-06,1031.25,1038.50,1028.75,open_drive,up,,1035.50,False,above_range,True,open_auction_out,,range,1035.50,False,above_range,True
2010-07-07,1025.75,1036.00,1024.75,open_auction_in,,,,False,in_value,True,open_auction_in,,,,False,in_value,True
2010-07-08,1064.50,1067.75,1060.00,open_auction_out,,a_blurred,1064.00,False,above_range,True,open_auction_out,,a_blurred,1064.00,False,above_range,True
2010-07-09,1066.25,1070.75,1064.25,open_test_drive,up,va,1069.00,True,above_value,True,open_test_drive,up,va,1069.00,True,above_value,True
2010-07-12,1071.00,1077.25,1069.50,open_auction_in,,,,False,in_value,True,open_auction_in,,,,False,in_value,True
2010-07-13,1086.25,1091.00,1084.25,open_drive,up,,1088.75,False,above_range,True,open_drive,up,,1088.75,False,above_range,True
2010-07-14,1087.75,1090.75,1084.50,open_auction_in,,,,False,in_value,True,open_auction_in,,,,False,in_value,True
2010-07-15,1091.25,1091.75,1076.25,open_auction_in,,,,False,in_value,True,open_auction_in,,,,False,in_value,True
2010-07-16,1085.75,1086.50,1070.50,open_auction_in,,,,False,in_value,False,open_auction_in,,,,False,in_value,False
2010-07-19,1065.25,1069.25,1059.00,open_auction_in,,,,False,in_value,True,open_auction_in,,,,False,in_value,True
2010-07-20,1053.25,1061.00,1053.00,open_auction_out,,va,1059.50,False,below_range,True,open_auction_out,,va,1059.50,False,below_range,True
2010-07-21,1085.00,1085.50,1076.75,open_auction_out,,range,1081.25,False,above_range,True,open_auction_out,,range,1081.25,False,above_range,True
2010-07-22,1078.25,1091.75,1078.00,open_auction_in,,,,False,in_value,False,open_auction_in,,,,False,in_value,False
2010-07-23,1087.25,1091.50,1084.00,open_auction_in,,,,False,in_value,True,open_auction_in,,,,False,in_value,True
2010-07-26,1100.75,1107.50,1097.75,open_test_drive,up,va,1105.25,True,above_value,False,open_drive,up,,1105.25,True,above_value,False
2010-07-27,1116.75,1117.75,1109.50,open_auction_out,,va,1113.00,False,above_range,True,open_auction_out,,va,1113.00,False,above_range,True
2010-07-28,1108.00,1111.50,1104.50,open_auction_in,,,,False,in_value,True,open_auction_in,,,,False,in_value,True
2010-07-29,1110.00,1113.00,1104.25,open_rejection_reverse,down,va,1105.50,False,above_value,True,open_auction_in,,,,False,in_value,True
2010-07-30,1086.50,1096.50,1084.50,open_rejection_reverse,up,va,1095.00,False,below_range,False,open_rejection_reverse,up,va,1095.00,False,below_range,False
2010-08-02,1114.50,1119.00,1110.25,open_drive,up,,1118.25,True,above_range,True,open_test_drive,up,range,1118.25,True,above_range,True
2010-08-03,1119.75,1120.50,1113.25,open_auction_in,,,,False,in_value,True,open_auction_in,,,,False,in_value,True
2010-08-04,1120.25,1125.25,1116.75,open_rejection_reverse,down,va,1118.75,False,above_value,True,open_auction_in,,,,False,in_value,True
2010-08-05,1117.25,1122.25,1115.50,open_rejection_reverse,up,va,1121.75,False,below_value,True,open_auction_in,,,,False,in_value,True
2010-08-06,1112.25,1120.50,1111.25,open_rejection_reverse,up,va,1117.00,True,below_range,False,open_rejection_reverse,up,va,1117.00,True,below_value,False
2010-08-09,1123.75,1124.25,1118.00,open_auction_out,,va,1119.25,False,above_range,True,open_auction_out,,va,1119.25,False,above_range,True
2010-08-10,1115.25,1117.00,1108.25,open_drive,down,,1113.25,False,below_range,True,open_drive,down,,1113.25,False,below_range,True
2010-08-11,1101.25,1101.50,1093.75,open_drive,down,,1096.00,True,below_range,True,open_drive,down,,1096.00,True,below_range,True
2010-08-12,1071.25,1081.75,1070.50,open_auction_out,,a_blurred,1077.50,False,below_range,True,open_auction_out,,a_blurred,1077.50,False,below_range,True
2010-08-13,1077.25,1084.25,1077.00,open_auction_in,,,,False,in_value,True,open_auction_in,,,,False,in_value,True
2010-08-16,1070.25,1078.75,1066.25,open_rejection_reverse,up,va,1077.25,False,below_range,True,open_rejection_reverse,up,va,1077.25,False,below_range,False
2010-08-17,1086.25,1087.50,1083.25,open_drive,up,,1084.75,True,above_range,True,open_test_drive,up,va,1084.75,True,above_range,True
2010-08-18,1089.75,1090.25,1083.75,open_auction_out,,va,1084.75,False,below_value,True,open_auction_out,,va,1084.75,False,below_value,True
2010-08-19,1086.50,1089.50,1075.00,open_auction_in,,,,False,in_value,False,open_auction_in,,,,False,in_value,False
2010-08-20,1070.25,1071.25,1064.25,open_auction_in,,,,False,in_value,True,open_auction_in,,,,False,in_value,True
2010-08-23,1074.75,1080.25,1072.25,open_auction_out,,a_blurred,1073.00,False,above_range,True,open_auction_out,,a_blurred,1073.00,False,above_range,True
2010-08-24,1053.75,1055.00,1044.00,open_drive,down,,1051.25,False,below_range,True,open_drive,down,,1051.25,False,below_range,True
2010-08-25,1044.00,1047.50,1037.00,open_drive,down,,1043.25,False,below_value,True,open_drive,down,,1043.25,False,below_value,True
2010-08-26,1058.75,1059.75,1053.25,open_test_drive,up,range,1057.25,True,above_range,True,open_test_drive,up,range,1057.25,True,above_range,True
2010-08-27,1053.25,1054.25,1037.25,open_auction_in,,,,False,in_value,True,open_auction_in,,,,False,in_value,True
2010-08-30,1060.25,1063.50,1057.75,open_auction_in,,,,False,in_value,True,open_rejection_reverse,down,va,1059.00,False,above_value,True
2010-08-31,1043.50,1052.75,1039.25,open_rejection_reverse,up,va,1051.25,False,below_range,True,open_rejection_reverse,up,va,1051.25,False,below_value,False
2010-09-01,1061.50,1076.75,1061.00,open_drive,up,,1074.50,True,above_range,True,open_drive,up,,1074.50,True,above_value,True
2010-09-02,1081.75,1086.00,1079.25,open_test_drive,up,va,1084.00,True,above_range,True,open_test_drive,up,va,1084.00,True,above_range,True
2010-09-03,1099.75,1104.50,1095.50,open_auction_out,,a_blurred,1096.25,False,above_range,True,open_auction_out,,a_blurred,1096.25,False,above_range,True
2010-09-07,1098.00,1099.50,1091.75,open_auction_in,,,,False,in_value,False,open_auction_in,,,,False,in_value,False
2010-09-08,1092.75,1100.00,1092.25,open_auction_in,,,,False,in_value,True,open_auction_in,,,,False,in_value,True
2010-09-09,1110.75,1111.50,1105.75,open_auction_out,,a_blurred,1107.50,False,above_range,True,open_auction_out,,a_blurred,1107.50,False,above_range,True
2010-09-10,1105.75,1109.25,1103.00,open_auction_in,,,,False,in_value,True,open_auction_in,,,,False,in_value,True
2010-09-13,1115.25,1117.75,1113.75,open_drive,up,,1117.50,True,above_range,True,open_drive,up,,1117.50,True,above_range,True
2010-09-14,1114.50,1115.50,1110.25,open_auction_in,,,,False,in_value,True,open_auction_in,,,,False,in_value,True
2010-09-15,1112.50,1117.50,1109.00,open_rejection_reverse,up,va,1115.50,False,below_value,True,open_auction_in,,,,False,in_value,True
2010-09-16,1116.50,1118.50,1112.75,open_auction_in,,,,False,in_value,True,open_auction_in,,,,False,in_value,True
2010-09-17,1125.75,1126.75,1117.00,open_auction_out,,va,1119.00,False,above_range,True,open_rejection_reverse,down,va,1119.00,False,above_range,False
2010-09-20,1124.00,1131.50,1121.25,open_test_drive,up,va,1129.75,True,above_value,True,open_test_drive,up,va,1129.75,True,above_value,True
2010-09-21,1138.25,1138.75,1135.50,open_auction_in,,,,False,in_value,True,open_auction_in,,,,False,in_value,True
2010-09-22,1133.50,1139.75,1132.25,open_auction_in,,,,False,in_value,True,open_auction_in,,,,False,in_value,True
2010-09-23,1120.50,1126.50,1118.00,open_rejection_reverse,up,va,1126.50,False,below_range,True,open_auction_out,,range,1126.50,False,below_range,True
2010-09-24,1133.00,1142.00,1131.75,open_drive,up,,1141.25,True,above_range,True,open_drive,up,,1141.25,True,above_range,True
2010-09-27,1144.00,1144.25,1139.25,open_auction_in,,,,False,in_value,True,open_auction_in,,,,False,in_value,True
2010-09-28,1139.75,1140.00,1127.25,open_auction_out,,va,1133.00,False,below_value,False,open_auction_out,,va,1133.00,False,below_value,False
2010-09-29,1139.50,1142.25,1135.50,open_auction_in,,,,False,in_value,True,open_auction_in,,,,False,in_value,True
2010-09-30,1145.75,1153.50,1144.00,open_auction_out,,va,1146.00,False,above_range,True,open_auction_in,,,,False,in_value,True
2010-10-01,1145.00,1146.50,1136.25,open_rejection_reverse,down,va,1137.75,False,above_value,True,open_auction_in,,,,False,in_value,True
2010-10-04,1139.00,1144.00,1137.00,open_auction_in,,,,False,in_value,True,open_auction_in,,,,False,in_value,True
2010-10-05,1143.25,1148.75,1142.00,open_drive,up,,1147.75,True,above_value,False,open_drive,up,,1147.75,True,above_value,False
2010-10-06,1155.50,1158.75,1154.75,open_auction_in,,,,False,in_value,True,open_auction_in,,,,False,in_value,True
2010-10-07,1160.25,1160.75,1152.00,open_rejection_reverse,down,va,1157.25,False,above_range,False,open_rejection_reverse,down,va,1157.25,False,above_range,False
2010-10-08,1156.00,1157.50,1151.50,open_auction_in,,,,False,in_value,True,open_auction_in,,,,False,in_value,True
2010-10-11,1162.75,1164.75,1160.50,open_test_drive,up,va,1164.50,True,above_value,True,open_drive,up,,1164.50,True,above_value,True
2010-10-12,1158.25,1158.75,1151.75,open_auction_in,,,,False,in_value,False,open_auction_in,,,,False,in_value,False
2010-10-13,1172.00,1175.00,1169.25,open_drive,up,,1173.50,True,above_range,True,open_drive,up,,1173.50,True,above_range,True
2010-10-14,1173.50,1175.00,1169.50,open_auction_in,,,,False,in_value,True,open_auction_in,,,,False,in_value,True
2010-10-15,1178.25,1179.00,1163.00,open_rejection_reverse,down,va,1165.25,False,above_range,False,open_rejection_reverse,down,va,1165.25,False,above_range,False
2010-10-18,1172.75,1178.25,1170.50,open_auction_out,,va,1175.50,False,above_value,True,open_auction_in,,,,False,in_value,True
2010-10-19,1167.25,1171.50,1162.75,open_auction_out,,range,1170.50,False,below_range,True,open_auction_out,,range,1170.50,False,below_range,True
2010-10-20,1164.75,1171.00,1164.00,open_auction_in,,,,False,in_value,True,open_auction_in,,,,False,in_value,True
2010-10-21,1179.25,1185.75,1177.25,open_auction_in,,,,False,in_value,True,open_auction_in,,,,False,in_value,True
2010-10-22,1178.25,1180.75,1175.50,open_auction_in,,,,False,in_value,True,open_auction_in,,,,False,in_value,True
2010-10-25,1186.75,1193.00,1186.00,open_drive,up,,1189.75,False,above_range,True,open_drive,up,,1189.75,False,above_range,True
2010-10-26,1176.50,1182.75,1174.00,open_auction_out,,va,1181.00,False,below_range,True,open_auction_out,,va,1181.00,False,below_range,True
2010-10-27,1174.25,1179.00,1171.25,open_test_drive,down,va,1171.75,True,below_value,True,open_test_drive,down,va,1171.75,True,below_value,True
2010-10-28,1185.75,1186.50,1177.00,open_rejection_reverse,down,va,1177.50,False,above_range,True,open_rejection_reverse,down,va,1177.50,False,above_range,True
2010-10-29,1178.25,1182.50,1176.25,open_auction_in,,,,False,in_value,True,open_auction_in,,,,False,in_value,True
2010-11-01,1186.25,1192.75,1185.75,open_drive,up,,1190.50,False,above_range,True,open_drive,up,,1190.50,False,above_value,False
2010-11-02,1189.75,1192.00,1187.25,open_auction_in,,,,False,in_value,True,open_auction_in,,,,False,in_value,True
2010-11-03,1192.25,1193.00,1190.00,open_rejection_reverse,down,va,1191.50,False,above_value,True,open_rejection_reverse,down,va,1191.50,False,above_value,True
2010-11-04,1207.75,1211.75,1206.50,open_drive,up,,1211.25,True,above_range,True,open_drive,up,,1211.25,True,above_range,True
2010-11-05,1218.50,1222.50,1217.00,open_test_drive,up,va,1222.50,True,above_value,True,open_test_drive,up,va,1222.50,True,above_value,True
2010-11-08,1218.75,1220.00,1215.25,open_auction_in,,,,False,in_value,True,open_auction_in,,,,False,in_value,True
2010-11-09,1223.25,1224.75,1219.00,open_auction_out,,va,1223.25,False,above_range,True,open_auction_in,,,,False,in_value,True
2010-11-10,1211.00,1212.50,1201.75,open_auction_out,,va,1202.50,False,below_value,False,open_auction_out,,va,1202.50,False,below_value,False
2010-11-11,1205.75,1209.50,1202.00,open_auction_in,,,,False,in_value,True,open_auction_in,,,,False,in_value,True
2010-11-12,1203.25,1208.75,1202.25,open_test_drive,down,va,1203.00,True,below_value,True,open_test_drive,down,va,1203.00,True,below_value,True
2010-11-15,1201.00,1203.50,1197.25,open_auction_in,,,,False,in_value,True,open_auction_in,,,,False,in_value,True
2010-11-16,1188.00,1190.00,1184.50,open_drive,down,,1186.75,True,below_range,True,open_drive,down,,1186.75,True,below_range,True
2010-11-17,1177.00,1181.75,1173.50,open_auction_in,,,,False,in_value,True,open_auction_in,,,,False,in_value,True
2010-11-18,1188.50,1198.75,1188.50,open_drive,up,,1198.00,False,above_range,True,open_drive,up,,1198.00,False,above_value,False
2010-11-19,1194.00,1194.25,1187.50,open_auction_in,,,,False,in_value,False,open_auction_in,,,,False,in_value,False
2010-11-22,1192.00,1197.50,1190.50,open_auction_in,,,,False,in_value,True,open_auction_in,,,,False,in_value,True
2010-11-23,1182.75,1185.00,1177.00,open_drive,down,,1180.25,True,below_value,False,open_drive,down,,1180.25,True,below_value,False
2010-11-24,1186.75,1194.25,1186.50,open_drive,up,,1193.00,True,above_range,True,open_drive,up,,1193.00,True,above_range,True
2010-11-26,1186.50,1193.25,1185.25,open_rejection_reverse,up,va,1191.50,False,below_value,True,open_rejection_reverse,up,va,1191.50,False,below_value,True
2010-11-29,1179.75,1182.50,1172.25,open_drive,down,,1175.00,False,below_range,True,open_drive,down,,1175.00,False,below_range,True
2010-11-30,1174.75,1183.75,1173.00,open_auction_in,,,,False,in_value,True,open_auction_in,,,,False,in_value,True
2010-12-01,1197.00,1203.00,1196.75,open_drive,up,,1198.50,False,above_range,True,open_drive,up,,1198.50,False,above_range,True
2010-12-02,1207.00,1216.50,1206.25,open_auction_in,,,,False,in_value,False,open_auction_in,,,,False,in_value,False
2010-12-03,1216.50,1221.50,1216.25,open_auction_in,,,,False,in_value,True,open_auction_in,,,,False,in_value,True
2010-12-06,1221.25,1223.75,1220.00,open_auction_in,,,,False,in_value,True,open_auction_in,,,,False,in_value,True
2010-12-07,1234.50,1235.00,1229.00,open_auction_out,,a_blurred,1229.25,False,above_range,True,open_auction_out,,a_blurred,1229.25,False,above_range,True
2010-12-08,1224.75,1228.75,1221.25,open_test_drive,down,va,1223.00,True,below_value,True,open_test_drive,down,va,1223.00,True,below_value,True
2010-12-09,1234.50,1235.25,1229.50,open_auction_out,,a_blurred,1230.50,False,above_range,True,open_auction_out,,a_blurred,1230.50,False,above_range,True
2010-12-10,1236.25,1237.00,1232.25,open_auction_out,,va,1234.75,False,above_range,True,open_auction_out,,va,1234.75,False,above_range,True
2010-12-13,1240.50,1240.50,1236.50,open_drive,up,,1238.75,True,above_range,True,open_drive,up,,1238.75,True,above_range,True
2010-12-14,1237.50,1240.75,1236.25,open_auction_in,,,,False,in_value,True,open_auction_in,,,,False,in_value,True
2010-12-15,1234.25,1238.75,1233.75,open_rejection_reverse,up,va,1237.50,False,below_value,False,open_rejection_reverse,up,va,1237.50,False,below_value,False
2010-12-16,1232.00,1233.75,1227.50,open_auction_in,,,,False,in_value,True,open_auction_in,,,,False,in_value,True
2010-12-17,1237.50,1237.75,1235.00,open_auction_in,,,,False,in_value,True,open_auction_in,,,,False,in_value,True
2010-12-20,1243.00,1243.50,1237.50,open_rejection_reverse,down,va,1238.75,False,above_range,True,open_rejection_reverse,down,va,1238.75,False,above_range,True
2010-12-21,1246.25,1248.75,1245.25,open_auction_out,,range,1248.00,False,above_range,True,open_auction_out,,range,1248.00,False,above_range,True
2010-12-22,1251.50,1252.50,1250.50,open_test_drive,up,range,1251.75,True,above_range,True,open_test_drive,up,range,1251.75,True,above_range,True
2010-12-23,1252.75,1254.25,1251.50,open_auction_in,,,,False,in_value,True,open_auction_in,,,,False,in_value,True
2010-12-27,1247.50,1251.00,1247.00,open_rejection_reverse,up,va,1251.00,False,below_range,True,open_rejection_reverse,up,va,1251.00,False,below_range,True
2010-12-28,1255.25,1256.00,1251.50,open_rejection_reverse,down,va,1252.75,False,above_range,False,open_rejection_reverse,down,va,1252.75,False,above_range,False
2010-12-29,1256.25,1257.75,1255.50,open_auction_out,,va,1257.25,False,above_range,True,open_auction_out,,va,1257.25,False,above_range,True
2010-12-30,1254.50,1257.00,1252.25,open_auction_out,,va,1253.50,False,below_range,True,open_auction_out,,va,1253.50,False,below_range,True
2010-12-31,1251.25,1252.75,1249.50,open_rejection_reverse,up,va,1252.00,False,below_range,True,open_rejection_reverse,up,va,1252.00,False,below_range,True
2011-01-03,1263.25,1269.25,1262.75,open_drive,up,,1268.25,True,above_range,True,open_drive,up,,1268.25,True,above_range,True
2011-01-04,1269.75,1270.00,1263.50,open_auction_in,,,,False,in_value,False,open_auction_in,,,,False,in_value,False
2011-01-05,1262.00,1266.50,1260.75,open_auction_in,,,,False,in_value,True,open_auction_in,,,,False,in_value,True
2011-01-06,1273.00,1273.75,1270.75,open_auction_in,,,,False,in_value,True,open_auction_in,,,,False,in_value,True
2011-01-07,1272.00,1274.00,1267.75,open_auction_in,,,,False,in_value,True,open_auction_in,,,,False,in_value,True
2011-01-10,1262.25,1264.25,1258.00,open_auction_in,,,,False,in_value,True,open_auction_in,,,,False,in_value,True
2011-01-11,1270.50,1273.00,1268.50,open_auction_out,,a_blurred,1270.50,True,above_range,True,open_test_drive,up,va,1270.50,True,above_value,True
2011-01-12,1278.50,1279.75,1276.00,open_drive,up,,1279.00,True,above_range,True,open_drive,up,,1279.00,True,above_range,True
2011-01-13,1282.50,1282.75,1277.75,open_auction_in,,,,False,in_value,True,open_auction_in,,,,False,in_value,True
2011-01-14,1278.00,1282.50,1277.00,open_auction_in,,,,False,in_value,True,open_auction_in,,,,False,in_value,True
2011-01-18,1287.75,1291.00,1286.50,open_auction_in,,,,False,in_value,True,open_auction_in,,,,False,in_value,True
2011-01-19,1290.25,1291.25,1283.50,open_auction_in,,,,False,in_value,True,open_auction_in,,,,False,in_value,True
2011-01-20,1275.75,1278.00,1270.25,open_auction_in,,,,False,in_value,True,open_auction_in,,,,False,in_value,True
2011-01-21,1285.00,1288.00,1283.25,open_drive,up,,1283.50,False,above_range,True,open_drive,up,,1283.50,False,above_range,True
2011-01-24,1279.00,1283.00,1278.75,open_auction_in,,,,False,in_value,True,open_auction_in,,,,False,in_value,True
2011-01-25,1283.50,1288.50,1282.00,open_auction_in,,,,False,in_value,True,open_auction_in,,,,False,in_value,True
2011-01-26,1290.75,1295.50,1288.25,open_test_drive,up,va,1295.00,True,above_range,True,open_test_drive,up,va,1295.00,True,above_range,True
2011-01-27,1293.25,1298.00,1292.00,open_auction_in,,,,False,in_value,True,open_auction_in,,,,False,in_value,True
2011-01-28,1297.50,1299.50,1288.25,open_auction_in,,,,False,in_value,True,open_rejection_reverse,down,va,1289.25,False,above_value,False
2011-01-31,1276.50,1278.00,1273.25,open_auction_in,,,,False,in_value,True,open_auction_in,,,,False,in_value,True
2011-02-01,1290.50,1297.50,1289.75,open_drive,up,,1296.25,True,above_range,True,open_drive,up,,1296.25,True,above_range,True
2011-02-02,1300.00,1303.75,1299.25,open_auction_in,,,,False,in_value,True,open_auction_in,,,,False,in_value,True
2011-02-03,1298.50,1301.25,1291.50,open_auction_out,,va,1295.00,False,below_range,True,open_auction_in,,,,False,in_value,True
2011-02-04,1304.25,1306.25,1300.00,open_auction_out,,va,1305.00,False,above_value,True,open_auction_in,,,,False,in_value,True
2011-02-07,1310.50,1317.75,1310.00,open_drive,up,,1316.50,True,above_range,True,open_drive,up,,1316.50,True,above_range,True
2011-02-08,1317.00,1319.25,1313.00,open_auction_in,,,,False,in_value,True,open_auction_in,,,,False,in_value,True
2011-02-09,1317.75,1321.00,1317.25,open_auction_in,,,,False,in_value,True,open_auction_in,,,,False,in_value,True
2011-02-10,1311.50,1316.50,1308.50,open_rejection_reverse,up,va,1315.50,False,below_range,True,open_auction_out,,va,1315.50,False,below_value,True
2011-02-11,1313.75,1319.00,1313.25,open_auction_in,,,,False,in_value,True,open_auction_in,,,,False,in_value,True
2011-02-14,1326.00,1328.75,1325.25,open_auction_in,,,,False,in_value,True,open_auction_in,,,,False,in_value,True
2011-02-15,1325.75,1328.00,1322.25,open_auction_in,,,,False,in_value,True,open_auction_in,,,,False,in_value,True
2011-02-16,1330.25,1334.00,1329.75,open_drive,up,,1333.00,True,above_range,True,open_drive,up,,1333.00,True,above_range,True
2011-02-17,1330.25,1333.75,1329.00,open_auction_in,,,,False,in_value,True,open_auction_in,,,,False,in_value,True
2011-02-18,1339.50,1339.75,1337.00,open_auction_in,,,,False,in_value,True,open_auction_in,,,,False,in_value,True
2011-02-22,1326.50,1334.50,1323.25,open_auction_out,,a_blurred,1330.50,False,below_range,True,open_auction_out,,a_blurred,1330.50,False,below_range,True
2011-02-23,1313.25,1316.50,1307.75,open_auction_in,,,,False,in_value,True,open_auction_in,,,,False,in_value,True
2011-02-24,1304.50,1310.00,1302.75,open_auction_in,,,,False,in_value,True,open_auction_in,,,,False,in_value,True
2011-02-25,1310.50,1317.50,1309.75,open_drive,up,,1315.50,True,above_range,True,open_drive,up,,1315.50,True,above_range,True
2011-02-28,1323.75,1329.00,1322.75,open_drive,up,,1327.50,False,above_range,True,open_drive,up,,1327.50,False,above_range,True
2011-03-01,1331.50,1332.50,1319.00,open_rejection_reverse,down,va,1319.00,False,above_range,False,open_rejection_reverse,down,va,1319.00,False,above_range,False
2011-03-02,1303.00,1309.75,1302.75,open_rejection_reverse,up,va,1307.50,False,below_range,False,open_rejection_reverse,up,va,1307.50,False,below_range,False
2011-03-03,1319.50,1325.50,1319.25,open_drive,up,,1321.75,True,above_range,True,open_drive,up,,1321.75,True,above_value,True
2011-03-04,1329.50,1330.50,1319.25,open_auction_in,,,,False,in_value,True,open_auction_in,,,,False,in_value,True
2011-03-07,1324.25,1327.25,1320.50,open_rejection_reverse,down,va,1323.25,False,above_value,True,open_rejection_reverse,down,va,1323.25,False,above_value,True
2011-03-08,1311.75,1319.00,1306.00,open_auction_in,,,,False,in_value,True,open_auction_in,,,,False,in_value,True
2011-03-09,1318.50,1321.75,1313.00,open_auction_in,,,,False,in_value,True,open_auction_in,,,,False,in_value,True
2011-03-10,1305.50,1305.75,1294.25,open_drive,down,,1297.25,False,below_range,True,open_drive,down,,1297.25,False,below_range,True
2011-03-11,1290.50,1298.00,1290.25,open_rejection_reverse,up,va,1294.25,False,below_range,True,open_rejection_reverse,up,va,1294.25,False,below_range,True
2011-03-14,1290.50,1295.25,1289.75,open_auction_in,,,,False,in_value,True,open_auction_in,,,,False,in_value,True
2011-03-15,1256.25,1268.25,1255.25,open_auction_out,,a_blurred,1268.25,False,below_range,True,open_auction_out,,a_blurred,1268.25,False,below_range,True
2011-03-16,1272.00,1274.50,1267.00,open_auction_in,,,,False,in_value,True,open_auction_in,,,,False,in_value,True
2011-03-17,1270.50,1274.50,1265.25,open_auction_out,,va,1273.25,False,above_value,True,open_auction_out,,va,1273.25,False,above_value,True
2011-03-18,1284.50,1285.00,1277.50,open_auction_out,,a_blurred,1278.00,False,above_range,True,open_auction_out,,a_blurred,1278.00,False,above_range,True
2011-03-21,1289.50,1296.25,1287.75,open_drive,up,,1295.25,False,above_range,True,open_drive,up,,1295.25,False,above_range,True
2011-03-22,1293.00,1294.75,1290.00,open_auction_in,,,,False,in_value,True,open_auction_in,,,,False,in_value,True
2011-03-23,1285.00,1286.00,1279.00,open_drive,down,,1282.00,False,below_range,True,open_drive,down,,1282.00,False,below_range,True
2011-03-24,1299.75,1300.25,1292.50,open_test_drive,up,range,1296.25,True,above_range,True,open_test_drive,up,range,1296.25,True,above_range,True
2011-03-25,1308.00,1309.25,1305.25,open_test_drive,up,va,1308.50,True,above_range,True,open_test_drive,up,va,1308.50,True,above_range,True
2011-03-28,1311.50,1315.00,1310.50,open_auction_in,,,,False,in_value,True,open_auction_in,,,,False,in_value,True
2011-03-29,1304.50,1308.25,1300.25,open_auction_out,,range,1306.25,False,below_range,True,open_auction_out,,range,1306.25,False,below_range,True
2011-03-30,1321.25,1323.50,1319.50,open_auction_out,,a_blurred,1319.75,False,above_range,True,open_auction_out,,a_blurred,1319.75,False,above_range,True
2011-03-31,1321.75,1325.25,1320.75,open_auction_in,,,,False,in_value,True,open_auction_in,,,,False,in_value,True
2011-04-01,1330.00,1332.25,1325.75,open_test_drive,up,va,1331.50,True,above_range,True,open_test_drive,up,va,1331.50,True,above_range,True
2011-04-04,1330.25,1332.75,1327.50,open_auction_in,,,,False,in_value,True,open_auction_in,,,,False,in_value,True
2011-04-05,1325.75,1330.50,1325.25,open_auction_in,,,,False,in_value,True,open_auction_in,,,,False,in_value,True
2011-04-06,1334.50,1335.75,1330.75,open_rejection_reverse,down,va,1332.75,False,above_range,True,open_rejection_reverse,down,va,1332.75,False,above_range,True
2011-04-07,1329.75,1335.25,1329.50,open_auction_in,,,,False,in_value,True,open_auction_in,,,,False,in_value,True
2011-04-08,1334.75,1335.75,1328.50,open_rejection_reverse,down,va,1329.25,False,above_value,False,open_rejection_reverse,down,va,1329.25,False,above_value,False
2011-04-11,1325.75,1330.25,1325.00,open_auction_in,,,,False,in_value,True,open_auction_in,,,,False,in_value,True
2011-04-12,1313.00,1315.50,1307.75,open_drive,down,,1310.75,True,below_range,True,open_drive,down,,1310.75,True,below_range,True
2011-04-13,1316.50,1317.50,1310.75,open_rejection_reverse,down,va,1313.50,False,above_range,False,open_rejection_reverse,down,va,1313.50,False,above_range,False
2011-04-14,1302.75,1306.75,1298.25,open_rejection_reverse,up,va,1306.50,False,below_range,True,open_rejection_reverse,up,va,1306.50,False,below_range,True
2011-04-15,1313.50,1316.50,1309.50,open_auction_out,,va,1313.25,False,above_range,True,open_auction_in,,,,False,in_value,True
2011-04-18,1301.25,1301.75,1291.25,open_drive,down,,1296.00,True,below_range,True,open_drive,down,,1296.00,True,below_range,True
2011-04-19,1303.25,1306.25,1301.50,open_auction_out,,a_extreme,1304.75,False,above_value,True,open_auction_out,,a_extreme,1304.75,False,above_value,True
2011-04-20,1324.25,1329.50,1323.25,open_drive,up,,1327.50,False,above_range,True,open_drive,up,,1327.50,False,above_range,True
2011-04-21,1333.25,1333.50,1328.75,open_auction_out,,va,1331.00,False,above_range,True,open_auction_out,,va,1331.00,False,above_range,True
2011-04-25,1332.00,1334.00,1328.25,open_auction_in,,,,False,in_value,True,open_auction_in,,,,False,in_value,True
2011-04-26,1336.00,1339.75,1334.50,open_drive,up,,1338.75,True,above_range,True,open_drive,up,,1338.75,True,above_range,True
2011-04-27,1346.25,1346.50,1341.75,open_auction_in,,,,False,in_value,True,open_auction_in,,,,False,in_value,True
2011-04-28,1350.00,1354.00,1349.50,open_auction_in,,,,False,in_value,False,open_drive,up,,1352.50,True,above_value,True
2011-04-29,1357.00,1358.75,1355.25,open_auction_in,,,,False,in_value,True,open_auction_in,,,,False,in_value,True
2011-05-02,1365.75,1366.50,1361.75,open_drive,up,,1366.25,True,above_range,True,open_drive,up,,1366.25,True,above_range,True
2011-05-03,1354.75,1357.25,1352.00,open_test_drive,down,a_extreme,1354.75,True,below_value,True,open_test_drive,down,a_extreme,1354.75,True,below_value,True
2011-05-04,1352.25,1352.75,1340.75,open_auction_in,,,,False,in_value,False,open_auction_in,,,,False,in_value,False
2011-05-05,1336.00,1340.25,1332.75,open_test_drive,down,va,1336.25,True,below_range,True,open_test_drive,down,va,1336.25,True,below_range,True
2011-05-06,1344.50,1349.75,1343.00,open_auction_in,,,,False,in_value,True,open_auction_in,,,,False,in_value,True
2011-05-09,1337.00,1340.00,1335.25,open_auction_in,,,,False,in_value,True,open_auction_in,,,,False,in_value,True
2011-05-10,1346.75,1351.75,1345.25,open_auction_out,,va,1350.75,False,above_range,True,open_auction_in,,,,False,in_value,False
2011-05-11,1351.75,1352.25,1347.00,open_auction_in,,,,False,in_value,True,open_auction_in,,,,False,in_value,True
2011-05-12,1335.75,1336.75,1328.75,open_auction_in,,,,False,in_value,True,open_auction_in,,,,False,in_value,True
2011-05-13,1346.75,1348.50,1340.75,open_rejection_reverse,down,va,1344.25,False,above_value,False,open_rejection_reverse,down,va,1344.25,False,above_value,False
2011-05-16,1331.00,1337.25,1328.00,open_auction_in,,,,False,in_value,True,open_rejection_reverse,up,va,1336.00,False,below_value,True
2011-05-17,1322.00,1328.75,1320.00,open_rejection_reverse,up,va,1328.25,True,below_range,True,open_test_drive,down,range,1328.25,True,below_range,True
2011-05-18,1327.50,1330.75,1324.50,open_auction_in,,,,False,in_value,True,open_auction_in,,,,False,in_value,True
2011-05-19,1343.00,1345.50,1337.75,open_auction_out,,va,1340.25,False,above_range,True,open_auction_out,,va,1340.25,False,above_range,True
2011-05-20,1338.50,1339.50,1330.50,open_auction_in,,,,False,in_value,False,open_auction_in,,,,False,in_value,False
2011-05-23,1315.00,1318.00,1312.25,open_auction_out,,a_blurred,1315.75,False,below_range,True,open_auction_out,,a_blurred,1315.75,False,below_range,True
2011-05-24,1319.50,1322.50,1318.00,open_auction_in,,,,False,in_value,True,open_auction_in,,,,False,in_value,True
2011-05-25,1309.00,1315.00,1308.75,open_rejection_reverse,up,va,1314.00,False,below_range,True,open_rejection_reverse,up,va,1314.00,False,below_range,True
2011-05-26,1315.00,1319.25,1312.50,open_auction_in,,,,False,in_value,True,open_auction_in,,,,False,in_value,True
2011-05-27,1328.75,1332.00,1326.75,open_test_drive,up,range,1329.75,True,above_range,True,open_auction_out,,a_blurred,1329.75,True,above_range,True
2011-05-31,1342.50,1344.00,1336.00,open_auction_out,,a_blurred,1337.75,False,above_range,True,open_auction_out,,a_blurred,1337.75,False,above_range,True
2011-06-01,1340.25,1341.00,1331.25,open_auction_in,,,,False,in_value,True,open_auction_in,,,,False,in_value,True
2011-06-02,1314.50,1317.00,1308.25,open_auction_out,,va,1314.00,False,below_value,True,open_auction_out,,va,1314.00,False,below_value,True
2011-06-03,1296.00,1304.25,1295.50,open_auction_out,,range,1304.00,False,below_range,True,open_auction_out,,range,1304.00,False,below_range,True
2011-06-06,1295.75,1298.25,1290.00,open_auction_out,,va,1293.50,False,below_value,False,open_auction_out,,va,1293.50,False,below_value,False
2011-06-07,1291.50,1293.75,1288.25,open_auction_in,,,,False,in_value,True,open_auction_in,,,,False,in_value,True
2011-06-08,1282.25,1285.25,1279.00,open_auction_out,,range,1282.75,False,below_range,True,open_auction_out,,range,1282.75,False,below_range,True
2011-06-09,1282.25,1288.00,1279.00,open_auction_in,,,,False,in_value,True,open_auction_in,,,,False,in_value,True
2011-06-10,1283.00,1284.00,1274.50,open_drive,down,,1277.25,True,below_value,False,open_drive,down,,1277.25,True,below_value,False
2011-06-13,1268.00,1271.50,1267.25,open_auction_in,,,,False,in_value,True,open_auction_in,,,,False,in_value,True
2011-06-14,1278.00,1282.25,1277.50,open_drive,up,,1282.00,True,above_range,True,open_drive,up,,1282.00,True,above_value,False
2011-06-15,1271.75,1275.75,1269.25,open_auction_out,,a_blurred,1272.25,False,below_range,True,open_auction_out,,a_blurred,1272.25,False,below_range,True
2011-06-16,1260.00,1266.75,1255.75,open_auction_in,,,,False,in_value,True,open_auction_in,,,,False,in_value,True
2011-06-17,1274.75,1275.00,1267.25,open_auction_out,,range,1269.00,False,above_range,True,open_auction_out,,va,1269.00,False,above_value,True
2011-06-20,1261.75,1268.25,1261.25,open_rejection_reverse,up,va,1267.25,False,below_value,True,open_rejection_reverse,up,va,1267.25,False,below_value,True
2011-06-21,1279.25,1285.50,1277.50,open_drive,up,,1284.75,True,above_range,True,open_drive,up,,1284.75,True,above_range,True
2011-06-22,1286.00,1291.50,1284.75,open_auction_in,,,,False,in_value,True,open_auction_in,,,,False,in_value,True
2011-06-23,1267.00,1267.25,1258.50,open_drive,down,,1262.00,True,below_range,True,open_drive,down,,1262.00,True,below_range,True
2011-06-24,1278.25,1279.25,1265.50,open_rejection_reverse,down,va,1267.25,False,above_value,True,open_rejection_reverse,down,va,1267.25,False,above_value,True
2011-06-27,1264.25,1273.00,1261.75,open_auction_in,,,,False,in_value,True,open_auction_in,,,,False,in_value,True
2011-06-28,1279.75,1286.25,1278.00,open_test_drive,up,va,1286.00,True,above_value,False,open_test_drive,up,va,1286.00,True,above_value,False
2011-06-29,1297.50,1299.25,1292.75,open_auction_out,,a_blurred,1296.75,True,above_range,True,open_auction_out,,a_blurred,1296.75,True,above_range,True
2011-06-30,1307.00,1315.50,1305.50,open_drive,up,,1314.25,True,above_range,True,open_drive,up,,1314.25,True,above_range,True
2011-07-01,1315.50,1326.25,1313.25,open_auction_in,,,,False,in_value,False,open_auction_in,,,,False,in_value,False
2011-07-05,1333.00,1335.25,1330.00,open_auction_in,,,,False,in_value,True,open_auction_in,,,,False,in_value,True
2011-07-06,1330.25,1332.50,1326.50,open_auction_in,,,,False,in_value,True,open_auction_in,,,,False,in_value,True
2011-07-07,1347.00,1347.50,1344.25,open_drive,up,,1346.75,True,above_range,True,open_drive,up,,1346.75,True,above_range,True
2011-07-08,1333.75,1338.00,1331.25,open_drive,down,,1333.25,True,below_range,True,open_drive,down,,1333.25,True,below_range,True
2011-07-11,1323.00,1327.00,1318.50,open_drive,down,,1319.50,True,below_range,True,open_drive,down,,1319.50,True,below_range,True
2011-07-12,1312.00,1317.75,1310.75,open_auction_in,,,,False,in_value,True,open_auction_in,,,,False,in_value,True
2011-07-13,1316.50,1324.25,1313.75,open_auction_in,,,,False,in_value,True,open_auction_in,,,,False,in_value,True
2011-07-14,1317.00,1323.25,1315.00,open_auction_in,,,,False,in_value,True,open_auction_in,,,,False,in_value,True
2011-07-15,1312.00,1314.00,1303.00,open_auction_in,,,,False,in_value,True,open_auction_in,,,,False,in_value,True
2011-07-18,1306.25,1308.00,1296.25,open_auction_in,,,,False,in_value,True,open_auction_in,,,,False,in_value,True
2011-07-19,1308.50,1316.25,1308.25,open_drive,up,,1315.00,False,above_range,True,open_drive,up,,1315.00,False,above_range,True
2011-07-20,1325.75,1326.75,1319.25,open_auction_out,,va,1322.25,False,above_range,True,open_auction_out,,va,1322.25,False,above_range,True
2011-07-21,1329.00,1341.50,1326.50,open_auction_out,,va,1341.00,False,above_range,True,open_auction_out,,va,1341.00,False,above_range,True
2011-07-22,1340.50,1341.75,1332.75,open_auction_in,,,,False,in_value,True,open_auction_in,,,,False,in_value,True
2011-07-25,1328.25,1336.50,1326.75,open_auction_out,,va,1335.00,False,below_range,True,open_auction_out,,va,1335.00,False,below_range,True
2011-07-26,1332.50,1334.25,1325.50,open_auction_in,,,,False,in_value,False,open_auction_in,,,,False,in_value,False
2011-07-27,1321.25,1321.50,1308.25,open_drive,down,,1308.75,True,below_range,True,open_drive,down,,1308.75,True,below_range,True
2011-07-28,1301.00,1307.50,1299.50,open_rejection_reverse,up,va,1304.75,False,below_value,True,open_rejection_reverse,up,va,1304.75,False,below_value,True
2011-07-29,1284.50,1290.00,1278.50,open_auction_out,,a_blurred,1288.25,False,below_range,True,open_auction_out,,a_blurred,1288.25,False,below_range,True
2011-08-01,1303.25,1304.75,1275.50,open_rejection_reverse,down,va,1281.00,False,above_range,False,open_rejection_reverse,down,va,1281.00,False,above_range,False
2011-08-02,1273.25,1280.00,1273.00,open_auction_in,,,,False,in_value,True,open_auction_in,,,,False,in_value,True
2011-08-03,1251.75,1254.00,1240.25,open_test_drive,down,a_extreme,1243.00,True,below_value,True,open_test_drive,down,a_extreme,1243.00,True,below_value,True
2011-08-04,1239.25,1241.00,1229.25,open_test_drive,down,va,1233.50,True,below_value,True,open_test_drive,down,va,1233.50,True,below_value,True
2011-08-05,1212.25,1215.50,1183.00,open_auction_in,,,,False,in_value,False,open_auction_in,,,,False,in_value,False
2011-08-08,1164.00,1178.25,1151.00,open_drive,down,,1152.75,True,below_value,True,open_drive,down,,1152.75,True,below_value,True
2011-08-09,1135.50,1144.50,1116.50,open_auction_in,,,,False,in_value,True,open_auction_in,,,,False,in_value,True
2011-08-10,1147.50,1149.00,1122.50,open_auction_in,,,,False,in_value,True,open_auction_in,,,,False,in_value,True
2011-08-11,1127.00,1146.00,1123.00,open_auction_in,,,,False,in_value,True,open_auction_in,,,,False,in_value,True
2011-08-12,1178.75,1186.25,1167.50,open_auction_out,,va,1177.00,False,above_value,True,open_auction_out,,va,1177.00,False,above_value,True
2011-08-15,1186.50,1196.75,1185.50,open_drive,up,,1196.25,True,above_value,False,open_drive,up,,1196.25,True,above_value,False
2011-08-16,1189.25,1193.75,1184.00,open_rejection_reverse,up,va,1193.50,False,below_value,True,open_rejection_reverse,up,va,1193.50,False,below_value,True
2011-08-17,1196.75,1206.75,1195.00,open_drive,up,,1206.50,False,above_value,False,open_drive,up,,1206.50,False,above_value,False
2011-08-18,1159.50,1161.00,1131.00,open_drive,down,,1143.00,False,below_range,True,open_drive,down,,1143.00,False,below_range,True
2011-08-19,1124.00,1153.25,1123.00,open_rejection_reverse,up,va,1151.00,False,below_range,False,open_rejection_reverse,up,va,1151.00,False,below_range,False
2011-08-22,1146.00,1146.50,1131.75,open_rejection_reverse,down,va,1136.50,False,above_value,False,open_rejection_reverse,down,va,1136.50,False,above_value,False
2011-08-23,1126.00,1138.25,1120.25,open_auction_in,,,,False,in_value,True,open_auction_in,,,,False,in_value,True
2011-08-24,1156.50,1174.00,1153.50,open_auction_out,,va,1166.50,False,above_value,False,open_auction_out,,va,1166.50,False,above_value,False
2011-08-25,1181.50,1188.50,1163.00,open_rejection_reverse,down,va,1166.50,False,above_range,False,open_rejection_reverse,down,va,1166.50,False,above_range,False
2011-08-26,1151.00,1157.50,1132.75,open_auction_out,,va,1152.50,False,below_range,True,open_auction_out,,va,1152.50,False,below_range,True
2011-08-29,1189.75,1198.75,1189.00,open_drive,up,,1196.00,False,above_range,True,open_drive,up,,1196.00,False,above_range,True
2011-08-30,1202.50,1206.25,1193.50,open_auction_in,,,,False,in_value,True,open_auction_in,,,,False,in_value,True
2011-08-31,1219.00,1229.75,1217.75,open_drive,up,,1227.50,False,above_range,True,open_drive,up,,1227.50,False,above_range,True
2011-09-01,1217.50,1228.50,1211.25,open_auction_in,,,,False,in_value,True,open_auction_in,,,,False,in_value,True
2011-09-02,1178.75,1185.25,1175.25,open_auction_out,,a_blurred,1181.00,False,below_range,True,open_auction_out,,a_blurred,1181.00,False,below_range,True
2011-09-06,1138.00,1153.75,1138.00,open_auction_out,,a_blurred,1140.75,False,below_range,True,open_auction_out,,a_blurred,1140.75,False,below_range,True
2011-09-07,1181.75,1186.00,1177.75,open_drive,up,,1182.25,True,above_range,True,open_drive,up,,1182.25,True,above_range,True
2011-09-08,1190.00,1198.00,1188.25,open_auction_in,,,,False,in_value,True,open_auction_in,,,,False,in_value,True
2011-09-09,1171.50,1173.50,1164.00,open_drive,down,,1173.00,True,below_range,True,open_drive,down,,1173.00,True,below_range,True
2011-09-12,1133.25,1151.00,1132.75,open_auction_out,,va,1140.50,False,below_range,True,open_auction_out,,va,1140.50,False,below_range,True
2011-09-13,1158.50,1168.00,1150.50,open_drive,up,,1163.25,False,above_range,True,open_drive,up,,1163.25,False,above_range,True
2011-09-14,1172.00,1174.50,1155.25,open_rejection_reverse,down,va,1162.00,False,above_range,False,open_rejection_reverse,down,va,1162.00,False,above_range,False
2011-09-15,1194.75,1198.25,1188.25,open_auction_out,,a_extreme,1190.00,False,above_value,True,open_auction_out,,a_extreme,1190.00,False,above_value,True
2011-09-16,1207.25,1214.50,1205.50,open_auction_out,,a_blurred,1206.25,False,above_range,True,open_auction_out,,a_blurred,1206.25,False,above_range,True
2011-09-19,1189.50,1191.25,1181.50,open_drive,down,,1184.75,False,below_range,True,open_drive,down,,1184.75,False,below_range,True
2011-09-20,1202.50,1205.25,1194.50,open_drive,up,,1204.25,True,above_value,True,open_drive,up,,1204.25,True,above_value,True
2011-09-21,1197.00,1200.50,1193.25,open_test_drive,down,a_extreme,1193.75,True,below_value,True,open_test_drive,down,a_extreme,1193.75,True,below_value,True
2011-09-22,1126.50,1136.00,1120.50,open_auction_out,,a_blurred,1130.50,False,below_range,True,open_auction_out,,a_blurred,1130.50,False,below_range,True
2011-09-23,1114.75,1128.50,1113.75,open_rejection_reverse,up,va,1121.25,False,below_value,False,open_rejection_reverse,up,va,1121.25,False,below_value,False
2011-09-26,1140.25,1142.50,1124.00,open_rejection_reverse,down,va,1131.25,False,above_range,False,open_rejection_reverse,down,va,1131.25,False,above_range,False
2011-09-27,1179.75,1185.75,1176.00,open_drive,up,,1182.00,True,above_range,True,open_drive,up,,1182.00,True,above_range,True
2011-09-28,1172.00,1179.25,1164.75,open_test_drive,down,va,1167.75,True,below_value,True,open_test_drive,down,va,1167.75,True,below_value,True
2011-09-29,1164.50,1170.75,1157.00,open_auction_in,,,,False,in_value,True,open_auction_in,,,,False,in_value,True
2011-09-30,1138.75,1147.50,1134.25,open_rejection_reverse,up,va,1143.75,False,below_value,True,open_rejection_reverse,up,va,1143.75,False,below_value,True
2011-10-03,1118.50,1133.50,1114.50,open_auction_out,,range,1125.75,False,below_range,True,open_auction_out,,range,1125.75,False,below_range,True
2011-10-04,1077.50,1082.75,1068.00,open_drive,down,,1075.25,False,below_range,True,open_drive,down,,1075.25,False,below_range,True
2011-10-05,1120.00,1123.50,1109.50,open_test_drive,up,range,1118.00,True,above_range,True,open_test_drive,up,range,1118.00,True,above_range,True
2011-10-06,1137.25,1144.00,1129.00,open_test_drive,up,va,1142.75,True,above_value,True,open_test_drive,up,va,1142.75,True,above_value,True
2011-10-07,1165.75,1166.50,1157.50,open_auction_out,,va,1164.25,False,above_range,True,open_auction_out,,va,1164.25,False,above_range,True
2011-10-10,1171.00,1183.75,1170.75,open_drive,up,,1182.50,True,above_range,True,open_drive,up,,1182.50,True,above_range,True
2011-10-11,1183.25,1191.00,1182.00,open_auction_in,,,,False,in_value,True,open_auction_in,,,,False,in_value,True
2011-10-12,1200.75,1208.25,1197.75,open_drive,up,,1206.25,True,above_range,True,open_drive,up,,1206.25,True,above_range,True
2011-10-13,1194.50,1195.00,1187.25,open_drive,down,,1191.00,True,below_range,True,open_drive,down,,1191.00,True,below_range,True
2011-10-14,1213.50,1217.25,1209.25,open_auction_out,,a_blurred,1209.25,False,above_range,True,open_auction_out,,a_blurred,1209.25,False,above_range,True
2011-10-17,1214.50,1215.25,1205.50,open_auction_in,,,,False,in_value,True,open_auction_in,,,,False,in_value,True
2011-10-18,1195.50,1199.00,1186.25,open_auction_in,,,,False,in_value,True,open_auction_in,,,,False,in_value,True
2011-10-19,1218.25,1225.25,1215.25,open_auction_out,,va,1224.75,False,above_value,True,open_auction_out,,a_extreme,1224.75,False,above_value,True
2011-10-20,1208.75,1212.50,1203.00,open_test_drive,down,va,1207.25,True,below_value,True,open_test_drive,down,va,1207.25,True,below_value,True
2011-10-21,1225.50,1234.75,1223.75,open_drive,up,,1234.25,True,above_range,True,open_drive,up,,1234.25,True,above_range,True
2011-10-24,1236.00,1246.25,1235.00,open_drive,up,,1245.00,True,above_range,True,open_drive,up,,1245.00,True,above_range,True
2011-10-25,1243.25,1244.00,1227.50,open_auction_in,,,,False,in_value,False,open_auction_in,,,,False,in_value,False
2011-10-26,1238.00,1239.75,1225.75,open_auction_in,,,,False,in_value,True,open_auction_in,,,,False,in_value,True
2011-10-27,1271.00,1272.50,1261.25,open_auction_out,,a_blurred,1262.25,False,above_range,True,open_auction_out,,a_blurred,1262.25,False,above_range,True
2011-10-28,1275.00,1279.25,1272.75,open_auction_in,,,,False,in_value,True,open_auction_in,,,,False,in_value,True
2011-10-31,1266.50,1267.50,1261.75,open_drive,down,,1263.75,True,below_range,True,open_drive,down,,1263.75,True,below_value,True
2011-11-01,1214.75,1227.25,1209.50,open_auction_out,,a_blurred,1225.75,False,below_range,True,open_auction_out,,a_blurred,1225.75,False,below_range,True
2011-11-02,1232.75,1234.75,1227.25,open_test_drive,up,va,1232.25,True,above_range,True,open_test_drive,up,va,1232.25,True,above_range,True
2011-11-03,1247.25,1248.75,1230.50,open_auction_out,,va,1238.25,False,above_range,True,open_auction_out,,va,1238.25,False,above_range,True
2011-11-04,1246.75,1249.75,1237.75,open_auction_in,,,,False,in_value,True,open_auction_in,,,,False,in_value,True
2011-11-07,1248.50,1256.00,1247.25,open_auction_in,,,,False,in_value,True,open_auction_in,,,,False,in_value,True
2011-11-08,1263.75,1268.50,1256.25,open_auction_out,,range,1258.00,False,above_range,True,open_auction_out,,range,1258.00,False,above_range,True
2011-11-09,1243.50,1246.25,1237.50,open_drive,down,,1238.25,True,below_range,True,open_drive,down,,1238.25,True,below_range,True
2011-11-10,1242.50,1243.00,1230.25,open_auction_in,,,,False,in_value,True,open_auction_in,,,,False,in_value,True
2011-11-11,1252.75,1259.50,1252.50,open_drive,up,,1258.75,True,above_range,True,open_drive,up,,1258.75,True,above_range,True
2011-11-14,1256.25,1258.25,1250.25,open_auction_in,,,,False,in_value,True,open_auction_in,,,,False,in_value,True
2011-11-15,1246.25,1253.25,1244.25,open_auction_in,,,,False,in_value,True,open_auction_in,,,,False,in_value,True
2011-11-16,1242.75,1248.25,1240.75,open_auction_in,,,,False,in_value,True,open_auction_in,,,,False,in_value,True
2011-11-17,1232.50,1234.00,1223.75,open_auction_out,,range,1233.00,False,below_range,True,open_auction_out,,range,1233.00,False,below_range,True
2011-11-18,1219.25,1220.75,1211.50,open_auction_in,,,,False,in_value,True,open_auction_in,,,,False,in_value,True
2011-11-21,1196.00,1197.75,1187.25,open_drive,down,,1189.50,True,below_range,True,open_drive,down,,1189.50,True,below_range,True
2011-11-22,1188.00,1194.50,1185.75,open_auction_in,,,,False,in_value,True,open_auction_in,,,,False,in_value,True
2011-11-23,1174.75,1176.25,1164.75,open_drive,down,,1165.50,True,below_range,True,open_drive,down,,1165.50,True,below_range,True
2011-11-25,1157.75,1171.25,1157.50,open_rejection_reverse,up,va,1168.00,False,below_range,False,open_rejection_reverse,up,va,1168.00,False,below_range,False
2011-11-28,1189.50,1195.50,1187.25,open_drive,up,,1194.00,True,above_range,True,open_drive,up,,1194.00,True,above_range,True
2011-11-29,1195.00,1203.00,1190.50,open_auction_in,,,,False,in_value,True,open_auction_in,,,,False,in_value,True
2011-11-30,1229.00,1236.25,1226.50,open_drive,up,,1234.50,True,above_range,True,open_drive,up,,1234.50,True,above_range,True
2011-12-01,1242.75,1251.00,1241.50,open_drive,up,,1248.50,False,above_value,True,open_drive,up,,1248.50,False,above_value,True
2011-12-02,1255.75,1259.50,1251.50,open_drive,up,,1258.25,False,above_range,True,open_drive,up,,1258.25,False,above_range,True
2011-12-05,1262.75,1265.50,1259.00,open_test_drive,up,range,1264.25,True,above_range,True,open_test_drive,up,range,1264.25,True,above_range,True
2011-12-06,1256.50,1259.00,1252.00,open_auction_in,,,,False,in_value,True,open_auction_in,,,,False,in_value,True
2011-12-07,1252.50,1253.25,1244.25,open_auction_in,,,,False,in_value,False,open_auction_in,,,,False,in_value,False
2011-12-08,1253.25,1256.25,1246.25,open_auction_in,,,,False,in_value,True,open_auction_in,,,,False,in_value,True
2011-12-09,1239.25,1250.00,1238.50,open_auction_in,,,,False,in_value,True,open_auction_in,,,,False,in_value,True
2011-12-12,1238.25,1238.25,1226.50,open_drive,down,,1228.00,True,below_value,False,open_drive,down,,1228.00,True,below_value,False
2011-12-13,1236.75,1244.00,1236.50,open_drive,up,,1238.50,False,above_value,True,open_drive,up,,1238.50,False,above_value,True
2011-12-14,1213.75,1218.50,1206.25,open_drive,down,,1210.50,True,below_value,True,open_drive,down,,1210.50,True,below_value,True
2011-12-15,1218.25,1220.00,1212.50,open_rejection_reverse,down,va,1213.50,False,above_value,True,open_rejection_reverse,down,va,1213.50,False,above_value,True
2011-12-16,1217.75,1225.00,1216.00,open_drive,up,,1222.00,False,above_value,True,open_drive,up,,1222.00,False,above_value,True
2011-12-19,1215.75,1218.50,1213.25,open_auction_in,,,,False,in_value,True,open_auction_in,,,,False,in_value,True
2011-12-20,1217.00,1228.75,1217.00,open_drive,up,,1228.50,True,above_value,False,open_drive,up,,1228.50,True,above_value,True
2011-12-21,1235.00,1236.25,1226.25,open_auction_in,,,,False,in_value,True,open_auction_in,,,,False,in_value,True
2011-12-22,1242.00,1246.75,1239.00,open_drive,up,,1245.50,False,above_range,True,open_drive,up,,1245.50,False,above_range,True
2011-12-23,1252.75,1254.00,1249.75,open_test_drive,up,va,1252.50,True,above_range,True,open_test_drive,up,va,1252.50,True,above_range,True
2011-12-27,1257.50,1264.00,1256.25,open_auction_in,,,,False,in_value,False,open_auction_in,,,,False,in_value,False
2011-12-28,1260.75,1261.25,1249.25,open_auction_in,,,,False,in_value,False,open_auction_in,,,,False,in_value,False
2011-12-29,1248.00,1253.50,1247.50,open_auction_in,,,,False,in_value,True,open_auction_in,,,,False,in_value,True
2011-12-30,1256.00,1259.25,1254.75,open_auction_in,,,,False,in_value,True,open_auction_in,,,,False,in_value,True
2012-01-03,1273.50,1279.75,1273.00,open_drive,up,,1278.00,False,above_range,True,open_drive,up,,1278.00,False,above_range,True
2012-01-04,1267.75,1270.25,1264.25,open_test_drive,down,va,1264.75,True,below_range,True,open_test_drive,down,va,1264.75,True,below_range,True
2012-01-05,1265.50,1267.25,1259.75,open_auction_out,,va,1265.75,False,below_value,True,open_auction_out,,va,1265.75,False,below_value,True
2012-01-06,1277.50,1277.50,1268.25,open_rejection_reverse,down,va,1271.00,False,above_value,False,open_rejection_reverse,down,va,1271.00,False,above_value,False
2012-01-09,1275.50,1276.75,1271.25,open_auction_in,,,,False,in_value,True,open_auction_in,,,,False,in_value,True
2012-01-10,1289.50,1292.00,1287.00,open_drive,up,,1289.75,False,above_range,True,open_drive,up,,1289.75,False,above_range,True
2012-01-11,1282.75,1286.25,1280.75,open_auction_out,,va,1284.25,False,below_range,True,open_auction_out,,va,1284.25,False,below_range,True
2012-01-12,1291.50,1292.75,1282.50,open_rejection_reverse,down,va,1284.25,False,above_range,True,open_auction_in,,,,False,in_value,True
2012-01-13,1281.75,1282.75,1272.75,open_drive,down,,1276.50,False,below_value,True,open_auction_out,,va,1276.50,False,below_value,True
2012-01-17,1296.50,1299.00,1293.00,open_auction_out,,a_blurred,1295.25,False,above_range,True,open_auction_out,,a_blurred,1295.25,False,above_range,True
2012-01-18,1289.00,1297.50,1286.50,open_rejection_reverse,up,va,1296.75,False,below_value,False,open_rejection_reverse,up,va,1296.75,False,below_value,False
2012-01-19,1307.75,1308.25,1303.50,open_test_drive,up,va,1307.00,True,above_range,True,open_test_drive,up,va,1307.00,True,above_range,True
2012-01-20,1308.25,1309.50,1305.50,open_auction_in,,,,False,in_value,True,open_auction_in,,,,False,in_value,True
2012-01-23,1310.75,1318.25,1310.25,open_auction_in,,,,False,in_value,False,open_auction_out,,va,1315.75,False,above_value,False
2012-01-24,1303.50,1306.75,1301.50,open_auction_out,,va,1305.25,False,below_range,True,open_auction_out,,va,1305.25,False,below_range,True
2012-01-25,1308.00,1308.25,1303.00,open_auction_in,,,,False,in_value,True,open_auction_in,,,,False,in_value,True
2012-01-26,1327.00,1329.75,1322.25,open_auction_out,,range,1322.50,False,above_range,True,open_auction_out,,range,1322.50,False,above_range,True
2012-01-27,1308.25,1314.25,1307.25,open_rejection_reverse,up,va,1312.25,False,below_range,True,open_auction_in,,,,False,in_value,True
2012-01-30,1300.75,1301.25,1296.00,open_drive,down,,1297.50,False,below_range,True,open_drive,down,,1297.50,False,below_range,True
2012-01-31,1315.75,1317.50,1307.25,open_auction_out,,va,1310.50,False,above_range,True,open_auction_out,,va,1310.50,False,above_range,True
2012-02-01,1318.50,1323.50,1316.75,open_auction_out,,range,1322.50,False,above_range,True,open_auction_out,,range,1322.50,False,above_range,True
2012-02-02,1322.50,1324.25,1319.25,open_auction_in,,,,False,in_value,True,open_auction_in,,,,False,in_value,True
2012-02-03,1335.75,1339.50,1333.25,open_drive,up,,1337.75,True,above_range,True,open_drive,up,,1337.75,True,above_range,True
2012-02-06,1335.25,1338.50,1333.75,open_auction_out,,va,1336.25,False,below_value,True,open_auction_out,,va,1336.25,False,below_value,True
2012-02-07,1337.25,1338.50,1331.75,open_auction_in,,,,False,in_value,True,open_auction_in,,,,False,in_value,True
2012-02-08,1344.00,1347.50,1343.00,open_auction_in,,,,False,in_value,False,open_auction_in,,,,False,in_value,False
2012-02-09,1349.25,1350.25,1341.25,open_rejection_reverse,down,va,1342.75,False,above_range,True,open_rejection_reverse,down,va,1342.75,False,above_range,True
2012-02-10,1337.00,1339.00,1333.75,open_drive,down,,1336.25,False,below_range,True,open_drive,down,,1336.25,False,below_range,True
2012-02-13,1348.75,1350.00,1344.25,open_auction_out,,a_blurred,1345.25,False,above_range,True,open_auction_out,,a_blurred,1345.25,False,above_range,True
2012-02-14,1345.50,1346.75,1341.50,open_test_drive,down,va,1344.00,True,below_value,True,open_test_drive,down,va,1344.00,True,below_value,True
2012-02-15,1352.00,1352.50,1347.50,open_auction_out,,va,1349.75,False,above_range,True,open_auction_out,,va,1349.75,False,above_range,True
2012-02-16,1341.25,1346.25,1338.50,open_rejection_reverse,up,va,1346.00,False,below_value,True,open_auction_in,,,,False,in_value,True
2012-02-17,1360.75,1361.25,1356.75,open_auction_out,,range,1358.25,False,above_range,True,open_auction_out,,range,1358.25,False,above_range,True
2012-02-21,1362.50,1363.50,1358.50,open_test_drive,up,va,1361.25,True,above_range,True,open_test_drive,up,va,1361.25,True,above_range,True
2012-02-22,1357.75,1360.75,1355.75,open_rejection_reverse,up,va,1358.00,False,below_value,True,open_rejection_reverse,up,va,1358.00,False,below_value,True
2012-02-23,1354.75,1355.50,1350.25,open_auction_in,,,,False,in_value,True,open_auction_in,,,,False,in_value,True
2012-02-24,1364.50,1366.25,1362.50,open_auction_out,,va,1364.00,False,above_range,True,open_auction_out,,range,1364.00,False,above_range,True
2012-02-27,1355.50,1359.75,1353.00,open_auction_out,,a_blurred,1359.50,False,below_range,True,open_auction_out,,a_blurred,1359.50,False,below_range,True
2012-02-28,1367.25,1371.25,1364.50,open_auction_in,,,,False,in_value,True,open_auction_in,,,,False,in_value,True
2012-02-29,1373.00,1377.25,1372.25,open_auction_out,,va,1373.50,False,above_range,True,open_auction_out,,va,1373.50,False,above_range,True
2012-03-01,1368.25,1373.50,1366.25,open_auction_in,,,,False,in_value,True,open_auction_in,,,,False,in_value,True
2012-03-02,1371.75,1373.25,1369.00,open_auction_in,,,,False,in_value,True,open_auction_in,,,,False,in_value,True
2012-03-05,1366.00,1367.25,1359.25,open_test_drive,down,a_extreme,1360.00,True,below_value,True,open_auction_in,,,,False,in_value,True
2012-03-06,1348.50,1349.50,1343.00,open_drive,down,,1344.75,False,below_range,True,open_drive,down,,1344.75,False,below_range,True
2012-03-07,1345.75,1347.50,1344.25,open_auction_in,,,,False,in_value,True,open_auction_in,,,,False,in_value,True
2012-03-08,1360.25,1362.75,1357.50,open_auction_out,,a_blurred,1358.50,True,above_range,True,open_auction_out,,a_blurred,1358.50,True,above_range,True
2012-03-09,1368.00,1372.50,1366.50,open_auction_in,,,,False,in_value,True,open_auction_in,,,,False,in_value,True
2012-03-12,1370.50,1372.75,1368.00,open_auction_in,,,,False,in_value,True,open_auction_in,,,,False,in_value,True
2012-03-13,1372.50,1373.50,1370.25,open_drive,up,,1371.75,True,above_range,True,open_drive,up,,1371.75,True,above_range,True
2012-03-14,1390.50,1394.25,1389.50,open_drive,up,,1392.50,False,above_value,False,open_drive,up,,1392.50,False,above_value,False
2012-03-15,1390.75,1392.75,1387.25,open_auction_in,,,,False,in_value,True,open_auction_in,,,,False,in_value,True
2012-03-16,1399.25,1400.25,1395.50,open_rejection_reverse,down,va,1397.00,False,above_range,True,open_rejection_reverse,down,va,1397.00,False,above_range,True
2012-03-19,1397.75,1401.50,1396.25,open_auction_in,,,,False,in_value,True,open_auction_in,,,,False,in_value,True
2012-03-20,1395.75,1397.00,1391.75,open_auction_out,,range,1395.25,False,below_range,True,open_auction_out,,range,1395.25,False,below_range,True
2012-03-21,1400.50,1401.75,1395.75,open_auction_in,,,,False,in_value,True,open_auction_in,,,,False,in_value,True
2012-03-22,1387.00,1390.75,1386.25,open_auction_out,,a_blurred,1387.75,True,below_range,True,open_auction_out,,a_blurred,1387.75,True,below_range,True
2012-03-23,1388.25,1389.00,1380.50,open_auction_in,,,,False,in_value,True,open_auction_in,,,,False,in_value,True
2012-03-26,1401.75,1406.75,1401.25,open_drive,up,,1405.50,False,above_range,True,open_drive,up,,1405.50,False,above_range,True
2012-03-27,1412.75,1414.00,1410.75,open_auction_out,,range,1412.00,False,above_range,True,open_auction_out,,range,1412.00,False,above_range,True
2012-03-28,1406.50,1408.75,1403.75,open_drive,down,,1405.50,True,below_value,True,open_drive,down,,1405.50,True,below_value,True
2012-03-29,1392.00,1394.25,1387.75,open_auction_in,,,,False,in_value,True,open_auction_in,,,,False,in_value,True
2012-03-30,1405.00,1405.25,1398.25,open_auction_out,,va,1399.25,False,above_range,True,open_rejection_reverse,down,va,1399.25,False,above_value,True
2012-04-02,1401.75,1408.50,1399.00,open_auction_in,,,,False,in_value,True,open_auction_in,,,,False,in_value,True
2012-04-03,1412.00,1413.75,1409.00,open_auction_in,,,,False,in_value,True,open_auction_in,,,,False,in_value,True
2012-04-04,1397.00,1398.50,1392.00,open_drive,down,,1393.25,True,below_range,True,open_drive,down,,1393.25,True,below_range,True
2012-04-05,1388.75,1394.75,1387.50,open_auction_in,,,,False,in_value,True,open_auction_in,,,,False,in_value,True
2012-04-09,1375.25,1378.75,1373.25,open_auction_out,,a_blurred,1377.75,False,below_range,True,open_auction_out,,a_blurred,1377.75,False,below_range,True
2012-04-10,1374.50,1378.50,1370.50,open_test_drive,down,va,1372.75,True,below_value,True,open_test_drive,down,va,1372.75,True,below_value,True
2012-04-11,1368.25,1369.75,1365.25,open_auction_in,,,,False,in_value,True,open_auction_in,,,,False,in_value,True
2012-04-12,1366.50,1374.25,1365.50,open_auction_in,,,,False,in_value,False,open_auction_in,,,,False,in_value,True
2012-04-13,1380.00,1380.00,1370.00,open_auction_in,,,,False,in_value,True,open_auction_in,,,,False,in_value,True
2012-04-16,1373.50,1375.25,1360.75,open_auction_in,,,,False,in_value,True,open_auction_in,,,,False,in_value,True
2012-04-17,1373.50,1379.00,1371.75,open_test_drive,up,va,1378.25,True,above_value,True,open_test_drive,up,va,1378.25,True,above_value,True
2012-04-18,1379.75,1384.75,1378.75,open_auction_in,,,,False,in_value,True,open_auction_in,,,,False,in_value,True
2012-04-19,1381.25,1384.00,1374.50,open_auction_in,,,,False,in_value,True,open_auction_in,,,,False,in_value,True
2012-04-20,1378.25,1381.25,1376.25,open_auction_in,,,,False,in_value,True,open_auction_in,,,,False,in_value,True
2012-04-23,1360.00,1361.25,1354.00,open_drive,down,,1356.50,False,below_range,True,open_drive,down,,1356.50,False,below_range,True
2012-04-24,1363.75,1370.75,1362.75,open_auction_in,,,,False,in_value,True,open_auction_in,,,,False,in_value,True
2012-04-25,1381.25,1386.75,1380.50,open_drive,up,,1383.50,False,above_range,True,open_drive,up,,1383.50,False,above_range,True
2012-04-26,1383.75,1389.25,1383.00,open_auction_in,,,,False,in_value,True,open_auction_in,,,,False,in_value,True
2012-04-27,1400.75,1401.00,1393.00,open_rejection_reverse,down,va,1395.50,False,above_range,False,open_rejection_reverse,down,va,1395.50,False,above_range,False
2012-04-30,1396.25,1397.00,1391.25,open_auction_in,,,,False,in_value,True,open_auction_in,,,,False,in_value,True
2012-05-01,1392.75,1406.50,1391.25,open_auction_in,,,,False,in_value,True,open_auction_in,,,,False,in_value,True
2012-05-02,1394.00,1395.50,1390.00,open_drive,down,,1390.75,True,below_value,True,open_drive,down,,1390.75,True,below_value,True
2012-05-03,1398.25,1399.25,1391.00,open_auction_in,,,,False,in_value,True,open_auction_in,,,,False,in_value,True
2012-05-04,1379.75,1381.25,1372.00,open_drive,down,,1373.00,True,below_range,True,open_drive,down,,1373.00,True,below_range,True
2012-05-07,1360.00,1366.25,1359.25,open_auction_out,,va,1361.25,False,below_range,True,open_auction_out,,va,1361.25,False,below_range,True
2012-05-08,1357.25,1359.75,1350.75,open_drive,down,,1351.25,True,below_range,True,open_drive,down,,1351.25,True,below_range,True
2012-05-09,1345.75,1349.75,1339.25,open_auction_out,,va,1340.00,False,below_value,True,open_auction_out,,va,1340.00,False,below_value,True
2012-05-10,1361.25,1363.00,1356.25,open_rejection_reverse,down,va,1357.00,False,above_range,True,open_rejection_reverse,down,va,1357.00,False,above_value,True
2012-05-11,1346.25,1358.25,1345.50,open_rejection_reverse,up,va,1356.75,False,below_range,True,open_rejection_reverse,up,va,1356.75,False,below_value,False
2012-05-14,1337.50,1340.50,1333.25,open_drive,down,,1334.00,False,below_range,True,open_drive,down,,1334.00,False,below_range,True
2012-05-15,1334.75,1341.50,1333.50,open_auction_in,,,,False,in_value,True,open_auction_in,,,,False,in_value,True
2012-05-16,1334.00,1339.75,1331.50,open_auction_in,,,,False,in_value,True,open_auction_in,,,,False,in_value,True
2012-05-17,1323.00,1324.50,1312.50,open_auction_out,,va,1320.00,False,below_value,False,open_auction_out,,va,1320.00,False,below_value,False
2012-05-18,1308.00,1308.75,1303.00,open_auction_in,,,,False,in_value,False,open_auction_in,,,,False,in_value,False
2012-05-21,1296.00,1304.00,1293.75,open_auction_in,,,,False,in_value,True,open_auction_in,,,,False,in_value,True
2012-05-22,1317.25,1324.75,1313.75,open_drive,up,,1323.00,True,above_range,True,open_drive,up,,1323.00,True,above_range,True
2012-05-23,1307.00,1310.50,1299.50,open_test_drive,down,range,1302.00,True,below_range,True,open_test_drive,down,range,1302.00,True,below_range,True
2012-05-24,1320.50,1321.00,1313.75,open_test_drive,up,range,1318.25,True,above_range,False,open_test_drive,up,range,1318.25,True,above_range,False
2012-05-25,1319.25,1322.75,1316.75,open_auction_in,,,,False,in_value,True,open_auction_in,,,,False,in_value,True
2012-05-29,1326.00,1332.50,1323.75,open_drive,up,,1331.75,True,above_range,True,open_drive,up,,1331.75,True,above_range,True
2012-05-30,1320.00,1320.50,1313.00,open_drive,down,,1315.75,True,below_range,True,open_drive,down,,1315.75,True,below_range,True
2012-05-31,1311.25,1312.75,1299.75,open_test_drive,down,va,1303.25,True,below_value,False,open_test_drive,down,va,1303.25,True,below_value,False
2012-06-01,1288.25,1292.75,1284.50,open_drive,down,,1285.50,True,below_range,True,open_drive,down,,1285.50,True,below_range,True
2012-06-04,1277.75,1281.50,1269.50,open_auction_out,,va,1274.50,False,below_value,True,open_auction_out,,va,1274.50,False,below_value,True
2012-06-05,1272.25,1284.50,1271.75,open_auction_in,,,,False,in_value,True,open_auction_in,,,,False,in_value,True
2012-06-06,1293.75,1303.00,1293.25,open_drive,up,,1300.00,True,above_range,True,open_drive,up,,1300.00,True,above_range,True
2012-06-07,1328.75,1329.50,1318.75,open_auction_out,,a_blurred,1323.25,False,above_range,True,open_auction_out,,a_blurred,1323.25,False,above_range,True
2012-06-08,1311.25,1313.25,1307.00,open_auction_out,,range,1312.50,False,below_range,True,open_auction_out,,range,1312.50,False,below_range,True
2012-06-11,1329.00,1330.00,1316.00,open_rejection_reverse,down,va,1317.50,False,above_range,True,open_rejection_reverse,down,va,1317.50,False,above_range,True
2012-06-12,1305.25,1308.75,1300.25,open_test_drive,down,va,1301.75,True,below_value,True,open_test_drive,down,a_extreme,1301.75,True,below_value,True
2012-06-13,1313.00,1316.25,1308.25,open_auction_in,,,,False,in_value,True,open_auction_in,,,,False,in_value,True
2012-06-14,1311.00,1317.25,1307.25,open_auction_in,,,,False,in_value,True,open_auction_in,,,,False,in_value,True
2012-06-15,1328.25,1331.00,1325.50,open_auction_out,,range,1329.00,False,above_range,True,open_auction_out,,range,1329.00,False,above_range,True
2012-06-18,1330.25,1337.75,1327.25,open_auction_in,,,,False,in_value,True,open_auction_in,,,,False,in_value,True
2012-06-19,1345.25,1351.75,1343.75,open_drive,up,,1350.75,True,above_range,True,open_drive,up,,1350.75,True,above_range,True
2012-06-20,1351.50,1353.00,1347.75,open_auction_in,,,,False,in_value,True,open_auction_in,,,,False,in_value,True
2012-06-21,1351.00,1352.50,1341.75,open_auction_in,,,,False,in_value,True,open_auction_in,,,,False,in_value,True
2012-06-22,1325.50,1327.25,1322.25,open_auction_in,,,,False,in_value,True,open_auction_in,,,,False,in_value,True
2012-06-25,1314.75,1315.50,1306.50,open_drive,down,,1306.75,True,below_range,True,open_drive,down,,1306.75,True,below_range,True
2012-06-26,1311.00,1314.00,1307.50,open_auction_in,,,,False,in_value,True,open_auction_in,,,,False,in_value,True
2012-06-27,1318.00,1326.00,1317.25,open_auction_in,,,,False,in_value,False,open_auction_in,,,,False,in_value,False
2012-06-28,1317.00,1318.75,1312.25,open_test_drive,down,range,1314.50,True,below_range,True,open_test_drive,down,range,1314.50,True,below_range,True
2012-06-29,1346.25,1350.50,1342.75,open_drive,up,,1349.25,False,above_range,True,open_drive,up,,1349.25,False,above_range,True
2012-07-02,1359.25,1361.00,1349.75,open_rejection_reverse,down,va,1352.50,False,above_range,True,open_rejection_reverse,down,va,1352.50,False,above_range,True
2012-07-03,1359.00,1364.75,1357.75,open_auction_in,,,,False,in_value,False,open_auction_in,,,,False,in_value,False
2012-07-05,1363.50,1365.00,1357.00,open_auction_in,,,,False,in_value,False,open_auction_in,,,,False,in_value,False
2012-07-06,1348.75,1351.75,1346.50,open_drive,down,,1349.00,True,below_range,True,open_drive,down,,1349.00,True,below_range,True
2012-07-09,1347.75,1349.50,1341.75,open_auction_in,,,,False,in_value,True,open_auction_in,,,,False,in_value,True
2012-07-10,1354.00,1356.50,1347.25,open_auction_out,,range,1349.50,False,above_range,True,open_rejection_reverse,down,va,1349.50,False,above_range,True
2012-07-11,1336.00,1340.00,1333.75,open_auction_in,,,,False,in_value,True,open_auction_in,,,,False,in_value,True
2012-07-12,1327.75,1328.00,1320.50,open_drive,down,,1322.50,True,below_value,False,open_drive,down,,1322.50,True,below_value,False
2012-07-13,1332.25,1347.75,1332.00,open_auction_in,,,,False,in_value,False,open_auction_in,,,,False,in_value,False
2012-07-16,1348.25,1349.50,1343.00,open_auction_in,,,,False,in_value,True,open_auction_in,,,,False,in_value,True
2012-07-17,1353.50,1356.50,1344.50,open_rejection_reverse,down,va,1347.00,False,above_range,False,open_rejection_reverse,down,va,1347.00,False,above_range,False
2012-07-18,1354.25,1365.25,1353.50,open_auction_in,,,,False,in_value,False,open_auction_in,,,,False,in_value,False
2012-07-19,1370.50,1373.75,1366.00,open_auction_in,,,,False,in_value,True,open_auction_in,,,,False,in_value,True
2012-07-20,1363.50,1365.50,1361.25,open_auction_out,,a_blurred,1364.00,True,below_range,True,open_auction_out,,a_blurred,1364.00,True,below_range,True
2012-07-23,1338.50,1338.75,1332.00,open_drive,down,,1334.50,False,below_range,True,open_drive,down,,1334.50,False,below_range,True
2012-07-24,1345.50,1346.25,1335.25,open_auction_in,,,,False,in_value,True,open_auction_in,,,,False,in_value,True
2012-07-25,1336.00,1339.50,1330.50,open_auction_in,,,,False,in_value,True,open_auction_in,,,,False,in_value,True
2012-07-26,1352.75,1357.00,1352.00,open_auction_out,,a_blurred,1354.25,False,above_range,True,open_auction_out,,a_blurred,1354.25,False,above_range,True
2012-07-27,1363.00,1367.50,1360.50,open_drive,up,,1365.00,True,above_range,True,open_drive,up,,1365.00,True,above_range,True
2012-07-30,1379.25,1387.50,1379.00,open_auction_in,,,,False,in_value,True,open_auction_in,,,,False,in_value,True
2012-07-31,1379.25,1382.50,1376.50,open_auction_in,,,,False,in_value,True,open_auction_in,,,,False,in_value,True
2012-08-01,1381.00,1381.25,1373.75,open_rejection_reverse,down,va,1376.00,False,above_value,False,open_auction_in,,,,False,in_value,True
2012-08-02,1359.50,1369.50,1356.00,open_auction_out,,range,1369.00,False,below_range,True,open_auction_out,,range,1369.00,False,below_range,False
2012-08-03,1379.50,1388.25,1378.75,open_drive,up,,1388.00,True,above_range,True,open_drive,up,,1388.00,True,above_range,True
2012-08-06,1391.25,1395.50,1389.75,open_test_drive,up,va,1394.50,True,above_range,True,open_test_drive,up,va,1394.50,True,above_range,True
2012-08-07,1395.75,1400.50,1395.50,open_auction_in,,,,False,in_value,False,open_auction_in,,,,False,in_value,False
2012-08-08,1392.50,1396.25,1392.00,open_auction_out,,va,1395.25,False,below_range,True,open_auction_out,,va,1395.25,False,below_range,True
2012-08-09,1396.50,1402.25,1396.25,open_auction_in,,,,False,in_value,True,open_auction_in,,,,False,in_value,True
2012-08-10,1394.50,1398.00,1392.00,open_auction_out,,va,1396.75,False,below_range,True,open_auction_in,,,,False,in_value,True
2012-08-13,1399.75,1402.25,1396.25,open_auction_in,,,,False,in_value,True,open_auction_in,,,,False,in_value,True
2012-08-14,1406.75,1407.75,1402.25,open_drive,up,,1403.75,False,above_range,True,open_auction_out,,range,1403.75,False,above_range,True
2012-08-15,1400.25,1404.75,1399.25,open_auction_in,,,,False,in_value,True,open_auction_in,,,,False,in_value,True
2012-08-16,1405.25,1406.75,1401.75,open_auction_in,,,,False,in_value,True,open_auction_in,,,,False,in_value,True
2012-08-17,1416.25,1416.50,1412.75,open_rejection_reverse,down,va,1413.25,False,above_range,True,open_rejection_reverse,down,va,1413.25,False,above_range,True
2012-08-20,1413.25,1415.00,1409.50,open_auction_in,,,,False,in_value,True,open_auction_in,,,,False,in_value,True
2012-08-21,1419.00,1423.25,1418.25,open_drive,up,,1423.00,True,above_range,True,open_drive,up,,1423.00,True,above_range,True
2012-08-22,1407.75,1411.00,1406.00,open_rejection_reverse,up,va,1410.50,True,below_range,False,open_rejection_reverse,up,va,1410.50,True,below_range,False
2012-08-23,1408.25,1408.50,1401.50,open_auction_in,,,,False,in_value,False,open_auction_in,,,,False,in_value,False
2012-08-24,1396.50,1399.50,1395.50,open_rejection_reverse,up,va,1398.25,False,below_range,True,open_rejection_reverse,up,va,1398.25,False,below_range,True
2012-08-27,1412.50,1412.75,1407.25,open_rejection_reverse,down,va,1409.25,True,above_range,False,open_rejection_reverse,down,va,1409.25,True,above_range,False
2012-08-28,1405.25,1411.25,1403.25,open_rejection_reverse,up,va,1410.50,False,below_range,True,open_auction_in,,,,False,in_value,True
2012-08-29,1408.75,1410.50,1406.75,open_auction_in,,,,False,in_value,True,open_auction_in,,,,False,in_value,True
2012-08-30,1402.25,1402.75,1397.00,open_drive,down,,1398.00,True,below_range,True,open_drive,down,,1398.00,True,below_value,True
2012-08-31,1406.50,1409.50,1397.00,open_test_drive,up,va,1405.25,True,above_range,True,open_test_drive,up,va,1405.25,True,above_range,True
2012-09-04,1403.75,1405.25,1397.25,open_auction_in,,,,False,in_value,True,open_auction_in,,,,False,in_value,True
2012-09-05,1404.25,1407.00,1399.75,open_test_drive,up,va,1406.75,True,above_value,True,open_test_drive,up,va,1406.75,True,above_value,True
2012-09-06,1411.00,1424.00,1410.75,open_drive,up,,1423.50,True,above_range,True,open_drive,up,,1423.50,True,above_range,True
2012-09-07,1433.50,1436.75,1432.25,open_drive,up,,1435.00,False,above_range,True,open_drive,up,,1435.00,False,above_range,True
2012-09-10,1435.50,1438.00,1433.50,open_auction_in,,,,False,in_value,True,open_auction_in,,,,False,in_value,True
2012-09-11,1429.50,1434.50,1429.00,open_auction_out,,va,1433.00,False,below_value,True,open_auction_out,,va,1433.00,False,below_value,True
2012-09-12,1437.25,1439.00,1435.50,open_rejection_reverse,down,va,1435.50,False,above_value,True,open_rejection_reverse,down,va,1435.50,False,above_value,True
2012-09-13,1437.25,1438.00,1435.00,open_auction_in,,,,False,in_value,True,open_auction_in,,,,False,in_value,True
2012-09-14,1462.50,1474.75,1462.00,open_drive,up,,1472.25,False,above_value,False,open_drive,up,,1472.25,False,above_value,False
2012-09-17,1456.25,1459.00,1454.75,open_auction_in,,,,False,in_value,True,open_auction_in,,,,False,in_value,True
2012-09-18,1452.00,1453.25,1449.50,open_auction_out,,a_extreme,1452.00,False,below_value,True,open_auction_out,,a_extreme,1452.00,False,below_value,True
2012-09-19,1455.25,1457.00,1451.25,open_test_drive,up,va,1454.50,True,above_value,True,open_test_drive,up,va,1454.50,True,above_value,True
2012-09-20,1447.75,1448.75,1443.50,open_drive,down,,1448.00,False,below_range,True,open_drive,down,,1448.00,False,below_range,True
2012-09-21,1461.25,1461.50,1458.00,open_drive,up,,1459.50,False,above_range,True,open_drive,up,,1459.50,False,above_range,True
2012-09-24,1446.00,1449.00,1444.75,open_auction_out,,a_blurred,1448.00,False,below_range,True,open_auction_out,,a_blurred,1448.00,False,below_range,True
2012-09-25,1454.00,1456.50,1452.25,open_auction_in,,,,False,in_value,True,open_auction_in,,,,False,in_value,True
2012-09-26,1435.25,1435.75,1427.50,open_drive,down,,1427.50,True,below_value,False,open_drive,down,,1427.50,True,below_value,False
2012-09-27,1433.50,1434.50,1429.75,open_auction_in,,,,False,in_value,True,open_auction_in,,,,False,in_value,True
2012-09-28,1435.50,1436.00,1429.00,open_auction_in,,,,False,in_value,True,open_auction_in,,,,False,in_value,True
2012-10-01,1439.50,1451.50,1438.75,open_drive,up,,1448.75,False,above_value,False,open_drive,up,,1448.75,False,above_value,True
2012-10-02,1443.25,1445.75,1437.75,open_auction_in,,,,False,in_value,True,open_auction_in,,,,False,in_value,True
2012-10-03,1443.25,1443.75,1435.50,open_test_drive,up,va,1443.00,True,above_value,True,open_test_drive,up,va,1443.00,True,above_value,True
2012-10-04,1450.50,1457.75,1448.75,open_drive,up,,1455.75,False,above_range,True,open_drive,up,,1455.75,False,above_range,True
2012-10-05,1463.50,1466.00,1461.00,open_drive,up,,1465.00,False,above_range,True,open_drive,up,,1465.00,False,above_range,True
2012-10-08,1450.25,1451.75,1448.00,open_auction_out,,range,1448.50,False,below_range,True,open_auction_out,,range,1448.50,False,below_range,True
2012-10-09,1449.75,1451.00,1447.00,open_auction_in,,,,False,in_value,True,open_auction_in,,,,False,in_value,True
2012-10-10,1436.25,1437.00,1432.00,open_auction_in,,,,False,in_value,True,open_auction_in,,,,False,in_value,True
2012-10-11,1437.00,1437.50,1434.00,open_test_drive,up,va,1436.25,True,above_value,True,open_test_drive,up,va,1436.25,True,above_value,True
2012-10-12,1429.00,1434.00,1426.75,open_auction_in,,,,False,in_value,True,open_auction_in,,,,False,in_value,True
2012-10-15,1426.50,1428.25,1422.50,open_auction_in,,,,False,in_value,True,open_auction_in,,,,False,in_value,True
2012-10-16,1441.75,1446.50,1440.75,open_drive,up,,1445.75,True,above_range,True,open_drive,up,,1445.75,True,above_range,True
2012-10-17,1450.50,1456.25,1448.50,open_test_drive,up,va,1455.50,True,above_value,False,open_test_drive,up,va,1455.50,True,above_value,False
2012-10-18,1452.75,1456.50,1450.75,open_auction_out,,va,1452.25,False,below_value,True,open_auction_out,,va,1452.25,False,below_value,True
2012-10-19,1450.00,1450.25,1442.00,open_auction_in,,,,False,in_value,False,open_auction_in,,,,False,in_value,False
2012-10-22,1425.75,1430.75,1424.25,open_rejection_reverse,up,va,1428.75,True,below_value,False,open_rejection_reverse,up,va,1428.75,True,below_value,False
2012-10-23,1412.25,1413.25,1406.00,open_drive,down,,1407.00,True,below_range,True,open_drive,down,,1407.00,True,below_range,True
2012-10-24,1413.00,1414.75,1407.50,open_auction_in,,,,False,in_value,True,open_auction_in,,,,False,in_value,True
2012-10-25,1414.25,1416.75,1410.00,open_rejection_reverse,down,va,1410.75,False,above_value,True,open_rejection_reverse,down,va,1410.75,False,above_value,True
2012-10-26,1406.75,1411.75,1404.00,open_auction_in,,,,False,in_value,True,open_auction_in,,,,False,in_value,True
2012-10-31,1412.50,1414.50,1409.00,open_auction_out,,va,1410.50,False,above_value,True,open_rejection_reverse,down,va,1410.50,False,above_value,True
2012-11-01,1410.00,1421.25,1409.00,open_auction_in,,,,False,in_value,False,open_auction_in,,,,False,in_value,False
2012-11-02,1430.75,1430.75,1419.75,open_rejection_reverse,down,va,1421.00,False,above_range,True,open_rejection_reverse,down,va,1421.00,False,above_range,True
2012-11-05,1407.00,1407.75,1403.00,open_drive,down,,1405.00,False,below_range,True,open_drive,down,,1405.00,False,below_range,True
2012-11-06,1416.75,1419.50,1415.00,open_drive,up,,1417.00,True,above_range,True,open_drive,up,,1417.00,True,above_range,True
2012-11-07,1410.25,1410.75,1396.50,open_drive,down,,1398.75,True,below_range,True,open_drive,down,,1398.75,True,below_range,True
2012-11-08,1390.25,1397.50,1387.75,open_auction_in,,,,False,in_value,True,open_auction_in,,,,False,in_value,True
2012-11-09,1369.75,1380.25,1369.00,open_rejection_reverse,up,va,1378.75,False,below_range,True,open_rejection_reverse,up,va,1378.75,False,below_range,True
2012-11-12,1379.50,1381.00,1376.00,open_auction_in,,,,False,in_value,True,open_auction_in,,,,False,in_value,True
2012-11-13,1369.00,1381.00,1367.00,open_rejection_reverse,up,va,1377.75,False,below_range,False,open_rejection_reverse,up,va,1377.75,False,below_value,False
2012-11-14,1375.75,1377.75,1367.00,open_test_drive,down,va,1367.25,True,below_value,True,open_auction_in,,,,False,in_value,True
2012-11-15,1353.25,1358.50,1348.50,open_drive,down,,1354.00,True,below_value,True,open_drive,down,,1354.00,True,below_value,True
2012-11-16,1352.25,1352.75,1342.00,open_auction_in,,,,False,in_value,True,open_auction_in,,,,False,in_value,True
2012-11-19,1372.00,1379.25,1371.50,open_drive,up,,1376.75,True,above_range,True,open_drive,up,,1376.75,True,above_range,True
2012-11-20,1382.50,1384.75,1378.25,open_auction_in,,,,False,in_value,True,open_auction_in,,,,False,in_value,True
2012-11-21,1386.25,1388.75,1383.50,open_auction_in,,,,False,in_value,True,open_auction_in,,,,False,in_value,True
2012-11-23,1394.75,1402.25,1393.75,open_drive,up,,1401.00,False,above_range,True,open_drive,up,,1401.00,False,above_range,True
2012-11-26,1399.75,1402.00,1397.50,open_auction_in,,,,False,in_value,True,open_auction_in,,,,False,in_value,True
2012-11-27,1402.25,1406.75,1398.00,open_auction_in,,,,False,in_value,True,open_rejection_reverse,down,va,1399.00,False,above_value,True
2012-11-28,1390.50,1391.50,1383.00,open_auction_out,,a_blurred,1389.25,False,below_range,True,open_auction_out,,a_blurred,1389.25,False,below_range,True
2012-11-29,1413.00,1418.50,1410.50,open_auction_out,,a_blurred,1413.75,False,above_range,True,open_auction_out,,a_blurred,1413.75,False,above_range,True
2012-11-30,1414.75,1416.50,1412.50,open_auction_in,,,,False,in_value,True,open_auction_in,,,,False,in_value,True
2012-12-03,1421.50,1422.75,1414.75,open_rejection_reverse,down,va,1416.75,False,above_range,True,open_rejection_reverse,down,va,1416.75,False,above_range,True
2012-12-04,1407.50,1411.75,1405.50,open_test_drive,down,va,1406.75,True,below_value,True,open_test_drive,down,va,1406.75,True,below_value,True
2012-12-05,1406.75,1409.75,1402.75,open_auction_in,,,,False,in_value,True,open_auction_in,,,,False,in_value,True
2012-12-06,1406.50,1410.25,1404.75,open_auction_in,,,,False,in_value,True,open_auction_in,,,,False,in_value,True
2012-12-07,1418.50,1420.00,1413.25,open_auction_out,,range,1414.75,False,above_range,True,open_rejection_reverse,down,va,1414.75,False,above_range,True
2012-12-10,1415.00,1419.25,1414.50,open_auction_in,,,,False,in_value,False,open_auction_in,,,,False,in_value,True
2012-12-11,1423.75,1430.00,1422.75,open_drive,up,,1429.25,True,above_range,True,open_drive,up,,1429.25,True,above_range,True
2012-12-12,1433.25,1433.50,1429.00,open_auction_in,,,,False,in_value,True,open_auction_in,,,,False,in_value,True
2012-12-13,1427.50,1431.50,1425.75,open_auction_in,,,,False,in_value,True,open_auction_in,,,,False,in_value,True
2012-12-14,1416.25,1419.00,1414.25,open_auction_in,,,,False,in_value,True,open_auction_in,,,,False,in_value,True
2012-12-17,1412.00,1418.25,1411.50,open_auction_in,,,,False,in_value,False,open_auction_in,,,,False,in_value,True
2012-12-18,1427.50,1430.75,1425.25,open_test_drive,up,range,1430.75,True,above_range,True,open_test_drive,up,range,1430.75,True,above_range,True
2012-12-19,1443.75,1444.25,1437.00,open_rejection_reverse,down,va,1438.00,False,above_range,False,open_rejection_reverse,down,va,1438.00,False,above_range,False
2012-12-20,1432.25,1434.75,1428.25,open_auction_out,,va,1432.00,False,below_value,True,open_auction_out,,va,1432.00,False,below_value,True
2012-12-21,1418.75,1428.25,1417.50,open_auction_out,,va,1426.50,False,below_range,True,open_auction_out,,va,1426.50,False,below_range,True
2012-12-24,1421.50,1422.25,1419.25,open_auction_in,,,,False,in_value,True,open_auction_in,,,,False,in_value,True
2012-12-26,1423.75,1424.50,1420.50,open_rejection_reverse,down,va,1421.50,False,above_range,True,open_auction_in,,,,False,in_value,True
2012-12-27,1415.50,1418.50,1403.50,open_auction_in,,,,False,in_value,True,open_auction_in,,,,False,in_value,True
2012-12-28,1403.25,1406.50,1400.50,open_auction_in,,,,False,in_value,True,open_auction_in,,,,False,in_value,True
2012-12-31,1393.25,1404.00,1392.25,open_rejection_reverse,up,va,1400.75,False,below_range,False,open_rejection_reverse,up,va,1400.75,False,below_range,False
2013-01-02,1448.25,1452.75,1446.00,open_drive,up,,1449.50,False,above_range,True,open_drive,up,,1449.50,False,above_range,True
2013-01-03,1456.50,1456.75,1452.75,open_drive,up,,1456.00,True,above_value,True,open_drive,up,,1456.00,True,above_value,True
2013-01-04,1456.50,1459.00,1453.25,open_auction_in,,,,False,in_value,True,open_auction_in,,,,False,in_value,True
2013-01-07,1455.00,1455.75,1452.50,open_auction_in,,,,False,in_value,True,open_auction_in,,,,False,in_value,True
2013-01-08,1453.50,1455.75,1448.50,open_auction_in,,,,False,in_value,True,open_auction_in,,,,False,in_value,True
2013-01-09,1455.00,1459.50,1454.25,open_auction_out,,va,1458.75,False,above_value,False,open_auction_out,,va,1458.75,False,above_value,False
2013-01-10,1463.50,1464.75,1460.50,open_drive,up,,1461.00,False,above_range,True,open_drive,up,,1461.00,False,above_range,True
2013-01-11,1466.75,1467.50,1462.25,open_rejection_reverse,down,va,1462.50,False,above_value,False,open_rejection_reverse,down,va,1462.50,False,above_value,False
2013-01-14,1465.25,1467.00,1460.25,open_auction_in,,,,False,in_value,True,open_auction_in,,,,False,in_value,True
2013-01-15,1459.25,1462.50,1458.25,open_rejection_reverse,up,va,1460.25,False,below_range,True,open_auction_out,,va,1460.25,False,below_value,True
2013-01-16,1464.00,1466.50,1462.00,open_auction_in,,,,False,in_value,True,open_auction_in,,,,False,in_value,True
2013-01-17,1473.50,1474.75,1470.25,open_drive,up,,1474.50,False,above_range,True,open_drive,up,,1474.50,False,above_range,True
2013-01-18,1476.25,1477.25,1473.00,open_auction_in,,,,False,in_value,True,open_auction_in,,,,False,in_value,True
2013-01-22,1479.50,1481.50,1476.25,open_auction_out,,va,1476.25,False,above_value,True,open_auction_in,,,,False,in_value,True
2013-01-23,1487.50,1489.50,1486.00,open_auction_out,,va,1486.50,False,above_value,True,open_auction_out,,va,1486.50,False,above_value,True
2013-01-24,1487.50,1496.75,1487.25,open_auction_in,,,,False,in_value,False,open_auction_in,,,,False,in_value,False
2013-01-25,1495.25,1497.50,1491.00,open_auction_in,,,,False,in_value,True,open_auction_in,,,,False,in_value,True
2013-01-28,1499.00,1499.50,1491.25,open_rejection_reverse,down,va,1494.50,False,above_range,False,open_rejection_reverse,down,va,1494.50,False,above_range,False
2013-01-29,1494.00,1498.00,1493.00,open_auction_in,,,,False,in_value,True,open_auction_in,,,,False,in_value,True
2013-01-30,1502.75,1505.50,1499.25,open_auction_in,,,,False,in_value,True,open_auction_in,,,,False,in_value,True
2013-01-31,1495.25,1500.00,1493.25,open_test_drive,down,va,1495.75,True,below_value,True,open_test_drive,down,va,1495.75,True,below_value,True
2013-02-01,1502.75,1507.50,1500.00,open_auction_out,,va,1503.25,False,above_range,True,open_auction_in,,,,False,in_value,True
2013-02-04,1499.00,1501.75,1497.75,open_test_drive,down,range,1499.25,True,below_range,True,open_test_drive,down,range,1499.25,True,below_range,True
2013-02-05,1499.75,1505.00,1498.75,open_auction_in,,,,False,in_value,False,open_auction_in,,,,False,in_value,False
2013-02-06,1501.25,1505.25,1500.00,open_auction_in,,,,False,in_value,True,open_auction_in,,,,False,in_value,True
2013-02-07,1508.00,1509.50,1497.75,open_auction_in,,,,False,in_value,True,open_auction_in,,,,False,in_value,True
2013-02-08,1508.00,1514.50,1508.00,open_auction_in,,,,False,in_value,False,open_auction_in,,,,False,in_value,False
2013-02-11,1513.50,1513.75,1509.75,open_auction_in,,,,False,in_value,True,open_auction_in,,,,False,in_value,True
2013-02-12,1513.75,1516.25,1512.00,open_auction_in,,,,False,in_value,True,open_auction_in,,,,False,in_value,True
2013-02-13,1519.25,1522.00,1517.25,open_auction_out,,va,1520.75,False,above_range,True,open_auction_out,,va,1520.75,False,above_range,True
2013-02-14,1512.75,1516.50,1510.75,open_rejection_reverse,up,va,1516.00,False,below_range,False,open_rejection_reverse,up,va,1516.00,False,below_range,False
2013-02-15,1520.25,1521.75,1518.75,open_rejection_reverse,down,va,1520.00,False,above_value,True,open_auction_in,,,,False,in_value,True
2013-02-19,1519.50,1524.75,1519.50,open_auction_in,,,,False,in_value,False,open_auction_in,,,,False,in_value,False
2013-02-20,1527.50,1528.00,1524.75,open_auction_in,,,,False,in_value,True,open_auction_in,,,,False,in_value,True
2013-02-21,1505.50,1505.50,1497.25,open_drive,down,,1503.50,False,below_range,True,open_drive,down,,1503.50,False,below_range,True
2013-02-22,1507.50,1509.50,1504.00,open_auction_out,,va,1505.50,False,above_range,True,open_auction_out,,va,1505.50,False,above_range,True
2013-02-25,1522.25,1524.50,1515.50,open_auction_out,,a_blurred,1516.00,False,above_range,True,open_auction_out,,a_blurred,1516.00,False,above_range,True
2013-02-26,1493.25,1497.00,1488.50,open_test_drive,down,a_extreme,1488.50,True,below_value,True,open_test_drive,down,a_extreme,1488.50,True,below_value,True
2013-02-27,1494.50,1504.75,1493.25,open_auction_in,,,,False,in_value,False,open_auction_in,,,,False,in_value,False
2013-02-28,1515.00,1520.50,1513.25,open_auction_in,,,,False,in_value,True,open_auction_in,,,,False,in_value,True
2013-03-01,1506.75,1510.00,1499.50,open_auction_out,,a_blurred,1509.25,False,below_range,True,open_rejection_reverse,up,va,1509.25,False,below_value,True
2013-03-04,1513.25,1516.50,1511.50,open_auction_in,,,,False,in_value,True,open_auction_in,,,,False,in_value,True
2013-03-05,1532.25,1538.75,1532.00,open_drive,up,,1538.50,True,above_range,True,open_drive,up,,1538.50,True,above_range,True
2013-03-06,1544.00,1544.75,1540.75,open_rejection_reverse,down,va,1542.00,False,above_range,True,open_rejection_reverse,down,va,1542.00,False,above_range,True
2013-03-07,1542.75,1544.75,1541.00,open_auction_out,,va,1543.25,False,above_value,True,open_auction_out,,va,1543.25,False,above_value,True
2013-03-08,1550.00,1551.50,1542.25,open_rejection_reverse,down,va,1545.50,False,above_range,True,open_rejection_reverse,down,va,1545.50,False,above_range,True
2013-03-11,1548.75,1550.00,1547.00,open_auction_in,,,,False,in_value,True,open_auction_in,,,,False,in_value,True
2013-03-12,1549.25,1551.00,1547.25,open_auction_in,,,,False,in_value,True,open_auction_in,,,,False,in_value,True
2013-03-13,1547.75,1548.25,1542.25,open_auction_in,,,,False,in_value,True,open_auction_in,,,,False,in_value,True
2013-03-14,1552.50,1555.75,1551.75,open_auction_out,,a_blurred,1553.25,False,above_range,True,open_auction_out,,a_blurred,1553.25,False,above_range,True
2013-03-15,1554.50,1555.00,1549.00,open_auction_in,,,,False,in_value,True,open_auction_in,,,,False,in_value,True
2013-03-18,1539.25,1547.00,1537.75,open_auction_out,,a_blurred,1546.50,False,below_range,True,open_auction_out,,a_blurred,1546.50,False,below_range,True
2013-03-19,1549.00,1551.00,1545.50,open_auction_in,,,,False,in_value,True,open_auction_in,,,,False,in_value,True
2013-03-20,1551.25,1553.25,1549.50,open_auction_out,,range,1551.00,False,above_range,True,open_auction_out,,range,1551.00,False,above_range,True
2013-03-21,1543.75,1548.00,1541.50,open_auction_out,,a_blurred,1543.50,False,below_range,True,open_auction_out,,a_blurred,1543.50,False,below_range,True
2013-03-22,1544.25,1549.50,1543.00,open_auction_in,,,,False,in_value,True,open_auction_in,,,,False,in_value,True
2013-03-25,1556.00,1558.50,1553.75,open_drive,up,,1554.50,False,above_range,True,open_drive,up,,1554.50,False,above_range,True
2013-03-26,1552.00,1555.75,1551.50,open_test_drive,up,a_extreme,1554.50,True,above_value,True,open_auction_in,,,,False,in_value,True
2013-03-27,1548.50,1551.25,1545.75,open_auction_out,,va,1550.00,False,below_range,True,open_auction_out,,va,1550.00,False,below_range,True
2013-03-28,1556.50,1559.50,1554.50,open_auction_in,,,,False,in_value,True,open_test_drive,up,va,1558.25,True,above_value,True
2013-04-01,1561.50,1565.00,1557.50,open_auction_in,,,,False,in_value,True,open_auction_in,,,,False,in_value,True
2013-04-02,1562.00,1567.00,1560.75,open_drive,up,,1565.25,True,above_value,True,open_drive,up,,1565.25,True,above_value,True
2013-04-03,1565.00,1566.25,1557.25,open_auction_in,,,,False,in_value,False,open_auction_in,,,,False,in_value,False
2013-04-04,1550.25,1557.50,1548.75,open_auction_in,,,,False,in_value,True,open_auction_in,,,,False,in_value,True
2013-04-05,1535.25,1538.75,1533.25,open_drive,down,,1538.25,False,below_range,True,open_drive,down,,1538.25,False,below_range,True
2013-04-08,1548.25,1548.75,1543.00,open_rejection_reverse,down,va,1545.00,False,above_value,True,open_rejection_reverse,down,va,1545.00,False,above_value,True
2013-04-09,1561.00,1562.00,1555.50,open_auction_out,,range,1561.00,False,above_range,True,open_auction_out,,range,1561.00,False,above_range,True
2013-04-10,1567.50,1575.25,1567.00,open_drive,up,,1574.75,True,above_value,False,open_drive,up,,1574.75,True,above_value,False
2013-04-11,1583.00,1587.75,1581.00,open_auction_in,,,,False,in_value,True,open_auction_in,,,,False,in_value,True
2013-04-12,1582.75,1586.25,1580.50,open_test_drive,down,va,1582.75,True,below_value,True,open_test_drive,down,va,1582.75,True,below_value,True
2013-04-15,1575.75,1577.00,1570.25,open_auction_out,,va,1573.25,False,below_value,True,open_auction_out,,va,1573.25,False,below_value,True
2013-04-16,1558.50,1561.25,1556.50,open_auction_in,,,,False,in_value,True,open_auction_in,,,,False,in_value,True
2013-04-17,1558.50,1558.75,1549.00,open_auction_in,,,,False,in_value,False,open_auction_in,,,,False,in_value,True
2013-04-18,1549.25,1549.50,1535.50,open_auction_in,,,,False,in_value,True,open_auction_in,,,,False,in_value,True
2013-04-19,1540.00,1544.75,1536.25,open_auction_in,,,,False,in_value,True,open_auction_in,,,,False,in_value,True
2013-04-22,1553.25,1555.25,1543.50,open_rejection_reverse,down,va,1545.50,False,above_range,True,open_rejection_reverse,down,va,1545.50,False,above_value,True
2013-04-23,1564.75,1571.75,1564.25,open_drive,up,,1571.00,True,above_range,True,open_drive,up,,1571.00,True,above_range,True
2013-04-24,1574.00,1577.00,1570.75,open_auction_in,,,,False,in_value,True,open_auction_in,,,,False,in_value,True
2013-04-25,1578.75,1584.75,1576.50,open_test_drive,up,va,1583.75,True,above_range,True,open_test_drive,up,va,1583.75,True,above_range,True
2013-04-26,1578.75,1581.50,1574.75,open_auction_in,,,,False,in_value,True,open_auction_in,,,,False,in_value,True
2013-04-29,1582.25,1587.25,1579.50,open_test_drive,up,va,1586.25,True,above_range,True,open_auction_in,,,,False,in_value,True
2013-04-30,1588.00,1589.00,1581.25,open_auction_in,,,,False,in_value,True,open_auction_in,,,,False,in_value,True
2013-05-01,1588.75,1589.50,1582.75,open_auction_in,,,,False,in_value,True,open_auction_in,,,,False,in_value,True
2013-05-02,1582.00,1588.00,1580.25,open_auction_in,,,,False,in_value,True,open_auction_in,,,,False,in_value,True
2013-05-03,1606.50,1613.75,1605.50,open_drive,up,,1613.25,True,above_range,True,open_drive,up,,1613.25,True,above_range,True
2013-05-06,1610.00,1613.25,1609.25,open_auction_in,,,,False,in_value,True,open_auction_in,,,,False,in_value,True
2013-05-07,1616.50,1619.50,1611.75,open_auction_out,,va,1614.75,False,above_range,True,open_auction_out,,va,1614.75,False,above_range,True
2013-05-08,1619.50,1624.25,1618.50,open_auction_in,,,,False,in_value,False,open_auction_in,,,,False,in_value,False
2013-05-09,1628.00,1630.00,1623.75,open_auction_in,,,,False,in_value,True,open_auction_in,,,,False,in_value,True
2013-05-10,1625.25,1629.25,1623.00,open_auction_in,,,,False,in_value,True,open_auction_in,,,,False,in_value,True
2013-05-13,1627.25,1629.00,1623.25,open_auction_in,,,,False,in_value,True,open_auction_in,,,,False,in_value,True
2013-05-14,1631.75,1642.25,1631.50,open_auction_in,,,,False,in_value,False,open_auction_in,,,,False,in_value,False
2013-05-15,1645.00,1648.25,1644.25,open_auction_in,,,,False,in_value,True,open_auction_in,,,,False,in_value,True
2013-05-16,1653.00,1658.00,1650.75,open_auction_in,,,,False,in_value,True,open_auction_in,,,,False,in_value,True
2013-05-17,1654.75,1659.00,1652.50,open_auction_in,,,,False,in_value,True,open_auction_in,,,,False,in_value,True
2013-05-20,1662.75,1666.75,1662.25,open_test_drive,up,va,1665.25,True,above_value,True,open_drive,up,,1665.25,True,above_range,True
2013-05-21,1665.75,1670.25,1660.75,open_auction_in,,,,False,in_value,True,open_auction_in,,,,False,in_value,True
2013-05-22,1668.50,1685.75,1668.00,open_auction_in,,,,False,in_value,True,open_auction_in,,,,False,in_value,True
2013-05-23,1636.50,1645.50,1634.25,open_auction_out,,a_blurred,1643.00,False,below_range,True,open_auction_out,,a_blurred,1643.00,False,below_range,True
2013-05-24,1639.50,1642.25,1634.50,open_auction_in,,,,False,in_value,True,open_auction_in,,,,False,in_value,True
2013-05-28,1665.50,1672.75,1664.25,open_drive,up,,1672.00,False,above_range,True,open_drive,up,,1672.00,False,above_range,True
2013-05-29,1649.00,1651.75,1644.00,open_auction_out,,a_blurred,1645.00,True,below_range,True,open_auction_out,,a_blurred,1645.00,True,below_range,True
2013-05-30,1648.00,1658.50,1646.75,open_auction_in,,,,False,in_value,False,open_auction_in,,,,False,in_value,False
2013-05-31,1648.25,1653.75,1645.50,open_auction_out,,va,1648.75,False,below_value,True,open_auction_out,,va,1648.75,False,below_value,True
2013-06-03,1632.75,1636.25,1625.25,open_test_drive,down,a_extreme,1631.50,True,below_value,True,open_test_drive,down,a_extreme,1631.50,True,below_value,True
2013-06-04,1638.75,1644.75,1637.25,open_drive,up,,1643.25,True,above_value,False,open_drive,up,,1643.25,True,above_value,False
2013-06-05,1625.25,1628.75,1618.50,open_test_drive,down,va,1622.50,True,below_value,True,open_test_drive,down,va,1622.50,True,below_value,True
2013-06-06,1606.25,1613.75,1603.50,open_auction_in,,,,False,in_value,True,open_auction_in,,,,False,in_value,True
2013-06-07,1633.00,1639.00,1625.75,open_drive,up,,1637.25,True,above_range,True,open_drive,up,,1637.25,True,above_range,True
2013-06-10,1647.25,1648.50,1638.25,open_auction_out,,va,1642.75,False,above_range,False,open_auction_out,,va,1642.75,False,above_range,False
2013-06-11,1627.00,1629.75,1621.50,open_auction_out,,a_blurred,1628.75,False,below_range,True,open_auction_out,,a_blurred,1628.75,False,below_range,True
2013-06-12,1636.50,1638.25,1626.25,open_auction_in,,,,False,in_value,True,open_auction_in,,,,False,in_value,True
2013-06-13,1610.75,1616.50,1607.25,open_auction_in,,,,False,in_value,True,open_auction_in,,,,False,in_value,True
2013-06-14,1634.75,1640.75,1633.00,open_drive,up,,1635.75,False,above_value,True,open_drive,up,,1635.75,False,above_value,True
2013-06-17,1631.50,1638.75,1631.25,open_drive,up,,1637.25,True,above_value,False,open_drive,up,,1637.25,True,above_value,False
2013-06-18,1634.00,1639.75,1633.50,open_auction_in,,,,False,in_value,True,open_auction_in,,,,False,in_value,True
2013-06-19,1644.50,1646.75,1640.75,open_auction_in,,,,False,in_value,True,open_auction_in,,,,False,in_value,True
2013-06-20,1606.75,1609.00,1596.75,open_drive,down,,1598.00,True,below_range,True,open_drive,down,,1598.00,True,below_range,True
2013-06-21,1592.25,1593.75,1582.50,open_auction_in,,,,False,in_value,False,open_auction_in,,,,False,in_value,False
2013-06-24,1570.00,1571.00,1556.75,open_drive,down,,1558.50,True,below_range,True,open_drive,down,,1558.50,True,below_range,True
2013-06-25,1581.00,1582.25,1570.00,open_auction_out,,va,1574.00,False,above_range,False,open_auction_out,,va,1574.00,False,above_range,False
2013-06-26,1595.00,1597.75,1591.75,open_auction_out,,a_blurred,1592.50,False,above_range,True,open_auction_out,,a_blurred,1592.50,False,above_range,True
2013-06-27,1607.25,1612.00,1606.50,open_drive,up,,1611.50,True,above_range,True,open_drive,up,,1611.50,True,above_range,True
2013-06-28,1601.75,1604.00,1594.25,open_drive,down,,1600.00,False,below_range,True,open_drive,down,,1600.00,False,below_range,True
2013-07-01,1608.25,1620.00,1607.25,open_auction_in,,,,False,in_value,False,open_auction_in,,,,False,in_value,False
2013-07-02,1606.50,1617.75,1605.75,open_rejection_reverse,up,va,1615.75,False,below_value,False,open_rejection_reverse,up,va,1615.75,False,below_value,False
2013-07-03,1600.00,1604.25,1597.25,open_auction_out,,range,1603.75,False,below_range,True,open_auction_out,,range,1603.75,False,below_range,True
2013-07-05,1619.75,1621.75,1608.25,open_rejection_reverse,down,va,1611.00,False,above_range,True,open_rejection_reverse,down,va,1611.00,False,above_range,True
2013-07-08,1634.00,1639.50,1632.00,open_drive,up,,1636.75,False,above_range,True,open_drive,up,,1636.75,False,above_range,True
2013-07-09,1645.25,1646.75,1638.50,open_rejection_reverse,down,va,1639.25,False,above_range,True,open_rejection_reverse,down,va,1639.25,False,above_range,True
2013-07-10,1645.25,1648.25,1644.00,open_auction_in,,,,False,in_value,True,open_auction_in,,,,False,in_value,True
2013-07-11,1666.75,1667.00,1662.25,open_drive,up,,1664.00,False,above_range,True,open_drive,up,,1664.00,False,above_range,True
2013-07-12,1669.75,1671.25,1667.50,open_auction_in,,,,False,in_value,True,open_auction_in,,,,False,in_value,True
2013-07-15,1675.25,1676.75,1672.25,open_auction_out,,va,1675.00,False,above_range,True,open_auction_out,,va,1675.00,False,above_range,True
2013-07-16,1678.50,1679.50,1674.50,open_rejection_reverse,down,va,1675.75,False,above_value,False,open_rejection_reverse,down,va,1675.75,False,above_value,False
2013-07-17,1677.50,1678.50,1673.50,open_test_drive,up,va,1678.25,True,above_value,True,open_test_drive,up,va,1678.25,True,above_value,True
2013-07-18,1678.75,1687.00,1677.50,open_test_drive,up,va,1686.75,True,above_value,False,open_test_drive,up,va,1686.75,True,above_value,False
2013-07-19,1680.75,1682.50,1678.50,open_auction_in,,,,False,in_value,True,open_auction_in,,,,False,in_value,True
2013-07-22,1689.50,1690.50,1685.50,open_test_drive,up,va,1688.00,True,above_range,True,open_test_drive,up,va,1688.00,True,above_range,True
2013-07-23,1693.50,1694.00,1688.50,open_rejection_reverse,down,va,1689.00,False,above_range,False,open_rejection_reverse,down,va,1689.00,False,above_range,False
2013-07-24,1693.75,1694.50,1682.25,open_auction_in,,,,False,in_value,True,open_auction_in,,,,False,in_value,True
2013-07-25,1677.75,1682.25,1675.25,open_auction_in,,,,False,in_value,True,open_auction_in,,,,False,in_value,True
2013-07-26,1678.00,1681.00,1676.50,open_auction_in,,,,False,in_value,True,open_auction_in,,,,False,in_value,True
2013-07-29,1682.25,1686.25,1680.75,open_auction_in,,,,False,in_value,True,open_auction_in,,,,False,in_value,True
2013-07-30,1686.50,1688.50,1684.00,open_auction_out,,va,1686.75,False,above_range,True,open_auction_out,,va,1686.75,False,above_value,True
2013-07-31,1685.25,1690.50,1684.75,open_auction_in,,,,False,in_value,True,open_auction_in,,,,False,in_value,True
2013-08-01,1695.50,1700.75,1694.25,open_auction_out,,va,1700.25,False,above_range,True,open_auction_out,,va,1700.25,False,above_range,True
2013-08-02,1698.00,1700.75,1695.75,open_auction_in,,,,False,in_value,True,open_auction_in,,,,False,in_value,True
2013-08-05,1701.00,1703.25,1698.75,open_auction_in,,,,False,in_value,True,open_auction_in,,,,False,in_value,True
2013-08-06,1698.75,1700.50,1693.75,open_auction_in,,,,False,in_value,False,open_auction_in,,,,False,in_value,True
2013-08-07,1687.25,1689.50,1681.00,open_test_drive,down,va,1681.75,True,below_range,True,open_test_drive,down,va,1681.75,True,below_range,True
2013-08-08,1695.25,1697.00,1688.00,open_rejection_reverse,down,va,1689.50,False,above_range,True,open_rejection_reverse,down,va,1689.50,False,above_range,True
2013-08-09,1691.00,1696.25,1689.00,open_auction_in,,,,False,in_value,True,open_auction_in,,,,False,in_value,True
2013-08-12,1679.75,1687.00,1678.75,open_rejection_reverse,up,va,1684.75,False,below_range,False,open_rejection_reverse,up,va,1684.75,False,below_range,False
2013-08-13,1689.25,1690.50,1679.25,open_rejection_reverse,down,va,1682.00,False,above_range,False,open_rejection_reverse,down,va,1682.00,False,above_range,False
2013-08-14,1690.50,1693.25,1686.75,open_auction_in,,,,False,in_value,True,open_auction_in,,,,False,in_value,True
2013-08-15,1669.00,1669.25,1656.50,open_drive,down,,1661.00,False,below_range,True,open_drive,down,,1661.00,False,below_range,True
2013-08-16,1655.75,1660.25,1653.75,open_rejection_reverse,up,va,1658.50,False,below_value,True,open_rejection_reverse,up,va,1658.50,False,below_value,True
2013-08-19,1651.25,1657.00,1648.75,open_rejection_reverse,up,va,1654.00,False,below_value,False,open_rejection_reverse,up,va,1654.00,False,below_value,False
2013-08-20,1645.25,1649.25,1643.25,open_auction_in,,,,False,in_value,True,open_auction_in,,,,False,in_value,True
2013-08-21,1645.75,1649.00,1643.50,open_test_drive,down,va,1646.25,True,below_value,True,open_test_drive,down,va,1646.25,True,below_value,True
2013-08-22,1643.75,1651.75,1643.25,open_auction_in,,,,False,in_value,True,open_auction_in,,,,False,in_value,True
2013-08-23,1660.00,1660.25,1652.25,open_rejection_reverse,down,va,1654.00,False,above_range,False,open_rejection_reverse,down,va,1654.00,False,above_range,False
2013-08-26,1662.25,1665.75,1659.75,open_test_drive,up,va,1664.50,True,above_value,True,open_test_drive,up,va,1664.50,True,above_value,True
2013-08-27,1638.00,1644.25,1635.75,open_drive,down,,1636.50,True,below_range,True,open_drive,down,,1636.50,True,below_range,True
2013-08-28,1627.00,1633.00,1624.75,open_auction_out,,va,1631.50,False,below_value,True,open_auction_out,,va,1631.50,False,below_value,True
2013-08-29,1629.50,1639.75,1628.25,open_rejection_reverse,up,va,1637.25,False,below_value,False,open_rejection_reverse,up,va,1637.25,False,below_value,False
2013-08-30,1639.25,1639.50,1631.50,open_auction_in,,,,False,in_value,True,open_auction_in,,,,False,in_value,True
2013-09-03,1646.50,1650.00,1643.75,open_auction_out,,a_blurred,1645.50,False,above_range,True,open_auction_out,,a_blurred,1645.50,False,above_range,True
2013-09-04,1638.25,1647.25,1635.25,open_auction_in,,,,False,in_value,True,open_auction_in,,,,False,in_value,True
2013-09-05,1652.75,1658.25,1651.25,open_auction_in,,,,False,in_value,False,open_auction_in,,,,False,in_value,False
2013-09-06,1659.25,1661.00,1638.75,open_rejection_reverse,down,va,1648.75,False,above_range,False,open_rejection_reverse,down,va,1648.75,False,above_range,False
2013-09-09,1658.50,1665.25,1658.25,open_auction_in,,,,False,in_value,True,open_auction_in,,,,False,in_value,True
2013-09-10,1680.50,1682.00,1676.75,open_drive,up,,1681.50,True,above_range,True,open_drive,up,,1681.50,True,above_range,True
2013-09-11,1680.75,1682.75,1677.75,open_auction_in,,,,False,in_value,True,open_auction_in,,,,False,in_value,True
2013-09-12,1688.00,1689.25,1685.00,open_auction_in,,,,False,in_value,True,open_auction_in,,,,False,in_value,True
2013-09-13,1685.75,1689.00,1681.75,open_auction_in,,,,False,in_value,True,open_auction_in,,,,False,in_value,True
2013-09-16,1699.50,1700.50,1691.75,open_auction_out,,a_blurred,1695.00,False,above_range,True,open_auction_out,,a_blurred,1695.00,False,above_range,True
2013-09-17,1692.25,1697.25,1692.00,open_auction_in,,,,False,in_value,True,open_auction_in,,,,False,in_value,True
2013-09-18,1697.75,1699.25,1695.50,open_auction_in,,,,False,in_value,True,open_auction_in,,,,False,in_value,True
2013-09-19,1723.00,1723.75,1717.75,open_auction_out,,a_extreme,1720.00,False,above_value,True,open_auction_out,,a_extreme,1720.00,False,above_value,True
2013-09-20,1719.00,1719.25,1711.75,open_auction_in,,,,False,in_value,True,open_auction_in,,,,False,in_value,True
2013-09-23,1700.50,1702.25,1694.25,open_drive,down,,1694.50,True,below_range,True,open_drive,down,,1694.50,True,below_range,True
2013-09-24,1694.75,1694.75,1687.50,open_auction_in,,,,False,in_value,True,open_auction_in,,,,False,in_value,True
2013-09-25,1692.25,1692.50,1684.50,open_auction_in,,,,False,in_value,False,open_auction_in,,,,False,in_value,False
2013-09-26,1689.00,1697.50,1688.75,open_auction_in,,,,False,in_value,True,open_auction_in,,,,False,in_value,True
2013-09-27,1683.75,1685.50,1680.00,open_drive,down,,1683.25,False,below_range,True,open_drive,down,,1683.25,False,below_range,True
2013-09-30,1670.00,1676.75,1666.75,open_auction_out,,a_blurred,1675.25,False,below_range,True,open_auction_out,,a_blurred,1675.25,False,below_range,True
2013-10-01,1676.50,1685.00,1675.25,open_auction_in,,,,False,in_value,True,open_auction_in,,,,False,in_value,True
2013-10-02,1678.50,1681.00,1673.25,open_drive,down,,1675.50,False,below_value,True,open_drive,down,,1675.50,False,below_value,True
2013-10-03,1683.00,1684.75,1671.50,open_auction_in,,,,False,in_value,True,open_auction_in,,,,False,in_value,True
2013-10-04,1672.50,1679.50,1670.25,open_auction_in,,,,False,in_value,True,open_auction_in,,,,False,in_value,True
2013-10-07,1669.00,1678.50,1667.25,open_rejection_reverse,up,va,1677.50,False,below_range,False,open_rejection_reverse,up,va,1677.50,False,below_range,False
2013-10-08,1669.00,1671.25,1665.25,open_drive,down,,1668.75,True,below_value,True,open_drive,down,,1668.75,True,below_value,True
2013-10-09,1652.75,1653.25,1646.75,open_auction_in,,,,False,in_value,True,open_auction_in,,,,False,in_value,True
2013-10-10,1667.50,1674.75,1667.25,open_drive,up,,1673.25,True,above_range,True,open_drive,up,,1673.25,True,above_range,True
2013-10-11,1684.25,1691.50,1682.50,open_drive,up,,1689.75,False,above_value,False,open_drive,up,,1689.75,False,above_value,False
2013-10-14,1687.00,1691.75,1685.50,open_rejection_reverse,up,va,1690.25,False,below_value,True,open_rejection_reverse,up,va,1690.25,False,below_value,True
2013-10-15,1700.00,1703.75,1695.00,open_auction_in,,,,False,in_value,True,open_auction_in,,,,False,in_value,True
2013-10-16,1702.25,1713.50,1701.25,open_auction_in,,,,False,in_value,False,open_auction_in,,,,False,in_value,False
2013-10-17,1709.00,1716.00,1708.50,open_auction_in,,,,False,in_value,True,open_auction_in,,,,False,in_value,True
2013-10-18,1733.50,1736.25,1730.25,open_drive,up,,1732.25,False,above_range,True,open_drive,up,,1732.25,False,above_range,True
2013-10-21,1739.25,1742.50,1737.25,open_auction_in,,,,False,in_value,True,open_auction_in,,,,False,in_value,True
2013-10-22,1744.00,1754.50,1743.25,open_drive,up,,1752.25,False,above_range,True,open_drive,up,,1752.25,False,above_range,True
2013-10-23,1743.25,1744.00,1736.00,open_auction_in,,,,False,in_value,True,open_auction_in,,,,False,in_value,True
2013-10-24,1744.25,1745.25,1740.00,open_rejection_reverse,down,va,1742.25,True,above_range,True,open_rejection_reverse,down,va,1742.25,True,above_range,True
2013-10-25,1750.25,1753.75,1748.00,open_rejection_reverse,down,va,1748.25,False,above_range,True,open_rejection_reverse,down,va,1748.25,False,above_range,True
2013-10-28,1754.00,1757.75,1752.25,open_auction_out,,va,1756.00,False,above_value,True,open_auction_out,,va,1756.00,False,above_value,True
2013-10-29,1761.50,1764.00,1759.00,open_auction_out,,range,1762.00,False,above_range,True,open_auction_out,,range,1762.00,False,above_range,True
2013-10-30,1769.25,1770.50,1765.50,open_rejection_reverse,down,va,1767.00,False,above_range,True,open_rejection_reverse,down,va,1767.00,False,above_range,True
2013-10-31,1756.75,1762.00,1751.00,open_auction_in,,,,False,in_value,True,open_auction_in,,,,False,in_value,True
2013-11-01,1755.50,1761.25,1752.50,open_auction_in,,,,False,in_value,True,open_auction_in,,,,False,in_value,True
2013-11-04,1762.00,1763.00,1757.50,open_auction_out,,va,1759.25,False,above_range,False,open_auction_out,,va,1759.25,False,above_range,False
2013-11-05,1756.25,1757.25,1750.50,open_drive,down,,1754.00,False,below_value,False,open_drive,down,,1754.00,False,below_value,False
2013-11-06,1765.50,1770.00,1763.50,open_drive,up,,1765.00,False,above_range,True,open_auction_out,,va,1765.00,False,above_range,True
2013-11-07,1770.00,1771.50,1758.75,open_auction_in,,,,False,in_value,True,open_auction_in,,,,False,in_value,True
2013-11-08,1743.25,1754.75,1743.25,open_rejection_reverse,up,va,1754.25,False,below_value,True,open_rejection_reverse,up,va,1754.25,False,below_value,True
2013-11-11,1766.25,1770.25,1764.00,open_auction_out,,va,1767.50,False,above_value,True,open_auction_out,,va,1767.50,False,above_value,True
2013-11-12,1764.25,1768.50,1762.25,open_rejection_reverse,up,va,1767.50,False,below_value,True,open_rejection_reverse,up,va,1767.50,False,below_value,True
2013-11-13,1755.50,1763.25,1755.50,open_rejection_reverse,up,va,1762.25,False,below_range,False,open_rejection_reverse,up,va,1762.25,False,below_range,False
2013-11-14,1780.25,1782.25,1777.25,open_test_drive,up,range,1779.25,True,above_range,True,open_test_drive,up,range,1779.25,True,above_range,True
2013-11-15,1790.50,1791.25,1788.00,open_test_drive,up,va,1790.50,True,above_range,True,open_test_drive,up,va,1790.50,True,above_range,True
2013-11-18,1798.00,1799.75,1792.50,open_auction_out,,va,1795.75,False,above_range,True,open_auction_out,,va,1795.75,False,above_range,True
2013-11-19,1788.25,1792.75,1783.50,open_auction_out,,va,1790.25,False,below_value,True,open_auction_out,,va,1790.25,False,below_value,True
2013-11-20,1789.00,1794.25,1785.75,open_auction_in,,,,False,in_value,True,open_auction_in,,,,False,in_value,True
2013-11-21,1784.75,1789.00,1783.50,open_auction_in,,,,False,in_value,True,open_auction_in,,,,False,in_value,True
2013-11-22,1794.75,1797.25,1792.50,open_test_drive,up,va,1796.00,True,above_value,True,open_test_drive,up,va,1796.00,True,above_value,True
2013-11-25,1806.25,1806.75,1802.25,open_auction_out,,va,1803.25,False,above_range,True,open_auction_out,,va,1803.25,False,above_range,True
2013-11-26,1802.25,1804.50,1798.75,open_auction_in,,,,False,in_value,True,open_auction_in,,,,False,in_value,True
2013-11-27,1803.75,1807.50,1802.50,open_auction_in,,,,False,in_value,True,open_auction_in,,,,False,in_value,True
2013-11-29,1808.25,1811.75,1807.00,open_test_drive,up,va,1811.75,True,above_range,True,open_drive,up,,1811.75,True,above_range,True
2013-12-02,1805.50,1807.00,1801.00,open_auction_in,,,,False,in_value,True,open_auction_in,,,,False,in_value,True
2013-12-03,1794.00,1798.50,1793.00,open_test_drive,down,range,1796.00,True,below_range,True,open_test_drive,down,range,1796.00,True,below_range,True
2013-12-04,1785.25,1799.50,1784.50,open_rejection_reverse,up,va,1798.00,False,below_range,False,open_rejection_reverse,up,va,1798.00,False,below_range,False
2013-12-05,1788.75,1792.00,1785.00,open_auction_in,,,,False,in_value,True,open_auction_in,,,,False,in_value,True
2013-12-06,1801.25,1802.75,1798.25,open_drive,up,,1799.75,False,above_range,True,open_drive,up,,1799.75,False,above_range,True
2013-12-09,1809.75,1811.50,1807.00,open_drive,up,,1807.75,False,above_range,True,open_drive,up,,1807.75,False,above_range,True
2013-12-10,1804.50,1807.75,1803.00,open_auction_out,,va,1806.25,False,below_range,True,open_auction_out,,va,1806.25,False,below_range,True
2013-12-11,1802.75,1803.00,1791.00,open_auction_in,,,,False,in_value,False,open_auction_in,,,,False,in_value,False
2013-12-12,1780.50,1783.25,1775.25,open_drive,down,,1778.00,False,below_value,True,open_drive,down,,1778.00,False,below_value,True
2013-12-13,1779.25,1780.75,1771.75,open_auction_in,,,,False,in_value,True,open_auction_in,,,,False,in_value,True
2013-12-16,1777.50,1786.25,1777.00,open_drive,up,,1783.25,False,above_range,True,open_drive,up,,1783.25,False,above_range,True
2013-12-17,1781.50,1782.25,1774.00,open_auction_in,,,,False,in_value,False,open_auction_in,,,,False,in_value,False
2013-12-18,1777.25,1779.00,1775.25,open_auction_in,,,,False,in_value,True,open_auction_in,,,,False,in_value,True
2013-12-19,1799.75,1802.25,1795.00,open_auction_out,,a_extreme,1798.75,False,above_value,True,open_auction_out,,a_extreme,1798.75,False,above_value,True
2013-12-20,1804.50,1812.00,1804.25,open_auction_in,,,,False,in_value,False,open_auction_in,,,,False,in_value,False
2013-12-23,1822.00,1823.00,1818.25,open_auction_out,,a_blurred,1821.00,False,above_range,True,open_auction_out,,a_blurred,1821.00,False,above_range,True
2013-12-24,1823.50,1826.50,1823.00,open_auction_in,,,,False,in_value,True,open_auction_in,,,,False,in_value,True
2013-12-26,1831.00,1833.50,1831.00,open_drive,up,,1833.25,True,above_range,True,open_drive,up,,1833.25,True,above_range,True
2013-12-27,1839.25,1840.00,1837.75,open_rejection_reverse,down,va,1837.75,False,above_range,True,open_rejection_reverse,down,va,1837.75,False,above_range,True
2013-12-30,1836.50,1838.00,1833.75,open_auction_in,,,,False,in_value,True,open_auction_in,,,,False,in_value,True
2013-12-31,1838.00,1840.75,1837.25,open_auction_in,,,,False,in_value,False,open_auction_in,,,,False,in_value,True
2014-01-02,1837.25,1838.00,1828.25,open_auction_in,,,,False,in_value,False,open_auction_in,,,,False,in_value,True
2014-01-03,1828.75,1833.00,1828.00,open_auction_in,,,,False,in_value,True,open_auction_in,,,,False,in_value,True
2014-01-06,1831.25,1832.50,1823.50,open_auction_in,,,,False,in_value,True,open_auction_in,,,,False,in_value,True
2014-01-07,1827.75,1833.25,1826.25,open_auction_in,,,,False,in_value,False,open_auction_in,,,,False,in_value,False
2014-01-08,1831.25,1834.25,1825.50,open_auction_in,,,,False,in_value,True,open_auction_in,,,,False,in_value,True
2014-01-09,1837.75,1838.00,1831.50,open_rejection_reverse,down,va,1832.00,False,above_range,True,open_rejection_reverse,down,va,1832.00,False,above_range,True
2014-01-10,1836.00,1838.75,1827.50,open_auction_in,,,,False,in_value,True,open_auction_in,,,,False,in_value,True
2014-01-13,1833.50,1838.00,1832.25,open_auction_in,,,,False,in_value,True,open_auction_in,,,,False,in_value,True
2014-01-14,1819.25,1822.75,1815.75,open_auction_in,,,,False,in_value,True,open_auction_in,,,,False,in_value,True
2014-01-15,1837.25,1843.00,1836.50,open_drive,up,,1842.25,True,above_range,True,open_drive,up,,1842.25,True,above_value,False
2014-01-16,1839.00,1841.00,1836.25,open_auction_in,,,,False,in_value,True,open_auction_in,,,,False,in_value,True
2014-01-17,1837.25,1839.00,1833.75,open_auction_in,,,,False,in_value,True,open_auction_in,,,,False,in_value,True
2014-01-21,1843.00,1844.00,1835.25,open_rejection_reverse,down,va,1836.25,False,above_range,True,open_rejection_reverse,down,va,1836.25,False,above_range,True
2014-01-22,1841.25,1841.50,1836.25,open_auction_out,,va,1840.25,False,above_value,True,open_auction_in,,,,False,in_value,True
2014-01-23,1829.75,1830.00,1820.75,open_drive,down,,1822.25,True,below_range,True,open_drive,down,,1822.25,True,below_value,True
2014-01-24,1811.75,1812.25,1805.25,open_drive,down,,1808.00,True,below_range,True,open_drive,down,,1808.00,True,below_range,True
2014-01-27,1786.50,1791.00,1777.00,open_test_drive,down,va,1777.50,True,below_value,True,open_test_drive,down,va,1777.50,True,below_value,True
2014-01-28,1777.25,1788.25,1776.75,open_auction_in,,,,False,in_value,True,open_auction_in,,,,False,in_value,True
2014-01-29,1771.25,1779.25,1768.50,open_auction_out,,range,1773.75,False,below_range,True,open_auction_out,,va,1773.75,False,below_value,True
2014-01-30,1784.25,1785.50,1778.00,open_test_drive,up,va,1781.00,True,above_range,True,open_test_drive,up,va,1781.00,True,above_range,True
2014-01-31,1765.75,1773.75,1764.75,open_auction_out,,a_blurred,1768.25,False,below_range,True,open_auction_out,,a_blurred,1768.25,False,below_range,True
2014-02-03,1774.75,1779.00,1757.25,open_auction_in,,,,False,in_value,True,open_auction_in,,,,False,in_value,True
2014-02-04,1744.75,1748.25,1738.75,open_auction_in,,,,False,in_value,True,open_auction_in,,,,False,in_value,True
2014-02-05,1743.00,1749.25,1732.00,open_auction_out,,va,1735.50,False,below_value,True,open_auction_in,,,,False,in_value,True
2014-02-06,1750.75,1762.00,1750.50,open_auction_in,,,,False,in_value,False,open_auction_in,,,,False,in_value,False
2014-02-07,1778.00,1783.75,1772.25,open_auction_out,,a_blurred,1773.25,False,above_range,True,open_auction_out,,a_blurred,1773.25,False,above_range,True
2014-02-10,1791.75,1793.25,1788.00,open_auction_in,,,,False,in_value,True,open_auction_in,,,,False,in_value,True
2014-02-11,1796.50,1803.75,1795.25,open_drive,up,,1802.75,True,above_range,True,open_drive,up,,1802.75,True,above_range,True
2014-02-12,1817.25,1823.25,1816.50,open_auction_in,,,,False,in_value,True,open_auction_in,,,,False,in_value,True
2014-02-13,1803.25,1816.25,1803.00,open_rejection_reverse,up,va,1813.50,False,below_range,True,open_rejection_reverse,up,va,1813.50,False,below_value,True
2014-02-14,1823.25,1831.00,1821.50,open_auction_in,,,,False,in_value,True,open_auction_in,,,,False,in_value,True
2014-02-18,1837.00,1839.75,1831.50,open_auction_in,,,,False,in_value,True,open_auction_in,,,,False,in_value,True
2014-02-19,1832.25,1844.50,1831.00,open_rejection_reverse,up,va,1843.75,False,below_value,False,open_rejection_reverse,up,va,1843.75,False,below_value,False
2014-02-20,1827.50,1831.25,1821.00,open_auction_out,,va,1828.25,False,below_value,True,open_rejection_reverse,up,va,1828.25,False,below_value,True
2014-02-21,1840.00,1843.00,1836.25,open_auction_in,,,,False,in_value,True,open_auction_in,,,,False,in_value,True
2014-02-24,1837.75,1849.75,1837.00,open_auction_in,,,,False,in_value,False,open_auction_in,,,,False,in_value,False
2014-02-25,1845.25,1847.75,1837.25,open_auction_out,,va,1841.25,False,below_value,True,open_auction_out,,va,1841.25,False,below_value,True
2014-02-26,1846.25,1849.50,1840.25,open_auction_in,,,,False,in_value,True,open_auction_in,,,,False,in_value,True
2014-02-27,1840.75,1845.25,1838.50,open_rejection_reverse,up,va,1842.00,False,below_value,True,open_rejection_reverse,up,va,1842.00,False,below_value,True
2014-02-28,1852.75,1864.50,1852.25,open_auction_in,,,,False,in_value,False,open_test_drive,up,va,1863.25,True,above_value,False
2014-03-03,1841.75,1849.50,1839.00,open_test_drive,down,range,1843.25,True,below_range,True,open_test_drive,down,range,1843.25,True,below_range,True
2014-03-04,1862.50,1868.50,1862.25,open_drive,up,,1867.75,True,above_range,True,open_drive,up,,1867.75,True,above_range,True
2014-03-05,1872.25,1875.00,1869.25,open_auction_in,,,,False,in_value,True,open_auction_in,,,,False,in_value,True
2014-03-06,1877.00,1881.00,1876.00,open_drive,up,,1878.75,False,above_range,True,open_drive,up,,1878.75,False,above_range,True
2014-03-07,1883.75,1884.75,1874.00,open_rejection_reverse,down,va,1879.00,False,above_range,True,open_rejection_reverse,down,va,1879.00,False,above_range,True
2014-03-10,1874.50,1877.25,1869.50,open_auction_in,,,,False,in_value,True,open_auction_in,,,,False,in_value,True
2014-03-11,1879.50,1880.00,1871.50,open_rejection_reverse,down,va,1877.25,True,above_range,True,open_auction_in,,,,False,in_value,True
2014-03-12,1858.25,1863.00,1853.75,open_auction_out,,range,1860.75,False,below_range,True,open_auction_out,,range,1860.75,False,below_range,True
2014-03-13,1873.50,1875.00,1868.50,open_auction_out,,range,1870.25,False,above_range,True,open_auction_out,,range,1870.25,False,above_range,True
2014-03-14,1843.00,1853.00,1843.00,open_rejection_reverse,up,va,1849.00,True,below_value,False,open_rejection_reverse,up,va,1849.00,True,below_value,False
2014-03-17,1843.75,1855.75,1842.75,open_auction_out,,va,1851.00,False,above_value,False,open_auction_out,,va,1851.00,False,above_value,False
2014-03-18,1854.75,1864.50,1852.75,open_auction_in,,,,False,in_value,False,open_auction_in,,,,False,in_value,False
2014-03-19,1865.00,1867.25,1862.00,open_auction_in,,,,False,in_value,True,open_auction_in,,,,False,in_value,True
2014-03-20,1849.75,1860.00,1846.25,open_rejection_reverse,up,va,1858.00,False,below_value,True,open_rejection_reverse,up,va,1858.00,False,below_value,True
2014-03-21,1872.50,1876.75,1868.00,open_auction_out,,a_blurred,1869.25,False,above_range,True,open_auction_out,,a_blurred,1869.25,False,above_range,True
2014-03-24,1863.75,1866.00,1850.50,open_auction_in,,,,False,in_value,False,open_auction_in,,,,False,in_value,False
2014-03-25,1859.00,1864.50,1858.50,open_auction_out,,a_extreme,1859.75,False,above_value,True,open_auction_out,,a_extreme,1859.75,False,above_value,True
2014-03-26,1865.75,1868.75,1861.25,open_rejection_reverse,down,va,1863.00,False,above_range,True,open_rejection_reverse,down,va,1863.00,False,above_range,True
2014-03-27,1842.75,1848.25,1834.00,open_auction_out,,range,1846.75,False,below_range,True,open_auction_out,,range,1846.75,False,below_range,True
2014-03-28,1846.00,1858.00,1845.25,open_auction_in,,,,False,in_value,False,open_auction_in,,,,False,in_value,False
2014-03-31,1861.25,1866.75,1861.00,open_drive,up,,1864.50,False,above_range,True,open_drive,up,,1864.50,False,above_range,True
2014-04-01,1871.25,1877.25,1870.25,open_drive,up,,1875.25,False,above_range,True,open_drive,up,,1875.25,False,above_range,True
2014-04-02,1880.00,1881.75,1876.25,open_test_drive,up,va,1881.75,True,above_range,True,open_test_drive,up,va,1881.75,True,above_range,True
2014-04-03,1886.50,1887.00,1882.25,open_rejection_reverse,down,va,1882.25,False,above_range,True,open_rejection_reverse,down,va,1882.25,False,above_range,True
2014-04-04,1891.25,1892.25,1881.50,open_auction_out,,va,1887.75,False,above_range,True,open_auction_out,,va,1887.75,False,above_range,True
2014-04-07,1854.00,1857.50,1847.25,open_test_drive,down,range,1851.50,True,below_range,True,open_test_drive,down,range,1851.50,True,below_range,True
2014-04-08,1837.00,1842.50,1830.75,open_auction_out,,va,1830.75,False,below_value,True,open_auction_out,,va,1830.75,False,below_value,True
2014-04-09,1850.75,1851.75,1845.25,open_test_drive,up,va,1849.25,True,above_range,True,open_test_drive,up,va,1849.25,True,above_value,True
2014-04-10,1865.50,1866.50,1859.50,open_auction_out,,va,1863.25,False,above_value,True,open_auction_out,,va,1863.25,False,above_value,True
2014-04-11,1816.50,1824.25,1812.75,open_auction_out,,va,1818.00,False,below_range,True,open_auction_out,,va,1818.00,False,below_range,True
2014-04-14,1823.75,1824.75,1815.50,open_auction_in,,,,False,in_value,True,open_auction_in,,,,False,in_value,True
2014-04-15,1827.50,1837.25,1823.00,open_auction_in,,,,False,in_value,True,open_auction_in,,,,False,in_value,True
2014-04-16,1849.25,1851.00,1842.25,open_drive,up,,1844.50,False,above_range,True,open_drive,up,,1844.50,False,above_range,True
2014-04-17,1853.25,1857.00,1850.25,open_auction_in,,,,False,in_value,True,open_auction_in,,,,False,in_value,True
2014-04-21,1859.00,1864.50,1858.00,open_auction_in,,,,False,in_value,True,open_auction_in,,,,False,in_value,True
2014-04-22,1866.75,1874.00,1865.75,open_drive,up,,1872.75,True,above_range,True,open_drive,up,,1872.75,True,above_range,True
2014-04-23,1872.75,1873.75,1867.50,open_auction_in,,,,False,in_value,True,open_auction_in,,,,False,in_value,True
2014-04-24,1878.25,1878.50,1863.75,open_rejection_reverse,down,va,1871.50,False,above_range,False,open_rejection_reverse,down,va,1871.50,False,above_range,False
2014-04-25,1867.00,1868.00,1861.00,open_auction_in,,,,False,in_value,True,open_auction_in,,,,False,in_value,True
2014-04-28,1865.25,1871.00,1858.50,open_test_drive,up,va,1869.25,True,above_value,True,open_test_drive,up,va,1869.25,True,above_value,True
2014-04-29,1869.50,1874.50,1865.50,open_auction_in,,,,False,in_value,True,open_rejection_reverse,down,va,1865.75,False,above_value,True
2014-04-30,1869.00,1873.00,1866.50,open_auction_in,,,,False,in_value,True,open_auction_in,,,,False,in_value,True
2014-05-01,1876.75,1879.50,1871.50,open_auction_in,,,,False,in_value,True,open_auction_in,,,,False,in_value,True
2014-05-02,1877.50,1885.75,1875.00,open_auction_in,,,,False,in_value,True,open_auction_in,,,,False,in_value,False
2014-05-05,1865.75,1873.25,1860.50,open_auction_out,,va,1870.75,False,below_range,True,open_rejection_reverse,up,va,1870.75,False,below_value,True
2014-05-06,1874.25,1874.50,1869.25,open_auction_in,,,,False,in_value,True,open_auction_in,,,,False,in_value,True
2014-05-07,1868.75,1871.50,1854.50,open_auction_in,,,,False,in_value,True,open_auction_out,,va,1859.25,False,below_value,True
2014-05-08,1871.25,1882.75,1869.50,open_auction_in,,,,False,in_value,False,open_auction_in,,,,False,in_value,False
2014-05-09,1871.25,1871.75,1862.75,open_auction_in,,,,False,in_value,True,open_auction_in,,,,False,in_value,True
2014-05-12,1882.00,1889.75,1881.75,open_drive,up,,1888.25,False,above_range,True,open_drive,up,,1888.25,False,above_range,True
2014-05-13,1894.25,1897.50,1892.75,open_test_drive,up,va,1896.75,True,above_range,True,open_test_drive,up,va,1896.75,True,above_range,True
2014-05-14,1892.50,1893.25,1887.75,open_auction_in,,,,False,in_value,True,open_auction_in,,,,False,in_value,True
2014-05-15,1881.00,1881.50,1864.50,open_drive,down,,1867.50,True,below_range,True,open_drive,down,,1867.50,True,below_range,True
2014-05-16,1869.25,1869.50,1861.25,open_auction_in,,,,False,in_value,True,open_auction_in,,,,False,in_value,True
2014-05-19,1871.00,1878.75,1869.25,open_auction_in,,,,False,in_value,False,open_auction_in,,,,False,in_value,False
2014-05-20,1880.50,1880.75,1874.00,open_auction_in,,,,False,in_value,True,open_auction_in,,,,False,in_value,True
2014-05-21,1875.00,1882.50,1874.50,open_auction_in,,,,False,in_value,True,open_auction_in,,,,False,in_value,True
2014-05-22,1885.75,1889.75,1882.75,open_auction_in,,,,False,in_value,True,open_auction_in,,,,False,in_value,True
2014-05-23,1891.50,1895.50,1890.75,open_auction_in,,,,False,in_value,True,open_auction_in,,,,False,in_value,True
2014-05-27,1904.75,1909.00,1903.50,open_drive,up,,1908.75,True,above_range,True,open_drive,up,,1908.75,True,above_range,True
2014-05-28,1909.25,1911.50,1905.25,open_rejection_reverse,down,va,1907.75,False,above_value,True,open_rejection_reverse,down,va,1907.75,False,above_value,True
2014-05-29,1912.25,1913.75,1907.25,open_auction_in,,,,False,in_value,True,open_auction_in,,,,False,in_value,True
2014-05-30,1915.75,1919.25,1914.25,open_test_drive,up,va,1918.50,True,above_value,True,open_auction_in,,,,False,in_value,True
2014-06-02,1923.50,1923.75,1913.75,open_rejection_reverse,down,va,1917.25,False,above_range,False,open_rejection_reverse,down,va,1917.25,False,above_range,False
2014-06-03,1918.00,1922.25,1916.75,open_auction_in,,,,False,in_value,True,open_auction_in,,,,False,in_value,True
2014-06-04,1918.50,1922.25,1916.75,open_auction_in,,,,False,in_value,True,open_auction_in,,,,False,in_value,True
2014-06-05,1928.00,1929.50,1921.00,open_rejection_reverse,down,va,1927.00,True,above_range,True,open_rejection_reverse,down,va,1927.00,True,above_range,True
2014-06-06,1942.75,1947.00,1941.75,open_drive,up,,1946.00,True,above_range,True,open_drive,up,,1946.00,True,above_range,True
2014-06-09,1947.50,1951.25,1946.75,open_auction_in,,,,False,in_value,False,open_auction_in,,,,False,in_value,False
2014-06-10,1947.50,1948.75,1943.00,open_auction_in,,,,False,in_value,True,open_auction_in,,,,False,in_value,True
2014-06-11,1943.00,1945.25,1941.75,open_test_drive,down,a_extreme,1942.25,True,below_value,True,open_test_drive,down,va,1942.25,True,below_value,True
2014-06-16,1925.50,1933.50,1923.75,,,,,,,,,,,,,,
2014-06-17,1926.50,1933.75,1924.25,open_auction_in,,,,False,in_value,True,open_auction_in,,,,False,in_value,True
2014-06-18,1934.50,1937.00,1933.00,open_auction_in,,,,False,in_value,True,open_auction_out,,va,1935.00,False,above_value,True
2014-06-19,1950.50,1952.25,1947.25,open_auction_out,,range,1949.00,False,above_range,True,open_auction_out,,range,1949.00,False,above_range,True
2014-06-20,1955.50,1955.50,1952.00,open_auction_out,,range,1952.00,False,above_range,True,open_auction_out,,range,1952.00,False,above_range,True
2014-06-23,1954.50,1955.50,1951.00,open_auction_in,,,,False,in_value,True,open_auction_in,,,,False,in_value,True
2014-06-24,1950.25,1957.75,1950.00,open_auction_in,,,,False,in_value,True,open_auction_in,,,,False,in_value,True
2014-06-25,1937.75,1946.25,1937.75,open_auction_out,,va,1943.50,False,below_range,False,open_auction_out,,va,1943.50,False,below_range,False
2014-06-26,1951.50,1951.50,1936.25,open_auction_in,,,,False,in_value,True,open_auction_in,,,,False,in_value,True
2014-06-27,1944.75,1948.75,1944.75,open_auction_in,,,,False,in_value,True,open_auction_in,,,,False,in_value,True
2014-06-30,1952.00,1956.75,1950.50,open_drive,up,,1955.50,False,above_value,True,open_auction_in,,,,False,in_value,True
2014-07-01,1956.75,1964.00,1956.25,open_auction_in,,,,False,in_value,False,open_auction_in,,,,False,in_value,False
2014-07-02,1965.75,1968.50,1964.75,open_auction_in,,,,False,in_value,True,open_auction_in,,,,False,in_value,True
2014-07-03,1972.75,1975.00,1971.25,open_drive,up,,1973.00,True,above_range,True,open_test_drive,up,va,1973.00,True,above_range,True
2014-07-07,1973.50,1975.00,1970.50,open_test_drive,down,va,1973.75,True,below_value,True,open_test_drive,down,va,1973.75,True,below_value,True
2014-07-08,1966.75,1967.50,1957.75,open_test_drive,down,va,1958.75,True,below_range,True,open_test_drive,down,va,1958.75,True,below_range,True
2014-07-09,1962.25,1965.25,1958.25,open_auction_in,,,,False,in_value,True,open_auction_in,,,,False,in_value,True
2014-07-10,1947.50,1954.25,1945.75,open_auction_out,,a_blurred,1953.75,False,below_range,True,open_auction_out,,range,1953.75,False,below_range,True
2014-07-11,1957.50,1960.00,1953.00,open_auction_in,,,,False,in_value,True,open_auction_in,,,,False,in_value,True
2014-07-14,1971.50,1973.25,1969.75,open_drive,up,,1971.50,True,above_range,True,open_drive,up,,1971.50,True,above_range,True
2014-07-15,1972.25,1976.25,1968.50,open_auction_in,,,,False,in_value,True,open_auction_in,,,,False,in_value,True
2014-07-16,1976.50,1978.00,1972.50,open_auction_out,,range,1974.00,False,above_range,False,open_auction_out,,range,1974.00,False,above_range,False
2014-07-17,1968.50,1976.00,1968.00,open_rejection_reverse,up,va,1975.50,True,below_range,False,open_rejection_reverse,up,va,1975.50,True,below_range,False
2014-07-18,1958.25,1961.25,1957.25,open_auction_in,,,,False,in_value,True,open_auction_in,,,,False,in_value,True
2014-07-21,1966.00,1967.75,1962.50,open_auction_in,,,,False,in_value,True,open_auction_in,,,,False,in_value,True
2014-07-22,1975.00,1979.50,1973.75,open_drive,up,,1978.00,True,above_range,True,open_drive,up,,1978.00,True,above_value,True
2014-07-23,1980.00,1981.00,1975.75,open_auction_in,,,,False,in_value,True,open_auction_in,,,,False,in_value,True
2014-07-24,1983.25,1984.75,1979.50,open_auction_in,,,,False,in_value,True,open_auction_in,,,,False,in_value,True
2014-07-25,1975.75,1977.50,1972.50,open_auction_out,,a_blurred,1976.75,True,below_range,True,open_test_drive,down,a_extreme,1976.75,True,below_value,True
2014-07-28,1972.50,1973.00,1960.75,open_auction_in,,,,False,in_value,False,open_auction_in,,,,False,in_value,False
2014-07-29,1976.75,1979.50,1973.25,open_auction_out,,va,1978.50,False,above_range,True,open_auction_in,,,,False,in_value,True
2014-07-30,1971.25,1974.25,1962.75,open_auction_in,,,,False,in_value,True,open_auction_in,,,,False,in_value,True
2014-07-31,1951.00,1952.75,1944.25,open_drive,down,,1945.50,True,below_range,True,open_drive,down,,1945.50,True,below_range,True
2014-08-01,1920.25,1932.25,1919.00,open_test_drive,down,va,1927.25,True,below_range,True,open_test_drive,down,va,1927.25,True,below_range,True
2014-08-04,1923.25,1925.50,1920.00,open_auction_in,,,,False,in_value,True,open_auction_in,,,,False,in_value,True
2014-08-05,1925.50,1928.75,1920.00,open_auction_in,,,,False,in_value,True,open_auction_in,,,,False,in_value,True
2014-08-06,1905.50,1918.75,1905.25,open_rejection_reverse,up,va,1918.50,False,below_range,False,open_rejection_reverse,up,va,1918.50,False,below_range,False
2014-08-07,1923.75,1925.75,1918.25,open_rejection_reverse,down,va,1921.50,False,above_range,False,open_auction_in,,,,False,in_value,True
2014-08-08,1909.00,1911.25,1903.75,open_auction_in,,,,False,in_value,True,open_auction_in,,,,False,in_value,True
2014-08-11,1934.00,1937.75,1932.00,open_drive,up,,1936.00,True,above_range,True,open_drive,up,,1936.00,True,above_range,True
2014-08-12,1930.50,1936.00,1928.25,open_rejection_reverse,up,va,1934.00,True,below_range,True,open_rejection_reverse,up,va,1934.00,True,below_range,True
2014-08-13,1937.25,1939.75,1934.00,open_test_drive,up,va,1936.75,True,above_range,True,open_test_drive,up,va,1936.75,True,above_range,True
2014-08-14,1946.25,1948.00,1944.00,open_test_drive,up,va,1947.50,True,above_range,True,open_test_drive,up,va,1947.50,True,above_range,True
2014-08-15,1959.00,1960.25,1956.25,open_drive,up,,1959.75,True,above_range,True,open_drive,up,,1959.75,True,above_range,True
2014-08-18,1962.25,1966.75,1961.25,open_drive,up,,1965.50,True,above_range,True,open_drive,up,,1965.50,True,above_range,True
2014-08-19,1972.50,1975.50,1970.75,open_drive,up,,1974.25,True,above_range,True,open_drive,up,,1974.25,True,above_range,True
2014-08-20,1975.75,1980.25,1975.25,open_auction_in,,,,False,in_value,True,open_auction_in,,,,False,in_value,True
2014-08-21,1985.00,1989.00,1983.50,open_auction_in,,,,False,in_value,True,open_auction_in,,,,False,in_value,True
2014-08-22,1987.75,1991.25,1984.25,open_auction_in,,,,False,in_value,True,open_auction_in,,,,False,in_value,True
2014-08-25,1995.75,1998.00,1993.25,open_drive,up,,1996.50,True,above_range,True,open_drive,up,,1996.50,True,above_range,True
2014-08-26,1997.75,2000.75,1997.00,open_auction_in,,,,False,in_value,True,open_auction_in,,,,False,in_value,True
2014-08-27,1998.75,2000.00,1994.75,open_auction_in,,,,False,in_value,False,open_auction_in,,,,False,in_value,False
2014-08-28,1990.00,1993.50,1988.00,open_auction_out,,range,1992.25,False,below_range,True,open_auction_out,,range,1992.25,False,below_range,True
2014-08-29,1998.75,1999.75,1992.25,open_rejection_reverse,down,va,1993.25,False,above_range,False,open_rejection_reverse,down,va,1993.25,False,above_range,False
2014-09-02,2004.00,2004.25,1998.75,open_auction_out,,va,2001.75,False,above_range,True,open_auction_out,,va,2001.75,False,above_range,True
2014-09-03,2008.25,2008.50,2002.75,open_rejection_reverse,down,va,2003.75,False,above_range,True,open_rejection_reverse,down,va,2003.75,False,above_range,True
2014-09-04,2002.50,2010.00,2001.00,open_auction_in,,,,False,in_value,True,open_auction_in,,,,False,in_value,False
2014-09-05,1995.75,1997.25,1989.75,open_drive,down,,1992.00,True,below_value,True,open_drive,down,,1992.00,True,below_value,True
2014-09-08,2003.50,2006.25,2000.50,open_auction_in,,,,False,in_value,True,open_auction_in,,,,False,in_value,True
2014-09-09,1998.25,1998.50,1989.75,open_auction_in,,,,False,in_value,False,open_auction_in,,,,False,in_value,False
2014-09-10,1988.50,1990.00,1982.50,open_auction_in,,,,False,in_value,False,open_auction_in,,,,False,in_value,False
2014-09-11,1986.75,1993.50,1986.00,open_auction_in,,,,False,in_value,True,open_rejection_reverse,up,va,1989.50,True,below_value,False
2014-09-12,1995.00,1995.50,1986.25,open_auction_in,,,,False,in_value,True,open_auction_in,,,,False,in_value,True
2014-09-15,1977.50,1977.75,1969.50,open_auction_in,,,,False,in_value,True,open_auction_in,,,,False,in_value,True
2014-09-16,1972.25,1981.50,1970.75,open_auction_in,,,,False,in_value,False,open_auction_in,,,,False,in_value,True
2014-09-17,1994.00,1996.75,1992.75,open_auction_in,,,,False,in_value,True,open_auction_in,,,,False,in_value,True
2014-09-18,1999.75,2003.25,1997.25,open_test_drive,up,va,1999.00,True,above_value,True,open_auction_in,,,,False,in_value,True
2014-09-19,2010.75,2012.75,2007.00,open_auction_out,,a_blurred,2007.25,False,above_range,True,open_auction_out,,a_blurred,2007.25,False,above_range,True
2014-09-22,1998.75,1999.25,1991.00,open_drive,down,,1992.50,True,below_value,False,open_drive,down,,1992.50,True,below_value,False
2014-09-26,1962.25,1968.50,1959.50,,,,,,,,,,,,,,
2014-09-29,1957.00,1967.50,1955.50,open_rejection_reverse,up,va,1965.00,False,below_range,True,open_rejection_reverse,up,va,1965.00,False,below_range,True
2014-09-30,1971.75,1974.50,1962.75,open_auction_in,,,,False,in_value,True,open_auction_in,,,,False,in_value,True
2014-10-01,1962.00,1962.75,1946.50,open_drive,down,,1952.00,False,below_value,False,open_auction_in,,,,False,in_value,False
2014-10-02,1936.50,1942.50,1935.25,open_test_drive,down,va,1937.25,True,below_value,True,open_test_drive,down,va,1937.25,True,below_value,True
2014-10-03,1951.75,1960.00,1945.50,open_drive,up,,1955.75,False,above_range,True,open_drive,up,,1955.75,False,above_range,True
2014-10-06,1968.50,1971.00,1963.25,open_rejection_reverse,down,va,1964.25,False,above_range,True,open_rejection_reverse,down,va,1964.25,False,above_range,True
2014-10-07,1947.25,1948.50,1939.75,open_drive,down,,1947.50,False,below_range,True,open_auction_out,,a_extreme,1947.50,False,below_value,True
2014-10-08,1928.50,1933.75,1924.25,open_drive,down,,1928.50,True,below_value,True,open_drive,down,,1928.50,True,below_value,True
2014-10-09,1958.00,1960.75,1949.50,open_auction_out,,a_extreme,1953.00,False,above_value,True,open_auction_out,,a_extreme,1953.00,False,above_value,True
2014-10-10,1921.50,1931.25,1908.75,open_auction_in,,,,False,in_value,True,open_auction_in,,,,False,in_value,True
2014-10-13,1899.00,1906.00,1886.50,open_drive,down,,1886.50,True,below_range,True,open_drive,down,,1886.50,True,below_range,True
2014-10-14,1878.50,1884.75,1869.50,open_drive,down,,1874.50,False,below_value,True,open_drive,down,,1874.50,False,below_value,True
2014-10-15,1845.75,1860.75,1830.50,open_auction_out,,a_blurred,1852.00,False,below_range,True,open_auction_out,,a_blurred,1852.00,False,below_range,True
2014-10-16,1824.75,1852.50,1822.75,open_rejection_reverse,up,va,1841.00,False,below_value,True,open_rejection_reverse,up,va,1841.00,False,below_value,True
2014-10-17,1878.25,1886.25,1870.00,open_drive,up,,1886.00,True,above_range,True,open_drive,up,,1886.00,True,above_range,True
2014-10-20,1875.25,1888.50,1874.50,open_auction_in,,,,False,in_value,True,open_auction_in,,,,False,in_value,True
2014-10-21,1910.75,1919.25,1908.75,open_drive,up,,1917.50,True,above_range,True,open_drive,up,,1917.50,True,above_range,True
2014-10-22,1938.25,1941.25,1933.25,open_test_drive,up,range,1939.00,True,above_range,True,open_test_drive,up,range,1939.00,True,above_range,True
2014-10-23,1940.50,1947.25,1937.00,open_auction_in,,,,False,in_value,True,open_auction_in,,,,False,in_value,True
2014-10-24,1946.50,1952.50,1939.00,open_auction_in,,,,False,in_value,True,open_auction_in,,,,False,in_value,True
2014-10-27,1951.75,1952.75,1944.50,open_auction_in,,,,False,in_value,True,open_auction_in,,,,False,in_value,True
2014-10-28,1962.50,1967.50,1961.50,open_drive,up,,1964.00,True,above_range,True,open_drive,up,,1964.00,True,above_range,True
2014-10-29,1979.75,1985.75,1978.50,open_auction_out,,range,1980.00,False,above_range,True,open_auction_out,,range,1980.00,False,above_range,True
2014-10-30,1970.00,1978.00,1968.00,open_auction_in,,,,False,in_value,True,open_auction_in,,,,False,in_value,True
2014-10-31,2012.50,2013.00,2002.25,open_auction_out,,a_blurred,2009.00,False,above_range,True,open_auction_out,,a_blurred,2009.00,False,above_range,True
2014-11-03,2013.75,2017.00,2008.00,open_rejection_reverse,down,va,2009.00,False,above_range,True,open_rejection_reverse,down,va,2009.00,False,above_range,True
2014-11-04,2007.00,2010.75,2003.50,open_test_drive,down,va,2003.75,True,below_range,True,open_test_drive,down,va,2003.75,True,below_range,True
2014-11-05,2019.75,2020.50,2010.50,open_auction_out,,range,2011.75,False,above_range,True,open_auction_out,,range,2011.75,False,above_range,True
2014-11-06,2018.50,2021.50,2010.75,open_auction_in,,,,False,in_value,True,open_auction_in,,,,False,in_value,True
2014-11-07,2026.50,2027.50,2021.00,open_auction_in,,,,False,in_value,True,open_auction_in,,,,False,in_value,True
2014-11-10,2028.25,2030.00,2025.75,open_auction_in,,,,False,in_value,True,open_rejection_reverse,down,va,2027.25,True,above_value,True
2014-11-11,2035.25,2036.50,2031.00,open_test_drive,up,va,2035.75,True,above_range,True,open_test_drive,up,va,2035.75,True,above_range,True
2014-11-12,2028.00,2034.25,2027.75,open_rejection_reverse,up,va,2032.50,False,below_range,True,open_rejection_reverse,up,va,2032.50,False,below_value,True
2014-11-13,2036.50,2042.50,2036.00,open_auction_in,,,,False,in_value,False,open_auction_in,,,,False,in_value,False
2014-11-14,2035.75,2039.75,2033.25,open_auction_in,,,,False,in_value,True,open_auction_in,,,,False,in_value,True
2014-11-17,2033.25,2039.75,2032.25,open_rejection_reverse,up,va,2038.25,False,below_value,True,open_auction_in,,,,False,in_value,True
2014-11-18,2039.25,2048.00,2039.00,open_auction_in,,,,False,in_value,False,open_auction_in,,,,False,in_value,False
2014-11-19,2048.00,2048.25,2040.00,open_auction_in,,,,False,in_value,False,open_auction_in,,,,False,in_value,False
2014-11-20,2037.50,2046.75,2036.50,open_rejection_reverse,up,va,2046.25,False,below_range,False,open_rejection_reverse,up,va,2046.25,False,below_range,False
2014-11-21,2071.50,2072.25,2066.00,open_auction_out,,a_blurred,2067.50,False,above_range,True,open_auction_out,,a_blurred,2067.50,False,above_range,True
2014-11-24,2066.50,2069.00,2064.25,open_auction_out,,va,2067.50,False,above_value,True,open_auction_out,,va,2067.50,False,above_value,True
2014-11-25,2070.25,2073.00,2065.25,open_auction_out,,va,2068.50,False,above_range,True,open_auction_out,,va,2068.50,False,above_range,True
2014-11-26,2067.75,2069.00,2065.25,open_auction_in,,,,False,in_value,True,open_auction_in,,,,False,in_value,True
2014-11-28,2069.25,2072.50,2066.75,open_auction_in,,,,False,in_value,True,open_auction_in,,,,False,in_value,True
2014-12-01,2058.50,2060.00,2049.25,open_drive,down,,2057.25,True,below_range,True,open_drive,down,,2057.25,True,below_range,True
2014-12-02,2052.50,2061.50,2052.50,open_auction_in,,,,False,in_value,True,open_auction_in,,,,False,in_value,True
2014-12-03,2067.25,2071.50,2065.50,open_auction_in,,,,False,in_value,True,open_auction_in,,,,False,in_value,True
2014-12-04,2069.75,2072.00,2066.75,open_auction_in,,,,False,in_value,True,open_auction_in,,,,False,in_value,True
2014-12-05,2072.75,2076.75,2070.50,open_auction_in,,,,False,in_value,True,open_auction_in,,,,False,in_value,True
2014-12-08,2069.75,2075.75,2067.50,open_rejection_reverse,up,va,2075.25,False,below_value,True,open_rejection_reverse,up,va,2075.25,False,below_value,True
2014-12-09,2038.00,2046.25,2035.25,open_auction_out,,a_blurred,2036.50,True,below_range,True,open_auction_out,,a_blurred,2036.50,True,below_range,True
2014-12-10,2053.50,2054.25,2044.00,open_auction_in,,,,False,in_value,True,open_auction_in,,,,False,in_value,True
2014-12-11,2033.25,2053.25,2033.00,open_auction_in,,,,False,in_value,True,open_auction_in,,,,False,in_value,True
2014-12-12,2020.25,2032.25,2018.25,open_test_drive,down,range,2024.75,True,below_range,True,open_test_drive,down,range,2024.75,True,below_range,True
2014-12-15,2006.75,2012.25,1996.50,open_test_drive,down,va,1998.75,True,below_value,True,open_test_drive,down,va,1998.75,True,below_value,True
2014-12-16,1972.75,1987.50,1968.50,open_rejection_reverse,up,va,1986.50,False,below_range,True,open_rejection_reverse,up,va,1986.50,False,below_range,True
2014-12-17,1971.50,1982.50,1970.00,open_rejection_reverse,up,va,1974.50,False,below_value,False,open_auction_out,,va,1974.50,False,below_value,True
2014-12-18,2035.00,2041.25,2029.50,open_drive,up,,2036.25,False,above_range,True,open_drive,up,,2036.25,False,above_range,True
2014-12-19,2063.00,2067.25,2056.50,open_drive,up,,2065.75,False,above_range,True,open_drive,up,,2065.75,False,above_range,True
2014-12-22,2070.00,2073.75,2068.25,open_auction_out,,va,2072.50,False,above_value,True,open_auction_out,,va,2072.50,False,above_value,True
2014-12-23,2082.25,2082.75,2077.00,open_auction_out,,a_blurred,2079.25,False,above_range,True,open_auction_out,,a_blurred,2079.25,False,above_range,True
2014-12-24,2080.25,2081.75,2079.00,open_auction_in,,,,False,in_value,True,open_auction_in,,,,False,in_value,True
2014-12-26,2083.25,2087.75,2082.25,open_auction_in,,,,False,in_value,False,open_auction_out,,va,2085.50,False,above_value,False
2014-12-29,2082.00,2088.25,2081.00,open_rejection_reverse,up,va,2086.25,False,below_range,False,open_rejection_reverse,up,va,2086.25,False,below_range,False
2014-12-30,2079.75,2081.75,2075.75,open_auction_out,,va,2077.75,False,below_range,True,open_auction_out,,va,2077.75,False,below_range,True
2015-01-02,2061.25,2066.50,2055.00,,,,,,,,,,,,,,
2015-01-05,2038.25,2040.50,2025.50,open_drive,down,,2028.50,True,below_range,True,open_drive,down,,2028.50,True,below_range,True
2015-01-06,2017.50,2023.50,2012.75,open_auction_in,,,,False,in_value,True,open_auction_in,,,,False,in_value,True
2015-01-07,2010.25,2018.25,2007.50,open_auction_out,,va,2013.00,False,above_value,True,open_auction_out,,va,2013.00,False,above_value,True
2015-01-08,2036.50,2049.00,2036.00,open_drive,up,,2046.75,True,above_range,True,open_drive,up,,2046.75,True,above_range,True
2015-01-09,2060.50,2061.00,2042.50,open_rejection_reverse,down,va,2043.50,False,above_range,False,open_rejection_reverse,down,va,2043.50,False,above_range,False
2015-01-12,2040.00,2042.25,2015.25,open_auction_in,,,,False,in_value,False,open_auction_in,,,,False,in_value,False
2015-01-13,2037.50,2051.75,2037.25,open_drive,up,,2046.75,False,above_value,False,open_drive,up,,2046.75,False,above_value,False
2015-01-14,1992.25,2007.00,1990.25,open_rejection_reverse,up,va,2004.00,False,below_range,True,open_rejection_reverse,up,va,2004.00,False,below_range,True
2015-01-15,2012.25,2016.00,1991.25,open_auction_out,,va,2005.00,False,above_range,False,open_auction_out,,va,2005.00,False,above_range,False
2015-01-16,1983.50,1994.50,1981.25,open_rejection_reverse,up,va,1990.50,False,below_range,True,open_rejection_reverse,up,va,1990.50,False,below_value,True
2015-01-20,2020.00,2023.25,2003.50,open_auction_out,,va,2010.50,False,above_range,False,open_auction_out,,range,2010.50,False,above_range,False
2015-01-21,2010.75,2024.25,2005.25,open_auction_in,,,,False,in_value,False,open_auction_in,,,,False,in_value,False
2015-01-22,2036.25,2041.00,2019.25,open_test_drive,up,va,2035.50,True,above_range,True,open_test_drive,up,va,2035.50,True,above_range,True
2015-01-23,2053.75,2055.25,2048.50,open_auction_out,,va,2052.75,False,above_value,True,open_auction_out,,va,2052.75,False,above_value,True
2015-01-26,2043.25,2043.75,2034.50,open_drive,down,,2041.50,False,below_range,True,open_drive,down,,2041.50,False,below_range,True
2015-01-27,2025.50,2029.75,2021.50,open_drive,down,,2022.25,True,below_range,True,open_drive,down,,2022.25,True,below_range,True
2015-01-28,2037.25,2038.75,2029.75,open_rejection_reverse,down,va,2030.00,False,above_range,False,open_rejection_reverse,down,va,2030.00,False,above_range,False
2015-01-29,1999.00,2001.25,1985.50,open_drive,down,,1994.25,True,below_value,True,open_drive,down,,1994.25,True,below_value,True
2015-01-30,2000.75,2012.50,1999.25,open_auction_in,,,,False,in_value,True,open_auction_in,,,,False,in_value,True
2015-02-02,1995.75,1998.00,1973.75,open_auction_out,,va,1979.50,False,below_value,False,open_auction_in,,,,False,in_value,False
2015-02-03,2025.25,2034.50,2023.75,open_drive,up,,2033.00,False,above_range,True,open_drive,up,,2033.00,False,above_range,True
2015-02-04,2034.50,2042.75,2033.50,open_auction_in,,,,False,in_value,True,open_auction_in,,,,False,in_value,True
2015-02-05,2044.25,2052.75,2043.00,open_test_drive,up,va,2051.25,True,above_value,True,open_test_drive,up,va,2051.25,True,above_value,True
2015-02-06,2061.00,2065.25,2056.00,open_test_drive,up,va,2063.00,True,above_range,True,open_test_drive,up,va,2063.00,True,above_range,True
2015-02-09,2042.75,2051.50,2042.25,open_auction_out,,range,2044.50,False,below_range,True,open_auction_out,,range,2044.50,False,below_range,True
2015-02-10,2054.00,2054.50,2046.50,open_rejection_reverse,down,va,2047.75,False,above_range,True,open_rejection_reverse,down,va,2047.75,False,above_range,True
2015-02-11,2061.25,2064.75,2059.50,open_test_drive,up,a_extreme,2061.00,True,above_value,True,open_test_drive,up,a_extreme,2061.00,True,above_value,True
2015-02-12,2073.75,2080.00,2071.75,open_drive,up,,2075.50,False,above_range,True,open_drive,up,,2075.50,False,above_range,True
2015-02-13,2086.00,2090.75,2084.75,open_drive,up,,2089.75,True,above_range,True,open_drive,up,,2089.75,True,above_range,True
2015-02-17,2089.25,2092.25,2086.25,open_auction_in,,,,False,in_value,True,open_auction_in,,,,False,in_value,True
2015-02-18,2091.75,2094.50,2088.50,open_auction_in,,,,False,in_value,True,open_auction_in,,,,False,in_value,True
2015-02-19,2089.25,2095.50,2087.50,open_auction_in,,,,False,in_value,True,open_auction_in,,,,False,in_value,True
2015-02-20,2089.75,2093.50,2082.25,open_auction_out,,va,2085.75,False,below_value,True,open_auction_in,,,,False,in_value,True
2015-02-23,2104.50,2105.00,2099.75,open_test_drive,up,va,2102.50,True,above_value,True,open_drive,up,,2102.50,True,above_range,True
2015-02-24,2106.25,2111.75,2102.75,open_auction_in,,,,False,in_value,True,open_auction_in,,,,False,in_value,True
2015-02-25,2111.75,2113.00,2108.75,open_auction_in,,,,False,in_value,True,open_auction_in,,,,False,in_value,True
2015-02-26,2110.25,2111.75,2103.75,open_auction_in,,,,False,in_value,False,open_auction_in,,,,False,in_value,False
2015-02-27,2107.75,2109.50,2103.25,open_auction_in,,,,False,in_value,True,open_auction_in,,,,False,in_value,True
2015-03-02,2102.75,2111.75,2102.25,open_rejection_reverse,up,va,2111.50,False,below_value,False,open_rejection_reverse,up,va,2111.50,False,below_value,False
2015-03-03,2109.50,2110.75,2102.50,open_auction_in,,,,False,in_value,False,open_auction_in,,,,False,in_value,True
2015-03-04,2098.75,2099.50,2085.25,open_auction_in,,,,False,in_value,False,open_auction_in,,,,False,in_value,False
2015-03-05,2101.00,2102.25,2096.00,open_test_drive,up,va,2102.00,True,above_range,True,open_test_drive,up,va,2102.00,True,above_range,True
2015-03-06,2088.75,2094.25,2087.25,open_test_drive,down,va,2093.00,True,below_range,True,open_test_drive,down,va,2093.00,True,below_range,True
2015-03-09,2072.00,2076.50,2070.25,open_auction_in,,,,False,in_value,True,open_auction_in,,,,False,in_value,True
2015-03-10,2061.75,2062.75,2052.25,open_drive,down,,2055.25,True,below_range,True,open_drive,down,,2055.25,True,below_range,True
2015-03-11,2047.00,2049.50,2044.50,open_auction_in,,,,False,in_value,True,open_auction_in,,,,False,in_value,True
2015-03-12,2047.00,2058.75,2046.50,open_auction_in,,,,False,in_value,False,open_auction_in,,,,False,in_value,False
2015-03-13,2062.25,2064.00,2052.75,open_auction_in,,,,False,in_value,True,open_auction_in,,,,False,in_value,True
2015-03-16,2054.00,2066.50,2053.75,open_drive,up,,2063.75,True,above_value,False,open_drive,up,,2063.75,True,above_value,False
2015-03-17,2063.75,2067.50,2059.00,open_test_drive,down,va,2063.75,True,below_value,True,open_test_drive,down,va,2063.75,True,below_value,True
2015-03-18,2060.00,2062.00,2055.75,open_auction_in,,,,False,in_value,True,open_auction_in,,,,False,in_value,True
2015-03-19,2086.50,2089.50,2081.25,open_auction_out,,va,2086.75,False,above_value,True,open_auction_out,,va,2086.75,False,above_value,True
2015-03-20,2093.00,2096.50,2092.25,open_drive,up,,2095.00,True,above_range,True,open_auction_in,,,,False,in_value,True
2015-03-23,2100.25,2107.00,2099.25,open_auction_in,,,,False,in_value,True,open_auction_in,,,,False,in_value,True
2015-03-24,2094.50,2098.50,2090.50,open_auction_out,,range,2096.50,False,below_range,True,open_auction_out,,va,2096.50,False,below_value,True
2015-03-25,2086.50,2089.25,2078.75,open_auction_in,,,,False,in_value,False,open_auction_in,,,,False,in_value,False
2015-03-26,2045.00,2050.25,2036.25,open_drive,down,,2042.75,False,below_range,True,open_drive,down,,2042.75,False,below_range,True
2015-03-27,2046.50,2053.75,2044.00,open_auction_in,,,,False,in_value,True,open_auction_in,,,,False,in_value,True
2015-03-30,2065.00,2076.50,2064.50,open_drive,up,,2072.00,False,above_range,True,open_drive,up,,2072.00,False,above_range,True
2015-03-31,2067.75,2072.50,2064.75,open_rejection_reverse,up,va,2071.25,False,below_value,True,open_rejection_reverse,up,va,2071.25,False,below_value,True
2015-04-01,2058.75,2059.00,2039.75,open_drive,down,,2046.00,False,below_value,False,open_drive,down,,2046.00,False,below_value,False
2015-04-02,2051.25,2064.75,2048.75,open_auction_in,,,,False,in_value,False,open_auction_in,,,,False,in_value,False
2015-04-06,2048.75,2070.00,2047.00,open_rejection_reverse,up,va,2069.50,False,below_value,False,open_rejection_reverse,up,va,2069.50,False,below_value,False
2015-04-07,2074.00,2081.75,2072.25,open_auction_in,,,,False,in_value,True,open_auction_in,,,,False,in_value,True
2015-04-08,2070.50,2080.25,2070.25,open_rejection_reverse,up,va,2077.00,True,below_value,False,open_rejection_reverse,up,va,2077.00,True,below_value,False
2015-04-09,2072.75,2081.50,2071.50,open_auction_in,,,,False,in_value,True,open_auction_in,,,,False,in_value,True
2015-04-10,2086.75,2090.00,2084.50,open_drive,up,,2089.25,True,above_value,True,open_drive,up,,2089.25,True,above_value,True
2015-04-13,2093.75,2101.25,2093.50,open_auction_in,,,,False,in_value,False,open_auction_in,,,,False,in_value,False
2015-04-14,2083.25,2090.00,2075.75,open_auction_out,,va,2080.50,False,below_range,True,open_auction_out,,va,2080.50,False,below_range,True
2015-04-15,2095.25,2102.25,2094.25,open_drive,up,,2098.25,False,above_range,True,open_drive,up,,2098.25,False,above_range,True
2015-04-16,2095.50,2097.50,2093.00,open_auction_in,,,,False,in_value,True,open_auction_in,,,,False,in_value,True
2015-04-17,2084.00,2087.00,2072.50,open_drive,down,,2075.00,True,below_range,True,open_drive,down,,2075.00,True,below_range,True
2015-04-20,2085.25,2094.25,2084.25,open_drive,up,,2092.25,True,above_value,False,open_drive,up,,2092.25,True,above_value,False
2015-04-21,2101.50,2103.50,2093.00,open_rejection_reverse,down,va,2095.25,False,above_range,True,open_rejection_reverse,down,va,2095.25,False,above_range,True
2015-04-22,2095.00,2096.00,2083.75,open_auction_in,,,,False,in_value,True,open_auction_in,,,,False,in_value,True
2015-04-23,2096.50,2103.50,2094.75,open_auction_in,,,,False,in_value,True,open_auction_in,,,,False,in_value,True
2015-04-24,2111.75,2112.50,2106.00,open_auction_in,,,,False,in_value,True,open_auction_in,,,,False,in_value,True
2015-04-27,2118.50,2119.75,2113.50,open_auction_out,,va,2118.25,False,above_range,True,open_auction_out,,va,2118.25,False,above_range,True
2015-04-28,2102.50,2104.25,2088.25,open_auction_in,,,,False,in_value,False,open_auction_in,,,,False,in_value,True
2015-04-29,2098.50,2107.00,2095.75,open_auction_in,,,,False,in_value,True,open_auction_in,,,,False,in_value,True
2015-04-30,2093.50,2098.00,2083.50,open_auction_out,,va,2085.00,False,below_value,False,open_auction_out,,va,2085.00,False,below_value,True
2015-05-01,2088.50,2095.50,2088.25,open_auction_in,,,,False,in_value,True,open_auction_in,,,,False,in_value,True
2015-05-04,2107.00,2115.00,2105.50,open_drive,up,,2113.75,False,above_range,True,open_drive,up,,2113.75,False,above_range,True
2015-05-05,2105.00,2109.25,2097.25,open_test_drive,down,va,2101.75,True,below_range,True,open_test_drive,down,va,2101.75,True,below_range,True
2015-05-06,2090.00,2093.75,2070.50,open_auction_in,,,,False,in_value,False,open_auction_in,,,,False,in_value,False
2015-05-07,2073.50,2078.25,2069.25,open_auction_in,,,,False,in_value,True,open_auction_in,,,,False,in_value,True
2015-05-08,2103.25,2110.75,2102.50,open_drive,up,,2108.50,True,above_range,True,open_drive,up,,2108.50,True,above_range,True
2015-05-11,2110.00,2113.50,2107.25,open_auction_in,,,,False,in_value,True,open_auction_in,,,,False,in_value,True
2015-05-12,2090.50,2090.50,2080.25,open_drive,down,,2083.25,False,below_range,True,open_drive,down,,2083.25,False,below_range,True
2015-05-13,2098.75,2106.50,2097.00,open_auction_in,,,,False,in_value,False,open_auction_in,,,,False,in_value,False
2015-05-14,2107.00,2111.00,2103.50,open_auction_out,,range,2109.50,False,above_range,True,open_auction_out,,range,2109.50,False,above_range,True
2015-05-15,2118.75,2120.50,2113.25,open_rejection_reverse,down,va,2115.75,False,above_range,False,open_rejection_reverse,down,va,2115.75,False,above_range,False
2015-05-18,2117.00,2120.75,2116.25,open_auction_in,,,,False,in_value,True,open_auction_in,,,,False,in_value,True
2015-05-19,2127.00,2127.75,2122.25,open_auction_out,,va,2126.50,False,above_value,True,open_auction_out,,va,2126.50,False,above_value,True
2015-05-20,2126.00,2126.50,2119.25,open_auction_in,,,,False,in_value,True,open_auction_in,,,,False,in_value,True
2015-05-21,2121.50,2127.25,2119.50,open_auction_in,,,,False,in_value,True,open_auction_in,,,,False,in_value,True
2015-05-22,2124.50,2128.25,2123.25,open_auction_in,,,,False,in_value,True,open_auction_in,,,,False,in_value,True
2015-05-26,2118.50,2119.25,2104.50,open_drive,down,,2107.25,True,below_range,True,open_drive,down,,2107.25,True,below_value,False
2015-05-27,2106.75,2115.75,2102.50,open_auction_in,,,,False,in_value,False,open_auction_in,,,,False,in_value,False
2015-05-28,2117.75,2120.25,2112.00,open_auction_in,,,,False,in_value,True,open_auction_in,,,,False,in_value,True
2015-05-29,2118.25,2118.75,2111.25,open_auction_in,,,,False,in_value,True,open_auction_in,,,,False,in_value,True
2015-06-01,2113.50,2115.25,2100.25,open_rejection_reverse,down,va,2104.50,False,above_value,False,open_rejection_reverse,down,va,2104.50,False,above_value,False
2015-06-02,2104.50,2106.50,2096.25,open_auction_out,,va,2103.75,False,below_value,True,open_auction_out,,va,2103.75,False,below_value,True
2015-06-03,2114.00,2119.50,2107.25,open_auction_in,,,,False,in_value,True,open_auction_in,,,,False,in_value,True
2015-06-04,2104.50,2111.75,2099.75,open_test_drive,down,va,2106.75,True,below_range,True,open_rejection_reverse,up,va,2106.75,True,below_value,True
2015-06-05,2093.25,2098.00,2083.50,open_auction_in,,,,False,in_value,True,open_auction_in,,,,False,in_value,True
2015-06-08,2090.00,2092.00,2085.00,open_auction_in,,,,False,in_value,True,open_auction_in,,,,False,in_value,True
2015-06-09,2078.25,2082.00,2071.25,open_test_drive,down,va,2072.25,True,below_value,True,open_test_drive,down,va,2072.25,True,below_value,True
2015-06-10,2087.50,2096.25,2086.75,open_drive,up,,2095.75,True,above_range,True,open_drive,up,,2095.75,True,above_value,False
2015-06-11,2108.75,2114.75,2107.75,open_auction_out,,va,2112.50,False,above_range,True,open_auction_out,,va,2112.50,False,above_range,True
2015-06-12,2100.00,2102.00,2094.75,open_drive,down,,2096.25,True,below_range,True,open_drive,down,,2096.25,True,below_range,True
2015-06-15,2071.25,2071.75,2062.75,open_drive,down,,2068.50,False,below_range,True,open_drive,down,,2068.50,False,below_range,True
2015-06-16,2074.50,2082.25,2072.00,open_auction_in,,,,False,in_value,True,open_auction_in,,,,False,in_value,True
2015-06-17,2091.75,2095.25,2090.00,open_auction_out,,a_blurred,2091.25,False,above_range,True,open_auction_out,,a_blurred,2091.25,False,above_range,True
2015-06-18,2098.75,2109.50,2097.00,open_drive,up,,2108.50,True,above_value,False,open_drive,up,,2108.50,True,above_value,False
2015-06-19,2111.00,2111.50,2107.00,open_auction_in,,,,False,in_value,True,open_auction_in,,,,False,in_value,True
2015-06-22,2115.00,2119.00,2112.50,open_drive,up,,2117.25,True,above_range,True,open_drive,up,,2117.25,True,above_range,True
2015-06-23,2117.25,2120.25,2114.25,open_auction_in,,,,False,in_value,True,open_auction_in,,,,False,in_value,True
2015-06-24,2112.75,2116.50,2110.75,open_auction_in,,,,False,in_value,True,open_rejection_reverse,up,va,2116.00,True,below_value,True
2015-06-25,2106.50,2107.50,2098.25,open_auction_in,,,,False,in_value,True,open_auction_in,,,,False,in_value,True
2015-06-26,2098.00,2100.75,2091.25,open_auction_in,,,,False,in_value,True,open_auction_out,,va,2098.50,False,below_value,True
2015-06-29,2075.00,2083.25,2072.75,open_drive,down,,2074.75,True,below_range,True,open_drive,down,,2074.75,True,below_range,True
2015-06-30,2067.00,2067.50,2053.25,open_auction_in,,,,False,in_value,True,open_auction_in,,,,False,in_value,True
2015-07-01,2071.75,2074.50,2067.75,open_drive,up,,2072.00,False,above_range,True,open_drive,up,,2072.00,False,above_range,True
2015-07-02,2074.75,2077.00,2071.00,open_auction_out,,va,2072.75,False,above_range,True,open_auction_out,,va,2072.75,False,above_range,True
2015-07-06,2051.75,2062.50,2049.25,open_auction_out,,range,2061.50,False,below_range,True,open_rejection_reverse,up,va,2061.50,False,below_range,True
2015-07-07,2063.50,2064.00,2044.75,open_auction_in,,,,False,in_value,True,open_auction_in,,,,False,in_value,True
2015-07-08,2058.25,2061.75,2048.50,open_auction_in,,,,False,in_value,True,open_auction_in,,,,False,in_value,True
2015-07-09,2064.75,2068.00,2053.75,open_rejection_reverse,down,va,2054.25,False,above_range,True,open_rejection_reverse,down,va,2054.25,False,above_value,True
2015-07-10,2068.00,2070.00,2062.50,open_auction_out,,a_extreme,2064.50,False,above_value,True,open_auction_out,,a_extreme,2064.50,False,above_value,True
2015-07-13,2084.75,2091.25,2084.00,open_drive,up,,2088.50,False,above_range,True,open_drive,up,,2088.50,False,above_range,True
2015-07-14,2092.00,2098.50,2091.50,open_auction_in,,,,False,in_value,False,open_auction_in,,,,False,in_value,False
2015-07-15,2102.25,2105.50,2099.75,open_auction_in,,,,False,in_value,True,open_auction_in,,,,False,in_value,True
2015-07-16,2113.50,2115.00,2110.75,open_drive,up,,2113.25,False,above_range,True,open_drive,up,,2113.25,False,above_range,True
2015-07-17,2117.75,2118.00,2112.75,open_rejection_reverse,down,va,2114.25,False,above_value,True,open_rejection_reverse,down,va,2114.25,False,above_value,True
2015-07-20,2121.75,2122.00,2116.50,open_rejection_reverse,down,va,2118.25,True,above_range,False,open_rejection_reverse,down,va,2118.25,True,above_range,False
2015-07-21,2118.50,2121.75,2117.75,open_auction_in,,,,False,in_value,True,open_auction_in,,,,False,in_value,True
2015-07-22,2103.50,2112.00,2103.25,open_rejection_reverse,up,va,2109.25,False,below_range,False,open_rejection_reverse,up,va,2109.25,False,below_range,False
2015-07-23,2109.50,2110.50,2104.25,open_auction_out,,va,2109.25,False,above_value,True,open_auction_out,,va,2109.25,False,above_value,True
2015-07-24,2097.00,2097.75,2088.50,open_auction_in,,,,False,in_value,True,open_auction_in,,,,False,in_value,True
2015-07-27,2063.50,2065.25,2056.50,open_auction_out,,a_blurred,2063.00,False,below_range,True,open_auction_out,,a_blurred,2063.00,False,below_range,True
2015-07-28,2071.75,2072.25,2061.50,open_rejection_reverse,down,va,2062.50,True,above_range,False,open_rejection_reverse,down,va,2062.50,True,above_range,False
2015-07-29,2088.50,2092.75,2086.75,open_auction_in,,,,False,in_value,True,open_auction_in,,,,False,in_value,True
2015-07-30,2095.00,2098.50,2087.75,open_auction_in,,,,False,in_value,True,open_auction_in,,,,False,in_value,True
2015-07-31,2108.25,2108.50,2098.75,open_rejection_reverse,down,va,2104.00,False,above_range,True,open_rejection_reverse,down,va,2104.00,False,above_range,True
2015-08-03,2098.25,2099.00,2090.50,open_auction_in,,,,False,in_value,True,open_auction_in,,,,False,in_value,True
2015-08-04,2090.75,2096.25,2088.00,open_auction_in,,,,False,in_value,True,open_auction_in,,,,False,in_value,True
2015-08-05,2098.25,2106.50,2098.00,open_drive,up,,2106.00,True,above_range,True,open_drive,up,,2106.00,True,above_value,False
2015-08-06,2096.75,2098.00,2084.00,open_auction_in,,,,False,in_value,False,open_auction_in,,,,False,in_value,False
2015-08-07,2075.25,2076.75,2067.25,open_auction_in,,,,False,in_value,True,open_auction_in,,,,False,in_value,True
2015-08-10,2086.25,2095.25,2086.00,open_drive,up,,2093.75,True,above_range,True,open_drive,up,,2093.75,True,above_range,True
2015-08-11,2083.25,2088.25,2080.75,open_test_drive,down,range,2085.50,True,below_range,True,open_test_drive,down,range,2085.50,True,below_range,True
2015-08-12,2064.25,2065.25,2046.50,open_drive,down,,2051.50,False,below_range,True,open_drive,down,,2051.50,False,below_range,True
2015-08-13,2081.00,2083.75,2073.25,open_auction_out,,a_extreme,2077.50,False,above_value,True,open_auction_out,,a_extreme,2077.50,False,above_value,True
2015-08-14,2077.75,2084.50,2076.50,open_auction_in,,,,False,in_value,True,open_auction_in,,,,False,in_value,True
2015-08-17,2080.50,2087.75,2074.75,open_auction_in,,,,False,in_value,True,open_auction_in,,,,False,in_value,True
2015-08-18,2096.25,2099.50,2092.75,open_auction_in,,,,False,in_value,True,open_auction_in,,,,False,in_value,True
2015-08-19,2084.25,2084.50,2074.75,open_drive,down,,2079.75,True,below_range,True,open_drive,down,,2079.75,True,below_value,True
2015-08-20,2058.25,2065.00,2047.75,open_drive,down,,2049.25,False,below_range,True,open_drive,down,,2049.25,False,below_range,True
2015-08-21,2010.75,2022.25,2007.50,open_auction_out,,a_blurred,2012.25,True,below_range,True,open_auction_out,,a_blurred,2012.25,True,below_range,True
2015-08-24,1868.75,1928.50,1831.00,open_auction_out,,a_blurred,1914.00,False,below_range,True,open_auction_out,,a_blurred,1914.00,False,below_range,True
2015-08-25,1946.75,1947.25,1923.00,open_rejection_reverse,down,va,1927.00,False,above_value,True,open_rejection_reverse,down,va,1927.00,False,above_value,True
2015-08-26,1913.50,1917.75,1885.00,open_auction_in,,,,False,in_value,False,open_auction_in,,,,False,in_value,False
2015-08-27,1963.00,1969.25,1956.25,open_auction_out,,a_blurred,1964.25,True,above_range,True,open_auction_out,,a_blurred,1964.25,True,above_range,True
2015-08-28,1977.50,1985.50,1975.25,open_auction_in,,,,False,in_value,True,open_auction_in,,,,False,in_value,True
2015-08-31,1973.50,1977.75,1962.25,open_auction_out,,va,1972.75,False,below_value,True,open_auction_out,,va,1972.75,False,below_value,True
2015-09-01,1923.00,1939.50,1921.50,open_drive,down,,1933.75,False,below_range,True,open_drive,down,,1933.75,False,below_range,True
2015-09-02,1938.75,1939.00,1921.25,open_rejection_reverse,down,va,1922.00,False,above_value,False,open_rejection_reverse,down,va,1922.00,False,above_value,False
2015-09-03,1955.00,1968.75,1951.50,open_drive,up,,1967.50,True,above_range,True,open_drive,up,,1967.50,True,above_range,True
2015-09-04,1920.50,1930.25,1916.25,open_drive,down,,1927.00,False,below_range,True,open_drive,down,,1927.00,False,below_range,True
2015-09-08,1951.50,1959.25,1946.75,open_auction_out,,a_blurred,1950.25,False,above_range,True,open_auction_out,,a_blurred,1950.25,False,above_range,True
2015-09-09,1986.25,1987.50,1972.50,open_auction_out,,a_blurred,1975.25,False,above_range,True,open_auction_out,,a_blurred,1975.25,False,above_range,True
2015-09-10,1937.50,1946.75,1934.75,open_drive,down,,1940.75,False,below_value,True,open_drive,down,,1940.75,False,below_value,True
2015-09-11,1946.25,1947.25,1937.50,open_auction_in,,,,False,in_value,True,open_auction_in,,,,False,in_value,True
2015-09-14,1952.00,1952.50,1937.75,open_rejection_reverse,down,va,1942.50,False,above_range,False,open_rejection_reverse,down,va,1942.50,False,above_value,True
2015-09-15,1948.75,1953.75,1943.50,open_test_drive,up,va,1951.00,True,above_value,True,open_test_drive,up,va,1951.00,True,above_value,True
2015-09-16,1971.00,1974.25,1967.00,open_auction_in,,,,False,in_value,True,open_auction_in,,,,False,in_value,True
2015-09-17,1982.75,1986.75,1980.50,open_test_drive,up,va,1984.00,True,above_value,True,open_test_drive,up,va,1984.00,True,above_value,True
2015-09-18,1949.00,1965.50,1948.75,open_auction_out,,a_blurred,1961.75,False,below_range,True,open_auction_out,,a_blurred,1961.75,False,below_range,True
2015-09-21,1956.50,1962.75,1954.25,open_auction_in,,,,False,in_value,True,open_auction_in,,,,False,in_value,True
2015-09-22,1930.75,1936.75,1927.25,open_auction_out,,a_blurred,1929.00,True,below_range,True,open_auction_out,,a_blurred,1929.00,True,below_range,True
2015-09-23,1933.25,1935.75,1926.00,open_test_drive,up,va,1934.25,True,above_value,True,open_test_drive,up,va,1934.25,True,above_value,True
2015-09-24,1913.25,1916.25,1901.00,open_drive,down,,1902.25,True,below_range,True,open_drive,down,,1902.25,True,below_range,True
2015-09-25,1938.75,1940.50,1930.75,open_auction_out,,a_blurred,1932.75,False,above_range,True,open_auction_out,,a_blurred,1932.75,False,above_range,True
2015-09-28,1910.50,1911.75,1892.75,open_drive,down,,1898.25,True,below_value,False,open_drive,down,,1898.25,True,below_value,False
2015-09-29,1874.75,1888.75,1865.75,open_auction_in,,,,False,in_value,True,open_auction_in,,,,False,in_value,True
2015-09-30,1896.00,1906.00,1894.50,open_drive,up,,1905.25,True,above_range,True,open_drive,up,,1905.25,True,above_value,True
2015-10-01,1913.00,1917.25,1898.25,open_auction_out,,va,1910.75,False,above_range,True,open_auction_out,,va,1910.75,False,above_range,True
2015-10-02,1889.75,1895.50,1883.00,open_auction_out,,va,1889.00,False,below_range,True,open_auction_out,,va,1889.00,False,below_value,True
2015-10-05,1957.00,1968.25,1955.25,open_drive,up,,1966.25,False,above_range,True,open_drive,up,,1966.25,False,above_range,True
2015-10-06,1975.50,1982.25,1970.00,open_auction_in,,,,False,in_value,True,open_auction_in,,,,False,in_value,True
2015-10-07,1981.50,1991.25,1980.50,open_drive,up,,1989.00,False,above_value,False,open_drive,up,,1989.00,False,above_value,False
2015-10-08,1982.50,1985.75,1978.75,open_auction_in,,,,False,in_value,True,open_auction_in,,,,False,in_value,True
2015-10-09,2007.00,2012.25,2002.50,open_auction_out,,a_extreme,2005.75,False,above_value,True,open_auction_out,,a_extreme,2005.75,False,above_value,True
2015-10-12,2007.00,2008.75,2002.25,open_auction_in,,,,False,in_value,True,open_auction_in,,,,False,in_value,True
2015-10-13,1999.50,2009.75,1998.00,open_rejection_reverse,up,va,2009.25,False,below_range,False,open_rejection_reverse,up,va,2009.25,False,below_value,False
2015-10-14,1995.00,2001.75,1990.50,open_test_drive,down,va,1992.25,True,below_value,True,open_test_drive,down,va,1992.25,True,below_value,True
2015-10-15,1994.25,1998.00,1991.25,open_auction_in,,,,False,in_value,True,open_auction_in,,,,False,in_value,True
2015-10-16,2021.75,2023.75,2015.25,open_auction_out,,range,2017.00,False,above_range,True,open_auction_out,,range,2017.00,False,above_range,True
2015-10-19,2018.25,2024.00,2014.25,open_auction_in,,,,False,in_value,True,open_auction_in,,,,False,in_value,True
2015-10-20,2021.75,2028.75,2019.50,open_auction_in,,,,False,in_value,True,open_auction_in,,,,False,in_value,False
2015-10-21,2029.75,2031.25,2019.50,open_auction_in,,,,False,in_value,True,open_auction_in,,,,False,in_value,True
2015-10-22,2023.25,2036.50,2021.50,open_auction_in,,,,False,in_value,False,open_auction_in,,,,False,in_value,False
2015-10-23,2066.25,2071.50,2062.25,open_drive,up,,2063.50,False,above_range,True,open_drive,up,,2063.50,False,above_range,True
2015-10-26,2066.75,2067.25,2059.50,open_auction_in,,,,False,in_value,True,open_auction_in,,,,False,in_value,True
2015-10-27,2055.50,2061.00,2053.75,open_auction_out,,va,2055.50,False,below_range,True,open_auction_out,,va,2055.50,False,below_range,True
2015-10-28,2063.50,2069.00,2060.25,open_test_drive,up,va,2066.75,True,above_value,False,open_test_drive,up,va,2066.75,True,above_value,False
2015-10-29,2077.00,2084.50,2076.50,open_auction_in,,,,False,in_value,True,open_auction_in,,,,False,in_value,True
2015-10-30,2084.25,2086.00,2077.50,open_auction_in,,,,False,in_value,True,open_auction_in,,,,False,in_value,True
2015-11-02,2077.00,2086.75,2075.25,open_auction_in,,,,False,in_value,True,open_auction_in,,,,False,in_value,True
2015-11-03,2093.50,2097.50,2090.50,open_auction_in,,,,False,in_value,True,open_auction_in,,,,False,in_value,True
2015-11-04,2107.00,2108.50,2096.75,open_auction_in,,,,False,in_value,True,open_auction_in,,,,False,in_value,True
2015-11-05,2097.25,2103.25,2088.50,open_auction_in,,,,False,in_value,True,open_auction_in,,,,False,in_value,True
2015-11-06,2090.50,2096.25,2077.50,open_auction_in,,,,False,in_value,False,open_auction_out,,va,2083.00,False,below_value,True
2015-11-09,2086.00,2088.00,2072.00,open_auction_in,,,,False,in_value,False,open_auction_in,,,,False,in_value,False
2015-11-10,2067.75,2075.00,2064.50,open_auction_in,,,,False,in_value,True,open_auction_in,,,,False,in_value,True
2015-11-11,2081.75,2081.75,2072.75,open_rejection_reverse,down,va,2074.00,False,above_range,False,open_rejection_reverse,down,va,2074.00,False,above_value,True
2015-11-12,2057.75,2060.00,2053.50,open_drive,down,,2055.75,True,below_range,True,open_drive,down,,2055.75,True,below_range,True
2015-11-13,2036.25,2039.50,2022.75,open_drive,down,,2024.75,True,below_range,True,open_drive,down,,2024.75,True,below_range,True
2015-11-16,2016.00,2030.25,2014.50,open_rejection_reverse,up,va,2026.00,False,below_range,False,open_rejection_reverse,up,va,2026.00,False,below_range,False
2015-11-17,2052.75,2053.25,2045.50,open_test_drive,up,range,2051.50,True,above_range,True,open_test_drive,up,range,2051.50,True,above_range,True
2015-11-18,2053.50,2060.50,2052.75,open_auction_in,,,,False,in_value,True,open_auction_in,,,,False,in_value,True
2015-11-19,2079.00,2083.75,2077.00,open_drive,up,,2079.00,False,above_value,True,open_drive,up,,2079.00,False,above_value,True
2015-11-20,2087.75,2094.50,2086.25,open_drive,up,,2091.50,False,above_range,True,open_drive,up,,2091.50,False,above_range,True
2015-11-23,2087.00,2093.00,2084.50,open_auction_in,,,,False,in_value,True,open_auction_in,,,,False,in_value,True
2015-11-24,2071.50,2078.50,2071.00,open_test_drive,down,range,2072.25,True,below_range,True,open_test_drive,down,range,2072.25,True,below_range,True
2015-11-25,2088.00,2089.00,2083.25,open_auction_in,,,,False,in_value,True,open_auction_in,,,,False,in_value,True
2015-11-27,2087.50,2088.50,2081.50,open_auction_in,,,,False,in_value,True,open_auction_in,,,,False,in_value,True
2015-11-30,2090.25,2092.00,2083.25,open_auction_in,,,,False,in_value,True,open_auction_in,,,,False,in_value,True
2015-12-01,2087.75,2097.25,2084.25,open_auction_in,,,,False,in_value,True,open_auction_in,,,,False,in_value,True
2015-12-02,2099.50,2103.25,2097.50,open_auction_out,,va,2099.00,False,above_value,True,open_auction_out,,va,2099.00,False,above_value,True
2015-12-03,2081.50,2084.50,2065.25,open_auction_out,,va,2068.25,False,below_value,False,open_auction_out,,va,2068.25,False,below_value,False
2015-12-04,2053.75,2071.25,2052.00,open_auction_in,,,,False,in_value,True,open_auction_in,,,,False,in_value,True
2015-12-07,2085.00,2085.50,2074.00,open_auction_in,,,,False,in_value,True,open_auction_in,,,,False,in_value,True
2015-12-08,2057.50,2062.00,2051.25,open_drive,down,,2052.25,True,below_range,True,open_test_drive,down,va,2052.25,True,below_value,True
2015-12-09,2054.50,2075.00,2054.00,open_rejection_reverse,up,va,2070.50,False,below_value,False,open_auction_in,,,,False,in_value,True
2015-12-10,2047.00,2054.50,2043.75,open_auction_in,,,,False,in_value,True,open_auction_in,,,,False,in_value,True
2015-12-11,2026.00,2031.75,2019.75,open_auction_out,,a_blurred,2031.25,False,below_range,True,open_auction_out,,a_blurred,2031.25,False,below_range,True
2015-12-14,2004.50,2014.00,1992.00,open_test_drive,down,va,1993.00,True,below_value,True,open_test_drive,down,va,1993.00,True,below_value,True
2015-12-15,2031.00,2041.75,2029.50,open_drive,up,,2037.50,False,above_range,True,open_drive,up,,2037.50,False,above_range,True
2015-12-16,2048.25,2052.25,2043.50,open_auction_out,,va,2044.75,False,above_range,True,open_auction_out,,va,2044.75,False,above_range,True
2015-12-17,2068.50,2069.50,2050.25,open_rejection_reverse,down,va,2054.75,False,above_value,True,open_rejection_reverse,down,va,2054.75,False,above_value,True
2015-12-18,2021.75,2023.75,2010.50,open_drive,down,,2012.75,True,below_range,True,open_drive,down,,2012.75,True,below_range,True
2015-12-21,2010.00,2014.50,2005.75,open_auction_in,,,,False,in_value,True,open_auction_in,,,,False,in_value,True
2015-12-22,2022.75,2023.25,2010.50,open_auction_out,,va,2017.25,False,above_range,True,open_auction_out,,va,2017.25,False,above_value,True
2015-12-23,2043.00,2047.25,2041.75,open_drive,up,,2043.00,True,above_range,True,open_drive,up,,2043.00,True,above_range,True
2015-12-24,2053.75,2057.25,2050.75,open_auction_in,,,,False,in_value,True,open_auction_in,,,,False,in_value,True
2015-12-28,2045.00,2046.75,2037.75,open_drive,down,,2040.25,True,below_range,True,open_drive,down,,2040.25,True,below_value,True
2015-12-29,2061.00,2068.75,2060.75,open_drive,up,,2068.50,True,above_range,True,open_drive,up,,2068.50,True,above_range,True
2015-12-30,2067.25,2068.50,2062.00,open_auction_in,,,,False,in_value,True,open_auction_in,,,,False,in_value,True
2015-12-31,2047.00,2047.75,2040.50,open_drive,down,,2041.00,True,below_range,True,open_drive,down,,2041.00,True,below_range,True
2016-01-04,2000.00,2001.00,1988.50,open_drive,down,,1993.00,True,below_range,True,open_drive,down,,1993.00,True,below_range,True
2016-01-05,2009.00,2013.00,1999.25,open_auction_out,,range,1999.50,False,above_range,True,open_auction_out,,range,1999.50,False,above_range,True
2016-01-06,1978.00,1991.75,1977.00,open_auction_out,,a_blurred,1991.00,False,below_range,True,open_auction_out,,a_blurred,1991.00,False,below_range,True
2016-01-07,1948.50,1960.75,1945.00,open_drive,down,,1957.50,False,below_range,True,open_drive,down,,1957.50,False,below_range,True
2016-01-08,1946.75,1953.25,1935.50,open_auction_in,,,,False,in_value,True,open_auction_in,,,,False,in_value,True
2016-01-11,1924.75,1929.00,1912.25,open_test_drive,down,va,1917.50,True,below_value,True,open_test_drive,down,va,1917.50,True,below_value,True
2016-01-12,1932.75,1940.25,1923.50,open_auction_out,,range,1925.25,False,above_range,True,open_auction_out,,range,1925.25,False,above_range,True
2016-01-13,1939.00,1943.25,1929.00,open_auction_out,,va,1932.75,False,above_value,True,open_auction_out,,a_extreme,1932.75,False,above_value,True
2016-01-14,1890.00,1897.75,1871.00,open_auction_in,,,,False,in_value,True,open_auction_in,,,,False,in_value,True
2016-01-15,1861.75,1881.00,1860.25,open_auction_out,,range,1875.25,False,below_range,True,open_auction_out,,range,1875.25,False,below_range,True
2016-01-19,1894.00,1895.50,1878.00,open_auction_out,,va,1892.75,False,above_range,True,open_auction_out,,va,1892.75,False,above_range,True
2016-01-20,1844.75,1852.50,1830.00,open_drive,down,,1832.75,True,below_range,True,open_drive,down,,1832.75,True,below_range,True
2016-01-21,1856.25,1868.00,1840.75,open_test_drive,up,va,1865.00,True,above_value,True,open_test_drive,up,va,1865.00,True,above_value,True
2016-01-22,1892.25,1900.25,1887.00,open_drive,up,,1896.50,False,above_range,True,open_drive,up,,1896.50,False,above_range,True
2016-01-25,1893.75,1895.75,1886.75,open_auction_in,,,,False,in_value,True,open_auction_in,,,,False,in_value,True
2016-01-26,1878.75,1892.25,1874.50,open_rejection_reverse,up,va,1889.00,False,below_value,True,open_rejection_reverse,up,va,1889.00,False,below_value,True
2016-01-27,1890.25,1894.25,1879.75,open_auction_in,,,,False,in_value,True,open_auction_in,,,,False,in_value,True
2016-01-28,1893.75,1896.25,1871.50,open_auction_in,,,,False,in_value,True,open_auction_in,,,,False,in_value,True
2016-01-29,1894.50,1911.50,1893.25,open_drive,up,,1905.50,False,above_value,False,open_auction_in,,,,False,in_value,False
2016-02-01,1919.25,1923.00,1912.50,open_auction_in,,,,False,in_value,True,open_auction_in,,,,False,in_value,True
2016-02-02,1913.50,1914.00,1901.25,open_drive,down,,1904.75,False,below_value,False,open_auction_in,,,,False,in_value,False
2016-02-03,1908.50,1909.00,1871.75,open_rejection_reverse,down,va,1872.50,False,above_value,False,open_rejection_reverse,down,va,1872.50,False,above_value,False
2016-02-04,1901.50,1917.75,1893.75,open_test_drive,up,va,1916.25,True,above_value,True,open_test_drive,up,va,1916.25,True,above_value,True
2016-02-05,1904.00,1905.25,1884.75,open_auction_in,,,,False,in_value,True,open_auction_in,,,,False,in_value,True
2016-02-08,1851.50,1852.50,1833.25,open_drive,down,,1835.25,True,below_range,True,open_drive,down,,1835.25,True,below_range,True
2016-02-09,1827.25,1856.75,1825.75,open_auction_in,,,,False,in_value,False,open_auction_in,,,,False,in_value,False
2016-02-10,1858.25,1870.75,1855.00,open_drive,up,,1868.00,True,above_value,True,open_drive,up,,1868.00,True,above_value,True
2016-02-11,1817.25,1833.50,1815.50,open_drive,down,,1821.00,True,below_range,True,open_drive,down,,1821.00,True,below_range,True
2016-02-12,1843.50,1845.75,1833.50,open_test_drive,up,range,1842.25,True,above_range,True,open_test_drive,up,range,1842.25,True,above_range,True
2016-02-16,1882.25,1884.50,1872.50,open_auction_out,,a_blurred,1875.50,False,above_range,True,open_auction_out,,a_blurred,1875.50,False,above_range,True
2016-02-17,1906.00,1918.25,1904.00,open_drive,up,,1918.25,True,above_range,True,open_drive,up,,1918.25,True,above_range,True
2016-02-18,1926.00,1927.00,1918.00,open_auction_in,,,,False,in_value,True,open_auction_in,,,,False,in_value,True
2016-02-19,1906.00,1910.75,1898.50,open_auction_out,,a_blurred,1907.50,False,below_range,True,open_auction_out,,a_extreme,1907.50,False,below_value,True
2016-02-22,1932.75,1943.00,1932.00,open_drive,up,,1939.75,False,above_range,True,open_drive,up,,1939.75,False,above_range,True
2016-02-23,1934.25,1937.25,1925.75,open_drive,down,,1928.75,True,below_value,True,open_drive,down,,1928.75,True,below_value,True
2016-02-24,1900.25,1900.50,1888.00,open_drive,down,,1890.25,True,below_range,True,open_drive,down,,1890.25,True,below_range,True
2016-02-25,1931.50,1936.75,1922.00,open_auction_out,,range,1930.25,False,above_range,True,open_auction_out,,range,1930.25,False,above_range,True
2016-02-26,1959.75,1961.00,1949.25,open_auction_out,,range,1951.00,False,above_range,True,open_auction_out,,range,1951.00,False,above_range,True
2016-02-29,1944.75,1947.75,1941.00,open_auction_out,,va,1943.50,False,below_value,True,open_auction_out,,va,1943.50,False,below_value,True
2016-03-01,1943.75,1953.50,1938.25,open_auction_in,,,,False,in_value,True,open_rejection_reverse,up,va,1952.75,False,below_value,True
2016-03-02,1971.00,1976.50,1968.25,open_auction_in,,,,False,in_value,True,open_auction_in,,,,False,in_value,True
2016-03-03,1981.75,1982.25,1974.75,open_rejection_reverse,down,va,1979.50,True,above_value,True,open_auction_in,,,,False,in_value,True
2016-03-04,1994.25,1995.25,1984.00,open_test_drive,up,va,1990.25,True,above_range,True,open_test_drive,up,range,1990.25,True,above_range,True
2016-03-07,1987.25,1994.75,1986.00,open_rejection_reverse,up,va,1991.50,False,below_value,True,open_rejection_reverse,up,va,1991.50,False,below_value,True
2016-03-08,1986.75,1988.25,1979.75,open_drive,down,,1980.00,True,below_value,True,open_drive,down,,1980.00,True,below_value,True
2016-03-09,1987.50,1988.50,1981.75,open_auction_in,,,,False,in_value,True,open_auction_in,,,,False,in_value,True
2016-03-10,1993.25,2004.75,1989.75,open_auction_out,,va,1996.50,False,above_range,True,open_auction_out,,va,1996.50,False,above_range,True
2016-03-11,2006.75,2010.75,2005.25,open_drive,up,,2009.00,True,above_range,True,open_drive,up,,2009.00,True,above_range,True
2016-03-14,2006.25,2008.75,2002.00,open_auction_in,,,,False,in_value,True,open_auction_in,,,,False,in_value,True
2016-03-15,1998.00,2001.25,1995.00,open_auction_out,,a_blurred,2001.25,False,below_range,True,open_auction_out,,a_extreme,2001.25,False,below_value,True
2016-03-16,2000.25,2008.75,2000.25,open_auction_in,,,,False,in_value,True,open_auction_in,,,,False,in_value,True
2016-03-17,2016.75,2019.25,2012.00,open_auction_in,,,,False,in_value,True,open_auction_in,,,,False,in_value,True
2016-03-18,2036.75,2040.75,2034.25,open_test_drive,up,va,2037.00,True,above_value,True,open_test_drive,up,va,2037.00,True,above_value,True
2016-03-21,2035.75,2041.50,2034.25,open_auction_in,,,,False,in_value,True,open_auction_in,,,,False,in_value,True
2016-03-22,2032.25,2039.50,2030.50,open_rejection_reverse,up,va,2038.75,False,below_range,False,open_rejection_reverse,up,va,2038.75,False,below_range,False
2016-03-23,2036.50,2037.25,2031.75,open_drive,down,,2035.50,True,below_value,True,open_auction_in,,,,False,in_value,True
2016-03-24,2014.75,2018.25,2012.25,open_drive,down,,2015.00,False,below_range,True,open_drive,down,,2015.00,False,below_range,True
2016-03-28,2031.25,2032.50,2025.25,open_auction_out,,range,2028.25,False,above_range,True,open_auction_out,,range,2028.25,False,above_range,True
2016-03-29,2023.00,2026.75,2019.25,open_rejection_reverse,up,va,2024.25,False,below_value,True,open_rejection_reverse,up,va,2024.25,False,below_value,True
2016-03-30,2058.25,2063.25,2056.00,open_drive,up,,2059.25,True,above_range,True,open_drive,up,,2059.25,True,above_range,True
2016-03-31,2054.50,2059.25,2054.25,open_auction_in,,,,False,in_value,True,open_auction_in,,,,False,in_value,True
2016-04-01,2039.00,2049.25,2035.25,open_auction_out,,va,2047.00,False,below_range,True,open_auction_out,,range,2047.00,False,below_range,True
2016-04-04,2064.25,2066.50,2061.00,open_auction_in,,,,False,in_value,True,open_drive,up,,2064.00,False,above_value,True
2016-04-05,2042.00,2048.00,2036.75,open_auction_out,,a_blurred,2046.00,False,below_range,True,open_auction_out,,a_extreme,2046.00,False,below_value,True
2016-04-06,2038.25,2041.75,2035.00,open_auction_in,,,,False,in_value,True,open_auction_in,,,,False,in_value,True
2016-04-07,2047.00,2051.00,2040.25,open_auction_in,,,,False,in_value,True,open_auction_in,,,,False,in_value,True
2016-04-08,2049.00,2054.25,2046.00,open_auction_out,,va,2051.25,False,above_value,True,open_auction_out,,va,2051.25,False,above_value,True
2016-04-11,2048.25,2056.50,2047.00,open_auction_in,,,,False,in_value,False,open_auction_in,,,,False,in_value,False
2016-04-12,2037.75,2043.50,2032.50,open_auction_out,,va,2034.25,False,below_value,True,open_auction_in,,,,False,in_value,True
2016-04-13,2065.75,2070.50,2065.00,open_drive,up,,2069.00,False,above_range,True,open_drive,up,,2069.00,False,above_range,True
2016-04-14,2076.50,2077.50,2071.75,open_rejection_reverse,down,va,2075.75,True,above_value,True,open_rejection_reverse,down,va,2075.75,True,above_value,True
2016-04-15,2076.00,2077.00,2071.25,open_auction_in,,,,False,in_value,True,open_auction_in,,,,False,in_value,True
2016-04-18,2066.75,2081.25,2065.25,open_rejection_reverse,up,va,2081.00,False,below_range,False,open_rejection_reverse,up,va,2081.00,False,below_range,False
2016-04-19,2093.00,2097.75,2090.50,open_drive,up,,2095.25,False,above_range,True,open_drive,up,,2095.25,False,above_range,True
2016-04-20,2095.50,2096.50,2092.50,open_auction_in,,,,False,in_value,True,open_auction_in,,,,False,in_value,True
2016-04-21,2097.00,2098.50,2089.25,open_auction_in,,,,False,in_value,True,open_auction_in,,,,False,in_value,True
2016-04-22,2081.50,2089.00,2080.75,open_test_drive,down,va,2082.50,True,below_range,True,open_test_drive,down,va,2082.50,True,below_range,True
2016-04-25,2078.50,2081.50,2072.50,open_auction_in,,,,False,in_value,True,open_auction_in,,,,False,in_value,True
2016-04-26,2086.50,2091.25,2083.00,open_auction_out,,a_blurred,2083.25,False,above_range,True,open_auction_out,,a_extreme,2083.25,False,above_value,True
2016-04-27,2080.75,2086.75,2080.25,open_auction_in,,,,False,in_value,True,open_auction_in,,,,False,in_value,True
2016-04-28,2080.25,2089.25,2077.25,open_auction_in,,,,False,in_value,True,open_auction_in,,,,False,in_value,True
2016-04-29,2062.75,2067.00,2053.50,open_drive,down,,2059.25,True,below_range,True,open_drive,down,,2059.25,True,below_range,True
2016-05-02,2065.00,2068.75,2059.50,open_test_drive,up,va,2067.00,True,above_value,True,open_test_drive,up,va,2067.00,True,above_value,True
2016-05-03,2060.50,2061.75,2050.25,open_drive,down,,2054.75,True,below_value,False,open_drive,down,,2054.75,True,below_value,False
2016-05-04,2045.00,2053.50,2042.00,open_test_drive,down,va,2049.75,True,below_range,True,open_test_drive,down,va,2049.75,True,below_range,True
2016-05-05,2050.75,2055.00,2047.50,open_rejection_reverse,down,va,2048.50,False,above_value,True,open_rejection_reverse,down,va,2048.50,False,above_value,True
2016-05-06,2035.50,2046.75,2034.75,open_test_drive,down,va,2039.75,True,below_range,True,open_test_drive,down,va,2039.75,True,below_range,True
2016-05-09,2050.50,2058.75,2049.50,open_auction_out,,va,2051.75,False,above_value,True,open_auction_in,,,,False,in_value,True
2016-05-10,2062.25,2069.50,2061.25,open_drive,up,,2068.00,True,above_range,True,open_drive,up,,2068.00,True,above_range,True
2016-05-11,2074.25,2076.00,2070.50,open_auction_in,,,,False,in_value,True,open_auction_in,,,,False,in_value,True
2016-05-12,2067.75,2069.75,2059.00,open_auction_in,,,,False,in_value,True,open_auction_in,,,,False,in_value,True
2016-05-13,2057.00,2063.50,2052.75,open_auction_in,,,,False,in_value,True,open_auction_in,,,,False,in_value,True
2016-05-16,2044.25,2053.00,2043.50,open_auction_in,,,,False,in_value,True,open_auction_in,,,,False,in_value,True
2016-05-17,2059.50,2062.75,2052.25,open_auction_in,,,,False,in_value,True,open_auction_in,,,,False,in_value,True
2016-05-18,2039.25,2052.00,2036.25,open_rejection_reverse,up,va,2051.25,False,below_value,True,open_rejection_reverse,up,va,2051.25,False,below_value,True
2016-05-19,2035.00,2039.75,2023.75,open_auction_in,,,,False,in_value,False,open_auction_in,,,,False,in_value,False
2016-05-20,2043.50,2054.00,2042.75,open_drive,up,,2049.50,True,above_range,True,open_drive,up,,2049.50,True,above_range,True
2016-05-23,2049.50,2052.75,2046.25,open_auction_in,,,,False,in_value,True,open_auction_in,,,,False,in_value,True
2016-05-24,2056.50,2069.25,2056.00,open_drive,up,,2068.50,True,above_range,True,open_drive,up,,2068.50,True,above_range,True
2016-05-25,2081.50,2092.00,2080.75,open_drive,up,,2090.25,False,above_range,True,open_drive,up,,2090.25,False,above_range,True
2016-05-26,2089.25,2091.75,2084.75,open_auction_in,,,,False,in_value,True,open_auction_in,,,,False,in_value,True
2016-05-27,2089.75,2094.00,2089.25,open_auction_in,,,,False,in_value,False,open_auction_in,,,,False,in_value,False
2016-05-31,2100.00,2101.50,2097.50,open_drive,up,,2100.25,False,above_range,True,open_drive,up,,2100.25,False,above_range,True
2016-06-01,2085.75,2091.25,2083.25,open_rejection_reverse,up,va,2088.00,False,below_range,True,open_rejection_reverse,up,va,2088.00,False,below_range,True
2016-06-02,2092.25,2093.50,2086.75,open_auction_in,,,,False,in_value,True,open_auction_in,,,,False,in_value,True
2016-06-03,2097.00,2098.00,2082.75,open_auction_in,,,,False,in_value,False,open_auction_in,,,,False,in_value,True
2016-06-06,2101.25,2108.25,2100.00,open_drive,up,,2106.00,True,above_value,False,open_drive,up,,2106.00,True,above_value,False
2016-06-07,2109.75,2114.25,2109.25,open_auction_in,,,,False,in_value,True,open_auction_in,,,,False,in_value,True
2016-06-08,2112.75,2118.75,2112.00,open_auction_in,,,,False,in_value,True,open_auction_in,,,,False,in_value,True
2016-06-09,2109.50,2112.50,2107.50,open_test_drive,down,va,2108.25,True,below_range,True,open_drive,down,,2108.25,True,below_value,True
2016-06-10,2099.00,2101.50,2095.25,open_auction_out,,a_blurred,2100.50,False,below_range,True,open_auction_out,,a_blurred,2100.50,False,below_range,True
2016-06-13,2079.00,2087.75,2078.75,open_rejection_reverse,up,va,2086.75,False,below_range,False,open_rejection_reverse,up,va,2086.75,False,below_range,False
2016-06-14,2065.25,2072.75,2060.50,open_test_drive,down,range,2062.50,True,below_range,True,open_test_drive,down,range,2062.50,True,below_range,True
2016-06-15,2071.25,2075.50,2069.00,open_drive,up,,2072.00,False,above_value,True,open_drive,up,,2072.00,False,above_value,True
2016-06-16,2053.00,2054.00,2042.25,open_drive,down,,2045.50,True,below_range,True,open_drive,down,,2045.50,True,below_range,True
2016-06-17,2068.00,2068.25,2060.25,open_rejection_reverse,down,va,2060.50,False,above_value,True,open_rejection_reverse,down,va,2060.50,False,above_value,True
2016-06-20,2084.50,2092.50,2084.25,open_drive,up,,2089.50,False,above_range,True,open_drive,up,,2089.50,False,above_range,True
2016-06-21,2079.25,2080.75,2074.00,open_auction_out,,va,2077.50,False,below_value,True,open_auction_out,,va,2077.50,False,below_value,True
2016-06-22,2082.50,2087.00,2081.75,open_auction_in,,,,False,in_value,True,open_auction_in,,,,False,in_value,True
2016-06-23,2094.50,2096.00,2089.00,open_test_drive,up,range,2093.25,True,above_range,True,open_test_drive,up,range,2093.25,True,above_range,True
2016-06-24,2031.50,2064.75,2029.00,open_auction_out,,a_blurred,2055.00,False,below_range,True,open_auction_out,,a_blurred,2055.00,False,below_range,True
2016-06-27,2010.75,2010.75,1988.50,open_drive,down,,1989.75,True,below_range,True,open_drive,down,,1989.75,True,below_range,True
2016-06-28,2009.75,2018.25,2008.25,open_drive,up,,2012.50,False,above_value,False,open_drive,up,,2012.50,False,above_value,False
2016-06-29,2043.75,2051.25,2042.25,open_drive,up,,2050.25,True,above_range,True,open_drive,up,,2050.25,True,above_range,True
2016-06-30,2067.75,2069.00,2061.00,open_rejection_reverse,down,va,2063.00,True,above_range,True,open_rejection_reverse,down,va,2063.00,True,above_range,True
2016-07-01,2089.25,2100.00,2089.00,open_auction_in,,,,False,in_value,False,open_auction_in,,,,False,in_value,False
2016-07-05,2085.25,2086.50,2076.75,open_drive,down,,2080.75,True,below_range,True,open_drive,down,,2080.75,True,below_range,True
2016-07-06,2073.75,2078.50,2067.00,open_auction_in,,,,False,in_value,True,open_auction_in,,,,False,in_value,True
2016-07-07,2094.25,2102.00,2094.00,open_drive,up,,2100.50,False,above_range,True,open_drive,up,,2100.50,False,above_range,True
2016-07-08,2106.25,2113.75,2103.50,open_drive,up,,2111.75,True,above_range,True,open_drive,up,,2111.75,True,above_range,True
2016-07-11,2127.50,2132.50,2125.25,open_test_drive,up,range,2127.25,True,above_range,True,open_test_drive,up,range,2127.25,True,above_range,True
2016-07-12,2141.25,2145.25,2138.25,open_auction_out,,a_blurred,2140.50,False,above_range,True,open_auction_out,,a_blurred,2140.50,False,above_range,True
2016-07-13,2150.75,2150.75,2143.50,open_rejection_reverse,down,va,2145.25,False,above_range,False,open_rejection_reverse,down,va,2145.25,False,above_range,False
2016-07-14,2160.25,2163.00,2155.50,open_drive,up,,2160.25,False,above_range,True,open_drive,up,,2160.25,False,above_range,True
2016-07-15,2163.75,2164.25,2156.75,open_rejection_reverse,down,va,2159.25,False,above_range,False,open_rejection_reverse,down,va,2159.25,False,above_range,False
2016-07-18,2156.00,2159.75,2152.75,open_auction_in,,,,False,in_value,True,open_auction_in,,,,False,in_value,True
2016-07-19,2155.25,2158.00,2153.25,open_rejection_reverse,up,va,2156.50,False,below_value,True,open_auction_in,,,,False,in_value,True
2016-07-20,2163.50,2165.25,2158.50,open_test_drive,up,va,2164.25,True,above_range,True,open_test_drive,up,va,2164.25,True,above_value,True
2016-07-21,2165.75,2168.50,2164.00,open_auction_in,,,,False,in_value,True,open_auction_in,,,,False,in_value,True
2016-07-22,2160.25,2161.00,2157.00,open_auction_in,,,,False,in_value,True,open_auction_in,,,,False,in_value,True
2016-07-25,2166.00,2167.00,2158.00,open_auction_in,,,,False,in_value,True,open_auction_in,,,,False,in_value,True
2016-07-26,2161.75,2168.00,2161.50,open_auction_in,,,,False,in_value,False,open_auction_in,,,,False,in_value,False
2016-07-27,2168.25,2169.25,2162.25,open_rejection_reverse,down,va,2163.50,False,above_range,False,open_rejection_reverse,down,va,2163.50,False,above_value,True
2016-07-28,2159.25,2162.75,2154.00,open_auction_in,,,,False,in_value,True,open_auction_in,,,,False,in_value,True
2016-07-29,2161.00,2165.00,2157.50,open_auction_in,,,,False,in_value,True,open_auction_in,,,,False,in_value,True
2016-08-01,2168.00,2169.50,2162.25,open_auction_in,,,,False,in_value,True,open_auction_in,,,,False,in_value,True
2016-08-02,2162.25,2164.00,2150.00,open_auction_in,,,,False,in_value,False,open_auction_in,,,,False,in_value,False
2016-08-03,2150.75,2155.00,2147.00,open_auction_in,,,,False,in_value,True,open_auction_in,,,,False,in_value,True
2016-08-04,2158.75,2162.00,2154.00,open_auction_out,,va,2156.75,False,above_range,False,open_rejection_reverse,down,va,2156.75,False,above_value,False
2016-08-05,2168.00,2175.75,2166.50,open_drive,up,,2174.00,True,above_range,True,open_drive,up,,2174.00,True,above_range,True
2016-08-08,2180.25,2181.25,2175.00,open_rejection_reverse,down,va,2175.75,False,above_range,True,open_rejection_reverse,down,va,2175.75,False,above_range,True
2016-08-09,2177.25,2182.50,2176.00,open_auction_in,,,,False,in_value,True,open_auction_in,,,,False,in_value,True
2016-08-10,2179.00,2180.00,2174.75,open_auction_in,,,,False,in_value,True,open_auction_in,,,,False,in_value,True
2016-08-11,2178.25,2180.75,2175.25,open_rejection_reverse,down,va,2177.75,True,above_value,True,open_rejection_reverse,down,va,2177.75,True,above_value,True
2016-08-12,2178.75,2181.25,2176.75,open_auction_in,,,,False,in_value,True,open_auction_in,,,,False,in_value,True
2016-08-15,2184.75,2189.25,2184.50,open_drive,up,,2188.75,True,above_range,True,open_drive,up,,2188.75,True,above_value,False
2016-08-16,2181.50,2182.50,2177.00,open_drive,down,,2179.75,False,below_range,True,open_drive,down,,2179.75,False,below_range,True
2016-08-17,2175.75,2176.50,2168.50,open_drive,down,,2169.50,True,below_value,False,open_drive,down,,2169.50,True,below_value,False
2016-08-18,2178.75,2181.75,2177.75,open_test_drive,up,va,2180.75,True,above_value,True,open_test_drive,up,va,2180.75,True,above_value,True
2016-08-19,2178.75,2179.50,2172.50,open_auction_out,,a_extreme,2179.25,False,below_value,True,open_auction_out,,a_extreme,2179.25,False,below_value,True
2016-08-22,2178.00,2182.50,2173.50,open_auction_in,,,,False,in_value,True,open_auction_in,,,,False,in_value,True
2016-08-23,2187.75,2191.50,2187.75,open_drive,up,,2190.25,False,above_range,True,open_drive,up,,2190.25,False,above_range,True
2016-08-24,2183.75,2184.75,2180.75,open_drive,down,,2182.00,True,below_range,True,open_drive,down,,2182.00,True,below_range,True
2016-08-25,2169.25,2174.75,2167.75,open_auction_out,,a_extreme,2173.50,False,below_value,True,open_auction_out,,a_extreme,2173.50,False,below_value,True
2016-08-26,2174.75,2186.75,2170.25,open_auction_in,,,,False,in_value,True,open_auction_in,,,,False,in_value,True
2016-08-29,2169.75,2178.00,2169.25,open_auction_in,,,,False,in_value,True,open_auction_in,,,,False,in_value,True
2016-08-30,2178.00,2181.50,2173.00,open_auction_in,,,,False,in_value,True,open_auction_in,,,,False,in_value,True
2016-08-31,2171.75,2172.75,2169.00,open_auction_in,,,,False,in_value,True,open_auction_in,,,,False,in_value,True
2016-09-01,2168.25,2172.25,2160.25,open_auction_in,,,,False,in_value,True,open_auction_in,,,,False,in_value,True
2016-09-02,2178.75,2183.75,2177.50,open_drive,up,,2180.50,False,above_range,True,open_drive,up,,2180.50,False,above_range,True
2016-09-06,2181.75,2182.75,2173.00,open_auction_in,,,,False,in_value,True,open_auction_in,,,,False,in_value,True
2016-09-07,2183.00,2186.50,2181.50,open_auction_in,,,,False,in_value,True,open_test_drive,up,va,2186.25,True,above_value,True
2016-09-08,2180.50,2181.25,2175.75,open_auction_in,,,,False,in_value,True,open_auction_in,,,,False,in_value,True
2016-09-09,2164.00,2164.50,2155.75,open_drive,down,,2157.75,True,below_range,True,open_drive,down,,2157.75,True,below_range,True
2016-09-12,2111.25,2129.00,2110.50,open_rejection_reverse,up,va,2128.75,False,below_range,False,open_rejection_reverse,up,va,2128.75,False,below_range,False
2016-09-13,2135.75,2139.00,2123.75,open_auction_in,,,,False,in_value,True,open_auction_in,,,,False,in_value,True
2016-09-14,2120.50,2132.00,2117.50,open_auction_in,,,,False,in_value,True,open_auction_in,,,,False,in_value,True
2016-09-15,2116.50,2128.00,2114.50,open_rejection_reverse,up,va,2126.00,False,below_value,False,open_auction_in,,,,False,in_value,True
2016-09-16,2131.25,2132.00,2123.25,open_auction_in,,,,False,in_value,True,open_auction_in,,,,False,in_value,True
2016-09-19,2139.00,2146.75,2138.50,open_drive,up,,2143.75,False,above_range,True,open_drive,up,,2143.75,False,above_value,True
2016-09-20,2141.75,2143.50,2137.50,open_auction_in,,,,False,in_value,True,open_auction_out,,va,2139.50,False,above_value,True
2016-09-21,2139.75,2144.25,2139.25,open_auction_in,,,,False,in_value,True,open_drive,up,,2142.00,False,above_value,True
2016-09-22,2167.50,2171.75,2166.50,open_drive,up,,2170.25,True,above_range,True,open_drive,up,,2170.25,True,above_range,True
2016-09-23,2164.25,2166.25,2161.75,open_auction_in,,,,False,in_value,True,open_auction_in,,,,False,in_value,True
2016-09-26,2148.00,2149.00,2141.25,open_drive,down,,2145.50,False,below_range,True,open_drive,down,,2145.50,False,below_range,True
2016-09-27,2137.25,2148.25,2132.75,open_auction_in,,,,False,in_value,True,open_auction_in,,,,False,in_value,True
2016-09-28,2155.50,2157.25,2151.50,open_rejection_reverse,down,va,2153.00,False,above_range,True,open_rejection_reverse,down,va,2153.00,False,above_range,True
2016-09-29,2161.25,2165.75,2159.50,open_auction_out,,va,2164.50,False,above_value,True,open_drive,up,,2164.50,False,above_value,True
2016-09-30,2153.25,2158.50,2150.50,open_auction_in,,,,False,in_value,True,open_auction_in,,,,False,in_value,True
2016-10-03,2154.75,2155.25,2149.00,open_auction_out,,a_extreme,2151.25,False,below_value,True,open_auction_out,,a_extreme,2151.25,False,below_value,True
2016-10-04,2155.75,2158.25,2147.75,open_auction_in,,,,False,in_value,True,open_auction_in,,,,False,in_value,True
2016-10-05,2150.50,2155.75,2150.25,open_auction_in,,,,False,in_value,True,open_auction_in,,,,False,in_value,True
2016-10-06,2150.00,2151.75,2144.50,open_auction_in,,,,False,in_value,False,open_auction_in,,,,False,in_value,False
2016-10-07,2157.25,2159.25,2146.25,open_rejection_reverse,down,va,2150.50,False,above_range,False,open_auction_in,,,,False,in_value,True
2016-10-10,2158.00,2163.50,2157.75,open_drive,up,,2162.00,False,above_value,False,open_auction_in,,,,False,in_value,False
2016-10-11,2152.75,2153.75,2139.75,open_drive,down,,2141.25,True,below_range,True,open_drive,down,,2141.25,True,below_range,True
2016-10-12,2132.00,2137.00,2126.25,open_auction_in,,,,False,in_value,True,open_auction_in,,,,False,in_value,True
2016-10-13,2117.75,2119.25,2107.75,open_drive,down,,2111.25,False,below_range,True,open_drive,down,,2111.25,False,below_range,True
2016-10-14,2137.50,2143.25,2137.25,open_drive,up,,2140.00,False,above_range,True,open_drive,up,,2140.00,False,above_range,True
2016-10-17,2127.00,2130.00,2120.75,open_auction_in,,,,False,in_value,True,open_auction_in,,,,False,in_value,True
2016-10-18,2139.00,2139.25,2129.00,open_auction_out,,range,2130.25,False,above_range,True,open_auction_out,,range,2130.25,False,above_range,True
2016-10-19,2136.75,2137.75,2132.25,open_auction_in,,,,False,in_value,True,open_auction_in,,,,False,in_value,True
2016-10-20,2134.75,2141.25,2131.00,open_test_drive,down,va,2134.50,True,below_value,True,open_test_drive,down,va,2134.50,True,below_value,True
2016-10-21,2125.25,2128.75,2123.25,open_auction_out,,range,2128.00,False,below_range,True,open_auction_out,,range,2128.00,False,below_range,True
2016-10-24,2145.75,2149.00,2144.25,open_auction_out,,a_blurred,2144.75,False,above_range,True,open_auction_out,,a_blurred,2144.75,False,above_range,True
2016-10-25,2142.50,2145.75,2140.00,open_auction_in,,,,False,in_value,True,open_auction_in,,,,False,in_value,True
2016-10-26,2127.50,2130.50,2124.75,open_drive,down,,2128.25,False,below_range,True,open_drive,down,,2128.25,False,below_range,True
2016-10-27,2141.75,2142.25,2126.75,open_rejection_reverse,down,va,2129.50,False,above_range,False,open_rejection_reverse,down,va,2129.50,False,above_range,False
2016-10-28,2127.25,2131.00,2121.75,open_auction_in,,,,False,in_value,True,open_auction_in,,,,False,in_value,True
2016-10-31,2125.25,2126.00,2121.50,open_auction_in,,,,False,in_value,True,open_auction_in,,,,False,in_value,True
2016-11-01,2125.00,2125.50,2115.50,open_auction_in,,,,False,in_value,False,open_auction_in,,,,False,in_value,True
2016-11-02,2101.75,2106.50,2099.50,open_auction_in,,,,False,in_value,True,open_auction_in,,,,False,in_value,True
2016-11-03,2095.00,2097.75,2091.50,open_auction_in,,,,False,in_value,True,open_auction_in,,,,False,in_value,True
2016-11-04,2084.25,2087.75,2079.00,open_auction_in,,,,False,in_value,True,open_auction_in,,,,False,in_value,True
2016-11-07,2109.50,2114.25,2108.00,open_drive,up,,2113.50,True,above_range,True,open_drive,up,,2113.50,True,above_range,True
2016-11-08,2122.50,2124.25,2119.00,open_auction_in,,,,False,in_value,True,open_auction_in,,,,False,in_value,True
2016-11-09,2118.75,2141.75,2118.25,open_rejection_reverse,up,va,2130.75,False,below_range,False,open_rejection_reverse,up,va,2130.75,False,below_range,False
2016-11-10,2168.25,2178.50,2154.75,open_rejection_reverse,down,va,2155.50,False,above_range,True,open_rejection_reverse,down,va,2155.50,False,above_range,True
2016-11-11,2156.50,2161.75,2152.25,open_auction_in,,,,False,in_value,True,open_auction_in,,,,False,in_value,True
2016-11-14,2165.50,2168.00,2160.00,open_auction_out,,va,2162.50,False,above_range,True,open_auction_in,,,,False,in_value,True
2016-11-15,2165.50,2169.25,2163.00,open_auction_in,,,,False,in_value,True,open_auction_in,,,,False,in_value,True
2016-11-16,2170.75,2175.25,2170.00,open_auction_in,,,,False,in_value,True,open_test_drive,up,va,2172.50,True,above_value,True
2016-11-17,2175.25,2181.50,2174.00,open_auction_out,,va,2178.50,False,above_value,False,open_auction_out,,va,2178.50,False,above_value,False
2016-11-18,2185.50,2187.50,2182.00,open_auction_in,,,,False,in_value,True,open_auction_in,,,,False,in_value,True
2016-11-21,2186.50,2191.25,2184.75,open_auction_out,,a_extreme,2186.50,False,above_value,True,open_auction_out,,va,2186.50,False,above_value,True
2016-11-22,2200.00,2201.00,2198.00,open_drive,up,,2198.50,False,above_range,True,open_drive,up,,2198.50,False,above_range,True
2016-11-23,2194.50,2197.75,2192.00,open_auction_in,,,,False,in_value,True,open_auction_in,,,,False,in_value,True
2016-11-25,2205.75,2207.75,2204.75,open_drive,up,,2207.25,True,above_range,True,open_drive,up,,2207.25,True,above_range,True
2016-11-28,2206.25,2208.00,2204.50,open_auction_in,,,,False,in_value,True,open_auction_in,,,,False,in_value,True
2016-11-29,2200.25,2202.50,2196.25,open_drive,down,,2200.50,False,below_value,True,open_auction_out,,va,2200.50,False,below_value,True
2016-11-30,2211.25,2213.00,2204.00,open_rejection_reverse,down,va,2205.75,False,above_range,True,open_auction_in,,,,False,in_value,True
2016-12-01,2201.75,2202.00,2194.50,open_auction_in,,,,False,in_value,True,open_test_drive,down,va,2197.25,True,below_value,True
2016-12-02,2191.25,2195.50,2189.25,open_auction_in,,,,False,in_value,True,open_auction_in,,,,False,in_value,True
2016-12-05,2201.00,2208.75,2198.75,open_drive,up,,2205.75,False,above_range,True,open_drive,up,,2205.75,False,above_value,False
2016-12-06,2206.25,2206.75,2200.75,open_auction_in,,,,False,in_value,True,open_auction_in,,,,False,in_value,True
2016-12-07,2209.50,2213.00,2207.75,open_auction_in,,,,False,in_value,True,open_auction_in,,,,False,in_value,True
2016-12-08,2239.75,2243.75,2236.75,open_auction_in,,,,False,in_value,True,open_auction_in,,,,False,in_value,True
2016-12-09,2248.50,2252.75,2247.75,open_test_drive,up,va,2251.00,True,above_value,True,open_test_drive,up,va,2251.00,True,above_value,True
2016-12-12,2258.50,2264.25,2256.75,open_rejection_reverse,down,va,2257.00,False,above_value,True,open_rejection_reverse,down,va,2257.00,False,above_value,True
2016-12-13,2259.50,2267.75,2259.00,open_drive,up,,2262.50,False,above_range,True,open_drive,up,,2262.50,False,above_range,True
2016-12-14,2263.50,2267.75,2261.50,open_auction_in,,,,False,in_value,True,open_auction_in,,,,False,in_value,True
2016-12-15,2251.00,2264.25,2249.25,open_rejection_reverse,up,va,2260.00,False,below_value,False,open_rejection_reverse,up,va,2260.00,False,below_value,False
2016-12-16,2261.50,2262.75,2257.25,open_auction_in,,,,False,in_value,True,open_auction_in,,,,False,in_value,True
2016-12-19,2256.00,2261.00,2254.00,open_auction_in,,,,False,in_value,True,open_auction_in,,,,False,in_value,True
2016-12-20,2265.25,2269.50,2264.00,open_auction_out,,va,2265.50,False,above_range,True,open_auction_in,,,,False,in_value,True
2016-12-21,2265.75,2268.00,2264.00,open_auction_in,,,,False,in_value,True,open_auction_in,,,,False,in_value,True
2016-12-22,2258.50,2260.00,2254.00,open_test_drive,down,va,2257.00,True,below_range,True,open_test_drive,down,va,2257.00,True,below_range,True
2016-12-23,2256.50,2258.50,2255.75,open_auction_in,,,,False,in_value,True,open_auction_in,,,,False,in_value,True
2016-12-27,2262.25,2269.50,2262.00,open_drive,up,,2268.00,False,above_range,True,open_drive,up,,2268.00,False,above_range,True
2016-12-28,2267.00,2267.00,2254.50,open_auction_in,,,,False,in_value,False,open_auction_in,,,,False,in_value,False
2016-12-29,2245.75,2250.00,2245.00,open_rejection_reverse,up,va,2248.00,True,below_value,True,open_rejection_reverse,up,va,2248.00,True,below_value,True
2016-12-30,2248.75,2249.50,2236.75,open_rejection_reverse,down,va,2237.25,False,above_value,False,open_rejection_reverse,down,va,2237.25,False,above_value,False
2017-01-03,2252.00,2259.50,2248.25,open_drive,up,,2256.25,False,above_range,True,open_drive,up,,2256.25,False,above_range,True
2017-01-04,2256.25,2263.75,2256.00,open_drive,up,,2257.50,False,above_value,True,open_drive,up,,2257.50,False,above_value,True
2017-01-05,2261.75,2265.25,2260.50,open_rejection_reverse,up,va,2264.50,True,below_value,False,open_rejection_reverse,up,va,2264.50,True,below_value,False
2017-01-06,2264.75,2266.25,2258.25,open_test_drive,up,va,2264.25,True,above_value,True,open_test_drive,up,va,2264.25,True,above_value,True
2017-01-09,2268.75,2269.00,2263.50,open_auction_in,,,,False,in_value,True,open_auction_in,,,,False,in_value,True
2017-01-10,2264.50,2264.50,2259.50,open_auction_in,,,,False,in_value,True,open_auction_in,,,,False,in_value,True
2017-01-11,2263.25,2267.75,2262.00,open_rejection_reverse,up,va,2266.75,True,below_value,True,open_auction_in,,,,False,in_value,True
2017-01-12,2264.50,2265.00,2251.00,open_auction_in,,,,False,in_value,False,open_auction_in,,,,False,in_value,False
2017-01-13,2266.75,2273.50,2266.50,open_drive,up,,2270.50,False,above_value,False,open_drive,up,,2270.50,False,above_value,False
2017-01-17,2262.50,2267.25,2259.75,open_auction_out,,range,2265.25,False,below_range,True,open_auction_out,,range,2265.25,False,below_range,True
2017-01-18,2264.75,2265.75,2258.25,open_auction_in,,,,False,in_value,True,open_auction_in,,,,False,in_value,True
2017-01-19,2267.75,2269.50,2262.00,open_rejection_reverse,down,va,2264.50,False,above_range,True,open_rejection_reverse,down,va,2264.50,False,above_range,True
2017-01-20,2266.50,2272.75,2266.25,open_auction_in,,,,False,in_value,True,open_auction_in,,,,False,in_value,True
2017-01-23,2262.50,2267.50,2258.25,open_auction_in,,,,False,in_value,True,open_auction_in,,,,False,in_value,True
2017-01-24,2263.50,2266.00,2262.00,open_auction_in,,,,False,in_value,True,open_auction_in,,,,False,in_value,True
2017-01-25,2286.50,2290.25,2284.25,open_drive,up,,2287.50,True,above_range,True,open_drive,up,,2287.50,True,above_range,True
2017-01-26,2293.00,2296.50,2291.75,open_auction_in,,,,False,in_value,True,open_auction_in,,,,False,in_value,True
2017-01-27,2293.75,2295.50,2288.25,open_auction_in,,,,False,in_value,True,open_auction_in,,,,False,in_value,True
2017-01-30,2281.00,2281.25,2266.00,open_drive,down,,2268.75,True,below_range,True,open_drive,down,,2268.75,True,below_range,True
2017-01-31,2268.75,2272.50,2264.00,open_auction_in,,,,False,in_value,True,open_auction_in,,,,False,in_value,True
2017-02-01,2281.75,2285.00,2276.50,open_auction_out,,a_blurred,2277.50,False,above_range,True,open_auction_out,,range,2277.50,False,above_range,True
2017-02-02,2270.75,2274.75,2266.75,open_auction_in,,,,False,in_value,True,open_auction_in,,,,False,in_value,True
2017-02-03,2287.00,2291.75,2283.00,open_drive,up,,2289.50,True,above_range,True,open_drive,up,,2289.50,True,above_range,True
2017-02-06,2286.75,2291.50,2286.25,open_rejection_reverse,up,va,2290.50,False,below_value,True,open_rejection_reverse,up,va,2290.50,False,below_value,True
2017-02-07,2292.25,2295.00,2290.25,open_auction_out,,va,2292.75,False,above_range,True,open_auction_out,,va,2292.75,False,above_range,True
2017-02-08,2284.25,2286.50,2281.00,open_auction_out,,va,2285.00,False,below_range,True,open_auction_out,,va,2285.00,False,below_value,True
2017-02-09,2293.75,2300.00,2293.00,open_drive,up,,2299.75,True,above_range,True,open_auction_in,,,,False,in_value,False
2017-02-10,2308.00,2310.00,2306.75,open_test_drive,up,va,2309.00,True,above_range,True,open_test_drive,up,va,2309.00,True,above_range,True
2017-02-13,2319.00,2323.00,2318.50,open_drive,up,,2322.50,True,above_range,True,open_drive,up,,2322.50,True,above_range,True
2017-02-14,2323.75,2326.25,2320.50,open_auction_in,,,,False,in_value,True,open_auction_in,,,,False,in_value,True
2017-02-15,2332.75,2336.50,2332.00,open_auction_in,,,,False,in_value,True,open_auction_in,,,,False,in_value,True
2017-02-16,2348.00,2349.75,2342.75,open_rejection_reverse,down,va,2344.25,False,above_value,True,open_rejection_reverse,down,va,2344.25,False,above_value,True
2017-02-17,2337.75,2343.25,2337.25,open_rejection_reverse,up,va,2342.00,False,below_value,False,open_rejection_reverse,up,va,2342.00,False,below_value,False
2017-02-21,2353.00,2363.50,2352.75,open_drive,up,,2362.50,True,above_range,True,open_drive,up,,2362.50,True,above_range,True
2017-02-22,2358.00,2361.00,2355.75,open_auction_in,,,,False,in_value,True,open_auction_in,,,,False,in_value,True
2017-02-23,2366.50,2366.75,2358.25,open_rejection_reverse,down,va,2358.75,False,above_range,True,open_rejection_reverse,down,va,2358.75,False,above_range,False
2017-02-24,2352.25,2359.75,2351.50,open_rejection_reverse,up,va,2355.00,False,below_range,False,open_auction_out,,va,2355.00,False,below_range,False
2017-02-27,2363.75,2367.50,2361.00,open_drive,up,,2367.25,True,above_value,True,open_auction_in,,,,False,in_value,True
2017-02-28,2364.50,2367.00,2363.50,open_auction_in,,,,False,in_value,True,open_auction_in,,,,False,in_value,True
2017-03-01,2381.50,2389.25,2381.25,open_drive,up,,2388.25,True,above_range,True,open_drive,up,,2388.25,True,above_range,True
2017-03-02,2392.75,2393.00,2387.00,open_auction_in,,,,False,in_value,True,open_auction_in,,,,False,in_value,True
2017-03-03,2378.75,2382.00,2375.00,open_test_drive,down,va,2376.25,True,below_range,True,open_test_drive,down,va,2376.25,True,below_range,True
2017-03-06,2372.00,2373.50,2368.50,open_drive,down,,2370.00,True,below_range,True,open_drive,down,,2370.00,True,below_range,True
2017-03-07,2370.50,2373.50,2366.25,open_auction_in,,,,False,in_value,True,open_auction_in,,,,False,in_value,True
2017-03-08,2370.00,2373.00,2367.25,open_auction_in,,,,False,in_value,True,open_auction_in,,,,False,in_value,True
2017-03-09,2363.75,2369.25,2361.50,open_rejection_reverse,up,va,2366.50,False,below_value,False,open_rejection_reverse,up,va,2366.50,False,below_value,False
2017-03-10,2376.50,2377.25,2370.75,open_drive,up,,2373.50,False,above_range,True,open_rejection_reverse,down,va,2373.50,False,above_value,True
2017-03-13,2369.25,2372.00,2367.00,open_auction_in,,,,False,in_value,True,open_auction_in,,,,False,in_value,True
2017-03-14,2365.25,2365.50,2356.00,open_test_drive,down,va,2356.50,True,below_range,True,open_auction_in,,,,False,in_value,False
2017-03-15,2368.75,2370.00,2365.75,open_drive,up,,2370.00,True,above_range,True,open_drive,up,,2370.00,True,above_range,True
2017-03-16,2383.75,2384.50,2377.75,open_auction_out,,va,2380.25,False,above_value,True,open_auction_out,,va,2380.25,False,above_value,True
2017-03-17,2380.50,2380.75,2376.25,open_rejection_reverse,down,va,2377.75,False,above_value,False,open_auction_in,,,,False,in_value,True
2017-03-20,2372.75,2375.75,2369.25,open_auction_out,,va,2375.00,False,below_value,True,open_auction_in,,,,False,in_value,True
2017-03-21,2377.25,2378.75,2362.25,open_rejection_reverse,down,va,2362.75,False,above_range,False,open_rejection_reverse,down,va,2362.75,False,above_range,False
2017-03-22,2340.25,2342.00,2333.50,open_auction_in,,,,False,in_value,True,open_auction_in,,,,False,in_value,True
2017-03-23,2342.50,2347.25,2339.75,open_auction_in,,,,False,in_value,True,open_auction_in,,,,False,in_value,True
2017-03-24,2346.25,2350.50,2345.75,open_auction_in,,,,False,in_value,True,open_auction_in,,,,False,in_value,True
2017-03-27,2321.00,2328.25,2318.00,open_drive,down,,2326.00,False,below_range,True,open_drive,down,,2326.00,False,below_range,True
2017-03-28,2334.75,2342.50,2333.50,open_auction_in,,,,False,in_value,True,open_auction_in,,,,False,in_value,True
2017-03-29,2352.00,2355.00,2348.75,open_auction_in,,,,False,in_value,True,open_auction_in,,,,False,in_value,True
2017-03-30,2356.00,2362.75,2354.00,open_auction_in,,,,False,in_value,False,open_auction_in,,,,False,in_value,False
2017-03-31,2360.50,2364.75,2358.50,open_auction_out,,va,2361.00,False,below_value,True,open_auction_out,,va,2361.00,False,below_value,True
2017-04-03,2359.25,2361.75,2352.75,open_test_drive,down,va,2356.75,True,below_value,True,open_test_drive,down,va,2356.75,True,below_value,True
2017-04-04,2350.75,2354.50,2346.50,open_auction_in,,,,False,in_value,True,open_auction_in,,,,False,in_value,True
2017-04-05,2363.00,2375.00,2362.50,open_drive,up,,2373.25,False,above_range,True,open_drive,up,,2373.25,False,above_range,True
2017-04-06,2350.50,2355.00,2345.00,open_auction_out,,a_extreme,2353.75,False,below_value,True,open_auction_out,,a_extreme,2353.75,False,below_value,True
2017-04-07,2352.25,2357.75,2347.00,open_auction_in,,,,False,in_value,True,open_auction_in,,,,False,in_value,True
2017-04-10,2354.25,2361.50,2353.25,open_auction_in,,,,False,in_value,True,open_auction_in,,,,False,in_value,True
2017-04-11,2349.00,2351.75,2340.00,open_test_drive,down,va,2342.00,True,below_value,False,open_test_drive,down,va,2342.00,True,below_value,True
2017-04-12,2347.00,2349.50,2343.50,open_auction_in,,,,False,in_value,True,open_auction_in,,,,False,in_value,True
2017-04-13,2336.25,2344.75,2334.00,open_rejection_reverse,up,va,2341.00,False,below_range,False,open_rejection_reverse,up,va,2341.00,False,below_value,False
2017-04-17,2330.75,2337.75,2328.75,open_auction_in,,,,False,in_value,True,open_auction_in,,,,False,in_value,True
2017-04-18,2336.75,2344.50,2335.00,open_auction_in,,,,False,in_value,True,open_auction_in,,,,False,in_value,True
2017-04-19,2345.00,2349.25,2344.25,open_drive,up,,2346.50,False,above_range,True,open_drive,up,,2346.50,False,above_value,True
2017-04-20,2341.00,2344.50,2337.25,open_auction_in,,,,False,in_value,True,open_auction_in,,,,False,in_value,True
2017-04-21,2352.25,2353.00,2348.75,open_auction_in,,,,False,in_value,True,open_auction_in,,,,False,in_value,True
2017-04-24,2371.50,2372.50,2367.25,open_drive,up,,2370.50,False,above_range,True,open_drive,up,,2370.50,False,above_range,True
2017-04-25,2378.50,2387.00,2377.50,open_drive,up,,2384.50,False,above_range,True,open_drive,up,,2384.50,False,above_range,True
2017-04-26,2384.75,2388.50,2384.25,open_auction_in,,,,False,in_value,True,open_auction_in,,,,False,in_value,True
2017-04-27,2386.50,2387.50,2382.75,open_auction_in,,,,False,in_value,True,open_auction_in,,,,False,in_value,True
2017-04-28,2388.00,2388.25,2380.50,open_auction_in,,,,False,in_value,True,open_auction_in,,,,False,in_value,True
2017-05-01,2386.00,2386.25,2380.75,open_auction_in,,,,False,in_value,True,open_auction_in,,,,False,in_value,True
2017-05-02,2387.50,2388.75,2381.75,open_auction_in,,,,False,in_value,True,open_auction_in,,,,False,in_value,True
2017-05-03,2381.50,2383.50,2379.00,open_rejection_reverse,up,va,2382.50,True,below_range,True,open_auction_in,,,,False,in_value,True
2017-05-04,2386.75,2387.75,2381.25,open_rejection_reverse,down,va,2386.00,False,above_range,True,open_auction_in,,,,False,in_value,True
2017-05-05,2390.00,2391.50,2385.50,open_rejection_reverse,down,va,2387.25,False,above_range,True,open_auction_in,,,,False,in_value,True
2017-05-08,2395.75,2397.75,2392.25,open_auction_out,,a_extreme,2392.50,False,above_value,True,open_auction_out,,a_extreme,2392.50,False,above_value,True
2017-05-09,2397.75,2400.00,2396.00,open_auction_in,,,,False,in_value,False,open_auction_in,,,,False,in_value,False
2017-05-10,2391.75,2393.25,2389.25,open_auction_out,,a_extreme,2390.00,False,below_value,True,open_auction_in,,,,False,in_value,True
2017-05-11,2391.25,2392.25,2379.00,open_auction_in,,,,False,in_value,False,open_auction_in,,,,False,in_value,False
2017-05-12,2388.50,2389.75,2384.75,open_auction_in,,,,False,in_value,True,open_auction_in,,,,False,in_value,True
2017-05-15,2392.50,2400.00,2392.25,open_drive,up,,2399.25,True,above_range,True,open_test_drive,up,va,2399.25,True,above_value,False
2017-05-16,2404.00,2404.50,2396.50,open_rejection_reverse,down,va,2397.25,False,above_range,True,open_rejection_reverse,down,va,2397.25,False,above_range,True
2017-05-17,2378.50,2383.75,2372.00,open_drive,down,,2373.25,True,below_range,True,open_drive,down,,2373.25,True,below_range,True
2017-05-18,2354.25,2366.00,2351.50,open_rejection_reverse,up,va,2364.75,False,below_range,True,open_rejection_reverse,up,va,2364.75,False,below_range,True
2017-05-19,2370.25,2382.25,2369.75,open_auction_in,,,,False,in_value,False,open_auction_in,,,,False,in_value,False
2017-05-22,2386.00,2390.75,2385.25,open_auction_in,,,,False,in_value,True,open_auction_in,,,,False,in_value,True
2017-05-23,2396.50,2397.25,2392.00,open_test_drive,up,va,2395.50,True,above_range,True,open_test_drive,up,va,2395.50,True,above_range,True
2017-05-24,2400.00,2400.25,2396.75,open_auction_out,,va,2399.00,False,above_range,True,open_auction_out,,va,2399.00,False,above_range,True
2017-05-25,2408.50,2413.50,2406.00,open_drive,up,,2412.50,True,above_range,True,open_drive,up,,2412.50,True,above_range,True
2017-05-26,2412.00,2415.00,2411.00,open_auction_in,,,,False,in_value,True,open_auction_in,,,,False,in_value,True
2017-05-30,2409.75,2413.50,2408.00,open_auction_out,,va,2409.50,False,below_range,True,open_auction_out,,va,2409.50,False,below_value,True
2017-05-31,2414.50,2415.25,2402.75,open_rejection_reverse,down,va,2406.00,False,above_value,False,open_rejection_reverse,down,va,2406.00,False,above_value,False
2017-06-01,2415.75,2417.50,2412.75,open_auction_out,,range,2415.50,False,above_range,True,open_auction_out,,range,2415.50,False,above_range,True
2017-06-02,2430.25,2433.25,2427.00,open_test_drive,up,range,2430.75,True,above_range,True,open_test_drive,up,range,2430.75,True,above_range,True
2017-06-05,2435.75,2439.00,2433.50,open_auction_in,,,,False,in_value,True,open_auction_in,,,,False,in_value,True
2017-06-06,2429.00,2434.25,2427.00,open_auction_out,,range,2433.25,False,below_range,True,open_auction_out,,range,2433.25,False,below_range,True
2017-06-07,2431.75,2434.50,2430.50,open_auction_in,,,,False,in_value,True,open_auction_in,,,,False,in_value,True
2017-06-08,2433.25,2436.00,2427.25,open_rejection_reverse,down,va,2428.75,False,above_value,True,open_rejection_reverse,down,va,2428.75,False,above_value,True
2017-06-09,2436.75,2444.75,2436.25,open_auction_in,,,,False,in_value,False,open_auction_in,,,,False,in_value,False
2017-06-12,2424.25,2427.50,2416.75,open_auction_out,,va,2421.50,False,below_value,True,open_auction_in,,,,False,in_value,False
2017-06-13,2433.00,2436.00,2431.75,open_auction_out,,a_blurred,2433.50,False,above_range,True,open_auction_out,,a_blurred,2433.50,False,above_range,True
2017-06-14,2441.50,2442.00,2435.25,open_rejection_reverse,down,va,2436.00,False,above_range,True,open_rejection_reverse,down,va,2436.00,False,above_range,True
2017-06-15,2419.50,2425.00,2416.25,open_auction_out,,a_blurred,2418.75,False,below_range,True,open_auction_out,,a_blurred,2418.75,False,below_range,True
2017-06-16,2431.75,2432.50,2421.25,open_rejection_reverse,down,va,2423.00,False,above_value,False,open_rejection_reverse,down,va,2423.00,False,above_value,False
2017-06-19,2440.00,2448.00,2438.50,open_drive,up,,2447.75,True,above_range,True,open_drive,up,,2447.75,True,above_range,True
2017-06-20,2446.25,2446.75,2441.25,open_auction_in,,,,False,in_value,False,open_auction_in,,,,False,in_value,False
2017-06-21,2438.25,2438.50,2434.50,open_auction_in,,,,False,in_value,True,open_auction_in,,,,False,in_value,True
2017-06-22,2433.50,2434.00,2430.00,open_auction_in,,,,False,in_value,True,open_auction_in,,,,False,in_value,True
2017-06-23,2432.75,2433.75,2428.25,open_auction_in,,,,False,in_value,True,open_auction_in,,,,False,in_value,True
2017-06-26,2442.25,2447.50,2442.00,open_drive,up,,2445.50,False,above_range,True,open_drive,up,,2445.50,False,above_range,True
2017-06-27,2433.25,2434.50,2429.25,open_auction_out,,va,2431.00,False,below_range,True,open_auction_in,,,,False,in_value,True
2017-06-28,2428.00,2432.00,2425.50,open_auction_in,,,,False,in_value,True,open_auction_in,,,,False,in_value,True
2017-06-29,2439.75,2440.50,2426.00,open_auction_in,,,,False,in_value,True,open_auction_in,,,,False,in_value,True
2017-06-30,2425.50,2428.25,2418.50,open_auction_in,,,,False,in_value,True,open_auction_in,,,,False,in_value,True
2017-07-03,2431.75,2436.50,2431.25,open_drive,up,,2432.75,False,above_range,True,open_auction_in,,,,False,in_value,True
2017-07-05,2428.50,2429.50,2419.25,open_auction_in,,,,False,in_value,False,open_auction_in,,,,False,in_value,False
2017-07-06,2420.75,2422.25,2410.25,open_drive,down,,2413.75,False,below_value,False,open_drive,down,,2413.75,False,below_value,False
2017-07-07,2413.75,2417.75,2412.00,open_auction_in,,,,False,in_value,True,open_auction_in,,,,False,in_value,True
2017-07-10,2421.00,2424.25,2419.25,open_auction_in,,,,False,in_value,True,open_auction_in,,,,False,in_value,True
2017-07-11,2423.25,2425.00,2420.50,open_auction_in,,,,False,in_value,True,open_auction_in,,,,False,in_value,True
2017-07-12,2435.00,2442.75,2434.75,open_drive,up,,2441.25,False,above_range,True,open_drive,up,,2441.25,False,above_range,True
2017-07-13,2441.75,2445.00,2439.50,open_auction_in,,,,False,in_value,True,open_auction_in,,,,False,in_value,True
2017-07-14,2445.75,2450.00,2444.25,open_auction_in,,,,False,in_value,False,open_auction_in,,,,False,in_value,False
2017-07-17,2456.00,2459.00,2454.25,open_auction_in,,,,False,in_value,False,open_auction_in,,,,False,in_value,False
2017-07-18,2452.00,2454.75,2450.00,open_test_drive,down,va,2453.50,True,below_range,True,open_test_drive,down,va,2453.50,True,below_range,True
2017-07-19,2461.50,2466.25,2461.25,open_drive,up,,2464.25,False,above_range,True,open_drive,up,,2464.25,False,above_range,True
2017-07-20,2474.00,2475.25,2470.00,open_auction_out,,va,2471.50,False,above_range,True,open_auction_out,,va,2471.50,False,above_range,True
2017-07-21,2465.75,2467.50,2462.75,open_drive,down,,2465.75,False,below_value,True,open_drive,down,,2465.75,False,below_value,True
2017-07-24,2469.00,2469.50,2464.75,open_auction_in,,,,False,in_value,True,open_auction_in,,,,False,in_value,True
2017-07-25,2478.00,2478.25,2472.50,open_auction_out,,a_blurred,2475.75,False,above_range,True,open_auction_out,,a_blurred,2475.75,False,above_range,True
2017-07-26,2478.25,2478.50,2475.25,open_rejection_reverse,down,va,2476.25,False,above_value,True,open_rejection_reverse,down,va,2476.25,False,above_value,True
2017-07-27,2480.00,2480.50,2475.75,open_auction_out,,va,2479.00,False,above_range,True,open_auction_out,,va,2479.00,False,above_range,True
2017-07-28,2466.50,2469.00,2463.00,open_auction_in,,,,False,in_value,True,open_auction_in,,,,False,in_value,True
2017-07-31,2474.00,2475.00,2467.25,open_rejection_reverse,down,va,2468.25,False,above_range,True,open_auction_in,,,,False,in_value,True
2017-08-01,2474.50,2475.00,2468.25,open_rejection_reverse,down,va,2469.25,False,above_value,False,open_rejection_reverse,down,va,2469.25,False,above_value,False
2017-08-02,2474.75,2475.75,2466.00,open_rejection_reverse,down,va,2466.75,False,above_value,True,open_rejection_reverse,down,va,2466.75,False,above_value,True
2017-08-03,2473.00,2473.00,2468.25,open_auction_in,,,,False,in_value,True,open_auction_in,,,,False,in_value,True
2017-08-04,2474.75,2477.75,2469.25,open_auction_out,,va,2474.50,False,above_range,True,open_auction_out,,va,2474.50,False,above_value,True
2017-08-07,2474.25,2475.75,2473.00,open_auction_in,,,,False,in_value,True,open_auction_in,,,,False,in_value,True
2017-08-08,2474.25,2477.75,2472.50,open_auction_in,,,,False,in_value,True,open_auction_in,,,,False,in_value,True
2017-08-09,2463.50,2467.75,2459.25,open_drive,down,,2464.75,False,below_range,True,open_drive,down,,2464.75,False,below_range,True
2017-08-10,2461.25,2463.00,2449.00,open_test_drive,down,va,2454.50,True,below_value,False,open_test_drive,down,va,2454.50,True,below_value,False
2017-08-11,2438.75,2445.50,2436.00,open_auction_out,,va,2442.75,False,below_value,True,open_auction_out,,va,2442.75,False,below_value,True
2017-08-14,2454.25,2462.25,2454.00,open_drive,up,,2461.25,True,above_range,True,open_drive,up,,2461.25,True,above_range,True
2017-08-15,2468.25,2468.50,2460.50,open_rejection_reverse,down,va,2463.00,False,above_range,True,open_rejection_reverse,down,va,2463.00,False,above_range,True
2017-08-16,2469.50,2471.00,2466.75,open_test_drive,up,range,2470.75,True,above_range,True,open_test_drive,up,va,2470.75,True,above_range,True
2017-08-17,2460.50,2464.00,2449.75,open_auction_out,,va,2452.25,False,below_range,True,open_auction_out,,va,2452.25,False,below_range,True
2017-08-18,2426.50,2427.75,2419.50,open_drive,down,,2424.25,False,below_range,True,open_drive,down,,2424.25,False,below_range,True
2017-08-21,2424.25,2426.25,2415.75,open_auction_in,,,,False,in_value,False,open_auction_in,,,,False,in_value,False
2017-08-22,2433.25,2443.25,2432.75,open_drive,up,,2442.00,True,above_range,True,open_auction_in,,,,False,in_value,False
2017-08-23,2440.50,2446.25,2438.75,open_rejection_reverse,up,va,2444.00,False,below_value,True,open_rejection_reverse,up,va,2444.00,False,below_value,True
2017-08-24,2447.50,2449.00,2437.00,open_rejection_reverse,down,va,2442.50,False,above_value,False,open_auction_in,,,,False,in_value,True
2017-08-25,2446.25,2453.50,2445.50,open_auction_out,,va,2450.75,False,above_value,False,open_auction_in,,,,False,in_value,False
2017-08-28,2448.25,2449.25,2441.25,open_rejection_reverse,down,va,2441.75,False,above_value,False,open_auction_in,,,,False,in_value,True
2017-08-29,2428.25,2436.00,2426.25,open_drive,down,,2435.25,False,below_range,True,open_auction_out,,range,2435.25,False,below_range,True
2017-08-30,2444.75,2449.25,2442.75,open_auction_in,,,,False,in_value,True,open_auction_in,,,,False,in_value,True
2017-08-31,2463.75,2469.50,2462.50,open_drive,up,,2468.50,False,above_range,True,open_drive,up,,2468.50,False,above_range,True
2017-09-01,2475.50,2477.50,2473.00,open_test_drive,up,range,2475.75,True,above_range,True,open_test_drive,up,range,2475.75,True,above_range,True
2017-09-05,2468.75,2471.25,2465.50,open_drive,down,,2467.25,True,below_range,True,open_drive,down,,2467.25,True,below_range,True
2017-09-06,2464.75,2467.00,2461.25,open_auction_in,,,,False,in_value,True,open_auction_in,,,,False,in_value,True
2017-09-07,2468.50,2468.75,2460.00,open_auction_in,,,,False,in_value,True,open_auction_in,,,,False,in_value,True
2017-09-08,2460.75,2464.25,2458.50,open_rejection_reverse,up,va,2462.25,False,below_value,True,open_auction_in,,,,False,in_value,True
2017-09-11,2474.50,2482.00,2474.00,open_drive,up,,2480.50,False,above_range,True,open_drive,up,,2480.50,False,above_range,True
2017-09-12,2489.75,2493.50,2489.00,open_drive,up,,2489.50,False,above_range,True,open_drive,up,,2489.50,False,above_range,True
2017-09-13,2490.50,2494.00,2489.25,open_auction_in,,,,False,in_value,True,open_auction_in,,,,False,in_value,True
2017-09-14,2490.75,2493.50,2489.00,open_rejection_reverse,up,va,2492.75,False,below_value,True,open_auction_in,,,,False,in_value,True
2017-09-15,2492.00,2493.50,2490.50,open_auction_in,,,,False,in_value,True,open_auction_in,,,,False,in_value,True
2017-09-18,2501.00,2506.00,2499.50,open_drive,up,,2504.25,False,above_range,True,open_drive,up,,2504.25,False,above_range,True
2017-09-19,2505.00,2505.25,2501.50,open_auction_in,,,,False,in_value,True,open_auction_in,,,,False,in_value,True
2017-09-20,2506.00,2507.25,2503.75,open_auction_in,,,,False,in_value,True,open_auction_in,,,,False,in_value,True
2017-09-21,2503.75,2504.50,2496.50,open_auction_in,,,,False,in_value,True,open_auction_in,,,,False,in_value,True
2017-09-22,2495.25,2498.75,2494.75,open_auction_out,,range,2498.00,False,below_range,True,open_rejection_reverse,up,va,2498.00,False,below_range,True
2017-09-25,2495.75,2500.00,2495.00,open_auction_in,,,,False,in_value,True,open_auction_in,,,,False,in_value,True
2017-09-26,2498.50,2501.25,2497.25,open_drive,up,,2499.00,False,above_value,True,open_drive,up,,2499.00,False,above_value,True
2017-09-27,2503.50,2505.00,2499.50,open_rejection_reverse,down,va,2499.75,False,above_range,True,open_rejection_reverse,down,va,2499.75,False,above_range,True
2017-09-28,2501.25,2504.25,2500.00,open_auction_in,,,,False,in_value,True,open_auction_in,,,,False,in_value,True
2017-09-29,2506.75,2509.25,2504.75,open_auction_in,,,,False,in_value,True,open_auction_in,,,,False,in_value,True
2017-10-02,2518.25,2525.75,2517.50,open_drive,up,,2522.50,False,above_range,True,open_drive,up,,2522.50,False,above_range,True
2017-10-03,2527.75,2529.25,2526.00,open_rejection_reverse,down,va,2526.50,False,above_range,True,open_rejection_reverse,down,va,2526.50,False,above_range,True
2017-10-04,2530.00,2532.50,2529.00,open_auction_in,,,,False,in_value,False,open_auction_in,,,,False,in_value,False
2017-10-05,2538.50,2541.00,2537.25,open_drive,up,,2540.00,True,above_range,True,open_drive,up,,2540.00,True,above_range,True
2017-10-06,2544.25,2547.50,2544.00,open_auction_in,,,,False,in_value,True,open_auction_in,,,,False,in_value,True
2017-10-09,2549.00,2550.00,2544.00,open_rejection_reverse,down,va,2545.25,False,above_range,False,open_auction_in,,,,False,in_value,True
2017-10-10,2549.00,2553.25,2543.00,open_auction_in,,,,False,in_value,True,open_auction_in,,,,False,in_value,True
2017-10-11,2548.00,2549.50,2546.00,open_auction_in,,,,False,in_value,True,open_auction_in,,,,False,in_value,True
2017-10-12,2549.25,2551.25,2547.25,open_auction_in,,,,False,in_value,True,open_auction_in,,,,False,in_value,True
2017-10-13,2554.00,2555.25,2550.25,open_test_drive,up,va,2555.25,True,above_range,True,open_test_drive,up,va,2555.25,True,above_range,True
2017-10-16,2554.75,2557.75,2552.00,open_auction_in,,,,False,in_value,True,open_auction_in,,,,False,in_value,True
2017-10-17,2554.75,2556.25,2554.00,open_auction_in,,,,False,in_value,True,open_auction_in,,,,False,in_value,True
2017-10-18,2561.50,2561.75,2557.25,open_auction_out,,range,2559.00,False,above_range,True,open_auction_out,,range,2559.00,False,above_range,True
2017-10-19,2550.25,2554.75,2545.25,open_drive,down,,2550.50,False,below_range,True,open_drive,down,,2550.50,False,below_range,True
2017-10-20,2569.00,2569.50,2566.00,open_drive,up,,2567.50,False,above_range,True,open_drive,up,,2567.50,False,above_range,True
2017-10-23,2576.75,2576.75,2572.00,open_rejection_reverse,down,va,2573.00,False,above_range,True,open_rejection_reverse,down,va,2573.00,False,above_range,True
2017-10-24,2567.75,2569.25,2563.25,open_auction_in,,,,False,in_value,True,open_auction_in,,,,False,in_value,True
2017-10-25,2563.75,2565.00,2556.00,open_drive,down,,2558.00,True,below_value,False,open_test_drive,down,va,2558.00,True,below_value,True
2017-10-26,2561.75,2563.75,2557.25,open_test_drive,up,va,2559.50,True,above_value,True,open_test_drive,up,va,2559.50,True,above_value,True
2017-10-27,2566.50,2572.50,2563.25,open_test_drive,up,va,2569.25,True,above_range,True,open_test_drive,up,va,2569.25,True,above_range,True
2017-10-30,2572.25,2576.50,2571.25,open_auction_in,,,,False,in_value,True,open_auction_in,,,,False,in_value,True
2017-10-31,2573.00,2573.00,2569.00,open_rejection_reverse,down,va,2571.25,True,above_value,False,open_rejection_reverse,down,va,2571.25,True,above_value,False
2017-11-01,2581.50,2585.50,2580.00,open_drive,up,,2581.00,False,above_range,True,open_drive,up,,2581.00,False,above_range,True
2017-11-02,2574.50,2576.00,2562.25,open_auction_in,,,,False,in_value,True,open_auction_in,,,,False,in_value,True
2017-11-03,2578.25,2579.25,2573.50,open_rejection_reverse,down,va,2575.25,False,above_value,False,open_rejection_reverse,down,va,2575.25,False,above_value,False
2017-11-06,2583.00,2587.75,2582.25,open_auction_in,,,,False,in_value,False,open_auction_in,,,,False,in_value,False
2017-11-07,2589.75,2593.50,2589.00,open_auction_in,,,,False,in_value,True,open_auction_in,,,,False,in_value,True
2017-11-08,2584.50,2585.75,2581.50,open_auction_in,,,,False,in_value,True,open_auction_in,,,,False,in_value,True
2017-11-09,2577.00,2583.00,2574.25,open_auction_out,,range,2581.00,False,below_range,True,open_rejection_reverse,up,va,2581.00,False,below_range,True
2017-11-10,2577.00,2579.25,2573.50,open_auction_in,,,,False,in_value,True,open_auction_in,,,,False,in_value,True
2017-11-13,2572.50,2582.25,2572.00,open_rejection_reverse,up,va,2582.00,False,below_range,False,open_auction_in,,,,False,in_value,True
2017-11-14,2573.50,2576.00,2564.25,open_drive,down,,2570.00,False,below_value,True,open_auction_out,,va,2570.00,False,below_value,True
2017-11-15,2566.25,2566.50,2555.50,open_drive,down,,2562.50,False,below_value,True,open_drive,down,,2562.50,False,below_value,True
2017-11-16,2574.00,2580.50,2573.75,open_drive,up,,2579.25,True,above_range,True,open_drive,up,,2579.25,True,above_range,True
2017-11-17,2580.75,2583.25,2578.50,open_auction_in,,,,False,in_value,True,open_auction_in,,,,False,in_value,True
2017-11-20,2580.00,2581.25,2577.00,open_auction_in,,,,False,in_value,True,open_auction_in,,,,False,in_value,True
2017-11-21,2590.25,2598.25,2589.25,open_drive,up,,2598.25,True,above_range,True,open_drive,up,,2598.25,True,above_range,True
2017-11-22,2598.25,2599.75,2596.00,open_auction_in,,,,False,in_value,True,open_auction_in,,,,False,in_value,True
2017-11-24,2600.50,2601.25,2599.25,open_test_drive,up,range,2600.50,True,above_range,True,open_auction_in,,,,False,in_value,True
2017-11-27,2601.75,2605.50,2600.50,open_auction_in,,,,False,in_value,True,open_auction_in,,,,False,in_value,True
2017-11-28,2605.75,2608.75,2604.25,open_test_drive,up,va,2607.50,True,above_range,True,open_test_drive,up,va,2607.50,True,above_range,True
2017-11-29,2628.00,2634.25,2625.25,open_auction_out,,range,2626.75,False,above_range,True,open_auction_out,,range,2626.75,False,above_range,True
2017-11-30,2635.25,2640.75,2634.50,open_drive,up,,2638.75,True,above_range,True,open_drive,up,,2638.75,True,above_range,True
2017-12-01,2645.25,2650.75,2642.75,open_auction_in,,,,False,in_value,True,open_auction_in,,,,False,in_value,True
2017-12-04,2660.25,2665.25,2657.75,open_auction_out,,a_blurred,2661.25,False,above_range,True,open_auction_out,,a_blurred,2661.25,False,above_range,True
2017-12-05,2641.75,2643.50,2638.25,open_auction_out,,a_extreme,2642.00,False,below_value,True,open_auction_out,,a_extreme,2642.00,False,below_value,True
2017-12-06,2625.75,2632.25,2625.50,open_test_drive,down,range,2627.75,True,below_range,True,open_test_drive,down,range,2627.75,True,below_range,True
2017-12-07,2627.75,2633.75,2626.25,open_auction_in,,,,False,in_value,True,open_auction_in,,,,False,in_value,True
2017-12-08,2646.75,2648.75,2644.00,open_auction_out,,a_blurred,2646.25,True,above_range,True,open_auction_out,,a_blurred,2646.25,True,above_range,True
2017-12-11,2655.50,2660.50,2654.50,open_drive,up,,2656.75,False,above_range,True,open_drive,up,,2656.75,False,above_range,True
2017-12-12,2665.50,2667.25,2663.25,open_test_drive,up,va,2666.75,True,above_range,True,open_test_drive,up,va,2666.75,True,above_range,True
2017-12-13,2670.25,2674.50,2670.00,open_auction_in,,,,False,in_value,True,open_auction_in,,,,False,in_value,True
2017-12-14,2670.25,2671.25,2667.50,open_auction_in,,,,False,in_value,True,open_auction_in,,,,False,in_value,True
2017-12-15,2666.75,2675.50,2666.00,open_auction_in,,,,False,in_value,True,open_auction_in,,,,False,in_value,True
2017-12-18,2692.50,2698.00,2691.50,open_drive,up,,2695.25,False,above_range,True,open_drive,up,,2695.25,False,above_range,True
2017-12-19,2697.25,2697.50,2689.50,open_auction_in,,,,False,in_value,False,open_auction_in,,,,False,in_value,False
2017-12-20,2694.50,2695.50,2683.00,open_rejection_reverse,down,va,2685.25,False,above_value,False,open_rejection_reverse,down,va,2685.25,False,above_value,False
2017-12-21,2689.25,2690.50,2684.75,open_auction_in,,,,False,in_value,True,open_auction_in,,,,False,in_value,True
2017-12-22,2688.25,2689.00,2684.75,open_auction_in,,,,False,in_value,True,open_auction_in,,,,False,in_value,True
2017-12-26,2685.50,2688.25,2684.25,open_auction_in,,,,False,in_value,True,open_auction_in,,,,False,in_value,True
2017-12-27,2688.25,2690.00,2686.50,open_test_drive,up,va,2689.75,True,above_value,True,open_auction_in,,,,False,in_value,True
2017-12-28,2688.25,2689.00,2683.75,open_auction_in,,,,False,in_value,True,open_auction_in,,,,False,in_value,True
2017-12-29,2693.75,2694.00,2684.50,open_auction_out,,va,2687.50,False,above_range,False,open_rejection_reverse,down,va,2687.50,False,above_range,False
2018-01-02,2687.00,2692.00,2681.75,open_auction_in,,,,False,in_value,True,open_auction_in,,,,False,in_value,True
2018-01-03,2697.25,2707.25,2697.00,open_drive,up,,2706.50,True,above_range,True,open_drive,up,,2706.50,True,above_range,True
2018-01-04,2719.25,2727.00,2718.25,open_drive,up,,2727.00,True,above_range,True,open_drive,up,,2727.00,True,above_range,True
2018-01-05,2732.25,2733.25,2726.50,open_rejection_reverse,down,va,2729.00,True,above_range,True,open_rejection_reverse,down,va,2729.00,True,above_range,True
2018-01-08,2740.00,2741.75,2737.00,open_test_drive,up,va,2741.00,True,above_value,True,open_test_drive,up,va,2741.00,True,above_value,True
2018-01-09,2751.00,2753.50,2748.00,open_test_drive,up,va,2753.00,True,above_range,True,open_test_drive,up,va,2753.00,True,above_range,True
2018-01-10,2744.00,2746.75,2736.50,open_drive,down,,2744.00,False,below_range,True,open_drive,down,,2744.00,False,below_range,True
2018-01-11,2754.25,2759.50,2752.75,open_drive,up,,2755.75,True,above_range,True,open_drive,up,,2755.75,True,above_range,True
2018-01-12,2771.25,2779.25,2770.00,open_drive,up,,2778.75,True,above_range,True,open_drive,up,,2778.75,True,above_range,True
2018-01-16,2800.75,2808.50,2800.25,open_drive,up,,2803.75,False,above_range,True,open_drive,up,,2803.75,False,above_range,True
2018-01-17,2788.75,2789.00,2780.50,open_auction_in,,,,False,in_value,True,open_auction_in,,,,False,in_value,True
2018-01-18,2802.75,2806.50,2795.75,open_rejection_reverse,down,va,2799.00,False,above_value,True,open_rejection_reverse,down,va,2799.00,False,above_value,True
2018-01-19,2806.00,2808.25,2800.50,open_auction_in,,,,False,in_value,True,open_auction_in,,,,False,in_value,True
2018-01-22,2809.50,2822.50,2809.25,open_auction_in,,,,False,in_value,False,open_auction_in,,,,False,in_value,False
2018-01-23,2835.50,2841.50,2832.00,open_drive,up,,2838.00,True,above_value,True,open_drive,up,,2838.00,True,above_value,True
2018-01-24,2848.00,2854.75,2845.50,open_drive,up,,2852.00,True,above_range,True,open_drive,up,,2852.00,True,above_range,True
2018-01-25,2848.50,2850.00,2833.75,open_auction_in,,,,False,in_value,True,open_auction_in,,,,False,in_value,True
2018-01-26,2849.75,2852.75,2846.50,open_drive,up,,2849.75,True,above_value,True,open_drive,up,,2849.75,True,above_value,True
2018-01-29,2866.25,2871.25,2861.50,open_auction_out,,va,2865.75,False,above_value,True,open_auction_out,,va,2865.75,False,above_value,True
2018-01-30,2831.75,2839.50,2818.50,open_drive,down,,2828.75,False,below_range,True,open_drive,down,,2828.75,False,below_range,True
2018-01-31,2833.75,2839.75,2830.50,open_auction_out,,va,2834.00,False,above_value,True,open_auction_out,,va,2834.00,False,above_value,True
2018-02-01,2817.00,2826.00,2814.50,open_rejection_reverse,up,va,2821.00,False,below_value,True,open_rejection_reverse,up,va,2821.00,False,below_value,True
2018-02-02,2806.00,2807.75,2789.25,open_drive,down,,2798.50,False,below_range,True,open_drive,down,,2798.50,False,below_range,True
2018-02-05,2739.25,2763.00,2734.25,open_auction_out,,range,2761.00,False,below_range,True,open_auction_out,,range,2761.00,False,below_range,True
2018-02-06,2601.75,2680.75,2589.00,open_auction_out,,range,2635.50,False,below_range,True,open_auction_out,,range,2635.50,False,below_range,True
2018-02-07,2687.25,2716.25,2680.75,open_drive,up,,2706.75,True,above_value,True,open_drive,up,,2706.75,True,above_value,True
2018-02-08,2682.00,2684.00,2660.75,open_drive,down,,2662.50,True,below_value,False,open_drive,down,,2662.50,True,below_value,False
2018-02-09,2609.50,2618.50,2594.25,open_test_drive,down,va,2601.00,True,below_value,True,open_test_drive,down,va,2601.00,True,below_value,True
2018-02-12,2639.50,2654.25,2620.00,open_auction_out,,range,2628.25,False,above_range,True,open_auction_out,,range,2628.25,False,above_range,True
2018-02-13,2640.75,2650.25,2634.25,open_auction_in,,,,False,in_value,True,open_auction_in,,,,False,in_value,True
2018-02-14,2645.25,2674.75,2642.75,open_auction_in,,,,False,in_value,True,open_auction_in,,,,False,in_value,True
2018-02-15,2716.75,2717.75,2705.25,open_auction_out,,a_blurred,2710.25,False,above_range,True,open_auction_out,,a_blurred,2710.25,False,above_range,True
2018-02-16,2724.00,2737.25,2723.75,open_auction_in,,,,False,in_value,True,open_auction_in,,,,False,in_value,True
2018-02-20,2720.75,2732.25,2720.50,open_test_drive,down,va,2723.75,True,below_range,True,open_test_drive,down,va,2723.75,True,below_range,True
2018-02-21,2719.25,2731.50,2716.25,open_auction_in,,,,False,in_value,True,open_auction_in,,,,False,in_value,True
2018-02-22,2711.50,2723.00,2707.75,open_auction_out,,va,2716.75,False,below_value,True,open_auction_out,,va,2716.75,False,below_value,True
2018-02-23,2718.25,2722.75,2713.00,open_auction_in,,,,False,in_value,True,open_auction_in,,,,False,in_value,True
2018-02-26,2759.50,2767.25,2755.00,open_auction_out,,a_blurred,2756.50,False,above_range,True,open_auction_out,,a_blurred,2756.50,False,above_range,True
2018-02-27,2781.75,2789.75,2776.25,open_auction_out,,range,2786.25,False,above_range,True,open_auction_out,,range,2786.25,False,above_range,True
2018-02-28,2757.25,2762.00,2749.75,open_auction_in,,,,False,in_value,True,open_auction_in,,,,False,in_value,True
2018-03-01,2713.50,2720.00,2698.50,open_drive,down,,2719.25,False,below_value,True,open_drive,down,,2719.25,False,below_value,True
2018-03-02,2656.50,2663.75,2647.00,open_auction_out,,range,2653.50,False,below_range,True,open_auction_out,,range,2653.50,False,below_range,True
2018-03-05,2676.00,2684.50,2674.50,open_auction_in,,,,False,in_value,True,open_auction_in,,,,False,in_value,True
2018-03-06,2731.50,2732.75,2717.25,open_rejection_reverse,down,va,2726.25,False,above_range,False,open_rejection_reverse,down,va,2726.25,False,above_range,False
2018-03-07,2702.50,2718.50,2700.25,open_rejection_reverse,up,va,2717.00,False,below_range,True,open_rejection_reverse,up,va,2717.00,False,below_range,True
2018-03-08,2733.50,2737.25,2727.00,open_auction_out,,range,2729.50,False,above_range,True,open_auction_out,,range,2729.50,False,above_range,True
2018-03-09,2755.00,2764.25,2751.50,open_drive,up,,2762.50,True,above_range,True,open_drive,up,,2762.50,True,above_range,True
2018-03-12,2790.00,2797.25,2788.00,open_drive,up,,2792.00,False,above_range,True,open_drive,up,,2792.00,False,above_range,True
2018-03-13,2796.50,2802.50,2793.75,open_auction_out,,a_extreme,2795.50,False,above_value,True,open_auction_out,,a_extreme,2795.50,False,above_value,True
2018-03-14,2780.25,2782.50,2766.25,open_auction_in,,,,False,in_value,True,open_auction_in,,,,False,in_value,True
2018-03-15,2760.00,2761.00,2751.50,open_auction_in,,,,False,in_value,True,open_auction_in,,,,False,in_value,True
2018-03-16,2756.25,2764.00,2756.00,open_auction_in,,,,False,in_value,True,open_auction_in,,,,False,in_value,True
2018-03-19,2745.00,2745.25,2732.50,open_drive,down,,2737.25,True,below_range,True,open_drive,down,,2737.25,True,below_range,True
2018-03-20,2720.50,2727.75,2716.25,open_auction_in,,,,False,in_value,True,open_auction_in,,,,False,in_value,True
2018-03-21,2720.25,2722.00,2715.25,open_auction_in,,,,False,in_value,True,open_auction_in,,,,False,in_value,True
2018-03-22,2688.50,2698.25,2681.00,open_auction_out,,a_blurred,2690.00,True,below_range,True,open_test_drive,down,range,2690.00,True,below_range,True
2018-03-23,2650.00,2658.75,2641.00,open_drive,down,,2649.00,False,below_value,True,open_drive,down,,2649.00,False,below_value,True
2018-03-26,2629.75,2639.75,2622.50,open_auction_in,,,,False,in_value,True,open_auction_in,,,,False,in_value,True
2018-03-27,2670.50,2671.00,2653.50,open_auction_out,,range,2658.25,False,above_range,True,open_auction_out,,range,2658.25,False,above_range,True
2018-03-28,2614.75,2626.25,2603.00,open_test_drive,down,a_extreme,2612.50,True,below_value,True,open_test_drive,down,a_extreme,2612.50,True,below_value,True
2018-03-29,2617.50,2623.75,2609.25,open_auction_in,,,,False,in_value,True,open_auction_in,,,,False,in_value,True
2018-04-02,2632.00,2638.00,2611.00,open_auction_in,,,,False,in_value,False,open_auction_in,,,,False,in_value,False
2018-04-03,2594.00,2597.50,2573.50,open_auction_in,,,,False,in_value,True,open_auction_in,,,,False,in_value,True
2018-04-04,2572.50,2595.00,2571.25,open_rejection_reverse,up,va,2587.00,False,below_range,False,open_auction_in,,,,False,in_value,True
2018-04-05,2660.75,2662.75,2651.00,open_drive,up,,2656.25,True,above_range,True,open_drive,up,,2656.25,True,above_range,True
2018-04-06,2639.50,2656.75,2636.50,open_test_drive,down,va,2647.00,True,below_range,True,open_test_drive,down,va,2647.00,True,below_range,True
2018-04-09,2618.75,2629.25,2613.25,open_auction_in,,,,False,in_value,True,open_auction_in,,,,False,in_value,True
2018-04-10,2647.75,2654.25,2638.50,open_auction_in,,,,False,in_value,True,open_auction_in,,,,False,in_value,True
2018-04-11,2639.50,2653.00,2638.50,open_rejection_reverse,up,va,2652.50,False,below_value,True,open_rejection_reverse,up,va,2652.50,False,below_value,True
2018-04-12,2657.00,2671.50,2655.00,open_drive,up,,2668.50,False,above_value,False,open_auction_in,,,,False,in_value,False
2018-04-13,2678.75,2680.50,2656.50,open_rejection_reverse,down,va,2658.75,False,above_range,False,open_rejection_reverse,down,va,2658.75,False,above_range,False
2018-04-16,2675.25,2676.50,2666.00,open_test_drive,up,va,2676.25,True,above_value,True,open_test_drive,up,va,2676.25,True,above_value,True
2018-04-17,2698.25,2701.50,2692.50,open_drive,up,,2699.00,True,above_range,True,open_drive,up,,2699.00,True,above_range,True
2018-04-18,2711.75,2716.25,2703.75,open_rejection_reverse,down,va,2710.00,True,above_value,True,open_rejection_reverse,down,va,2710.00,True,above_value,True
2018-04-19,2700.75,2702.50,2692.25,open_drive,down,,2699.75,True,below_range,True,open_drive,down,,2699.75,True,below_range,True
2018-04-20,2692.25,2694.75,2683.25,open_auction_in,,,,False,in_value,True,open_auction_in,,,,False,in_value,True
2018-04-23,2677.00,2678.00,2667.75,open_auction_in,,,,False,in_value,True,open_auction_in,,,,False,in_value,True
2018-04-24,2681.00,2683.75,2667.00,open_rejection_reverse,down,va,2670.00,False,above_value,True,open_rejection_reverse,down,va,2670.00,False,above_value,True
2018-04-25,2632.25,2633.75,2611.25,open_auction_in,,,,False,in_value,True,open_auction_in,,,,False,in_value,True
2018-04-26,2651.00,2659.25,2645.50,open_drive,up,,2656.00,True,above_range,True,open_drive,up,,2656.00,True,above_value,True
2018-04-27,2672.75,2676.25,2665.00,open_rejection_reverse,down,va,2665.75,False,above_value,True,open_rejection_reverse,down,va,2665.75,False,above_value,True
2018-04-30,2675.00,2681.75,2671.75,open_auction_out,,va,2675.00,False,above_value,True,open_auction_out,,va,2675.00,False,above_value,True
2018-05-01,2641.25,2642.75,2634.00,open_drive,down,,2637.25,True,below_range,True,open_drive,down,,2637.25,True,below_range,True
2018-05-02,2649.25,2651.25,2642.25,open_auction_out,,va,2644.50,False,above_value,True,open_auction_out,,va,2644.50,False,above_value,True
2018-05-03,2623.50,2624.50,2603.00,open_drive,down,,2605.75,True,below_range,True,open_drive,down,,2605.75,True,below_range,True
2018-05-04,2615.75,2639.00,2612.25,open_auction_in,,,,False,in_value,True,open_auction_in,,,,False,in_value,True
2018-05-07,2670.50,2679.25,2667.75,open_auction_out,,va,2675.50,False,above_range,True,open_auction_out,,va,2675.50,False,above_range,True
2018-05-08,2666.25,2668.25,2659.50,open_auction_out,,va,2662.25,False,below_value,True,open_auction_out,,va,2662.25,False,below_value,True
2018-05-09,2677.50,2681.50,2674.50,open_drive,up,,2677.50,False,above_range,True,open_drive,up,,2677.50,False,above_range,True
2018-05-10,2704.00,2709.75,2703.00,open_drive,up,,2709.50,True,above_range,True,open_drive,up,,2709.50,True,above_range,True
2018-05-11,2722.25,2731.25,2720.25,open_auction_in,,,,False,in_value,False,open_auction_in,,,,False,in_value,False
2018-05-14,2734.00,2739.75,2733.50,open_drive,up,,2739.75,True,above_range,True,open_drive,up,,2739.75,True,above_range,True
2018-05-15,2715.75,2717.00,2703.25,open_drive,down,,2708.50,False,below_range,True,open_drive,down,,2708.50,False,below_range,True
2018-05-16,2711.00,2719.50,2711.00,open_auction_in,,,,False,in_value,False,open_auction_in,,,,False,in_value,False
2018-05-17,2719.50,2727.50,2713.50,open_auction_in,,,,False,in_value,True,open_auction_in,,,,False,in_value,True
2018-05-18,2716.50,2719.50,2712.00,open_auction_in,,,,False,in_value,True,open_auction_in,,,,False,in_value,True
2018-05-21,2729.00,2737.00,2728.50,open_drive,up,,2734.75,True,above_range,True,open_drive,up,,2734.75,True,above_value,True
2018-05-22,2739.00,2741.75,2733.00,open_rejection_reverse,down,va,2734.25,False,above_value,True,open_rejection_reverse,down,va,2734.25,False,above_value,True
2018-05-23,2710.25,2721.25,2710.00,open_test_drive,down,range,2718.25,True,below_range,True,open_test_drive,down,range,2718.25,True,below_range,True
2018-05-24,2727.25,2730.50,2712.50,open_rejection_reverse,down,va,2713.50,False,above_value,False,open_rejection_reverse,down,va,2713.50,False,above_value,False
2018-05-25,2720.00,2726.75,2716.50,open_auction_in,,,,False,in_value,True,open_auction_in,,,,False,in_value,True
2018-05-29,2700.75,2709.50,2697.00,open_auction_out,,a_blurred,2706.50,True,below_range,True,open_test_drive,down,range,2706.50,True,below_range,True
2018-05-30,2703.25,2708.50,2701.75,open_test_drive,up,a_extreme,2706.25,True,above_value,True,open_test_drive,up,a_extreme,2706.25,True,above_value,True
2018-05-31,2719.75,2719.75,2711.00,open_auction_in,,,,False,in_value,True,open_auction_in,,,,False,in_value,True
2018-06-01,2721.50,2733.50,2720.50,open_drive,up,,2727.75,False,above_value,True,open_drive,up,,2727.75,False,above_value,True
2018-06-04,2742.25,2749.25,2739.75,open_drive,up,,2742.50,False,above_range,True,open_drive,up,,2742.50,False,above_range,True
2018-06-05,2747.50,2752.50,2745.50,open_auction_in,,,,False,in_value,True,open_auction_in,,,,False,in_value,True
2018-06-06,2754.75,2757.00,2748.50,open_rejection_reverse,down,va,2751.75,True,above_range,True,open_rejection_reverse,down,va,2751.75,True,above_range,True
2018-06-07,2776.25,2779.50,2771.00,open_auction_out,,range,2772.00,False,above_range,True,open_auction_out,,range,2772.00,False,above_range,True
2018-06-08,2765.25,2769.75,2763.25,open_rejection_reverse,up,va,2766.75,False,below_value,True,open_rejection_reverse,up,va,2766.75,False,below_value,True
2018-06-11,2780.75,2785.25,2779.25,open_auction_out,,va,2783.00,False,above_range,True,open_drive,up,,2783.00,False,above_range,True
2018-06-12,2787.00,2787.25,2782.25,open_auction_in,,,,False,in_value,True,open_auction_in,,,,False,in_value,True
2018-06-13,2792.50,2794.75,2790.75,open_auction_in,,,,False,in_value,True,open_auction_in,,,,False,in_value,True
2018-06-14,2790.25,2794.00,2786.25,open_auction_in,,,,False,in_value,True,open_auction_in,,,,False,in_value,True
2018-06-15,2779.00,2779.50,2772.25,open_drive,down,,2773.50,True,below_range,True,open_drive,down,,2773.50,True,below_value,True
2018-06-18,2766.50,2769.75,2761.25,open_auction_out,,a_extreme,2767.50,False,below_value,True,open_auction_out,,a_extreme,2767.50,False,below_value,True
2018-06-19,2750.50,2758.75,2747.25,open_drive,down,,2747.75,True,below_range,True,open_drive,down,,2747.75,True,below_range,True
2018-06-20,2774.00,2775.75,2767.75,open_auction_out,,range,2768.50,False,above_range,True,open_auction_out,,range,2768.50,False,above_range,True
2018-06-21,2770.00,2770.50,2751.25,open_auction_in,,,,False,in_value,False,open_auction_in,,,,False,in_value,False
2018-06-22,2767.25,2768.50,2758.25,open_rejection_reverse,down,va,2760.00,False,above_value,True,open_rejection_reverse,down,va,2760.00,False,above_value,True
2018-06-25,2744.50,2746.25,2720.25,open_drive,down,,2726.50,True,below_range,True,open_drive,down,,2726.50,True,below_range,True
2018-06-26,2725.50,2730.50,2718.25,open_auction_in,,,,False,in_value,True,open_auction_in,,,,False,in_value,True
2018-06-27,2731.75,2745.00,2729.25,open_auction_in,,,,False,in_value,False,open_auction_in,,,,False,in_value,False
2018-06-28,2701.25,2707.25,2694.25,open_test_drive,down,va,2700.00,True,below_value,True,open_test_drive,down,va,2700.00,True,below_value,True
2018-06-29,2729.50,2740.50,2729.50,open_drive,up,,2736.50,True,above_range,True,open_drive,up,,2736.50,True,above_value,True
2018-07-02,2703.00,2712.75,2700.50,open_auction_out,,a_blurred,2711.00,False,below_range,True,open_auction_out,,a_blurred,2711.00,False,below_range,True
2018-07-03,2737.00,2738.00,2731.25,open_drive,up,,2734.25,False,above_range,True,open_drive,up,,2734.25,False,above_range,True
2018-07-05,2729.75,2732.75,2722.75,open_auction_in,,,,False,in_value,True,open_auction_in,,,,False,in_value,True
2018-07-06,2739.00,2747.50,2734.50,open_test_drive,up,va,2747.00,True,above_value,False,open_test_drive,up,va,2747.00,True,above_value,False
2018-07-09,2773.50,2779.00,2772.75,open_drive,up,,2775.25,True,above_range,True,open_drive,up,,2775.25,True,above_range,True
2018-07-10,2791.75,2795.75,2789.00,open_drive,up,,2793.50,True,above_range,True,open_drive,up,,2793.50,True,above_range,True
2018-07-11,2778.50,2787.00,2777.00,open_auction_out,,a_blurred,2786.00,False,below_range,True,open_auction_out,,a_blurred,2786.00,False,below_range,True
2018-07-12,2789.50,2793.50,2782.75,open_test_drive,up,va,2793.50,True,above_range,True,open_test_drive,up,va,2793.50,True,above_range,True
2018-07-13,2798.75,2801.50,2793.25,open_test_drive,up,va,2798.75,True,above_value,True,open_test_drive,up,va,2798.75,True,above_value,True
2018-07-16,2803.00,2804.75,2796.75,open_auction_in,,,,False,in_value,True,open_auction_in,,,,False,in_value,True
2018-07-17,2791.50,2799.00,2790.75,open_rejection_reverse,up,va,2799.00,False,below_range,False,open_rejection_reverse,up,va,2799.00,False,below_range,False
2018-07-18,2811.75,2814.00,2806.75,open_auction_in,,,,False,in_value,True,open_auction_in,,,,False,in_value,True
2018-07-19,2808.75,2812.75,2800.25,open_auction_out,,va,2804.50,False,below_value,True,open_auction_out,,va,2804.50,False,below_value,True
2018-07-20,2803.25,2807.25,2802.00,open_auction_in,,,,False,in_value,True,open_auction_in,,,,False,in_value,True
2018-07-23,2800.00,2803.50,2797.00,open_test_drive,down,range,2798.50,True,below_range,True,open_test_drive,down,range,2798.50,True,below_range,True
2018-07-24,2823.25,2831.25,2822.50,open_drive,up,,2829.75,False,above_range,True,open_drive,up,,2829.75,False,above_range,True
2018-07-25,2819.00,2826.00,2818.25,open_auction_in,,,,False,in_value,True,open_auction_in,,,,False,in_value,True
2018-07-26,2837.00,2843.75,2836.00,open_test_drive,up,va,2839.00,True,above_value,True,open_drive,up,,2839.00,True,above_value,True
2018-07-27,2841.75,2843.25,2834.00,open_auction_in,,,,False,in_value,True,open_auction_in,,,,False,in_value,True
2018-07-30,2819.75,2821.75,2810.50,open_auction_in,,,,False,in_value,True,open_auction_in,,,,False,in_value,True
2018-07-31,2813.00,2818.00,2808.50,open_auction_in,,,,False,in_value,True,open_auction_in,,,,False,in_value,True
2018-08-01,2819.50,2824.50,2817.75,open_auction_in,,,,False,in_value,True,open_auction_in,,,,False,in_value,True
2018-08-02,2797.50,2810.50,2795.00,open_rejection_reverse,up,va,2808.75,False,below_range,True,open_rejection_reverse,up,va,2808.75,False,below_range,True
2018-08-03,2829.00,2835.25,2827.00,open_auction_in,,,,False,in_value,True,open_drive,up,,2834.25,True,above_value,True
2018-08-06,2838.75,2843.50,2835.50,open_auction_in,,,,False,in_value,True,open_auction_in,,,,False,in_value,True
2018-08-07,2857.00,2861.50,2855.75,open_drive,up,,2861.50,True,above_range,True,open_drive,up,,2861.50,True,above_range,True
2018-08-08,2857.00,2858.25,2853.50,open_auction_in,,,,False,in_value,True,open_auction_in,,,,False,in_value,True
2018-08-09,2858.00,2861.75,2856.00,open_auction_in,,,,False,in_value,True,open_auction_in,,,,False,in_value,True
2018-08-10,2837.00,2841.50,2832.00,open_drive,down,,2835.75,False,below_range,True,open_drive,down,,2835.75,False,below_range,True
2018-08-13,2837.00,2843.75,2835.75,open_auction_in,,,,False,in_value,True,open_auction_in,,,,False,in_value,True
2018-08-14,2831.00,2835.25,2826.75,open_auction_in,,,,False,in_value,True,open_auction_in,,,,False,in_value,True
2018-08-15,2825.25,2826.75,2806.25,open_drive,down,,2806.25,True,below_range,True,open_drive,down,,2806.25,True,below_range,True
2018-08-16,2835.00,2839.75,2834.75,open_drive,up,,2839.75,True,above_range,True,open_drive,up,,2839.75,True,above_range,True
2018-08-17,2839.50,2844.25,2835.00,open_auction_in,,,,False,in_value,True,open_auction_in,,,,False,in_value,True
2018-08-20,2856.75,2858.50,2852.50,open_auction_out,,va,2855.50,False,above_value,True,open_auction_out,,a_extreme,2855.50,False,above_value,True
2018-08-21,2863.50,2869.75,2862.75,open_drive,up,,2867.75,False,above_range,True,open_drive,up,,2867.75,False,above_range,True
2018-08-22,2859.50,2863.75,2856.25,open_auction_out,,va,2858.00,False,below_range,True,open_auction_out,,va,2858.00,False,below_range,True
2018-08-23,2859.75,2869.00,2859.00,open_rejection_reverse,up,va,2869.00,True,below_value,False,open_rejection_reverse,up,va,2869.00,True,below_value,False
2018-08-24,2864.75,2869.25,2864.00,open_test_drive,up,va,2868.00,True,above_value,True,open_test_drive,up,va,2868.00,True,above_value,True
2018-08-27,2888.50,2897.00,2887.00,open_drive,up,,2896.25,False,above_range,True,open_drive,up,,2896.25,False,above_range,True
2018-08-28,2903.25,2904.50,2898.25,open_auction_out,,va,2899.50,False,above_range,True,open_auction_out,,va,2899.50,False,above_range,True
2018-08-29,2901.75,2905.50,2898.75,open_auction_in,,,,False,in_value,True,open_test_drive,up,va,2905.50,True,above_value,True
2018-08-30,2909.00,2911.75,2907.25,open_auction_in,,,,False,in_value,True,open_auction_in,,,,False,in_value,True
2018-08-31,2897.50,2907.50,2897.00,open_rejection_reverse,up,va,2903.75,False,below_value,False,open_rejection_reverse,up,va,2903.75,False,below_value,False
2018-09-04,2897.50,2900.00,2886.25,open_auction_in,,,,False,in_value,True,open_auction_in,,,,False,in_value,True
2018-09-05,2893.00,2895.00,2877.50,open_auction_in,,,,False,in_value,False,open_auction_in,,,,False,in_value,False
2018-09-06,2889.75,2893.00,2879.50,open_auction_in,,,,False,in_value,True,open_auction_in,,,,False,in_value,True
2018-09-07,2867.50,2881.50,2865.00,open_rejection_reverse,up,va,2877.75,False,below_range,False,open_rejection_reverse,up,va,2877.75,False,below_range,False
2018-09-10,2885.25,2888.25,2878.00,open_rejection_reverse,down,va,2881.00,False,above_range,True,open_rejection_reverse,down,va,2881.00,False,above_value,True
2018-09-11,2871.25,2881.50,2867.25,open_rejection_reverse,up,va,2880.50,False,below_range,True,open_auction_in,,,,False,in_value,True
2018-09-12,2888.00,2891.25,2881.50,open_auction_in,,,,False,in_value,True,open_auction_in,,,,False,in_value,True
2018-09-13,2899.75,2907.00,2898.75,open_drive,up,,2901.50,False,above_range,True,open_drive,up,,2901.50,False,above_range,True
2018-09-14,2907.00,2909.25,2901.75,open_auction_in,,,,False,in_value,True,open_auction_in,,,,False,in_value,True
2018-09-17,2909.50,2910.25,2903.50,open_auction_in,,,,False,in_value,True,open_auction_in,,,,False,in_value,True
2018-09-18,2897.75,2908.75,2897.25,open_rejection_reverse,up,va,2907.75,False,below_value,False,open_rejection_reverse,up,va,2907.75,False,below_value,False
2018-09-19,2911.50,2917.25,2910.00,open_auction_in,,,,False,in_value,True,open_auction_in,,,,False,in_value,True
2018-09-20,2927.75,2933.00,2926.25,open_drive,up,,2928.75,True,above_range,True,open_drive,up,,2928.75,True,above_range,True
2018-09-21,2945.25,2946.50,2939.25,open_auction_out,,range,2940.00,False,above_range,True,open_auction_out,,range,2940.00,False,above_range,True
2018-09-24,2927.50,2929.00,2920.75,open_drive,down,,2922.25,True,below_range,True,open_drive,down,,2922.25,True,below_range,True
2018-09-25,2929.00,2930.25,2923.75,open_rejection_reverse,down,va,2925.50,False,above_value,False,open_rejection_reverse,down,va,2925.50,False,above_value,False
2018-09-26,2922.25,2926.50,2920.25,open_auction_in,,,,False,in_value,True,open_auction_in,,,,False,in_value,True
2018-09-27,2917.50,2925.50,2914.00,open_rejection_reverse,up,va,2924.75,False,below_value,True,open_rejection_reverse,up,va,2924.75,False,below_value,False
2018-09-28,2912.50,2919.50,2912.00,open_auction_out,,range,2919.50,False,below_range,False,open_rejection_reverse,up,va,2919.50,False,below_value,True
2018-10-01,2933.75,2941.00,2932.50,open_drive,up,,2940.75,True,above_range,True,open_drive,up,,2940.75,True,above_value,False
2018-10-02,2928.00,2930.75,2925.00,open_auction_in,,,,False,in_value,True,open_auction_in,,,,False,in_value,True
2018-10-03,2939.50,2944.75,2936.75,open_drive,up,,2942.00,False,above_range,True,open_auction_out,,va,2942.00,False,above_value,True
2018-10-04,2923.75,2924.00,2905.50,open_drive,down,,2908.25,False,below_range,True,open_drive,down,,2908.25,False,below_range,True
2018-10-05,2908.00,2914.00,2902.75,open_auction_in,,,,False,in_value,True,open_auction_in,,,,False,in_value,True
2018-10-08,2881.25,2893.00,2878.00,open_auction_in,,,,False,in_value,True,open_auction_in,,,,False,in_value,True
2018-10-09,2885.50,2897.00,2879.00,open_auction_in,,,,False,in_value,True,open_auction_in,,,,False,in_value,True
2018-10-10,2879.50,2880.00,2851.00,open_drive,down,,2858.50,True,below_value,False,open_auction_in,,,,False,in_value,False
2018-10-11,2780.75,2798.75,2772.00,open_test_drive,down,range,2782.00,True,below_range,True,open_test_drive,down,range,2782.00,True,below_range,True
2018-10-12,2776.25,2779.25,2759.50,open_auction_in,,,,False,in_value,True,open_auction_in,,,,False,in_value,True
2018-10-15,2763.25,2769.75,2751.25,open_auction_in,,,,False,in_value,True,open_auction_in,,,,False,in_value,True
2018-10-16,2773.75,2783.25,2768.50,open_auction_in,,,,False,in_value,False,open_auction_in,,,,False,in_value,True
2018-10-17,2812.25,2812.75,2792.50,open_rejection_reverse,down,va,2797.00,False,above_value,False,open_rejection_reverse,down,va,2797.00,False,above_value,False
2018-10-18,2801.25,2802.00,2790.50,open_auction_in,,,,False,in_value,True,open_auction_in,,,,False,in_value,True
2018-10-19,2778.25,2800.50,2778.00,open_auction_in,,,,False,in_value,False,open_auction_in,,,,False,in_value,False
2018-10-22,2777.00,2780.50,2751.00,open_auction_in,,,,False,in_value,False,open_auction_in,,,,False,in_value,False
2018-10-23,2715.50,2723.50,2692.25,open_drive,down,,2700.75,False,below_range,True,open_drive,down,,2700.75,False,below_range,True
2018-10-24,2739.00,2743.50,2726.00,open_rejection_reverse,down,va,2728.00,False,above_value,True,open_rejection_reverse,down,va,2728.00,False,above_value,True
2018-10-25,2679.25,2697.00,2667.50,open_auction_out,,va,2692.50,False,below_value,True,open_auction_out,,va,2692.50,False,below_value,True
2018-10-26,2663.75,2672.25,2638.00,open_drive,down,,2648.50,True,below_range,True,open_drive,down,,2648.50,True,below_value,True
2018-10-29,2692.25,2707.00,2687.00,open_drive,up,,2702.00,False,above_value,False,open_drive,up,,2702.00,False,above_value,False
2018-10-30,2641.25,2675.25,2635.75,open_rejection_reverse,up,va,2663.75,False,below_value,False,open_rejection_reverse,up,va,2663.75,False,below_value,False
2018-10-31,2711.75,2727.50,2706.25,open_drive,up,,2724.75,True,above_range,True,open_drive,up,,2724.75,True,above_range,True
2018-11-01,2720.50,2726.00,2707.75,open_auction_in,,,,False,in_value,True,open_auction_in,,,,False,in_value,True
2018-11-02,2751.25,2756.50,2734.25,open_rejection_reverse,down,va,2734.50,False,above_range,True,open_rejection_reverse,down,va,2734.50,False,above_range,True
2018-11-05,2727.75,2733.25,2717.00,open_auction_in,,,,False,in_value,True,open_auction_in,,,,False,in_value,True
2018-11-06,2736.75,2751.75,2735.75,open_auction_in,,,,False,in_value,False,open_auction_in,,,,False,in_value,False
2018-11-07,2779.25,2787.75,2774.25,open_auction_out,,a_blurred,2783.00,True,above_range,True,open_auction_out,,a_blurred,2783.00,True,above_range,True
2018-11-08,2804.50,2813.25,2804.00,open_auction_in,,,,False,in_value,True,open_auction_in,,,,False,in_value,True
2018-11-09,2793.00,2795.25,2778.25,open_drive,down,,2786.50,True,below_range,True,open_drive,down,,2786.50,True,below_range,True
2018-11-12,2774.25,2777.50,2753.75,open_auction_in,,,,False,in_value,False,open_auction_in,,,,False,in_value,False
2018-11-13,2733.25,2744.00,2721.50,open_auction_in,,,,False,in_value,True,open_auction_in,,,,False,in_value,True
2018-11-14,2744.00,2748.25,2727.50,open_auction_in,,,,False,in_value,True,open_auction_in,,,,False,in_value,True
2018-11-15,2689.00,2698.00,2677.75,open_test_drive,down,va,2683.50,True,below_value,True,open_test_drive,down,va,2683.50,True,below_value,True
2018-11-16,2719.00,2733.00,2713.25,open_auction_in,,,,False,in_value,True,open_auction_in,,,,False,in_value,True
2018-11-19,2731.25,2734.75,2710.25,open_auction_in,,,,False,in_value,True,open_auction_in,,,,False,in_value,True
2018-11-20,2654.25,2661.50,2633.75,open_drive,down,,2650.75,False,below_range,True,open_drive,down,,2650.75,False,below_range,True
2018-11-21,2658.25,2666.25,2651.00,open_auction_in,,,,False,in_value,True,open_auction_in,,,,False,in_value,True
2018-11-23,2631.00,2643.50,2630.00,open_auction_out,,a_blurred,2634.75,False,below_range,True,open_auction_out,,a_blurred,2634.75,False,below_range,True
2018-11-26,2657.25,2671.75,2655.75,open_drive,up,,2666.50,False,above_range,True,open_drive,up,,2666.50,False,above_range,True
2018-11-27,2662.25,2676.50,2655.25,open_auction_in,,,,False,in_value,True,open_auction_in,,,,False,in_value,True
2018-11-28,2695.25,2698.00,2686.25,open_auction_out,,a_blurred,2686.75,False,above_range,True,open_auction_out,,a_blurred,2686.75,False,above_range,True
2018-11-29,2736.25,2739.00,2729.25,open_auction_in,,,,False,in_value,True,open_auction_in,,,,False,in_value,True
2018-11-30,2736.75,2743.25,2733.25,open_auction_in,,,,False,in_value,True,open_auction_in,,,,False,in_value,True
2018-12-03,2801.25,2802.50,2784.75,open_drive,up,,2794.00,False,above_range,True,open_drive,up,,2794.00,False,above_range,True
2018-12-04,2782.25,2787.25,2769.50,open_auction_in,,,,False,in_value,False,open_auction_in,,,,False,in_value,False
2018-12-06,2656.75,2669.25,2643.50,open_drive,down,,2656.00,True,below_range,True,open_drive,down,,2656.00,True,below_range,True
2018-12-07,2691.75,2709.75,2672.75,open_auction_out,,a_extreme,2680.00,False,above_value,True,open_auction_out,,a_extreme,2680.00,False,above_value,True
2018-12-10,2630.75,2639.25,2609.50,open_auction_in,,,,False,in_value,True,open_test_drive,down,va,2620.50,True,below_value,True
2018-12-11,2673.25,2675.50,2662.25,open_auction_out,,a_blurred,2672.50,False,above_range,True,open_auction_out,,a_blurred,2672.50,False,above_range,True
2018-12-12,2671.50,2677.50,2661.50,open_test_drive,up,va,2672.00,True,above_value,True,open_test_drive,up,va,2672.00,True,above_value,True
2018-12-13,2661.25,2671.00,2652.75,open_test_drive,down,va,2659.50,True,below_value,True,open_test_drive,down,va,2659.50,True,below_value,True
2018-12-14,2625.25,2636.50,2621.25,open_auction_out,,a_blurred,2626.50,True,below_range,True,open_auction_out,,a_blurred,2626.50,True,below_range,True
2018-12-17,2593.00,2593.75,2571.00,open_drive,down,,2587.50,False,below_range,True,open_drive,down,,2587.50,False,below_range,True
2018-12-18,2570.00,2577.75,2566.25,open_auction_in,,,,False,in_value,True,open_auction_in,,,,False,in_value,True
2018-12-19,2549.25,2572.25,2546.75,open_rejection_reverse,up,va,2570.50,False,below_value,False,open_auction_in,,,,False,in_value,True
2018-12-20,2494.25,2512.00,2484.25,open_test_drive,down,a_extreme,2498.75,True,below_value,True,open_test_drive,down,a_extreme,2498.75,True,below_value,True
2018-12-21,2476.50,2508.00,2470.50,open_auction_in,,,,False,in_value,True,open_auction_in,,,,False,in_value,True
2018-12-24,2400.25,2409.50,2368.00,open_drive,down,,2385.75,False,below_range,True,open_drive,down,,2385.75,False,below_range,True
2018-12-26,2368.25,2387.00,2348.50,open_auction_in,,,,False,in_value,False,open_auction_in,,,,False,in_value,False
2018-12-27,2433.25,2445.75,2413.50,open_rejection_reverse,down,va,2417.50,False,above_value,True,open_rejection_reverse,down,va,2417.50,False,above_value,True
2018-12-28,2504.25,2509.75,2482.75,open_auction_out,,range,2484.50,False,above_range,True,open_auction_out,,range,2484.50,False,above_range,True
2018-12-31,2503.50,2510.00,2497.00,open_auction_in,,,,False,in_value,True,open_auction_in,,,,False,in_value,True
2019-01-02,2468.00,2494.75,2467.00,open_auction_out,,va,2486.00,False,below_range,True,open_rejection_reverse,up,va,2486.00,False,below_range,False
2019-01-03,2490.50,2493.50,2454.75,open_test_drive,down,va,2463.75,True,below_value,True,open_auction_in,,,,False,in_value,False
2019-01-04,2483.00,2517.50,2478.75,open_drive,up,,2517.25,True,above_value,True,open_drive,up,,2517.25,True,above_value,True
2019-01-07,2534.50,2540.00,2524.50,open_auction_in,,,,False,in_value,True,open_auction_in,,,,False,in_value,True
2019-01-08,2576.00,2581.25,2557.50,open_rejection_reverse,down,va,2561.75,False,above_range,True,open_rejection_reverse,down,va,2561.75,False,above_range,True
2019-01-09,2583.00,2590.25,2578.00,open_drive,up,,2585.75,False,above_range,True,open_drive,up,,2585.75,False,above_range,True
2019-01-10,2569.75,2578.50,2562.00,open_auction_out,,a_extreme,2577.75,False,below_value,True,open_auction_out,,a_extreme,2577.75,False,below_value,True
2019-01-11,2583.75,2587.50,2577.00,open_auction_in,,,,False,in_value,True,open_auction_in,,,,False,in_value,True
2019-01-14,2575.50,2585.25,2570.75,open_auction_out,,va,2582.00,False,below_range,True,open_rejection_reverse,up,va,2582.00,False,below_value,True
2019-01-15,2584.75,2607.00,2584.25,open_auction_in,,,,False,in_value,False,open_auction_in,,,,False,in_value,False
2019-01-16,2614.75,2624.00,2612.75,open_drive,up,,2620.50,False,above_range,True,open_drive,up,,2620.50,False,above_range,True
2019-01-17,2605.75,2618.75,2605.50,open_rejection_reverse,up,va,2617.25,False,below_range,True,open_rejection_reverse,up,va,2617.25,False,below_range,True
2019-01-18,2656.00,2661.00,2647.00,open_auction_out,,a_blurred,2653.75,True,above_range,True,open_auction_out,,a_blurred,2653.75,True,above_range,True
2019-01-22,2654.25,2656.50,2641.25,open_auction_out,,va,2647.00,False,below_value,True,open_auction_out,,va,2647.00,False,below_value,True
2019-01-23,2646.25,2653.75,2640.50,open_rejection_reverse,down,va,2641.50,False,above_value,True,open_rejection_reverse,down,va,2641.50,False,above_value,True
2019-01-24,2637.50,2647.50,2630.00,open_auction_in,,,,False,in_value,True,open_auction_in,,,,False,in_value,True
2019-01-25,2661.25,2668.25,2656.50,open_drive,up,,2666.50,True,above_range,True,open_drive,up,,2666.50,True,above_range,True
2019-01-28,2638.50,2639.00,2626.50,open_drive,down,,2637.00,False,below_range,True,open_drive,down,,2637.00,False,below_range,True
2019-01-29,2643.50,2650.00,2638.25,open_auction_out,,va,2646.25,False,above_range,True,open_auction_out,,va,2646.25,False,above_range,True
2019-01-30,2655.25,2656.75,2646.50,open_test_drive,up,range,2651.75,True,above_range,True,open_test_drive,up,range,2651.75,True,above_range,True
2019-01-31,2679.00,2695.00,2676.50,open_test_drive,up,va,2694.50,True,above_value,True,open_test_drive,up,va,2694.50,True,above_value,True
2019-02-01,2705.00,2716.00,2699.00,open_auction_in,,,,False,in_value,True,open_auction_in,,,,False,in_value,True
2019-02-04,2704.75,2706.75,2697.00,open_auction_in,,,,False,in_value,True,open_auction_in,,,,False,in_value,True
2019-02-05,2728.00,2733.50,2726.75,open_drive,up,,2732.00,True,above_range,True,open_drive,up,,2732.00,True,above_range,True
2019-02-06,2731.25,2736.50,2722.25,open_auction_in,,,,False,in_value,True,open_auction_in,,,,False,in_value,True
2019-02-07,2711.75,2717.00,2705.50,open_auction_out,,a_blurred,2715.75,True,below_range,True,open_auction_out,,a_blurred,2715.75,True,below_range,True
2019-02-08,2690.00,2697.00,2683.25,open_auction_in,,,,False,in_value,True,open_auction_in,,,,False,in_value,True
2019-02-11,2714.50,2717.50,2706.75,open_auction_out,,range,2708.50,False,above_range,True,open_auction_out,,a_extreme,2708.50,False,above_value,True
2019-02-12,2726.75,2735.50,2726.00,open_drive,up,,2732.75,True,above_range,True,open_drive,up,,2732.75,True,above_range,True
2019-02-13,2753.00,2762.00,2752.00,open_drive,up,,2758.00,False,above_range,True,open_drive,up,,2758.00,False,above_range,True
2019-02-14,2739.50,2745.25,2730.25,open_auction_out,,a_blurred,2744.75,False,below_range,True,open_auction_out,,a_blurred,2744.75,False,below_range,True
2019-02-15,2765.00,2771.50,2763.25,open_drive,up,,2769.50,True,above_range,True,open_drive,up,,2769.50,True,above_range,True
2019-02-19,2766.25,2777.50,2766.00,open_auction_in,,,,False,in_value,True,open_auction_in,,,,False,in_value,True
2019-02-20,2779.50,2783.50,2777.75,open_auction_in,,,,False,in_value,True,open_auction_in,,,,False,in_value,True
2019-02-21,2777.75,2780.50,2769.00,open_auction_out,,va,2770.50,False,below_value,True,open_auction_out,,va,2770.50,False,below_value,True
2019-02-22,2781.75,2787.25,2778.75,open_test_drive,up,va,2785.00,True,above_value,False,open_test_drive,up,va,2785.00,True,above_value,False
2019-02-25,2807.75,2811.50,2805.25,open_auction_out,,a_blurred,2806.75,True,above_range,True,open_auction_out,,a_blurred,2806.75,True,above_range,True
2019-02-26,2791.50,2800.25,2790.00,open_test_drive,down,va,2797.00,True,below_range,True,open_test_drive,down,va,2797.00,True,below_range,True
2019-02-27,2785.50,2792.50,2775.00,open_auction_out,,va,2778.50,False,below_range,True,open_auction_out,,va,2778.50,False,below_range,True
2019-02-28,2789.25,2793.25,2784.25,open_auction_in,,,,False,in_value,True,open_auction_in,,,,False,in_value,True
2019-03-01,2803.75,2808.25,2795.00,open_auction_out,,a_blurred,2796.75,False,above_range,True,open_auction_out,,va,2796.75,False,above_range,True
2019-03-04,2815.50,2818.00,2809.00,open_auction_out,,a_blurred,2814.75,False,above_range,True,open_auction_out,,a_blurred,2814.75,False,above_range,True
2019-03-05,2794.75,2795.00,2783.25,open_auction_in,,,,False,in_value,True,open_auction_in,,,,False,in_value,True
2019-03-06,2790.50,2790.75,2778.75,open_auction_in,,,,False,in_value,True,open_auction_in,,,,False,in_value,True
2019-03-07,2766.25,2767.75,2741.75,open_drive,down,,2748.50,False,below_range,True,open_drive,down,,2748.50,False,below_range,True
2019-03-08,2727.25,2732.50,2722.00,open_drive,down,,2728.50,False,below_range,True,open_drive,down,,2728.50,False,below_range,True
2019-03-11,2755.25,2770.75,2755.00,open_drive,up,,2770.00,True,above_range,True,open_drive,up,,2770.00,True,above_range,True
2019-03-12,2793.50,2799.00,2791.00,open_drive,up,,2799.00,True,above_range,True,open_drive,up,,2799.00,True,above_range,True
2019-03-13,2807.50,2814.25,2805.50,open_drive,up,,2811.50,True,above_range,True,open_drive,up,,2811.50,True,above_range,True
2019-03-14,2815.50,2817.50,2808.50,open_auction_in,,,,False,in_value,True,open_auction_in,,,,False,in_value,True
2019-03-15,2819.25,2825.00,2817.25,open_auction_in,,,,False,in_value,True,open_auction_in,,,,False,in_value,True
2019-03-18,2830.00,2840.75,2829.75,open_auction_in,,,,False,in_value,False,open_auction_in,,,,False,in_value,False
2019-03-19,2849.75,2852.75,2846.25,open_drive,up,,2847.50,False,above_range,True,open_drive,up,,2847.50,False,above_range,True
2019-03-20,2836.50,2837.00,2825.25,open_drive,down,,2829.00,False,below_value,True,open_drive,down,,2829.00,False,below_value,True
2019-03-21,2820.25,2840.75,2819.75,open_rejection_reverse,up,va,2839.75,False,below_value,False,open_rejection_reverse,up,va,2839.75,False,below_value,False
2019-03-22,2845.50,2851.75,2830.75,open_auction_in,,,,False,in_value,False,open_auction_in,,,,False,in_value,False
2019-03-25,2801.75,2813.50,2790.25,open_auction_out,,va,2796.75,False,below_range,True,open_auction_out,,va,2796.75,False,below_range,True
2019-03-26,2822.75,2833.50,2822.75,open_drive,up,,2830.25,True,above_range,True,open_drive,up,,2830.25,True,above_range,True
2019-03-27,2824.25,2830.50,2817.50,open_auction_in,,,,False,in_value,True,open_auction_in,,,,False,in_value,True
2019-03-28,2815.50,2823.50,2810.75,open_auction_in,,,,False,in_value,True,open_auction_in,,,,False,in_value,True
2019-03-29,2835.75,2837.50,2828.00,open_drive,up,,2833.50,False,above_range,True,open_auction_out,,range,2833.50,False,above_range,True
2019-04-01,2859.00,2863.50,2856.00,open_drive,up,,2859.75,True,above_range,True,open_drive,up,,2859.75,True,above_range,True
2019-04-02,2871.75,2872.25,2865.75,open_auction_out,,va,2871.75,False,above_value,True,open_auction_out,,va,2871.75,False,above_value,True
2019-04-03,2884.75,2885.00,2875.00,open_auction_out,,a_blurred,2881.50,True,above_range,True,open_auction_out,,a_blurred,2881.50,True,above_range,True
2019-04-04,2878.75,2885.75,2877.75,open_auction_in,,,,False,in_value,True,open_auction_in,,,,False,in_value,True
2019-04-05,2890.00,2895.50,2886.75,open_drive,up,,2893.00,True,above_range,True,open_drive,up,,2893.00,True,above_range,True
2019-04-08,2891.50,2892.25,2884.25,open_auction_out,,va,2890.00,False,below_value,True,open_auction_out,,va,2890.00,False,below_value,True
2019-04-09,2887.25,2888.00,2880.00,open_auction_in,,,,False,in_value,True,open_auction_in,,,,False,in_value,True
2019-04-10,2887.75,2890.25,2883.25,open_auction_in,,,,False,in_value,True,open_auction_in,,,,False,in_value,True
2019-04-11,2898.00,2898.50,2891.50,open_auction_out,,range,2895.50,False,above_range,True,open_auction_out,,va,2895.50,False,above_range,True
2019-04-12,2910.00,2914.75,2908.25,open_drive,up,,2911.75,False,above_range,True,open_drive,up,,2911.75,False,above_range,True
2019-04-15,2912.25,2913.50,2905.00,open_auction_in,,,,False,in_value,True,open_auction_in,,,,False,in_value,True
2019-04-16,2919.25,2920.00,2913.75,open_auction_out,,range,2915.25,False,above_range,True,open_auction_out,,va,2915.25,False,above_range,True
2019-04-17,2923.00,2923.50,2904.50,open_rejection_reverse,down,va,2910.50,False,above_range,False,open_rejection_reverse,down,va,2910.50,False,above_range,False
2019-04-18,2909.50,2910.00,2897.00,open_auction_in,,,,False,in_value,True,open_auction_in,,,,False,in_value,True
2019-04-22,2900.00,2909.00,2899.00,open_auction_in,,,,False,in_value,True,open_rejection_reverse,up,va,2906.25,False,below_value,True
2019-04-23,2915.25,2923.25,2912.25,open_drive,up,,2923.25,True,above_range,True,open_test_drive,up,va,2923.25,True,above_value,True
2019-04-24,2936.00,2937.50,2931.00,open_auction_in,,,,False,in_value,True,open_auction_in,,,,False,in_value,True
2019-04-25,2928.75,2929.25,2915.00,open_drive,down,,2918.75,True,below_value,False,open_drive,down,,2918.75,True,below_value,False
2019-04-26,2928.00,2929.50,2919.25,open_auction_in,,,,False,in_value,True,open_auction_in,,,,False,in_value,True
2019-04-29,2942.00,2947.75,2941.00,open_test_drive,up,a_extreme,2945.00,True,above_value,True,open_test_drive,up,a_extreme,2945.00,True,above_value,True
2019-04-30,2941.50,2941.75,2935.00,open_drive,down,,2936.25,True,below_value,False,open_drive,down,,2936.25,True,below_value,False
2019-05-01,2954.00,2954.50,2947.00,open_auction_out,,va,2949.00,False,above_range,True,open_auction_out,,va,2949.00,False,above_range,True
2019-05-02,2922.75,2932.75,2919.25,open_test_drive,down,range,2929.25,True,below_range,False,open_test_drive,down,range,2929.25,True,below_range,False
2019-05-03,2933.75,2938.75,2931.25,open_test_drive,up,range,2933.75,True,above_range,True,open_test_drive,up,range,2933.75,True,above_range,True
2019-05-06,2897.50,2919.25,2894.00,open_auction_out,,a_blurred,2915.25,False,below_range,True,open_auction_out,,a_blurred,2915.25,False,below_range,True
2019-05-07,2906.00,2913.00,2890.25,open_auction_in,,,,False,in_value,False,open_auction_in,,,,False,in_value,False
2019-05-08,2879.75,2888.50,2873.00,open_auction_in,,,,False,in_value,True,open_auction_in,,,,False,in_value,True
2019-05-09,2856.25,2859.00,2837.00,open_drive,down,,2840.75,True,below_range,True,open_drive,down,,2840.75,True,below_range,True
2019-05-10,2860.25,2867.00,2844.00,open_auction_in,,,,False,in_value,True,open_auction_in,,,,False,in_value,True
2019-05-13,2826.75,2837.75,2813.50,open_test_drive,down,va,2820.00,True,below_value,False,open_drive,down,,2820.00,True,below_value,False
2019-05-14,2822.75,2838.50,2821.00,open_auction_in,,,,False,in_value,False,open_auction_in,,,,False,in_value,False
2019-05-15,2818.25,2843.25,2815.75,open_rejection_reverse,up,va,2841.75,False,below_range,True,open_rejection_reverse,up,va,2841.75,False,below_range,True
2019-05-16,2859.75,2885.50,2859.25,open_auction_in,,,,False,in_value,False,open_auction_in,,,,False,in_value,False
2019-05-17,2853.00,2873.25,2852.50,open_auction_out,,range,2870.50,False,below_range,True,open_auction_out,,range,2870.50,False,below_range,True
2019-05-20,2842.00,2853.25,2833.00,open_auction_out,,range,2851.00,False,below_range,True,open_auction_out,,range,2851.00,False,below_range,True
2019-05-21,2859.25,2862.00,2856.50,open_drive,up,,2859.75,True,above_range,True,open_drive,up,,2859.75,True,above_range,True
2019-05-22,2855.50,2868.00,2853.75,open_test_drive,down,va,2861.75,True,below_range,True,open_test_drive,down,va,2861.75,True,below_range,True
2019-05-23,2832.00,2832.25,2815.25,open_drive,down,,2822.00,False,below_range,True,open_drive,down,,2822.00,False,below_range,True
2019-05-24,2837.50,2842.00,2830.75,open_auction_out,,range,2830.75,False,above_range,True,open_auction_out,,range,2830.75,False,above_range,True
2019-05-28,2830.75,2841.25,2830.25,open_auction_in,,,,False,in_value,True,open_auction_in,,,,False,in_value,True
2019-05-29,2788.50,2791.75,2778.75,open_auction_out,,a_blurred,2791.75,True,below_range,True,open_auction_out,,a_blurred,2791.75,True,below_range,True
2019-05-30,2789.75,2797.75,2788.00,open_test_drive,up,va,2795.50,True,above_value,False,open_test_drive,up,va,2795.50,True,above_value,False
2019-05-31,2760.50,2762.00,2751.00,open_drive,down,,2758.50,False,below_range,True,open_drive,down,,2758.50,False,below_range,True
2019-06-03,2751.00,2759.75,2738.00,open_rejection_reverse,up,va,2759.00,False,below_value,True,open_rejection_reverse,up,va,2759.00,False,below_value,True
2019-06-04,2769.25,2780.50,2764.00,open_drive,up,,2778.50,True,above_range,True,open_drive,up,,2778.50,True,above_range,True
2019-06-05,2821.25,2821.75,2808.50,open_drive,up,,2809.25,False,above_range,True,open_drive,up,,2809.25,False,above_range,True
2019-06-06,2830.75,2834.75,2823.75,open_rejection_reverse,down,va,2824.00,True,above_range,True,open_rejection_reverse,down,va,2824.00,True,above_range,True
2019-06-07,2856.75,2872.25,2854.75,open_drive,up,,2871.50,True,above_range,True,open_drive,up,,2871.50,True,above_range,True
2019-06-10,2890.75,2897.75,2889.00,open_drive,up,,2896.25,True,above_range,True,open_drive,up,,2896.25,True,above_range,True
2019-06-11,2907.00,2911.50,2897.00,open_auction_out,,va,2902.75,False,above_range,False,open_auction_out,,va,2902.75,False,above_range,False
2019-06-12,2883.50,2889.75,2879.00,open_auction_in,,,,False,in_value,True,open_auction_in,,,,False,in_value,True
2019-06-13,2890.50,2896.50,2885.25,open_auction_out,,va,2891.75,False,above_range,True,open_auction_out,,va,2891.75,False,above_range,True
2019-06-14,2889.00,2889.75,2880.50,open_auction_in,,,,False,in_value,True,open_auction_in,,,,False,in_value,True
2019-06-17,2895.50,2900.25,2892.00,open_auction_in,,,,False,in_value,True,open_auction_in,,,,False,in_value,True
2019-06-18,2914.00,2932.50,2910.25,open_drive,up,,2929.25,True,above_range,True,open_drive,up,,2929.25,True,above_value,False
2019-06-19,2925.50,2927.25,2920.50,open_auction_in,,,,False,in_value,True,open_auction_in,,,,False,in_value,True
2019-06-20,2960.50,2961.75,2952.25,open_auction_out,,a_blurred,2953.50,False,above_range,True,open_auction_out,,a_blurred,2953.50,False,above_range,True
2019-06-21,2955.50,2957.75,2951.75,open_auction_in,,,,False,in_value,True,open_auction_in,,,,False,in_value,True
2019-06-24,2956.25,2959.50,2952.75,open_auction_in,,,,False,in_value,True,open_auction_in,,,,False,in_value,True
2019-06-25,2951.00,2951.25,2937.75,open_auction_in,,,,False,in_value,False,open_auction_in,,,,False,in_value,False
2019-06-26,2931.25,2936.75,2924.25,open_auction_in,,,,False,in_value,True,open_auction_in,,,,False,in_value,True
2019-06-27,2926.25,2932.75,2925.00,open_auction_in,,,,False,in_value,True,open_auction_in,,,,False,in_value,True
2019-06-28,2938.50,2941.00,2932.75,open_auction_out,,va,2933.75,False,above_range,True,open_rejection_reverse,down,va,2933.75,False,above_value,True
2019-07-01,2979.25,2981.75,2969.50,open_auction_out,,a_blurred,2970.00,False,above_range,True,open_auction_out,,a_blurred,2970.00,False,above_range,True
2019-07-02,2968.00,2971.25,2963.00,open_auction_in,,,,False,in_value,True,open_auction_in,,,,False,in_value,True
2019-07-03,2983.25,2988.00,2981.50,open_drive,up,,2988.00,True,above_range,True,open_drive,up,,2988.00,True,above_range,True
2019-07-05,2985.75,2987.25,2975.50,open_auction_in,,,,False,in_value,False,open_auction_in,,,,False,in_value,False
2019-07-08,2981.50,2984.75,2975.50,open_auction_in,,,,False,in_value,True,open_auction_in,,,,False,in_value,True
2019-07-09,2966.25,2975.00,2965.75,open_rejection_reverse,up,va,2974.50,False,below_range,True,open_rejection_reverse,up,va,2974.50,False,below_range,True
2019-07-10,2994.50,3007.50,2993.75,open_drive,up,,2997.50,False,above_range,True,open_drive,up,,2997.50,False,above_range,True
2019-07-11,3003.50,3006.25,2998.25,open_rejection_reverse,down,va,2999.00,False,above_value,True,open_rejection_reverse,down,va,2999.00,False,above_value,True
2019-07-12,3009.00,3010.50,3006.50,open_auction_out,,range,3008.25,False,above_range,True,open_auction_out,,range,3008.25,False,above_range,True
2019-07-15,3021.50,3021.50,3014.50,open_auction_out,,va,3017.50,False,above_range,True,open_auction_out,,va,3017.50,False,above_range,True
2019-07-16,3016.75,3018.00,3014.00,open_auction_in,,,,False,in_value,True,open_auction_in,,,,False,in_value,True
2019-07-17,3007.25,3009.25,3000.00,open_auction_in,,,,False,in_value,True,open_auction_in,,,,False,in_value,True
2019-07-18,2980.75,2989.50,2979.25,open_auction_out,,range,2988.25,False,below_range,True,open_auction_out,,range,2988.25,False,below_range,True
2019-07-19,3009.25,3009.75,3000.25,open_auction_out,,range,3003.00,False,above_range,True,open_auction_out,,range,3003.00,False,above_range,True
2019-07-22,2984.50,2989.50,2981.50,open_test_drive,down,va,2984.75,True,below_value,True,open_test_drive,down,va,2984.75,True,below_value,True
2019-07-23,3000.00,3000.50,2990.75,open_auction_out,,va,2992.50,False,above_range,True,open_auction_out,,va,2992.50,False,above_range,True
2019-07-24,2999.50,3011.25,2998.75,open_auction_in,,,,False,in_value,False,open_auction_in,,,,False,in_value,False
2019-07-25,3017.00,3017.75,3004.25,open_rejection_reverse,down,va,3010.75,False,above_value,False,open_rejection_reverse,down,va,3010.75,False,above_value,False
2019-07-26,3014.75,3020.75,3013.25,open_drive,up,,3018.00,True,above_value,True,open_test_drive,up,va,3018.00,True,above_value,True
2019-07-29,3026.00,3026.25,3015.50,open_auction_in,,,,False,in_value,True,open_auction_in,,,,False,in_value,True
2019-07-30,3005.75,3013.75,3001.50,open_auction_out,,a_blurred,3010.50,False,below_range,True,open_auction_out,,range,3010.50,False,below_range,True
2019-07-31,3016.25,3017.00,3011.75,open_rejection_reverse,down,va,3012.00,True,above_value,True,open_rejection_reverse,down,va,3012.00,True,above_value,True
2019-08-01,2981.25,3002.25,2980.00,open_rejection_reverse,up,va,3002.00,False,below_value,False,open_rejection_reverse,up,va,3002.00,False,below_value,False
2019-08-02,2943.50,2946.00,2923.50,open_drive,down,,2929.00,True,below_range,True,open_drive,down,,2929.00,True,below_range,True
2019-08-05,2885.00,2886.25,2867.75,open_drive,down,,2870.75,True,below_range,True,open_drive,down,,2870.75,True,below_range,True
2019-08-06,2862.75,2872.75,2850.50,open_auction_in,,,,False,in_value,True,open_auction_in,,,,False,in_value,True
2019-08-07,2847.25,2856.75,2823.25,open_auction_out,,va,2848.25,False,below_value,True,open_rejection_reverse,up,va,2848.25,False,below_value,True
2019-08-08,2898.50,2909.50,2892.50,open_drive,up,,2908.50,True,above_range,True,open_drive,up,,2908.50,True,above_range,True
2019-08-09,2928.75,2935.50,2912.75,open_auction_in,,,,False,in_value,True,open_auction_in,,,,False,in_value,True
2019-08-12,2902.00,2908.25,2893.50,open_test_drive,down,va,2904.25,True,below_value,True,open_test_drive,down,a_extreme,2904.25,True,below_value,True
2019-08-13,2879.75,2944.25,2875.75,open_rejection_reverse,up,va,2940.25,False,below_value,False,open_rejection_reverse,up,va,2940.25,False,below_value,False
2019-08-14,2882.50,2889.75,2873.75,open_drive,down,,2881.25,True,below_value,True,open_drive,down,,2881.25,True,below_value,True
2019-08-15,2850.25,2857.75,2834.50,open_auction_in,,,,False,in_value,True,open_auction_in,,,,False,in_value,True
2019-08-16,2865.75,2884.00,2865.00,open_drive,up,,2876.25,True,above_range,True,open_drive,up,,2876.25,True,above_value,True
2019-08-19,2923.50,2926.00,2915.50,open_auction_out,,a_blurred,2919.25,True,above_range,True,open_auction_out,,a_blurred,2919.25,True,above_range,True
2019-08-20,2918.75,2920.00,2904.25,open_drive,down,,2913.50,False,below_value,False,open_drive,down,,2913.50,False,below_value,False
2019-08-21,2925.50,2929.50,2921.75,open_auction_out,,range,2924.25,False,above_range,True,open_auction_out,,range,2924.25,False,above_range,True
2019-08-22,2932.50,2939.75,2920.00,open_rejection_reverse,down,va,2921.50,False,above_range,True,open_rejection_reverse,down,va,2921.50,False,above_range,True
2019-08-23,2909.50,2920.50,2901.00,open_rejection_reverse,up,va,2914.75,True,below_value,True,open_test_drive,down,va,2914.75,True,below_value,True
2019-08-26,2872.50,2876.00,2855.25,open_auction_in,,,,False,in_value,True,open_auction_in,,,,False,in_value,True
2019-08-27,2895.25,2899.50,2886.75,open_auction_out,,a_blurred,2887.50,False,above_range,True,open_auction_out,,a_extreme,2887.50,False,above_value,True
2019-08-28,2860.75,2875.75,2851.75,open_rejection_reverse,up,va,2870.25,False,below_value,False,open_auction_in,,,,False,in_value,True
2019-08-29,2916.50,2925.50,2915.00,open_auction_out,,a_blurred,2919.50,False,above_range,True,open_auction_out,,a_extreme,2919.50,False,above_value,True
2019-08-30,2941.50,2941.75,2931.75,open_auction_out,,a_blurred,2933.50,False,above_range,True,open_auction_out,,a_blurred,2933.50,False,above_range,True
2019-09-03,2904.00,2914.50,2891.00,open_drive,down,,2900.75,False,below_range,True,open_auction_out,,range,2900.75,False,below_range,True
2019-09-04,2930.00,2932.25,2921.50,open_auction_out,,a_blurred,2925.75,False,above_range,True,open_auction_out,,a_blurred,2925.75,False,above_range,True
2019-09-05,2966.00,2986.50,2964.50,open_drive,up,,2980.50,False,above_range,True,open_drive,up,,2980.50,False,above_range,True
2019-09-06,2980.00,2982.50,2972.25,open_auction_in,,,,False,in_value,True,open_auction_in,,,,False,in_value,True
2019-09-09,2989.50,2990.25,2980.75,open_auction_out,,va,2985.00,False,above_range,True,open_rejection_reverse,down,va,2985.00,False,above_range,False
2019-09-10,2971.25,2971.75,2957.25,open_auction_in,,,,False,in_value,False,open_auction_out,,va,2965.25,False,below_value,True
2019-09-11,2982.00,2988.00,2974.75,open_drive,up,,2986.75,True,above_range,True,open_drive,up,,2986.75,True,above_range,True
2019-09-12,3009.50,3020.50,3001.00,open_drive,up,,3017.00,False,above_range,True,open_drive,up,,3017.00,False,above_range,True
2019-09-13,3014.75,3017.25,3009.75,open_auction_in,,,,False,in_value,True,open_auction_in,,,,False,in_value,True
2019-09-16,2997.25,3005.25,2995.75,open_auction_out,,range,2999.75,False,below_range,True,open_auction_out,,range,2999.75,False,below_range,True
2019-09-17,2998.25,3003.00,2996.50,open_auction_in,,,,False,in_value,True,open_auction_in,,,,False,in_value,True
2019-09-18,3003.50,3004.50,2997.50,open_auction_in,,,,False,in_value,True,open_auction_in,,,,False,in_value,True
2019-09-19,3013.50,3022.00,3013.00,open_drive,up,,3020.50,True,above_range,True,open_drive,up,,3020.50,True,above_range,True
2019-09-20,3015.00,3018.00,3011.50,open_auction_in,,,,False,in_value,True,open_auction_in,,,,False,in_value,True
2019-09-23,2986.25,2994.75,2983.50,open_drive,down,,2991.25,False,below_value,True,open_drive,down,,2991.25,False,below_value,True
2019-09-24,3005.00,3009.25,2996.75,open_rejection_reverse,down,va,2999.50,False,above_range,True,open_rejection_reverse,down,va,2999.50,False,above_range,True
2019-09-25,2969.75,2974.00,2953.75,open_auction_in,,,,False,in_value,True,open_auction_in,,,,False,in_value,True
2019-09-26,2986.50,2986.75,2972.50,open_rejection_reverse,down,va,2977.50,False,above_value,False,open_rejection_reverse,down,va,2977.50,False,above_value,False
2019-09-27,2988.25,2989.50,2973.00,open_rejection_reverse,down,va,2979.75,False,above_value,False,open_rejection_reverse,down,va,2979.75,False,above_value,False
2019-09-30,2969.00,2977.50,2968.25,open_auction_in,,,,False,in_value,True,open_auction_in,,,,False,in_value,True
2019-10-01,2986.75,2994.00,2963.50,open_rejection_reverse,down,va,2971.25,False,above_range,True,open_rejection_reverse,down,va,2971.25,False,above_value,True
2019-10-02,2923.25,2923.75,2898.75,open_drive,down,,2901.25,True,below_range,True,open_drive,down,,2901.25,True,below_range,True
2019-10-03,2885.25,2891.50,2855.00,open_auction_in,,,,False,in_value,True,open_auction_in,,,,False,in_value,True
2019-10-04,2918.50,2934.00,2917.50,open_drive,up,,2926.25,False,above_range,True,open_drive,up,,2926.25,False,above_value,False
2019-10-07,2941.50,2945.50,2934.25,open_auction_in,,,,False,in_value,True,open_auction_in,,,,False,in_value,True
2019-10-08,2916.25,2916.75,2896.50,open_drive,down,,2900.50,False,below_range,True,open_drive,down,,2900.50,False,below_range,True
2019-10-09,2913.75,2918.50,2907.25,open_auction_in,,,,False,in_value,True,open_auction_in,,,,False,in_value,True
2019-10-10,2917.50,2938.75,2915.75,open_auction_in,,,,False,in_value,False,open_auction_in,,,,False,in_value,False
2019-10-11,2968.75,2985.00,2968.75,open_drive,up,,2984.75,True,above_range,True,open_drive,up,,2984.75,True,above_range,True
2019-10-14,2965.00,2972.00,2961.50,open_auction_out,,range,2965.00,False,below_range,True,open_auction_out,,range,2965.00,False,below_range,True
2019-10-15,2976.75,2992.00,2975.50,open_drive,up,,2989.75,True,above_range,True,open_drive,up,,2989.75,True,above_range,True
2019-10-16,2989.50,2993.25,2984.75,open_auction_out,,a_extreme,2993.00,False,below_value,True,open_auction_out,,a_extreme,2993.00,False,below_value,True
2019-10-17,3002.25,3008.00,3000.00,open_drive,up,,3004.75,False,above_range,True,open_drive,up,,3004.75,False,above_range,True
2019-10-18,2991.75,2999.00,2991.00,open_test_drive,down,va,2993.00,True,below_value,True,open_test_drive,down,va,2993.00,True,below_value,True
2019-10-21,2999.50,3003.75,2994.50,open_auction_out,,va,2999.00,False,above_range,True,open_auction_out,,va,2999.00,False,above_range,True
2019-10-22,3011.00,3013.50,3007.50,open_test_drive,up,va,3010.50,True,above_range,True,open_test_drive,up,va,3010.50,True,above_range,True
2019-10-23,2992.00,2998.75,2989.75,open_auction_out,,range,2995.25,False,below_range,True,open_auction_out,,range,2995.25,False,below_range,True
2019-10-24,3013.75,3015.25,2999.75,open_rejection_reverse,down,va,3002.00,False,above_range,True,open_rejection_reverse,down,va,3002.00,False,above_range,True
2019-10-25,3001.50,3014.75,3001.25,open_auction_in,,,,False,in_value,True,open_auction_in,,,,False,in_value,True
2019-10-28,3033.25,3041.25,3033.25,open_drive,up,,3040.00,True,above_range,True,open_drive,up,,3040.00,True,above_range,True
2019-10-29,3034.00,3039.75,3032.25,open_auction_in,,,,False,in_value,True,open_auction_in,,,,False,in_value,True
2019-10-30,3038.00,3038.00,3023.25,open_auction_in,,,,False,in_value,False,open_auction_in,,,,False,in_value,False
2019-10-31,3044.00,3044.50,3025.50,open_rejection_reverse,down,va,3027.75,False,above_value,False,open_rejection_reverse,down,va,3027.75,False,above_value,False
2019-11-01,3051.75,3062.00,3050.25,open_drive,up,,3059.00,False,above_range,True,open_drive,up,,3059.00,False,above_range,True
2019-11-04,3081.50,3083.00,3076.00,open_auction_out,,a_blurred,3081.25,False,above_range,True,open_auction_out,,a_blurred,3081.25,False,above_range,True
2019-11-05,3079.00,3082.00,3071.00,open_auction_in,,,,False,in_value,True,open_auction_in,,,,False,in_value,True
2019-11-06,3073.25,3074.75,3067.25,open_auction_in,,,,False,in_value,True,open_auction_in,,,,False,in_value,True
2019-11-07,3088.00,3094.50,3087.25,open_drive,up,,3091.75,True,above_range,True,open_drive,up,,3091.75,True,above_range,True
2019-11-08,3080.00,3085.25,3072.50,open_drive,down,,3082.00,False,below_value,True,open_drive,down,,3082.00,False,below_value,True
2019-11-11,3076.00,3083.75,3074.50,open_rejection_reverse,up,va,3083.00,False,below_value,False,open_rejection_reverse,up,va,3083.00,False,below_value,False
2019-11-12,3089.25,3100.75,3087.25,open_test_drive,up,va,3099.75,True,above_range,True,open_auction_in,,,,False,in_value,False
2019-11-13,3080.50,3088.50,3078.00,open_rejection_reverse,up,va,3087.25,False,below_range,False,open_rejection_reverse,up,va,3087.25,False,below_range,False
2019-11-14,3088.50,3095.50,3087.75,open_auction_in,,,,False,in_value,True,open_auction_in,,,,False,in_value,True
2019-11-15,3110.75,3111.25,3103.25,open_drive,up,,3108.75,True,above_range,True,open_drive,up,,3108.75,True,above_range,True
2019-11-18,3116.00,3117.25,3111.00,open_auction_in,,,,False,in_value,True,open_auction_in,,,,False,in_value,True
2019-11-19,3127.50,3128.00,3118.25,open_rejection_reverse,down,va,3120.50,False,above_range,False,open_rejection_reverse,down,va,3120.50,False,above_range,False
2019-11-20,3113.25,3116.75,3111.00,open_auction_out,,va,3114.00,False,below_value,True,open_auction_out,,va,3114.00,False,below_value,True
2019-11-21,3108.50,3109.75,3095.50,open_auction_in,,,,False,in_value,True,open_auction_in,,,,False,in_value,True
2019-11-22,3110.50,3111.75,3104.50,open_rejection_reverse,down,va,3104.75,False,above_range,True,open_rejection_reverse,down,va,3104.75,False,above_value,True
2019-11-25,3119.50,3129.25,3119.25,open_drive,up,,3129.00,True,above_range,True,open_drive,up,,3129.00,True,above_range,True
2019-11-26,3133.75,3138.25,3129.75,open_test_drive,up,va,3135.50,True,above_range,True,open_test_drive,up,va,3135.50,True,above_range,True
2019-11-27,3145.00,3145.75,3142.25,open_test_drive,up,va,3144.00,True,above_range,True,open_test_drive,up,va,3144.00,True,above_range,True
2019-11-29,3147.50,3150.25,3144.75,open_auction_in,,,,False,in_value,True,open_auction_in,,,,False,in_value,True
2019-12-02,3144.75,3145.25,3116.50,open_auction_in,,,,False,in_value,False,open_auction_in,,,,False,in_value,False
2019-12-03,3084.75,3086.25,3069.50,open_drive,down,,3077.75,False,below_range,True,open_drive,down,,3077.75,False,below_range,True
2019-12-04,3105.25,3117.50,3101.25,open_drive,up,,3112.75,False,above_range,True,open_drive,up,,3112.75,False,above_range,True
2019-12-05,3120.25,3120.25,3103.25,open_rejection_reverse,down,va,3110.00,False,above_range,False,open_rejection_reverse,down,va,3110.00,False,above_range,False
2019-12-06,3138.75,3146.75,3138.50,open_drive,up,,3144.25,True,above_range,True,open_drive,up,,3144.25,True,above_range,True
2019-12-09,3142.00,3149.50,3141.50,open_rejection_reverse,up,va,3147.25,False,below_value,False,open_rejection_reverse,up,va,3147.25,False,below_value,False
2019-12-10,3136.00,3142.00,3125.50,open_rejection_reverse,up,va,3141.25,False,below_value,True,open_rejection_reverse,up,va,3141.25,False,below_value,True
2019-12-11,3137.75,3143.00,3134.50,open_auction_in,,,,False,in_value,True,open_auction_in,,,,False,in_value,True
2019-12-12,3141.50,3177.50,3138.75,open_auction_in,,,,False,in_value,False,open_auction_in,,,,False,in_value,False
2019-12-13,3165.50,3184.00,3160.25,open_auction_in,,,,False,in_value,True,open_auction_in,,,,False,in_value,True
2019-12-16,3192.00,3201.00,3191.75,open_drive,up,,3199.50,False,above_range,True,open_drive,up,,3199.50,False,above_range,True
2019-12-17,3200.00,3203.50,3196.00,open_auction_in,,,,False,in_value,True,open_auction_in,,,,False,in_value,True
2019-12-18,3200.00,3202.00,3195.50,open_auction_in,,,,False,in_value,True,open_auction_in,,,,False,in_value,True
2019-12-19,3198.00,3201.50,3197.50,open_auction_in,,,,False,in_value,True,open_auction_in,,,,False,in_value,True
2019-12-20,3221.25,3224.75,3219.25,open_drive,up,,3223.00,True,above_range,True,open_drive,up,,3223.00,True,above_range,True
2019-12-23,3230.50,3230.75,3226.50,open_rejection_reverse,down,va,3227.75,False,above_range,False,open_rejection_reverse,down,va,3227.75,False,above_range,False
2019-12-24,3228.25,3228.75,3222.50,open_auction_in,,,,False,in_value,True,open_auction_in,,,,False,in_value,False
2019-12-26,3229.25,3235.00,3229.00,open_test_drive,up,va,3234.50,True,above_range,True,open_drive,up,,3234.50,True,above_value,False
2019-12-27,3250.50,3251.00,3238.00,open_auction_out,,va,3243.25,False,above_range,True,open_auction_out,,va,3243.25,False,above_range,True
2019-12-30,3241.50,3243.00,3217.25,open_auction_in,,,,False,in_value,False,open_auction_in,,,,False,in_value,False
2019-12-31,3216.75,3226.75,3213.00,open_auction_out,,va,3219.25,False,below_range,False,open_auction_out,,va,3219.25,False,below_range,False
2020-01-02,3246.50,3251.00,3236.50,open_auction_out,,a_blurred,3240.25,False,above_range,True,open_auction_out,,a_blurred,3240.25,False,above_range,True
2020-01-03,3221.50,3239.50,3220.75,open_auction_out,,va,3237.50,False,below_range,True,open_auction_out,,va,3237.50,False,below_range,True
2020-01-06,3214.50,3231.25,3213.25,open_auction_out,,range,3230.50,False,below_range,False,open_auction_out,,range,3230.50,False,below_range,False
2020-01-07,3239.50,3242.25,3231.75,open_auction_in,,,,False,in_value,True,open_auction_in,,,,False,in_value,True
2020-01-08,3239.00,3249.50,3236.00,open_auction_in,,,,False,in_value,True,open_auction_in,,,,False,in_value,True
2020-01-09,3271.00,3274.00,3265.50,open_test_drive,up,va,3270.75,True,above_range,True,open_test_drive,up,va,3270.75,True,above_range,True
2020-01-10,3282.00,3283.75,3274.75,open_auction_out,,va,3280.00,False,above_range,True,open_auction_out,,va,3280.00,False,above_range,True
2020-01-13,3273.00,3276.00,3268.00,open_auction_in,,,,False,in_value,True,open_auction_in,,,,False,in_value,True
2020-01-14,3283.75,3286.50,3279.00,open_auction_in,,,,False,in_value,True,open_auction_in,,,,False,in_value,True
2020-01-15,3282.25,3297.00,3281.75,open_auction_in,,,,False,in_value,False,open_auction_in,,,,False,in_value,False
2020-01-16,3305.25,3308.50,3302.75,open_drive,up,,3306.75,True,above_range,True,open_drive,up,,3306.75,True,above_range,True
2020-01-17,3325.25,3326.50,3320.00,open_drive,up,,3326.25,False,above_range,True,open_drive,up,,3326.25,False,above_range,True
2020-01-21,3316.50,3323.50,3316.00,open_rejection_reverse,up,va,3321.50,False,below_range,True,open_rejection_reverse,up,va,3321.50,False,below_range,True
2020-01-22,3330.50,3336.00,3328.00,open_test_drive,up,va,3335.00,True,above_range,True,open_test_drive,up,va,3335.00,True,above_range,True
2020-01-23,3313.50,3315.75,3301.25,open_drive,down,,3312.25,False,below_range,True,open_drive,down,,3312.25,False,below_range,True
2020-01-24,3331.50,3332.50,3316.75,open_rejection_reverse,down,va,3317.00,False,above_range,True,open_rejection_reverse,down,va,3317.00,False,above_range,True
2020-01-27,3236.75,3253.50,3233.00,open_drive,down,,3251.75,False,below_range,True,open_drive,down,,3251.75,False,below_range,True
2020-01-28,3257.00,3272.25,3251.75,open_test_drive,up,va,3269.75,True,above_value,True,open_test_drive,up,va,3269.75,True,above_value,True
2020-01-29,3290.25,3291.25,3270.25,open_rejection_reverse,down,va,3279.00,False,above_range,False,open_rejection_reverse,down,va,3279.00,False,above_range,False
2020-01-30,3249.00,3264.75,3248.50,open_drive,down,,3258.00,True,below_range,True,open_test_drive,down,range,3258.00,True,below_range,False
2020-01-31,3275.50,3277.50,3252.00,open_rejection_reverse,down,va,3252.25,False,above_value,True,open_rejection_reverse,down,va,3252.25,False,above_value,True
2020-02-03,3239.25,3267.25,3237.75,open_auction_in,,,,False,in_value,False,open_auction_in,,,,False,in_value,False
2020-02-04,3286.50,3296.50,3282.25,open_drive,up,,3296.50,True,above_range,True,open_drive,up,,3296.50,True,above_range,True
2020-02-05,3328.00,3329.25,3313.50,open_auction_out,,a_blurred,3316.75,False,above_range,True,open_auction_out,,a_blurred,3316.75,False,above_range,True
2020-02-06,3344.00,3345.50,3332.75,open_auction_out,,range,3336.50,False,above_range,True,open_auction_out,,range,3336.50,False,above_range,True
2020-02-07,3333.00,3334.75,3324.00,open_auction_out,,a_extreme,3334.00,False,below_value,True,open_auction_out,,a_extreme,3334.00,False,below_value,True
2020-02-10,3316.50,3338.00,3316.25,open_rejection_reverse,up,va,3337.50,False,below_range,False,open_rejection_reverse,up,va,3337.50,False,below_range,False
2020-02-11,3366.25,3373.75,3359.25,open_drive,up,,3373.25,True,above_range,True,open_drive,up,,3373.25,True,above_range,True
2020-02-12,3372.50,3377.00,3368.50,open_auction_out,,va,3372.25,False,above_value,True,open_auction_out,,va,3372.25,False,above_value,True
2020-02-13,3362.25,3371.75,3359.00,open_auction_out,,va,3366.75,False,below_range,True,open_auction_out,,va,3366.75,False,below_range,True
2020-02-14,3378.00,3380.00,3370.25,open_auction_in,,,,False,in_value,True,open_auction_in,,,,False,in_value,True
2020-02-18,3368.50,3374.50,3362.50,open_auction_in,,,,False,in_value,True,open_test_drive,down,va,3362.75,True,below_value,True
2020-02-19,3380.75,3387.25,3377.75,open_drive,up,,3384.25,True,above_range,True,open_drive,up,,3384.25,True,above_range,True
2020-02-20,3380.00,3389.00,3377.75,open_rejection_reverse,up,va,3385.50,True,below_value,False,open_rejection_reverse,up,va,3385.50,True,below_value,False
2020-02-21,3357.25,3360.50,3336.25,open_auction_in,,,,False,in_value,False,open_auction_in,,,,False,in_value,False
2020-02-24,3232.75,3260.00,3229.50,open_auction_out,,a_blurred,3245.25,False,below_range,True,open_auction_out,,a_blurred,3245.25,False,below_range,True
2020-02-25,3240.50,3247.25,3201.00,open_auction_in,,,,False,in_value,True,open_auction_in,,,,False,in_value,True
2020-02-26,3142.25,3175.25,3138.75,open_auction_in,,,,False,in_value,True,open_auction_in,,,,False,in_value,True
2020-02-27,3054.25,3069.25,3021.50,open_drive,down,,3025.25,True,below_range,True,open_drive,down,,3025.25,True,below_range,True
2020-02-28,2885.75,2931.00,2853.25,open_drive,down,,2862.00,False,below_range,True,open_drive,down,,2862.00,False,below_range,True
2020-03-02,2980.50,2989.25,2942.50,open_test_drive,up,range,2961.25,True,above_range,True,open_test_drive,up,range,2961.25,True,above_range,True
2020-03-03,3093.50,3137.00,3046.75,open_auction_out,,range,3093.50,False,above_range,True,open_auction_out,,range,3093.50,False,above_range,True
2020-03-04,3058.75,3070.75,3030.75,open_auction_in,,,,False,in_value,True,open_auction_in,,,,False,in_value,True
2020-03-05,3047.00,3067.50,3035.25,open_auction_in,,,,False,in_value,True,open_auction_in,,,,False,in_value,True
2020-03-06,2928.25,2962.75,2911.25,open_auction_out,,a_blurred,2960.75,False,below_range,True,open_auction_out,,a_blurred,2960.75,False,below_range,True
2020-03-09,2762.00,2820.00,2715.00,open_auction_out,,a_blurred,2801.75,False,below_range,True,open_auction_out,,a_blurred,2801.75,False,below_range,True
2020-03-10,2840.25,2846.00,2803.25,open_auction_out,,va,2817.75,False,above_range,True,open_auction_out,,va,2817.75,False,above_range,True
2020-03-11,2802.25,2814.50,2779.00,open_auction_in,,,,False,in_value,True,open_auction_in,,,,False,in_value,True
2020-03-12,2563.00,2588.25,2492.25,open_drive,down,,2556.25,False,below_range,True,open_drive,down,,2556.25,False,below_range,True
2020-03-13,2622.50,2636.00,2546.50,open_auction_out,,va,2586.25,False,above_value,True,open_auction_out,,va,2586.25,False,above_value,True
2020-03-16,2513.50,2513.50,2360.25,open_drive,down,,2451.75,False,below_value,False,open_auction_in,,,,False,in_value,False
2020-03-17,2443.75,2468.00,2365.00,open_auction_in,,,,False,in_value,True,open_auction_in,,,,False,in_value,True
2020-03-18,2353.00,2442.00,2343.25,open_auction_out,,va,2422.25,False,below_value,True,open_rejection_reverse,up,va,2422.25,False,below_value,True
2020-03-19,2374.75,2422.75,2306.25,open_auction_in,,,,False,in_value,True,open_auction_in,,,,False,in_value,True
2020-03-20,2420.75,2431.50,2361.00,open_auction_in,,,,False,in_value,True,open_auction_in,,,,False,in_value,True
2020-03-23,2279.50,2287.00,2218.25,open_test_drive,down,range,2265.50,True,below_range,True,open_test_drive,down,range,2265.50,True,below_range,True
2020-03-24,2346.75,2388.25,2334.00,open_drive,up,,2380.50,False,above_range,True,open_drive,up,,2380.50,False,above_range,True
2020-03-25,2444.00,2486.00,2393.50,open_auction_out,,va,2418.75,False,above_range,False,open_auction_out,,va,2418.75,False,above_range,False
2020-03-26,2493.00,2573.00,2487.25,open_auction_in,,,,False,in_value,True,open_auction_in,,,,False,in_value,True
2020-03-27,2528.00,2545.50,2505.25,open_drive,down,,2524.50,False,below_value,True,open_drive,down,,2524.50,False,below_value,True
2020-03-30,2552.75,2572.00,2532.25,open_auction_in,,,,False,in_value,True,open_auction_in,,,,False,in_value,True
2020-03-31,2602.50,2625.50,2578.75,open_auction_in,,,,False,in_value,True,open_auction_in,,,,False,in_value,True
2020-04-01,2475.50,2500.00,2471.75,open_auction_out,,a_blurred,2489.50,False,below_range,True,open_auction_out,,a_blurred,2489.50,False,below_range,True
2020-04-02,2447.75,2486.50,2441.25,open_rejection_reverse,up,va,2485.75,False,below_value,False,open_rejection_reverse,up,va,2485.75,False,below_value,False
2020-04-03,2503.50,2529.50,2495.25,open_auction_in,,,,False,in_value,True,open_auction_in,,,,False,in_value,True
2020-04-06,2575.25,2606.75,2564.00,open_drive,up,,2596.00,False,above_range,True,open_drive,up,,2596.00,False,above_range,True
2020-04-07,2739.75,2750.00,2691.00,open_auction_out,,a_blurred,2695.00,False,above_range,True,open_auction_out,,a_blurred,2695.00,False,above_range,True
2020-04-08,2677.75,2688.75,2653.50,open_auction_out,,va,2676.50,False,below_value,True,open_auction_out,,va,2676.50,False,below_value,True
2020-04-09,2773.25,2803.50,2765.50,open_drive,up,,2789.75,False,above_range,True,open_drive,up,,2789.75,False,above_range,True
2020-04-13,2768.75,2771.75,2725.00,open_test_drive,down,va,2732.25,True,below_value,True,open_test_drive,down,va,2732.25,True,below_value,True
2020-04-14,2807.50,2836.25,2796.25,open_drive,up,,2828.25,False,above_range,True,open_drive,up,,2828.25,False,above_range,True
2020-04-15,2772.75,2781.75,2753.00,open_drive,down,,2757.25,True,below_range,True,open_drive,down,,2757.25,True,below_range,True
2020-04-16,2788.75,2795.00,2754.75,open_rejection_reverse,down,va,2771.25,False,above_value,False,open_rejection_reverse,down,va,2771.25,False,above_value,False
2020-04-17,2850.25,2854.00,2830.75,open_auction_out,,a_blurred,2835.00,False,above_range,True,open_auction_out,,a_blurred,2835.00,False,above_range,True
2020-04-20,2822.75,2838.00,2819.00,open_rejection_reverse,up,va,2834.00,False,below_value,False,open_rejection_reverse,up,va,2834.00,False,below_value,False
2020-04-21,2764.25,2777.50,2750.00,open_drive,down,,2765.75,True,below_range,True,open_drive,down,,2765.75,True,below_range,True
2020-04-22,2780.75,2786.25,2766.25,open_auction_out,,range,2774.50,False,above_range,True,open_auction_out,,range,2774.50,False,above_range,True
2020-04-23,2802.00,2823.50,2798.75,open_drive,up,,2821.75,True,above_value,True,open_drive,up,,2821.75,True,above_value,True
2020-04-24,2805.00,2810.75,2785.00,open_auction_in,,,,False,in_value,True,open_auction_in,,,,False,in_value,True
2020-04-27,2849.00,2860.75,2843.75,open_drive,up,,2856.00,True,above_range,True,open_drive,up,,2856.00,True,above_range,True
2020-04-28,2908.50,2912.25,2883.25,open_auction_out,,a_blurred,2886.50,False,above_range,True,open_auction_out,,a_blurred,2886.50,False,above_range,True
2020-04-29,2913.25,2919.25,2902.25,open_test_drive,up,range,2919.25,True,above_range,True,open_test_drive,up,range,2919.25,True,above_range,True
2020-04-30,2914.75,2919.00,2893.50,open_auction_out,,va,2917.50,False,below_value,True,open_auction_out,,va,2917.50,False,below_value,True
2020-05-01,2850.25,2857.75,2838.25,open_drive,down,,2847.50,True,below_range,True,open_drive,down,,2847.50,True,below_range,True
2020-05-04,2804.25,2817.75,2788.50,open_auction_out,,va,2808.00,False,below_range,True,open_auction_out,,va,2808.00,False,below_range,True
2020-05-05,2863.25,2881.75,2859.00,open_drive,up,,2872.00,True,above_range,True,open_drive,up,,2872.00,True,above_range,True
2020-05-06,2877.50,2881.75,2847.25,open_auction_in,,,,False,in_value,False,open_auction_in,,,,False,in_value,False
2020-05-07,2874.50,2886.75,2868.75,open_auction_out,,va,2876.75,False,above_value,True,open_auction_out,,va,2876.75,False,above_value,True
2020-05-08,2908.00,2912.75,2895.75,open_drive,up,,2908.00,True,above_range,True,open_drive,up,,2908.00,True,above_range,True
2020-05-11,2900.25,2909.50,2895.50,open_rejection_reverse,up,va,2905.50,False,below_value,True,open_rejection_reverse,up,va,2905.50,False,below_value,True
2020-05-12,2935.00,2939.25,2912.50,open_auction_in,,,,False,in_value,True,open_auction_in,,,,False,in_value,True
2020-05-13,2857.25,2861.50,2832.75,open_auction_out,,a_blurred,2860.25,True,below_range,True,open_auction_out,,a_blurred,2860.25,True,below_range,True
2020-05-14,2786.25,2794.50,2760.25,open_auction_out,,va,2769.50,False,below_value,False,open_auction_out,,va,2769.50,False,below_value,False
2020-05-15,2820.50,2847.00,2809.50,open_auction_in,,,,False,in_value,True,open_auction_in,,,,False,in_value,True
2020-05-18,2927.00,2938.50,2923.50,open_drive,up,,2929.75,True,above_range,True,open_drive,up,,2929.75,True,above_range,True
2020-05-19,2939.75,2955.00,2931.75,open_auction_in,,,,False,in_value,True,open_auction_in,,,,False,in_value,True
2020-05-20,2954.50,2972.25,2952.25,open_auction_in,,,,False,in_value,False,open_auction_in,,,,False,in_value,False
2020-05-21,2964.25,2973.00,2959.00,open_auction_in,,,,False,in_value,True,open_auction_in,,,,False,in_value,True
2020-05-22,2941.75,2944.50,2928.25,open_auction_in,,,,False,in_value,True,open_auction_in,,,,False,in_value,True
2020-05-26,3016.25,3019.00,3000.75,open_auction_out,,a_blurred,3010.75,False,above_range,True,open_auction_out,,a_blurred,3010.75,False,above_range,True
2020-05-27,3017.50,3019.00,2989.50,open_rejection_reverse,down,va,2996.00,False,above_value,False,open_rejection_reverse,down,va,2996.00,False,above_value,False
2020-05-28,3043.50,3046.25,3030.00,open_drive,up,,3041.25,True,above_range,True,open_drive,up,,3041.25,True,above_range,True
2020-05-29,3021.25,3028.50,3008.25,open_drive,down,,3012.25,True,below_value,True,open_drive,down,,3012.25,True,below_value,True
2020-06-01,3032.75,3048.00,3027.00,open_drive,up,,3046.75,True,above_value,True,open_drive,up,,3046.75,True,above_value,True
2020-06-02,3062.25,3068.75,3051.75,open_test_drive,up,va,3068.50,True,above_range,True,open_test_drive,up,va,3068.50,True,above_range,True
2020-06-03,3098.75,3106.50,3096.00,open_drive,up,,3105.75,True,above_range,True,open_drive,up,,3105.75,True,above_range,True
2020-06-04,3107.75,3123.25,3106.50,open_rejection_reverse,up,va,3122.25,False,below_value,False,open_rejection_reverse,up,va,3122.25,False,below_value,False
2020-06-05,3169.50,3184.25,3168.50,open_drive,up,,3177.75,True,above_range,True,open_drive,up,,3177.75,True,above_range,True
2020-06-08,3199.75,3209.25,3194.00,open_auction_in,,,,False,in_value,True,open_auction_in,,,,False,in_value,True
2020-06-09,3200.25,3204.75,3190.75,open_auction_out,,va,3198.25,False,below_value,True,open_auction_out,,va,3198.25,False,below_value,True
2020-06-10,3211.75,3215.50,3183.75,open_auction_in,,,,False,in_value,True,open_auction_in,,,,False,in_value,True
2020-06-11,3111.75,3118.25,3097.00,open_drive,down,,3098.75,True,below_range,True,open_drive,down,,3098.75,True,below_range,True
2020-06-12,3079.50,3087.75,3057.50,open_rejection_reverse,down,va,3057.75,False,above_value,True,open_rejection_reverse,down,va,3057.75,False,above_value,True
2020-06-15,2976.75,3009.75,2963.50,open_auction_out,,va,2996.00,False,below_range,False,open_auction_out,,va,2996.00,False,below_range,False
2020-06-16,3151.75,3152.75,3134.75,open_drive,up,,3151.00,True,above_range,True,open_drive,up,,3151.00,True,above_range,True
2020-06-17,3127.25,3128.50,3100.00,open_auction_in,,,,False,in_value,True,open_auction_in,,,,False,in_value,True
2020-06-18,3086.00,3104.25,3080.75,open_auction_out,,va,3097.25,False,below_range,True,open_auction_out,,va,3097.25,False,below_value,True
2020-06-19,3141.25,3144.00,3126.00,open_drive,up,,3129.75,False,above_range,True,open_drive,up,,3129.75,False,above_range,True
2020-06-22,3079.00,3095.25,3066.25,open_auction_in,,,,False,in_value,True,open_auction_in,,,,False,in_value,True
2020-06-23,3134.25,3137.75,3122.25,open_auction_out,,a_blurred,3135.00,True,above_range,True,open_auction_out,,a_blurred,3135.00,True,above_range,True
2020-06-24,3097.50,3104.50,3069.00,open_drive,down,,3081.75,True,below_range,True,open_drive,down,,3081.75,True,below_range,True
2020-06-25,3034.00,3048.75,3011.50,open_auction_in,,,,False,in_value,True,open_auction_in,,,,False,in_value,True
2020-06-26,3061.00,3063.25,3019.50,open_rejection_reverse,down,va,3027.25,False,above_value,True,open_rejection_reverse,down,va,3027.25,False,above_value,False
2020-06-29,3013.25,3023.25,2988.50,open_auction_in,,,,False,in_value,True,open_auction_in,,,,False,in_value,True
2020-06-30,3038.25,3058.50,3037.50,open_test_drive,up,va,3054.25,True,above_value,False,open_drive,up,,3054.25,True,above_value,True
2020-07-01,3094.50,3109.25,3091.75,open_drive,up,,3108.25,True,above_value,True,open_drive,up,,3108.25,True,above_value,True
2020-07-02,3142.00,3156.50,3135.00,open_auction_out,,a_blurred,3135.50,False,above_range,True,open_auction_out,,a_blurred,3135.50,False,above_range,True
2020-07-06,3163.50,3174.50,3155.00,open_auction_out,,range,3159.25,False,above_range,True,open_auction_out,,range,3159.25,False,above_range,True
2020-07-07,3153.00,3169.50,3148.25,open_rejection_reverse,up,va,3167.00,False,below_range,False,open_rejection_reverse,up,va,3167.00,False,below_range,False
2020-07-08,3145.00,3162.25,3140.25,open_rejection_reverse,up,va,3151.50,True,below_value,False,open_rejection_reverse,up,va,3151.50,True,below_value,False
2020-07-09,3167.25,3170.00,3144.50,open_rejection_reverse,down,va,3150.25,False,above_range,True,open_rejection_reverse,down,va,3150.25,False,above_range,True
2020-07-10,3141.50,3149.75,3126.50,open_auction_in,,,,False,in_value,True,open_auction_in,,,,False,in_value,True
2020-07-13,3200.50,3210.00,3191.00,open_auction_out,,a_blurred,3209.75,True,above_range,True,open_auction_out,,a_blurred,3209.75,True,above_range,True
2020-07-14,3131.75,3152.25,3119.00,open_auction_out,,range,3142.25,False,below_range,True,open_auction_out,,range,3142.25,False,below_range,True
2020-07-15,3223.00,3225.50,3210.50,open_auction_out,,a_blurred,3223.75,True,above_range,True,open_auction_out,,a_blurred,3223.75,True,above_range,True
2020-07-16,3197.25,3204.25,3190.25,open_drive,down,,3201.50,False,below_value,True,open_drive,down,,3201.50,False,below_value,True
2020-07-17,3217.75,3219.00,3197.25,open_rejection_reverse,down,va,3200.25,False,above_range,True,open_rejection_reverse,down,va,3200.25,False,above_range,True
2020-07-20,3213.75,3225.75,3205.25,open_auction_in,,,,False,in_value,True,open_auction_in,,,,False,in_value,True
2020-07-21,3263.75,3268.75,3254.25,open_auction_out,,a_blurred,3257.25,False,above_range,True,open_auction_out,,a_blurred,3257.25,False,above_range,True
2020-07-22,3245.75,3261.00,3245.00,open_test_drive,down,va,3252.75,True,below_value,True,open_test_drive,down,va,3252.75,True,below_value,True
2020-07-23,3264.25,3271.75,3254.50,open_auction_out,,va,3263.50,False,above_value,True,open_auction_in,,,,False,in_value,True
2020-07-24,3209.00,3216.25,3194.25,open_auction_out,,range,3212.25,False,below_range,True,open_auction_out,,range,3212.25,False,below_range,True
2020-07-27,3216.00,3228.75,3207.25,open_test_drive,up,va,3225.50,True,above_value,False,open_test_drive,up,va,3225.50,True,above_value,False
2020-07-28,3223.75,3230.00,3212.50,open_auction_in,,,,False,in_value,True,open_auction_in,,,,False,in_value,True
2020-07-29,3220.50,3233.00,3220.00,open_auction_in,,,,False,in_value,True,open_auction_in,,,,False,in_value,True
2020-07-30,3218.25,3223.50,3195.00,open_drive,down,,3206.75,False,below_range,True,open_drive,down,,3206.75,False,below_range,True
2020-07-31,3258.00,3260.50,3223.25,open_rejection_reverse,down,va,3226.25,False,above_range,True,open_rejection_reverse,down,va,3226.25,False,above_range,True
2020-08-03,3283.00,3292.00,3276.50,open_drive,up,,3285.50,False,above_range,True,open_drive,up,,3285.50,False,above_range,True
2020-08-04,3278.00,3292.50,3277.75,open_rejection_reverse,up,va,3287.25,False,below_value,False,open_rejection_reverse,up,va,3287.25,False,below_value,False
2020-08-05,3314.25,3320.75,3311.50,open_drive,up,,3319.50,True,above_range,True,open_drive,up,,3319.50,True,above_range,True
2020-08-06,3313.75,3325.75,3313.00,open_rejection_reverse,up,va,3324.00,True,below_value,False,open_rejection_reverse,up,va,3324.00,True,below_value,False
2020-08-07,3332.00,3340.25,3327.50,open_auction_in,,,,False,in_value,True,open_auction_in,,,,False,in_value,True
2020-08-10,3350.00,3355.25,3346.25,open_auction_out,,range,3352.75,False,above_range,True,open_auction_out,,range,3352.75,False,above_range,True
2020-08-11,3368.25,3372.25,3354.50,open_auction_out,,va,3364.25,False,above_range,True,open_auction_out,,va,3364.25,False,above_range,True
2020-08-12,3353.75,3371.25,3353.50,open_rejection_reverse,up,va,3370.75,False,below_value,False,open_rejection_reverse,up,va,3370.75,False,below_value,False
2020-08-13,3365.25,3379.25,3363.75,open_rejection_reverse,up,va,3376.00,False,below_value,False,open_rejection_reverse,up,va,3376.00,False,below_value,False
2020-08-14,3363.50,3368.50,3358.25,open_auction_out,,va,3362.75,False,below_value,True,open_auction_out,,va,3362.75,False,below_value,True
2020-08-17,3378.75,3381.00,3374.00,open_auction_out,,a_blurred,3378.50,True,above_range,True,open_test_drive,up,va,3378.50,True,above_value,True
2020-08-18,3382.75,3390.00,3367.00,open_auction_in,,,,False,in_value,True,open_auction_in,,,,False,in_value,True
2020-08-19,3390.00,3391.50,3385.50,open_auction_in,,,,False,in_value,True,open_auction_in,,,,False,in_value,True
2020-08-20,3352.75,3372.50,3351.25,open_auction_out,,range,3370.50,False,below_range,True,open_auction_out,,range,3370.50,False,below_range,True
2020-08-21,3378.50,3387.25,3374.75,open_auction_in,,,,False,in_value,True,open_auction_in,,,,False,in_value,True
2020-08-24,3420.50,3423.50,3412.50,open_auction_out,,a_blurred,3419.50,False,above_range,True,open_auction_out,,a_blurred,3419.50,False,above_range,True
2020-08-25,3434.75,3436.50,3424.25,open_auction_out,,range,3426.75,False,above_range,True,open_auction_out,,range,3426.75,False,above_range,True
2020-08-26,3446.75,3448.50,3441.00,open_drive,up,,3448.00,True,above_range,True,open_drive,up,,3448.00,True,above_range,True
2020-08-27,3484.50,3494.25,3473.75,open_test_drive,up,va,3491.50,True,above_range,True,open_test_drive,up,va,3491.50,True,above_range,True
2020-08-28,3493.75,3495.25,3484.75,open_auction_in,,,,False,in_value,True,open_auction_in,,,,False,in_value,True
2020-08-31,3502.75,3506.25,3497.75,open_test_drive,up,va,3500.75,True,above_value,True,open_test_drive,up,a_extreme,3500.75,True,above_value,True
2020-09-01,3501.50,3513.50,3491.75,open_auction_in,,,,False,in_value,True,open_auction_in,,,,False,in_value,True
2020-09-02,3546.25,3549.50,3533.75,open_auction_out,,a_blurred,3549.25,True,above_range,True,open_auction_out,,a_blurred,3549.25,True,above_range,True
2020-09-03,3558.00,3563.50,3519.25,open_auction_in,,,,False,in_value,True,open_auction_in,,,,False,in_value,True
2020-09-04,3460.25,3477.25,3389.75,open_auction_in,,,,False,in_value,True,open_auction_in,,,,False,in_value,True
2020-09-08,3365.75,3375.00,3337.25,open_auction_in,,,,False,in_value,True,open_auction_in,,,,False,in_value,True
2020-09-09,3375.00,3397.50,3365.00,open_test_drive,up,va,3393.25,True,above_value,False,open_test_drive,up,va,3393.25,True,above_value,False
2020-09-10,3417.25,3424.25,3411.00,open_auction_in,,,,False,in_value,True,open_auction_in,,,,False,in_value,True
2020-09-11,3357.00,3364.50,3335.75,open_auction_out,,va,3353.25,False,below_value,True,open_auction_out,,va,3353.25,False,below_value,True
2020-09-14,3363.50,3392.50,3358.25,open_drive,up,,3390.50,False,above_range,True,open_drive,up,,3390.50,False,above_range,True
2020-09-15,3400.00,3409.00,3397.50,open_auction_out,,a_blurred,3402.25,False,above_range,True,open_auction_out,,a_blurred,3402.25,False,above_range,True
2020-09-16,3404.25,3406.75,3396.00,open_auction_in,,,,False,in_value,True,open_auction_in,,,,False,in_value,True
2020-09-17,3323.50,3356.50,3319.75,open_auction_out,,a_blurred,3345.50,False,below_range,True,open_auction_out,,a_blurred,3345.50,False,below_range,True
2020-09-18,3355.00,3357.25,3332.25,open_rejection_reverse,down,va,3346.00,False,above_value,True,open_rejection_reverse,down,va,3346.00,False,above_value,True
2020-09-21,3258.00,3266.25,3225.75,open_drive,down,,3227.75,True,below_range,True,open_drive,down,,3227.75,True,below_range,True
2020-09-22,3286.00,3291.75,3270.25,open_drive,up,,3288.25,False,above_range,True,open_drive,up,,3288.25,False,above_range,True
2020-09-23,3309.25,3312.50,3289.25,open_auction_out,,va,3296.25,False,above_value,True,open_auction_out,,va,3296.25,False,above_value,True
2020-09-24,3212.25,3246.50,3198.00,open_auction_out,,range,3226.75,False,below_range,False,open_auction_out,,range,3226.75,False,below_range,False
2020-09-25,3225.75,3242.75,3216.00,open_auction_in,,,,False,in_value,True,open_auction_in,,,,False,in_value,True
2020-09-28,3333.00,3346.50,3321.75,open_drive,up,,3340.50,False,above_range,True,open_drive,up,,3340.50,False,above_range,True
2020-09-29,3340.75,3348.25,3335.00,open_auction_in,,,,False,in_value,True,open_auction_in,,,,False,in_value,True
2020-09-30,3331.75,3363.75,3331.25,open_auction_in,,,,False,in_value,False,open_auction_in,,,,False,in_value,False
2020-10-01,3377.25,3387.50,3355.75,open_rejection_reverse,down,va,3361.75,False,above_value,False,open_rejection_reverse,down,va,3361.75,False,above_value,False
2020-10-02,3316.75,3353.50,3311.50,open_auction_out,,range,3350.00,False,below_range,True,open_auction_out,,range,3350.00,False,below_range,False
2020-10-05,3360.50,3378.50,3360.50,open_drive,up,,3376.75,True,above_range,True,open_drive,up,,3376.75,True,above_range,True
2020-10-06,3399.25,3405.75,3390.75,open_auction_out,,va,3403.00,False,above_value,True,open_auction_out,,va,3403.00,False,above_value,True
2020-10-07,3381.25,3395.25,3381.00,open_auction_in,,,,False,in_value,True,open_auction_in,,,,False,in_value,True
2020-10-08,3428.50,3434.75,3422.75,open_drive,up,,3427.50,True,above_range,True,open_drive,up,,3427.50,True,above_range,True
2020-10-09,3456.25,3461.50,3449.50,open_auction_out,,a_blurred,3450.50,False,above_range,True,open_auction_out,,a_blurred,3450.50,False,above_range,True
2020-10-12,3496.75,3502.75,3491.25,open_drive,up,,3502.25,True,above_range,True,open_drive,up,,3502.25,True,above_range,True
2020-10-13,3523.50,3524.75,3507.25,open_auction_in,,,,False,in_value,True,open_auction_in,,,,False,in_value,True
2020-10-14,3508.00,3520.25,3501.50,open_auction_in,,,,False,in_value,True,open_auction_in,,,,False,in_value,True
2020-10-15,3437.00,3457.50,3431.50,open_auction_out,,a_blurred,3447.00,False,below_range,True,open_auction_out,,a_blurred,3447.00,False,below_range,True
2020-10-16,3490.00,3507.75,3483.50,open_drive,up,,3507.00,True,above_range,True,open_drive,up,,3507.00,True,above_range,True
2020-10-19,3487.25,3493.75,3468.75,open_auction_in,,,,False,in_value,False,open_auction_in,,,,False,in_value,False
2020-10-20,3435.00,3453.75,3430.50,open_rejection_reverse,up,va,3443.25,True,below_value,True,open_rejection_reverse,up,va,3443.25,True,below_value,True
2020-10-21,3433.75,3457.25,3431.75,open_auction_in,,,,False,in_value,True,open_rejection_reverse,up,va,3450.50,True,below_value,False
2020-10-22,3430.00,3438.25,3415.75,open_auction_in,,,,False,in_value,True,open_auction_in,,,,False,in_value,True
2020-10-23,3460.00,3460.50,3444.50,open_auction_out,,va,3449.25,False,above_range,True,open_auction_in,,,,False,in_value,True
2020-10-26,3421.75,3430.00,3415.25,open_auction_out,,a_blurred,3416.00,True,below_range,True,open_test_drive,down,va,3416.00,True,below_value,True
2020-10-27,3397.25,3401.00,3381.25,open_rejection_reverse,down,va,3384.75,False,above_value,True,open_rejection_reverse,down,va,3384.75,False,above_value,True
2020-10-28,3321.00,3328.25,3281.75,open_drive,down,,3287.25,True,below_range,True,open_drive,down,,3287.25,True,below_range,True
2020-10-29,3268.75,3290.75,3250.25,open_rejection_reverse,up,va,3290.25,False,below_value,True,open_rejection_reverse,up,va,3290.25,False,below_value,True
2020-10-30,3281.50,3296.25,3248.25,open_auction_in,,,,False,in_value,True,open_auction_in,,,,False,in_value,True
2020-11-02,3302.00,3323.50,3289.25,open_drive,up,,3315.50,False,above_range,True,open_drive,up,,3315.50,False,above_range,True
2020-11-03,3337.00,3380.75,3331.50,open_drive,up,,3374.00,True,above_range,True,open_drive,up,,3374.00,True,above_range,True
2020-11-04,3409.00,3465.00,3395.75,open_drive,up,,3451.25,False,above_range,True,open_drive,up,,3451.25,False,above_range,True
2020-11-05,3492.25,3522.50,3488.75,open_drive,up,,3509.25,False,above_range,True,open_drive,up,,3509.25,False,above_range,True
2020-11-06,3499.25,3503.25,3476.50,open_auction_out,,va,3498.25,False,below_value,True,open_auction_out,,va,3498.25,False,below_value,True
2020-11-09,3640.50,3645.25,3605.00,open_drive,up,,3615.25,False,above_range,True,open_drive,up,,3615.25,False,above_range,True
2020-11-10,3535.25,3546.25,3519.50,open_test_drive,down,range,3525.25,True,below_range,True,open_test_drive,down,range,3525.25,True,below_range,True
2020-11-11,3564.75,3567.00,3551.75,open_test_drive,up,range,3559.50,True,above_range,True,open_test_drive,up,range,3559.50,True,above_range,True
2020-11-12,3557.00,3563.25,3547.25,open_auction_in,,,,False,in_value,True,open_auction_in,,,,False,in_value,True
2020-11-13,3553.50,3563.25,3551.00,open_auction_out,,va,3559.50,False,above_value,True,open_auction_out,,va,3559.50,False,above_value,True
2020-11-16,3611.00,3616.00,3596.75,open_drive,up,,3616.00,True,above_range,True,open_drive,up,,3616.00,True,above_range,True
2020-11-17,3600.75,3602.50,3584.25,open_auction_out,,va,3595.50,False,below_value,True,open_auction_out,,va,3595.50,False,below_value,True
2020-11-18,3609.75,3614.25,3604.00,open_auction_in,,,,False,in_value,True,open_auction_in,,,,False,in_value,True
2020-11-19,3556.75,3564.75,3542.25,open_auction_out,,range,3552.00,False,below_range,True,open_auction_out,,a_blurred,3552.00,False,below_range,True
2020-11-20,3575.50,3577.50,3562.00,open_auction_out,,va,3568.25,False,above_value,True,open_auction_out,,va,3568.25,False,above_value,True
2020-11-23,3573.00,3588.00,3560.25,open_auction_in,,,,False,in_value,True,open_auction_in,,,,False,in_value,True
2020-11-24,3602.50,3611.00,3593.25,open_drive,up,,3608.25,True,above_range,True,open_drive,up,,3608.25,True,above_range,True
2020-11-25,3631.75,3632.00,3615.25,open_auction_in,,,,False,in_value,True,open_auction_in,,,,False,in_value,True
2020-11-27,3638.75,3642.75,3635.75,open_drive,up,,3640.75,False,above_range,True,open_drive,up,,3640.75,False,above_value,True
2020-11-30,3628.50,3631.50,3611.75,open_drive,down,,3612.75,True,below_value,True,open_drive,down,,3612.75,True,below_value,True
2020-12-01,3656.25,3675.50,3650.25,open_drive,up,,3670.50,False,above_range,True,open_drive,up,,3670.50,False,above_range,True
2020-12-02,3648.75,3657.75,3642.25,open_auction_out,,range,3657.00,False,below_range,True,open_auction_out,,range,3657.00,False,below_range,True
2020-12-03,3667.00,3679.50,3666.50,open_auction_in,,,,False,in_value,False,open_auction_in,,,,False,in_value,True
2020-12-04,3672.75,3687.75,3672.25,open_auction_in,,,,False,in_value,False,open_auction_in,,,,False,in_value,False
2020-12-07,3690.50,3695.00,3688.50,open_auction_in,,,,False,in_value,True,open_auction_in,,,,False,in_value,True
2020-12-08,3677.00,3687.75,3676.50,open_rejection_reverse,up,va,3681.75,False,below_range,True,open_auction_out,,va,3681.75,False,below_value,True
2020-12-09,3708.75,3710.50,3693.75,open_rejection_reverse,down,va,3703.25,False,above_range,True,open_auction_out,,va,3703.25,False,above_range,True
2020-12-10,3653.50,3676.00,3644.00,open_rejection_reverse,up,va,3669.75,False,below_range,False,open_rejection_reverse,up,va,3669.75,False,below_range,False
2020-12-11,3648.50,3659.00,3642.25,open_auction_out,,a_extreme,3654.00,False,below_value,True,open_auction_out,,va,3654.00,False,below_value,True
2020-12-14,3678.75,3691.00,3676.25,open_drive,up,,3690.00,True,above_range,True,open_drive,up,,3690.00,True,above_range,True
2020-12-15,3667.25,3671.00,3657.50,open_auction_in,,,,False,in_value,True,open_auction_in,,,,False,in_value,True
2020-12-16,3691.00,3693.25,3681.25,open_test_drive,up,va,3692.50,True,above_range,True,open_test_drive,up,va,3692.50,True,above_value,True
2020-12-17,3711.50,3717.00,3705.25,open_auction_out,,a_blurred,3710.75,False,above_range,True,open_auction_out,,a_blurred,3710.75,False,above_range,True
2020-12-18,3716.00,3718.50,3691.75,open_rejection_reverse,down,va,3694.50,False,above_value,False,open_rejection_reverse,down,va,3694.50,False,above_value,False
2020-12-21,3655.75,3670.75,3625.00,open_drive,down,,3633.25,False,below_range,True,open_drive,down,,3633.25,False,below_range,True
2020-12-22,3687.75,3688.00,3676.00,open_auction_in,,,,False,in_value,True,open_auction_in,,,,False,in_value,True
2020-12-23,3688.25,3697.50,3687.75,open_auction_out,,va,3690.25,False,above_value,True,open_auction_out,,va,3690.25,False,above_value,True
2020-12-24,3686.25,3692.00,3685.00,open_rejection_reverse,up,va,3691.50,False,below_value,True,open_rejection_reverse,up,va,3691.50,False,below_value,True
2020-12-28,3722.75,3727.25,3716.00,open_drive,up,,3726.50,True,above_range,True,open_drive,up,,3726.50,True,above_range,True
2020-12-29,3744.25,3746.25,3724.25,open_rejection_reverse,down,va,3729.25,False,above_range,True,open_rejection_reverse,down,va,3729.25,False,above_range,True
2020-12-30,3729.25,3736.25,3728.00,open_auction_in,,,,False,in_value,True,open_auction_in,,,,False,in_value,True
2020-12-31,3723.25,3727.50,3717.75,open_rejection_reverse,up,va,3724.75,False,below_value,True,open_auction_in,,,,False,in_value,True
2021-01-04,3758.50,3760.00,3726.25,open_rejection_reverse,down,va,3730.00,False,above_range,False,open_rejection_reverse,down,va,3730.00,False,above_range,False
2021-01-05,3685.50,3714.00,3685.25,open_auction_in,,,,False,in_value,True,open_auction_in,,,,False,in_value,True
2021-01-06,3702.00,3744.50,3695.75,open_auction_in,,,,False,in_value,False,open_auction_in,,,,False,in_value,False
2021-01-07,3765.75,3797.25,3763.75,open_auction_in,,,,False,in_value,False,open_auction_in,,,,False,in_value,False
2021-01-08,3810.25,3816.50,3793.00,open_rejection_reverse,down,va,3793.75,False,above_range,True,open_rejection_reverse,down,va,3793.75,False,above_range,True
2021-01-11,3782.75,3802.75,3781.00,open_rejection_reverse,up,va,3800.75,False,below_value,False,open_rejection_reverse,up,va,3800.75,False,below_value,False
2021-01-12,3793.00,3801.75,3781.50,open_auction_in,,,,False,in_value,True,open_auction_in,,,,False,in_value,True
2021-01-13,3791.25,3797.75,3782.75,open_auction_in,,,,False,in_value,True,open_auction_in,,,,False,in_value,True
2021-01-14,3810.25,3816.00,3806.75,open_auction_out,,va,3814.00,False,above_value,True,open_auction_out,,va,3814.00,False,above_value,True
2021-01-15,3771.50,3780.50,3741.50,open_drive,down,,3750.00,False,below_range,True,open_drive,down,,3750.00,False,below_range,True
2021-01-19,3788.25,3792.50,3775.00,open_auction_out,,va,3780.50,False,above_range,True,open_auction_out,,va,3780.50,False,above_range,True
2021-01-20,3815.50,3833.50,3811.25,open_drive,up,,3828.25,True,above_range,True,open_drive,up,,3828.25,True,above_range,True
2021-01-21,3849.25,3852.50,3836.50,open_auction_in,,,,False,in_value,True,open_auction_in,,,,False,in_value,True
2021-01-22,3826.25,3837.25,3823.50,open_test_drive,down,range,3826.25,True,below_range,True,open_test_drive,down,range,3826.25,True,below_range,True
2021-01-25,3841.00,3852.00,3837.00,open_auction_in,,,,False,in_value,True,open_auction_in,,,,False,in_value,True
2021-01-26,3858.25,3862.25,3842.25,open_auction_out,,va,3851.50,False,above_range,True,open_auction_out,,va,3851.50,False,above_range,True
2021-01-27,3806.00,3806.75,3759.50,open_drive,down,,3796.00,False,below_range,True,open_drive,down,,3796.00,False,below_range,True
2021-01-28,3767.25,3806.25,3762.50,open_auction_in,,,,False,in_value,True,open_auction_in,,,,False,in_value,True
2021-01-29,3760.00,3769.75,3734.50,open_test_drive,down,range,3766.25,True,below_range,True,open_test_drive,down,range,3766.25,True,below_range,True
2021-02-01,3740.75,3747.25,3717.25,open_auction_in,,,,False,in_value,True,open_auction_in,,,,False,in_value,True
2021-02-02,3799.25,3829.00,3799.00,open_drive,up,,3818.25,True,above_range,True,open_drive,up,,3818.25,True,above_range,True
2021-02-03,3827.25,3833.75,3810.25,open_auction_in,,,,False,in_value,True,open_auction_in,,,,False,in_value,True
2021-02-04,3832.25,3847.25,3830.50,open_auction_in,,,,False,in_value,False,open_auction_in,,,,False,in_value,False
2021-02-05,3885.50,3886.25,3868.50,open_auction_out,,a_blurred,3875.00,False,above_range,True,open_auction_out,,a_blurred,3875.00,False,above_range,True
2021-02-08,3896.00,3902.25,3894.50,open_drive,up,,3899.00,True,above_range,True,open_drive,up,,3899.00,True,above_range,True
2021-02-09,3899.75,3907.50,3895.00,open_auction_in,,,,False,in_value,False,open_auction_in,,,,False,in_value,False
2021-02-10,3924.50,3926.00,3890.25,open_rejection_reverse,down,va,3897.25,False,above_range,True,open_rejection_reverse,down,va,3897.25,False,above_range,True
2021-02-11,3916.00,3920.50,3906.50,open_auction_out,,va,3913.75,False,above_value,True,open_auction_out,,va,3913.75,False,above_value,True
2021-02-12,3901.75,3911.00,3901.00,open_auction_in,,,,False,in_value,True,open_auction_in,,,,False,in_value,True
2021-02-16,3943.00,3945.00,3931.50,open_auction_out,,range,3944.00,False,above_range,True,open_auction_out,,range,3944.00,False,above_range,True
2021-02-17,3907.50,3920.75,3896.50,open_auction_out,,range,3908.25,False,below_range,True,open_auction_out,,range,3908.25,False,below_range,True
2021-02-18,3898.75,3906.25,3882.00,open_test_drive,down,va,3888.25,True,below_value,True,open_test_drive,down,va,3888.25,True,below_value,True
2021-02-19,3923.75,3926.25,3913.75,open_test_drive,up,range,3919.25,True,above_range,True,open_test_drive,up,range,3919.25,True,above_range,True
2021-02-22,3873.25,3888.75,3870.00,open_auction_out,,a_blurred,3878.50,False,below_range,True,open_auction_out,,a_blurred,3878.50,False,below_range,True
2021-02-23,3849.25,3850.25,3804.75,open_drive,down,,3846.25,False,below_range,True,open_drive,down,,3846.25,False,below_range,True
2021-02-24,3866.00,3880.00,3855.50,open_test_drive,up,va,3877.25,True,above_value,True,open_test_drive,up,va,3877.25,True,above_value,True
2021-02-25,3907.25,3921.75,3895.25,open_auction_in,,,,False,in_value,True,open_auction_in,,,,False,in_value,True
2021-02-26,3846.50,3851.75,3785.00,open_auction_in,,,,False,in_value,True,open_auction_in,,,,False,in_value,True
2021-03-01,3858.75,3886.50,3858.00,open_drive,up,,3882.75,True,above_range,True,open_drive,up,,3882.75,True,above_value,True
2021-03-02,3900.75,3903.50,3877.75,open_auction_in,,,,False,in_value,True,open_auction_in,,,,False,in_value,True
2021-03-03,3860.00,3870.50,3833.25,open_drive,down,,3842.00,False,below_range,True,open_drive,down,,3842.00,False,below_value,False
2021-03-04,3814.25,3835.75,3788.00,open_auction_out,,va,3805.25,False,below_range,True,open_auction_out,,va,3805.25,False,below_range,True
2021-03-05,3806.50,3808.00,3759.75,open_auction_in,,,,False,in_value,True,open_auction_in,,,,False,in_value,True
2021-03-08,3848.75,3871.50,3829.50,open_drive,up,,3869.00,True,above_value,True,open_drive,up,,3869.00,True,above_value,True
2021-03-09,3860.75,3888.50,3855.25,open_auction_in,,,,False,in_value,True,open_auction_in,,,,False,in_value,True
2021-03-10,3899.00,3911.50,3886.25,open_auction_in,,,,False,in_value,True,open_auction_in,,,,False,in_value,True
2021-03-11,3924.00,3934.50,3919.00,open_drive,up,,3931.25,True,above_range,True,open_drive,up,,3931.25,True,above_range,True
2021-03-12,3922.75,3932.75,3914.50,open_test_drive,down,a_extreme,3919.00,True,below_value,True,open_test_drive,down,a_extreme,3919.00,True,below_value,True
2021-03-15,3936.00,3939.25,3926.25,open_auction_out,,range,3928.75,False,above_range,False,open_auction_out,,range,3928.75,False,above_range,False
2021-03-16,3963.25,3968.75,3959.50,open_drive,up,,3968.25,True,above_range,True,open_drive,up,,3968.25,True,above_range,True
2021-03-17,3937.50,3942.00,3930.25,open_auction_out,,a_blurred,3939.50,True,below_range,True,open_auction_out,,a_blurred,3939.50,True,below_range,True
2021-03-18,3936.25,3945.25,3931.00,open_auction_in,,,,False,in_value,True,open_auction_in,,,,False,in_value,True
2021-03-19,3902.25,3905.50,3875.00,open_drive,down,,3891.50,False,below_value,False,open_drive,down,,3891.50,False,below_value,False
2021-03-22,3904.00,3920.75,3903.50,open_auction_in,,,,False,in_value,True,open_auction_in,,,,False,in_value,True
2021-03-23,3922.75,3933.75,3919.25,open_auction_in,,,,False,in_value,True,open_auction_in,,,,False,in_value,True
2021-03-24,3914.25,3924.00,3906.50,open_auction_out,,va,3912.50,False,below_value,True,open_auction_out,,va,3912.50,False,below_value,True
2021-03-25,3864.00,3877.25,3854.50,open_auction_out,,a_blurred,3864.75,True,below_range,True,open_auction_out,,a_blurred,3864.75,True,below_range,True
2021-03-26,3913.50,3924.75,3912.50,open_drive,up,,3924.50,True,above_range,True,open_drive,up,,3924.50,True,above_range,True
2021-03-29,3947.75,3960.75,3934.50,open_auction_out,,a_extreme,3934.75,False,above_value,True,open_auction_out,,a_extreme,3934.75,False,above_value,True
2021-03-30,3947.75,3951.00,3933.75,open_auction_in,,,,False,in_value,True,open_auction_in,,,,False,in_value,True
2021-03-31,3957.00,3969.25,3956.50,open_drive,up,,3964.50,True,above_value,False,open_auction_in,,,,False,in_value,False
2021-04-01,3988.00,3996.00,3985.00,open_drive,up,,3996.00,True,above_range,True,open_drive,up,,3996.00,True,above_range,True
2021-04-05,4038.25,4059.00,4037.50,open_drive,up,,4057.00,True,above_range,True,open_drive,up,,4057.00,True,above_range,True
2021-04-06,4061.50,4075.75,4058.75,open_auction_in,,,,False,in_value,True,open_auction_in,,,,False,in_value,True
2021-04-07,4063.25,4072.25,4062.75,open_rejection_reverse,up,va,4072.25,False,below_value,True,open_rejection_reverse,up,va,4072.25,False,below_value,True
2021-04-08,4082.75,4084.00,4073.00,open_auction_out,,range,4078.25,False,above_range,True,open_auction_out,,range,4078.25,False,above_range,True
2021-04-09,4087.75,4096.50,4086.75,open_auction_in,,,,False,in_value,False,open_auction_in,,,,False,in_value,False
2021-04-12,4112.75,4119.25,4108.50,open_drive,up,,4112.75,False,above_value,True,open_drive,up,,4112.75,False,above_value,True
2021-04-13,4119.75,4125.75,4115.50,open_auction_in,,,,False,in_value,False,open_auction_in,,,,False,in_value,False
2021-04-14,4132.25,4142.50,4129.50,open_auction_in,,,,False,in_value,False,open_auction_in,,,,False,in_value,False
2021-04-15,4141.75,4150.00,4141.25,open_auction_in,,,,False,in_value,True,open_drive,up,,4150.00,True,above_value,True
2021-04-16,4177.25,4178.50,4161.75,open_auction_out,,va,4168.50,False,above_range,True,open_auction_out,,va,4168.50,False,above_range,True
2021-04-19,4166.75,4171.50,4154.75,open_auction_in,,,,False,in_value,True,open_auction_in,,,,False,in_value,True
2021-04-20,4143.25,4151.00,4141.00,open_test_drive,down,va,4143.75,True,below_value,True,open_test_drive,down,va,4143.75,True,below_value,True
2021-04-21,4119.25,4145.25,4117.75,open_auction_in,,,,False,in_value,False,open_auction_in,,,,False,in_value,False
2021-04-22,4163.25,4163.50,4149.25,open_rejection_reverse,down,va,4157.25,True,above_value,True,open_rejection_reverse,down,va,4157.25,True,above_value,True
2021-04-23,4132.75,4148.75,4131.75,open_auction_in,,,,False,in_value,True,open_rejection_reverse,up,va,4147.25,False,below_value,False
2021-04-26,4178.25,4185.50,4175.75,open_auction_in,,,,False,in_value,True,open_auction_in,,,,False,in_value,True
2021-04-27,4183.00,4183.75,4166.75,open_auction_in,,,,False,in_value,True,open_auction_in,,,,False,in_value,True
2021-04-28,4182.00,4188.25,4176.75,open_auction_in,,,,False,in_value,False,open_auction_in,,,,False,in_value,False
2021-04-29,4207.25,4211.00,4190.25,open_auction_out,,range,4192.75,False,above_range,True,open_auction_out,,va,4192.75,False,above_range,True
2021-04-30,4180.00,4189.25,4177.75,open_auction_in,,,,False,in_value,True,open_auction_in,,,,False,in_value,True
2021-05-03,4198.25,4202.50,4190.00,open_drive,up,,4197.50,False,above_range,True,open_auction_out,,va,4197.50,False,above_value,True
2021-05-04,4164.75,4170.25,4135.25,open_drive,down,,4147.25,True,below_range,True,open_drive,down,,4147.25,True,below_range,True
2021-05-05,4177.75,4178.25,4153.00,open_auction_out,,range,4161.75,False,above_range,True,open_auction_out,,range,4161.75,False,above_range,True
2021-05-06,4162.25,4167.00,4140.50,open_auction_in,,,,False,in_value,False,open_auction_in,,,,False,in_value,False
2021-05-07,4203.00,4230.75,4195.50,open_drive,up,,4225.25,False,above_range,True,open_drive,up,,4225.25,False,above_range,True
2021-05-10,4228.50,4231.00,4220.50,open_auction_in,,,,False,in_value,True,open_auction_in,,,,False,in_value,True
2021-05-11,4134.25,4156.25,4121.50,open_auction_out,,a_blurred,4122.00,True,below_range,True,open_auction_out,,a_blurred,4122.00,True,below_range,True
2021-05-12,4115.75,4129.00,4106.25,open_drive,down,,4106.50,True,below_value,True,open_drive,down,,4106.50,True,below_value,True
2021-05-13,4073.75,4117.75,4073.25,open_auction_in,,,,False,in_value,False,open_auction_in,,,,False,in_value,False
2021-05-14,4135.00,4155.25,4134.75,open_drive,up,,4147.50,True,above_range,True,open_drive,up,,4147.50,True,above_range,True
2021-05-17,4156.75,4167.00,4144.25,open_auction_in,,,,False,in_value,True,open_auction_in,,,,False,in_value,True
2021-05-18,4161.00,4163.50,4147.50,open_auction_out,,va,4160.50,False,above_value,True,open_auction_out,,va,4160.50,False,above_value,True
2021-05-19,4071.75,4079.00,4055.50,open_drive,down,,4072.00,False,below_range,True,open_drive,down,,4072.00,False,below_range,True
2021-05-20,4120.75,4139.50,4119.25,open_drive,up,,4139.25,True,above_range,True,open_drive,up,,4139.25,True,above_range,True
2021-05-21,4171.50,4185.00,4170.25,open_auction_out,,a_blurred,4170.50,False,above_range,True,open_auction_out,,a_blurred,4170.50,False,above_range,True
2021-05-24,4176.25,4196.00,4173.50,open_test_drive,up,va,4193.25,True,above_value,True,open_test_drive,up,va,4193.25,True,above_value,True
2021-05-25,4206.25,4210.00,4195.00,open_rejection_reverse,down,va,4197.75,False,above_value,False,open_rejection_reverse,down,va,4197.75,False,above_value,False
2021-05-26,4191.50,4194.75,4180.50,open_auction_in,,,,False,in_value,True,open_auction_in,,,,False,in_value,True
2021-05-27,4204.50,4209.25,4200.75,open_auction_out,,a_blurred,4206.25,True,above_range,True,open_test_drive,up,a_extreme,4206.25,True,above_value,True
2021-05-28,4212.50,4214.00,4202.50,open_rejection_reverse,down,va,4203.75,False,above_range,True,open_rejection_reverse,down,va,4203.75,False,above_range,True
2021-06-01,4228.75,4230.00,4201.75,open_rejection_reverse,down,va,4207.25,False,above_range,True,open_rejection_reverse,down,va,4207.25,False,above_range,True
2021-06-02,4206.50,4212.50,4198.00,open_auction_in,,,,False,in_value,True,open_auction_in,,,,False,in_value,True
2021-06-03,4181.00,4184.50,4165.25,open_drive,down,,4178.75,False,below_range,True,open_drive,down,,4178.75,False,below_range,True
2021-06-04,4210.25,4219.00,4209.25,open_drive,up,,4216.50,True,above_range,True,open_drive,up,,4216.50,True,above_range,True
2021-06-07,4228.50,4230.50,4217.50,open_auction_in,,,,False,in_value,True,open_auction_in,,,,False,in_value,True
2021-06-08,4234.00,4235.00,4218.00,open_rejection_reverse,down,va,4221.50,False,above_range,False,open_rejection_reverse,down,va,4221.50,False,above_range,False
2021-06-09,4234.50,4235.00,4226.00,open_auction_out,,va,4231.75,False,above_value,True,open_auction_out,,va,4231.75,False,above_value,True
2021-06-10,4232.50,4249.00,4232.00,open_auction_in,,,,False,in_value,False,open_drive,up,,4240.25,False,above_value,False
2021-06-11,4244.75,4246.75,4237.00,open_rejection_reverse,down,va,4239.25,False,above_value,True,open_rejection_reverse,down,va,4239.25,False,above_value,True
2021-06-14,4237.75,4238.00,4227.00,open_rejection_reverse,down,va,4228.75,False,above_value,True,open_rejection_reverse,down,va,4228.75,False,above_value,False
2021-06-15,4247.75,4248.25,4235.75,open_auction_out,,range,4237.00,False,above_range,False,open_auction_out,,va,4237.00,False,above_range,False
2021-06-16,4239.25,4241.50,4234.00,open_auction_in,,,,False,in_value,True,open_auction_in,,,,False,in_value,True
2021-06-17,4208.75,4221.50,4203.25,open_auction_in,,,,False,in_value,True,open_auction_in,,,,False,in_value,True
2021-06-18,4175.75,4183.75,4166.25,open_drive,down,,4171.75,True,below_range,True,open_drive,down,,4171.75,True,below_range,True
2021-06-21,4173.50,4197.50,4164.75,open_auction_in,,,,False,in_value,False,open_auction_in,,,,False,in_value,False
2021-06-22,4213.75,4218.75,4205.75,open_auction_in,,,,False,in_value,True,open_auction_in,,,,False,in_value,True
2021-06-23,4237.00,4246.25,4235.75,open_auction_in,,,,False,in_value,True,open_auction_in,,,,False,in_value,True
2021-06-24,4254.25,4260.25,4252.50,open_drive,up,,4260.00,True,above_range,True,open_drive,up,,4260.00,True,above_range,True
2021-06-25,4264.25,4270.00,4260.75,open_drive,up,,4268.50,False,above_range,True,open_drive,up,,4268.50,False,above_range,True
2021-06-28,4277.25,4278.00,4265.75,open_rejection_reverse,down,va,4272.00,False,above_range,False,open_rejection_reverse,down,va,4272.00,False,above_range,False
2021-06-29,4284.25,4289.00,4283.75,open_drive,up,,4287.00,True,above_range,True,open_drive,up,,4287.00,True,above_range,True
2021-06-30,4277.50,4285.50,4277.25,open_rejection_reverse,up,va,4284.50,False,below_value,False,open_rejection_reverse,up,va,4284.50,False,below_value,False
2021-07-01,4294.00,4302.00,4293.25,open_drive,up,,4299.25,True,above_range,True,open_drive,up,,4299.25,True,above_range,True
2021-07-02,4322.25,4325.50,4319.00,open_drive,up,,4324.50,True,above_range,True,open_drive,up,,4324.50,True,above_range,True
2021-07-06,4343.50,4345.75,4324.25,open_auction_in,,,,False,in_value,True,open_auction_in,,,,False,in_value,True
2021-07-07,4342.25,4347.50,4330.75,open_rejection_reverse,down,va,4331.50,False,above_value,True,open_rejection_reverse,down,va,4331.50,False,above_value,True
2021-07-08,4292.50,4301.25,4280.25,open_drive,down,,4294.75,False,below_range,True,open_drive,down,,4294.75,False,below_range,True
2021-07-09,4331.00,4349.25,4328.25,open_drive,up,,4347.00,True,above_range,True,open_drive,up,,4347.00,True,above_range,True
2021-07-12,4359.25,4369.75,4354.75,open_auction_in,,,,False,in_value,True,open_auction_in,,,,False,in_value,True
2021-07-13,4367.50,4377.25,4367.00,open_auction_in,,,,False,in_value,True,open_auction_in,,,,False,in_value,True
2021-07-14,4379.25,4384.50,4372.25,open_auction_in,,,,False,in_value,True,open_rejection_reverse,down,va,4373.50,False,above_value,True
2021-07-15,4353.25,4360.75,4345.00,open_auction_out,,range,4351.50,False,below_range,True,open_auction_out,,range,4351.50,False,below_range,True
2021-07-16,4365.25,4365.75,4336.50,open_rejection_reverse,down,va,4337.25,False,above_range,False,open_rejection_reverse,down,va,4337.25,False,above_range,False
2021-07-19,4266.75,4272.00,4231.25,open_drive,down,,4244.25,False,below_range,True,open_drive,down,,4244.25,False,below_range,True
2021-07-20,4261.25,4299.50,4252.75,open_drive,up,,4295.00,True,above_value,False,open_drive,up,,4295.00,True,above_value,False
2021-07-21,4328.00,4342.00,4326.00,open_auction_out,,va,4335.00,False,above_value,False,open_auction_out,,va,4335.00,False,above_value,False
2021-07-22,4352.00,4355.25,4344.00,open_test_drive,up,va,4352.00,True,above_value,True,open_test_drive,up,va,4352.00,True,above_value,True
2021-07-23,4379.75,4381.25,4372.50,open_drive,up,,4380.25,True,above_range,True,open_drive,up,,4380.25,True,above_range,True
2021-07-26,4398.00,4407.25,4397.25,open_auction_in,,,,False,in_value,True,open_auction_in,,,,False,in_value,True
2021-07-27,4403.50,4404.00,4385.25,open_auction_in,,,,False,in_value,True,open_auction_in,,,,False,in_value,True
2021-07-28,4401.25,4403.00,4385.50,open_auction_out,,va,4396.25,False,above_value,True,open_auction_out,,va,4396.25,False,above_value,True
2021-07-29,4402.75,4415.50,4402.50,open_drive,up,,4414.50,True,above_value,False,open_drive,up,,4414.50,True,above_value,False
2021-07-30,4384.00,4405.00,4383.75,open_auction_out,,range,4391.25,False,below_range,True,open_auction_out,,range,4391.25,False,below_range,True
2021-08-02,4408.00,4414.00,4401.50,open_auction_out,,range,4409.00,False,above_range,True,open_auction_out,,range,4409.00,False,above_range,True
2021-08-03,4388.50,4391.00,4365.25,open_auction_in,,,,False,in_value,True,open_auction_in,,,,False,in_value,True
2021-08-04,4401.75,4408.25,4398.50,open_auction_in,,,,False,in_value,True,open_auction_in,,,,False,in_value,True
2021-08-05,4406.00,4412.75,4402.00,open_auction_in,,,,False,in_value,False,open_auction_in,,,,False,in_value,True
2021-08-06,4425.00,4433.25,4421.75,open_auction_out,,range,4427.75,False,above_range,True,open_auction_out,,range,4427.75,False,above_range,True
2021-08-09,4428.50,4432.00,4416.75,open_auction_in,,,,False,in_value,False,open_auction_in,,,,False,in_value,False
2021-08-10,4429.75,4438.25,4426.00,open_auction_in,,,,False,in_value,False,open_auction_in,,,,False,in_value,False
2021-08-11,4441.75,4442.50,4436.00,open_auction_out,,va,4440.00,False,above_range,True,open_auction_out,,range,4440.00,False,above_range,True
2021-08-12,4439.75,4440.00,4430.25,open_auction_in,,,,False,in_value,True,open_auction_in,,,,False,in_value,True
2021-08-13,4459.50,4462.00,4454.25,open_auction_out,,range,4457.75,False,above_range,True,open_auction_out,,range,4457.75,False,above_range,True
2021-08-16,4449.25,4451.25,4433.00,open_drive,down,,4434.75,True,below_range,True,open_drive,down,,4434.75,True,below_range,True
2021-08-17,4445.75,4452.00,4436.25,open_auction_in,,,,False,in_value,True,open_auction_in,,,,False,in_value,True
2021-08-18,4433.00,4449.75,4430.25,open_auction_in,,,,False,in_value,True,open_auction_in,,,,False,in_value,True
2021-08-19,4365.75,4403.50,4364.50,open_auction_out,,range,4394.00,False,below_range,True,open_auction_out,,a_blurred,4394.00,False,below_range,True
2021-08-20,4405.50,4433.00,4400.00,open_auction_in,,,,False,in_value,False,open_auction_in,,,,False,in_value,False
2021-08-23,4455.00,4475.50,4454.25,open_drive,up,,4472.00,True,above_range,True,open_drive,up,,4472.00,True,above_range,True
2021-08-24,4482.75,4487.00,4477.50,open_auction_in,,,,False,in_value,True,open_auction_in,,,,False,in_value,True
2021-08-25,4485.00,4488.50,4480.75,open_auction_in,,,,False,in_value,True,open_auction_in,,,,False,in_value,True
2021-08-26,4489.50,4492.00,4469.25,open_auction_in,,,,False,in_value,True,open_auction_in,,,,False,in_value,True
2021-08-27,4474.50,4502.25,4473.75,open_auction_in,,,,False,in_value,True,open_auction_in,,,,False,in_value,True
2021-08-30,4513.25,4525.25,4510.50,open_drive,up,,4525.25,True,above_range,True,open_drive,up,,4525.25,True,above_range,True
2021-08-31,4525.00,4526.00,4512.50,open_auction_out,,va,4520.00,False,below_value,True,open_auction_out,,va,4520.00,False,below_value,True
2021-09-01,4529.50,4530.50,4521.75,open_auction_out,,va,4526.25,False,above_range,True,open_auction_out,,va,4526.25,False,above_range,True
2021-09-02,4537.00,4544.00,4534.00,open_auction_out,,va,4538.75,False,above_range,True,open_auction_out,,va,4538.75,False,above_range,True
2021-09-03,4523.25,4533.75,4519.25,open_rejection_reverse,up,va,4529.50,False,below_value,True,open_rejection_reverse,up,va,4529.50,False,below_value,True
2021-09-07,4530.75,4532.00,4510.75,open_auction_in,,,,False,in_value,False,open_auction_in,,,,False,in_value,False
2021-09-08,4512.50,4520.25,4507.00,open_auction_in,,,,False,in_value,True,open_auction_in,,,,False,in_value,True
2021-09-09,4510.25,4529.00,4508.00,open_auction_in,,,,False,in_value,False,open_auction_in,,,,False,in_value,False
2021-09-10,4514.00,4518.25,4490.00,open_auction_in,,,,False,in_value,True,open_auction_in,,,,False,in_value,True
2021-09-13,4480.50,4483.50,4448.50,open_auction_in,,,,False,in_value,True,open_auction_in,,,,False,in_value,True
2021-09-14,4475.25,4477.25,4444.75,open_rejection_reverse,down,va,4452.00,False,above_value,False,open_rejection_reverse,down,va,4452.00,False,above_value,False
2021-09-15,4439.50,4448.75,4427.50,open_auction_in,,,,False,in_value,True,open_auction_in,,,,False,in_value,True
2021-09-16,4466.25,4476.00,4438.50,open_rejection_reverse,down,va,4445.75,False,above_value,False,open_rejection_reverse,down,va,4445.75,False,above_value,False
2021-09-17,4455.75,4460.25,4430.50,open_auction_in,,,,False,in_value,True,open_auction_in,,,,False,in_value,True
2021-09-20,4354.25,4371.25,4344.25,open_drive,down,,4354.00,True,below_range,True,open_drive,down,,4354.00,True,below_range,True
2021-09-21,4371.25,4385.00,4350.00,open_auction_out,,va,4359.25,False,above_value,True,open_auction_out,,va,4359.25,False,above_value,True
2021-09-22,4366.50,4383.50,4356.50,open_auction_in,,,,False,in_value,False,open_auction_in,,,,False,in_value,False
2021-09-23,4404.25,4442.50,4401.25,open_drive,up,,4438.75,True,above_value,False,open_drive,up,,4438.75,True,above_value,False
2021-09-24,4420.25,4445.00,4417.75,open_rejection_reverse,up,va,4437.00,False,below_value,True,open_rejection_reverse,up,va,4437.00,False,below_value,True
2021-09-27,4433.50,4444.25,4425.00,open_auction_in,,,,False,in_value,True,open_auction_in,,,,False,in_value,True
2021-09-28,4402.75,4406.25,4355.25,open_drive,down,,4364.00,True,below_range,True,open_drive,down,,4364.00,True,below_value,False
2021-09-29,4358.00,4375.50,4346.00,open_auction_in,,,,False,in_value,True,open_auction_in,,,,False,in_value,True
2021-09-30,4366.00,4373.50,4352.00,open_auction_in,,,,False,in_value,True,open_auction_in,,,,False,in_value,True
2021-10-01,4315.00,4321.25,4277.25,open_auction_in,,,,False,in_value,True,open_auction_in,,,,False,in_value,True
2021-10-04,4334.75,4344.50,4302.75,open_rejection_reverse,down,va,4304.00,False,above_value,True,open_rejection_reverse,down,va,4304.00,False,above_value,True
2021-10-05,4307.50,4343.00,4298.50,open_drive,up,,4342.25,True,above_value,True,open_drive,up,,4342.25,True,above_value,True
2021-10-06,4297.00,4317.50,4279.50,open_auction_out,,range,4310.00,False,below_range,True,open_auction_out,,range,4310.00,False,below_range,True
2021-10-07,4388.25,4421.50,4386.75,open_drive,up,,4418.75,False,above_range,True,open_drive,up,,4418.75,False,above_range,True
2021-10-08,4399.25,4403.25,4383.75,open_auction_out,,va,4394.00,False,below_value,True,open_auction_out,,va,4394.00,False,below_value,True
2021-10-11,4376.00,4407.50,4373.50,open_rejection_reverse,up,va,4406.25,False,below_range,False,open_rejection_reverse,up,va,4406.25,False,below_range,False
2021-10-12,4360.75,4365.00,4339.00,open_auction_out,,va,4350.50,False,below_value,True,open_auction_out,,va,4350.50,False,below_value,True
2021-10-13,4351.00,4357.25,4318.75,open_auction_in,,,,False,in_value,False,open_auction_in,,,,False,in_value,False
2021-10-14,4395.25,4414.00,4390.00,open_drive,up,,4410.25,True,above_range,True,open_drive,up,,4410.25,True,above_range,True
2021-10-15,4452.00,4461.75,4445.00,open_drive,up,,4448.75,False,above_range,True,open_drive,up,,4448.75,False,above_range,True
2021-10-18,4443.75,4462.00,4436.75,open_rejection_reverse,up,va,4461.50,False,below_range,False,open_rejection_reverse,up,va,4461.50,False,below_range,False
2021-10-19,4493.50,4502.25,4487.25,open_drive,up,,4501.75,True,above_range,True,open_drive,up,,4501.75,True,above_range,True
2021-10-20,4515.75,4530.00,4514.50,open_drive,up,,4529.75,True,above_range,True,open_drive,up,,4529.75,True,above_range,True
2021-10-21,4522.00,4529.50,4517.75,open_auction_in,,,,False,in_value,True,open_auction_in,,,,False,in_value,True
2021-10-22,4536.00,4551.50,4533.75,open_drive,up,,4551.25,False,above_value,True,open_drive,up,,4551.25,False,above_value,True
2021-10-25,4547.75,4548.00,4528.75,open_rejection_reverse,down,va,4544.25,True,above_value,False,open_rejection_reverse,down,va,4544.25,True,above_value,False
2021-10-26,4576.50,4590.00,4572.75,open_drive,up,,4587.25,False,above_range,True,open_drive,up,,4587.25,False,above_range,True
2021-10-27,4569.00,4576.75,4558.00,open_auction_in,,,,False,in_value,True,open_auction_in,,,,False,in_value,True
2021-10-28,4559.75,4576.25,4559.00,open_rejection_reverse,up,va,4575.75,False,below_value,False,open_rejection_reverse,up,va,4575.75,False,below_value,False
2021-10-29,4563.75,4581.50,4560.25,open_rejection_reverse,up,va,4572.75,False,below_value,False,open_auction_in,,,,False,in_value,True
2021-11-01,4608.00,4612.00,4586.50,open_rejection_reverse,down,va,4595.25,False,above_range,False,open_rejection_reverse,down,va,4595.25,False,above_range,False
2021-11-02,4607.00,4619.00,4605.50,open_drive,up,,4617.00,True,above_value,True,open_drive,up,,4617.00,True,above_value,True
2021-11-03,4618.00,4620.50,4613.00,open_auction_in,,,,False,in_value,True,open_auction_in,,,,False,in_value,True
2021-11-04,4658.00,4674.50,4654.50,open_drive,up,,4671.25,True,above_range,True,open_drive,up,,4671.25,True,above_range,True
2021-11-05,4697.75,4711.75,4694.75,open_drive,up,,4705.00,False,above_range,True,open_drive,up,,4705.00,False,above_range,True
2021-11-08,4701.75,4707.00,4693.50,open_auction_in,,,,False,in_value,True,open_auction_in,,,,False,in_value,True
2021-11-09,4698.25,4700.50,4666.25,open_auction_in,,,,False,in_value,False,open_auction_in,,,,False,in_value,False
2021-11-10,4660.50,4678.75,4658.00,open_rejection_reverse,up,va,4674.25,False,below_range,False,open_rejection_reverse,up,va,4674.25,False,below_range,False
2021-11-11,4656.75,4657.50,4646.75,open_auction_in,,,,False,in_value,True,open_auction_in,,,,False,in_value,True
2021-11-12,4656.00,4656.50,4645.75,open_rejection_reverse,down,va,4649.50,True,above_value,True,open_auction_in,,,,False,in_value,True
2021-11-15,4691.50,4692.75,4680.00,open_auction_out,,va,4682.25,False,above_range,True,open_auction_out,,va,4682.25,False,above_range,True
2021-11-16,4676.25,4695.50,4675.50,open_auction_in,,,,False,in_value,False,open_auction_in,,,,False,in_value,False
2021-11-17,4694.75,4695.25,4679.25,open_auction_in,,,,False,in_value,False,open_auction_in,,,,False,in_value,False
2021-11-18,4697.25,4698.25,4668.00,open_rejection_reverse,down,va,4672.75,False,above_range,False,open_rejection_reverse,down,va,4672.75,False,above_range,False
2021-11-19,4700.75,4707.00,4691.50,open_auction_in,,,,False,in_value,True,open_auction_in,,,,False,in_value,True
2021-11-22,4712.50,4740.50,4712.00,open_drive,up,,4737.25,False,above_value,False,open_drive,up,,4737.25,False,above_value,False
2021-11-23,4676.75,4695.50,4663.75,open_test_drive,down,range,4665.25,True,below_range,True,open_test_drive,down,range,4665.25,True,below_range,True
2021-11-24,4665.00,4679.25,4656.25,open_auction_in,,,,False,in_value,True,open_auction_in,,,,False,in_value,True
2021-11-26,4628.25,4643.25,4594.00,open_drive,down,,4614.00,True,below_range,True,open_drive,down,,4614.00,True,below_range,True
2021-11-29,4645.00,4650.00,4628.75,open_auction_out,,range,4629.75,False,above_range,False,open_auction_out,,range,4629.75,False,above_range,False
2021-11-30,4624.00,4643.00,4614.50,open_test_drive,down,va,4631.75,True,below_value,True,open_test_drive,down,va,4631.75,True,below_value,True
2021-12-01,4620.50,4635.50,4606.25,open_drive,up,,4626.50,True,above_value,True,open_drive,up,,4626.50,True,above_value,True
2021-12-02,4510.25,4566.75,4506.25,open_auction_out,,a_extreme,4553.25,False,below_value,True,open_auction_out,,a_extreme,4553.25,False,below_value,True
2021-12-03,4595.00,4606.50,4538.75,open_rejection_reverse,down,va,4559.00,False,above_range,False,open_rejection_reverse,down,va,4559.00,False,above_range,False
2021-12-06,4564.75,4586.50,4539.25,open_test_drive,up,va,4584.50,True,above_value,True,open_test_drive,up,va,4584.50,True,above_value,True
2021-12-07,4647.75,4685.00,4647.25,open_drive,up,,4679.00,True,above_range,True,open_drive,up,,4679.00,True,above_range,True
2021-12-08,4690.25,4696.50,4677.25,open_auction_in,,,,False,in_value,True,open_auction_in,,,,False,in_value,True
2021-12-09,4684.75,4694.00,4678.25,open_auction_in,,,,False,in_value,True,open_auction_in,,,,False,in_value,True
2021-12-10,4696.00,4704.75,4685.25,open_auction_out,,va,4698.00,False,above_range,True,open_auction_out,,va,4698.00,False,above_value,True
2021-12-13,4698.00,4701.50,4669.00,open_rejection_reverse,down,va,4673.25,False,above_value,False,open_rejection_reverse,down,va,4673.25,False,above_value,True
2021-12-14,4624.75,4652.00,4623.25,open_drive,down,,4637.25,True,below_range,True,open_test_drive,down,range,4637.25,True,below_range,True
2021-12-15,4628.75,4632.00,4606.00,open_rejection_reverse,down,va,4614.00,False,above_value,False,open_rejection_reverse,down,va,4614.00,False,above_value,False
2021-12-16,4720.00,4723.25,4692.50,open_auction_out,,range,4713.00,False,above_range,True,open_auction_out,,range,4713.00,False,above_range,True
2021-12-17,4624.75,4633.25,4590.00,open_drive,down,,4603.50,False,below_range,True,open_drive,down,,4603.50,False,below_range,True
2021-12-20,4552.75,4558.25,4531.25,open_drive,down,,4532.50,True,below_range,True,open_drive,down,,4532.50,True,below_range,True
2021-12-21,4594.75,4604.00,4575.50,open_auction_out,,a_blurred,4577.50,False,above_range,True,open_auction_out,,a_blurred,4577.50,False,above_range,True
2021-12-22,4637.50,4655.25,4635.50,open_auction_in,,,,False,in_value,True,open_auction_in,,,,False,in_value,True
2021-12-23,4696.50,4717.75,4695.50,open_drive,up,,4715.75,True,above_range,True,open_drive,up,,4715.75,True,above_range,True
2021-12-27,4729.75,4756.50,4729.50,open_drive,up,,4756.25,True,above_value,False,open_drive,up,,4756.25,True,above_value,False
2021-12-28,4787.25,4798.00,4780.75,open_auction_out,,range,4789.00,False,above_range,True,open_auction_out,,range,4789.00,False,above_range,True
2021-12-29,4780.25,4791.75,4770.00,open_auction_in,,,,False,in_value,True,open_auction_in,,,,False,in_value,True
2021-12-30,4788.50,4799.75,4786.25,open_auction_out,,va,4797.50,False,above_value,True,open_auction_out,,va,4797.50,False,above_value,True
2021-12-31,4766.25,4778.50,4758.00,open_auction_out,,range,4769.75,False,below_range,True,open_auction_out,,range,4769.75,False,below_range,True
2022-01-03,4773.00,4786.50,4747.50,open_auction_in,,,,False,in_value,True,open_auction_in,,,,False,in_value,True
2022-01-04,4801.25,4808.25,4795.75,open_auction_out,,a_blurred,4804.75,False,above_range,True,open_auction_out,,a_blurred,4804.75,False,above_range,True
2022-01-05,4780.25,4788.25,4770.00,open_auction_in,,,,False,in_value,True,open_auction_in,,,,False,in_value,True
2022-01-06,4687.25,4712.00,4662.00,open_auction_out,,range,4684.25,False,below_range,True,open_auction_out,,range,4684.25,False,below_range,True
2022-01-07,4687.00,4699.50,4675.00,open_auction_in,,,,False,in_value,True,open_auction_in,,,,False,in_value,True
2022-01-10,4633.75,4637.25,4580.50,open_drive,down,,4588.75,True,below_range,True,open_drive,down,,4588.75,True,below_range,True
2022-01-11,4659.75,4662.00,4627.25,open_test_drive,up,va,4648.00,True,above_value,True,open_test_drive,up,va,4648.00,True,above_value,True
2022-01-12,4723.00,4739.50,4716.25,open_drive,up,,4731.50,False,above_range,True,open_drive,up,,4731.50,False,above_range,True
2022-01-13,4729.50,4736.25,4712.25,open_rejection_reverse,down,va,4718.75,False,above_value,True,open_rejection_reverse,down,va,4718.75,False,above_value,True
2022-01-14,4618.75,4655.75,4614.50,open_test_drive,down,range,4637.75,True,below_range,True,open_test_drive,down,range,4637.75,True,below_range,True
2022-01-18,4604.00,4606.50,4578.25,open_drive,down,,4598.00,True,below_range,True,open_drive,down,,4598.00,True,below_range,True
2022-01-19,4588.00,4603.00,4570.00,open_auction_in,,,,False,in_value,True,open_auction_in,,,,False,in_value,True
2022-01-20,4543.75,4576.75,4541.50,open_rejection_reverse,up,va,4571.25,False,below_value,False,open_rejection_reverse,up,va,4571.25,False,below_value,False
2022-01-21,4462.25,4472.75,4412.50,open_drive,down,,4434.25,False,below_range,True,open_drive,down,,4434.25,False,below_range,True
2022-01-24,4326.25,4340.50,4263.00,open_drive,down,,4292.25,False,below_range,True,open_drive,down,,4292.25,False,below_range,True
2022-01-25,4336.25,4351.75,4276.50,open_rejection_reverse,down,va,4329.75,False,above_value,True,open_rejection_reverse,down,va,4329.75,False,above_value,True
2022-01-26,4413.00,4437.00,4391.00,open_auction_out,,range,4397.50,False,above_range,True,open_auction_out,,range,4397.50,False,above_range,True
2022-01-27,4387.50,4422.00,4375.50,open_auction_in,,,,False,in_value,True,open_auction_in,,,,False,in_value,True
2022-01-28,4332.00,4336.50,4283.00,open_auction_in,,,,False,in_value,True,open_drive,down,,4312.00,False,below_value,True
2022-01-31,4417.00,4463.00,4402.75,open_drive,up,,4448.75,False,above_value,False,open_auction_in,,,,False,in_value,False
2022-02-01,4511.75,4514.50,4474.00,open_auction_out,,va,4492.50,False,above_range,False,open_auction_out,,va,4492.50,False,above_range,False
2022-02-02,4559.75,4569.00,4543.50,open_auction_out,,a_blurred,4546.25,False,above_range,True,open_auction_out,,a_blurred,4546.25,False,above_range,True
2022-02-03,4514.25,4532.75,4505.00,open_auction_out,,a_blurred,4529.75,False,below_range,True,open_auction_out,,a_blurred,4529.75,False,below_range,True
2022-02-04,4467.75,4491.50,4455.25,open_test_drive,down,a_extreme,4465.00,True,below_value,True,open_test_drive,down,a_extreme,4465.00,True,below_value,True
2022-02-07,4499.50,4508.25,4486.00,open_auction_in,,,,False,in_value,True,open_auction_in,,,,False,in_value,True
2022-02-08,4471.00,4479.00,4456.25,open_drive,down,,4467.50,False,below_value,True,open_auction_out,,va,4467.50,False,below_value,True
2022-02-09,4556.75,4568.75,4554.50,open_drive,up,,4564.00,True,above_range,True,open_drive,up,,4564.00,True,above_range,True
2022-02-10,4517.50,4573.75,4516.75,open_rejection_reverse,up,va,4564.25,False,below_range,True,open_rejection_reverse,up,va,4564.25,False,below_range,True
2022-02-11,4498.75,4520.50,4486.75,open_test_drive,down,va,4501.50,True,below_value,True,open_test_drive,down,va,4501.50,True,below_value,True
2022-02-14,4403.00,4416.50,4380.25,open_drive,down,,4393.00,True,below_value,True,open_drive,down,,4393.00,True,below_value,True
2022-02-15,4441.50,4462.25,4438.75,open_drive,up,,4453.75,True,above_range,True,open_drive,up,,4453.75,True,above_range,True
2022-02-16,4443.50,4452.00,4426.00,open_auction_out,,va,4436.50,False,below_value,True,open_auction_out,,va,4436.50,False,below_value,True
2022-02-17,4436.00,4441.75,4402.50,open_auction_in,,,,False,in_value,False,open_auction_in,,,,False,in_value,False
2022-02-18,4377.00,4390.25,4362.50,open_test_drive,down,a_extreme,4372.00,True,below_value,True,open_test_drive,down,a_extreme,4372.00,True,below_value,True
2022-02-22,4322.25,4358.50,4308.25,open_rejection_reverse,up,va,4358.00,False,below_value,False,open_rejection_reverse,up,va,4358.00,False,below_value,False
2022-02-23,4330.25,4335.75,4284.00,open_auction_in,,,,False,in_value,True,open_auction_in,,,,False,in_value,True
2022-02-24,4112.50,4183.50,4108.75,open_auction_out,,a_blurred,4156.25,False,below_range,True,open_auction_out,,a_blurred,4156.25,False,below_range,True
2022-02-25,4298.75,4325.50,4281.25,open_test_drive,up,range,4321.00,True,above_range,True,open_test_drive,up,range,4321.00,True,above_range,True
2022-02-28,4323.50,4348.50,4321.25,open_rejection_reverse,up,va,4332.25,False,below_value,True,open_rejection_reverse,up,va,4332.25,False,below_value,True
2022-03-01,4353.25,4374.50,4336.75,open_auction_in,,,,False,in_value,True,open_auction_in,,,,False,in_value,True
2022-03-02,4327.25,4354.50,4318.75,open_auction_in,,,,False,in_value,True,open_auction_in,,,,False,in_value,True
2022-03-03,4407.50,4414.00,4373.75,open_rejection_reverse,down,va,4380.25,False,above_range,True,open_rejection_reverse,down,va,4380.25,False,above_range,True
2022-03-04,4320.00,4328.00,4289.50,open_drive,down,,4300.50,True,below_range,True,open_drive,down,,4300.50,True,below_value,True
2022-03-07,4318.50,4321.25,4263.25,open_auction_in,,,,False,in_value,False,open_auction_in,,,,False,in_value,False
2022-03-08,4199.75,4215.50,4160.25,open_test_drive,down,va,4166.25,True,below_value,False,open_test_drive,down,va,4166.25,True,below_value,False
2022-03-09,4254.75,4267.50,4230.75,open_drive,up,,4260.25,True,above_value,True,open_drive,up,,4260.25,True,above_value,True
2022-03-10,4227.75,4256.25,4222.75,open_test_drive,down,range,4234.25,True,below_range,False,open_test_drive,down,range,4234.25,True,below_range,False
2022-03-11,4284.75,4290.75,4251.25,open_auction_out,,va,4259.75,False,above_range,True,open_auction_out,,va,4259.75,False,above_range,True
2022-03-14,4203.00,4229.25,4185.50,open_auction_out,,va,4222.25,False,below_value,True,open_rejection_reverse,up,va,4222.25,False,below_value,True
2022-03-15,4192.00,4213.25,4178.50,open_auction_in,,,,False,in_value,True,open_auction_in,,,,False,in_value,True
2022-03-16,4294.00,4339.75,4292.75,open_drive,up,,4329.50,False,above_range,True,open_drive,up,,4329.50,False,above_range,True
2022-03-17,4330.00,4364.00,4325.75,open_auction_in,,,,False,in_value,False,open_auction_in,,,,False,in_value,False
2022-03-18,4387.75,4416.00,4379.00,open_auction_out,,va,4405.50,False,above_value,True,open_auction_out,,va,4405.50,False,above_value,True
2022-03-21,4451.50,4473.00,4435.50,open_auction_out,,a_extreme,4438.25,False,above_value,True,open_auction_out,,a_extreme,4438.25,False,above_value,True
2022-03-22,4467.25,4496.75,4467.00,open_drive,up,,4494.25,True,above_value,False,open_drive,up,,4494.25,True,above_value,False
2022-03-23,4477.50,4487.75,4465.25,open_auction_out,,va,4483.75,False,below_value,True,open_auction_out,,va,4483.75,False,below_value,True
2022-03-24,4468.00,4478.25,4456.00,open_auction_in,,,,False,in_value,True,open_auction_in,,,,False,in_value,True
2022-03-25,4520.25,4534.00,4511.75,open_test_drive,up,range,4527.75,True,above_range,True,open_test_drive,up,range,4527.75,True,above_range,True
2022-03-28,4529.50,4546.00,4525.75,open_auction_in,,,,False,in_value,False,open_auction_in,,,,False,in_value,False
2022-03-29,4610.00,4623.00,4581.75,open_auction_out,,a_blurred,4597.25,False,above_range,True,open_auction_out,,a_blurred,4597.25,False,above_range,True
2022-03-30,4614.00,4622.50,4608.75,open_auction_in,,,,False,in_value,True,open_auction_in,,,,False,in_value,True
2022-03-31,4589.25,4591.75,4575.00,open_auction_out,,va,4581.50,False,below_value,True,open_auction_in,,,,False,in_value,True
2022-04-01,4543.50,4545.00,4518.00,open_drive,down,,4520.75,False,below_value,True,open_drive,down,,4520.75,False,below_value,True
2022-04-04,4541.25,4558.75,4532.75,open_test_drive,up,va,4558.50,True,above_value,True,open_test_drive,up,va,4558.50,True,above_value,True
2022-04-05,4562.25,4588.75,4548.50,open_auction_in,,,,False,in_value,True,open_auction_in,,,,False,in_value,True
2022-04-06,4477.75,4485.25,4454.50,open_drive,down,,4459.00,False,below_range,True,open_drive,down,,4459.00,False,below_range,True
2022-04-07,4466.00,4486.75,4462.50,open_auction_in,,,,False,in_value,True,open_auction_in,,,,False,in_value,True
2022-04-08,4489.25,4491.75,4468.75,open_rejection_reverse,down,va,4483.75,True,above_value,False,open_rejection_reverse,down,va,4483.75,True,above_value,True
2022-04-11,4450.50,4459.50,4433.25,open_drive,down,,4437.00,True,below_range,True,open_drive,down,,4437.00,True,below_range,True
2022-04-12,4440.75,4466.75,4432.75,open_auction_in,,,,False,in_value,False,open_auction_in,,,,False,in_value,False
2022-04-13,4389.25,4411.75,4387.00,open_auction_out,,va,4401.50,False,below_value,True,open_auction_out,,va,4401.50,False,below_value,True
2022-04-14,4444.00,4455.75,4413.75,open_auction_in,,,,False,in_value,True,open_auction_in,,,,False,in_value,True
2022-04-18,4376.25,4403.75,4376.25,open_auction_out,,range,4396.25,False,below_range,True,open_rejection_reverse,up,va,4396.25,False,below_value,True
2022-04-19,4386.75,4437.50,4385.00,open_auction_in,,,,False,in_value,False,open_auction_in,,,,False,in_value,False
2022-04-20,4477.50,4484.25,4452.50,open_auction_out,,va,4467.00,False,above_range,True,open_auction_out,,va,4467.00,False,above_range,True
2022-04-21,4494.50,4509.00,4487.75,open_auction_out,,a_blurred,4496.25,False,above_range,True,open_auction_out,,a_blurred,4496.25,False,above_range,True
2022-04-22,4377.25,4380.50,4335.75,open_drive,down,,4337.25,True,below_range,True,open_drive,down,,4337.25,True,below_range,True
2022-04-25,4244.00,4246.50,4207.25,open_drive,down,,4234.00,True,below_range,True,open_drive,down,,4234.00,True,below_range,True
2022-04-26,4265.75,4267.50,4221.25,open_rejection_reverse,down,va,4231.75,False,above_value,True,open_rejection_reverse,down,va,4231.75,False,above_value,True
2022-04-27,4179.25,4227.25,4165.00,open_test_drive,down,va,4166.25,True,below_value,True,open_test_drive,down,va,4166.25,True,below_value,True
2022-04-28,4229.75,4238.00,4191.00,open_rejection_reverse,down,va,4191.50,False,above_value,False,open_auction_in,,,,False,in_value,True
2022-04-29,4242.50,4265.50,4216.50,open_auction_in,,,,False,in_value,True,open_rejection_reverse,down,va,4218.50,False,above_value,True
2022-05-02,4127.00,4156.00,4098.00,open_auction_out,,a_extreme,4150.50,False,below_value,True,open_auction_out,,a_extreme,4150.50,False,below_value,True
2022-05-03,4156.00,4168.25,4139.00,open_test_drive,up,va,4163.25,True,above_value,True,open_test_drive,up,va,4163.25,True,above_value,True
2022-05-04,4176.50,4180.25,4150.50,open_auction_in,,,,False,in_value,True,open_auction_in,,,,False,in_value,True
2022-05-05,4251.00,4252.00,4182.75,open_rejection_reverse,down,va,4186.00,False,above_value,True,open_rejection_reverse,down,va,4186.00,False,above_value,True
2022-05-06,4116.50,4123.25,4062.00,open_auction_out,,va,4099.25,False,below_value,True,open_drive,down,,4099.25,False,below_value,True
2022-05-09,4055.50,4069.00,4027.00,open_drive,down,,4029.25,True,below_range,True,open_drive,down,,4029.25,True,below_range,True
2022-05-10,4050.00,4065.50,4023.25,open_rejection_reverse,down,va,4029.75,False,above_value,True,open_rejection_reverse,down,va,4029.75,False,above_value,True
2022-05-11,3985.00,4038.75,3966.25,open_auction_in,,,,False,in_value,True,open_rejection_reverse,up,va,4031.25,False,below_value,False
2022-05-12,3897.00,3941.00,3872.75,open_auction_out,,range,3923.25,False,below_range,True,open_auction_out,,range,3923.25,False,below_range,True
2022-05-13,3970.75,4019.00,3959.50,open_drive,up,,4013.75,True,above_range,True,open_drive,up,,4013.75,True,above_range,True
2022-05-16,4003.25,4022.00,3979.50,open_auction_in,,,,False,in_value,True,open_auction_in,,,,False,in_value,True
2022-05-17,4069.50,4070.00,4045.00,open_auction_out,,a_blurred,4046.25,False,above_range,True,open_auction_out,,a_blurred,4046.25,False,above_range,True
2022-05-18,4038.25,4041.50,4007.50,open_drive,down,,4007.75,True,below_value,False,open_drive,down,,4007.75,True,below_value,False
2022-05-19,3888.25,3922.00,3874.00,open_auction_out,,va,3898.50,False,below_range,True,open_auction_out,,va,3898.50,False,below_range,True
2022-05-20,3935.50,3941.00,3901.00,open_rejection_reverse,down,va,3913.25,False,above_value,True,open_rejection_reverse,down,va,3913.25,False,above_value,True
2022-05-23,3931.00,3947.00,3906.50,open_test_drive,up,a_extreme,3943.00,True,above_value,True,open_test_drive,up,a_extreme,3943.00,True,above_value,True
2022-05-24,3928.00,3938.50,3876.75,open_drive,down,,3892.25,True,below_value,True,open_drive,down,,3892.25,True,below_value,True
2022-05-25,3925.00,3967.50,3921.50,open_auction_in,,,,False,in_value,False,open_auction_in,,,,False,in_value,False
2022-05-26,3989.25,4042.75,3987.50,open_drive,up,,4035.75,True,above_value,False,open_drive,up,,4035.75,True,above_value,False
2022-05-27,4081.50,4126.00,4079.50,open_drive,up,,4119.75,False,above_range,True,open_drive,up,,4119.75,False,above_range,True
2022-05-31,4138.00,4141.50,4102.75,open_rejection_reverse,down,va,4120.00,False,above_value,False,open_rejection_reverse,down,va,4120.00,False,above_value,False
2022-06-01,4154.25,4165.00,4105.00,open_auction_in,,,,False,in_value,True,open_auction_in,,,,False,in_value,True
2022-06-02,4096.50,4108.00,4072.25,open_auction_in,,,,False,in_value,True,open_auction_in,,,,False,in_value,True
2022-06-03,4125.50,4142.25,4115.50,open_auction_in,,,,False,in_value,True,open_auction_in,,,,False,in_value,True
2022-06-06,4149.75,4168.25,4138.75,open_drive,up,,4161.50,False,above_range,True,open_auction_out,,va,4161.50,False,above_value,True
2022-06-07,4082.50,4116.75,4077.75,open_rejection_reverse,up,va,4115.00,False,below_range,True,open_rejection_reverse,up,va,4115.00,False,below_value,True
2022-06-08,4141.00,4160.00,4128.25,open_auction_in,,,,False,in_value,True,open_auction_in,,,,False,in_value,True
2022-06-09,4094.50,4118.25,4085.00,open_rejection_reverse,up,va,4108.00,True,below_range,True,open_rejection_reverse,up,va,4108.00,True,below_value,True
2022-06-10,3949.50,3958.25,3901.75,open_drive,down,,3903.00,True,below_range,True,open_drive,down,,3903.00,True,below_range,True
2022-06-13,3797.50,3818.00,3769.00,open_drive,down,,3771.50,True,below_range,True,open_drive,down,,3771.50,True,below_range,True
2022-06-14,3768.00,3778.75,3740.00,open_auction_in,,,,False,in_value,True,open_auction_in,,,,False,in_value,True
2022-06-15,3776.25,3797.75,3769.50,open_drive,up,,3788.25,False,above_value,False,open_drive,up,,3788.25,False,above_value,False
2022-06-16,3707.50,3711.75,3676.00,open_drive,down,,3691.00,True,below_range,True,open_drive,down,,3691.00,True,below_range,True
2022-06-17,3672.50,3711.75,3659.00,open_auction_in,,,,False,in_value,True,open_auction_in,,,,False,in_value,True
2022-06-21,3736.25,3773.75,3735.50,open_drive,up,,3769.50,True,above_range,True,open_drive,up,,3769.50,True,above_range,True
2022-06-22,3724.00,3788.00,3719.25,open_rejection_reverse,up,va,3786.25,False,below_range,False,open_rejection_reverse,up,va,3786.25,False,below_range,False
2022-06-23,3783.75,3793.25,3765.00,open_auction_in,,,,False,in_value,True,open_auction_in,,,,False,in_value,True
2022-06-24,3831.75,3889.75,3831.00,open_drive,up,,3883.25,True,above_range,True,open_drive,up,,3883.25,True,above_range,True
2022-06-27,3928.75,3931.75,3893.50,open_rejection_reverse,down,va,3900.00,False,above_range,False,open_rejection_reverse,down,va,3900.00,False,above_range,False
2022-06-28,3920.25,3950.00,3912.25,open_rejection_reverse,down,va,3913.75,False,above_value,True,open_rejection_reverse,down,va,3913.75,False,above_value,True
2022-06-29,3830.00,3840.00,3801.25,open_auction_in,,,,False,in_value,True,open_auction_in,,,,False,in_value,True
2022-06-30,3778.00,3786.25,3741.25,open_drive,down,,3750.75,False,below_range,True,open_drive,down,,3750.75,False,below_range,True
2022-07-01,3781.00,3816.75,3764.00,open_auction_in,,,,False,in_value,True,open_auction_in,,,,False,in_value,True
2022-07-05,3774.50,3778.75,3744.00,open_auction_in,,,,False,in_value,True,open_auction_in,,,,False,in_value,False
2022-07-06,3836.75,3852.25,3822.00,open_auction_out,,range,3837.50,False,above_range,True,open_auction_out,,range,3837.50,False,above_range,True
2022-07-07,3867.00,3891.75,3866.50,open_drive,up,,3884.50,True,above_value,False,open_drive,up,,3884.50,True,above_value,False
2022-07-08,3887.50,3908.75,3871.50,open_auction_in,,,,False,in_value,True,open_auction_in,,,,False,in_value,True
2022-07-11,3873.25,3884.00,3851.25,open_drive,down,,3857.75,False,below_value,False,open_drive,down,,3857.75,False,below_value,False
2022-07-12,3851.00,3876.50,3840.00,open_auction_out,,va,3844.50,False,below_value,True,open_auction_out,,va,3844.50,False,below_value,True
2022-07-13,3765.50,3796.00,3760.50,open_drive,down,,3779.75,False,below_range,True,open_drive,down,,3779.75,False,below_range,True
2022-07-14,3749.50,3757.75,3723.75,open_drive,down,,3733.00,False,below_range,True,open_drive,down,,3733.00,False,below_range,True
2022-07-15,3840.00,3857.75,3819.75,open_drive,up,,3856.75,True,above_range,True,open_drive,up,,3856.75,True,above_range,True
2022-07-18,3898.00,3905.25,3886.50,open_auction_out,,a_blurred,3891.75,False,above_range,True,open_auction_out,,a_blurred,3891.75,False,above_range,True
2022-07-19,3874.50,3896.50,3868.00,open_auction_in,,,,False,in_value,True,open_auction_in,,,,False,in_value,True
2022-07-20,3938.50,3950.00,3924.75,open_auction_in,,,,False,in_value,True,open_auction_in,,,,False,in_value,True
2022-07-21,3954.75,3971.75,3930.25,open_auction_in,,,,False,in_value,True,open_auction_in,,,,False,in_value,True
2022-07-22,4003.25,4016.25,3986.50,open_auction_out,,va,3999.75,False,above_range,True,open_auction_out,,range,3999.75,False,above_range,True
2022-07-25,3971.25,3974.50,3951.00,open_auction_in,,,,False,in_value,True,open_auction_in,,,,False,in_value,True
2022-07-26,3952.75,3955.00,3936.75,open_drive,down,,3939.25,True,below_value,True,open_auction_in,,,,False,in_value,True
2022-07-27,3957.50,3974.00,3954.50,open_drive,up,,3971.25,True,above_range,True,open_drive,up,,3971.25,True,above_range,True
2022-07-28,4031.75,4041.00,3994.50,open_rejection_reverse,down,va,4000.50,True,above_value,True,open_rejection_reverse,down,va,4000.50,True,above_value,True
2022-07-29,4089.00,4123.25,4081.00,open_drive,up,,4119.25,False,above_range,True,open_drive,up,,4119.25,False,above_range,True
2022-08-01,4105.00,4141.50,4097.00,open_auction_in,,,,False,in_value,True,open_auction_in,,,,False,in_value,True
2022-08-02,4103.75,4110.00,4080.50,open_drive,down,,4104.00,False,below_value,True,open_auction_out,,va,4104.00,False,below_value,True
2022-08-03,4115.75,4137.25,4112.50,open_auction_in,,,,False,in_value,True,open_auction_in,,,,False,in_value,True
2022-08-04,4155.75,4163.00,4144.50,open_auction_in,,,,False,in_value,True,open_auction_in,,,,False,in_value,True
2022-08-05,4108.00,4153.25,4107.25,open_rejection_reverse,up,va,4146.25,False,below_range,True,open_rejection_reverse,up,va,4146.25,False,below_range,False
2022-08-08,4164.25,4188.00,4160.50,open_drive,up,,4179.00,False,above_range,True,open_drive,up,,4179.00,False,above_range,True
2022-08-09,4133.50,4138.75,4118.25,open_auction_in,,,,False,in_value,False,open_auction_in,,,,False,in_value,False
2022-08-10,4199.00,4200.00,4178.50,open_auction_out,,a_blurred,4188.25,True,above_range,True,open_auction_out,,a_blurred,4188.25,True,above_range,True
2022-08-11,4240.50,4260.50,4233.00,open_drive,up,,4250.25,False,above_range,True,open_drive,up,,4250.25,False,above_range,True
2022-08-12,4231.00,4239.75,4221.00,open_auction_in,,,,False,in_value,True,open_auction_in,,,,False,in_value,True
2022-08-15,4258.25,4284.00,4257.75,open_auction_in,,,,False,in_value,False,open_auction_in,,,,False,in_value,False
2022-08-16,4287.75,4297.75,4284.25,open_auction_in,,,,False,in_value,True,open_auction_in,,,,False,in_value,True
2022-08-17,4269.25,4285.25,4268.75,open_test_drive,down,range,4275.50,True,below_range,True,open_test_drive,down,range,4275.50,True,below_range,True
2022-08-18,4277.50,4279.75,4264.00,open_auction_in,,,,False,in_value,True,open_auction_in,,,,False,in_value,True
2022-08-19,4259.00,4261.75,4235.00,open_drive,down,,4240.75,True,below_range,True,open_drive,down,,4240.75,True,below_value,False
2022-08-22,4178.75,4180.50,4154.75,open_drive,down,,4156.50,True,below_range,True,open_drive,down,,4156.50,True,below_range,True
2022-08-23,4137.00,4161.75,4131.25,open_rejection_reverse,up,va,4147.75,True,below_value,False,open_rejection_reverse,up,va,4147.75,True,below_value,False
2022-08-24,4128.50,4143.50,4121.25,open_auction_in,,,,False,in_value,True,open_auction_in,,,,False,in_value,True
2022-08-25,4158.75,4182.75,4147.50,open_test_drive,up,va,4180.50,True,above_range,True,open_test_drive,up,va,4180.50,True,above_value,False
2022-08-26,4200.75,4206.25,4150.25,open_rejection_reverse,down,va,4155.00,False,above_value,True,open_rejection_reverse,down,va,4155.00,False,above_value,True
2022-08-29,4028.00,4050.50,4020.75,open_auction_out,,a_blurred,4039.50,True,below_range,True,open_auction_out,,a_blurred,4039.50,True,below_range,True
2022-08-30,4043.50,4046.50,4000.75,open_auction_in,,,,False,in_value,False,open_auction_in,,,,False,in_value,False
2022-08-31,4004.00,4017.00,3982.75,open_rejection_reverse,down,va,3985.75,False,above_value,True,open_rejection_reverse,down,va,3985.75,False,above_value,True
2022-09-01,3932.00,3938.00,3908.75,open_drive,down,,3929.50,True,below_range,True,open_drive,down,,3929.50,True,below_range,True
2022-09-02,4006.25,4007.75,3973.25,open_auction_out,,a_blurred,4006.75,True,above_range,True,open_auction_out,,a_blurred,4006.75,True,above_range,True
2022-09-06,3934.00,3944.50,3886.75,open_auction_out,,va,3907.00,False,below_value,True,open_auction_out,,va,3907.00,False,below_value,True
2022-09-07,3906.75,3930.00,3904.50,open_auction_in,,,,False,in_value,True,open_auction_in,,,,False,in_value,True
2022-09-08,3955.25,3987.00,3942.75,open_auction_in,,,,False,in_value,True,open_auction_in,,,,False,in_value,True
2022-09-09,4029.25,4058.00,4026.25,open_drive,up,,4053.50,True,above_range,True,open_drive,up,,4053.50,True,above_range,True
2022-09-12,4089.50,4119.75,4086.00,open_drive,up,,4115.75,False,above_range,True,open_drive,up,,4115.75,False,above_range,True
2022-09-13,4019.25,4032.00,3997.50,open_drive,down,,4002.25,True,below_range,True,open_drive,down,,4002.25,True,below_range,True
2022-09-14,3963.75,3975.50,3938.25,open_drive,down,,3939.00,True,below_value,True,open_drive,down,,3939.00,True,below_value,True
2022-09-15,3947.00,3977.50,3940.50,open_auction_in,,,,False,in_value,True,open_auction_in,,,,False,in_value,True
2022-09-16,3873.75,3886.25,3853.50,open_auction_out,,a_blurred,3875.75,False,below_range,True,open_auction_out,,a_blurred,3875.75,False,below_range,True
2022-09-19,3854.00,3891.25,3853.25,open_rejection_reverse,up,va,3889.25,False,below_value,False,open_rejection_reverse,up,va,3889.25,False,below_value,False
2022-09-20,3882.75,3885.00,3862.50,open_auction_in,,,,False,in_value,True,open_auction_in,,,,False,in_value,True
2022-09-21,3893.00,3904.50,3886.00,open_drive,up,,3903.75,True,above_value,True,open_drive,up,,3903.75,True,above_value,True
2022-09-22,3795.75,3806.75,3772.00,open_drive,down,,3785.75,True,below_range,True,open_drive,down,,3785.75,True,below_range,True
2022-09-23,3734.75,3735.25,3702.50,open_drive,down,,3715.75,True,below_range,True,open_drive,down,,3715.75,True,below_range,True
2022-09-26,3692.00,3730.50,3688.50,open_auction_in,,,,False,in_value,True,open_auction_in,,,,False,in_value,True
2022-09-27,3708.50,3733.00,3686.25,open_rejection_reverse,down,va,3695.75,False,above_value,True,open_rejection_reverse,down,va,3695.75,False,above_value,True
2022-09-28,3670.25,3692.25,3652.25,open_auction_in,,,,False,in_value,True,open_auction_in,,,,False,in_value,True
2022-09-29,3694.25,3697.50,3631.25,open_auction_in,,,,False,in_value,False,open_auction_in,,,,False,in_value,False
2022-09-30,3644.00,3662.00,3626.50,open_auction_in,,,,False,in_value,True,open_auction_in,,,,False,in_value,True
2022-10-03,3635.75,3673.75,3617.00,open_auction_in,,,,False,in_value,True,open_auction_in,,,,False,in_value,True
2022-10-04,3749.25,3798.25,3748.50,open_drive,up,,3786.50,True,above_range,True,open_drive,up,,3786.50,True,above_range,True
2022-10-05,3759.00,3777.25,3739.50,open_drive,down,,3740.25,True,below_value,True,open_drive,down,,3740.25,True,below_value,True
2022-10-06,3780.50,3811.50,3760.00,open_auction_in,,,,False,in_value,True,open_auction_in,,,,False,in_value,True
2022-10-07,3713.75,3717.50,3670.75,open_drive,down,,3685.25,False,below_range,True,open_drive,down,,3685.25,False,below_range,True
2022-10-10,3663.00,3665.50,3632.50,open_auction_in,,,,False,in_value,False,open_auction_in,,,,False,in_value,False
2022-10-11,3604.75,3611.50,3580.25,open_drive,down,,3590.25,False,below_value,False,open_drive,down,,3590.25,False,below_value,False
2022-10-12,3604.00,3620.75,3585.50,open_auction_in,,,,False,in_value,True,open_auction_in,,,,False,in_value,True
2022-10-13,3513.25,3562.50,3502.00,open_auction_out,,a_blurred,3540.75,False,below_range,True,open_auction_out,,a_blurred,3540.75,False,below_range,True
2022-10-14,3707.50,3725.25,3628.00,open_rejection_reverse,down,va,3641.50,False,above_range,False,open_rejection_reverse,down,va,3641.50,False,above_range,False
2022-10-17,3662.25,3702.50,3661.50,open_drive,up,,3689.75,False,above_value,True,open_drive,up,,3689.75,False,above_value,True
2022-10-18,3773.50,3777.25,3741.50,open_auction_out,,a_blurred,3742.00,False,above_range,True,open_auction_out,,a_blurred,3742.00,False,above_range,True
2022-10-19,3712.00,3740.50,3700.50,open_auction_in,,,,False,in_value,True,open_auction_in,,,,False,in_value,True
2022-10-20,3700.25,3748.00,3690.25,open_auction_in,,,,False,in_value,True,open_auction_in,,,,False,in_value,True
2022-10-21,3671.50,3727.25,3655.50,open_auction_in,,,,False,in_value,True,open_auction_in,,,,False,in_value,True
2022-10-24,3779.50,3808.75,3751.75,open_auction_out,,range,3766.75,False,above_range,True,open_auction_out,,range,3766.75,False,above_range,True
2022-10-25,3808.75,3849.00,3807.00,open_test_drive,up,va,3849.00,True,above_value,False,open_test_drive,up,va,3849.00,True,above_value,False
2022-10-26,3837.25,3870.25,3834.25,open_auction_in,,,,False,in_value,True,open_auction_in,,,,False,in_value,True
2022-10-27,3850.75,3867.50,3825.50,open_auction_in,,,,False,in_value,True,open_auction_in,,,,False,in_value,True
2022-10-28,3818.50,3864.25,3816.50,open_rejection_reverse,up,va,3860.00,False,below_value,False,open_rejection_reverse,up,va,3860.00,False,below_value,False
2022-10-31,3884.25,3894.75,3872.25,open_auction_in,,,,False,in_value,True,open_auction_in,,,,False,in_value,True
2022-11-01,3921.75,3924.25,3869.25,open_rejection_reverse,down,va,3883.75,False,above_range,False,open_rejection_reverse,down,va,3883.75,False,above_range,False
2022-11-02,3858.50,3860.25,3840.25,open_auction_in,,,,False,in_value,False,open_auction_in,,,,False,in_value,False
2022-11-03,3732.00,3745.00,3704.25,open_auction_out,,a_blurred,3742.75,False,below_range,True,open_auction_out,,a_blurred,3742.75,False,below_range,True
2022-11-04,3786.25,3797.50,3738.25,open_test_drive,up,va,3793.25,True,above_range,True,open_test_drive,up,va,3793.25,True,above_range,True
2022-11-07,3793.00,3800.00,3771.25,open_rejection_reverse,down,va,3784.75,False,above_value,True,open_rejection_reverse,down,va,3784.75,False,above_value,True
2022-11-08,3826.75,3838.75,3810.75,open_test_drive,up,range,3835.50,True,above_range,True,open_test_drive,up,range,3835.50,True,above_range,True
2022-11-09,3813.25,3825.75,3795.00,open_auction_in,,,,False,in_value,True,open_auction_in,,,,False,in_value,True
2022-11-10,3894.25,3919.50,3870.75,open_drive,up,,3912.75,True,above_range,True,open_drive,up,,3912.75,True,above_range,True
2022-11-11,3971.25,3991.25,3951.00,open_auction_out,,range,3985.00,False,above_range,True,open_auction_out,,range,3985.00,False,above_range,True
2022-11-14,3981.75,4005.50,3974.50,open_auction_in,,,,False,in_value,True,open_auction_in,,,,False,in_value,True
2022-11-15,4026.75,4038.75,4015.00,open_auction_out,,range,4031.50,False,above_range,True,open_auction_out,,range,4031.50,False,above_range,True
2022-11-16,3983.00,3992.75,3972.00,open_test_drive,down,va,3978.00,True,below_value,True,open_test_drive,down,va,3978.00,True,below_value,True
2022-11-17,3917.00,3934.75,3913.75,open_auction_out,,a_blurred,3932.25,False,below_range,True,open_auction_out,,a_blurred,3932.25,False,below_range,True
2022-11-18,3990.50,3991.75,3955.75,open_auction_out,,va,3966.50,False,above_range,True,open_auction_out,,va,3966.50,False,above_range,True
2022-11-21,3958.50,3970.50,3947.25,open_auction_in,,,,False,in_value,True,open_auction_in,,,,False,in_value,True
2022-11-22,3977.50,3985.75,3962.75,open_test_drive,up,va,3982.50,True,above_range,True,open_test_drive,up,va,3982.50,True,above_value,True
2022-11-23,4005.75,4031.25,4005.00,open_drive,up,,4029.75,True,above_value,False,open_drive,up,,4029.75,True,above_value,False
2022-11-25,4028.00,4038.25,4025.25,open_auction_in,,,,False,in_value,True,open_auction_in,,,,False,in_value,True
2022-11-28,4000.50,4017.75,3997.50,open_drive,down,,4002.75,True,below_range,True,open_drive,down,,4002.75,True,below_range,True
2022-11-29,3969.00,3979.00,3961.00,open_rejection_reverse,up,va,3979.00,True,below_value,True,open_rejection_reverse,up,va,3979.00,True,below_value,True
2022-11-30,3962.75,3970.50,3947.00,open_auction_in,,,,False,in_value,True,open_auction_in,,,,False,in_value,True
2022-12-01,4095.25,4110.00,4057.75,open_auction_out,,range,4060.00,False,above_range,True,open_auction_out,,range,4060.00,False,above_range,True
2022-12-02,4028.50,4054.00,4027.50,open_auction_out,,a_blurred,4043.25,False,below_range,True,open_auction_out,,a_blurred,4043.25,False,below_range,True
2022-12-05,4045.75,4055.50,4022.00,open_auction_in,,,,False,in_value,False,open_auction_in,,,,False,in_value,False
2022-12-06,4000.00,4005.50,3963.00,open_auction_in,,,,False,in_value,False,open_auction_in,,,,False,in_value,False
2022-12-07,3933.75,3957.75,3924.25,open_auction_in,,,,False,in_value,True,open_auction_in,,,,False,in_value,True
2022-12-08,3955.00,3975.75,3937.75,open_test_drive,up,va,3973.50,True,above_value,False,open_test_drive,up,va,3973.50,True,above_value,False
2022-12-09,3952.25,3972.00,3944.00,open_auction_in,,,,False,in_value,True,open_auction_in,,,,False,in_value,True
2022-12-12,3944.50,3951.75,3937.00,open_auction_out,,a_extreme,3947.50,False,below_value,True,open_rejection_reverse,up,va,3947.50,False,below_value,True
2022-12-13,4106.50,4107.25,4052.00,open_auction_out,,a_blurred,4058.25,False,above_range,True,open_auction_out,,a_blurred,4058.25,False,above_range,True
2022-12-14,4051.75,4080.00,4051.25,open_auction_in,,,,False,in_value,True,open_auction_in,,,,False,in_value,True
2022-12-15,3976.00,3985.25,3933.50,open_drive,down,,3942.25,True,below_range,True,open_drive,down,,3942.25,True,below_range,True
2022-12-16,3898.50,3912.50,3872.25,open_test_drive,down,va,3872.50,True,below_range,True,open_test_drive,down,va,3872.50,True,below_range,True
2022-12-19,3880.00,3883.50,3862.00,open_auction_in,,,,False,in_value,True,open_auction_in,,,,False,in_value,True
2022-12-20,3836.75,3860.75,3822.25,open_rejection_reverse,up,va,3859.00,False,below_value,False,open_rejection_reverse,up,va,3859.00,False,below_value,True
2022-12-21,3876.75,3895.75,3870.50,open_drive,up,,3895.50,True,above_range,True,open_drive,up,,3895.50,True,above_range,True
2022-12-22,3872.50,3875.50,3834.75,open_drive,down,,3836.25,True,below_value,False,open_drive,down,,3836.25,True,below_value,False
2022-12-23,3838.00,3859.75,3821.25,open_auction_in,,,,False,in_value,True,open_auction_in,,,,False,in_value,True
2022-12-27,3869.75,3872.00,3837.25,open_auction_in,,,,False,in_value,True,open_auction_in,,,,False,in_value,True
2022-12-28,3854.00,3875.00,3842.75,open_auction_in,,,,False,in_value,True,open_auction_in,,,,False,in_value,True
2022-12-29,3834.75,3868.00,3829.00,open_auction_in,,,,False,in_value,False,open_auction_in,,,,False,in_value,False
2022-12-30,3844.00,3854.00,3827.75,open_drive,down,,3845.75,False,below_value,True,open_drive,down,,3845.75,False,below_value,True
2023-01-03,3881.00,3901.50,3838.00,open_rejection_reverse,down,va,3846.50,False,above_range,True,open_rejection_reverse,down,va,3846.50,False,above_range,True
2023-01-04,3869.00,3880.00,3836.50,open_rejection_reverse,down,va,3853.50,False,above_value,True,open_rejection_reverse,down,va,3853.50,False,above_value,True
2023-01-05,3852.75,3853.50,3823.50,open_auction_in,,,,False,in_value,True,open_auction_in,,,,False,in_value,True
2023-01-06,3861.25,3875.00,3829.00,open_test_drive,up,va,3864.25,True,above_range,True,open_test_drive,up,va,3864.25,True,above_range,True
2023-01-09,3939.50,3957.50,3928.50,open_test_drive,up,va,3949.50,True,above_range,True,open_test_drive,up,va,3949.50,True,above_range,True
2023-01-10,3907.50,3935.00,3904.75,open_test_drive,down,range,3917.50,True,below_range,False,open_test_drive,down,range,3917.50,True,below_range,False
2023-01-11,3957.50,3966.75,3953.00,open_drive,up,,3965.50,False,above_range,True,open_drive,up,,3965.50,False,above_range,True
2023-01-12,3999.75,4003.00,3957.25,open_test_drive,up,va,3992.75,True,above_range,True,open_test_drive,up,va,3992.75,True,above_range,True
2023-01-13,3968.25,3998.75,3965.75,open_rejection_reverse,up,va,3998.00,False,below_value,True,open_rejection_reverse,up,va,3998.00,False,below_value,True
2023-01-17,4018.25,4035.25,4009.00,open_auction_out,,va,4030.00,False,above_value,True,open_auction_out,,va,4030.00,False,above_value,True
2023-01-18,4022.00,4033.50,4015.75,open_auction_out,,va,4026.25,False,above_value,True,open_auction_out,,va,4026.25,False,above_value,True
2023-01-19,3923.00,3933.75,3913.00,open_drive,down,,3920.00,True,below_range,True,open_drive,down,,3920.00,True,below_range,True
2023-01-20,3929.75,3939.50,3912.25,open_auction_in,,,,False,in_value,True,open_auction_in,,,,False,in_value,True
2023-01-23,3996.50,4024.50,3986.25,open_drive,up,,4022.00,True,above_range,True,open_drive,up,,4022.00,True,above_range,True
2023-01-24,4018.00,4030.75,4005.25,open_rejection_reverse,up,va,4022.50,False,below_value,True,open_rejection_reverse,up,va,4022.50,False,below_value,True
2023-01-25,3987.50,3994.50,3969.50,open_drive,down,,3976.25,True,below_range,True,open_drive,down,,3976.25,True,below_value,True
2023-01-26,4059.00,4068.25,4035.25,open_drive,up,,4054.25,False,above_range,True,open_drive,up,,4054.25,False,above_range,True
2023-01-27,4063.75,4093.75,4061.75,open_auction_in,,,,False,in_value,False,open_auction_in,,,,False,in_value,False
2023-01-30,4054.50,4078.00,4053.00,open_test_drive,down,va,4065.50,True,below_range,True,open_test_drive,down,va,4065.50,True,below_range,True
2023-01-31,4036.75,4053.75,4033.25,open_rejection_reverse,up,va,4053.00,False,below_value,True,open_rejection_reverse,up,va,4053.00,False,below_value,True
2023-02-01,4077.75,4089.75,4073.25,open_auction_out,,va,4081.25,False,above_value,True,open_auction_out,,a_extreme,4081.25,False,above_value,True
2023-02-02,4173.75,4176.00,4153.25,open_test_drive,up,range,4171.75,True,above_range,True,open_test_drive,up,range,4171.75,True,above_range,True
2023-02-03,4140.50,4184.00,4139.25,open_rejection_reverse,up,va,4174.25,False,below_range,True,open_rejection_reverse,up,va,4174.25,False,below_range,True
2023-02-06,4121.25,4132.25,4109.00,open_drive,down,,4110.25,True,below_range,True,open_drive,down,,4110.25,True,below_range,True
2023-02-07,4111.00,4118.50,4106.00,open_auction_out,,va,4108.75,False,below_value,True,open_auction_out,,va,4108.75,False,below_value,True
2023-02-08,4153.75,4168.00,4149.75,open_auction_in,,,,False,in_value,True,open_auction_in,,,,False,in_value,True
2023-02-09,4165.50,4166.75,4141.75,open_rejection_reverse,down,va,4143.50,False,above_value,True,open_rejection_reverse,down,va,4143.50,False,above_value,True
2023-02-10,4078.50,4100.75,4069.75,open_rejection_reverse,up,va,4095.75,False,below_value,True,open_rejection_reverse,up,va,4095.75,False,below_value,True
2023-02-13,4107.00,4129.00,4101.50,open_drive,up,,4128.50,True,above_range,True,open_drive,up,,4128.50,True,above_range,True
2023-02-14,4131.50,4170.00,4114.00,open_auction_in,,,,False,in_value,False,open_auction_in,,,,False,in_value,True
2023-02-15,4122.00,4134.75,4113.00,open_rejection_reverse,up,va,4127.50,False,below_value,True,open_auction_in,,,,False,in_value,True
2023-02-16,4103.75,4122.75,4098.25,open_auction_out,,range,4121.50,False,below_range,True,open_auction_out,,va,4121.50,False,below_value,True
2023-02-17,4076.25,4085.75,4057.00,open_auction_out,,a_blurred,4074.50,False,below_range,True,open_auction_out,,range,4074.50,False,below_range,True
2023-02-21,4045.25,4056.25,4029.50,open_test_drive,down,va,4031.75,True,below_range,True,open_test_drive,down,va,4031.75,True,below_range,True
2023-02-22,4009.00,4018.50,3992.75,open_auction_in,,,,False,in_value,True,open_auction_in,,,,False,in_value,True
2023-02-23,4028.50,4034.25,4017.25,open_auction_out,,va,4022.75,False,above_range,True,open_rejection_reverse,down,va,4022.75,False,above_value,True
2023-02-24,3965.25,3976.00,3949.50,open_drive,down,,3954.25,True,below_range,True,open_drive,down,,3954.25,True,below_range,True
2023-02-27,4010.25,4024.75,4002.00,open_drive,up,,4018.25,False,above_range,True,open_drive,up,,4018.25,False,above_range,True
2023-02-28,3982.75,3993.50,3975.00,open_auction_out,,va,3982.50,False,below_value,True,open_auction_out,,va,3982.50,False,below_value,True
2023-03-01,3963.75,3976.50,3950.00,open_test_drive,down,range,3955.75,True,below_range,True,open_test_drive,down,range,3955.75,True,below_range,True
2023-03-02,3935.00,3949.25,3931.00,open_auction_out,,range,3948.00,False,below_range,True,open_auction_out,,range,3948.00,False,below_range,True
2023-03-03,4005.00,4022.00,3998.00,open_auction_out,,a_blurred,4021.75,True,above_range,True,open_auction_out,,a_blurred,4021.75,True,above_range,True
2023-03-06,4057.75,4078.25,4055.25,open_drive,up,,4074.00,True,above_range,True,open_drive,up,,4074.00,True,above_range,True
2023-03-07,4051.25,4054.00,4012.25,open_drive,down,,4023.75,True,below_value,True,open_drive,down,,4023.75,True,below_value,True
2023-03-08,3990.25,3999.00,3974.25,open_rejection_reverse,up,va,3992.50,False,below_value,True,open_rejection_reverse,up,va,3992.50,False,below_value,True
2023-03-09,4002.50,4019.75,3998.50,open_auction_out,,a_extreme,4005.75,False,above_value,True,open_auction_out,,a_extreme,4005.75,False,above_value,True
2023-03-10,3913.50,3915.75,3878.50,open_drive,down,,3891.75,False,below_value,True,open_drive,down,,3891.75,False,below_value,True
2023-03-13,3821.25,3877.00,3810.00,open_auction_out,,va,3842.50,False,below_range,True,open_auction_out,,va,3842.50,False,below_range,True
2023-03-14,3908.75,3926.75,3902.25,open_drive,up,,3925.75,True,above_range,True,open_test_drive,up,va,3925.75,True,above_value,True
2023-03-15,3890.75,3909.75,3882.25,open_test_drive,down,range,3888.75,True,below_range,True,open_test_drive,down,range,3888.75,True,below_range,True
2023-03-16,3901.00,3922.25,3895.00,open_auction_in,,,,False,in_value,True,open_auction_in,,,,False,in_value,True
2023-03-17,3981.50,3992.50,3953.25,open_auction_in,,,,False,in_value,True,open_auction_in,,,,False,in_value,True
2023-03-20,3954.50,3974.00,3946.75,open_auction_in,,,,False,in_value,True,open_auction_in,,,,False,in_value,True
2023-03-21,4020.00,4031.50,4008.25,open_auction_out,,a_blurred,4012.25,False,above_range,True,open_auction_out,,a_blurred,4012.25,False,above_range,True
2023-03-22,4035.75,4047.25,4029.00,open_drive,up,,4046.25,True,above_value,True,open_drive,up,,4046.25,True,above_value,True
2023-03-23,3996.50,4018.75,3995.00,open_auction_out,,va,4013.00,False,below_value,True,open_auction_out,,va,4013.00,False,below_value,True
2023-03-24,3962.50,3970.50,3937.50,open_auction_out,,a_extreme,3968.50,False,below_value,True,open_auction_out,,a_extreme,3968.50,False,below_value,True
2023-03-27,4026.00,4034.25,4015.50,open_auction_out,,a_blurred,4016.50,False,above_range,True,open_auction_out,,a_blurred,4016.50,False,above_range,True
2023-03-28,4002.25,4009.50,3994.00,open_test_drive,down,va,4003.25,True,below_value,True,open_test_drive,down,va,4003.25,True,below_value,True
2023-03-29,4044.50,4047.75,4037.50,open_auction_out,,a_blurred,4039.75,False,above_range,True,open_auction_out,,a_blurred,4039.75,False,above_range,True
2023-03-30,4085.00,4087.75,4072.00,open_auction_out,,a_blurred,4082.25,False,above_range,True,open_auction_out,,a_blurred,4082.25,False,above_range,True
2023-03-31,4090.25,4104.00,4088.50,open_drive,up,,4100.75,True,above_range,True,open_drive,up,,4100.75,True,above_range,True
2023-04-03,4132.50,4157.25,4131.75,open_auction_in,,,,False,in_value,False,open_auction_in,,,,False,in_value,False
2023-04-04,4160.25,4163.25,4143.50,open_rejection_reverse,down,va,4148.25,False,above_range,True,open_rejection_reverse,down,va,4148.25,False,above_range,True
2023-04-05,4120.00,4127.75,4112.50,open_auction_in,,,,False,in_value,True,open_auction_in,,,,False,in_value,True
2023-04-06,4107.75,4113.00,4096.50,open_auction_in,,,,False,in_value,True,open_auction_in,,,,False,in_value,True
2023-04-10,4105.75,4111.00,4098.75,open_auction_out,,va,4104.50,False,below_value,True,open_auction_out,,va,4104.50,False,below_value,True
2023-04-11,4142.25,4142.75,4133.00,open_auction_out,,range,4140.00,False,above_range,True,open_auction_out,,range,4140.00,False,above_range,True
2023-04-12,4158.25,4161.00,4140.75,open_auction_out,,va,4155.00,False,above_range,True,open_auction_out,,va,4155.00,False,above_range,True
2023-04-13,4130.25,4146.50,4124.50,open_rejection_reverse,up,va,4145.50,False,below_value,True,open_rejection_reverse,up,va,4145.50,False,below_value,True
2023-04-14,4166.25,4189.00,4159.25,open_auction_in,,,,False,in_value,True,open_auction_out,,range,4161.00,False,above_range,True
2023-04-17,4161.00,4169.50,4159.50,open_auction_in,,,,False,in_value,True,open_auction_out,,va,4164.75,False,above_value,True
2023-04-18,4193.50,4194.75,4170.50,open_auction_out,,range,4171.75,False,above_range,True,open_auction_out,,range,4171.75,False,above_range,True
2023-04-19,4158.50,4167.00,4157.75,open_auction_out,,range,4166.00,False,below_range,True,open_auction_out,,range,4166.00,False,below_range,True
2023-04-20,4146.25,4159.50,4145.00,open_auction_out,,range,4156.50,False,below_range,True,open_auction_out,,range,4156.50,False,below_range,True
2023-04-21,4155.75,4158.25,4137.75,open_auction_in,,,,False,in_value,True,open_auction_in,,,,False,in_value,True
2023-04-24,4153.50,4164.00,4152.75,open_auction_in,,,,False,in_value,True,open_auction_in,,,,False,in_value,True
2023-04-25,4138.50,4144.25,4126.50,open_test_drive,down,range,4129.00,True,below_range,True,open_test_drive,down,va,4129.00,True,below_value,True
2023-04-26,4098.75,4104.25,4081.25,open_auction_in,,,,False,in_value,True,open_auction_in,,,,False,in_value,True
2023-04-27,4099.75,4115.00,4097.25,open_auction_in,,,,False,in_value,True,open_auction_in,,,,False,in_value,True
2023-04-28,4144.50,4178.25,4143.75,open_drive,up,,4177.00,False,above_value,True,open_drive,up,,4177.00,False,above_value,True
2023-05-01,4184.25,4197.75,4184.00,open_auction_in,,,,False,in_value,True,open_auction_in,,,,False,in_value,True
2023-05-02,4177.00,4177.25,4134.00,open_drive,down,,4138.00,True,below_range,True,open_drive,down,,4138.00,True,below_range,True
2023-05-03,4141.50,4154.50,4140.00,open_auction_in,,,,False,in_value,True,open_auction_in,,,,False,in_value,True
2023-05-04,4095.25,4098.25,4065.00,open_drive,down,,4065.00,True,below_range,True,open_drive,down,,4065.00,True,below_range,True
2023-05-05,4114.50,4136.75,4111.50,open_drive,up,,4133.25,True,above_range,True,open_drive,up,,4133.25,True,above_range,True
2023-05-08,4154.75,4156.25,4142.25,open_rejection_reverse,down,va,4143.25,False,above_value,False,open_rejection_reverse,down,va,4143.25,False,above_value,False
2023-05-09,4135.50,4142.75,4131.00,open_auction_out,,range,4137.25,False,below_range,True,open_auction_out,,range,4137.25,False,below_range,True
2023-05-10,4162.75,4169.50,4138.50,open_auction_out,,va,4145.00,False,above_range,True,open_rejection_reverse,down,va,4145.00,False,above_value,True
2023-05-11,4141.50,4143.00,4121.50,open_auction_in,,,,False,in_value,True,open_auction_in,,,,False,in_value,True
2023-05-12,4155.75,4158.25,4139.50,open_rejection_reverse,down,va,4141.00,False,above_range,True,open_rejection_reverse,down,va,4141.00,False,above_value,True
2023-05-15,4143.00,4144.00,4123.00,open_rejection_reverse,down,va,4130.75,False,above_value,False,open_auction_in,,,,False,in_value,True
2023-05-16,4139.00,4148.75,4127.00,open_auction_in,,,,False,in_value,True,open_auction_in,,,,False,in_value,True
2023-05-17,4143.75,4144.25,4125.75,open_rejection_reverse,down,va,4137.00,True,above_value,False,open_auction_in,,,,False,in_value,True
2023-05-18,4167.25,4187.50,4164.75,open_auction_in,,,,False,in_value,True,open_auction_in,,,,False,in_value,True
2023-05-19,4219.75,4225.75,4216.25,open_drive,up,,4224.00,False,above_range,True,open_drive,up,,4224.00,False,above_range,True
2023-05-22,4204.50,4221.75,4191.00,open_auction_in,,,,False,in_value,True,open_auction_in,,,,False,in_value,True
2023-05-23,4187.75,4198.50,4185.25,open_auction_out,,range,4194.00,False,below_range,True,open_auction_out,,va,4194.00,False,below_range,True
2023-05-24,4140.00,4140.50,4118.75,open_drive,down,,4122.00,True,below_range,True,open_drive,down,,4122.00,True,below_range,True
2023-05-25,4160.75,4161.75,4137.50,open_auction_out,,range,4144.75,False,above_range,True,open_auction_out,,range,4144.75,False,above_range,True
2023-05-26,4166.25,4205.50,4165.50,open_drive,up,,4205.50,True,above_value,False,open_drive,up,,4205.50,True,above_value,False
2023-05-30,4233.00,4238.50,4214.25,open_rejection_reverse,down,va,4219.50,False,above_range,True,open_rejection_reverse,down,va,4219.50,False,above_range,True
2023-05-31,4194.75,4204.50,4176.25,open_drive,down,,4180.75,True,below_range,True,open_test_drive,down,va,4180.75,True,below_value,True
2023-06-01,4191.25,4197.50,4178.00,open_auction_in,,,,False,in_value,True,open_auction_in,,,,False,in_value,True
2023-06-02,4254.75,4273.75,4249.00,open_auction_out,,a_blurred,4265.00,True,above_range,True,open_auction_out,,a_blurred,4265.00,True,above_range,True
2023-06-05,4292.00,4304.25,4285.75,open_auction_in,,,,False,in_value,True,open_auction_in,,,,False,in_value,True
2023-06-06,4275.50,4285.00,4268.50,open_auction_out,,a_extreme,4283.00,False,below_value,True,open_rejection_reverse,up,va,4283.00,False,below_value,True
2023-06-07,4292.75,4304.75,4288.00,open_rejection_reverse,down,va,4292.00,False,above_value,True,open_auction_in,,,,False,in_value,True
2023-06-08,4272.50,4281.00,4264.50,open_auction_in,,,,False,in_value,True,open_rejection_reverse,up,va,4280.25,False,below_value,True
2023-06-09,4305.25,4325.00,4305.00,open_drive,up,,4323.75,True,above_range,True,open_drive,up,,4323.75,True,above_value,False
2023-06-12,4314.50,4317.25,4308.00,open_auction_in,,,,False,in_value,True,open_auction_in,,,,False,in_value,True
2023-06-13,4357.50,4376.25,4350.75,open_auction_out,,a_blurred,4361.25,True,above_range,True,open_auction_out,,a_blurred,4361.25,True,above_range,True
2023-06-14,4418.50,4431.25,4413.75,open_auction_in,,,,False,in_value,False,open_auction_in,,,,False,in_value,False
2023-06-15,4408.25,4442.25,4407.25,open_auction_in,,,,False,in_value,True,open_auction_in,,,,False,in_value,True
2023-06-16,4492.25,4493.50,4469.00,open_auction_out,,va,4486.00,False,above_range,True,open_auction_out,,va,4486.00,False,above_range,True
2023-06-20,4435.00,4442.50,4410.75,open_drive,down,,4413.00,True,below_range,True,open_drive,down,,4413.00,True,below_range,True
2023-06-21,4422.00,4422.75,4404.00,open_auction_in,,,,False,in_value,False,open_auction_in,,,,False,in_value,False
2023-06-22,4398.00,4418.50,4393.75,open_rejection_reverse,up,va,4414.50,False,below_range,True,open_rejection_reverse,up,va,4414.50,False,below_range,True
2023-06-23,4386.00,4397.25,4384.00,open_auction_out,,range,4394.00,False,below_range,True,open_auction_out,,range,4394.00,False,below_range,True
2023-06-26,4383.00,4403.00,4382.50,open_rejection_reverse,up,va,4396.50,True,below_value,False,open_rejection_reverse,up,va,4396.50,True,below_value,False
2023-06-27,4379.50,4389.00,4374.50,open_auction_in,,,,False,in_value,True,open_auction_in,,,,False,in_value,True
2023-06-28,4406.25,4412.50,4399.25,open_auction_in,,,,False,in_value,True,open_auction_in,,,,False,in_value,True
2023-06-29,4414.00,4428.00,4409.75,open_auction_in,,,,False,in_value,True,open_auction_in,,,,False,in_value,True
2023-06-30,4468.25,4487.50,4465.00,open_drive,up,,4484.25,False,above_range,True,open_drive,up,,4484.25,False,above_range,True
2023-07-03,4482.75,4490.00,4479.50,open_auction_in,,,,False,in_value,True,open_auction_in,,,,False,in_value,True
2023-07-05,4471.25,4488.75,4471.00,open_rejection_reverse,up,va,4487.25,False,below_range,False,open_rejection_reverse,up,va,4487.25,False,below_value,False
2023-07-06,4443.75,4446.00,4423.75,open_drive,down,,4426.50,True,below_range,True,open_drive,down,,4426.50,True,below_range,True
2023-07-07,4434.75,4451.25,4433.50,open_auction_in,,,,False,in_value,True,open_auction_in,,,,False,in_value,True
2023-07-10,4430.00,4446.75,4428.75,open_rejection_reverse,up,va,4440.75,True,below_range,False,open_auction_in,,,,False,in_value,True
2023-07-11,4453.00,4458.75,4442.00,open_auction_out,,va,4450.75,False,above_range,True,open_rejection_reverse,down,va,4450.75,False,above_value,True
2023-07-12,4512.50,4522.00,4506.75,open_drive,up,,4520.75,True,above_range,True,open_drive,up,,4520.75,True,above_range,True
2023-07-13,4526.00,4532.25,4521.25,open_drive,up,,4525.75,True,above_range,True,open_drive,up,,4525.75,True,above_range,True
2023-07-14,4551.50,4560.50,4548.00,open_auction_out,,a_extreme,4550.75,False,above_value,True,open_auction_out,,a_extreme,4550.75,False,above_value,True
2023-07-17,4536.75,4546.75,4536.25,open_rejection_reverse,up,va,4544.50,False,below_value,False,open_rejection_reverse,up,va,4544.50,False,below_value,False
2023-07-18,4550.00,4563.50,4545.25,open_auction_in,,,,False,in_value,False,open_auction_in,,,,False,in_value,False
2023-07-19,4595.25,4608.50,4595.00,open_drive,up,,4603.00,False,above_range,True,open_drive,up,,4603.00,False,above_range,True
2023-07-20,4584.25,4594.25,4575.00,open_test_drive,down,va,4577.50,True,below_range,True,open_test_drive,down,va,4577.50,True,below_range,True
2023-07-21,4581.75,4582.75,4564.00,open_auction_in,,,,False,in_value,True,open_auction_in,,,,False,in_value,True
2023-07-24,4575.25,4586.50,4568.75,open_auction_in,,,,False,in_value,True,open_auction_in,,,,False,in_value,True
2023-07-25,4580.00,4592.50,4579.50,open_auction_in,,,,False,in_value,True,open_auction_in,,,,False,in_value,True
2023-07-26,4585.25,4592.00,4584.75,open_rejection_reverse,up,va,4588.00,True,below_value,True,open_rejection_reverse,up,va,4588.00,True,below_value,True
2023-07-27,4629.25,4633.50,4615.00,open_auction_out,,a_blurred,4616.00,False,above_range,True,open_auction_out,,a_blurred,4616.00,False,above_range,True
2023-07-28,4596.75,4607.25,4589.75,open_auction_in,,,,False,in_value,True,open_auction_in,,,,False,in_value,True
2023-07-31,4611.50,4619.25,4601.75,open_auction_in,,,,False,in_value,True,open_auction_in,,,,False,in_value,True
2023-08-01,4599.50,4609.25,4591.50,open_auction_out,,va,4595.50,False,below_value,True,open_auction_out,,va,4595.50,False,below_value,True
2023-08-02,4567.75,4570.25,4550.75,open_drive,down,,4554.75,True,below_range,True,open_drive,down,,4554.75,True,below_value,True
2023-08-03,4513.25,4526.00,4506.25,open_auction_out,,a_blurred,4506.50,True,below_range,True,open_auction_out,,a_blurred,4506.50,True,below_range,True
2023-08-04,4538.50,4550.75,4518.75,open_rejection_reverse,down,va,4536.00,False,above_value,True,open_rejection_reverse,down,va,4536.00,False,above_value,True
2023-08-07,4518.25,4529.00,4510.50,open_auction_in,,,,False,in_value,True,open_auction_in,,,,False,in_value,True
2023-08-08,4510.75,4511.50,4483.25,open_drive,down,,4491.25,True,below_value,False,open_auction_in,,,,False,in_value,False
2023-08-09,4519.75,4521.50,4509.25,open_auction_out,,a_extreme,4513.75,False,above_value,True,open_auction_out,,a_extreme,4513.75,False,above_value,True
2023-08-10,4509.00,4544.75,4506.75,open_auction_in,,,,False,in_value,False,open_auction_in,,,,False,in_value,False
2023-08-11,4465.50,4493.00,4459.00,open_rejection_reverse,up,va,4486.50,False,below_range,True,open_rejection_reverse,up,va,4486.50,False,below_range,True
2023-08-14,4472.50,4489.25,4469.00,open_auction_in,,,,False,in_value,True,open_auction_in,,,,False,in_value,True
2023-08-15,4487.25,4491.00,4461.25,open_test_drive,down,va,4464.25,True,below_value,True,open_test_drive,down,va,4464.25,True,below_value,True
2023-08-16,4448.25,4465.50,4447.25,open_auction_out,,va,4457.50,False,below_value,True,open_auction_out,,va,4457.50,False,below_value,True
2023-08-17,4433.00,4435.75,4419.75,open_test_drive,down,va,4422.75,True,below_value,True,open_test_drive,down,va,4422.75,True,below_value,True
2023-08-18,4353.50,4372.75,4350.00,open_drive,down,,4358.50,False,below_range,True,open_drive,down,,4358.50,False,below_range,True
2023-08-21,4395.00,4408.50,4384.50,open_rejection_reverse,down,va,4385.50,False,above_value,True,open_rejection_reverse,down,va,4385.50,False,above_value,True
2023-08-22,4431.00,4431.25,4412.50,open_auction_out,,range,4414.50,False,above_range,True,open_auction_out,,range,4414.50,False,above_range,True
2023-08-23,4410.50,4430.00,4409.00,open_auction_in,,,,False,in_value,False,open_auction_in,,,,False,in_value,False
2023-08-24,4463.50,4468.75,4437.75,open_rejection_reverse,down,va,4437.75,False,above_range,True,open_rejection_reverse,down,va,4437.75,False,above_range,True
2023-08-25,4402.25,4427.75,4387.00,open_auction_in,,,,False,in_value,True,open_auction_in,,,,False,in_value,True
2023-08-28,4437.75,4447.25,4432.75,open_drive,up,,4446.75,False,above_range,True,open_drive,up,,4446.75,False,above_value,True
2023-08-29,4441.00,4475.00,4438.50,open_auction_in,,,,False,in_value,False,open_auction_in,,,,False,in_value,False
2023-08-30,4509.25,4530.00,4501.00,open_rejection_reverse,down,va,4506.50,False,above_range,True,open_rejection_reverse,down,va,4506.50,False,above_range,True
2023-08-31,4527.75,4538.25,4525.00,open_auction_in,,,,False,in_value,True,open_auction_in,,,,False,in_value,True
2023-09-01,4542.75,4547.50,4521.75,open_auction_out,,va,4538.00,False,above_range,True,open_auction_out,,va,4538.00,False,above_range,True
2023-09-05,4517.50,4519.50,4501.75,open_auction_in,,,,False,in_value,True,open_auction_in,,,,False,in_value,True
2023-09-06,4493.00,4494.25,4469.25,open_drive,down,,4470.00,True,below_range,True,open_drive,down,,4470.00,True,below_range,True
2023-09-07,4438.00,4451.00,4434.75,open_drive,down,,4438.75,True,below_range,True,open_drive,down,,4438.75,True,below_range,True
2023-09-08,4455.25,4475.50,4454.25,open_auction_in,,,,False,in_value,False,open_auction_in,,,,False,in_value,False
2023-09-11,4488.25,4493.50,4472.75,open_auction_out,,range,4483.50,False,above_range,True,open_auction_out,,range,4483.50,False,above_range,True
2023-09-12,4474.25,4483.25,4468.00,open_test_drive,down,va,4471.25,True,below_value,True,open_test_drive,down,va,4471.25,True,below_value,True
2023-09-13,4515.25,4525.75,4503.00,open_auction_in,,,,False,in_value,True,open_auction_in,,,,False,in_value,True
2023-09-14,4542.00,4544.75,4528.00,open_test_drive,up,va,4536.25,True,above_range,True,open_test_drive,up,va,4536.25,True,above_range,True
2023-09-15,4537.00,4540.50,4521.00,open_drive,down,,4525.25,True,below_value,True,open_drive,down,,4525.25,True,below_value,True
2023-09-18,4494.50,4502.25,4490.00,open_auction_in,,,,False,in_value,True,open_auction_in,,,,False,in_value,True
2023-09-19,4490.50,4496.25,4474.00,open_test_drive,down,va,4479.75,True,below_value,False,open_test_drive,down,va,4479.75,True,below_value,False
2023-09-20,4503.25,4507.50,4496.75,open_auction_out,,range,4501.00,False,above_range,True,open_auction_out,,range,4501.00,False,above_range,True
2023-09-21,4415.75,4418.50,4398.75,open_drive,down,,4405.50,True,below_range,True,open_drive,down,,4405.50,True,below_range,True
2023-09-22,4382.25,4389.00,4374.25,open_auction_out,,a_extreme,4385.25,False,below_value,True,open_auction_out,,a_extreme,4385.25,False,below_value,True
2023-09-25,4348.25,4364.25,4343.50,open_auction_out,,range,4351.75,False,below_range,True,open_auction_out,,range,4351.75,False,below_range,True
2023-09-26,4346.25,4354.00,4325.25,open_drive,down,,4334.75,True,below_value,True,open_drive,down,,4334.75,True,below_value,True
2023-09-27,4325.50,4331.75,4313.25,open_auction_in,,,,False,in_value,True,open_auction_in,,,,False,in_value,True
2023-09-28,4307.25,4325.25,4301.00,open_auction_in,,,,False,in_value,True,open_auction_in,,,,False,in_value,True
2023-09-29,4369.75,4371.25,4352.75,open_auction_out,,range,4355.75,False,above_range,True,open_auction_out,,range,4355.75,False,above_range,True
2023-10-02,4317.25,4332.25,4312.75,open_auction_in,,,,False,in_value,True,open_rejection_reverse,up,va,4319.00,True,below_value,True
2023-10-03,4301.00,4317.00,4273.75,open_auction_in,,,,False,in_value,True,open_auction_in,,,,False,in_value,True
2023-10-04,4269.50,4283.00,4254.25,open_auction_in,,,,False,in_value,True,open_auction_in,,,,False,in_value,True
2023-10-05,4290.75,4299.50,4273.00,open_auction_in,,,,False,in_value,True,open_auction_in,,,,False,in_value,True
2023-10-06,4265.25,4276.50,4251.50,open_auction_in,,,,False,in_value,True,open_rejection_reverse,up,va,4275.75,False,below_value,True
2023-10-09,4321.75,4338.00,4319.50,open_auction_in,,,,False,in_value,True,open_auction_in,,,,False,in_value,True
2023-10-10,4376.00,4399.00,4371.25,open_drive,up,,4396.75,True,above_range,True,open_drive,up,,4396.75,True,above_range,True
2023-10-11,4402.50,4410.50,4392.50,open_auction_in,,,,False,in_value,True,open_auction_in,,,,False,in_value,True
2023-10-12,4413.75,4414.25,4393.25,open_rejection_reverse,down,va,4403.00,False,above_range,False,open_rejection_reverse,down,va,4403.00,False,above_value,True
2023-10-13,4395.00,4407.75,4384.25,open_auction_in,,,,False,in_value,True,open_auction_in,,,,False,in_value,True
2023-10-16,4380.25,4402.25,4377.75,open_drive,up,,4401.75,True,above_value,True,open_drive,up,,4401.75,True,above_value,True
2023-10-17,4369.25,4394.25,4365.75,open_auction_out,,va,4388.25,False,below_range,True,open_auction_out,,va,4388.25,False,below_range,True
2023-10-18,4382.75,4392.50,4372.50,open_test_drive,down,va,4376.00,True,below_value,True,open_test_drive,down,va,4376.00,True,below_value,True
2023-10-19,4347.75,4352.25,4326.75,open_drive,down,,4328.00,True,below_value,True,open_drive,down,,4328.00,True,below_value,True
2023-10-20,4296.50,4302.25,4268.75,open_drive,down,,4270.00,True,below_value,False,open_drive,down,,4270.00,True,below_value,False
2023-10-23,4231.25,4252.50,4213.25,open_auction_out,,range,4243.75,False,below_range,True,open_auction_out,,range,4243.75,False,below_range,True
2023-10-24,4261.75,4280.00,4259.50,open_auction_in,,,,False,in_value,True,open_auction_in,,,,False,in_value,True
2023-10-25,4253.50,4253.50,4224.25,open_drive,down,,4227.25,False,below_value,False,open_drive,down,,4227.25,False,below_value,True
2023-10-26,4196.25,4205.00,4176.25,open_drive,down,,4185.75,True,below_range,True,open_drive,down,,4185.75,True,below_range,True
2023-10-27,4172.75,4175.75,4154.25,open_auction_in,,,,False,in_value,True,open_auction_in,,,,False,in_value,True
2023-10-30,4165.75,4184.00,4156.00,open_auction_in,,,,False,in_value,True,open_auction_in,,,,False,in_value,True
2023-10-31,4191.50,4193.25,4171.75,open_test_drive,up,va,4187.25,True,above_value,True,open_rejection_reverse,down,va,4187.25,True,above_value,True
2023-11-01,4221.50,4244.50,4215.50,open_drive,up,,4241.00,True,above_range,True,open_drive,up,,4241.00,True,above_range,True
2023-11-02,4294.00,4312.50,4293.75,open_drive,up,,4310.25,True,above_range,True,open_drive,up,,4310.25,True,above_range,True
2023-11-03,4359.50,4383.25,4358.25,open_drive,up,,4367.00,False,above_range,True,open_drive,up,,4367.00,False,above_range,True
2023-11-06,4382.50,4389.50,4375.00,open_auction_in,,,,False,in_value,True,open_auction_in,,,,False,in_value,True
2023-11-07,4384.00,4392.25,4372.25,open_auction_in,,,,False,in_value,True,open_auction_in,,,,False,in_value,True
2023-11-08,4402.25,4407.75,4393.50,open_auction_in,,,,False,in_value,True,open_auction_in,,,,False,in_value,True
2023-11-09,4409.00,4409.50,4388.00,open_rejection_reverse,down,va,4389.50,False,above_range,False,open_rejection_reverse,down,va,4389.50,False,above_range,False
2023-11-10,4383.75,4386.50,4369.75,open_auction_in,,,,False,in_value,True,open_auction_in,,,,False,in_value,True
2023-11-13,4415.50,4419.25,4407.25,open_auction_in,,,,False,in_value,True,open_auction_in,,,,False,in_value,True
2023-11-14,4486.50,4512.50,4483.75,open_drive,up,,4511.75,True,above_range,True,open_drive,up,,4511.75,True,above_range,True
2023-11-15,4523.75,4535.25,4516.75,open_test_drive,up,va,4529.75,True,above_value,True,open_test_drive,up,va,4529.75,True,above_value,True
2023-11-16,4513.00,4526.25,4512.00,open_rejection_reverse,up,va,4520.25,True,below_value,True,open_rejection_reverse,up,va,4520.25,True,below_value,True
2023-11-17,4522.25,4526.00,4514.25,open_auction_out,,va,4522.50,False,above_value,True,open_auction_out,,va,4522.50,False,above_value,True
2023-11-20,4524.50,4543.00,4524.50,open_auction_in,,,,False,in_value,False,open_auction_in,,,,False,in_value,False
2023-11-21,4550.00,4551.75,4538.75,open_auction_in,,,,False,in_value,True,open_auction_in,,,,False,in_value,True
2023-11-22,4566.50,4580.50,4555.00,open_auction_out,,range,4566.00,False,above_range,True,open_auction_out,,va,4566.00,False,above_value,True
2023-11-24,4566.25,4571.00,4563.00,open_auction_in,,,,False,in_value,True,open_auction_in,,,,False,in_value,True
2023-11-27,4561.25,4567.25,4555.50,open_auction_out,,va,4561.25,False,below_range,True,open_auction_out,,va,4561.25,False,below_value,True
2023-11-28,4555.25,4557.25,4549.25,open_auction_out,,range,4554.75,False,below_range,True,open_auction_out,,a_extreme,4554.75,False,below_value,True
2023-11-29,4585.25,4597.00,4574.50,open_auction_out,,range,4578.00,False,above_range,True,open_auction_out,,range,4578.00,False,above_range,True
2023-11-30,4566.25,4568.50,4552.50,open_auction_in,,,,False,in_value,True,open_auction_in,,,,False,in_value,True
2023-12-01,4568.75,4582.25,4562.50,open_test_drive,up,va,4567.75,True,above_value,True,open_test_drive,up,va,4567.75,True,above_value,True
2023-12-04,4566.00,4578.50,4556.25,open_test_drive,down,va,4558.00,True,below_value,True,open_test_drive,down,va,4558.00,True,below_value,True
2023-12-05,4562.00,4579.75,4558.25,open_auction_in,,,,False,in_value,True,open_auction_in,,,,False,in_value,True
2023-12-06,4597.25,4597.50,4576.50,open_auction_out,,va,4580.25,False,above_range,True,open_auction_out,,va,4580.25,False,above_range,True
2023-12-07,4576.50,4587.25,4569.75,open_auction_in,,,,False,in_value,True,open_auction_in,,,,False,in_value,True
2023-12-08,4581.00,4610.50,4578.25,open_auction_in,,,,False,in_value,True,open_auction_in,,,,False,in_value,True
2023-12-11,4602.25,4611.00,4599.75,open_auction_in,,,,False,in_value,True,open_auction_in,,,,False,in_value,True
2023-12-12,4621.00,4628.25,4610.50,open_auction_in,,,,False,in_value,True,open_auction_in,,,,False,in_value,True
2023-12-13,4700.25,4704.50,4697.50,open_test_drive,up,range,4703.75,True,above_range,True,open_test_drive,up,range,4703.75,True,above_range,True
2023-12-14,4779.00,4791.75,4772.25,open_auction_out,,a_blurred,4777.00,False,above_range,True,open_auction_out,,a_blurred,4777.00,False,above_range,True
2023-12-15,4768.25,4775.25,4761.50,open_auction_in,,,,False,in_value,True,open_auction_in,,,,False,in_value,True
2023-12-18,4782.00,4791.50,4780.25,open_drive,up,,4790.25,True,above_range,True,open_test_drive,up,va,4790.25,True,above_value,True
2023-12-19,4797.50,4812.50,4796.50,open_auction_in,,,,False,in_value,False,open_auction_in,,,,False,in_value,False
2023-12-20,4810.50,4823.75,4808.50,open_auction_in,,,,False,in_value,True,open_auction_in,,,,False,in_value,True
2023-12-21,4781.25,4792.50,4773.00,open_auction_in,,,,False,in_value,True,open_auction_in,,,,False,in_value,True
2023-12-22,4806.25,4821.75,4806.00,open_drive,up,,4819.50,False,above_range,True,open_drive,up,,4819.50,False,above_range,True
2023-12-26,4808.75,4819.50,4808.00,open_auction_in,,,,False,in_value,True,open_auction_in,,,,False,in_value,True
2023-12-27,4822.25,4829.00,4819.00,open_auction_in,,,,False,in_value,True,open_auction_in,,,,False,in_value,True
2023-12-28,4832.00,4837.50,4831.50,open_test_drive,up,a_extreme,4836.75,True,above_value,True,open_auction_in,,,,False,in_value,True
2023-12-29,4828.50,4835.00,4827.00,open_rejection_reverse,up,va,4831.50,True,below_value,True,open_rejection_reverse,up,va,4831.50,True,below_value,True
2024-01-02,4783.50,4789.75,4774.00,open_drive,down,,4778.00,True,below_range,True,open_drive,down,,4778.00,True,below_range,True
2024-01-03,4764.25,4769.50,4751.75,open_test_drive,down,range,4754.50,True,below_range,True,open_test_drive,down,range,4754.50,True,below_range,True
2024-01-04,4739.50,4758.50,4737.75,open_rejection_reverse,up,va,4754.50,False,below_range,False,open_rejection_reverse,up,va,4754.50,False,below_range,False
2024-01-05,4730.25,4760.00,4726.75,open_rejection_reverse,up,va,4750.25,False,below_value,True,open_rejection_reverse,up,va,4750.25,False,below_value,True
2024-01-08,4739.25,4755.00,4738.00,open_auction_in,,,,False,in_value,False,open_auction_in,,,,False,in_value,False
2024-01-09,4773.00,4783.75,4767.50,open_auction_in,,,,False,in_value,True,open_auction_in,,,,False,in_value,True
2024-01-10,4795.25,4807.25,4792.25,open_auction_in,,,,False,in_value,True,open_auction_in,,,,False,in_value,True
2024-01-11,4827.00,4832.25,4786.25,open_rejection_reverse,down,va,4800.50,False,above_value,False,open_rejection_reverse,down,va,4800.50,False,above_value,False
2024-01-12,4829.00,4836.50,4809.00,open_rejection_reverse,down,va,4815.50,False,above_value,True,open_rejection_reverse,down,va,4815.50,False,above_value,True
2024-01-16,4802.00,4812.00,4783.50,open_rejection_reverse,up,va,4808.25,False,below_range,True,open_auction_in,,,,False,in_value,True
2024-01-17,4766.00,4770.75,4758.00,open_auction_out,,a_blurred,4766.25,False,below_range,True,open_auction_out,,a_blurred,4766.25,False,below_range,True
2024-01-18,4786.00,4790.75,4779.75,open_drive,up,,4787.75,True,above_range,True,open_drive,up,,4787.75,True,above_range,True
2024-01-19,4822.00,4829.75,4815.00,open_test_drive,up,range,4825.25,True,above_range,True,open_test_drive,up,range,4825.25,True,above_range,True
2024-01-22,4885.75,4898.25,4885.00,open_drive,up,,4889.75,False,above_range,True,open_drive,up,,4889.75,False,above_range,True
2024-01-23,4885.75,4889.25,4879.25,open_auction_in,,,,False,in_value,True,open_auction_in,,,,False,in_value,True
2024-01-24,4923.50,4923.75,4909.00,open_auction_out,,a_blurred,4920.50,True,above_range,True,open_auction_out,,a_blurred,4920.50,True,above_range,True
2024-01-25,4919.00,4926.50,4910.75,open_auction_in,,,,False,in_value,True,open_auction_in,,,,False,in_value,True
2024-01-26,4918.25,4925.25,4912.75,open_auction_in,,,,False,in_value,True,open_auction_in,,,,False,in_value,True
2024-01-29,4919.00,4924.25,4915.25,open_auction_in,,,,False,in_value,True,open_auction_in,,,,False,in_value,True
2024-01-30,4946.25,4954.00,4944.00,open_auction_out,,a_extreme,4948.25,False,above_value,True,open_auction_out,,a_extreme,4948.25,False,above_value,True
2024-01-31,4926.00,4930.50,4911.25,open_drive,down,,4912.50,True,below_range,True,open_drive,down,,4912.50,True,below_range,True
2024-02-01,4883.25,4899.25,4879.25,open_rejection_reverse,up,va,4898.75,True,below_value,True,open_rejection_reverse,up,va,4898.75,True,below_value,True
2024-02-02,4933.00,4950.00,4929.00,open_drive,up,,4945.00,True,above_range,True,open_drive,up,,4945.00,True,above_range,True
2024-02-05,4973.00,4973.00,4942.75,open_auction_in,,,,False,in_value,True,open_auction_in,,,,False,in_value,True
2024-02-06,4970.00,4978.25,4955.00,open_auction_in,,,,False,in_value,True,open_auction_in,,,,False,in_value,True
2024-02-07,4997.50,5014.50,4988.00,open_drive,up,,5014.50,True,above_range,True,open_drive,up,,5014.50,True,above_value,True
2024-02-08,5013.25,5016.00,5008.50,open_auction_in,,,,False,in_value,True,open_auction_in,,,,False,in_value,True
2024-02-09,5020.00,5029.75,5016.25,open_test_drive,up,va,5028.25,True,above_value,False,open_auction_in,,,,False,in_value,False
2024-02-12,5043.00,5045.75,5041.25,open_test_drive,up,va,5044.50,True,above_value,True,open_test_drive,up,va,5044.50,True,above_value,True
2024-02-13,4975.00,4982.00,4961.75,open_drive,down,,4978.50,False,below_range,True,open_drive,down,,4978.50,False,below_range,True
2024-02-14,4997.25,5009.00,4986.75,open_drive,up,,5006.25,False,above_range,True,open_drive,up,,5006.25,False,above_range,True
2024-02-15,5019.00,5032.00,5018.50,open_drive,up,,5023.25,False,above_value,False,open_drive,up,,5023.25,False,above_value,False
2024-02-16,5043.00,5045.25,5012.75,open_rejection_reverse,down,va,5028.00,True,above_value,False,open_rejection_reverse,down,va,5028.00,True,above_value,False
2024-02-20,5001.75,5009.25,4983.00,open_drive,down,,4986.75,True,below_range,True,open_drive,down,,4986.75,True,below_range,True
2024-02-21,4978.00,4984.75,4973.00,open_auction_in,,,,False,in_value,True,open_auction_in,,,,False,in_value,True
2024-02-22,5062.25,5076.75,5052.25,open_drive,up,,5076.00,True,above_range,True,open_drive,up,,5076.00,True,above_range,True
2024-02-23,5114.25,5123.50,5112.75,open_drive,up,,5114.25,False,above_range,True,open_drive,up,,5114.25,False,above_range,True
2024-02-26,5103.75,5108.00,5097.75,open_auction_in,,,,False,in_value,True,open_auction_in,,,,False,in_value,True
2024-02-27,5086.50,5087.00,5074.75,open_auction_in,,,,False,in_value,True,open_auction_in,,,,False,in_value,True
2024-02-28,5072.25,5079.00,5068.50,open_auction_in,,,,False,in_value,True,open_auction_in,,,,False,in_value,True
2024-02-29,5098.00,5105.50,5084.50,open_auction_out,,va,5093.75,False,above_range,True,open_auction_out,,va,5093.75,False,above_range,True
2024-03-01,5105.75,5120.25,5101.25,open_test_drive,up,va,5120.00,True,above_value,True,open_test_drive,up,va,5120.00,True,above_value,True
2024-03-04,5135.75,5141.75,5135.25,open_auction_in,,,,False,in_value,True,open_auction_in,,,,False,in_value,True
2024-03-05,5116.50,5121.50,5095.00,open_auction_out,,a_blurred,5098.25,True,below_range,True,open_test_drive,down,a_extreme,5098.25,True,below_value,True
2024-03-06,5119.25,5122.25,5097.75,open_test_drive,up,va,5107.00,True,above_value,True,open_test_drive,up,va,5107.00,True,above_value,True
2024-03-07,5143.00,5153.50,5133.25,open_drive,up,,5153.50,True,above_range,True,open_drive,up,,5153.50,True,above_range,True
2024-03-08,5165.00,5193.00,5163.25,open_auction_in,,,,False,in_value,False,open_auction_in,,,,False,in_value,False
2024-03-11,5114.25,5119.00,5094.75,open_drive,down,,5099.50,False,below_range,True,open_drive,down,,5099.50,False,below_range,True
2024-03-12,5143.75,5160.50,5117.75,open_test_drive,up,va,5159.75,True,above_range,True,open_test_drive,up,va,5159.75,True,above_range,True
2024-03-13,5243.25,5243.25,5228.75,open_auction_in,,,,False,in_value,True,open_auction_in,,,,False,in_value,True
2024-03-14,5240.00,5241.50,5203.00,open_auction_in,,,,False,in_value,False,open_auction_in,,,,False,in_value,False
2024-03-15,5186.00,5198.25,5172.75,open_auction_out,,range,5188.50,False,below_range,True,open_auction_out,,range,5188.50,False,below_range,True
2024-03-18,5225.50,5240.25,5222.50,open_drive,up,,5237.25,False,above_range,True,open_drive,up,,5237.25,False,above_range,True
2024-03-19,5205.75,5206.00,5195.25,open_drive,down,,5198.00,False,below_range,True,open_drive,down,,5198.00,False,below_range,True
2024-03-20,5241.00,5247.50,5235.25,open_test_drive,up,va,5246.75,True,above_value,True,open_test_drive,up,va,5246.75,True,above_value,True
2024-03-21,5315.00,5321.50,5308.50,open_drive,up,,5319.00,False,above_range,True,open_drive,up,,5319.00,False,above_range,True
2024-03-22,5301.25,5304.75,5294.00,open_drive,down,,5298.00,True,below_value,True,open_drive,down,,5298.00,True,below_value,True
2024-03-25,5276.75,5287.50,5274.25,open_auction_out,,a_blurred,5282.75,False,below_range,True,open_auction_out,,a_blurred,5282.75,False,below_range,True
2024-03-26,5290.00,5294.50,5286.25,open_rejection_reverse,down,va,5288.75,False,above_range,True,open_rejection_reverse,down,va,5288.75,False,above_range,True
2024-03-27,5293.00,5294.00,5272.75,open_auction_in,,,,False,in_value,True,open_auction_in,,,,False,in_value,True
2024-03-28,5309.50,5315.00,5305.00,open_drive,up,,5309.75,False,above_value,True,open_drive,up,,5309.75,False,above_value,True
2024-04-01,5311.75,5317.25,5301.50,open_auction_in,,,,False,in_value,True,open_auction_in,,,,False,in_value,True
2024-04-02,5253.25,5255.25,5235.00,open_drive,down,,5242.25,False,below_range,True,open_drive,down,,5242.25,False,below_range,True
2024-04-03,5247.75,5277.25,5247.00,open_auction_in,,,,False,in_value,False,open_auction_in,,,,False,in_value,False
2024-04-04,5305.25,5307.00,5294.25,open_auction_out,,a_blurred,5298.50,False,above_range,True,open_auction_out,,a_blurred,5298.50,False,above_range,True
2024-04-05,5211.00,5231.25,5206.75,open_auction_out,,a_extreme,5221.25,False,below_value,True,open_auction_out,,a_extreme,5221.25,False,below_value,True
2024-04-08,5258.50,5262.75,5246.50,open_auction_in,,,,False,in_value,True,open_auction_in,,,,False,in_value,True
2024-04-09,5271.75,5274.25,5240.00,open_rejection_reverse,down,va,5241.75,False,above_range,False,open_auction_in,,,,False,in_value,True
2024-04-10,5199.75,5216.25,5191.00,open_auction_out,,range,5211.25,False,below_range,True,open_auction_out,,a_extreme,5211.25,False,below_value,True
2024-04-11,5218.75,5220.50,5181.75,open_rejection_reverse,down,va,5186.50,False,above_value,False,open_rejection_reverse,down,va,5186.50,False,above_value,False
2024-04-12,5204.25,5218.75,5195.50,open_auction_in,,,,False,in_value,True,open_auction_in,,,,False,in_value,True
2024-04-15,5211.25,5213.00,5179.00,open_rejection_reverse,down,va,5185.50,False,above_value,True,open_rejection_reverse,down,va,5185.50,False,above_value,True
2024-04-16,5107.00,5110.50,5087.00,open_auction_in,,,,False,in_value,True,open_auction_in,,,,False,in_value,True
2024-04-17,5117.50,5119.00,5090.75,open_rejection_reverse,down,va,5100.25,False,above_value,True,open_rejection_reverse,down,va,5100.25,False,above_value,True
2024-04-18,5073.75,5076.25,5050.75,open_auction_in,,,,False,in_value,True,open_auction_in,,,,False,in_value,True
2024-04-19,5047.25,5058.00,5028.50,open_auction_in,,,,False,in_value,True,open_auction_in,,,,False,in_value,True
2024-04-22,5030.25,5034.25,5014.00,open_auction_in,,,,False,in_value,True,open_auction_in,,,,False,in_value,True
2024-04-23,5069.50,5096.00,5063.75,open_drive,up,,5095.00,True,above_value,False,open_drive,up,,5095.00,True,above_value,False
2024-04-24,5116.75,5124.75,5110.00,open_auction_out,,va,5113.25,False,above_range,True,open_auction_out,,va,5113.25,False,above_range,True
2024-04-25,5039.50,5045.00,5022.25,open_auction_out,,a_blurred,5043.50,False,below_range,True,open_auction_out,,a_blurred,5043.50,False,below_range,True
2024-04-26,5111.00,5138.25,5104.50,open_drive,up,,5128.75,True,above_range,True,open_drive,up,,5128.75,True,above_range,True
2024-04-29,5147.25,5154.25,5136.75,open_auction_out,,va,5149.00,False,above_range,True,open_auction_out,,va,5149.00,False,above_range,True
2024-04-30,5131.00,5141.25,5127.25,open_test_drive,down,va,5128.50,True,below_value,True,open_test_drive,down,va,5128.50,True,below_value,True
2024-05-01,5058.00,5062.25,5044.50,open_drive,down,,5051.75,True,below_range,True,open_drive,down,,5051.75,True,below_range,True
2024-05-02,5083.25,5088.75,5036.25,open_auction_in,,,,False,in_value,True,open_auction_in,,,,False,in_value,True
2024-05-03,5153.25,5166.75,5127.75,open_auction_out,,a_blurred,5138.00,False,above_range,True,open_auction_out,,a_blurred,5138.00,False,above_range,True
2024-05-06,5178.50,5187.00,5174.00,open_drive,up,,5184.25,True,above_range,True,open_drive,up,,5184.25,True,above_range,True
2024-05-07,5216.25,5220.25,5210.50,open_auction_out,,a_blurred,5214.00,True,above_range,True,open_auction_out,,a_blurred,5214.00,True,above_range,True
2024-05-08,5192.25,5211.25,5191.25,open_auction_out,,va,5208.75,False,below_range,True,open_auction_out,,va,5208.75,False,below_range,True
2024-05-09,5211.25,5221.50,5204.25,open_auction_in,,,,False,in_value,True,open_auction_in,,,,False,in_value,True
2024-05-10,5255.50,5264.00,5243.25,open_auction_out,,a_blurred,5245.25,False,above_range,True,open_auction_out,,a_blurred,5245.25,False,above_range,True
2024-05-13,5262.00,5263.25,5247.25,open_auction_out,,va,5253.00,False,above_value,True,open_auction_out,,va,5253.00,False,above_value,True
2024-05-14,5246.75,5260.00,5244.50,open_auction_in,,,,False,in_value,True,open_auction_in,,,,False,in_value,True
2024-05-15,5293.50,5303.25,5286.75,open_drive,up,,5299.50,True,above_range,True,open_drive,up,,5299.50,True,above_range,True
2024-05-16,5332.25,5341.50,5328.25,open_auction_in,,,,False,in_value,True,open_auction_in,,,,False,in_value,True
2024-05-17,5320.75,5324.50,5315.75,open_auction_out,,a_extreme,5324.25,False,below_value,True,open_auction_out,,a_extreme,5324.25,False,below_value,True
2024-05-20,5328.00,5346.25,5326.75,open_drive,up,,5345.50,True,above_value,False,open_drive,up,,5345.50,True,above_value,False
2024-05-21,5324.50,5332.00,5322.50,open_rejection_reverse,up,va,5332.00,False,below_value,True,open_rejection_reverse,up,va,5332.00,False,below_value,True
2024-05-22,5338.00,5344.00,5337.25,open_auction_in,,,,False,in_value,True,open_auction_in,,,,False,in_value,True
2024-05-23,5357.50,5358.25,5322.25,open_rejection_reverse,down,va,5332.00,False,above_range,False,open_rejection_reverse,down,va,5332.00,False,above_range,False
2024-05-24,5304.50,5313.50,5294.75,open_auction_in,,,,False,in_value,True,open_auction_in,,,,False,in_value,True
2024-05-28,5328.50,5331.25,5316.00,open_rejection_reverse,down,va,5321.75,False,above_value,False,open_auction_in,,,,False,in_value,True
2024-05-29,5282.00,5294.75,5278.75,open_auction_out,,a_blurred,5292.50,False,below_range,True,open_auction_out,,a_extreme,5292.50,False,below_value,True
2024-05-30,5269.75,5274.25,5258.00,open_drive,down,,5264.00,True,below_range,True,open_drive,down,,5264.00,True,below_range,True
2024-05-31,5257.75,5270.25,5230.25,open_test_drive,down,va,5232.75,True,below_value,True,open_test_drive,down,va,5232.75,True,below_value,True
2024-06-03,5312.25,5313.25,5295.00,open_auction_out,,range,5303.50,False,above_range,True,open_auction_out,,range,5303.50,False,above_range,True
2024-06-04,5285.25,5298.00,5277.75,open_auction_in,,,,False,in_value,True,open_auction_in,,,,False,in_value,True
2024-06-05,5327.50,5328.00,5306.50,open_test_drive,up,range,5322.25,True,above_range,True,open_test_drive,up,range,5322.25,True,above_range,True
2024-06-06,5369.25,5373.25,5362.25,open_auction_out,,va,5369.50,False,above_range,True,open_auction_out,,va,5369.50,False,above_range,True
2024-06-07,5352.50,5364.00,5341.00,open_auction_in,,,,False,in_value,True,open_auction_in,,,,False,in_value,True
2024-06-10,5347.25,5351.75,5341.00,open_auction_out,,a_extreme,5351.00,False,below_value,True,open_auction_out,,a_extreme,5351.00,False,below_value,True
2024-06-11,5355.50,5355.75,5334.50,open_auction_out,,va,5351.50,False,below_value,True,open_auction_out,,va,5351.50,False,below_value,True
2024-06-12,5430.00,5453.25,5426.00,open_drive,up,,5453.25,True,above_range,True,open_drive,up,,5453.25,True,above_range,True
2024-06-13,5444.25,5444.75,5417.00,open_auction_in,,,,False,in_value,True,open_auction_in,,,,False,in_value,True
2024-06-14,5419.00,5426.25,5409.25,open_auction_in,,,,False,in_value,True,open_auction_in,,,,False,in_value,True
2024-06-17,5429.75,5438.00,5424.75,open_auction_in,,,,False,in_value,True,open_auction_in,,,,False,in_value,True
2024-06-18,5479.25,5489.75,5478.75,open_auction_in,,,,False,in_value,True,open_auction_in,,,,False,in_value,True
2024-06-20,5570.25,5576.75,5559.00,open_auction_out,,range,5565.50,False,above_range,True,open_auction_out,,range,5565.50,False,above_range,True
2024-06-21,5534.25,5538.00,5519.00,open_auction_in,,,,False,in_value,True,open_auction_in,,,,False,in_value,True
2024-06-24,5531.00,5558.50,5525.75,open_auction_in,,,,False,in_value,True,open_auction_in,,,,False,in_value,True
2024-06-25,5527.25,5529.00,5517.50,open_auction_in,,,,False,in_value,True,open_auction_in,,,,False,in_value,True
2024-06-26,5523.00,5534.50,5518.00,open_auction_in,,,,False,in_value,True,open_rejection_reverse,up,va,5524.50,True,below_value,True
2024-06-27,5538.75,5555.00,5536.50,open_auction_in,,,,False,in_value,False,open_auction_in,,,,False,in_value,True
2024-06-28,5552.75,5585.00,5547.75,open_auction_out,,va,5577.75,False,above_value,False,open_auction_out,,va,5577.75,False,above_value,True
2024-07-01,5537.00,5539.25,5505.50,open_auction_in,,,,False,in_value,True,open_auction_in,,,,False,in_value,True
2024-07-02,5516.00,5536.25,5515.00,open_auction_in,,,,False,in_value,True,open_rejection_reverse,up,va,5532.50,False,below_value,False
2024-07-03,5564.25,5580.00,5563.75,open_drive,up,,5569.75,True,above_value,True,open_drive,up,,5569.75,True,above_value,True
2024-07-05,5592.25,5602.75,5585.50,open_test_drive,up,va,5595.75,True,above_value,True,open_test_drive,up,va,5595.75,True,above_value,True
2024-07-08,5629.00,5637.50,5626.50,open_auction_out,,a_blurred,5629.75,False,above_range,True,open_auction_out,,a_blurred,5629.75,False,above_range,True
2024-07-09,5636.00,5642.75,5630.00,open_auction_out,,a_extreme,5634.00,False,above_value,True,open_auction_out,,a_extreme,5634.00,False,above_value,True
2024-07-10,5643.25,5650.25,5640.50,open_drive,up,,5646.25,False,above_value,True,open_drive,up,,5646.25,False,above_value,True
2024-07-11,5686.50,5695.75,5665.00,open_rejection_reverse,down,va,5670.00,False,above_value,True,open_rejection_reverse,down,va,5670.00,False,above_value,True
2024-07-12,5646.00,5669.00,5642.50,open_auction_in,,,,False,in_value,True,open_auction_in,,,,False,in_value,True
2024-07-15,5690.50,5698.00,5683.25,open_auction_in,,,,False,in_value,True,open_auction_in,,,,False,in_value,True
2024-07-16,5698.25,5705.75,5690.25,open_auction_in,,,,False,in_value,True,open_auction_in,,,,False,in_value,True
2024-07-17,5655.25,5672.75,5646.25,open_drive,down,,5654.25,True,below_range,True,open_drive,down,,5654.25,True,below_value,True
2024-07-18,5651.75,5661.75,5643.25,open_auction_in,,,,False,in_value,True,open_auction_in,,,,False,in_value,True
2024-07-19,5587.25,5604.75,5573.25,open_auction_in,,,,False,in_value,True,open_auction_in,,,,False,in_value,True
2024-07-22,5593.50,5607.75,5576.50,open_test_drive,up,va,5595.25,True,above_value,True,open_test_drive,up,va,5595.25,True,above_value,True
2024-07-23,5607.50,5626.50,5603.50,open_auction_in,,,,False,in_value,False,open_auction_in,,,,False,in_value,False
2024-07-24,5548.50,5551.75,5513.25,open_drive,down,,5519.25,True,below_range,True,open_drive,down,,5519.25,True,below_range,True
2024-07-25,5471.75,5474.25,5432.50,open_drive,down,,5464.00,False,below_value,True,open_drive,down,,5464.00,False,below_value,True
2024-07-26,5478.50,5501.75,5470.00,open_auction_in,,,,False,in_value,True,open_auction_in,,,,False,in_value,True
2024-07-29,5514.25,5525.00,5501.50,open_rejection_reverse,down,va,5508.25,False,above_value,True,open_auction_in,,,,False,in_value,True
2024-07-30,5516.25,5527.50,5501.75,open_auction_in,,,,False,in_value,True,open_auction_in,,,,False,in_value,True
2024-07-31,5543.25,5559.25,5528.75,open_drive,up,,5556.75,True,above_range,True,open_drive,up,,5556.75,True,above_range,True
2024-08-01,5578.00,5600.75,5549.75,open_rejection_reverse,down,va,5550.25,False,above_value,True,open_rejection_reverse,down,va,5550.25,False,above_value,True
2024-08-02,5404.50,5417.25,5342.00,open_drive,down,,5351.25,True,below_range,True,open_drive,down,,5351.25,True,below_range,True
2024-08-05,5159.50,5254.50,5146.00,open_auction_out,,a_blurred,5189.75,False,below_range,True,open_auction_out,,a_blurred,5189.75,False,below_range,True
2024-08-06,5235.25,5286.75,5221.75,open_auction_in,,,,False,in_value,False,open_auction_in,,,,False,in_value,False
2024-08-07,5327.75,5359.25,5323.25,open_auction_out,,va,5330.00,False,above_value,True,open_auction_out,,va,5330.00,False,above_value,True
2024-08-08,5280.75,5322.75,5259.75,open_auction_in,,,,False,in_value,True,open_auction_in,,,,False,in_value,True
2024-08-09,5337.50,5357.75,5324.75,open_auction_in,,,,False,in_value,True,open_auction_in,,,,False,in_value,True
2024-08-12,5381.00,5386.50,5347.75,open_test_drive,up,va,5380.75,True,above_value,True,open_test_drive,up,va,5380.75,True,above_value,True
2024-08-13,5403.50,5423.00,5401.50,open_drive,up,,5413.00,True,above_range,True,open_drive,up,,5413.00,True,above_range,True
2024-08-14,5466.25,5470.25,5446.00,open_auction_out,,va,5456.50,False,above_range,False,open_auction_out,,va,5456.50,False,above_range,False
2024-08-15,5532.50,5544.75,5526.25,open_auction_out,,a_blurred,5541.75,True,above_range,True,open_auction_out,,a_blurred,5541.75,True,above_range,True
2024-08-16,5549.50,5571.75,5547.50,open_auction_in,,,,False,in_value,True,open_auction_in,,,,False,in_value,True
2024-08-19,5582.25,5592.00,5573.50,open_auction_in,,,,False,in_value,True,open_auction_in,,,,False,in_value,True
2024-08-20,5626.00,5643.75,5622.75,open_auction_out,,a_extreme,5626.00,False,above_value,True,open_auction_out,,a_extreme,5626.00,False,above_value,True
2024-08-21,5631.25,5642.75,5623.50,open_test_drive,up,va,5635.50,True,above_value,True,open_test_drive,up,va,5635.50,True,above_value,True
2024-08-22,5658.75,5665.25,5637.75,open_rejection_reverse,down,va,5643.75,False,above_range,True,open_rejection_reverse,down,va,5643.75,False,above_range,True
2024-08-23,5626.00,5662.25,5618.75,open_auction_in,,,,False,in_value,True,open_auction_in,,,,False,in_value,True
2024-08-26,5661.00,5669.00,5644.75,open_rejection_reverse,down,va,5648.75,False,above_value,True,open_rejection_reverse,down,va,5648.75,False,above_value,True
2024-08-27,5623.25,5640.00,5611.50,open_rejection_reverse,up,va,5639.25,False,below_value,True,open_rejection_reverse,up,va,5639.25,False,below_value,False
2024-08-28,5640.00,5644.50,5631.75,open_auction_in,,,,False,in_value,True,open_auction_in,,,,False,in_value,True
2024-08-29,5630.50,5646.75,5620.50,open_test_drive,up,va,5644.25,True,above_value,True,open_test_drive,up,va,5644.25,True,above_value,True
2024-08-30,5631.25,5646.00,5627.25,open_auction_in,,,,False,in_value,True,open_auction_in,,,,False,in_value,True
2024-09-03,5626.25,5630.00,5584.75,open_auction_in,,,,False,in_value,True,open_auction_in,,,,False,in_value,True
2024-09-04,5522.75,5549.00,5520.75,open_rejection_reverse,up,va,5546.00,False,below_value,True,open_rejection_reverse,up,va,5546.00,False,below_value,True
2024-09-05,5528.25,5557.25,5525.50,open_auction_in,,,,False,in_value,True,open_auction_in,,,,False,in_value,True
2024-09-06,5515.50,5532.50,5462.50,open_auction_in,,,,False,in_value,True,open_auction_in,,,,False,in_value,True
2024-09-09,5462.00,5479.75,5456.75,open_auction_in,,,,False,in_value,False,open_auction_in,,,,False,in_value,False
2024-09-10,5498.25,5501.25,5470.25,open_auction_out,,va,5485.50,False,above_range,True,open_auction_out,,va,5485.50,False,above_range,True
2024-09-11,5500.50,5501.50,5424.50,open_rejection_reverse,down,va,5425.25,False,above_value,False,open_rejection_reverse,down,va,5425.25,False,above_value,False
2024-09-12,5562.75,5572.75,5540.25,open_drive,up,,5571.00,True,above_value,True,open_drive,up,,5571.00,True,above_value,True
2024-09-13,5607.75,5634.75,5605.00,open_drive,up,,5621.75,True,above_range,True,open_drive,up,,5621.75,True,above_range,True
2024-09-16,5627.75,5639.25,5618.25,open_auction_in,,,,False,in_value,True,open_auction_in,,,,False,in_value,True
2024-09-17,5660.75,5672.00,5650.25,open_drive,up,,5669.00,True,above_range,True,open_drive,up,,5669.00,True,above_range,True
2024-09-18,5707.25,5709.25,5690.75,open_auction_in,,,,False,in_value,True,open_auction_in,,,,False,in_value,True
2024-09-19,5778.25,5782.00,5748.25,open_drive,up,,5781.75,True,above_range,True,open_drive,up,,5781.75,True,above_range,True
2024-09-20,5760.50,5767.25,5745.50,open_test_drive,down,va,5754.25,True,below_value,True,open_test_drive,down,va,5754.25,True,below_value,True
2024-09-23,5774.50,5784.50,5763.50,open_auction_out,,va,5779.25,False,above_value,True,open_auction_out,,va,5779.25,False,above_value,True
2024-09-24,5784.25,5785.25,5756.25,open_rejection_reverse,down,va,5761.50,False,above_value,False,open_rejection_reverse,down,va,5761.50,False,above_value,False
2024-09-25,5790.50,5798.75,5788.00,open_auction_in,,,,False,in_value,True,open_auction_in,,,,False,in_value,True
2024-09-26,5823.75,5827.25,5804.00,open_auction_out,,a_blurred,5806.00,False,above_range,True,open_auction_out,,a_blurred,5806.00,False,above_range,True
2024-09-27,5811.50,5821.50,5805.00,open_auction_out,,va,5817.75,False,above_value,True,open_auction_out,,va,5817.75,False,above_value,True
2024-09-30,5780.25,5791.00,5778.50,open_auction_out,,va,5785.25,False,below_range,True,open_auction_out,,va,5785.25,False,below_value,True
2024-10-01,5808.50,5809.50,5741.00,open_rejection_reverse,down,va,5748.00,False,above_value,False,open_rejection_reverse,down,va,5748.00,False,above_value,False
2024-10-02,5749.75,5761.50,5724.00,open_auction_in,,,,False,in_value,True,open_auction_in,,,,False,in_value,True
2024-10-03,5744.50,5770.00,5739.00,open_test_drive,down,va,5742.50,True,below_value,True,open_auction_in,,,,False,in_value,True
2024-10-04,5793.50,5797.50,5752.75,open_auction_out,,va,5757.75,False,above_range,True,open_auction_out,,va,5757.75,False,above_range,True
2024-10-07,5781.75,5788.75,5774.00,open_auction_in,,,,False,in_value,True,open_auction_in,,,,False,in_value,True
2024-10-08,5772.50,5782.75,5763.75,open_auction_in,,,,False,in_value,True,open_auction_in,,,,False,in_value,True
2024-10-09,5799.50,5813.25,5793.75,open_test_drive,up,va,5810.00,True,above_value,True,open_test_drive,up,va,5810.00,True,above_value,True
2024-10-10,5825.50,5834.00,5812.75,open_auction_in,,,,False,in_value,True,open_auction_in,,,,False,in_value,True
2024-10-11,5824.25,5866.25,5823.25,open_auction_in,,,,False,in_value,False,open_auction_in,,,,False,in_value,True
2024-10-14,5876.50,5901.75,5873.00,open_drive,up,,5899.75,True,above_range,True,open_drive,up,,5899.75,True,above_range,True
2024-10-15,5911.00,5914.00,5897.00,open_rejection_reverse,down,va,5897.50,False,above_value,True,open_rejection_reverse,down,va,5897.50,False,above_value,True
2024-10-16,5861.75,5875.50,5853.25,open_rejection_reverse,up,va,5872.00,False,below_value,True,open_rejection_reverse,up,va,5872.00,False,below_value,True
2024-10-17,5923.00,5925.00,5891.25,open_auction_out,,range,5901.75,False,above_range,True,open_auction_out,,va,5901.75,False,above_range,False
2024-10-18,5901.50,5903.25,5886.50,open_auction_in,,,,False,in_value,True,open_auction_in,,,,False,in_value,True
2024-10-21,5898.50,5908.50,5897.50,open_auction_in,,,,False,in_value,True,open_auction_in,,,,False,in_value,True
2024-10-22,5869.25,5881.00,5862.25,open_auction_out,,va,5872.50,False,below_value,True,open_auction_out,,va,5872.50,False,below_value,True
2024-10-23,5870.25,5874.75,5858.00,open_auction_in,,,,False,in_value,True,open_drive,down,,5867.25,True,below_value,True
2024-10-24,5857.00,5857.75,5842.75,open_auction_in,,,,False,in_value,True,open_auction_in,,,,False,in_value,True
2024-10-25,5870.00,5900.75,5870.00,open_drive,up,,5898.00,False,above_range,True,open_drive,up,,5898.00,False,above_value,False
2024-10-28,5879.75,5880.75,5866.50,open_auction_in,,,,False,in_value,True,open_auction_in,,,,False,in_value,True
2024-10-29,5852.00,5872.25,5837.50,open_auction_out,,va,5858.50,False,below_range,True,open_auction_in,,,,False,in_value,True
2024-10-30,5866.25,5882.50,5845.50,open_auction_in,,,,False,in_value,True,open_auction_in,,,,False,in_value,True
2024-10-31,5807.25,5807.25,5768.00,open_drive,down,,5770.00,True,below_range,True,open_drive,down,,5770.00,True,below_range,True
2024-11-01,5760.75,5803.25,5755.50,open_auction_in,,,,False,in_value,False,open_auction_in,,,,False,in_value,False
2024-11-04,5757.75,5771.50,5738.50,open_rejection_reverse,up,va,5767.00,False,below_value,True,open_rejection_reverse,up,va,5767.00,False,below_value,True
2024-11-05,5753.00,5794.50,5750.50,open_auction_in,,,,False,in_value,False,open_auction_in,,,,False,in_value,False
2024-11-06,5939.00,5941.25,5900.75,open_drive,up,,5935.75,False,above_range,True,open_drive,up,,5935.75,False,above_range,True
2024-11-07,5977.00,5990.50,5976.00,open_drive,up,,5988.75,True,above_range,True,open_drive,up,,5988.75,True,above_range,True
2024-11-08,6004.75,6018.75,6004.75,open_drive,up,,6016.00,True,above_value,True,open_drive,up,,6016.00,True,above_value,True
2024-11-11,6042.00,6045.25,6029.00,open_rejection_reverse,down,va,6032.75,False,above_range,False,open_rejection_reverse,down,va,6032.75,False,above_range,False
2024-11-12,6030.50,6036.50,6021.25,open_auction_in,,,,False,in_value,True,open_auction_in,,,,False,in_value,True
2024-11-13,6016.00,6019.75,5991.75,open_auction_in,,,,False,in_value,True,open_auction_in,,,,False,in_value,True
2024-11-14,6015.25,6020.50,5992.75,open_auction_in,,,,False,in_value,False,open_auction_in,,,,False,in_value,False
2024-11-15,5936.75,5941.75,5906.00,open_drive,down,,5907.50,True,below_range,True,open_drive,down,,5907.50,True,below_range,True
2024-11-18,5900.25,5912.00,5891.25,open_auction_in,,,,False,in_value,True,open_auction_in,,,,False,in_value,True
2024-11-19,5883.75,5901.00,5876.25,open_auction_out,,range,5900.50,False,below_range,True,open_auction_out,,range,5900.50,False,below_range,True
2024-11-20,5938.75,5940.25,5880.00,open_auction_in,,,,False,in_value,True,open_auction_in,,,,False,in_value,True
2024-11-21,5967.75,5969.50,5908.25,open_rejection_reverse,down,va,5910.00,False,above_range,True,open_rejection_reverse,down,va,5910.00,False,above_range,True
2024-11-22,5968.25,5993.25,5962.75,open_auction_in,,,,False,in_value,True,open_auction_in,,,,False,in_value,True
2024-11-25,6026.75,6040.00,6006.00,open_auction_out,,a_blurred,6022.00,False,above_range,True,open_auction_out,,a_blurred,6022.00,False,above_range,True
2024-11-26,6018.50,6027.00,6011.25,open_auction_in,,,,False,in_value,True,open_auction_in,,,,False,in_value,True
2024-11-27,6033.00,6037.00,6020.50,open_auction_in,,,,False,in_value,True,open_auction_in,,,,False,in_value,True
2024-11-29,6021.50,6043.50,6019.00,open_auction_in,,,,False,in_value,False,open_auction_in,,,,False,in_value,False
2024-12-02,6055.25,6062.00,6049.75,open_auction_in,,,,False,in_value,True,open_auction_in,,,,False,in_value,True
2024-12-03,6058.50,6062.00,6048.75,open_auction_in,,,,False,in_value,True,open_auction_in,,,,False,in_value,True
2024-12-04,6080.00,6085.50,6072.50,open_auction_out,,a_blurred,6079.75,True,above_range,True,open_auction_out,,a_blurred,6079.75,True,above_range,True
2024-12-05,6098.75,6104.75,6093.25,open_rejection_reverse,down,va,6093.50,False,above_value,True,open_rejection_reverse,down,va,6093.50,False,above_value,True
2024-12-06,6094.50,6111.00,6093.50,open_auction_in,,,,False,in_value,True,open_auction_in,,,,False,in_value,True
2024-12-09,6096.00,6097.75,6080.50,open_auction_in,,,,False,in_value,True,open_auction_in,,,,False,in_value,True
2024-12-10,6071.75,6073.25,6061.00,open_auction_in,,,,False,in_value,True,open_auction_in,,,,False,in_value,True
2024-12-11,6075.50,6090.25,6072.50,open_drive,up,,6083.50,True,above_range,True,open_drive,up,,6083.50,True,above_range,True
2024-12-12,6082.25,6082.75,6067.50,open_auction_out,,a_extreme,6081.50,False,below_value,True,open_auction_out,,a_extreme,6081.50,False,below_value,True
2024-12-13,6077.25,6084.75,6062.75,open_auction_in,,,,False,in_value,True,open_auction_in,,,,False,in_value,True
2024-12-16,6072.50,6079.25,6064.75,open_test_drive,up,a_extreme,6077.25,True,above_value,True,open_test_drive,up,a_extreme,6077.25,True,above_value,True
2024-12-17,6052.75,6060.00,6043.00,open_drive,down,,6043.50,False,below_range,True,open_drive,down,,6043.50,False,below_range,True
2024-12-18,6124.00,6137.50,6118.50,open_auction_in,,,,False,in_value,True,open_auction_in,,,,False,in_value,True
2024-12-19,5988.75,6005.25,5961.00,open_drive,down,,5961.25,True,below_value,True,open_drive,down,,5961.25,True,below_value,True
2024-12-20,5907.25,5960.75,5898.25,open_rejection_reverse,up,va,5959.75,False,below_range,True,open_rejection_reverse,up,va,5959.75,False,below_range,True
2024-12-23,5998.75,6008.25,5965.00,open_auction_in,,,,False,in_value,True,open_auction_in,,,,False,in_value,True
2024-12-24,6048.00,6070.75,6042.25,open_drive,up,,6069.50,True,above_range,True,open_drive,up,,6069.50,True,above_range,True
2024-12-26,6079.25,6087.25,6063.25,open_auction_in,,,,False,in_value,True,open_auction_in,,,,False,in_value,True
2024-12-27,6052.50,6055.50,6003.75,open_drive,down,,6007.50,True,below_range,True,open_drive,down,,6007.50,True,below_value,True
2024-12-30,5955.25,5955.75,5918.25,open_drive,down,,5922.00,False,below_range,True,open_drive,down,,5922.00,False,below_range,True
2024-12-31,5972.50,5980.25,5954.75,open_auction_in,,,,False,in_value,True,open_auction_in,,,,False,in_value,True
2025-01-02,5967.75,5985.00,5934.50,open_rejection_reverse,down,va,5951.00,False,above_value,True,open_rejection_reverse,down,va,5951.00,False,above_value,True
2025-01-03,5945.00,5965.75,5934.00,open_auction_in,,,,False,in_value,True,open_auction_in,,,,False,in_value,True
2025-01-06,6032.75,6060.75,6028.75,open_drive,up,,6059.50,True,above_range,True,open_drive,up,,6059.50,True,above_range,True
2025-01-07,6042.00,6045.50,5987.75,open_auction_in,,,,False,in_value,True,open_auction_in,,,,False,in_value,True
2025-01-08,5954.00,5954.00,5925.50,open_auction_out,,a_extreme,5930.50,False,below_value,True,open_auction_out,,a_extreme,5930.50,False,below_value,True
2025-01-10,5920.75,5921.75,5852.00,open_drive,down,,5879.25,False,below_value,False,open_drive,down,,5879.25,False,below_value,False
2025-01-13,5817.50,5846.25,5813.00,open_auction_out,,range,5819.50,False,below_range,True,open_auction_out,,range,5819.50,False,below_range,True
2025-01-14,5902.75,5909.75,5878.75,open_drive,up,,5891.25,False,above_range,True,open_drive,up,,5891.25,False,above_range,True
2025-01-15,5964.75,5991.75,5952.50,open_drive,up,,5985.25,False,above_range,True,open_drive,up,,5985.25,False,above_range,True
2025-01-16,6001.75,6003.00,5973.25,open_rejection_reverse,down,va,5982.25,True,above_range,False,open_rejection_reverse,down,va,5982.25,True,above_range,False
2025-01-17,6026.75,6033.00,6012.75,open_drive,up,,6027.50,True,above_range,True,open_drive,up,,6027.50,True,above_range,True
2025-01-21,6063.75,6072.00,6043.50,open_auction_out,,va,6060.50,False,above_range,True,open_auction_out,,va,6060.50,False,above_range,True
2025-01-22,6116.25,6127.75,6111.25,open_drive,up,,6124.50,True,above_range,True,open_drive,up,,6124.50,True,above_range,True
2025-01-23,6113.50,6119.00,6111.25,open_drive,down,,6113.00,False,below_value,True,open_drive,down,,6113.00,False,below_value,True
2025-01-24,6152.00,6162.25,6146.50,open_auction_out,,a_extreme,6147.50,False,above_value,True,open_auction_out,,a_extreme,6147.50,False,above_value,True
2025-01-27,5998.00,6043.00,5996.75,open_auction_out,,a_blurred,6041.00,False,below_range,True,open_auction_out,,a_blurred,6041.00,False,below_range,True
2025-01-28,6057.50,6079.00,6023.50,open_test_drive,up,va,6075.75,True,above_range,True,open_test_drive,up,va,6075.75,True,above_range,True
2025-01-29,6087.25,6091.25,6074.50,open_auction_in,,,,False,in_value,True,open_auction_in,,,,False,in_value,True
2025-01-30,6089.50,6109.75,6073.50,open_rejection_reverse,down,va,6075.75,False,above_value,True,open_auction_in,,,,False,in_value,True
2025-01-31,6122.50,6138.25,6118.25,open_drive,up,,6137.50,True,above_range,True,open_drive,up,,6137.50,True,above_range,True
2025-02-03,5972.25,6011.50,5950.25,open_auction_out,,a_blurred,6009.25,False,below_range,True,open_auction_out,,a_blurred,6009.25,False,below_range,True
2025-02-04,6023.50,6057.00,6018.00,open_auction_in,,,,False,in_value,True,open_auction_in,,,,False,in_value,True
2025-02-05,6051.00,6055.50,6029.50,open_auction_in,,,,False,in_value,True,open_auction_in,,,,False,in_value,True
2025-02-06,6103.75,6105.00,6092.00,open_auction_out,,a_blurred,6093.25,False,above_range,True,open_auction_out,,a_blurred,6093.25,False,above_range,True
2025-02-07,6110.50,6123.25,6078.75,open_rejection_reverse,down,va,6087.00,False,above_range,True,open_rejection_reverse,down,va,6087.00,False,above_range,True
2025-02-10,6080.75,6089.00,6067.75,open_auction_in,,,,False,in_value,True,open_auction_in,,,,False,in_value,True
2025-02-11,6065.00,6082.50,6064.00,open_rejection_reverse,up,va,6081.00,False,below_range,True,open_rejection_reverse,up,va,6081.00,False,below_range,True
2025-02-12,6030.75,6062.50,6023.75,open_auction_out,,a_blurred,6053.25,False,below_range,True,open_auction_out,,a_blurred,6053.25,False,below_range,True
2025-02-13,6083.50,6102.50,6070.25,open_test_drive,up,va,6099.00,True,above_value,True,open_test_drive,up,va,6099.00,True,above_value,True
2025-02-14,6134.50,6145.25,6132.50,open_drive,up,,6137.75,False,above_value,True,open_drive,up,,6137.75,False,above_value,True
2025-02-18,6143.25,6144.50,6127.50,open_rejection_reverse,down,va,6130.75,False,above_value,False,open_rejection_reverse,down,va,6130.75,False,above_value,False
2025-02-19,6134.25,6136.50,6129.25,open_auction_in,,,,False,in_value,True,open_auction_in,,,,False,in_value,True
2025-02-20,6148.50,6150.00,6102.75,open_auction_in,,,,False,in_value,False,open_auction_in,,,,False,in_value,False
2025-02-21,6132.50,6133.00,6095.25,open_rejection_reverse,down,va,6097.75,False,above_value,False,open_rejection_reverse,down,va,6097.75,False,above_value,False
2025-02-24,6050.00,6060.00,5994.50,open_auction_in,,,,False,in_value,False,open_auction_in,,,,False,in_value,False
2025-02-25,6000.50,6007.75,5934.75,open_drive,down,,5936.75,True,below_value,False,open_drive,down,,5936.75,True,below_value,False
2025-02-26,5987.25,6020.50,5978.25,open_auction_in,,,,False,in_value,False,open_auction_in,,,,False,in_value,False
2025-02-27,5995.50,6007.25,5931.50,open_auction_in,,,,False,in_value,True,open_rejection_reverse,down,va,5981.25,False,above_value,True
2025-02-28,5879.75,5907.50,5857.00,open_auction_out,,a_extreme,5907.25,False,below_value,True,open_auction_out,,a_extreme,5907.25,False,below_value,True
2025-03-03,5984.75,5997.00,5930.50,open_auction_out,,range,5964.00,False,above_range,False,open_auction_out,,range,5964.00,False,above_range,False
2025-03-04,5819.00,5824.25,5744.00,open_drive,down,,5767.00,False,below_range,True,open_drive,down,,5767.00,False,below_range,True
2025-03-05,5788.00,5817.00,5770.25,open_auction_in,,,,False,in_value,True,open_auction_in,,,,False,in_value,True
2025-03-06,5773.75,5806.50,5753.25,open_auction_in,,,,False,in_value,True,open_auction_in,,,,False,in_value,True
2025-03-07,5726.25,5778.00,5724.50,open_auction_in,,,,False,in_value,True,open_auction_in,,,,False,in_value,True
2025-03-10,5691.25,5711.25,5667.25,open_drive,down,,5670.75,True,below_value,True,open_drive,down,,5670.75,True,below_value,True
2025-03-11,5609.00,5635.75,5571.00,open_auction_in,,,,False,in_value,True,open_auction_in,,,,False,in_value,True
2025-03-12,5635.50,5645.00,5592.75,open_rejection_reverse,down,va,5603.75,False,above_value,True,open_rejection_reverse,down,va,5603.75,False,above_value,True
2025-03-13,5598.00,5603.75,5556.75,open_auction_in,,,,False,in_value,True,open_auction_in,,,,False,in_value,True
2025-03-14,5572.00,5607.75,5564.00,open_test_drive,up,va,5580.50,True,above_value,True,open_test_drive,up,va,5580.50,True,above_value,True
2025-03-17,5637.25,5674.00,5632.75,open_auction_in,,,,False,in_value,False,open_auction_in,,,,False,in_value,False
2025-03-18,5657.25,5659.25,5610.25,open_auction_in,,,,False,in_value,False,open_auction_in,,,,False,in_value,False
2025-03-19,5687.75,5713.75,5675.75,open_auction_out,,va,5704.75,False,above_value,True,open_auction_out,,va,5704.75,False,above_value,True
2025-03-20,5692.00,5760.00,5684.50,open_auction_in,,,,False,in_value,True,open_auction_in,,,,False,in_value,True
2025-03-21,5664.00,5676.75,5652.25,open_auction_out,,a_blurred,5671.25,False,below_range,True,open_auction_out,,range,5671.25,False,below_range,True
2025-03-24,5782.50,5808.00,5776.00,open_drive,up,,5805.75,True,above_range,True,open_drive,up,,5805.75,True,above_range,True
2025-03-25,5826.00,5831.00,5812.25,open_test_drive,up,va,5830.75,True,above_range,True,open_test_drive,up,va,5830.75,True,above_range,True
2025-03-26,5824.00,5834.50,5797.00,open_auction_in,,,,False,in_value,True,open_auction_in,,,,False,in_value,True
2025-03-27,5742.75,5766.50,5720.00,open_rejection_reverse,up,va,5765.75,False,below_range,False,open_rejection_reverse,up,va,5765.75,False,below_range,False
2025-03-28,5723.50,5731.25,5662.00,open_drive,down,,5663.00,True,below_value,False,open_drive,down,,5663.00,True,below_value,False
2025-03-31,5563.50,5581.25,5533.75,open_auction_out,,a_blurred,5560.25,False,below_range,True,open_auction_out,,a_blurred,5560.25,False,below_range,True
2025-04-01,5638.75,5650.00,5600.25,open_rejection_reverse,down,va,5615.00,True,above_value,True,open_rejection_reverse,down,va,5615.00,True,above_value,True
2025-04-02,5613.00,5673.50,5610.75,open_rejection_reverse,up,va,5672.75,False,below_value,False,open_rejection_reverse,up,va,5672.75,False,below_value,False
2025-04-03,5512.00,5540.50,5475.50,open_drive,down,,5490.75,True,below_range,True,open_drive,down,,5490.75,True,below_range,True
2025-04-04,5292.00,5314.50,5216.00,open_drive,down,,5216.75,True,below_range,True,open_drive,down,,5216.75,True,below_range,True
2025-04-07,4941.75,5286.50,4867.00,open_auction_out,,va,5033.00,False,below_range,True,open_auction_out,,va,5033.00,False,below_range,True
2025-04-08,5272.00,5305.25,5231.00,open_drive,up,,5287.75,False,above_value,True,open_drive,up,,5287.75,False,above_value,True
2025-04-09,4982.75,5087.25,4982.75,open_rejection_reverse,up,va,5039.75,True,below_value,True,open_rejection_reverse,up,va,5039.75,True,below_value,True
2025-04-10,5375.50,5389.00,5315.75,open_rejection_reverse,down,va,5334.50,False,above_value,False,open_rejection_reverse,down,va,5334.50,False,above_value,False
2025-04-11,5281.25,5340.50,5252.75,open_auction_in,,,,False,in_value,True,open_auction_in,,,,False,in_value,True
2025-04-14,5493.25,5496.50,5444.25,open_drive,up,,5474.25,False,above_range,True,open_drive,up,,5474.25,False,above_range,True
2025-04-15,5449.25,5485.00,5433.00,open_auction_in,,,,False,in_value,True,open_auction_in,,,,False,in_value,True
2025-04-16,5367.25,5388.75,5346.00,open_drive,down,,5367.00,False,below_range,True,open_drive,down,,5367.00,False,below_range,True
2025-04-17,5322.75,5340.25,5297.75,open_auction_in,,,,False,in_value,True,open_auction_in,,,,False,in_value,True
2025-04-21,5257.25,5262.50,5196.50,open_drive,down,,5201.25,True,below_range,True,open_drive,down,,5201.25,True,below_value,False
2025-04-22,5245.50,5280.00,5236.00,open_drive,up,,5275.75,True,above_value,True,open_drive,up,,5275.75,True,above_value,True
2025-04-23,5450.00,5499.75,5440.75,open_drive,up,,5485.75,False,above_range,True,open_drive,up,,5485.75,False,above_range,True
2025-04-24,5411.75,5469.00,5398.50,open_auction_in,,,,False,in_value,True,open_auction_in,,,,False,in_value,True
2025-04-25,5510.50,5524.75,5482.25,open_auction_in,,,,False,in_value,True,open_auction_in,,,,False,in_value,True
2025-04-28,5557.00,5578.75,5539.25,open_auction_out,,va,5552.25,False,above_range,True,open_auction_out,,va,5552.25,False,above_range,True
2025-04-29,5531.00,5570.50,5527.75,open_auction_in,,,,False,in_value,True,open_auction_in,,,,False,in_value,True
2025-04-30,5516.25,5516.75,5455.50,open_drive,down,,5503.75,False,below_range,True,open_drive,down,,5503.75,False,below_range,True
2025-05-01,5645.00,5663.50,5627.25,open_drive,up,,5661.50,True,above_range,True,open_drive,up,,5661.50,True,above_range,True
2025-05-02,5686.50,5703.75,5663.00,open_auction_out,,va,5703.25,False,above_range,True,open_auction_out,,va,5703.25,False,above_range,True
2025-05-05,5664.25,5681.75,5655.25,open_auction_out,,a_extreme,5675.75,False,below_value,True,open_auction_out,,a_extreme,5675.75,False,below_value,True
2025-05-06,5616.50,5647.00,5607.00,open_auction_out,,a_blurred,5644.25,False,below_range,True,open_auction_out,,a_blurred,5644.25,False,below_range,True
2025-05-07,5638.50,5656.50,5631.25,open_auction_in,,,,False,in_value,True,open_auction_in,,,,False,in_value,True
2025-05-08,5688.75,5693.25,5659.00,open_test_drive,up,range,5680.75,True,above_range,True,open_test_drive,up,range,5680.75,True,above_range,True
2025-05-09,5699.75,5710.00,5672.75,open_auction_in,,,,False,in_value,True,open_auction_in,,,,False,in_value,True
2025-05-12,5850.25,5852.75,5814.50,open_auction_out,,a_blurred,5818.25,False,above_range,True,open_auction_out,,a_blurred,5818.25,False,above_range,True
2025-05-13,5869.75,5915.00,5863.50,open_drive,up,,5903.75,True,above_range,True,open_drive,up,,5903.75,True,above_range,True
2025-05-14,5913.25,5925.00,5898.75,open_auction_in,,,,False,in_value,True,open_auction_in,,,,False,in_value,True
2025-05-15,5889.00,5905.50,5884.50,open_auction_out,,va,5892.50,False,below_range,True,open_auction_out,,va,5892.50,False,below_range,True
2025-05-16,5944.50,5948.25,5931.75,open_rejection_reverse,down,va,5940.75,False,above_value,True,open_rejection_reverse,down,va,5940.75,False,above_value,True
2025-05-19,5912.25,5964.75,5912.25,open_rejection_reverse,up,va,5953.75,False,below_range,False,open_rejection_reverse,up,va,5953.75,False,below_range,False
2025-05-20,5962.00,5966.75,5950.75,open_auction_in,,,,False,in_value,True,open_auction_in,,,,False,in_value,True
2025-05-21,5914.50,5944.50,5913.50,open_auction_out,,range,5926.00,False,below_range,True,open_auction_out,,a_extreme,5926.00,False,below_value,True
2025-05-22,5855.50,5880.50,5842.75,open_auction_in,,,,False,in_value,True,open_auction_in,,,,False,in_value,True
2025-05-23,5784.00,5813.50,5780.50,open_auction_out,,a_blurred,5802.00,False,below_range,True,open_auction_out,,a_blurred,5802.00,False,below_range,True
2025-05-27,5886.25,5907.75,5868.25,open_drive,up,,5903.75,True,above_range,True,open_drive,up,,5903.75,True,above_range,True
2025-05-28,5940.25,5952.50,5923.75,open_rejection_reverse,down,va,5926.75,False,above_range,False,open_rejection_reverse,down,va,5926.75,False,above_range,False
2025-05-29,5955.00,5956.25,5908.50,open_rejection_reverse,down,va,5924.75,False,above_range,False,open_rejection_reverse,down,va,5924.75,False,above_range,False
2025-05-30,5910.50,5918.50,5885.00,open_auction_in,,,,False,in_value,True,open_auction_in,,,,False,in_value,True
2025-06-02,5897.50,5917.75,5870.50,open_auction_in,,,,False,in_value,True,open_auction_in,,,,False,in_value,True
2025-06-03,5943.50,5959.25,5938.25,open_test_drive,up,a_extreme,5959.00,True,above_value,True,open_test_drive,up,a_extreme,5959.00,True,above_value,True
2025-06-04,5989.25,5998.75,5974.25,open_auction_in,,,,False,in_value,True,open_auction_in,,,,False,in_value,True
2025-06-05,5995.00,5997.75,5957.50,open_auction_in,,,,False,in_value,False,open_auction_in,,,,False,in_value,True
2025-06-06,6002.75,6025.00,6000.25,open_drive,up,,6008.25,False,above_value,True,open_drive,up,,6008.25,False,above_value,True
2025-06-09,6012.75,6015.25,6000.00,open_auction_in,,,,False,in_value,True,open_auction_in,,,,False,in_value,True
2025-06-10,6016.25,6027.00,6015.75,open_auction_in,,,,False,in_value,True,open_auction_in,,,,False,in_value,True
2025-06-11,6055.50,6062.75,6035.75,open_test_drive,up,va,6061.50,True,above_range,True,open_test_drive,up,va,6061.50,True,above_range,True
2025-06-12,6014.00,6040.25,6008.50,open_rejection_reverse,up,va,6038.50,False,below_value,True,open_rejection_reverse,up,va,6038.50,False,below_value,True
2025-06-13,5996.00,6014.75,5977.25,open_drive,down,,5978.75,False,below_range,True,open_drive,down,,5978.75,False,below_range,True
2025-06-16,6014.25,6052.75,6013.50,open_auction_in,,,,False,in_value,False,open_auction_in,,,,False,in_value,False
2025-06-17,6011.50,6026.25,6006.50,open_auction_out,,range,6021.00,False,below_range,True,open_auction_out,,range,6021.00,False,below_range,True
2025-06-18,6045.00,6072.25,6034.50,open_rejection_reverse,up,va,6069.25,False,below_value,False,open_rejection_reverse,up,va,6069.25,False,below_value,False
2025-06-20,6060.50,6071.00,6028.75,open_auction_in,,,,False,in_value,True,open_auction_in,,,,False,in_value,True
2025-06-23,6025.00,6058.25,6010.50,open_auction_in,,,,False,in_value,False,open_auction_in,,,,False,in_value,False
2025-06-24,6118.50,6130.25,6109.00,open_auction_out,,a_blurred,6121.75,True,above_range,True,open_auction_out,,a_blurred,6121.75,True,above_range,True
2025-06-25,6155.00,6160.25,6148.25,open_auction_out,,va,6152.25,False,above_value,True,open_auction_out,,va,6152.25,False,above_value,True
2025-06-26,6165.50,6176.00,6159.25,open_drive,up,,6175.50,True,above_range,True,open_drive,up,,6175.50,True,above_range,True
2025-06-27,6204.25,6230.00,6202.00,open_drive,up,,6224.00,True,above_range,True,open_drive,up,,6224.00,True,above_range,True
2025-06-30,6248.25,6248.75,6233.25,open_auction_out,,va,6241.50,False,above_range,True,open_auction_out,,va,6241.50,False,above_range,True
2025-07-01,6235.25,6253.00,6234.00,open_auction_in,,,,False,in_value,True,open_auction_in,,,,False,in_value,True
2025-07-02,6245.00,6259.50,6238.25,open_auction_in,,,,False,in_value,True,open_auction_in,,,,False,in_value,True
2025-07-03,6293.25,6321.00,6292.75,open_drive,up,,6319.75,True,above_range,True,open_drive,up,,6319.75,True,above_range,True
2025-07-07,6302.00,6309.75,6293.50,open_drive,down,,6299.00,True,below_value,True,open_drive,down,,6299.00,True,below_value,True
2025-07-08,6281.00,6284.25,6263.75,open_auction_in,,,,False,in_value,True,open_auction_in,,,,False,in_value,True
2025-07-09,6295.25,6315.25,6293.75,open_drive,up,,6301.00,False,above_range,True,open_drive,up,,6301.00,False,above_value,True
2025-07-10,6307.75,6310.00,6296.00,open_rejection_reverse,down,va,6303.25,True,above_value,True,open_rejection_reverse,down,va,6303.25,True,above_value,True
2025-07-11,6290.50,6306.25,6278.50,open_auction_out,,range,6303.50,False,below_range,True,open_auction_out,,range,6303.50,False,below_range,True
2025-07-14,6294.25,6299.75,6280.50,open_auction_out,,va,6289.25,False,below_value,True,open_auction_out,,va,6289.25,False,below_value,True
2025-07-15,6338.00,6341.75,6314.75,open_auction_out,,va,6317.25,False,above_range,True,open_auction_out,,va,6317.25,False,above_range,True
2025-07-16,6298.50,6302.00,6277.50,open_auction_in,,,,False,in_value,False,open_auction_in,,,,False,in_value,False
2025-07-17,6304.50,6323.25,6302.00,open_test_drive,up,va,6315.00,True,above_value,True,open_test_drive,up,va,6315.00,True,above_value,True
2025-07-18,6352.00,6353.50,6331.25,open_rejection_reverse,down,va,6332.50,False,above_range,True,open_rejection_reverse,down,va,6332.50,False,above_range,True
2025-07-21,6345.50,6372.25,6344.50,open_drive,up,,6371.25,True,above_value,False,open_drive,up,,6371.25,True,above_value,False
2025-07-22,6348.00,6349.25,6318.75,open_drive,down,,6328.00,False,below_value,False,open_drive,down,,6328.00,False,below_value,False
2025-07-23,6372.75,6373.50,6353.50,open_auction_out,,range,6364.00,False,above_range,True,open_auction_out,,range,6364.00,False,above_range,True
2025-07-24,6402.25,6410.25,6396.25,open_test_drive,up,range,6404.25,True,above_range,True,open_test_drive,up,range,6404.25,True,above_range,True
2025-07-25,6405.00,6410.75,6402.50,open_auction_in,,,,False,in_value,True,open_auction_in,,,,False,in_value,True
2025-07-28,6429.00,6434.25,6424.25,open_auction_in,,,,False,in_value,True,open_auction_in,,,,False,in_value,True
2025-07-29,6436.75,6440.00,6425.50,open_auction_out,,va,6431.00,False,above_range,True,open_auction_out,,va,6431.00,False,above_range,True
2025-07-30,6412.00,6419.25,6405.00,open_auction_in,,,,False,in_value,True,open_auction_in,,,,False,in_value,True
2025-07-31,6446.75,6451.00,6427.50,open_auction_out,,va,6440.00,False,above_range,True,open_auction_out,,va,6440.00,False,above_range,True
2025-08-01,6311.00,6311.50,6243.75,open_drive,down,,6281.00,False,below_range,True,open_drive,down,,6281.00,False,below_range,True
2025-08-04,6303.25,6342.50,6302.00,open_drive,up,,6341.00,True,above_value,False,open_drive,up,,6341.00,True,above_value,False
2025-08-05,6363.75,6371.75,6337.50,open_rejection_reverse,down,va,6344.25,False,above_range,True,open_rejection_reverse,down,va,6344.25,False,above_range,True
2025-08-06,6335.00,6351.00,6325.75,open_auction_in,,,,False,in_value,True,open_auction_in,,,,False,in_value,True
2025-08-07,6407.25,6414.50,6375.25,open_auction_out,,va,6382.25,False,above_range,True,open_auction_out,,va,6382.25,False,above_range,True
2025-08-08,6383.00,6410.50,6379.75,open_drive,up,,6406.75,True,above_value,True,open_drive,up,,6406.75,True,above_value,True
2025-08-11,6416.25,6421.50,6410.00,open_rejection_reverse,down,va,6414.00,False,above_value,True,open_rejection_reverse,down,va,6414.00,False,above_value,True
2025-08-12,6423.75,6439.75,6408.50,open_test_drive,up,va,6433.75,True,above_value,True,open_test_drive,up,va,6433.75,True,above_value,True
2025-08-13,6489.50,6502.50,6479.50,open_auction_out,,a_blurred,6482.25,False,above_range,True,open_auction_out,,a_blurred,6482.25,False,above_range,True
2025-08-14,6467.50,6485.75,6462.75,open_rejection_reverse,up,va,6481.75,False,below_value,False,open_rejection_reverse,up,va,6481.75,False,below_value,False
2025-08-15,6496.75,6498.00,6468.25,open_rejection_reverse,down,va,6478.75,False,above_range,False,open_rejection_reverse,down,va,6478.75,False,above_value,False
2025-08-18,6464.50,6475.25,6461.00,open_test_drive,down,va,6465.75,True,below_value,True,open_test_drive,down,va,6465.75,True,below_value,True
2025-08-19,6466.25,6476.25,6454.75,open_auction_in,,,,False,in_value,True,open_auction_in,,,,False,in_value,True
2025-08-20,6428.00,6430.75,6370.00,open_auction_in,,,,False,in_value,False,open_auction_in,,,,False,in_value,False
2025-08-21,6395.25,6412.25,6375.50,open_auction_in,,,,False,in_value,True,open_auction_in,,,,False,in_value,True
2025-08-22,6407.75,6486.25,6402.50,open_drive,up,,6471.75,True,above_value,False,open_auction_in,,,,False,in_value,False
2025-08-25,6470.00,6476.75,6463.75,open_auction_in,,,,False,in_value,True,open_auction_in,,,,False,in_value,True
2025-08-26,6450.75,6461.75,6444.50,open_auction_out,,range,6459.50,False,below_range,True,open_auction_out,,range,6459.50,False,below_range,True
2025-08-27,6474.00,6492.00,6472.75,open_drive,up,,6489.75,True,above_value,True,open_drive,up,,6489.75,True,above_value,True
2025-08-28,6500.00,6508.50,6480.75,open_rejection_reverse,down,va,6487.25,False,above_value,False,open_rejection_reverse,down,va,6487.25,False,above_value,False
2025-08-29,6499.00,6502.75,6460.25,open_auction_in,,,,False,in_value,False,open_auction_in,,,,False,in_value,False
2025-09-02,6398.25,6425.00,6383.25,open_auction_out,,a_blurred,6417.75,False,below_range,True,open_auction_out,,a_blurred,6417.75,False,below_range,True
2025-09-03,6448.75,6454.50,6437.75,open_auction_out,,a_blurred,6445.50,True,above_range,True,open_auction_out,,a_blurred,6445.50,True,above_range,True
2025-09-04,6465.75,6474.75,6456.25,open_test_drive,up,range,6470.25,True,above_range,True,open_test_drive,up,range,6470.25,True,above_range,True
2025-09-05,6533.50,6541.75,6479.25,open_rejection_reverse,down,va,6484.50,False,above_range,True,open_rejection_reverse,down,va,6484.50,False,above_range,True
2025-09-08,6504.50,6509.00,6495.25,open_test_drive,up,a_extreme,6505.75,True,above_value,True,open_test_drive,up,va,6505.75,True,above_value,True
2025-09-09,6507.25,6515.00,6501.50,open_auction_in,,,,False,in_value,True,open_auction_in,,,,False,in_value,True
2025-09-10,6553.25,6562.25,6543.75,open_drive,up,,6556.00,False,above_range,True,open_drive,up,,6556.00,False,above_range,True
2025-09-11,6557.75,6579.00,6552.00,open_test_drive,up,va,6575.75,True,above_value,False,open_test_drive,up,va,6575.75,True,above_value,False
2025-09-12,6589.75,6595.75,6585.00,open_auction_in,,,,False,in_value,True,open_auction_in,,,,False,in_value,True
2025-09-15,6609.25,6620.25,6607.75,open_drive,up,,6620.00,True,above_range,True,open_drive,up,,6620.00,True,above_range,True
2025-09-16,6627.00,6630.25,6608.25,open_rejection_reverse,down,va,6611.50,False,above_range,False,open_rejection_reverse,down,va,6611.50,False,above_range,False
2025-09-17,6669.00,6675.75,6659.75,open_auction_in,,,,False,in_value,True,open_auction_in,,,,False,in_value,True
2025-09-18,6686.75,6713.50,6670.25,open_test_drive,up,va,6712.50,True,above_range,True,open_test_drive,up,va,6712.50,True,above_range,True
2025-09-19,6707.00,6711.25,6696.75,open_auction_in,,,,False,in_value,True,open_auction_in,,,,False,in_value,True
2025-09-22,6706.00,6725.25,6705.75,open_auction_in,,,,False,in_value,False,open_auction_in,,,,False,in_value,False
2025-09-23,6750.25,6756.50,6746.25,open_auction_in,,,,False,in_value,True,open_auction_in,,,,False,in_value,True
2025-09-24,6727.25,6728.50,6706.00,open_auction_in,,,,False,in_value,True,open_auction_in,,,,False,in_value,True
2025-09-25,6660.00,6672.50,6631.25,open_auction_out,,a_blurred,6665.75,False,below_range,True,open_auction_out,,a_blurred,6665.75,False,below_range,True
2025-09-26,6673.50,6703.75,6657.25,open_rejection_reverse,down,va,6666.25,False,above_value,True,open_rejection_reverse,down,va,6666.25,False,above_value,True
2025-09-29,6722.25,6731.25,6715.75,open_drive,up,,6726.50,False,above_range,True,open_drive,up,,6726.50,False,above_range,True
2025-09-30,6706.75,6713.00,6696.75,open_auction_in,,,,False,in_value,True,open_auction_in,,,,False,in_value,True
2025-10-01,6706.75,6732.25,6705.25,open_auction_in,,,,False,in_value,True,open_auction_in,,,,False,in_value,True
2025-10-02,6779.00,6780.25,6757.00,open_auction_out,,range,6761.50,False,above_range,False,open_auction_out,,range,6761.50,False,above_range,False
2025-10-03,6772.00,6788.25,6771.50,open_test_drive,up,a_extreme,6786.75,True,above_value,True,open_test_drive,up,a_extreme,6786.75,True,above_value,True
2025-10-06,6788.50,6788.75,6766.50,open_auction_in,,,,False,in_value,True,open_auction_in,,,,False,in_value,True
2025-10-07,6797.25,6801.75,6783.75,open_auction_in,,,,False,in_value,True,open_auction_in,,,,False,in_value,True
2025-10-08,6773.25,6790.75,6764.50,open_test_drive,up,va,6790.25,True,above_value,True,open_test_drive,up,va,6790.25,True,above_value,True
2025-10-09,6805.50,6809.50,6780.50,open_rejection_reverse,down,va,6781.50,False,above_range,False,open_rejection_reverse,down,va,6781.50,False,above_range,False
2025-10-10,6788.00,6806.50,6784.25,open_auction_out,,va,6792.00,False,above_value,True,open_auction_out,,va,6792.00,False,above_value,True
2025-10-13,6670.25,6697.00,6661.75,open_auction_in,,,,False,in_value,True,open_auction_in,,,,False,in_value,True
2025-10-14,6634.00,6661.75,6593.25,open_auction_out,,range,6660.50,False,below_range,True,open_rejection_reverse,up,va,6660.50,False,below_value,True
2025-10-15,6732.00,6766.75,6724.25,open_drive,up,,6760.25,False,above_range,True,open_drive,up,,6760.25,False,above_value,True
2025-10-16,6731.50,6744.25,6717.25,open_auction_in,,,,False,in_value,True,open_test_drive,up,va,6732.25,True,above_value,True
2025-10-17,6654.50,6697.50,6641.50,open_auction_in,,,,False,in_value,True,open_auction_in,,,,False,in_value,True
2025-10-20,6733.50,6764.50,6733.00,open_drive,up,,6763.25,True,above_range,True,open_drive,up,,6763.25,True,above_value,True
2025-10-21,6774.25,6778.50,6759.25,open_auction_in,,,,False,in_value,True,open_auction_in,,,,False,in_value,True
2025-10-22,6779.00,6779.25,6752.00,open_auction_in,,,,False,in_value,True,open_auction_in,,,,False,in_value,True
2025-10-23,6739.25,6766.00,6736.00,open_auction_in,,,,False,in_value,True,open_auction_in,,,,False,in_value,True
2025-10-24,6820.75,6835.50,6812.50,open_drive,up,,6824.25,True,above_range,True,open_drive,up,,6824.25,True,above_range,True
2025-10-27,6883.00,6892.50,6877.00,open_drive,up,,6886.50,False,above_range,True,open_drive,up,,6886.50,False,above_range,True
2025-10-28,6925.75,6927.25,6906.75,open_auction_out,,range,6916.50,False,above_range,True,open_auction_out,,range,6916.50,False,above_range,True
2025-10-29,6942.00,6952.00,6936.25,open_drive,up,,6944.75,False,above_value,True,open_drive,up,,6944.75,False,above_value,True
2025-10-30,6893.00,6913.75,6867.75,open_auction_out,,va,6888.50,False,below_value,True,open_auction_out,,va,6888.50,False,below_value,True
2025-10-31,6902.00,6902.50,6873.75,open_auction_in,,,,False,in_value,True,open_auction_in,,,,False,in_value,True
2025-11-03,6908.25,6909.50,6852.75,open_rejection_reverse,down,va,6854.75,False,above_range,False,open_rejection_reverse,down,va,6854.75,False,above_value,False
2025-11-04,6810.25,6846.00,6795.75,open_auction_out,,a_blurred,6842.75,False,below_range,True,open_auction_out,,range,6842.75,False,below_range,True
2025-11-05,6798.50,6829.50,6789.75,open_auction_in,,,,False,in_value,True,open_auction_in,,,,False,in_value,True
2025-11-06,6812.25,6821.50,6772.00,open_drive,down,,6792.75,True,below_value,True,open_drive,down,,6792.75,True,below_value,True
2025-11-07,6723.50,6723.75,6683.50,open_drive,down,,6703.25,True,below_range,True,open_drive,down,,6703.25,True,below_range,True
2025-11-10,6815.75,6835.75,6813.50,open_drive,up,,6832.00,False,above_range,True,open_drive,up,,6832.00,False,above_range,True
2025-11-11,6842.50,6852.00,6831.50,open_auction_in,,,,False,in_value,True,open_auction_in,,,,False,in_value,True
2025-11-12,6891.25,6892.75,6871.00,open_auction_out,,range,6875.00,False,above_range,True,open_auction_out,,range,6875.00,False,above_range,True
2025-11-13,6847.25,6850.50,6817.00,open_auction_out,,a_blurred,6831.00,True,below_range,True,open_auction_out,,a_blurred,6831.00,True,below_range,True
2025-11-14,6692.00,6738.00,6670.50,open_auction_out,,a_blurred,6736.25,False,below_range,True,open_auction_out,,a_blurred,6736.25,False,below_range,True
2025-11-17,6734.25,6774.75,6726.50,open_rejection_reverse,up,va,6758.25,True,below_value,True,open_rejection_reverse,up,va,6758.25,True,below_value,True
2025-11-18,6656.75,6679.00,6603.25,open_drive,down,,6626.50,True,below_range,True,open_drive,down,,6626.50,True,below_range,True
2025-11-19,6642.50,6709.00,6635.75,open_auction_in,,,,False,in_value,False,open_auction_in,,,,False,in_value,False
2025-11-20,6765.00,6790.00,6760.25,open_drive,up,,6783.75,True,above_range,True,open_drive,up,,6783.75,True,above_range,True
2025-11-21,6581.50,6596.00,6554.50,open_auction_in,,,,False,in_value,True,open_auction_in,,,,False,in_value,True
2025-11-24,6657.75,6689.00,6646.75,open_auction_in,,,,False,in_value,True,open_auction_in,,,,False,in_value,False
2025-11-25,6716.50,6730.00,6674.50,open_auction_in,,,,False,in_value,True,open_auction_in,,,,False,in_value,True
2025-11-26,6805.00,6824.00,6795.75,open_auction_out,,a_blurred,6810.25,True,above_range,True,open_auction_out,,a_blurred,6810.25,True,above_range,True
2025-11-28,6834.25,6850.00,6831.25,open_auction_in,,,,False,in_value,True,open_auction_in,,,,False,in_value,True
2025-12-01,6813.50,6844.25,6812.75,open_auction_out,,va,6823.75,False,below_range,True,open_auction_out,,va,6823.75,False,below_range,True
2025-12-02,6844.25,6857.75,6838.75,open_auction_in,,,,False,in_value,True,open_auction_in,,,,False,in_value,True
2025-12-03,6829.25,6847.25,6820.25,open_rejection_reverse,up,va,6840.50,False,below_value,False,open_rejection_reverse,up,va,6840.50,False,below_value,False
2025-12-04,6876.25,6876.75,6844.50,open_rejection_reverse,down,va,6858.75,False,above_range,False,open_rejection_reverse,down,va,6858.75,False,above_range,False
2025-12-05,6875.25,6904.00,6874.00,open_drive,up,,6899.75,True,above_value,False,open_drive,up,,6899.75,True,above_value,False
2025-12-08,6885.75,6886.25,6858.00,open_auction_in,,,,False,in_value,True,open_auction_in,,,,False,in_value,True
2025-12-09,6850.50,6868.50,6847.25,open_auction_in,,,,False,in_value,True,open_auction_in,,,,False,in_value,True
2025-12-10,6843.50,6852.50,6830.75,open_auction_out,,va,6847.50,False,below_range,False,open_rejection_reverse,up,va,6847.50,False,below_value,False
2025-12-11,6868.00,6884.75,6838.00,open_auction_in,,,,False,in_value,True,open_auction_in,,,,False,in_value,True
2025-12-12,6896.25,6903.00,6850.00,open_auction_in,,,,False,in_value,True,open_auction_in,,,,False,in_value,True
2025-12-15,6871.00,6871.75,6806.25,open_rejection_reverse,down,va,6811.75,False,above_value,False,open_rejection_reverse,down,va,6811.75,False,above_value,False
2025-12-16,6805.25,6823.75,6777.00,open_auction_out,,va,6789.50,False,below_range,True,open_auction_out,,va,6789.50,False,below_range,True
2025-12-17,6865.50,6871.25,6841.50,open_rejection_reverse,down,va,6854.50,False,above_value,False,open_rejection_reverse,down,va,6854.50,False,above_value,False
2025-12-18,6839.75,6855.25,6820.50,open_test_drive,up,va,6854.25,True,above_value,True,open_test_drive,up,va,6854.25,True,above_value,True
2025-12-19,6847.25,6887.50,6845.75,open_auction_in,,,,False,in_value,False,open_auction_in,,,,False,in_value,False
2025-12-22,6921.75,6927.75,6911.00,open_auction_out,,a_blurred,6920.00,True,above_range,True,open_auction_out,,a_blurred,6920.00,True,above_range,True
2025-12-23,6919.25,6943.50,6918.75,open_rejection_reverse,up,va,6933.25,False,below_value,False,open_rejection_reverse,up,va,6933.25,False,below_value,False
2025-12-24,6959.00,6972.25,6957.25,open_auction_in,,,,False,in_value,False,open_auction_in,,,,False,in_value,False
2025-12-26,6983.50,6994.00,6973.00,open_auction_in,,,,False,in_value,True,open_auction_in,,,,False,in_value,True
2025-12-29,6951.25,6967.75,6943.50,open_drive,down,,6955.00,False,below_range,True,open_drive,down,,6955.00,False,below_range,True
2025-12-30,6949.75,6960.75,6942.25,open_auction_in,,,,False,in_value,True,open_auction_in,,,,False,in_value,True
2025-12-31,6945.25,6947.50,6921.50,open_test_drive,down,va,6927.75,True,below_value,False,open_auction_in,,,,False,in_value,False
2026-01-02,6927.75,6939.75,6885.25,open_auction_in,,,,False,in_value,True,open_auction_in,,,,False,in_value,True
2026-01-05,6934.25,6955.25,6932.75,open_drive,up,,6954.25,True,above_value,True,open_drive,up,,6954.25,True,above_value,True
2026-01-06,6946.75,6977.25,6945.50,open_auction_in,,,,False,in_value,False,open_auction_in,,,,False,in_value,False
2026-01-07,6989.00,6998.25,6978.00,open_auction_out,,va,6983.50,False,above_value,True,open_auction_out,,va,6983.50,False,above_value,True
2026-01-08,6953.75,6966.00,6940.00,open_auction_out,,range,6962.25,False,below_range,True,open_auction_out,,range,6962.25,False,below_range,True
2026-01-09,6970.25,6998.50,6955.75,open_test_drive,up,va,6996.25,True,above_value,True,open_test_drive,up,va,6996.25,True,above_value,True
2026-01-12,6969.50,7002.75,6968.75,open_rejection_reverse,up,va,6999.25,False,below_value,False,open_rejection_reverse,up,va,6999.25,False,below_value,False
2026-01-13,7018.50,7024.25,6983.50,open_auction_in,,,,False,in_value,True,open_rejection_reverse,down,va,6990.00,False,above_value,False
2026-01-14,6972.25,6979.75,6938.25,open_drive,down,,6949.75,True,below_range,True,open_drive,down,,6949.75,True,below_value,True
2026-01-15,7009.00,7010.00,6994.50,open_drive,up,,7002.00,True,above_range,True,open_drive,up,,7002.00,True,above_range,True
2026-01-16,6996.50,7002.25,6974.50,open_auction_in,,,,False,in_value,False,open_auction_in,,,,False,in_value,False
2026-01-20,6871.75,6897.00,6865.75,open_auction_out,,a_blurred,6895.50,False,below_range,True,open_auction_out,,a_blurred,6895.50,False,below_range,True
2026-01-21,6852.75,6891.00,6845.50,open_rejection_reverse,up,va,6887.00,False,below_value,False,open_rejection_reverse,up,va,6887.00,False,below_value,False
2026-01-22,6956.00,6964.50,6925.50,open_auction_out,,range,6941.00,False,above_range,False,open_auction_out,,range,6941.00,False,above_range,False
2026-01-23,6935.00,6952.50,6925.00,open_rejection_reverse,up,va,6946.75,False,below_value,True,open_rejection_reverse,up,va,6946.75,False,below_value,True
2026-01-26,6957.75,6988.00,6952.00,open_auction_in,,,,False,in_value,False,open_auction_in,,,,False,in_value,False
2026-01-27,6994.25,7007.75,6988.25,open_test_drive,up,va,7000.75,True,above_value,False,open_test_drive,up,va,7000.75,True,above_value,False
2026-01-28,7022.75,7031.00,7012.50,open_rejection_reverse,down,va,7017.25,False,above_range,True,open_rejection_reverse,down,va,7017.25,False,above_range,True
2026-01-29,7015.00,7021.50,6938.75,open_auction_in,,,,False,in_value,False,open_auction_in,,,,False,in_value,False
2026-01-30,6966.25,6989.00,6960.25,open_auction_in,,,,False,in_value,True,open_auction_in,,,,False,in_value,True
2026-02-02,6943.50,7005.00,6941.75,open_auction_in,,,,False,in_value,True,open_auction_in,,,,False,in_value,True
2026-02-03,7009.50,7017.00,6954.25,open_auction_in,,,,False,in_value,False,open_auction_in,,,,False,in_value,False
2026-02-04,6949.25,6960.75,6910.50,open_auction_in,,,,False,in_value,True,open_auction_in,,,,False,in_value,True
2026-02-05,6853.50,6881.25,6805.00,open_drive,down,,6810.00,True,below_range,True,open_test_drive,down,va,6810.00,True,below_range,True
2026-02-06,6856.25,6907.25,6850.25,open_auction_in,,,,False,in_value,False,open_auction_in,,,,False,in_value,False
2026-02-09,6935.50,6970.75,6924.25,open_auction_in,,,,False,in_value,False,open_auction_in,,,,False,in_value,False
2026-02-10,6989.75,7005.00,6975.00,open_auction_in,,,,False,in_value,True,open_auction_in,,,,False,in_value,True
2026-02-11,7003.75,7011.50,6931.00,open_rejection_reverse,down,va,6936.25,False,above_value,False,open_rejection_reverse,down,va,6936.25,False,above_value,False
2026-02-12,6981.50,6992.75,6960.25,open_rejection_reverse,down,va,6969.50,False,above_value,False,open_rejection_reverse,down,va,6969.50,False,above_value,False
2026-02-13,6851.50,6869.00,6808.75,open_auction_in,,,,False,in_value,True,open_auction_in,,,,False,in_value,True
2026-02-17,6835.00,6862.00,6796.25,open_test_drive,down,va,6806.75,True,below_value,True,open_test_drive,down,va,6806.75,True,below_value,True
2026-02-18,6873.75,6919.00,6861.50,open_auction_in,,,,False,in_value,False,open_auction_in,,,,False,in_value,True
2026-02-19,6870.75,6894.50,6857.00,open_auction_out,,va,6871.50,False,below_value,True,open_auction_out,,va,6871.50,False,below_value,True
2026-02-20,6852.75,6925.00,6847.25,open_rejection_reverse,up,va,6898.75,False,below_value,False,open_rejection_reverse,up,va,6898.75,False,below_value,False
2026-02-23,6908.00,6930.25,6872.25,open_auction_in,,,,False,in_value,True,open_auction_in,,,,False,in_value,True
2026-02-24,6847.50,6893.25,6828.50,open_auction_in,,,,False,in_value,True,open_auction_in,,,,False,in_value,True
2026-02-25,6930.50,6949.00,6929.75,open_drive,up,,6940.25,False,above_range,True,open_drive,up,,6940.25,False,above_range,True
2026-02-26,6961.00,6961.25,6874.50,open_rejection_reverse,down,va,6884.00,False,above_value,False,open_rejection_reverse,down,va,6884.00,False,above_value,False
2026-02-27,6855.75,6880.00,6841.50,open_auction_out,,range,6870.25,False,below_range,True,open_auction_out,,range,6870.25,False,below_range,True
2026-03-02,6811.00,6877.75,6804.50,open_rejection_reverse,up,va,6858.50,False,below_range,False,open_rejection_reverse,up,va,6858.50,False,below_range,False
2026-03-03,6772.75,6794.00,6718.75,open_drive,down,,6720.75,False,below_range,True,open_drive,down,,6720.75,False,below_range,True
2026-03-04,6838.75,6886.25,6817.75,open_auction_in,,,,False,in_value,True,open_auction_in,,,,False,in_value,True
2026-03-05,6842.25,6877.50,6824.50,open_test_drive,down,va,6829.50,True,below_value,True,open_test_drive,down,va,6829.50,True,below_value,True
2026-03-06,6752.25,6762.00,6715.75,open_auction_out,,a_blurred,6760.00,False,below_range,True,open_auction_out,,a_blurred,6760.00,False,below_range,True
2026-03-09,6681.50,6693.75,6641.00,open_drive,down,,6658.00,False,below_range,True,open_drive,down,,6658.00,False,below_range,True
2026-03-10,6795.00,6806.00,6765.00,open_test_drive,up,a_extreme,6794.00,True,above_value,True,open_test_drive,up,a_extreme,6794.00,True,above_value,True
2026-03-11,6792.50,6818.00,6768.50,open_auction_in,,,,False,in_value,True,open_auction_in,,,,False,in_value,True
2026-03-12,6726.75,6732.00,6696.00,open_drive,down,,6696.25,True,below_range,True,open_drive,down,,6696.25,True,below_range,True
2026-03-13,6706.50,6737.50,6691.25,open_auction_in,,,,False,in_value,True,open_auction_in,,,,False,in_value,True
2026-03-16,6697.25,6728.00,6690.50,open_drive,up,,6716.25,False,above_value,True,open_drive,up,,6716.25,False,above_value,True
2026-03-17,6736.75,6757.50,6728.25,open_auction_out,,range,6738.50,False,above_range,True,open_auction_out,,range,6738.50,False,above_range,True
2026-03-18,6746.50,6759.75,6719.25,open_drive,down,,6721.75,True,below_range,True,open_drive,down,,6721.75,True,below_range,True
2026-03-19,6629.25,6655.50,6611.75,open_auction_out,,a_blurred,6623.50,False,below_range,True,open_auction_out,,a_blurred,6623.50,False,below_range,True
2026-03-20,6642.75,6643.00,6590.25,open_auction_in,,,,False,in_value,False,open_auction_in,,,,False,in_value,False
2026-03-23,6658.00,6701.50,6638.00,open_drive,up,,6688.00,True,above_range,True,open_drive,up,,6688.00,True,above_range,True
2026-03-24,6589.25,6611.75,6573.50,open_auction_out,,a_blurred,6600.00,False,below_range,True,open_auction_out,,a_blurred,6600.00,False,below_range,True
2026-03-25,6661.75,6684.75,6631.25,open_auction_out,,va,6657.00,False,above_range,True,open_auction_out,,va,6657.00,False,above_range,True
2026-03-26,6593.00,6622.00,6579.75,open_auction_out,,range,6609.25,False,below_range,True,open_auction_out,,range,6609.25,False,below_range,True
2026-03-27,6494.75,6495.75,6454.00,open_drive,down,,6459.50,True,below_range,True,open_drive,down,,6459.50,True,below_range,True
2026-03-30,6467.75,6471.25,6413.75,open_auction_in,,,,False,in_value,False,open_auction_in,,,,False,in_value,False
2026-03-31,6457.25,6497.25,6450.50,open_auction_out,,va,6492.75,False,above_value,False,open_auction_out,,va,6492.75,False,above_value,False
2026-04-01,6606.25,6628.50,6598.00,open_drive,up,,6618.50,True,above_range,True,open_drive,up,,6618.50,True,above_range,True
2026-04-02,6527.75,6575.00,6514.25,open_auction_out,,a_blurred,6567.75,False,below_range,True,open_auction_out,,a_blurred,6567.75,False,below_range,True
2026-04-06,6621.75,6661.00,6617.75,open_auction_in,,,,False,in_value,True,open_auction_in,,,,False,in_value,True
2026-04-07,6629.50,6639.00,6581.50,open_auction_in,,,,False,in_value,False,open_auction_in,,,,False,in_value,False
2026-04-08,6829.50,6836.75,6805.00,open_drive,up,,6806.50,False,above_range,True,open_drive,up,,6806.50,False,above_range,True
2026-04-09,6812.75,6821.75,6803.00,open_auction_in,,,,False,in_value,True,open_auction_in,,,,False,in_value,True
2026-04-10,6875.00,6881.50,6862.50,open_auction_in,,,,False,in_value,True,open_auction_in,,,,False,in_value,True
2026-04-13,6834.75,6861.50,6826.50,open_rejection_reverse,up,va,6857.00,False,below_range,True,open_rejection_reverse,up,va,6857.00,False,below_range,True
2026-04-14,6937.75,6972.25,6937.50,open_drive,up,,6971.75,True,above_range,True,open_drive,up,,6971.75,True,above_range,True
2026-04-15,7014.25,7031.00,7004.00,open_test_drive,up,va,7031.00,True,above_range,True,open_test_drive,up,va,7031.00,True,above_range,True
2026-04-16,7071.50,7074.00,7046.50,open_test_drive,up,range,7052.50,True,above_range,False,open_test_drive,up,range,7052.50,True,above_range,False
2026-04-17,7121.25,7155.75,7117.00,open_drive,up,,7153.25,True,above_range,True,open_drive,up,,7153.25,True,above_range,True
2026-04-20,7148.25,7159.50,7142.25,open_test_drive,down,va,7149.75,True,below_value,True,open_test_drive,down,va,7149.75,True,below_value,True
2026-04-21,7162.50,7172.50,7147.00,open_auction_out,,va,7165.50,False,above_range,True,open_auction_out,,va,7165.50,False,above_range,True
2026-04-22,7150.25,7166.25,7140.75,open_drive,up,,7164.50,False,above_value,True,open_drive,up,,7164.50,False,above_value,True
2026-04-23,7152.25,7171.00,7149.00,open_auction_in,,,,False,in_value,True,open_auction_in,,,,False,in_value,True
2026-04-24,7162.50,7166.75,7145.00,open_auction_in,,,,False,in_value,True,open_auction_in,,,,False,in_value,True
2026-04-27,7186.25,7198.50,7180.25,open_auction_in,,,,False,in_value,True,open_auction_in,,,,False,in_value,True
2026-04-28,7172.00,7183.00,7161.75,open_test_drive,down,range,7166.50,True,below_range,True,open_test_drive,down,va,7166.50,True,below_value,True
2026-04-29,7163.25,7169.75,7149.50,open_auction_in,,,,False,in_value,True,open_auction_in,,,,False,in_value,True
2026-04-30,7200.00,7200.75,7157.25,open_auction_out,,va,7173.25,False,above_range,True,open_auction_out,,va,7173.25,False,above_range,False
2026-05-01,7264.50,7300.75,7258.75,open_drive,up,,7294.50,False,above_range,True,open_drive,up,,7294.50,False,above_range,True
2026-05-04,7250.50,7267.00,7242.25,open_test_drive,down,va,7262.25,True,below_range,True,open_test_drive,down,va,7262.25,True,below_range,True
2026-05-05,7267.50,7286.25,7264.25,open_drive,up,,7282.50,False,above_value,True,open_drive,up,,7282.50,False,above_value,True
2026-05-06,7331.00,7356.50,7327.25,open_drive,up,,7350.00,True,above_range,True,open_drive,up,,7350.00,True,above_range,True
2026-05-07,7399.25,7400.25,7383.75,open_test_drive,up,range,7393.75,True,above_range,True,open_test_drive,up,range,7393.75,True,above_range,True
2026-05-08,7395.75,7422.75,7391.75,open_auction_out,,va,7415.25,False,above_value,True,open_drive,up,,7415.25,False,above_value,True
2026-05-11,7410.00,7442.00,7410.00,open_auction_in,,,,False,in_value,False,open_auction_in,,,,False,in_value,False
2026-05-12,7414.00,7417.50,7390.50,open_drive,down,,7394.25,True,below_value,False,open_drive,down,,7394.25,True,below_value,False
2026-05-13,7429.25,7432.00,7399.00,open_test_drive,up,va,7427.50,True,above_value,True,open_test_drive,up,va,7427.50,True,above_value,True
2026-05-14,7481.00,7508.00,7479.75,open_auction_in,,,,False,in_value,False,open_auction_in,,,,False,in_value,False
2026-05-15,7459.50,7467.75,7420.25,open_auction_out,,a_blurred,7452.25,False,below_range,True,open_auction_out,,a_blurred,7452.25,False,below_range,True
2026-05-18,7438.50,7454.25,7415.25,open_auction_in,,,,False,in_value,True,open_auction_in,,,,False,in_value,True
2026-05-19,7386.75,7402.00,7356.25,open_auction_in,,,,False,in_value,True,open_auction_in,,,,False,in_value,True
2026-05-20,7395.00,7423.75,7376.75,open_auction_in,,,,False,in_value,True,open_auction_in,,,,False,in_value,True
2026-05-21,7423.75,7443.75,7410.50,open_auction_in,,,,False,in_value,True,open_auction_in,,,,False,in_value,True
2026-05-22,7496.75,7516.25,7478.75,open_auction_out,,range,7491.25,False,above_range,True,open_auction_out,,range,7491.25,False,above_range,True
2026-05-26,7534.00,7552.75,7525.00,open_drive,up,,7549.75,True,above_range,True,open_drive,up,,7549.75,True,above_range,True
2026-05-27,7542.00,7547.00,7525.50,open_auction_in,,,,False,in_value,True,open_auction_in,,,,False,in_value,True
2026-05-28,7535.25,7574.00,7525.25,open_auction_in,,,,False,in_value,True,open_auction_in,,,,False,in_value,True
2026-05-29,7590.75,7611.50,7586.75,open_drive,up,,7597.00,False,above_range,True,open_drive,up,,7597.00,False,above_range,True
2026-06-01,7583.00,7596.75,7576.25,open_rejection_reverse,up,va,7587.00,False,below_value,True,open_rejection_reverse,up,va,7587.00,False,below_value,True
2026-06-02,7598.25,7612.50,7595.50,open_auction_in,,,,False,in_value,True,open_auction_in,,,,False,in_value,True
2026-06-03,7608.50,7614.75,7574.00,open_auction_out,,va,7595.00,False,below_value,True,open_auction_out,,va,7595.00,False,below_value,True
2026-06-04,7548.25,7570.50,7541.75,open_auction_out,,va,7568.00,False,below_range,True,open_auction_out,,va,7568.00,False,below_range,True
2026-06-05,7547.75,7553.00,7505.75,open_drive,down,,7516.25,True,below_value,False,open_drive,down,,7516.25,True,below_value,False
2026-06-08,7457.25,7469.25,7429.00,open_auction_in,,,,False,in_value,True,open_auction_in,,,,False,in_value,True
2026-06-09,7458.50,7491.00,7415.25,open_auction_in,,,,False,in_value,True,open_auction_in,,,,False,in_value,True
2026-06-10,7355.00,7404.75,7335.25,open_auction_in,,,,False,in_value,True,open_auction_in,,,,False,in_value,True
2026-06-11,7308.00,7335.75,7283.00,open_auction_in,,,,False,in_value,True,open_auction_in,,,,False,in_value,True
2026-06-12,7423.50,7427.75,7366.50,open_test_drive,up,range,7412.50,True,above_range,True,open_test_drive,up,va,7412.50,True,above_value,True
2026-06-15,7535.00,7557.75,7534.25,open_drive,up,,7553.25,True,above_range,True,open_drive,up,,7553.25,True,above_range,True
2026-06-16,7561.50,7570.50,7546.50,open_auction_in,,,,False,in_value,True,open_auction_in,,,,False,in_value,True
2026-06-17,7595.75,7604.25,7578.50,open_rejection_reverse,up,va,7599.25,True,below_value,True,open_rejection_reverse,up,va,7599.25,True,below_value,True
2026-06-18,7577.25,7581.50,7535.50,open_auction_in,,,,False,in_value,True,open_auction_in,,,,False,in_value,True
2026-06-22,7573.25,7599.25,7560.25,open_rejection_reverse,down,va,7561.25,False,above_value,True,open_auction_in,,,,False,in_value,True
2026-06-23,7429.50,7491.00,7415.25,open_auction_out,,a_blurred,7483.75,False,below_range,True,open_auction_out,,a_blurred,7483.75,False,below_range,True
2026-06-24,7447.25,7472.25,7436.50,open_auction_in,,,,False,in_value,True,open_auction_in,,,,False,in_value,True
2026-06-25,7485.75,7490.50,7390.50,open_rejection_reverse,down,va,7451.00,False,above_value,False,open_rejection_reverse,down,va,7451.00,False,above_value,False
2026-06-26,7380.75,7436.25,7360.00,open_rejection_reverse,up,va,7428.50,False,below_range,False,open_rejection_reverse,up,va,7428.50,False,below_range,False
2026-06-29,7457.25,7490.00,7409.00,open_auction_out,,va,7449.75,False,above_value,True,open_auction_in,,,,False,in_value,True
2026-06-30,7500.00,7533.50,7495.75,open_auction_in,,,,False,in_value,False,open_auction_in,,,,False,in_value,False
2026-07-01,7532.25,7553.75,7505.75,open_auction_in,,,,False,in_value,True,open_auction_in,,,,False,in_value,True
2026-07-02,7555.25,7593.75,7551.50,open_auction_in,,,,False,in_value,True,open_auction_in,,,,False,in_value,True
2026-07-06,7564.75,7579.00,7552.50,open_test_drive,up,va,7578.75,True,above_value,True,open_test_drive,up,va,7578.75,True,above_value,True
2026-07-07,7580.75,7587.50,7538.50,open_auction_in,,,,False,in_value,True,open_auction_in,,,,False,in_value,True
2026-07-08,7507.00,7524.75,7501.75,open_drive,down,,7506.00,True,below_range,True,open_drive,down,,7506.00,True,below_range,True
2026-07-09,7546.75,7566.50,7529.50,open_test_drive,up,va,7552.75,True,above_range,True,open_test_drive,up,va,7552.75,True,above_range,True
2026-07-10,7592.25,7605.75,7590.00,open_auction_in,,,,False,in_value,True,open_auction_in,,,,False,in_value,True
2026-07-13,7595.50,7610.50,7573.50,open_auction_in,,,,False,in_value,True,open_auction_in,,,,False,in_value,True
2026-07-14,7579.50,7588.25,7556.50,open_auction_in,,,,False,in_value,True,open_auction_in,,,,False,in_value,True
2026-07-15,7612.50,7626.25,7601.25,open_auction_out,,range,7616.50,False,above_range,True,open_auction_out,,range,7616.50,False,above_range,True
2026-07-16,7597.00,7613.00,7575.50,open_auction_in,,,,False,in_value,True,open_auction_in,,,,False,in_value,True
2026-07-17,7485.25,7539.00,7473.00,open_auction_out,,a_blurred,7529.25,False,below_range,True,open_auction_out,,a_blurred,7529.25,False,below_range,True
2026-07-20,7534.50,7552.00,7506.00,open_auction_in,,,,False,in_value,True,open_auction_in,,,,False,in_value,True
2026-07-21,7526.00,7533.25,7504.50,open_auction_in,,,,False,in_value,True,open_auction_in,,,,False,in_value,True
2026-07-22,7527.75,7556.25,7525.25,open_auction_in,,,,False,in_value,True,open_auction_in,,,,False,in_value,True
2026-07-23,7453.50,7486.25,7445.00,open_drive,down,,7457.75,True,below_range,True,open_drive,down,,7457.75,True,below_range,True
2026-07-24,7444.00,7458.50,7431.50,open_auction_in,,,,False,in_value,True,open_auction_in,,,,False,in_value,True
2026-07-27,7507.75,7514.00,7439.75,open_rejection_reverse,down,va,7440.75,False,above_range,False,open_rejection_reverse,down,va,7440.75,False,above_range,False
2026-07-28,7449.75,7452.50,7417.00,open_auction_in,,,,False,in_value,True,open_auction_in,,,,False,in_value,True
2026-07-29,7456.25,7461.00,7398.25,open_auction_in,,,,False,in_value,False,open_auction_in,,,,False,in_value,False
2026-07-30,7414.50,7446.50,7399.75,open_auction_in,,,,False,in_value,True,open_auction_in,,,,False,in_value,True
2026-07-31,7499.00,7515.50,7427.50,open_auction_out,,va,7456.00,False,above_range,False,open_auction_out,,va,7456.00,False,above_range,False
2026-08-03,7546.25,7600.00,7542.75,open_drive,up,,7597.25,True,above_range,True,open_drive,up,,7597.25,True,above_range,True
2026-08-04,7657.50,7706.25,7656.00,open_drive,up,,7697.00,True,above_range,True,open_drive,up,,7697.00,True,above_range,True
2026-08-05,7809.75,7820.25,7795.00,open_drive,up,,7799.75,False,above_range,True,open_drive,up,,7799.75,False,above_range,True
2026-08-06,7752.00,7768.50,7740.25,open_auction_in,,,,False,in_value,True,open_auction_in,,,,False,in_value,True
2026-08-07,7757.25,7780.50,7743.50,open_test_drive,up,va,7779.50,True,above_value,True,open_auction_in,,,,False,in_value,True
2026-08-10,7773.00,7791.25,7771.25,open_auction_in,,,,False,in_value,True,open_auction_in,,,,False,in_value,True
2026-08-11,7791.75,7792.50,7771.75,open_rejection_reverse,down,va,7784.75,False,above_value,False,open_rejection_reverse,down,va,7784.75,False,above_value,False
2026-08-12,7791.75,7794.00,7763.50,open_rejection_reverse,down,va,7772.50,False,above_value,True,open_rejection_reverse,down,va,7772.50,False,above_value,False
2026-08-13,7793.25,7837.00,7785.50,open_drive,up,,7836.50,True,above_value,False,open_test_drive,up,va,7836.50,True,above_value,True
2026-08-14,7827.75,7830.75,7813.75,open_auction_in,,,,False,in_value,True,open_auction_in,,,,False,in_value,True
2026-08-17,7803.00,7809.50,7791.00,open_auction_in,,,,False,in_value,True,open_auction_in,,,,False,in_value,True
2026-08-18,7726.25,7735.25,7716.50,open_drive,down,,7726.50,True,below_range,True,open_drive,down,,7726.50,True,below_range,True
2026-08-19,7743.50,7746.00,7720.75,open_test_drive,up,va,7739.50,True,above_range,True,open_test_drive,up,va,7739.50,True,above_range,True
2026-08-20,7698.00,7716.25,7691.75,open_drive,down,,7700.25,False,below_range,True,open_drive,down,,7700.25,False,below_range,True
2026-08-21,7695.75,7696.00,7676.75,open_auction_in,,,,False,in_value,True,open_auction_in,,,,False,in_value,True
2026-08-24,7681.75,7682.75,7655.00,open_drive,down,,7663.25,False,below_value,False,open_drive,down,,7663.25,False,below_value,True
2026-08-25,7695.00,7701.25,7680.00,open_rejection_reverse,down,va,7680.00,False,above_range,True,open_rejection_reverse,down,va,7680.00,False,above_range,True
2026-08-26,7678.75,7702.50,7678.75,open_auction_in,,,,False,in_value,True,open_auction_in,,,,False,in_value,True
2026-08-27,7716.25,7730.25,7702.75,open_drive,up,,7728.50,True,above_range,True,open_drive,up,,7728.50,True,above_range,True
2026-08-28,7746.25,7760.50,7726.50,open_rejection_reverse,down,va,7742.00,True,above_value,True,open_rejection_reverse,down,va,7742.00,True,above_value,True
2026-08-31,7701.25,7704.25,7674.75,open_drive,down,,7676.75,False,below_range,True,open_drive,down,,7676.75,False,below_range,True
2026-09-01,7647.00,7667.75,7638.75,open_auction_out,,a_blurred,7664.75,False,below_range,True,open_auction_out,,a_blurred,7664.75,False,below_range,True
2026-09-02,7650.50,7682.50,7643.00,open_auction_in,,,,False,in_value,True,open_auction_in,,,,False,in_value,True
2026-09-03,7704.25,7726.50,7700.50,open_auction_out,,a_blurred,7712.25,True,above_range,True,open_auction_out,,a_blurred,7712.25,True,above_range,True
2026-09-04,7742.00,7751.00,7729.50,open_auction_in,,,,False,in_value,True,open_auction_in,,,,False,in_value,True
2026-09-08,7711.50,7717.75,7680.00,open_auction_out,,va,7687.25,False,below_range,True,open_auction_in,,,,False,in_value,False
2026-09-09,7660.75,7663.75,7644.50,open_drive,down,,7659.50,True,below_range,True,open_drive,down,,7659.50,True,below_range,True
2026-09-10,7599.00,7620.00,7585.50,open_auction_out,,a_blurred,7606.25,False,below_range,True,open_auction_out,,a_blurred,7606.25,False,below_range,True
2026-09-11,7665.00,7682.00,7659.75,open_drive,up,,7675.00,False,above_range,True,open_drive,up,,7675.00,False,above_range,True
2026-09-14,7606.50,7627.00,7597.75,open_auction_out,,a_blurred,7604.00,True,below_range,True,open_auction_out,,a_blurred,7604.00,True,below_range,True
2026-09-15,7616.75,7619.00,7586.75,open_auction_in,,,,False,in_value,False,open_auction_in,,,,False,in_value,False
