key,start,end,n_days,n_blocks,contract,roll_inside,spread_applied,open,high,low,close,volume,row,n_rows,poc,vah,val,tpo_count,tail_up_rows,tail_down_rows,unconfirmed_up,unconfirmed_down,poor_high,poor_low,sp_above_poc,sp_below_poc,vpoc,vvah,vval,prev_high,prev_low,prev_close,prev_poc,prev_vah,prev_val
2010-06-07,2010-06-07,2010-06-11,5,30,6640,False,0.00,1061.25,1092.25,1041.25,1089.50,10831641,1.50,35,1056.00,1072.50,1047.00,247,0,2,True,False,False,False,0,0,1066.50,1071.00,1045.50,,,,,,
2010-06-14,2010-06-14,2010-06-18,5,30,26714,True,-4.25,1086.25,1117.50,1084.25,1110.25,10316063,1.50,24,1107.00,1117.50,1095.00,164,0,0,False,False,False,True,0,0,1110.00,1114.50,1098.00,1088.00,1037.00,1085.25,1051.75,1068.25,1042.75
2010-06-21,2010-06-21,2010-06-25,5,30,26714,False,0.00,1116.00,1129.50,1062.75,1074.75,11674359,1.50,46,1074.00,1108.50,1062.00,212,0,2,False,False,False,False,3,0,1072.50,1104.00,1063.50,1117.50,1084.25,1110.25,1107.00,1117.50,1095.00
2010-06-28,2010-06-28,2010-07-02,5,30,26714,False,0.00,1074.25,1079.75,1006.00,1014.25,12883551,1.50,50,1024.50,1047.00,1009.50,227,0,3,False,False,True,False,4,0,1021.50,1041.00,1006.50,1129.50,1062.75,1074.75,1074.00,1108.50,1062.00
2010-07-05,2010-07-05,2010-07-09,5,29,26714,False,0.00,1015.00,1075.00,1002.75,1071.75,8504786,1.50,49,1015.50,1059.00,1003.50,183,0,3,True,False,False,False,7,0,1066.50,1074.00,1033.50,1079.75,1006.00,1014.25,1024.50,1047.00,1009.50
2010-07-12,2010-07-12,2010-07-16,5,30,26714,False,0.00,1071.50,1099.25,1059.00,1063.25,10234270,1.50,27,1089.00,1099.50,1077.00,191,0,0,False,True,True,False,0,0,1090.50,1095.00,1072.50,1075.00,1002.75,1071.75,1015.50,1059.00,1003.50
2010-07-19,2010-07-19,2010-07-23,5,30,26714,False,0.00,1061.75,1101.50,1050.75,1101.00,10700204,1.50,35,1063.50,1086.00,1057.50,205,0,3,True,False,False,False,0,0,1089.00,1093.50,1065.00,1099.25,1059.00,1063.25,1089.00,1099.50,1077.00
2010-07-26,2010-07-26,2010-07-30,5,30,26714,False,0.00,1101.25,1118.75,1083.50,1100.25,9377824,1.50,24,1108.50,1113.00,1096.50,173,0,3,False,False,True,False,0,0,1108.50,1113.00,1096.50,1101.50,1050.75,1101.00,1063.50,1086.00,1057.50
2010-08-02,2010-08-02,2010-08-06,5,30,26714,False,0.00,1104.50,1127.75,1101.75,1119.75,8193803,1.50,18,1119.00,1126.50,1113.00,157,0,0,False,False,True,False,0,0,1119.00,1123.50,1113.00,1118.75,1083.50,1100.25,1108.50,1113.00,1096.50
2010-08-09,2010-08-09,2010-08-13,5,30,26714,False,0.00,1120.00,1126.75,1070.50,1075.75,9318952,1.50,39,1081.50,1116.00,1069.50,180,0,2,False,False,False,False,3,0,1080.00,1111.50,1071.00,1127.75,1101.75,1119.75,1119.00,1126.50,1113.00
2010-08-16,2010-08-16,2010-08-20,5,30,26714,False,0.00,1077.50,1098.50,1061.75,1071.00,9419697,1.00,38,1087.00,1098.00,1073.00,267,0,2,False,False,True,False,0,0,1073.00,1088.00,1063.00,1126.75,1070.50,1075.75,1081.50,1116.00,1069.50
2010-08-23,2010-08-23,2010-08-27,5,30,26714,False,0.00,1070.00,1080.25,1037.00,1064.00,10994975,1.00,44,1049.00,1062.00,1043.00,271,2,0,False,False,False,True,0,0,1053.00,1058.00,1043.00,1098.50,1061.75,1071.00,1087.00,1098.00,1073.00
2010-08-30,2010-08-30,2010-09-03,5,30,26714,False,0.00,1064.50,1104.50,1037.50,1103.25,9907271,1.00,68,1079.00,1105.00,1055.00,242,0,2,False,False,True,False,0,2,1077.00,1092.00,1047.00,1080.25,1037.00,1064.00,1049.00,1062.00,1043.00
2010-09-06,2010-09-06,2010-09-10,5,29,26714,False,0.00,1103.75,1112.00,1086.25,1109.50,4849024,1.00,27,1104.00,1109.00,1096.00,188,2,0,False,False,False,False,0,0,1093.00,1104.00,1091.00,1104.50,1037.50,1103.25,1079.00,1105.00,1055.00
2010-09-13,2010-09-13,2010-09-17,5,30,3076,True,-5.00,1107.50,1132.75,1107.00,1119.50,8649135,1.00,26,1117.00,1120.00,1111.00,205,0,2,False,False,False,False,0,0,1116.00,1121.00,1114.00,1107.00,1081.25,1104.50,1099.00,1104.00,1091.00
2010-09-20,2010-09-20,2010-09-24,5,30,3076,False,0.00,1118.50,1144.50,1117.00,1143.00,9840620,1.00,28,1132.00,1139.00,1122.00,234,0,0,False,False,True,True,0,0,1137.00,1142.00,1127.00,1132.75,1107.00,1119.50,1117.00,1120.00,1111.00
2010-09-27,2010-09-27,2010-10-01,5,30,3076,False,0.00,1144.00,1153.50,1127.25,1142.25,10386623,1.00,27,1140.00,1145.00,1136.00,252,4,4,False,False,False,False,0,0,1139.00,1144.00,1137.00,1144.50,1117.00,1143.00,1132.00,1139.00,1122.00
2010-10-04,2010-10-04,2010-10-08,5,30,3076,False,0.00,1143.25,1164.00,1127.00,1160.50,9719570,1.00,38,1156.00,1161.00,1140.00,232,0,0,False,False,False,True,0,0,1155.00,1162.00,1149.00,1153.50,1127.25,1142.25,1140.00,1145.00,1136.00
2010-10-11,2010-10-11,2010-10-15,5,30,3076,False,0.00,1161.50,1181.00,1151.75,1175.00,10100327,1.00,31,1173.00,1178.00,1161.00,226,0,0,False,False,False,True,0,0,1173.00,1178.00,1163.00,1164.00,1127.00,1160.50,1156.00,1161.00,1140.00
2010-10-18,2010-10-18,2010-10-22,5,30,3076,False,0.00,1174.25,1186.25,1155.50,1181.25,10416970,1.00,32,1176.00,1179.00,1166.00,238,4,5,False,False,False,False,0,0,1178.00,1181.00,1168.00,1181.00,1151.75,1175.00,1173.00,1178.00,1161.00
2010-10-25,2010-10-25,2010-10-29,5,30,3076,False,0.00,1180.75,1193.00,1167.75,1180.50,9500507,1.00,27,1179.00,1184.00,1173.00,217,0,4,False,False,True,False,0,0,1179.00,1186.00,1175.00,1186.25,1155.50,1181.25,1176.00,1179.00,1166.00
2010-11-01,2010-11-01,2010-11-05,5,30,3076,False,0.00,1180.50,1224.50,1173.75,1222.25,10355751,1.00,52,1192.00,1203.00,1174.00,211,0,6,False,False,False,False,5,0,1190.00,1213.00,1174.00,1193.00,1167.75,1180.50,1179.00,1184.00,1173.00
2010-11-08,2010-11-08,2010-11-12,5,30,3076,False,0.00,1220.50,1224.75,1191.50,1194.75,10841717,1.00,34,1208.00,1221.00,1204.00,242,0,0,False,False,True,False,0,0,1205.00,1220.00,1203.00,1224.50,1173.75,1222.25,1192.00,1203.00,1174.00
2010-11-15,2010-11-15,2010-11-19,5,30,3076,False,0.00,1195.50,1205.75,1171.00,1198.00,11035659,1.00,35,1195.00,1202.00,1183.00,227,0,0,False,False,False,False,0,0,1197.00,1206.00,1179.00,1224.75,1191.50,1194.75,1208.00,1221.00,1204.00
2010-11-22,2010-11-22,2010-11-26,5,28,3076,False,0.00,1202.75,1206.00,1174.75,1183.25,7410980,1.00,33,1194.00,1197.00,1182.00,224,0,0,False,False,False,False,0,0,1179.00,1194.00,1177.00,1205.75,1171.00,1198.00,1195.00,1202.00,1183.00
2010-11-29,2010-11-29,2010-12-03,5,30,3076,False,0.00,1188.50,1227.25,1172.25,1223.75,11779341,1.00,56,1185.00,1206.00,1173.00,253,2,0,False,False,False,False,4,0,1218.00,1225.00,1182.00,1206.00,1174.75,1183.25,1194.00,1197.00,1182.00
2010-12-06,2010-12-06,2010-12-10,5,30,3076,False,0.00,1223.25,1241.50,1216.25,1241.00,6907975,1.00,26,1222.00,1235.00,1220.00,203,0,0,True,False,False,True,0,0,1222.00,1231.00,1220.00,1227.25,1172.25,1223.75,1185.00,1206.00,1173.00
2010-12-13,2010-12-13,2010-12-17,5,30,70248,True,-5.00,1237.00,1242.25,1227.50,1238.50,7513903,1.00,16,1235.00,1240.00,1233.00,177,0,0,False,False,True,True,0,0,1237.00,1242.00,1235.00,1236.50,1211.25,1236.00,1217.00,1230.00,1215.00
2010-12-20,2010-12-20,2010-12-23,4,24,70248,False,0.00,1240.00,1255.75,1234.00,1252.75,3340080,1.00,22,1250.00,1255.00,1242.00,101,0,0,False,False,True,False,0,0,1252.00,1255.00,1244.00,1242.25,1227.50,1238.50,1235.00,1240.00,1233.00
2010-12-27,2010-12-27,2010-12-31,5,30,70248,False,0.00,1249.50,1258.50,1245.50,1257.50,3102211,1.00,14,1254.00,1257.00,1250.00,120,0,0,False,False,True,True,0,0,1253.00,1256.00,1251.00,1255.75,1234.00,1252.75,1250.00,1255.00,1242.00
2011-01-03,2011-01-03,2011-01-07,5,30,70248,False,0.00,1256.00,1277.00,1255.25,1267.25,8908414,1.00,23,1266.00,1273.00,1262.00,196,2,0,False,False,False,True,0,0,1268.00,1273.00,1264.00,1258.50,1245.50,1257.50,1254.00,1257.00,1250.00
2011-01-10,2011-01-10,2011-01-14,5,30,70248,False,0.00,1266.25,1290.00,1258.00,1290.00,8395889,0.50,65,1281.00,1284.50,1267.00,317,0,0,True,False,False,True,4,0,1281.50,1290.00,1269.50,1277.00,1255.25,1267.25,1266.00,1273.00,1262.00
2011-01-17,2011-01-17,2011-01-21,5,29,70248,False,0.00,1289.50,1296.25,1267.50,1280.25,8527076,0.50,58,1286.50,1293.00,1276.50,343,0,6,False,False,True,False,0,0,1279.50,1287.00,1271.50,1290.00,1258.00,1290.00,1281.00,1284.50,1267.00
2011-01-24,2011-01-24,2011-01-28,5,30,70248,False,0.00,1279.50,1299.50,1270.50,1270.50,10387615,0.50,59,1291.50,1296.00,1282.50,402,3,0,False,True,False,False,0,0,1295.00,1297.50,1281.00,1296.25,1267.50,1280.25,1286.50,1293.00,1276.50
2011-01-31,2011-01-31,2011-02-04,5,30,70248,False,0.00,1269.50,1308.50,1262.25,1307.50,9202173,0.50,94,1301.50,1309.00,1286.50,377,0,11,False,False,False,False,0,5,1303.50,1307.00,1292.50,1299.50,1270.50,1270.50,1291.50,1296.00,1282.50
2011-02-07,2011-02-07,2011-02-11,5,30,70248,False,0.00,1307.25,1328.75,1306.00,1327.50,8708190,1.00,23,1316.00,1321.00,1312.00,183,0,0,False,False,False,True,0,0,1317.00,1320.00,1313.00,1308.50,1262.25,1307.50,1301.50,1309.00,1286.50
2011-02-14,2011-02-14,2011-02-18,5,30,70248,False,0.00,1326.00,1343.00,1322.25,1343.00,7600050,1.00,22,1327.00,1336.00,1325.00,153,0,0,False,False,False,True,0,0,1338.00,1341.00,1328.00,1328.75,1306.00,1327.50,1316.00,1321.00,1312.00
2011-02-21,2011-02-21,2011-02-25,5,29,70248,False,0.00,1342.25,1342.50,1292.50,1318.75,11012666,1.00,51,1307.00,1320.00,1295.00,240,0,0,False,False,True,False,0,0,1305.00,1320.00,1301.00,1343.00,1322.25,1343.00,1327.00,1336.00,1325.00
2011-02-28,2011-02-28,2011-03-04,5,30,70248,False,0.00,1318.25,1336.50,1296.25,1320.00,12894630,1.00,41,1329.00,1334.00,1309.00,268,2,0,False,False,False,True,0,0,1322.00,1331.00,1312.00,1342.50,1292.50,1318.75,1307.00,1320.00,1295.00
2011-03-07,2011-03-07,2011-03-11,5,30,70248,False,0.00,1320.25,1327.25,1283.00,1306.50,9508637,1.00,45,1313.00,1324.00,1301.00,296,0,0,False,False,True,False,0,0,1321.00,1324.00,1305.00,1336.50,1296.25,1320.00,1329.00,1334.00,1309.00
2011-03-14,2011-03-14,2011-03-18,5,30,75884,True,-4.50,1297.75,1301.25,1241.25,1274.50,14931488,1.00,61,1270.00,1283.00,1256.00,419,3,2,False,False,False,False,0,0,1268.00,1281.00,1256.00,1322.75,1278.50,1302.00,1308.50,1319.50,1296.50
2011-03-21,2011-03-21,2011-03-25,5,30,75884,False,0.00,1276.25,1314.50,1274.75,1310.75,8338276,1.00,41,1291.00,1298.00,1281.00,224,0,5,False,False,True,False,0,0,1293.00,1302.00,1281.00,1301.25,1241.25,1274.50,1270.00,1283.00,1256.00
2011-03-28,2011-03-28,2011-04-01,5,30,75884,False,0.00,1309.25,1333.75,1300.25,1327.50,7403356,1.00,34,1324.00,1331.00,1310.00,188,0,0,False,False,False,False,0,0,1322.00,1334.00,1312.00,1314.50,1274.75,1310.75,1291.00,1298.00,1281.00
2011-04-04,2011-04-04,2011-04-08,5,30,75884,False,0.00,1327.00,1336.50,1318.75,1324.25,8518243,1.00,19,1328.00,1333.00,1326.00,181,0,0,False,True,False,False,0,0,1328.00,1333.00,1326.00,1333.75,1300.25,1327.50,1324.00,1331.00,1310.00
2011-04-11,2011-04-11,2011-04-15,5,30,75884,False,0.00,1325.75,1330.25,1298.25,1319.00,9150964,1.00,33,1310.00,1319.00,1306.00,206,0,3,False,False,False,False,0,0,1312.00,1319.00,1306.00,1336.50,1318.75,1324.25,1328.00,1333.00,1326.00
2011-04-18,2011-04-18,2011-04-21,4,24,75884,False,0.00,1318.25,1337.75,1290.25,1330.75,6919792,1.00,48,1333.00,1338.00,1303.00,171,0,4,False,False,True,False,0,3,1326.00,1337.00,1302.00,1330.25,1298.25,1319.00,1310.00,1319.00,1306.00
2011-04-25,2011-04-25,2011-04-29,5,30,75884,False,0.00,1330.50,1363.75,1327.25,1363.50,6339153,1.00,37,1353.00,1360.00,1337.00,173,0,0,True,False,False,False,0,0,1352.00,1361.00,1342.00,1337.75,1290.25,1330.75,1333.00,1338.00,1303.00
2011-05-02,2011-05-02,2011-05-06,5,30,75884,False,0.00,1363.25,1373.50,1325.25,1335.00,11336760,1.00,49,1347.00,1356.00,1333.00,265,3,6,False,False,False,False,0,0,1343.00,1354.00,1335.00,1363.75,1327.25,1363.50,1353.00,1360.00,1337.00
2011-05-09,2011-05-09,2011-05-13,5,30,75884,False,0.00,1337.25,1358.25,1328.75,1334.00,11568645,1.00,31,1339.00,1350.00,1333.00,231,0,0,False,False,True,False,0,0,1337.00,1346.00,1333.00,1373.50,1325.25,1335.00,1347.00,1356.00,1333.00
2011-05-16,2011-05-16,2011-05-20,5,30,75884,False,0.00,1332.00,1345.50,1316.00,1328.50,10133476,1.00,30,1330.00,1341.00,1326.00,235,0,3,False,False,False,False,0,0,1338.00,1341.00,1326.00,1358.25,1328.75,1334.00,1339.00,1350.00,1333.00
2011-05-23,2011-05-23,2011-05-27,5,30,75884,False,0.00,1326.00,1333.75,1302.25,1330.00,9671846,1.00,32,1317.00,1324.00,1311.00,226,0,0,False,False,False,False,0,0,1316.00,1323.00,1312.00,1345.50,1316.00,1328.50,1330.00,1341.00,1326.00
2011-05-30,2011-05-30,2011-06-03,5,29,75884,False,0.00,1329.75,1347.75,1294.50,1295.75,9635403,1.00,54,1311.00,1334.00,1295.00,216,0,0,False,False,True,False,4,0,1313.00,1330.00,1295.00,1333.75,1302.25,1330.00,1317.00,1324.00,1311.00
2011-06-06,2011-06-06,2011-06-10,5,30,75884,False,0.00,1298.75,1299.00,1267.00,1269.75,8885409,1.00,33,1285.00,1292.00,1277.00,225,0,0,False,False,False,False,0,0,1291.00,1294.00,1281.00,1347.75,1294.50,1295.75,1311.00,1334.00,1295.00
2011-06-13,2011-06-13,2011-06-17,5,30,49278,True,-5.25,1264.75,1287.00,1252.25,1265.75,12628924,1.00,36,1264.00,1273.00,1258.00,259,0,0,False,False,False,False,0,0,1266.00,1273.00,1258.00,1293.75,1261.75,1264.50,1279.75,1286.75,1271.75
2011-06-20,2011-06-20,2011-06-24,5,30,49278,False,0.00,1265.00,1293.75,1256.25,1263.75,11424814,1.00,38,1274.00,1291.00,1266.00,260,0,0,False,False,True,False,0,0,1289.00,1292.00,1265.00,1287.00,1252.25,1265.75,1264.00,1273.00,1258.00
2011-06-27,2011-06-27,2011-07-01,5,30,49278,False,0.00,1265.00,1336.50,1257.00,1335.25,10212172,1.00,80,1313.00,1320.00,1273.00,228,0,2,True,False,False,False,13,4,1315.00,1318.00,1275.00,1293.75,1256.25,1263.75,1274.00,1291.00,1266.00
2011-07-04,2011-07-04,2011-07-08,5,29,49278,False,0.00,1334.50,1354.50,1326.50,1341.75,7472436,1.00,29,1333.00,1342.00,1329.00,202,0,2,False,False,False,False,0,0,1333.00,1340.00,1329.00,1336.50,1257.00,1335.25,1313.00,1320.00,1273.00
2011-07-11,2011-07-11,2011-07-15,5,30,49278,False,0.00,1339.25,1339.50,1295.25,1314.50,12800223,1.00,45,1308.00,1319.00,1304.00,319,4,5,False,False,False,False,0,0,1315.00,1320.00,1307.00,1354.50,1326.50,1341.75,1333.00,1342.00,1329.00
2011-07-18,2011-07-18,2011-07-22,5,30,49278,False,0.00,1314.50,1347.75,1291.25,1340.75,9680463,1.00,57,1322.00,1329.00,1300.00,256,0,4,False,False,True,False,2,0,1340.00,1347.00,1312.00,1339.50,1295.25,1314.50,1308.00,1319.00,1304.00
2011-07-25,2011-07-25,2011-07-29,5,30,49278,False,0.00,1330.00,1340.25,1278.50,1292.50,11088972,1.00,63,1326.00,1341.00,1298.00,288,0,5,False,False,False,False,0,5,1311.00,1324.00,1281.00,1347.75,1291.25,1340.75,1322.00,1329.00,1300.00
2011-08-01,2011-08-01,2011-08-05,5,30,49278,False,0.00,1306.00,1309.75,1163.25,1197.50,21299216,1.00,147,1246.00,1299.00,1202.00,487,0,20,False,False,True,False,11,10,1198.00,1257.00,1180.00,1340.25,1278.50,1292.50,1326.00,1341.00,1298.00
2011-08-08,2011-08-08,2011-08-12,5,30,49278,False,0.00,1167.25,1189.00,1077.00,1177.00,24502551,1.00,113,1164.00,1181.00,1128.00,818,3,3,False,False,False,False,0,0,1141.00,1166.00,1117.00,1309.75,1163.25,1197.50,1246.00,1299.00,1202.00
2011-08-15,2011-08-15,2011-08-19,5,30,49278,False,0.00,1179.75,1206.75,1117.50,1123.75,13976661,2.00,46,1184.00,1208.00,1148.00,228,0,0,False,False,True,False,0,6,1190.00,1208.00,1138.00,1189.00,1077.00,1177.00,1164.00,1181.00,1128.00
2011-08-22,2011-08-22,2011-08-26,5,30,49278,False,0.00,1122.00,1188.50,1111.25,1175.25,14847968,2.00,40,1154.00,1176.00,1134.00,265,5,2,False,False,False,False,0,0,1162.00,1176.00,1138.00,1206.75,1117.50,1123.75,1184.00,1208.00,1148.00
2011-08-29,2011-08-29,2011-09-02,5,30,49278,False,0.00,1175.50,1229.75,1168.50,1169.75,12558635,2.00,31,1206.00,1224.00,1194.00,191,0,0,False,True,True,False,0,0,1216.00,1226.00,1196.00,1188.50,1111.25,1175.25,1154.00,1176.00,1134.00
2011-09-05,2011-09-05,2011-09-09,5,29,49278,False,0.00,1165.00,1203.75,1136.00,1158.25,8565616,2.00,34,1190.00,1204.00,1154.00,204,0,0,False,False,True,True,0,0,1194.00,1200.00,1154.00,1229.75,1168.50,1169.75,1206.00,1224.00,1194.00
2011-09-12,2011-09-12,2011-09-16,5,30,45580,True,-5.75,1137.75,1214.50,1123.50,1211.75,14336711,2.00,47,1160.00,1186.00,1128.00,239,0,3,False,False,False,False,0,0,1164.00,1194.00,1132.00,1198.00,1130.25,1152.50,1184.25,1198.25,1148.25
2011-09-19,2011-09-19,2011-09-23,5,30,45580,False,0.00,1199.25,1214.50,1102.00,1130.75,16374332,2.00,57,1194.00,1216.00,1134.00,246,0,2,False,False,False,False,0,13,1126.00,1192.00,1102.00,1214.50,1123.50,1211.75,1160.00,1186.00,1128.00
2011-09-26,2011-09-26,2011-09-30,5,30,45580,False,0.00,1122.00,1190.00,1115.00,1122.25,15076896,2.00,39,1142.00,1172.00,1134.00,259,0,3,False,False,False,False,0,0,1138.00,1168.00,1126.00,1214.50,1102.00,1130.75,1194.00,1216.00,1134.00
2011-10-03,2011-10-03,2011-10-07,5,30,45580,False,0.00,1123.00,1173.75,1068.00,1155.75,16452656,2.00,53,1118.00,1164.00,1102.00,258,3,0,False,False,False,True,0,0,1118.00,1164.00,1102.00,1190.00,1115.00,1122.25,1142.00,1172.00,1134.00
2011-10-10,2011-10-10,2011-10-14,5,30,45580,False,0.00,1157.75,1221.50,1156.50,1220.00,10790546,2.00,33,1186.00,1212.00,1182.00,177,0,3,True,False,False,False,0,2,1190.00,1212.00,1182.00,1173.75,1068.00,1155.75,1118.00,1164.00,1102.00
2011-10-17,2011-10-17,2011-10-21,5,30,45580,False,0.00,1218.25,1235.75,1185.50,1234.75,12790014,2.00,26,1214.00,1228.00,1202.00,197,0,0,False,False,True,False,0,0,1206.00,1224.00,1194.00,1221.50,1156.50,1220.00,1186.00,1212.00,1182.00
2011-10-24,2011-10-24,2011-10-28,5,30,45580,False,0.00,1229.75,1289.25,1216.50,1282.25,12507950,2.00,37,1234.00,1260.00,1222.00,180,2,3,False,False,False,False,0,0,1234.00,1272.00,1218.00,1235.75,1185.50,1234.75,1214.00,1228.00,1202.00
2011-10-31,2011-10-31,2011-11-04,5,30,45580,False,0.00,1280.00,1280.75,1208.50,1250.75,13201749,2.00,37,1226.00,1256.00,1218.00,227,2,0,False,False,False,False,0,0,1246.00,1252.00,1214.00,1289.25,1216.50,1282.25,1234.00,1260.00,1222.00
2011-11-07,2011-11-07,2011-11-11,5,30,45580,False,0.00,1253.25,1275.25,1218.25,1261.75,11632699,2.00,29,1248.00,1266.00,1232.00,217,0,0,False,False,True,True,0,0,1242.00,1260.00,1226.00,1280.75,1208.50,1250.75,1226.00,1256.00,1218.00
2011-11-14,2011-11-14,2011-11-18,5,30,45580,False,0.00,1264.25,1270.75,1206.50,1213.50,12060205,2.00,33,1248.00,1258.00,1220.00,208,0,0,False,False,True,True,0,0,1248.00,1262.00,1224.00,1275.25,1218.25,1261.75,1248.00,1266.00,1232.00
2011-11-21,2011-11-21,2011-11-25,5,28,45580,False,0.00,1208.00,1209.00,1147.50,1153.50,8528864,2.00,32,1168.00,1190.00,1148.00,181,0,0,False,False,True,False,0,0,1188.00,1198.00,1164.00,1270.75,1206.50,1213.50,1248.00,1258.00,1220.00
2011-11-28,2011-11-28,2011-12-02,5,30,45580,False,0.00,1172.00,1262.75,1169.25,1244.00,14596658,1.50,63,1191.00,1243.50,1170.00,251,2,0,False,False,False,False,16,0,1192.50,1242.00,1168.50,1209.00,1147.50,1153.50,1168.00,1190.00,1148.00
2011-12-05,2011-12-05,2011-12-09,5,30,45580,False,0.00,1248.00,1272.00,1228.50,1259.75,9697050,1.50,30,1254.00,1264.50,1245.00,232,3,0,False,False,False,False,0,0,1255.50,1266.00,1249.50,1262.75,1169.25,1244.00,1191.00,1243.50,1170.00
2011-12-12,2011-12-12,2011-12-16,5,30,31747,True,-5.50,1250.50,1254.50,1198.00,1210.00,11195313,1.50,39,1221.00,1231.50,1203.00,210,0,2,False,False,False,False,0,0,1210.50,1227.00,1204.50,1266.50,1223.00,1254.25,1248.50,1259.00,1239.50
2011-12-19,2011-12-19,2011-12-23,5,30,31747,False,0.00,1212.00,1260.75,1195.50,1259.50,7516608,1.50,44,1234.50,1260.00,1213.50,193,0,3,False,False,False,False,0,0,1228.50,1257.00,1222.50,1254.50,1198.00,1210.00,1221.00,1231.50,1203.00
2011-12-26,2011-12-27,2011-12-30,4,21,31747,False,0.00,1260.50,1264.50,1243.00,1253.00,3083687,1.50,16,1255.50,1263.00,1249.50,98,0,0,False,False,False,False,0,0,1257.00,1258.50,1245.00,1260.75,1195.50,1259.50,1234.50,1260.00,1213.50
2012-01-02,2012-01-03,2012-01-06,4,21,31747,False,0.00,1274.75,1282.25,1259.75,1274.00,6485783,1.50,16,1270.50,1278.00,1267.50,125,0,0,False,False,False,False,0,0,1273.50,1278.00,1267.50,1264.50,1243.00,1253.00,1255.50,1263.00,1249.50
2012-01-09,2012-01-09,2012-01-13,5,30,31747,False,0.00,1274.75,1297.50,1267.25,1289.50,8633203,1.50,22,1285.50,1293.00,1276.50,159,2,0,False,False,False,False,0,0,1285.50,1293.00,1279.50,1282.25,1259.75,1274.00,1270.50,1278.00,1267.50
2012-01-16,2012-01-16,2012-01-20,5,29,31747,False,0.00,1285.25,1311.75,1281.25,1311.25,7084561,1.50,21,1305.00,1312.50,1290.00,140,0,0,False,False,True,True,0,0,1306.50,1311.00,1294.50,1297.50,1267.25,1289.50,1285.50,1293.00,1276.50
2012-01-23,2012-01-23,2012-01-27,5,30,31747,False,0.00,1307.50,1329.75,1301.50,1312.75,8740162,1.00,29,1315.00,1318.00,1305.00,238,0,0,False,False,True,False,0,0,1308.00,1319.00,1306.00,1311.75,1281.25,1311.25,1305.00,1312.50,1290.00
2012-01-30,2012-01-30,2012-02-03,5,30,31747,False,0.00,1314.00,1342.00,1296.00,1339.50,8543710,1.00,47,1322.00,1327.00,1306.00,224,0,0,False,False,False,False,7,0,1322.00,1327.00,1304.00,1329.75,1301.50,1312.75,1315.00,1318.00,1305.00
2012-02-06,2012-02-06,2012-02-10,5,30,31747,False,0.00,1336.50,1352.75,1330.25,1340.25,7683565,1.00,23,1344.00,1347.00,1336.00,190,0,0,False,False,False,False,0,0,1337.00,1346.00,1335.00,1342.00,1296.00,1339.50,1322.00,1327.00,1306.00
2012-02-13,2012-02-13,2012-02-17,5,30,31747,False,0.00,1347.25,1361.25,1334.25,1360.25,8447147,1.00,28,1347.00,1358.00,1343.00,210,0,0,False,False,False,True,0,0,1345.00,1354.00,1339.00,1352.75,1330.25,1340.25,1344.00,1347.00,1336.00
2012-02-20,2012-02-20,2012-02-24,5,29,31747,False,0.00,1366.75,1369.50,1350.25,1362.75,5763927,1.00,20,1364.00,1367.00,1358.00,169,0,0,False,False,False,False,0,0,1359.00,1366.00,1357.00,1361.25,1334.25,1360.25,1347.00,1358.00,1343.00
2012-02-27,2012-02-27,2012-03-02,5,30,31747,False,0.00,1363.25,1377.25,1353.00,1368.50,8865345,1.00,25,1371.00,1376.00,1363.00,215,0,2,False,False,True,False,0,0,1368.00,1373.00,1366.00,1369.50,1350.25,1362.75,1364.00,1367.00,1358.00
2012-03-05,2012-03-05,2012-03-09,5,30,31747,False,0.00,1367.25,1374.50,1338.50,1372.00,7489201,1.00,37,1364.00,1375.00,1352.00,198,0,2,False,False,True,False,0,0,1346.00,1363.00,1338.00,1377.25,1353.00,1368.50,1371.00,1376.00,1363.00
2012-03-12,2012-03-12,2012-03-16,5,30,27069,True,-5.75,1367.00,1400.50,1360.25,1398.75,7163176,1.00,41,1389.00,1401.00,1375.00,188,0,0,False,False,True,True,0,4,1390.00,1401.00,1386.00,1368.75,1332.75,1366.25,1358.25,1369.25,1346.25
2012-03-19,2012-03-19,2012-03-23,5,30,27069,False,0.00,1397.25,1408.00,1380.50,1394.25,7869646,1.00,29,1398.00,1405.00,1390.00,205,0,2,False,False,True,False,0,0,1400.00,1405.00,1388.00,1400.50,1360.25,1398.75,1389.00,1401.00,1375.00
2012-03-26,2012-03-26,2012-03-30,5,30,27069,False,0.00,1393.75,1419.75,1386.25,1404.00,7894092,1.00,34,1397.00,1408.00,1393.00,214,3,3,False,False,False,False,0,0,1402.00,1411.00,1394.00,1408.00,1380.50,1394.25,1398.00,1405.00,1390.00
2012-04-02,2012-04-02,2012-04-06,5,28,27069,False,0.00,1407.25,1417.75,1372.00,1375.00,6948096,1.00,46,1393.00,1410.00,1387.00,213,0,0,False,True,True,False,0,0,1393.00,1408.00,1387.00,1419.75,1386.25,1404.00,1397.00,1408.00,1393.00
2012-04-09,2012-04-09,2012-04-13,5,30,27069,False,0.00,1375.00,1388.50,1352.50,1365.00,9111888,1.00,37,1376.00,1383.00,1366.00,234,2,2,False,False,False,False,0,0,1366.00,1381.00,1364.00,1417.75,1372.00,1375.00,1393.00,1410.00,1387.00
2012-04-16,2012-04-16,2012-04-20,5,30,27069,False,0.00,1366.00,1390.00,1359.25,1375.00,10092547,1.00,32,1379.00,1388.00,1367.00,237,2,0,False,False,False,False,0,0,1382.00,1385.00,1372.00,1388.50,1352.50,1365.00,1376.00,1383.00,1366.00
2012-04-23,2012-04-23,2012-04-27,5,30,27069,False,0.00,1372.25,1403.00,1354.00,1399.00,8379433,1.00,50,1386.00,1403.00,1370.00,226,0,0,False,False,False,False,0,0,1382.00,1403.00,1368.00,1390.00,1359.25,1375.00,1379.00,1388.00,1367.00
2012-04-30,2012-04-30,2012-05-04,5,30,27069,False,0.00,1400.25,1411.75,1361.50,1362.50,8135086,1.00,51,1395.00,1404.00,1387.00,210,2,0,False,True,False,False,0,12,1393.00,1404.00,1385.00,1403.00,1354.00,1399.00,1386.00,1403.00,1370.00
2012-05-07,2012-05-07,2012-05-11,5,30,27069,False,0.00,1354.00,1370.25,1339.25,1350.00,10108232,1.00,32,1354.00,1359.00,1346.00,309,0,3,False,False,True,False,0,0,1359.00,1362.00,1347.00,1411.75,1361.50,1362.50,1395.00,1404.00,1387.00
2012-05-14,2012-05-14,2012-05-18,5,30,27069,False,0.00,1346.00,1351.00,1289.75,1290.50,12235021,1.00,63,1336.00,1349.00,1320.00,306,3,0,False,True,False,False,0,2,1337.00,1344.00,1313.00,1370.25,1339.25,1350.00,1354.00,1359.00,1346.00
2012-05-21,2012-05-21,2012-05-25,5,30,27069,False,0.00,1291.75,1329.75,1287.25,1314.75,10705179,1.00,43,1313.00,1324.00,1307.00,313,2,6,False,False,False,False,0,0,1319.00,1322.00,1305.00,1351.00,1289.75,1290.50,1336.00,1349.00,1320.00
2012-05-28,2012-05-28,2012-06-01,5,29,27069,False,0.00,1322.00,1334.25,1273.50,1273.75,10507090,1.00,62,1324.00,1331.00,1304.00,287,0,0,False,True,False,False,0,0,1314.00,1333.00,1298.00,1329.75,1287.25,1314.75,1313.00,1324.00,1307.00
2012-06-04,2012-06-04,2012-06-08,5,30,27069,False,0.00,1275.00,1329.50,1262.00,1329.25,9859759,1.50,46,1276.50,1314.00,1261.50,215,0,0,False,False,True,False,0,0,1308.00,1330.50,1278.00,1334.25,1273.50,1273.75,1324.00,1331.00,1304.00
2012-06-11,2012-06-11,2012-06-15,5,30,3366,True,-6.75,1335.25,1342.25,1297.00,1338.25,11298035,1.50,31,1314.00,1324.50,1299.00,186,0,0,False,False,False,False,0,0,1315.50,1320.00,1300.50,1322.75,1255.25,1322.50,1269.75,1307.25,1254.75
2012-06-18,2012-06-18,2012-06-22,5,30,3366,False,0.00,1345.25,1357.00,1317.50,1325.50,10763769,1.50,27,1347.00,1354.50,1332.00,176,0,0,False,False,False,True,0,0,1350.00,1354.50,1329.00,1342.25,1297.00,1338.25,1314.00,1324.50,1299.00
2012-06-25,2012-06-25,2012-06-29,5,30,3366,False,0.00,1325.50,1359.50,1302.50,1358.25,10038517,1.50,39,1315.50,1326.00,1306.50,183,0,0,True,False,False,True,5,0,1308.00,1327.50,1305.00,1357.00,1317.50,1325.50,1347.00,1354.50,1332.00
2012-07-02,2012-07-02,2012-07-06,5,29,3366,False,0.00,1358.75,1375.00,1342.25,1352.50,6564039,1.50,23,1359.00,1369.50,1356.00,145,3,0,False,False,False,False,0,0,1363.50,1368.00,1348.50,1359.50,1302.50,1358.25,1315.50,1326.00,1306.50
2012-07-09,2012-07-09,2012-07-13,5,30,3366,False,0.00,1349.25,1356.50,1319.75,1352.00,9054307,1.50,26,1333.50,1350.00,1330.50,169,0,2,False,False,False,False,0,0,1344.00,1351.50,1332.00,1375.00,1342.25,1352.50,1359.00,1369.50,1356.00
2012-07-16,2012-07-16,2012-07-20,5,30,3366,False,0.00,1351.25,1376.00,1339.25,1358.75,8852775,1.00,38,1369.00,1374.00,1351.00,201,0,4,False,False,False,False,0,0,1358.00,1373.00,1352.00,1356.50,1319.75,1352.00,1333.50,1350.00,1330.50
2012-07-23,2012-07-23,2012-07-27,5,30,3366,False,0.00,1355.50,1385.00,1321.25,1382.50,10795075,1.00,65,1334.00,1353.00,1326.00,301,0,0,False,False,False,True,12,0,1337.00,1356.00,1327.00,1376.00,1339.25,1358.75,1369.00,1374.00,1351.00
2012-07-30,2012-07-30,2012-08-03,5,30,3366,False,0.00,1379.25,1390.50,1349.25,1389.50,9812272,1.00,42,1377.00,1386.00,1369.00,254,0,2,False,False,False,False,0,0,1378.00,1389.00,1370.00,1385.00,1321.25,1382.50,1334.00,1353.00,1326.00
2012-08-06,2012-08-06,2012-08-10,5,30,3366,False,0.00,1390.25,1403.75,1387.25,1402.25,6269311,1.00,17,1395.00,1402.00,1393.00,174,0,0,False,False,True,True,0,0,1398.00,1401.00,1394.00,1390.50,1349.25,1389.50,1377.00,1386.00,1369.00
2012-08-13,2012-08-13,2012-08-17,5,30,3366,False,0.00,1400.50,1416.75,1394.25,1415.50,6347197,1.00,23,1404.00,1407.00,1396.00,164,0,2,False,False,True,False,0,0,1403.00,1410.00,1395.00,1403.75,1387.25,1402.25,1395.00,1402.00,1393.00
2012-08-20,2012-08-20,2012-08-24,5,30,3366,False,0.00,1415.00,1424.75,1395.25,1410.50,7662750,1.00,30,1414.00,1419.00,1406.00,196,3,0,False,False,False,True,0,0,1407.00,1416.00,1401.00,1416.75,1394.25,1415.50,1404.00,1407.00,1396.00
2012-08-27,2012-08-27,2012-08-31,5,30,3366,False,0.00,1410.00,1416.00,1395.25,1404.75,6349557,1.00,22,1408.00,1413.00,1404.00,189,2,0,False,False,False,True,0,0,1408.00,1411.00,1402.00,1424.75,1395.25,1410.50,1414.00,1419.00,1406.00
2012-09-03,2012-09-03,2012-09-07,5,29,3366,False,0.00,1406.25,1438.75,1394.50,1438.25,6533899,1.00,45,1406.00,1411.00,1396.00,194,0,2,False,False,False,False,11,0,1403.00,1430.00,1395.00,1416.00,1395.25,1404.75,1408.00,1413.00,1404.00
2012-09-10,2012-09-10,2012-09-14,5,30,3366,False,0.00,1436.75,1474.75,1421.50,1466.25,6584453,1.00,54,1435.00,1450.00,1421.00,204,4,2,False,False,False,False,12,0,1436.00,1445.00,1428.00,1438.75,1394.50,1438.25,1406.00,1411.00,1396.00
2012-09-17,2012-09-17,2012-09-21,5,30,10113,True,-6.50,1459.25,1462.25,1443.50,1451.50,6783771,1.00,20,1454.00,1459.00,1450.00,173,2,0,False,False,False,False,0,0,1452.00,1459.00,1450.00,1468.25,1415.00,1459.75,1428.50,1443.50,1414.50
2012-09-24,2012-09-24,2012-09-28,5,30,10113,False,0.00,1450.25,1457.00,1424.00,1434.25,8688253,1.00,34,1432.00,1449.00,1428.00,212,0,2,False,False,False,False,0,0,1431.00,1444.00,1427.00,1462.25,1443.50,1451.50,1454.00,1459.00,1450.00
2012-10-01,2012-10-01,2012-10-05,5,30,10113,False,0.00,1432.75,1466.00,1427.75,1455.50,8291789,1.00,40,1439.00,1454.00,1435.00,217,2,0,False,False,False,False,0,0,1442.00,1455.00,1436.00,1457.00,1424.00,1434.25,1432.00,1449.00,1428.00
2012-10-08,2012-10-08,2012-10-12,5,30,10113,False,0.00,1457.25,1457.25,1420.00,1421.75,7787209,1.00,38,1432.00,1441.00,1420.00,218,3,0,False,False,False,True,2,0,1436.00,1441.00,1424.00,1466.00,1427.75,1455.50,1439.00,1454.00,1435.00
2012-10-15,2012-10-15,2012-10-19,5,30,10113,False,0.00,1423.50,1459.75,1416.50,1423.75,8883034,1.00,44,1450.00,1459.00,1434.00,210,0,2,False,False,False,False,0,0,1455.00,1460.00,1435.00,1457.25,1420.00,1421.75,1432.00,1441.00,1420.00
2012-10-22,2012-10-22,2012-10-26,5,30,10113,False,0.00,1424.50,1433.25,1394.50,1407.50,9731575,1.00,40,1411.00,1418.00,1397.00,275,0,0,False,False,False,False,0,0,1407.00,1414.00,1401.00,1459.75,1416.50,1423.75,1450.00,1459.00,1434.00
2012-10-29,2012-10-29,2012-11-02,5,26,10113,False,0.00,1406.25,1431.50,1393.00,1405.50,5926405,1.00,39,1403.00,1416.00,1397.00,209,5,3,False,False,False,False,0,0,1420.00,1425.00,1406.00,1433.25,1394.50,1407.50,1411.00,1418.00,1397.00
2012-11-05,2012-11-05,2012-11-09,5,30,10113,False,0.00,1402.75,1431.75,1363.50,1376.00,11210992,1.00,69,1394.00,1413.00,1370.00,302,2,8,False,False,False,False,2,0,1393.00,1406.00,1369.00,1431.50,1393.00,1405.50,1403.00,1416.00,1397.00
2012-11-12,2012-11-12,2012-11-16,5,30,10113,False,0.00,1375.25,1386.25,1340.25,1360.50,10505784,1.00,47,1375.00,1384.00,1353.00,269,3,4,False,False,False,False,0,0,1353.00,1372.00,1343.00,1431.75,1363.50,1376.00,1394.00,1413.00,1370.00
2012-11-19,2012-11-19,2012-11-23,4,23,10113,False,0.00,1360.75,1407.50,1360.25,1404.75,5121802,1.00,48,1384.00,1393.00,1376.00,170,0,0,True,False,False,False,2,7,1384.00,1389.00,1376.00,1386.25,1340.25,1360.50,1375.00,1384.00,1353.00
2012-11-26,2012-11-26,2012-11-30,5,30,10113,False,0.00,1403.25,1419.50,1383.00,1415.75,8509928,1.00,37,1401.00,1414.00,1393.00,220,0,4,False,False,False,False,0,0,1413.00,1418.00,1399.00,1407.50,1360.25,1404.75,1384.00,1393.00,1376.00
2012-12-03,2012-12-03,2012-12-07,5,30,10113,False,0.00,1413.25,1424.00,1396.75,1417.25,8316552,1.00,29,1409.00,1414.00,1403.00,224,2,5,False,False,False,False,0,0,1411.00,1416.00,1405.00,1419.50,1383.00,1415.75,1401.00,1414.00,1393.00
2012-12-10,2012-12-10,2012-12-14,5,30,10113,False,0.00,1416.00,1438.75,1410.75,1416.50,6271945,1.00,29,1417.00,1430.00,1415.00,204,0,0,False,False,False,False,0,0,1430.00,1435.00,1418.00,1424.00,1396.75,1417.25,1409.00,1414.00,1403.00
2012-12-17,2012-12-17,2012-12-21,5,30,23970,True,-6.00,1415.25,1446.00,1391.25,1428.50,8447044,1.00,56,1428.00,1439.00,1414.00,270,2,18,False,False,False,False,0,0,1439.00,1442.00,1421.00,1432.75,1404.75,1410.50,1411.00,1424.00,1409.00
2012-12-24,2012-12-24,2012-12-28,4,20,23970,False,0.00,1424.25,1425.50,1382.25,1386.75,3423976,1.00,44,1413.00,1424.00,1405.00,176,0,0,False,True,False,False,0,0,1404.00,1415.00,1398.00,1446.00,1391.25,1428.50,1428.00,1439.00,1414.00
2012-12-31,2012-12-31,2013-01-04,4,21,23970,False,0.00,1388.25,1463.00,1383.50,1459.75,6522375,1.00,81,1452.00,1464.00,1410.00,180,0,0,True,False,False,False,0,25,1456.00,1461.00,1444.00,1425.50,1382.25,1386.75,1413.00,1424.00,1405.00
2013-01-07,2013-01-07,2013-01-11,5,30,23970,False,0.00,1460.25,1471.50,1446.00,1467.50,6396131,1.00,26,1455.00,1462.00,1451.00,170,0,2,False,False,False,False,0,0,1455.00,1464.00,1449.00,1463.00,1383.50,1459.75,1452.00,1464.00,1410.00
2013-01-14,2013-01-14,2013-01-18,5,30,23970,False,0.00,1466.75,1481.00,1456.50,1479.75,6904671,1.00,26,1464.00,1473.00,1460.00,173,0,3,False,False,False,False,0,0,1466.00,1475.00,1458.00,1471.50,1446.00,1467.50,1455.00,1462.00,1451.00
2013-01-21,2013-01-22,2013-01-25,4,24,23970,False,0.00,1483.00,1499.25,1475.00,1495.50,5930348,1.00,25,1486.00,1495.00,1482.00,155,0,0,False,False,False,True,0,0,1495.00,1498.00,1487.00,1481.00,1456.50,1479.75,1464.00,1473.00,1460.00
2013-01-28,2013-01-28,2013-02-01,5,30,23970,False,0.00,1495.75,1510.50,1491.00,1507.50,7897563,1.00,20,1496.00,1503.00,1492.00,178,0,0,False,False,True,True,0,0,1496.00,1503.00,1494.00,1499.25,1475.00,1495.50,1486.00,1495.00,1482.00
2013-02-04,2013-02-04,2013-02-08,5,30,23970,False,0.00,1508.00,1515.00,1490.25,1513.75,8584713,1.00,26,1506.00,1511.00,1498.00,183,0,2,False,False,False,False,0,0,1505.00,1510.00,1497.00,1510.50,1491.00,1507.50,1496.00,1503.00,1492.00
2013-02-11,2013-02-11,2013-02-15,5,30,23970,False,0.00,1513.50,1522.00,1508.50,1517.00,6793439,1.00,15,1517.00,1520.00,1513.00,150,0,0,False,False,False,False,0,0,1517.00,1520.00,1513.00,1515.00,1490.25,1513.75,1506.00,1511.00,1498.00
2013-02-18,2013-02-19,2013-02-22,4,24,23970,False,0.00,1518.00,1530.00,1495.00,1514.00,7634450,1.00,36,1506.00,1521.00,1498.00,147,0,2,False,False,False,False,0,0,1502.00,1521.00,1496.00,1522.00,1508.50,1517.00,1517.00,1520.00,1513.00
2013-02-25,2013-02-25,2013-03-01,5,30,23970,False,0.00,1515.50,1524.50,1481.75,1516.75,13096249,1.00,44,1515.00,1524.00,1495.00,266,0,0,False,False,True,False,0,0,1516.00,1523.00,1496.00,1530.00,1495.00,1514.00,1506.00,1521.00,1498.00
2013-03-04,2013-03-04,2013-03-08,5,30,23970,False,0.00,1514.75,1553.50,1507.00,1550.25,7299414,1.00,47,1541.00,1554.00,1527.00,184,0,0,False,False,False,True,0,8,1539.00,1552.00,1533.00,1524.50,1481.75,1516.75,1515.00,1524.00,1495.00
2013-03-11,2013-03-11,2013-03-15,5,30,11561,True,-5.50,1541.75,1558.75,1540.00,1552.50,5991245,1.00,19,1549.00,1554.00,1541.00,153,0,0,False,False,True,False,0,0,1554.00,1557.00,1546.00,1548.00,1501.50,1544.75,1535.50,1548.50,1521.50
2013-03-18,2013-03-18,2013-03-22,5,30,11561,False,0.00,1544.00,1555.75,1529.50,1553.75,10012654,1.00,27,1548.00,1551.00,1538.00,231,0,0,False,False,False,True,0,0,1550.00,1553.00,1542.00,1558.75,1540.00,1552.50,1549.00,1554.00,1541.00
2013-03-25,2013-03-25,2013-03-28,4,24,11561,False,0.00,1550.00,1564.50,1539.00,1563.75,7034948,1.00,26,1554.00,1559.00,1548.00,168,0,2,True,False,False,False,0,0,1553.00,1560.00,1547.00,1555.75,1529.50,1553.75,1548.00,1551.00,1538.00
2013-04-01,2013-04-01,2013-04-05,5,30,11561,False,0.00,1563.00,1568.00,1533.25,1547.00,9263542,1.00,36,1552.00,1563.00,1546.00,214,0,0,False,False,False,True,0,0,1554.00,1565.00,1546.00,1564.50,1539.00,1563.75,1554.00,1559.00,1548.00
2013-04-08,2013-04-08,2013-04-12,5,30,11561,False,0.00,1545.50,1593.00,1543.00,1582.00,8617813,1.00,51,1583.00,1594.00,1561.00,198,2,0,False,False,False,True,0,6,1582.00,1593.00,1564.00,1568.00,1533.25,1547.00,1552.00,1563.00,1546.00
2013-04-15,2013-04-15,2013-04-19,5,30,11561,False,0.00,1582.25,1583.00,1530.75,1548.50,12222850,1.00,54,1545.00,1562.00,1537.00,301,2,5,False,False,False,False,0,0,1546.00,1559.00,1536.00,1593.00,1543.00,1582.00,1583.00,1594.00,1561.00
2013-04-22,2013-04-22,2013-04-26,5,30,11561,False,0.00,1548.50,1588.25,1542.75,1576.75,8033434,1.00,47,1576.00,1587.00,1556.00,241,0,5,False,False,True,False,0,0,1573.00,1586.00,1567.00,1583.00,1530.75,1548.50,1545.00,1562.00,1537.00
2013-04-29,2013-04-29,2013-05-03,5,30,11561,False,0.00,1576.25,1614.25,1573.75,1609.00,7822133,1.00,42,1591.00,1594.00,1579.00,198,2,2,False,False,False,False,12,0,1587.00,1594.00,1581.00,1588.25,1542.75,1576.75,1576.00,1587.00,1556.00
2013-05-06,2013-05-06,2013-05-10,5,30,11561,False,0.00,1608.25,1632.25,1607.25,1629.25,8960700,1.00,26,1627.00,1632.00,1617.00,171,0,0,False,False,False,False,0,0,1626.00,1629.00,1616.00,1614.25,1573.75,1609.00,1591.00,1594.00,1579.00
2013-05-13,2013-05-13,2013-05-17,5,30,11561,False,0.00,1625.50,1665.75,1621.50,1664.75,9251778,1.00,45,1652.00,1663.00,1636.00,204,0,0,True,False,False,False,0,6,1656.00,1659.00,1642.00,1632.25,1607.25,1629.25,1627.00,1632.00,1617.00
2013-05-20,2013-05-20,2013-05-24,5,30,11561,False,0.00,1662.50,1685.75,1632.75,1650.00,10953007,1.00,54,1663.00,1674.00,1645.00,269,12,2,False,False,False,False,0,0,1665.00,1682.00,1647.00,1665.75,1621.50,1664.75,1652.00,1663.00,1636.00
2013-05-27,2013-05-28,2013-05-31,4,24,11561,False,0.00,1652.25,1672.75,1626.25,1627.50,8374492,1.00,47,1652.00,1659.00,1644.00,243,2,0,False,True,False,False,0,0,1656.00,1659.00,1642.00,1685.75,1632.75,1650.00,1663.00,1674.00,1645.00
2013-06-03,2013-06-03,2013-06-07,5,30,11561,False,0.00,1629.50,1645.75,1596.50,1639.00,14415311,1.00,50,1632.00,1643.00,1618.00,316,0,7,False,False,False,False,0,0,1637.00,1644.00,1619.00,1672.75,1626.25,1627.50,1652.00,1659.00,1644.00
2013-06-10,2013-06-10,2013-06-14,5,30,11561,False,0.00,1636.50,1648.50,1597.50,1623.50,8986914,1.00,52,1632.00,1643.00,1622.00,284,0,2,False,False,False,False,0,0,1626.00,1645.00,1622.00,1645.75,1596.50,1639.00,1632.00,1643.00,1618.00
2013-06-17,2013-06-17,2013-06-21,5,30,17704,True,-6.25,1618.25,1649.00,1570.50,1583.75,10966140,1.50,53,1633.50,1650.00,1600.50,215,0,4,False,False,True,False,0,2,1644.00,1648.50,1590.00,1642.25,1591.25,1617.25,1625.75,1636.75,1615.75
2013-06-24,2013-06-24,2013-06-28,5,30,17704,False,0.00,1583.75,1614.50,1553.25,1596.25,10298515,1.50,42,1576.50,1599.00,1558.50,230,0,3,False,False,True,False,0,0,1606.50,1614.00,1576.50,1649.00,1570.50,1583.75,1633.50,1650.00,1600.50
2013-07-01,2013-07-01,2013-07-05,4,23,17704,False,0.00,1600.25,1630.75,1593.25,1629.25,5780675,1.50,26,1608.00,1618.50,1599.00,156,0,0,False,False,False,True,0,0,1617.00,1621.50,1605.00,1614.50,1553.25,1596.25,1576.50,1599.00,1558.50
2013-07-08,2013-07-08,2013-07-12,5,30,17704,False,0.00,1628.50,1674.25,1626.00,1670.00,6631453,1.50,33,1641.00,1663.50,1626.00,148,0,0,False,False,False,True,5,0,1644.00,1666.50,1626.00,1630.75,1593.25,1629.25,1608.00,1618.50,1599.00
2013-07-15,2013-07-15,2013-07-19,5,30,17704,False,0.00,1670.00,1690.50,1665.75,1689.75,5969618,1.50,18,1677.00,1681.50,1671.00,131,0,0,True,False,False,False,0,0,1677.00,1687.50,1674.00,1674.25,1626.00,1670.00,1641.00,1663.50,1626.00
2013-07-22,2013-07-22,2013-07-26,5,30,17704,False,0.00,1690.00,1695.50,1670.50,1687.00,6186793,1.50,18,1687.50,1695.00,1678.50,145,0,0,False,False,True,False,0,0,1680.00,1690.50,1677.00,1690.50,1665.75,1689.75,1677.00,1681.50,1671.00
2013-07-29,2013-07-29,2013-08-02,5,30,17704,False,0.00,1686.50,1705.00,1676.50,1703.25,7122290,1.00,30,1684.00,1693.00,1678.00,192,0,0,True,False,False,False,0,0,1682.00,1699.00,1678.00,1695.50,1670.50,1687.00,1687.50,1695.00,1678.50
2013-08-05,2013-08-05,2013-08-09,5,30,17704,False,0.00,1702.75,1705.00,1680.50,1685.00,6676090,1.00,26,1692.00,1697.00,1684.00,187,0,2,False,False,False,False,0,0,1687.00,1696.00,1685.00,1705.00,1676.50,1703.25,1684.00,1693.00,1678.00
2013-08-12,2013-08-12,2013-08-16,5,30,17704,False,0.00,1685.00,1694.50,1649.50,1650.25,8474946,1.00,46,1685.00,1695.00,1663.00,228,0,0,False,False,True,False,0,9,1685.00,1694.00,1659.00,1705.00,1680.50,1685.00,1692.00,1697.00,1684.00
2013-08-19,2013-08-19,2013-08-23,5,30,17704,False,0.00,1651.00,1662.75,1631.50,1661.25,8008962,1.00,32,1647.00,1656.00,1643.00,226,0,2,False,False,False,False,0,0,1651.00,1656.00,1643.00,1694.50,1649.50,1650.25,1685.00,1695.00,1663.00
2013-08-26,2013-08-26,2013-08-30,5,30,17704,False,0.00,1660.75,1667.50,1624.75,1632.25,8754649,1.00,44,1632.00,1645.00,1626.00,243,0,0,False,False,True,False,4,0,1637.00,1640.00,1627.00,1662.75,1631.50,1661.25,1647.00,1656.00,1643.00
2013-09-02,2013-09-03,2013-09-06,4,24,17704,False,0.00,1647.50,1664.00,1630.75,1654.00,7477716,1.00,35,1653.00,1658.00,1639.00,208,0,0,False,False,False,False,0,0,1653.00,1660.00,1643.00,1667.50,1624.75,1632.25,1632.00,1645.00,1626.00
2013-09-09,2013-09-09,2013-09-13,5,30,17704,False,0.00,1652.00,1690.50,1652.00,1689.50,6136718,1.00,39,1681.00,1691.00,1675.00,181,0,2,False,False,True,False,0,6,1681.00,1690.00,1679.00,1664.00,1630.75,1654.00,1653.00,1658.00,1639.00
2013-09-16,2013-09-16,2013-09-20,5,30,28112,True,-6.75,1691.75,1726.75,1687.75,1703.75,7482157,1.00,40,1698.00,1715.00,1688.00,200,0,0,False,False,True,False,0,0,1695.00,1716.00,1689.00,1683.75,1645.25,1682.75,1674.25,1684.25,1668.25
2013-09-23,2013-09-23,2013-09-27,5,30,28112,False,0.00,1706.50,1707.50,1680.00,1685.25,7707546,1.00,28,1691.00,1696.00,1685.00,208,0,0,False,False,False,False,0,0,1689.00,1698.00,1687.00,1726.75,1687.75,1703.75,1698.00,1715.00,1688.00
2013-09-30,2013-09-30,2013-10-04,5,30,28112,False,0.00,1675.00,1692.25,1663.25,1682.00,9322957,1.00,30,1677.00,1684.00,1671.00,249,0,3,False,False,False,False,0,0,1676.00,1685.00,1672.00,1707.50,1680.00,1685.25,1691.00,1696.00,1685.00
2013-10-07,2013-10-07,2013-10-11,5,30,28112,False,0.00,1676.75,1700.25,1640.00,1700.00,10268470,1.00,61,1654.00,1677.00,1646.00,278,0,6,True,False,False,False,0,0,1654.00,1677.00,1644.00,1692.25,1663.25,1682.00,1677.00,1684.00,1671.00
2013-10-14,2013-10-14,2013-10-18,5,30,28112,False,0.00,1684.00,1740.25,1680.75,1737.00,8360851,1.00,61,1706.00,1717.00,1688.00,254,0,4,False,False,False,False,4,0,1702.00,1717.00,1686.00,1700.25,1640.00,1700.00,1654.00,1677.00,1646.00
2013-10-21,2013-10-21,2013-10-25,5,30,28112,False,0.00,1738.00,1755.75,1734.50,1753.75,6957311,1.00,22,1746.00,1751.00,1738.00,200,0,0,False,False,False,True,0,0,1749.00,1752.00,1739.00,1740.25,1680.75,1737.00,1706.00,1717.00,1688.00
2013-10-28,2013-10-28,2013-11-01,5,30,28112,False,0.00,1753.75,1773.25,1747.00,1754.75,7572726,1.50,19,1758.00,1762.50,1752.00,158,0,2,False,False,False,False,0,0,1753.50,1764.00,1753.50,1755.75,1734.50,1753.75,1746.00,1751.00,1738.00
2013-11-04,2013-11-04,2013-11-08,5,30,28112,False,0.00,1754.00,1774.50,1736.50,1766.75,8312482,1.50,27,1762.50,1767.00,1750.50,167,3,4,False,False,False,False,0,0,1758.00,1768.50,1752.00,1773.25,1747.00,1754.75,1758.00,1762.50,1752.00
2013-11-11,2013-11-11,2013-11-15,5,30,28112,False,0.00,1767.00,1796.00,1754.25,1794.25,6810382,1.00,43,1767.00,1782.00,1755.00,187,0,3,True,False,False,False,3,0,1767.00,1784.00,1755.00,1774.50,1736.50,1766.75,1762.50,1767.00,1750.50
2013-11-18,2013-11-18,2013-11-22,5,30,28112,False,0.00,1793.50,1803.25,1774.50,1801.25,7812188,1.00,30,1793.00,1796.00,1783.00,203,0,0,True,False,False,False,0,0,1788.00,1797.00,1784.00,1796.00,1754.25,1794.25,1767.00,1782.00,1755.00
2013-11-25,2013-11-25,2013-11-29,4,23,28112,False,0.00,1802.00,1812.50,1798.50,1804.25,3704371,1.00,15,1803.00,1808.00,1801.00,117,0,0,True,False,False,True,0,0,1804.00,1807.00,1802.00,1803.25,1774.50,1801.25,1793.00,1796.00,1783.00
2013-12-02,2013-12-02,2013-12-06,5,30,28112,False,0.00,1806.25,1809.00,1777.75,1805.75,8339158,1.00,33,1792.00,1801.00,1784.00,230,2,4,False,False,False,False,0,0,1791.00,1802.00,1785.00,1812.50,1798.50,1804.25,1803.00,1808.00,1801.00
2013-12-09,2013-12-09,2013-12-13,5,30,28112,False,0.00,1806.50,1811.50,1771.75,1773.25,5598925,1.00,41,1779.00,1804.00,1771.00,205,0,0,False,False,True,True,2,0,1808.00,1812.00,1780.00,1809.00,1777.75,1805.75,1792.00,1801.00,1784.00
2013-12-16,2013-12-16,2013-12-20,5,30,382206,True,-6.00,1768.75,1818.00,1754.00,1817.25,7326862,1.00,65,1778.00,1799.00,1754.00,264,0,6,False,False,False,False,8,0,1802.00,1807.00,1774.00,1805.50,1765.75,1767.25,1773.00,1798.00,1765.00
2013-12-23,2013-12-23,2013-12-27,4,20,382206,False,0.00,1817.00,1840.00,1816.75,1836.75,2107745,1.00,25,1821.00,1836.00,1817.00,92,0,2,False,False,False,False,4,0,1836.00,1841.00,1822.00,1818.00,1754.00,1817.25,1778.00,1799.00,1754.00
2013-12-30,2013-12-30,2014-01-03,4,21,382206,False,0.00,1836.00,1846.50,1820.50,1823.25,3391958,1.00,27,1835.00,1838.00,1825.00,125,3,0,False,False,False,False,0,0,1826.00,1837.00,1824.00,1840.00,1816.75,1836.75,1821.00,1836.00,1817.00
2014-01-06,2014-01-06,2014-01-10,5,30,382206,False,0.00,1824.00,1842.50,1817.25,1838.50,6617785,1.00,26,1831.00,1836.00,1825.00,207,3,2,False,False,False,False,0,0,1831.00,1834.00,1825.00,1846.50,1820.50,1823.25,1835.00,1838.00,1825.00
2014-01-13,2014-01-13,2014-01-17,5,30,382206,False,0.00,1838.50,1845.75,1809.50,1833.75,6663181,1.00,37,1836.00,1843.00,1828.00,200,0,3,False,False,False,False,0,0,1838.00,1843.00,1828.00,1842.50,1817.25,1838.50,1831.00,1836.00,1825.00
2014-01-20,2014-01-21,2014-01-24,4,24,382206,False,0.00,1834.00,1844.00,1780.00,1780.25,6552133,1.00,65,1838.00,1845.00,1818.00,226,0,0,False,True,True,False,0,7,1839.00,1844.00,1809.00,1845.75,1809.50,1833.75,1836.00,1843.00,1828.00
2014-01-27,2014-01-27,2014-01-31,5,30,382206,False,0.00,1781.75,1801.25,1761.25,1777.00,11401502,1.00,41,1784.00,1789.00,1770.00,352,2,3,False,False,False,False,0,0,1780.00,1787.00,1772.00,1844.00,1780.00,1780.25,1838.00,1845.00,1818.00
2014-02-03,2014-02-03,2014-02-07,5,30,382206,False,0.00,1777.50,1794.00,1732.00,1793.50,11472332,1.00,63,1746.00,1769.00,1734.00,341,0,0,True,False,False,True,0,0,1746.00,1765.00,1734.00,1801.25,1761.25,1777.00,1784.00,1789.00,1770.00
2014-02-10,2014-02-10,2014-02-14,5,30,382206,False,0.00,1793.00,1838.75,1786.25,1834.00,7263738,1.00,53,1815.00,1828.00,1801.00,234,0,0,True,False,False,True,5,0,1814.00,1827.00,1800.00,1794.00,1732.00,1793.50,1746.00,1769.00,1734.00
2014-02-17,2014-02-18,2014-02-21,4,24,382206,False,0.00,1836.25,1844.50,1817.25,1833.50,5757964,1.50,19,1836.00,1843.50,1830.00,140,0,0,False,False,True,True,0,0,1837.50,1842.00,1831.50,1838.75,1786.25,1834.00,1815.00,1828.00,1801.00
2014-02-24,2014-02-24,2014-02-28,5,30,382206,False,0.00,1835.25,1866.50,1829.25,1860.75,8326013,1.50,26,1846.50,1854.00,1837.50,191,2,2,False,False,False,False,0,0,1848.00,1852.50,1839.00,1844.50,1817.25,1833.50,1836.00,1843.50,1830.00
2014-03-03,2014-03-03,2014-03-07,5,30,382206,False,0.00,1846.00,1887.50,1832.25,1876.75,8311749,1.50,38,1873.50,1884.00,1846.50,175,4,2,False,False,False,False,0,0,1870.50,1887.00,1861.50,1866.50,1829.25,1860.75,1846.50,1854.00,1837.50
2014-03-10,2014-03-10,2014-03-14,5,30,382206,False,0.00,1875.50,1882.25,1839.00,1839.50,6700237,1.50,29,1872.00,1879.50,1854.00,186,0,0,False,False,False,True,0,0,1864.50,1878.00,1855.50,1887.50,1832.25,1876.75,1873.50,1884.00,1846.50
2014-03-17,2014-03-17,2014-03-21,5,30,8347,True,-7.00,1832.50,1876.75,1823.50,1857.25,7492439,1.00,54,1863.00,1868.00,1847.00,268,0,7,False,False,False,False,0,5,1864.00,1867.00,1850.00,1875.25,1832.00,1832.50,1865.00,1872.50,1847.00
2014-03-24,2014-03-24,2014-03-28,5,30,8347,False,0.00,1855.50,1868.75,1834.00,1850.00,8909470,1.00,35,1851.00,1860.00,1841.00,256,2,0,False,False,False,False,0,0,1846.00,1861.00,1842.00,1876.75,1823.50,1857.25,1863.00,1868.00,1847.00
2014-03-31,2014-03-31,2014-04-04,5,30,8347,False,0.00,1855.00,1892.50,1855.00,1861.50,7689230,1.00,38,1881.00,1888.00,1865.00,216,2,0,False,False,False,True,0,0,1882.00,1891.00,1866.00,1868.75,1834.00,1850.00,1851.00,1860.00,1841.00
2014-04-07,2014-04-07,2014-04-11,5,30,8347,False,0.00,1861.00,1867.50,1807.25,1811.50,10338083,1.00,61,1841.00,1866.00,1835.00,298,0,0,False,True,True,False,0,0,1838.00,1867.00,1832.00,1892.50,1855.00,1861.50,1881.00,1888.00,1865.00
2014-04-14,2014-04-14,2014-04-17,4,24,8347,False,0.00,1806.00,1863.75,1803.25,1857.50,7379750,1.00,61,1824.00,1847.00,1806.00,245,0,3,False,False,True,False,2,0,1824.00,1847.00,1806.00,1867.50,1807.25,1811.50,1841.00,1866.00,1835.00
2014-04-21,2014-04-21,2014-04-25,5,30,8347,False,0.00,1859.25,1882.50,1853.00,1860.25,5716483,1.50,21,1872.00,1879.50,1863.00,149,2,0,False,False,False,False,0,0,1870.50,1878.00,1861.50,1863.75,1803.25,1857.50,1824.00,1847.00,1806.00
2014-04-28,2014-04-28,2014-05-02,5,30,8347,False,0.00,1861.75,1886.00,1844.00,1872.50,7426899,1.50,29,1867.50,1881.00,1864.50,169,0,0,False,False,True,False,0,0,1878.00,1882.50,1866.00,1882.50,1853.00,1860.25,1872.00,1879.50,1863.00
2014-05-05,2014-05-05,2014-05-09,5,30,8347,False,0.00,1875.50,1884.75,1854.50,1874.75,7777023,1.00,31,1871.00,1876.00,1863.00,241,3,6,False,False,False,False,0,0,1870.00,1875.00,1862.00,1886.00,1844.00,1872.50,1867.50,1881.00,1864.50
2014-05-12,2014-05-12,2014-05-16,5,30,8347,False,0.00,1874.00,1898.50,1859.00,1875.25,7199564,1.00,40,1893.00,1898.00,1871.00,195,0,2,False,False,False,False,0,0,1867.00,1890.00,1859.00,1884.75,1854.50,1874.75,1871.00,1876.00,1863.00
2014-05-19,2014-05-19,2014-05-23,5,30,8347,False,0.00,1876.25,1899.25,1864.75,1896.50,5700714,1.00,36,1881.00,1888.00,1867.00,200,0,0,True,False,False,True,0,0,1881.00,1886.00,1867.00,1898.50,1859.00,1875.25,1893.00,1898.00,1871.00
2014-05-26,2014-05-26,2014-05-30,5,29,8347,False,0.00,1898.00,1922.25,1897.00,1919.00,4105786,1.00,26,1909.00,1918.00,1905.00,134,0,0,True,False,False,True,0,0,1909.00,1918.00,1905.00,1899.25,1864.75,1896.50,1881.00,1888.00,1867.00
2014-06-02,2014-06-02,2014-06-06,5,30,8347,False,0.00,1921.25,1949.75,1913.75,1949.75,5716466,1.00,37,1921.00,1932.00,1915.00,164,0,3,False,False,False,False,0,0,1922.00,1937.00,1916.00,1922.25,1897.00,1919.00,1909.00,1918.00,1905.00
2014-06-09,2014-06-09,2014-06-11,3,18,8347,False,0.00,1949.25,1954.75,1938.50,1944.25,2929627,1.00,17,1948.00,1951.00,1944.00,87,3,0,False,True,False,False,0,0,1947.00,1950.00,1941.00,1949.75,1913.75,1949.75,1921.00,1932.00,1915.00
2014-06-16,2014-06-16,2014-06-20,5,30,111473,True,-7.00,1927.25,1956.75,1919.00,1953.75,5992401,1.00,38,1950.00,1957.00,1930.00,183,0,0,False,False,False,False,0,6,1933.00,1950.00,1923.00,1947.75,1931.50,1937.25,1941.00,1944.00,1937.00
2014-06-23,2014-06-23,2014-06-27,5,30,111473,False,0.00,1952.75,1960.00,1936.25,1952.25,6726360,1.00,25,1950.00,1953.00,1942.00,201,0,0,False,False,False,False,0,0,1952.00,1955.00,1942.00,1956.75,1919.00,1953.75,1950.00,1957.00,1930.00
2014-06-30,2014-06-30,2014-07-04,5,28,111473,False,0.00,1951.75,1978.25,1948.00,1975.50,4415498,1.00,31,1966.00,1979.00,1958.00,133,0,2,False,False,False,False,0,2,1967.00,1978.00,1959.00,1960.00,1936.25,1952.25,1950.00,1953.00,1942.00
2014-07-07,2014-07-07,2014-07-11,5,30,111473,False,0.00,1975.75,1977.50,1945.25,1962.75,7591827,1.00,33,1959.00,1970.00,1955.00,193,0,4,False,False,True,False,0,0,1958.00,1967.00,1954.00,1978.25,1948.00,1975.50,1966.00,1979.00,1958.00
2014-07-14,2014-07-14,2014-07-18,5,30,111473,False,0.00,1962.75,1978.00,1942.50,1971.25,8451377,1.00,37,1972.00,1975.00,1962.00,220,2,6,False,False,False,False,0,0,1971.00,1976.00,1963.00,1977.50,1945.25,1962.75,1959.00,1970.00,1955.00
2014-07-21,2014-07-21,2014-07-25,5,30,111473,False,0.00,1970.25,1985.75,1959.00,1970.75,6422396,1.00,27,1977.00,1984.00,1969.00,171,0,4,False,False,True,False,0,0,1982.00,1983.00,1970.00,1978.00,1942.50,1971.25,1972.00,1975.00,1962.00
2014-07-28,2014-07-28,2014-08-01,5,30,111473,False,0.00,1970.75,1979.50,1910.25,1917.00,10253880,1.00,70,1968.00,1979.00,1932.00,303,0,0,False,False,False,True,0,7,1965.00,1980.00,1927.00,1985.75,1959.00,1970.75,1977.00,1984.00,1969.00
2014-08-04,2014-08-04,2014-08-08,5,30,111473,False,0.00,1919.50,1937.50,1890.25,1923.25,9286686,1.00,48,1914.00,1929.00,1908.00,300,4,0,False,False,False,False,0,0,1922.00,1927.00,1908.00,1979.50,1910.25,1917.00,1968.00,1979.00,1932.00
2014-08-11,2014-08-11,2014-08-15,5,30,111473,False,0.00,1923.50,1961.00,1923.25,1953.75,6292422,1.00,39,1935.00,1948.00,1927.00,216,2,0,False,False,False,True,0,0,1933.00,1948.00,1927.00,1937.50,1890.25,1923.25,1914.00,1929.00,1908.00
2014-08-18,2014-08-18,2014-08-22,5,30,111473,False,0.00,1955.75,1992.00,1955.75,1987.75,4753422,1.00,38,1984.00,1991.00,1972.00,160,0,0,False,False,False,False,0,0,1986.00,1991.00,1974.00,1961.00,1923.25,1953.75,1935.00,1948.00,1927.00
2014-08-25,2014-08-25,2014-08-29,5,29,111473,False,0.00,1990.00,2003.75,1987.50,1998.75,4598158,1.00,17,1997.00,2000.00,1993.00,156,0,0,False,False,False,False,0,0,1998.00,2001.00,1994.00,1992.00,1955.75,1987.75,1984.00,1991.00,1972.00
2014-09-01,2014-09-01,2014-09-05,5,29,111473,False,0.00,1999.00,2011.00,1988.25,2007.50,5654453,1.00,24,2001.00,2006.00,1995.00,190,0,0,False,False,False,True,0,0,2000.00,2007.00,1994.00,2003.75,1987.50,1998.75,1997.00,2000.00,1993.00
2014-09-08,2014-09-08,2014-09-12,5,30,111473,False,0.00,2006.50,2006.75,1979.50,1984.00,6016537,1.00,28,1992.00,1999.00,1986.00,221,0,0,False,True,True,False,0,0,1992.00,1997.00,1984.00,2011.00,1988.25,2007.50,2001.00,2006.00,1995.00
2014-09-15,2014-09-15,2014-09-19,5,30,28095,True,-8.00,1973.75,2014.50,1964.00,2000.25,7099942,1.00,51,1990.00,2015.00,1980.00,216,2,4,False,False,False,False,0,3,2002.00,2011.00,1988.00,1998.75,1971.50,1976.00,1984.00,1991.00,1978.00
2014-09-22,2014-09-22,2014-09-26,2,9,28095,False,0.00,2002.00,2003.00,1956.50,1974.25,3099297,1.00,48,1993.00,2004.00,1971.00,84,4,3,False,False,False,False,0,13,1986.00,2004.00,1966.00,2014.50,1964.00,2000.25,1990.00,2015.00,1980.00
2014-09-29,2014-09-29,2014-10-03,5,30,28095,False,0.00,1974.75,1978.25,1918.25,1959.75,10465869,1.00,61,1962.00,1977.00,1944.00,295,0,15,False,False,False,False,0,0,1940.00,1969.00,1936.00,2003.00,1956.50,1974.25,1993.00,2004.00,1971.00
2014-10-06,2014-10-06,2014-10-10,5,30,28095,False,0.00,1961.00,1971.00,1893.25,1894.25,12551852,1.00,79,1930.00,1955.00,1914.00,403,0,0,False,True,False,False,0,0,1927.00,1952.00,1911.00,1978.25,1918.25,1959.75,1962.00,1977.00,1944.00
2014-10-13,2014-10-13,2014-10-17,5,30,28095,False,0.00,1892.00,1906.00,1813.00,1880.25,16627202,1.50,63,1873.50,1890.00,1840.50,426,0,2,False,False,True,False,0,0,1873.50,1902.00,1849.50,1971.00,1893.25,1894.25,1930.00,1955.00,1914.00
2014-10-20,2014-10-20,2014-10-24,5,30,28095,False,0.00,1884.00,1961.25,1872.25,1960.50,9507191,1.50,60,1938.00,1960.50,1911.00,259,0,4,True,False,False,False,0,4,1945.50,1956.00,1921.50,1906.00,1813.00,1880.25,1873.50,1890.00,1840.50
2014-10-27,2014-10-27,2014-10-31,5,30,28095,False,0.00,1960.25,2016.75,1944.50,2009.25,8791559,2.00,37,1976.00,1990.00,1952.00,180,0,0,False,False,False,True,3,0,1974.00,1992.00,1954.00,1961.25,1872.25,1960.50,1938.00,1960.50,1911.00
2014-11-03,2014-11-03,2014-11-07,5,30,28095,False,0.00,2011.25,2033.50,1995.25,2025.75,7151575,2.00,20,2010.00,2024.00,2006.00,143,0,4,False,False,True,False,0,0,2014.00,2024.00,2006.00,2016.75,1944.50,2009.25,1976.00,1990.00,1952.00
2014-11-10,2014-11-10,2014-11-14,5,30,28095,False,0.00,2025.75,2043.75,2021.00,2039.25,5376602,2.00,12,2034.00,2040.00,2030.00,117,0,0,False,False,True,False,0,0,2034.00,2040.00,2030.00,2033.50,1995.25,2025.75,2010.00,2024.00,2006.00
2014-11-17,2014-11-17,2014-11-21,5,30,28095,False,0.00,2038.50,2072.25,2025.25,2061.75,6079721,1.50,32,2046.00,2056.50,2031.00,167,2,0,False,False,False,True,0,0,2038.50,2052.00,2032.50,2043.75,2021.00,2039.25,2034.00,2040.00,2030.00
2014-11-24,2014-11-24,2014-11-28,5,28,28095,False,0.00,2062.25,2075.25,2060.75,2066.75,3265292,1.50,11,2068.50,2073.00,2065.50,113,0,0,False,False,True,False,0,0,2067.00,2071.50,2064.00,2072.25,2025.25,2061.75,2046.00,2056.50,2031.00
2014-12-01,2014-12-01,2014-12-05,5,30,28095,False,0.00,2063.25,2079.00,2048.25,2076.50,5986076,1.00,32,2072.00,2077.00,2056.00,212,2,0,False,False,False,False,0,0,2074.00,2077.00,2058.00,2075.25,2060.75,2066.75,2068.50,2073.00,2065.50
2014-12-08,2014-12-08,2014-12-12,5,30,28095,False,0.00,2075.75,2077.50,1996.50,1999.50,8048363,1.00,82,2030.00,2059.00,2022.00,366,0,0,False,True,False,False,3,0,2053.00,2062.00,2031.00,2079.00,2048.25,2076.50,2072.00,2077.00,2056.00
2014-12-15,2014-12-15,2014-12-19,5,30,50393,True,-6.75,1992.00,2076.25,1961.50,2063.75,11127979,1.00,116,1990.00,2013.00,1964.00,470,0,2,True,False,False,False,24,0,1986.00,2031.00,1962.00,2070.75,1989.75,1992.75,2023.25,2052.25,2015.25
2014-12-22,2014-12-22,2014-12-26,4,23,50393,False,0.00,2065.00,2088.75,2064.00,2085.50,2165588,1.00,25,2081.00,2084.00,2071.00,125,0,0,False,False,False,False,0,0,2079.00,2088.00,2073.00,2076.25,1961.50,2063.75,1990.00,2013.00,1964.00
2014-12-29,2014-12-29,2015-01-02,3,18,50393,False,0.00,2086.00,2088.75,2038.75,2046.25,2707667,1.50,34,2083.50,2089.50,2059.50,106,0,2,False,False,True,False,0,0,2086.50,2089.50,2050.50,2088.75,2064.00,2085.50,2081.00,2084.00,2071.00
2015-01-05,2015-01-05,2015-01-09,5,30,50393,False,0.00,2045.75,2062.00,1984.25,2033.50,9581853,1.50,53,2016.00,2041.50,1995.00,260,2,3,False,False,False,False,0,0,2017.50,2040.00,1990.50,2088.75,2038.75,2046.25,2083.50,2089.50,2059.50
2015-01-12,2015-01-12,2015-01-16,5,30,50393,False,0.00,2034.50,2051.75,1970.25,2014.00,10872660,1.50,55,2007.00,2026.50,1986.00,401,0,0,False,False,True,False,0,0,1993.50,2019.00,1984.50,2062.00,1984.25,2033.50,2016.00,2041.50,1995.00
2015-01-19,2015-01-19,2015-01-23,5,29,50393,False,0.00,2013.50,2062.50,1997.50,2043.25,6626088,2.00,34,2018.00,2036.00,2002.00,199,0,3,False,False,True,False,0,0,2016.00,2042.00,2000.00,2051.75,1970.25,2014.00,2007.00,2026.50,1986.00
2015-01-26,2015-01-26,2015-01-30,5,30,50393,False,0.00,2035.00,2055.00,1982.00,1989.75,9759366,2.00,37,2034.00,2048.00,2002.00,236,0,0,False,False,True,False,0,0,1996.00,2030.00,1988.00,2062.50,1997.50,2043.25,2018.00,2036.00,2002.00
2015-02-02,2015-02-02,2015-02-06,5,30,50393,False,0.00,1990.50,2068.00,1973.75,2056.00,8489543,2.00,49,2038.00,2060.00,2010.00,211,2,5,False,False,False,False,0,0,2038.00,2068.00,2026.00,2055.00,1982.00,1989.75,2034.00,2048.00,2002.00
2015-02-09,2015-02-09,2015-02-13,5,30,50393,False,0.00,2050.00,2095.00,2036.50,2094.75,6588878,2.00,30,2044.00,2074.00,2040.00,157,0,0,False,False,False,False,0,0,2062.00,2080.00,2038.00,2068.00,1973.75,2056.00,2038.00,2060.00,2010.00
2015-02-16,2015-02-16,2015-02-20,5,29,50393,False,0.00,2091.25,2108.75,2080.75,2107.25,5069851,2.00,15,2092.00,2098.00,2088.00,118,0,0,True,False,False,True,0,0,2092.00,2098.00,2088.00,2095.00,2036.50,2094.75,2044.00,2074.00,2040.00
2015-02-23,2015-02-23,2015-02-27,5,30,50393,False,0.00,2107.25,2117.75,2099.75,2104.50,5237768,2.00,10,2106.00,2112.00,2102.00,108,0,0,False,False,True,False,0,0,2110.00,2112.00,2102.00,2108.75,2080.75,2107.25,2092.00,2098.00,2088.00
2015-03-02,2015-03-02,2015-03-06,5,30,50393,False,0.00,2104.00,2115.50,2065.50,2072.25,6837336,1.00,51,2097.00,2110.00,2091.00,225,0,0,False,True,False,False,0,8,2099.00,2110.00,2089.00,2117.75,2099.75,2104.50,2106.00,2112.00,2102.00
2015-03-09,2015-03-09,2015-03-13,5,30,50393,False,0.00,2073.50,2082.50,2038.25,2050.75,6261141,1.00,45,2047.00,2066.00,2039.00,268,0,0,False,False,False,True,0,0,2046.00,2061.00,2040.00,2115.50,2065.50,2072.25,2097.00,2110.00,2091.00
2015-03-16,2015-03-16,2015-03-20,5,30,85974,True,-7.75,2043.00,2106.75,2037.25,2099.75,6517771,1.00,70,2067.00,2088.00,2047.00,288,0,4,False,False,True,False,0,2,2059.00,2090.00,2053.00,2074.75,2030.50,2043.00,2039.25,2058.25,2031.25
2015-03-23,2015-03-23,2015-03-27,5,30,85974,False,0.00,2097.75,2107.00,2033.25,2052.25,6921063,1.00,75,2052.00,2091.00,2034.00,313,0,2,False,False,False,False,11,0,2049.00,2086.00,2035.00,2106.75,2037.25,2099.75,2067.00,2088.00,2047.00
2015-03-30,2015-03-30,2015-04-03,5,28,85974,False,0.00,2052.75,2081.75,2033.50,2039.75,5763379,1.00,49,2060.00,2067.00,2044.00,318,0,5,False,False,False,False,0,0,2059.00,2070.00,2045.00,2107.00,2033.25,2052.25,2052.00,2091.00,2034.00
2015-04-06,2015-04-06,2015-04-10,5,30,85974,False,0.00,2039.50,2096.25,2038.75,2095.75,5274003,1.00,59,2072.00,2081.00,2064.00,272,0,4,True,False,False,False,0,12,2074.00,2081.00,2068.00,2081.75,2033.50,2039.75,2060.00,2067.00,2044.00
2015-04-13,2015-04-13,2015-04-17,5,30,85974,False,0.00,2095.25,2105.50,2064.50,2076.25,6298017,1.50,28,2089.50,2103.00,2086.50,181,0,0,False,True,True,False,0,0,2098.50,2103.00,2080.50,2096.25,2038.75,2095.75,2072.00,2081.00,2064.00
2015-04-20,2015-04-20,2015-04-24,5,30,85974,False,0.00,2081.00,2114.75,2078.50,2111.75,5657752,1.50,25,2094.00,2104.50,2082.00,193,0,0,False,False,True,False,0,0,2094.00,2110.50,2088.00,2105.50,2064.50,2076.25,2089.50,2103.00,2086.50
2015-04-27,2015-04-27,2015-05-01,5,30,85974,False,0.00,2113.25,2119.75,2070.25,2102.25,7450086,1.50,34,2095.50,2112.00,2089.50,191,0,7,False,False,False,False,0,0,2100.00,2110.50,2088.00,2114.75,2078.50,2111.75,2094.00,2104.50,2082.00
2015-05-04,2015-05-04,2015-05-08,5,30,85974,False,0.00,2101.75,2115.00,2057.00,2107.75,7149901,1.50,40,2086.50,2100.00,2059.50,214,0,0,False,False,True,False,0,0,2110.50,2115.00,2080.50,2119.75,2070.25,2102.25,2095.50,2112.00,2089.50
2015-05-11,2015-05-11,2015-05-15,5,30,85974,False,0.00,2110.00,2122.75,2079.25,2120.00,6070180,1.50,30,2098.50,2118.00,2092.50,181,0,0,False,False,True,True,0,0,2094.00,2116.50,2091.00,2115.00,2057.00,2107.75,2086.50,2100.00,2059.50
2015-05-18,2015-05-18,2015-05-22,5,30,85974,False,0.00,2119.25,2134.00,2112.25,2124.50,4465066,1.50,15,2125.50,2130.00,2119.50,142,0,0,False,False,False,True,0,0,2124.00,2128.50,2121.00,2122.75,2079.25,2120.00,2098.50,2118.00,2092.50
2015-05-25,2015-05-25,2015-05-29,5,29,85974,False,0.00,2124.50,2127.00,2096.00,2106.00,5616343,1.50,22,2119.50,2124.00,2107.50,158,0,0,False,False,False,True,0,0,2112.00,2119.50,2103.00,2134.00,2112.25,2124.50,2125.50,2130.00,2119.50
2015-06-01,2015-06-01,2015-06-05,5,30,85974,False,0.00,2107.00,2120.75,2083.50,2091.50,7213850,1.00,38,2108.00,2117.00,2100.00,286,0,5,False,False,False,False,0,0,2112.00,2117.00,2098.00,2127.00,2096.00,2106.00,2119.50,2124.00,2107.50
2015-06-08,2015-06-08,2015-06-12,5,30,85974,False,0.00,2092.00,2114.75,2068.75,2093.25,5620329,1.00,47,2081.00,2104.00,2071.00,249,0,0,False,False,False,True,0,0,2105.00,2114.00,2083.00,2120.75,2083.50,2091.50,2108.00,2117.00,2100.00
2015-06-15,2015-06-15,2015-06-19,5,30,58738,True,-8.25,2078.75,2119.25,2062.00,2097.00,6480125,1.00,58,2090.00,2097.00,2064.00,281,2,0,False,False,False,True,0,0,2113.00,2118.00,2081.00,2106.50,2060.50,2085.00,2072.75,2095.75,2062.75
2015-06-22,2015-06-22,2015-06-26,5,30,58738,False,0.00,2105.75,2122.00,2086.25,2095.50,5611957,1.00,37,2115.00,2120.00,2101.00,231,2,3,False,False,False,False,0,0,2115.00,2120.00,2099.00,2119.25,2062.00,2097.00,2090.00,2097.00,2064.00
2015-06-29,2015-06-29,2015-07-03,5,29,58738,False,0.00,2064.00,2083.25,2046.75,2067.00,7493400,1.50,25,2068.50,2076.00,2059.50,220,0,0,False,False,True,True,0,0,2064.00,2074.50,2055.00,2122.00,2086.25,2095.50,2115.00,2120.00,2101.00
2015-07-06,2015-07-06,2015-07-10,5,30,58738,False,0.00,2037.25,2078.00,2034.25,2070.50,10325564,1.50,30,2058.00,2068.50,2046.00,285,0,0,False,False,False,True,0,0,2056.50,2070.00,2047.50,2083.25,2046.75,2067.00,2068.50,2076.00,2059.50
2015-07-13,2015-07-13,2015-07-17,5,30,58738,False,0.00,2054.75,2120.00,2052.00,2119.75,5412511,1.50,46,2101.50,2121.00,2089.50,155,0,5,False,False,False,False,0,7,2115.00,2119.50,2097.00,2078.00,2034.25,2070.50,2058.00,2068.50,2046.00
2015-07-20,2015-07-20,2015-07-24,5,30,58738,False,0.00,2118.00,2126.25,2069.75,2078.75,6467829,1.50,39,2119.50,2124.00,2098.50,167,0,0,False,True,False,False,0,7,2106.00,2125.50,2097.00,2120.00,2052.00,2119.75,2101.50,2121.00,2089.50
2015-07-27,2015-07-27,2015-07-31,5,30,58738,False,0.00,2078.25,2109.25,2056.50,2099.25,7774203,1.00,54,2101.00,2110.00,2073.00,282,2,0,False,False,False,True,0,3,2100.00,2109.00,2072.00,2126.25,2069.75,2078.75,2119.50,2124.00,2098.50
2015-08-03,2015-08-03,2015-08-07,5,30,58738,False,0.00,2098.75,2107.00,2062.00,2072.50,7411452,1.00,46,2091.00,2100.00,2081.00,274,3,0,False,False,False,False,0,0,2094.00,2099.00,2074.00,2109.25,2056.50,2099.25,2101.00,2110.00,2073.00
2015-08-10,2015-08-10,2015-08-14,5,30,58738,False,0.00,2072.00,2101.75,2046.50,2089.75,7872507,1.00,56,2078.00,2093.00,2072.00,354,0,7,False,False,True,False,0,0,2080.00,2095.00,2072.00,2107.00,2062.00,2072.50,2091.00,2100.00,2081.00
2015-08-17,2015-08-17,2015-08-21,5,30,58738,False,0.00,2089.50,2103.75,1967.25,1968.25,11434109,1.00,137,2090.00,2103.00,2026.00,413,0,0,False,True,False,False,0,18,2093.00,2102.00,2017.00,2101.75,2046.50,2089.75,2078.00,2093.00,2072.00
2015-08-24,2015-08-24,2015-08-28,5,30,58738,False,0.00,1964.50,1992.75,1831.00,1986.25,17258308,1.50,109,1903.50,1950.00,1873.50,709,0,13,False,False,False,False,0,0,1981.50,1989.00,1906.50,2103.75,1967.25,1968.25,2090.00,2103.00,2026.00
2015-08-31,2015-08-31,2015-09-04,5,30,58738,False,0.00,1986.25,1987.75,1898.75,1918.00,10975381,1.50,61,1933.50,1956.00,1912.50,411,3,6,False,False,False,False,0,0,1921.50,1953.00,1906.50,1992.75,1831.00,1986.25,1903.50,1950.00,1873.50
2015-09-07,2015-09-07,2015-09-11,5,29,58738,False,0.00,1916.75,1992.00,1915.75,1962.00,5962712,2.00,40,1954.00,1960.00,1930.00,263,2,6,False,False,False,False,0,0,1948.00,1962.00,1936.00,1987.75,1898.75,1918.00,1933.50,1956.00,1912.50
2015-09-14,2015-09-14,2015-09-18,5,30,13950,True,-10.00,1953.75,2011.75,1935.25,1950.25,7911157,2.00,39,1946.00,1976.00,1938.00,210,8,0,False,False,False,False,0,0,1984.00,1994.00,1952.00,1982.00,1905.75,1952.00,1944.00,1950.00,1920.00
2015-09-21,2015-09-21,2015-09-25,5,30,13950,False,0.00,1949.25,1969.00,1897.25,1915.25,9204171,2.00,37,1926.00,1948.00,1914.00,270,2,3,False,False,False,False,0,0,1922.00,1940.00,1906.00,2011.75,1935.25,1950.25,1946.00,1976.00,1938.00
2015-09-28,2015-09-28,2015-10-02,5,30,13950,False,0.00,1915.50,1943.75,1861.00,1943.00,11403848,2.00,42,1910.00,1924.00,1882.00,287,0,0,True,False,False,True,0,0,1902.00,1912.00,1874.00,1969.00,1897.25,1915.25,1926.00,1948.00,1914.00
2015-10-05,2015-10-05,2015-10-09,5,30,13950,False,0.00,1941.00,2014.00,1937.25,2006.50,8370762,2.00,40,1974.00,1996.00,1954.00,198,0,0,False,False,False,False,3,3,1980.00,1990.00,1960.00,1943.75,1861.00,1943.00,1910.00,1924.00,1882.00
2015-10-12,2015-10-12,2015-10-16,5,30,13950,False,0.00,2005.25,2026.50,1982.50,2026.25,7120465,2.00,23,1992.00,2014.00,1988.00,160,0,0,True,False,False,False,0,0,1994.00,2012.00,1986.00,2014.00,1937.25,2006.50,1974.00,1996.00,1954.00
2015-10-19,2015-10-19,2015-10-23,5,30,13950,False,0.00,2024.50,2074.50,2007.50,2065.00,8477729,2.00,35,2022.00,2036.00,2010.00,173,0,0,False,False,False,False,0,0,2022.00,2048.00,2014.00,2026.50,1982.50,2026.25,1992.00,2014.00,1988.00
2015-10-26,2015-10-26,2015-10-30,5,30,13950,False,0.00,2066.00,2094.75,2051.25,2074.00,7456453,2.00,23,2060.00,2082.00,2056.00,157,0,0,False,False,False,False,0,0,2080.00,2086.00,2060.00,2074.50,2007.50,2065.00,2022.00,2036.00,2010.00
2015-11-02,2015-11-02,2015-11-06,5,30,13950,False,0.00,2073.00,2110.25,2064.25,2093.50,7534581,2.00,24,2094.00,2108.00,2086.00,160,0,0,False,False,False,True,0,0,2094.00,2104.00,2086.00,2094.75,2051.25,2074.00,2060.00,2082.00,2056.00
2015-11-09,2015-11-09,2015-11-13,5,30,13950,False,0.00,2092.00,2097.75,2011.50,2013.00,8221020,1.50,58,2074.50,2097.00,2056.50,220,0,0,False,True,False,False,0,2,2073.00,2086.50,2046.00,2110.25,2064.25,2093.50,2094.00,2108.00,2086.00
2015-11-16,2015-11-16,2015-11-20,5,30,13950,False,0.00,2006.50,2094.50,1998.50,2088.75,7391731,1.50,65,2046.00,2077.50,2004.00,232,0,6,False,False,False,False,5,5,2079.00,2095.50,2049.00,2097.75,2011.50,2013.00,2074.50,2097.00,2056.50
2015-11-23,2015-11-23,2015-11-27,5,28,13950,False,0.00,2089.75,2098.25,2065.50,2090.50,3863268,1.50,22,2085.00,2092.50,2082.00,169,0,0,False,False,True,False,0,0,2086.50,2091.00,2080.50,2094.50,1998.50,2088.75,2046.00,2077.50,2004.00
2015-11-30,2015-11-30,2015-12-04,5,30,13950,False,0.00,2089.50,2105.00,2040.00,2088.50,9345159,1.50,44,2085.00,2104.50,2076.00,236,0,4,False,False,True,False,0,0,2086.50,2097.00,2068.50,2098.25,2065.50,2090.50,2085.00,2092.50,2082.00
2015-12-07,2015-12-07,2015-12-11,5,30,13950,False,0.00,2092.25,2095.50,2005.00,2007.00,8394133,1.50,62,2050.50,2082.00,2041.50,308,0,0,False,True,False,False,0,0,2062.50,2076.00,2044.50,2105.00,2040.00,2088.50,2085.00,2104.50,2076.00
2015-12-14,2015-12-14,2015-12-18,5,30,49705,True,-8.50,1999.50,2072.75,1983.25,1994.75,9214249,1.50,60,2014.50,2046.00,1999.50,332,0,5,False,False,True,False,0,0,2041.50,2070.00,2011.50,2087.00,1996.50,1998.50,2042.00,2073.50,2033.00
2015-12-21,2015-12-21,2015-12-24,4,23,49705,False,0.00,1997.25,2059.75,1995.25,2050.75,3737009,2.00,33,2014.00,2036.00,1994.00,132,0,0,False,False,False,True,0,0,2010.00,2044.00,1994.00,2072.75,1983.25,1994.75,2014.50,2046.00,1999.50
2015-12-28,2015-12-28,2015-12-31,4,24,49705,False,0.00,2051.25,2075.00,2030.25,2035.75,3264982,2.00,23,2050.00,2064.00,2038.00,115,0,0,False,True,True,False,0,0,2064.00,2074.00,2044.00,2059.75,1995.25,2050.75,2014.00,2036.00,1994.00
2016-01-04,2016-01-04,2016-01-08,5,30,49705,False,0.00,2037.75,2043.50,1910.00,1913.25,11743449,2.00,67,1994.00,2020.00,1950.00,318,5,0,False,True,False,False,2,0,1938.00,1992.00,1910.00,2075.00,2030.25,2035.75,2050.00,2064.00,2038.00
2016-01-11,2016-01-11,2016-01-15,5,30,49705,False,0.00,1909.25,1946.50,1849.25,1876.50,14251668,2.00,50,1912.00,1938.00,1888.00,352,0,5,False,False,False,False,0,0,1916.00,1934.00,1880.00,2043.50,1910.00,1913.25,1994.00,2020.00,1950.00
2016-01-18,2016-01-18,2016-01-22,5,29,49705,False,0.00,1869.75,1907.50,1804.25,1899.25,11514517,2.00,52,1868.00,1894.00,1852.00,336,0,12,False,False,True,False,0,0,1864.00,1902.00,1848.00,1946.50,1849.25,1876.50,1912.00,1938.00,1888.00
2016-01-25,2016-01-25,2016-01-29,5,30,49705,False,0.00,1899.50,1933.00,1851.25,1931.25,10142924,2.00,42,1888.00,1902.00,1876.00,284,0,5,True,False,False,False,2,0,1888.00,1898.00,1868.00,1907.50,1804.25,1899.25,1868.00,1894.00,1852.00
2016-02-01,2016-02-01,2016-02-05,5,30,49705,False,0.00,1929.75,1940.00,1865.00,1873.75,11212804,2.00,39,1908.00,1926.00,1892.00,263,4,0,False,False,False,True,0,0,1904.00,1926.00,1888.00,1933.00,1851.25,1931.25,1888.00,1902.00,1876.00
2016-02-08,2016-02-08,2016-02-12,5,30,49705,False,0.00,1876.25,1884.50,1802.50,1860.00,12964310,3.00,29,1836.00,1863.00,1824.00,232,0,0,False,False,True,False,0,0,1848.00,1863.00,1824.00,1940.00,1865.00,1873.75,1908.00,1926.00,1892.00
2016-02-15,2016-02-15,2016-02-19,5,29,49705,False,0.00,1865.25,1933.50,1865.00,1914.25,7025210,3.00,24,1884.00,1917.00,1872.00,133,0,2,False,False,False,False,0,0,1920.00,1929.00,1896.00,1884.50,1802.50,1860.00,1836.00,1863.00,1824.00
2016-02-22,2016-02-22,2016-02-26,5,30,49705,False,0.00,1911.00,1968.75,1886.75,1941.25,8996092,3.00,29,1929.00,1950.00,1905.00,148,0,0,False,False,False,False,0,0,1938.00,1959.00,1920.00,1933.50,1865.00,1914.25,1884.00,1917.00,1872.00
2016-02-29,2016-02-29,2016-03-04,5,30,49705,False,0.00,1943.00,2007.50,1920.75,1994.75,9326645,2.00,44,1978.00,2008.00,1942.00,214,0,0,False,False,True,False,0,4,1976.00,2006.00,1964.00,1968.75,1886.75,1941.25,1929.00,1950.00,1905.00
2016-03-07,2016-03-07,2016-03-11,5,30,49705,False,0.00,1994.50,2022.25,1967.25,2021.00,7870535,2.00,29,1990.00,2000.00,1978.00,204,0,2,True,False,False,False,0,0,1984.00,1998.00,1980.00,2007.50,1920.75,1994.75,1978.00,2008.00,1942.00
2016-03-14,2016-03-14,2016-03-18,5,30,6505,True,-9.25,2010.00,2042.75,1995.00,2038.75,7513757,2.00,25,2008.00,2026.00,1996.00,153,0,0,False,False,False,True,0,0,2006.00,2032.00,1998.00,2013.00,1958.00,2011.75,1980.75,1990.75,1968.75
2016-03-21,2016-03-21,2016-03-24,4,24,6505,False,0.00,2036.50,2047.50,2012.25,2030.25,5832525,1.50,25,2038.50,2046.00,2029.50,153,0,0,False,False,True,False,0,0,2034.00,2044.50,2025.00,2042.75,1995.00,2038.75,2008.00,2026.00,1996.00
2016-03-28,2016-03-28,2016-04-01,5,30,6505,False,0.00,2030.25,2067.00,2019.25,2064.75,7819415,1.50,33,2049.00,2062.50,2034.00,192,0,2,True,False,False,False,0,0,2056.50,2067.00,2041.50,2047.50,2012.25,2030.25,2038.50,2046.00,2029.50
2016-04-04,2016-04-04,2016-04-08,5,30,6505,False,0.00,2064.00,2071.50,2026.00,2041.75,8876377,1.50,32,2044.50,2055.00,2035.50,222,0,3,False,False,True,False,0,0,2040.00,2053.50,2034.00,2067.00,2019.25,2064.75,2049.00,2062.50,2034.00
2016-04-11,2016-04-11,2016-04-15,5,30,6505,False,0.00,2041.00,2081.75,2029.25,2074.75,7679562,1.50,36,2074.50,2082.00,2041.50,191,0,3,False,False,False,False,0,0,2074.50,2082.00,2047.50,2071.50,2026.00,2041.75,2044.50,2055.00,2035.50
2016-04-18,2016-04-18,2016-04-22,5,30,6505,False,0.00,2064.25,2105.25,2058.50,2086.00,7518763,1.00,48,2086.00,2099.00,2080.00,269,0,2,False,False,False,False,0,0,2086.00,2097.00,2082.00,2081.75,2029.25,2074.75,2074.50,2082.00,2041.50
2016-04-25,2016-04-25,2016-04-29,5,30,6505,False,0.00,2091.50,2094.25,2045.75,2060.25,8218737,1.00,50,2084.00,2091.00,2072.00,329,0,0,False,False,True,False,0,0,2083.00,2092.00,2069.00,2105.25,2058.50,2086.00,2086.00,2099.00,2080.00
2016-05-02,2016-05-02,2016-05-06,5,30,6505,False,0.00,2060.75,2077.50,2030.50,2054.25,7898229,1.00,48,2053.00,2062.00,2041.00,286,0,3,False,False,False,False,0,0,2043.00,2060.00,2041.00,2094.25,2045.75,2060.25,2084.00,2091.00,2072.00
2016-05-09,2016-05-09,2016-05-13,5,30,6505,False,0.00,2053.00,2079.75,2038.50,2042.50,7868721,1.50,28,2058.00,2068.50,2049.00,200,0,0,False,True,False,False,0,0,2053.50,2073.00,2050.50,2077.50,2030.50,2054.25,2053.00,2062.00,2041.00
2016-05-16,2016-05-16,2016-05-20,5,30,6505,False,0.00,2041.25,2069.50,2022.00,2050.00,9080000,1.50,32,2044.50,2055.00,2035.50,210,0,2,False,False,True,False,0,0,2043.00,2056.50,2034.00,2079.75,2038.50,2042.50,2058.00,2068.50,2049.00
2016-05-23,2016-05-23,2016-05-27,5,30,6505,False,0.00,2053.25,2098.75,2041.25,2098.50,6178708,1.50,40,2089.50,2100.00,2050.50,165,0,0,True,False,False,False,0,6,2086.50,2097.00,2068.50,2069.50,2022.00,2050.00,2044.50,2055.00,2035.50
2016-05-30,2016-05-30,2016-06-03,5,29,6505,False,0.00,2100.00,2106.00,2082.75,2097.25,5872464,1.50,17,2095.50,2103.00,2089.50,155,0,0,False,False,False,True,0,0,2092.50,2100.00,2089.50,2098.75,2041.25,2098.50,2089.50,2100.00,2050.50
2016-06-06,2016-06-06,2016-06-10,5,30,6505,False,0.00,2097.50,2119.75,2088.50,2095.75,5284192,1.50,22,2110.50,2118.00,2101.50,149,0,0,False,True,False,False,0,0,2110.50,2118.00,2104.50,2106.00,2082.75,2097.25,2095.50,2103.00,2089.50
2016-06-13,2016-06-13,2016-06-17,5,30,2615,True,-9.25,2080.00,2089.25,2040.75,2059.75,9358894,1.50,33,2067.00,2074.50,2055.00,225,0,2,False,False,False,False,0,0,2062.50,2076.00,2056.50,2110.50,2079.25,2086.50,2101.25,2108.75,2092.25
2016-06-20,2016-06-20,2016-06-24,5,30,2615,False,0.00,2071.00,2119.50,1999.00,2018.25,9826378,1.00,121,2081.00,2108.00,2043.00,527,6,0,False,False,False,False,0,0,2082.00,2111.00,2052.00,2089.25,2040.75,2059.75,2067.00,2074.50,2055.00
2016-06-27,2016-06-27,2016-07-01,5,30,2615,False,0.00,2013.75,2100.75,1981.50,2096.25,11223734,1.00,120,2011.00,2066.00,1981.00,386,3,0,False,False,False,True,18,0,2096.00,2101.00,2010.00,2119.50,1999.00,2018.25,2081.00,2108.00,2043.00
2016-07-04,2016-07-04,2016-07-08,5,29,2615,False,0.00,2099.75,2125.50,2065.75,2120.75,7496522,1.50,41,2089.50,2100.00,2074.50,218,0,0,True,False,False,True,6,0,2079.00,2101.50,2070.00,2100.75,1981.50,2096.25,2011.00,2066.00,1981.00
2016-07-11,2016-07-11,2016-07-15,5,30,2615,False,0.00,2120.25,2168.00,2120.00,2146.00,8017859,1.50,33,2143.50,2166.00,2140.50,185,0,2,False,False,False,False,0,0,2145.00,2161.50,2139.00,2125.50,2065.75,2120.75,2089.50,2100.00,2074.50
2016-07-18,2016-07-18,2016-07-22,5,30,2615,False,0.00,2154.50,2170.25,2151.25,2167.50,5877250,1.50,13,2157.00,2164.50,2154.00,146,0,0,False,False,True,True,0,0,2160.00,2167.50,2154.00,2168.00,2120.00,2146.00,2143.50,2166.00,2140.50
2016-07-25,2016-07-25,2016-07-29,5,30,2615,False,0.00,2167.75,2172.50,2152.00,2171.00,7780006,1.50,15,2163.00,2167.50,2157.00,171,0,0,False,False,False,False,0,0,2160.00,2167.50,2157.00,2170.25,2151.25,2167.50,2157.00,2164.50,2154.00
2016-08-01,2016-08-01,2016-08-05,5,30,2615,False,0.00,2174.00,2178.50,2141.50,2177.50,7558427,1.00,38,2162.00,2173.00,2152.00,227,0,2,False,False,True,False,0,0,2159.00,2166.00,2147.00,2172.50,2152.00,2171.00,2163.00,2167.50,2157.00
2016-08-08,2016-08-08,2016-08-12,5,30,2615,False,0.00,2176.00,2185.25,2167.75,2181.25,6069305,1.00,19,2176.00,2183.00,2174.00,164,0,3,False,False,False,False,0,0,2177.00,2184.00,2175.00,2178.50,2141.50,2177.50,2162.00,2173.00,2152.00
2016-08-15,2016-08-15,2016-08-19,5,30,2615,False,0.00,2180.75,2190.75,2165.50,2182.50,6764828,1.00,26,2178.00,2185.00,2174.00,181,0,4,False,False,True,False,0,0,2179.00,2184.00,2173.00,2185.25,2167.75,2181.25,2176.00,2183.00,2174.00
2016-08-22,2016-08-22,2016-08-26,5,30,2615,False,0.00,2181.75,2191.50,2157.50,2167.25,8146261,1.00,35,2174.00,2187.00,2172.00,223,0,0,False,True,True,False,0,0,2180.00,2185.00,2168.00,2190.75,2165.50,2182.50,2178.00,2185.00,2174.00
2016-08-29,2016-08-29,2016-09-02,5,30,2615,False,0.00,2167.75,2183.75,2154.75,2179.25,7986997,1.00,30,2168.00,2177.00,2164.00,216,0,5,False,False,True,False,0,0,2179.00,2180.00,2165.00,2191.50,2157.50,2167.25,2174.00,2187.00,2172.00
2016-09-05,2016-09-05,2016-09-09,5,29,2615,False,0.00,2179.25,2189.25,2119.75,2121.25,5712402,1.00,71,2178.00,2189.00,2170.00,196,2,0,False,True,False,False,0,27,2181.00,2186.00,2177.00,2183.75,2154.75,2179.25,2168.00,2177.00,2164.00
2016-09-12,2016-09-12,2016-09-16,5,30,2928,True,-6.75,2115.00,2156.00,2100.25,2132.50,11903491,1.00,57,2128.00,2137.00,2112.00,340,6,0,False,False,False,True,0,0,2127.00,2134.00,2117.00,2182.50,2113.00,2114.50,2171.25,2182.25,2163.25
2016-09-19,2016-09-19,2016-09-23,5,30,2928,False,0.00,2132.25,2172.75,2126.25,2157.50,7678490,1.00,47,2139.00,2156.00,2127.00,264,0,0,False,False,True,False,5,0,2141.00,2160.00,2127.00,2156.00,2100.25,2132.50,2128.00,2137.00,2112.00
2016-09-26,2016-09-26,2016-09-30,5,30,2928,False,0.00,2156.25,2168.25,2132.75,2156.75,9230420,1.00,37,2149.00,2158.00,2139.00,327,0,0,False,False,False,False,0,0,2146.00,2157.00,2138.00,2172.75,2126.25,2157.50,2139.00,2156.00,2127.00
2016-10-03,2016-10-03,2016-10-07,5,30,2928,False,0.00,2158.75,2164.00,2136.00,2146.50,8049241,1.00,29,2153.00,2158.00,2145.00,242,0,2,False,False,False,False,0,0,2154.00,2157.00,2148.00,2168.25,2132.75,2156.75,2149.00,2158.00,2139.00
2016-10-10,2016-10-10,2016-10-14,5,30,2928,False,0.00,2152.00,2163.50,2107.75,2126.25,8649219,1.50,38,2128.50,2142.00,2113.50,211,0,0,False,False,True,True,0,0,2130.00,2143.50,2118.00,2164.00,2136.00,2146.50,2153.00,2158.00,2145.00
2016-10-17,2016-10-17,2016-10-21,5,30,2928,False,0.00,2126.25,2144.50,2116.75,2136.00,6307325,1.50,19,2133.00,2140.50,2124.00,169,0,0,False,False,False,True,0,0,2134.50,2139.00,2125.50,2163.50,2107.75,2126.25,2128.50,2142.00,2113.50
2016-10-24,2016-10-24,2016-10-28,5,30,2928,False,0.00,2137.00,2149.75,2112.50,2123.75,7896539,1.50,26,2134.50,2145.00,2125.50,181,0,0,False,False,False,False,0,0,2133.00,2140.50,2121.00,2144.50,2116.75,2136.00,2133.00,2140.50,2124.00
2016-10-31,2016-10-31,2016-11-04,5,30,2928,False,0.00,2120.00,2130.50,2078.75,2081.50,9445853,1.00,53,2092.00,2109.00,2078.00,289,0,0,False,False,True,False,5,0,2098.00,2105.00,2080.00,2149.75,2112.50,2123.75,2134.50,2145.00,2125.50
2016-11-07,2016-11-07,2016-11-11,5,30,2928,False,0.00,2106.00,2180.50,2028.50,2160.50,13730756,1.00,153,2160.00,2179.00,2106.00,610,2,22,False,False,False,False,0,0,2157.00,2178.00,2125.00,2130.50,2078.75,2081.50,2092.00,2109.00,2078.00
2016-11-14,2016-11-14,2016-11-18,5,30,2928,False,0.00,2164.50,2187.50,2152.25,2180.25,7116292,1.00,36,2181.00,2184.00,2165.00,237,2,4,False,False,False,False,0,0,2179.00,2186.00,2167.00,2180.50,2028.50,2160.50,2160.00,2179.00,2106.00
2016-11-21,2016-11-21,2016-11-25,5,28,2928,False,0.00,2179.50,2211.75,2178.50,2211.50,4066726,1.00,34,2200.00,2207.00,2192.00,171,0,0,True,False,False,False,0,0,2199.00,2202.00,2191.00,2187.50,2152.25,2180.25,2181.00,2184.00,2165.00
2016-11-28,2016-11-28,2016-12-02,5,30,2928,False,0.00,2208.00,2213.75,2184.25,2191.00,8420126,1.00,30,2201.00,2210.00,2195.00,221,3,0,False,False,False,False,0,0,2206.00,2209.00,2192.00,2211.75,2178.50,2211.50,2200.00,2207.00,2192.00
2016-12-05,2016-12-05,2016-12-09,5,30,2928,False,0.00,2184.00,2261.25,2179.00,2261.00,7323193,1.00,83,2204.00,2239.00,2180.00,247,0,3,True,False,False,False,17,8,2203.00,2240.00,2197.00,2213.75,2184.25,2191.00,2201.00,2210.00,2195.00
2016-12-12,2016-12-12,2016-12-16,5,30,35903,True,-5.50,2255.25,2273.00,2243.00,2255.75,6784712,1.00,31,2256.00,2265.00,2250.00,271,0,3,False,False,False,False,0,0,2262.00,2269.00,2254.00,2255.75,2173.50,2255.50,2198.50,2233.50,2174.50
2016-12-19,2016-12-19,2016-12-23,5,30,35903,False,0.00,2256.00,2269.50,2251.50,2258.75,3597686,1.00,19,2258.00,2265.00,2256.00,159,0,2,False,False,False,False,0,0,2256.00,2265.00,2254.00,2273.00,2243.00,2255.75,2256.00,2265.00,2250.00
2016-12-26,2016-12-27,2016-12-30,4,24,35903,False,0.00,2258.75,2269.50,2228.00,2233.50,3599214,1.00,42,2246.00,2261.00,2232.00,158,0,0,False,True,True,False,3,0,2244.00,2251.00,2232.00,2269.50,2251.50,2258.75,2258.00,2265.00,2256.00
2017-01-02,2017-01-03,2017-01-06,4,24,35903,False,0.00,2240.75,2277.00,2239.50,2270.75,6018403,1.00,39,2262.00,2267.00,2250.00,180,0,0,False,False,True,False,2,0,2263.00,2268.00,2249.00,2269.50,2228.00,2233.50,2246.00,2261.00,2232.00
2017-01-09,2017-01-09,2017-01-13,5,30,35903,False,0.00,2271.25,2275.25,2248.50,2270.75,6976044,1.00,28,2265.00,2272.00,2259.00,215,0,7,False,False,True,False,0,0,2265.00,2272.00,2261.00,2277.00,2239.50,2270.75,2262.00,2267.00,2250.00
2017-01-16,2017-01-16,2017-01-20,5,29,35903,False,0.00,2270.25,2272.75,2253.00,2266.50,5723983,1.00,20,2265.00,2268.00,2261.00,183,0,4,False,False,False,False,0,0,2264.00,2267.00,2260.00,2275.25,2248.50,2270.75,2265.00,2272.00,2259.00
2017-01-23,2017-01-23,2017-01-27,5,30,35903,False,0.00,2266.00,2299.50,2251.75,2289.75,6141538,1.00,49,2261.00,2292.00,2251.00,191,0,5,False,False,False,False,10,0,2293.00,2298.00,2267.00,2272.75,2253.00,2266.50,2265.00,2268.00,2261.00
2017-01-30,2017-01-30,2017-02-03,5,30,35903,False,0.00,2282.00,2294.00,2262.25,2291.75,7805253,1.00,33,2271.00,2280.00,2267.00,235,0,0,False,False,False,False,2,0,2272.00,2277.00,2264.00,2299.50,2251.75,2289.75,2261.00,2292.00,2251.00
2017-02-06,2017-02-06,2017-02-10,5,30,35903,False,0.00,2293.00,2315.75,2281.00,2313.25,6125904,1.00,35,2290.00,2297.00,2282.00,187,0,0,False,False,True,False,6,0,2288.00,2303.00,2282.00,2294.00,2262.25,2291.75,2271.00,2280.00,2267.00
2017-02-13,2017-02-13,2017-02-17,5,30,35903,False,0.00,2314.25,2351.50,2313.25,2348.50,7145530,1.00,39,2343.00,2352.00,2327.00,199,0,0,False,False,False,True,0,0,2341.00,2350.00,2331.00,2315.75,2281.00,2313.25,2290.00,2297.00,2282.00
2017-02-20,2017-02-20,2017-02-24,5,29,35903,False,0.00,2346.50,2367.50,2346.00,2364.50,5968924,1.00,22,2359.00,2364.00,2353.00,176,2,2,False,False,False,False,0,0,2360.00,2363.00,2356.00,2351.50,2313.25,2348.50,2343.00,2352.00,2327.00
2017-02-27,2017-02-27,2017-03-03,5,30,35903,False,0.00,2362.75,2401.00,2357.50,2380.50,7809837,1.00,45,2366.00,2383.00,2360.00,216,3,2,False,False,False,False,0,0,2380.00,2401.00,2368.00,2367.50,2346.00,2364.50,2359.00,2364.00,2353.00
2017-03-06,2017-03-06,2017-03-10,5,30,35903,False,0.00,2380.25,2380.75,2354.00,2371.25,5724316,1.00,27,2372.00,2375.00,2364.00,233,0,4,False,False,False,False,0,0,2369.00,2374.00,2363.00,2401.00,2357.50,2380.50,2366.00,2383.00,2360.00
2017-03-13,2017-03-13,2017-03-17,5,30,9006,True,-3.00,2367.75,2388.75,2354.75,2375.25,6069352,1.00,35,2369.00,2382.00,2365.00,192,0,5,False,False,False,False,0,0,2376.00,2385.00,2368.00,2377.75,2351.00,2368.25,2369.00,2372.00,2361.00
2017-03-20,2017-03-20,2017-03-24,5,30,9006,False,0.00,2373.75,2378.75,2331.75,2342.75,8705369,1.00,48,2347.00,2354.00,2333.00,278,2,0,False,False,False,False,8,0,2344.00,2355.00,2338.00,2388.75,2354.75,2375.25,2369.00,2382.00,2365.00
2017-03-27,2017-03-27,2017-03-31,5,30,9006,False,0.00,2337.00,2366.75,2317.75,2357.50,7048607,1.00,50,2358.00,2367.00,2338.00,234,0,0,False,False,True,False,0,3,2364.00,2367.00,2346.00,2378.75,2331.75,2342.75,2347.00,2354.00,2333.00
2017-04-03,2017-04-03,2017-04-07,5,30,9006,False,0.00,2357.50,2375.00,2336.75,2353.00,7855957,1.00,40,2352.00,2361.00,2346.00,304,2,2,False,False,False,False,0,0,2353.00,2360.00,2347.00,2366.75,2317.75,2357.50,2358.00,2367.00,2338.00
2017-04-10,2017-04-10,2017-04-13,4,24,9006,False,0.00,2351.75,2363.25,2324.00,2327.50,6279704,1.00,40,2351.00,2356.00,2337.00,240,3,0,False,True,False,False,0,0,2342.00,2353.00,2334.00,2375.00,2336.75,2353.00,2352.00,2361.00,2346.00
2017-04-17,2017-04-17,2017-04-21,5,30,9006,False,0.00,2324.00,2358.25,2322.75,2345.25,6332459,1.00,37,2340.00,2349.00,2332.00,230,0,0,False,False,False,True,0,2,2339.00,2348.00,2333.00,2363.25,2324.00,2327.50,2351.00,2356.00,2337.00
2017-04-24,2017-04-24,2017-04-28,5,30,9006,False,0.00,2365.75,2394.75,2365.25,2380.75,6558807,1.50,21,2383.50,2391.00,2374.50,140,2,0,False,False,False,True,0,0,2385.00,2392.50,2379.00,2358.25,2322.75,2345.25,2340.00,2349.00,2332.00
2017-05-01,2017-05-01,2017-05-05,5,30,9006,False,0.00,2381.50,2399.25,2375.50,2399.00,5238431,1.50,17,2385.00,2389.50,2382.00,133,0,0,True,False,False,False,0,0,2383.50,2388.00,2380.50,2394.75,2365.25,2380.75,2383.50,2391.00,2374.50
2017-05-08,2017-05-08,2017-05-12,5,30,9006,False,0.00,2402.50,2403.75,2379.00,2389.00,5442592,1.00,25,2393.00,2396.00,2387.00,173,3,0,False,False,False,False,0,0,2394.00,2397.00,2386.00,2399.25,2375.50,2399.00,2385.00,2389.50,2382.00
2017-05-15,2017-05-15,2017-05-19,5,30,9006,False,0.00,2388.75,2404.50,2344.50,2382.00,8964753,1.00,61,2363.00,2390.00,2353.00,279,2,0,False,False,False,False,0,0,2398.00,2403.00,2364.00,2403.75,2379.00,2389.00,2393.00,2396.00,2387.00
2017-05-22,2017-05-22,2017-05-26,5,30,9006,False,0.00,2381.75,2417.75,2378.25,2414.75,5255128,1.00,40,2411.00,2418.00,2393.00,185,0,0,False,False,False,False,0,0,2413.00,2418.00,2395.00,2404.50,2344.50,2382.00,2363.00,2390.00,2353.00
2017-05-29,2017-05-29,2017-06-02,5,29,9006,False,0.00,2414.00,2439.75,2402.75,2437.25,5823078,1.00,38,2413.00,2422.00,2403.00,177,0,0,False,False,True,False,5,0,2412.00,2429.00,2402.00,2417.75,2378.25,2414.75,2411.00,2418.00,2393.00
2017-06-05,2017-06-05,2017-06-09,5,30,9006,False,0.00,2435.25,2445.75,2414.75,2430.75,5316189,1.00,32,2433.00,2438.00,2429.00,206,4,0,False,True,False,False,0,0,2432.00,2437.00,2428.00,2439.75,2402.75,2437.25,2413.00,2422.00,2403.00
2017-06-12,2017-06-12,2017-06-16,5,30,24842,True,-2.00,2428.00,2443.25,2416.25,2434.50,6743385,1.00,28,2429.00,2438.00,2423.00,236,3,0,False,False,False,True,0,0,2422.00,2435.00,2420.00,2443.75,2412.75,2428.75,2431.00,2436.00,2427.00
2017-06-19,2017-06-19,2017-06-23,5,30,24842,False,0.00,2433.50,2451.50,2428.00,2432.00,6130913,1.00,24,2434.00,2439.00,2428.00,198,0,0,False,False,True,True,0,0,2436.00,2441.00,2430.00,2443.25,2416.25,2434.50,2429.00,2438.00,2423.00
2017-06-26,2017-06-26,2017-06-30,5,30,24842,False,0.00,2432.00,2447.50,2402.25,2421.50,8363728,1.00,46,2436.00,2445.00,2420.00,269,0,6,False,False,True,False,0,0,2438.00,2441.00,2420.00,2451.50,2428.00,2432.00,2434.00,2439.00,2428.00
2017-07-03,2017-07-03,2017-07-07,5,28,24842,False,0.00,2422.00,2436.50,2405.25,2423.25,4861723,1.00,32,2427.00,2432.00,2419.00,210,2,2,False,False,False,False,0,0,2423.00,2430.00,2413.00,2447.50,2402.25,2421.50,2436.00,2445.00,2420.00
2017-07-10,2017-07-10,2017-07-14,5,30,24842,False,0.00,2423.00,2461.25,2410.25,2457.50,5115670,1.00,52,2424.00,2443.00,2412.00,189,0,9,True,False,False,False,10,0,2445.00,2462.00,2425.00,2436.50,2405.25,2423.25,2427.00,2432.00,2419.00
2017-07-17,2017-07-17,2017-07-21,5,30,24842,False,0.00,2457.00,2476.25,2448.00,2470.00,5033038,1.00,29,2458.00,2471.00,2454.00,166,0,2,False,False,False,False,0,0,2457.00,2470.00,2451.00,2461.25,2410.25,2457.50,2424.00,2443.00,2412.00
2017-07-24,2017-07-24,2017-07-28,5,30,24842,False,0.00,2469.75,2480.50,2457.00,2470.75,5634820,1.00,24,2467.00,2476.00,2463.00,194,0,3,False,False,True,False,0,0,2476.00,2479.00,2466.00,2476.25,2448.00,2470.00,2458.00,2471.00,2454.00
2017-07-31,2017-07-31,2017-08-04,5,30,24842,False,0.00,2470.50,2477.75,2463.25,2471.50,5638805,1.00,15,2471.00,2476.00,2469.00,171,0,2,False,False,True,False,0,0,2472.00,2475.00,2468.00,2480.50,2457.00,2470.75,2467.00,2476.00,2463.00
2017-08-07,2017-08-07,2017-08-11,5,30,24842,False,0.00,2472.25,2488.50,2430.25,2440.75,7418831,1.00,59,2475.00,2482.00,2445.00,245,8,0,False,False,False,True,0,0,2439.00,2470.00,2433.00,2477.75,2463.25,2471.50,2471.00,2476.00,2469.00
2017-08-14,2017-08-14,2017-08-18,5,30,24842,False,0.00,2441.50,2474.00,2419.50,2425.00,8012038,1.00,56,2465.00,2474.00,2437.00,265,0,0,False,False,False,True,0,0,2464.00,2473.00,2434.00,2488.50,2430.25,2440.75,2475.00,2482.00,2445.00
2017-08-21,2017-08-21,2017-08-25,5,30,24842,False,0.00,2428.75,2454.75,2415.75,2442.25,6446583,1.00,40,2441.00,2452.00,2433.00,248,0,4,False,False,True,False,0,0,2443.00,2452.00,2437.00,2474.00,2419.50,2425.00,2465.00,2474.00,2437.00
2017-08-28,2017-08-28,2017-09-01,5,30,24842,False,0.00,2442.00,2479.75,2421.00,2473.75,6456725,1.00,59,2442.00,2459.00,2424.00,221,0,2,False,False,True,False,0,0,2468.00,2479.00,2444.00,2454.75,2415.75,2442.25,2441.00,2452.00,2433.00
2017-09-04,2017-09-04,2017-09-08,5,29,24842,False,0.00,2461.25,2471.25,2445.50,2462.50,5062307,1.00,27,2460.00,2467.00,2458.00,200,0,6,False,False,True,False,0,0,2463.00,2468.00,2459.00,2479.75,2421.00,2473.75,2442.00,2459.00,2424.00
2017-09-11,2017-09-11,2017-09-15,5,30,23936,True,-1.75,2466.25,2500.00,2466.25,2500.00,5341797,1.00,35,2492.00,2497.00,2486.00,165,0,5,True,False,False,False,0,4,2493.00,2496.00,2489.00,2469.50,2443.75,2460.75,2458.25,2465.25,2456.25
2017-09-18,2017-09-18,2017-09-22,5,30,23936,False,0.00,2499.00,2507.25,2492.00,2499.75,5360454,1.00,16,2503.00,2506.00,2499.00,157,0,0,False,False,False,True,0,0,2504.00,2507.00,2500.00,2500.00,2466.25,2500.00,2492.00,2497.00,2486.00
2017-09-25,2017-09-25,2017-09-29,5,30,23936,False,0.00,2499.00,2517.75,2485.00,2517.75,6643155,1.00,33,2497.00,2506.00,2493.00,193,0,3,True,False,False,False,2,0,2497.00,2508.00,2493.00,2507.25,2492.00,2499.75,2503.00,2506.00,2499.00
2017-10-02,2017-10-02,2017-10-06,5,30,23936,False,0.00,2518.00,2550.75,2517.00,2544.75,5107690,0.50,68,2532.00,2539.50,2517.00,250,2,0,False,False,False,False,0,0,2548.50,2550.00,2528.50,2517.75,2485.00,2517.75,2497.00,2506.00,2493.00
2017-10-09,2017-10-09,2017-10-13,5,30,23936,False,0.00,2543.25,2555.50,2539.25,2552.50,4487436,0.50,34,2548.50,2552.00,2545.50,273,0,7,False,False,True,False,0,0,2548.50,2553.00,2545.50,2550.75,2517.00,2544.75,2532.00,2539.50,2517.00
2017-10-16,2017-10-16,2017-10-20,5,30,23936,False,0.00,2552.25,2574.50,2542.50,2573.50,4813863,0.50,65,2554.50,2562.00,2547.50,329,0,3,True,False,False,False,2,0,2553.50,2562.00,2548.50,2555.50,2539.25,2552.50,2548.50,2552.00,2545.50
2017-10-23,2017-10-23,2017-10-27,5,30,23936,False,0.00,2572.75,2580.75,2541.50,2577.25,7217266,0.50,79,2563.00,2570.50,2556.00,382,0,18,True,False,False,False,0,0,2567.50,2572.00,2553.50,2574.50,2542.50,2573.50,2554.50,2562.00,2547.50
2017-10-30,2017-10-30,2017-11-03,5,30,23936,False,0.00,2575.50,2585.50,2562.25,2581.25,5704184,0.50,48,2573.50,2579.00,2568.50,361,0,3,False,False,True,False,0,0,2573.00,2578.50,2569.00,2580.75,2541.50,2577.25,2563.00,2570.50,2556.00
2017-11-06,2017-11-06,2017-11-10,5,30,23936,False,0.00,2580.00,2594.50,2563.25,2579.00,6383398,0.50,64,2582.00,2591.50,2578.00,415,2,17,False,False,False,False,0,0,2583.00,2591.50,2578.00,2585.50,2562.25,2581.25,2573.50,2579.00,2568.50
2017-11-13,2017-11-13,2017-11-17,5,30,23936,False,0.00,2580.25,2589.50,2555.50,2575.75,7170474,1.00,35,2580.00,2585.00,2568.00,235,0,2,False,False,False,False,0,0,2581.00,2586.00,2569.00,2594.50,2563.25,2579.00,2582.00,2591.50,2578.00
2017-11-20,2017-11-20,2017-11-24,5,28,23936,False,0.00,2576.00,2603.00,2567.75,2601.50,3369686,1.00,37,2596.00,2603.00,2582.00,155,0,0,False,False,False,False,0,0,2597.00,2604.00,2585.00,2589.50,2555.50,2575.75,2580.00,2585.00,2568.00
2017-11-27,2017-11-27,2017-12-01,5,30,23936,False,0.00,2601.00,2658.50,2596.50,2642.75,8743121,1.00,63,2626.00,2651.00,2616.00,303,7,0,False,False,False,False,0,0,2625.00,2650.00,2619.00,2603.00,2567.75,2601.50,2596.00,2603.00,2582.00
2017-12-04,2017-12-04,2017-12-08,5,30,23936,False,0.00,2654.50,2665.25,2620.00,2651.75,5281806,1.00,46,2641.00,2648.00,2625.00,260,2,2,False,False,False,False,0,0,2629.00,2648.00,2625.00,2658.50,2596.50,2642.75,2626.00,2651.00,2616.00
2017-12-11,2017-12-11,2017-12-15,5,30,21168,True,3.00,2655.00,2683.25,2651.75,2683.00,5187211,1.00,33,2667.00,2674.00,2659.00,215,0,0,True,False,False,False,0,0,2671.00,2674.00,2657.00,2668.25,2623.00,2654.75,2644.00,2651.00,2628.00
2017-12-18,2017-12-18,2017-12-22,5,30,21168,False,0.00,2683.00,2698.00,2679.00,2687.00,4300398,1.00,20,2689.00,2694.00,2683.00,186,0,0,False,False,True,False,0,0,2687.00,2694.00,2683.00,2683.25,2651.75,2683.00,2667.00,2674.00,2659.00
2017-12-25,2017-12-26,2017-12-29,4,24,21168,False,0.00,2686.75,2698.25,2667.75,2668.25,2551105,1.00,32,2687.00,2690.00,2683.00,133,4,0,False,True,False,False,0,0,2685.00,2690.00,2683.00,2698.00,2679.00,2687.00,2689.00,2694.00,2683.00
2018-01-01,2018-01-02,2018-01-05,4,24,21168,False,0.00,2675.25,2743.25,2674.50,2742.50,4270461,1.00,70,2726.00,2741.00,2696.00,170,0,0,True,False,False,False,0,16,2725.00,2744.00,2705.00,2698.25,2667.75,2668.25,2687.00,2690.00,2683.00
2018-01-08,2018-01-08,2018-01-12,5,30,21168,False,0.00,2741.75,2790.00,2736.50,2789.25,5523799,1.00,55,2745.00,2758.00,2737.00,240,0,0,True,False,False,True,3,0,2746.00,2765.00,2738.00,2743.25,2674.50,2742.50,2726.00,2741.00,2696.00
2018-01-15,2018-01-15,2018-01-19,5,29,21168,False,0.00,2789.75,2815.00,2769.25,2812.75,5864483,1.00,47,2794.00,2809.00,2792.00,287,0,10,True,False,False,False,0,0,2803.00,2808.00,2791.00,2790.00,2736.50,2789.25,2745.00,2758.00,2737.00
2018-01-22,2018-01-22,2018-01-26,5,30,21168,False,0.00,2804.00,2876.00,2802.00,2874.75,6598703,1.00,75,2838.00,2853.00,2832.00,311,0,3,True,False,False,False,3,8,2840.00,2853.00,2832.00,2815.00,2769.25,2812.75,2794.00,2809.00,2792.00
2018-01-29,2018-01-29,2018-02-02,5,30,21168,False,0.00,2874.25,2878.50,2755.25,2757.25,9142673,1.00,124,2828.00,2845.00,2798.00,435,0,0,False,True,False,False,4,12,2827.00,2846.00,2793.00,2876.00,2802.00,2874.75,2838.00,2853.00,2832.00
2018-02-05,2018-02-05,2018-02-09,5,30,21168,False,0.00,2757.00,2763.00,2529.00,2621.50,17847011,1.50,157,2664.00,2695.50,2586.00,962,4,0,False,False,False,True,0,0,2641.50,2697.00,2581.50,2878.50,2755.25,2757.25,2828.00,2845.00,2798.00
2018-02-12,2018-02-12,2018-02-16,5,30,21168,False,0.00,2628.25,2754.75,2620.00,2736.25,8806889,1.50,91,2649.00,2701.50,2619.00,401,5,2,False,False,False,False,4,0,2647.50,2709.00,2620.50,2763.00,2529.00,2621.50,2664.00,2695.50,2586.00
2018-02-19,2018-02-19,2018-02-23,5,29,21168,False,0.00,2734.50,2750.25,2682.00,2746.00,5729954,3.00,23,2718.00,2733.00,2706.00,191,0,0,False,False,False,False,0,0,2718.00,2733.00,2706.00,2754.75,2620.00,2736.25,2649.00,2701.50,2619.00
2018-02-26,2018-02-26,2018-03-02,5,30,21168,False,0.00,2751.50,2789.75,2647.00,2690.50,9444711,3.00,48,2754.00,2787.00,2694.00,223,0,0,False,False,True,True,0,0,2757.00,2784.00,2679.00,2750.25,2682.00,2746.00,2718.00,2733.00,2706.00
2018-03-05,2018-03-05,2018-03-09,5,30,21168,False,0.00,2683.25,2787.00,2663.75,2783.50,6637966,3.00,43,2721.00,2742.00,2685.00,190,0,3,True,False,False,False,8,0,2724.00,2739.00,2700.00,2789.75,2647.00,2690.50,2754.00,2787.00,2694.00
2018-03-12,2018-03-12,2018-03-16,5,30,23252,True,4.25,2788.25,2806.75,2745.00,2755.50,4623763,3.00,21,2757.00,2784.00,2745.00,151,0,0,False,False,False,True,0,0,2754.00,2769.00,2748.00,2791.25,2668.00,2787.75,2725.25,2746.25,2689.25
2018-03-19,2018-03-19,2018-03-23,5,30,23252,False,0.00,2756.25,2756.50,2586.00,2596.50,9657556,3.00,57,2718.00,2751.00,2652.00,227,0,0,False,True,False,False,0,0,2718.00,2745.00,2646.00,2806.75,2745.00,2755.50,2757.00,2784.00,2745.00
2018-03-26,2018-03-26,2018-03-29,4,24,23252,False,0.00,2595.00,2679.75,2591.00,2637.50,9237644,3.00,31,2613.00,2640.00,2595.00,206,0,0,False,False,True,False,0,0,2610.00,2649.00,2604.00,2756.50,2586.00,2596.50,2718.00,2751.00,2652.00
2018-04-02,2018-04-02,2018-04-06,5,30,23252,False,0.00,2635.00,2672.25,2552.00,2605.00,10714464,3.00,41,2583.00,2640.00,2571.00,253,0,3,False,False,True,False,0,0,2589.00,2634.00,2559.00,2679.75,2591.00,2637.50,2613.00,2640.00,2595.00
2018-04-09,2018-04-09,2018-04-13,5,30,23252,False,0.00,2607.50,2680.50,2607.50,2659.25,8121366,3.00,25,2643.00,2670.00,2637.00,198,2,0,False,False,False,False,0,0,2655.00,2670.00,2643.00,2672.25,2552.00,2605.00,2583.00,2640.00,2571.00
2018-04-16,2018-04-16,2018-04-20,5,30,23252,False,0.00,2673.25,2718.50,2659.75,2671.25,6494336,4.00,16,2708.00,2712.00,2676.00,110,0,0,False,False,True,False,0,0,2692.00,2712.00,2668.00,2680.50,2607.50,2659.25,2643.00,2670.00,2637.00
2018-04-23,2018-04-23,2018-04-27,5,30,23252,False,0.00,2683.00,2688.50,2611.25,2671.50,7697319,4.00,21,2672.00,2684.00,2632.00,137,0,0,False,False,False,False,0,0,2668.00,2680.00,2628.00,2718.50,2659.75,2671.25,2708.00,2712.00,2676.00
2018-04-30,2018-04-30,2018-05-04,5,30,23252,False,0.00,2670.50,2682.25,2591.25,2664.00,7625476,3.00,32,2628.00,2661.00,2622.00,175,0,7,False,False,False,False,0,0,2646.00,2661.00,2622.00,2688.50,2611.25,2671.50,2672.00,2684.00,2632.00
2018-05-07,2018-05-07,2018-05-11,5,30,23252,False,0.00,2662.75,2732.50,2652.25,2728.00,5724676,3.00,27,2670.00,2703.00,2652.00,133,0,0,False,False,False,False,2,0,2676.00,2715.00,2658.00,2682.25,2591.25,2664.00,2628.00,2661.00,2622.00
2018-05-14,2018-05-14,2018-05-18,5,30,23252,False,0.00,2727.25,2741.25,2700.50,2712.25,5427053,2.00,21,2720.00,2730.00,2708.00,169,0,0,False,False,True,True,0,0,2714.00,2728.00,2706.00,2732.50,2652.25,2728.00,2670.00,2703.00,2652.00
2018-05-21,2018-05-21,2018-05-25,5,30,23252,False,0.00,2728.75,2741.75,2704.50,2720.75,5159703,2.00,19,2728.00,2738.00,2716.00,175,0,0,False,False,True,True,0,0,2726.00,2736.00,2714.00,2741.25,2700.50,2712.25,2720.00,2730.00,2708.00
2018-05-28,2018-05-28,2018-06-01,5,29,23252,False,0.00,2729.00,2737.00,2675.00,2734.75,6014882,2.00,32,2720.00,2730.00,2700.00,195,0,0,False,False,False,False,0,0,2704.00,2734.00,2700.00,2741.75,2704.50,2720.75,2728.00,2738.00,2716.00
2018-06-04,2018-06-04,2018-06-08,5,30,23252,False,0.00,2731.00,2779.75,2729.00,2779.25,4808768,1.50,35,2772.00,2779.50,2748.00,201,0,5,False,False,True,False,0,0,2746.50,2769.00,2740.50,2737.00,2675.00,2734.75,2720.00,2730.00,2700.00
2018-06-11,2018-06-11,2018-06-15,5,30,57287,True,4.25,2775.25,2796.00,2765.50,2781.50,4072637,1.50,22,2785.50,2793.00,2779.50,197,0,4,False,False,True,False,0,0,2787.00,2794.50,2781.00,2784.00,2733.25,2783.50,2776.25,2783.75,2752.25
2018-06-18,2018-06-18,2018-06-22,5,30,57287,False,0.00,2780.00,2786.75,2735.75,2756.50,6111211,1.50,35,2769.00,2776.50,2754.00,254,0,5,False,False,False,False,0,0,2764.50,2775.00,2752.50,2796.00,2765.50,2781.50,2785.50,2793.00,2779.50
2018-06-25,2018-06-25,2018-06-29,5,30,57287,False,0.00,2757.00,2758.00,2693.25,2720.75,8796987,1.50,44,2724.00,2734.50,2706.00,335,5,0,False,False,False,True,0,0,2724.00,2734.50,2706.00,2786.75,2735.75,2756.50,2769.00,2776.50,2754.00
2018-07-02,2018-07-02,2018-07-06,5,28,57287,False,0.00,2721.00,2766.25,2698.50,2762.50,4377304,1.50,46,2719.50,2739.00,2713.50,261,0,0,False,False,False,False,5,0,2734.50,2739.00,2704.50,2758.00,2693.25,2720.75,2724.00,2734.50,2706.00
2018-07-09,2018-07-09,2018-07-13,5,30,57287,False,0.00,2762.00,2807.25,2761.75,2804.25,5171893,1.50,31,2781.00,2797.50,2772.00,208,0,2,False,False,True,False,0,0,2794.50,2805.00,2779.50,2766.25,2698.50,2762.50,2719.50,2739.00,2713.50
2018-07-16,2018-07-16,2018-07-20,5,30,57287,False,0.00,2804.75,2818.25,2789.75,2803.50,4663866,2.00,16,2802.00,2816.00,2798.00,145,0,0,False,False,True,False,0,0,2804.00,2814.00,2800.00,2807.25,2761.75,2804.25,2781.00,2797.50,2772.00
2018-07-23,2018-07-23,2018-07-27,5,30,57287,False,0.00,2805.25,2849.50,2792.50,2817.25,5848342,2.00,29,2818.00,2844.00,2810.00,159,0,0,False,False,False,False,0,0,2818.00,2844.00,2814.00,2818.25,2789.75,2803.50,2802.00,2816.00,2798.00
2018-07-30,2018-07-30,2018-08-05,6,31,57287,False,0.00,2816.00,2841.50,2791.00,2841.50,5603819,1.50,35,2812.50,2826.00,2803.50,225,0,0,False,False,True,False,2,0,2812.50,2826.00,2803.50,2849.50,2792.50,2817.25,2818.00,2844.00,2810.00
2018-08-06,2018-08-06,2018-08-10,5,30,57287,False,0.00,2841.25,2863.75,2826.00,2839.25,4292049,1.50,26,2857.50,2862.00,2839.50,159,0,0,False,True,False,False,0,0,2859.00,2863.50,2841.00,2841.50,2791.00,2841.50,2812.50,2826.00,2803.50
2018-08-13,2018-08-13,2018-08-17,5,30,57287,False,0.00,2835.75,2857.00,2803.00,2853.25,6476488,1.00,55,2831.00,2846.00,2825.00,340,0,3,True,False,False,False,0,0,2840.00,2847.00,2820.00,2863.75,2826.00,2839.25,2857.50,2862.00,2839.50
2018-08-20,2018-08-20,2018-08-24,5,30,57287,False,0.00,2851.75,2877.50,2846.25,2876.50,4799877,1.00,32,2859.00,2866.00,2853.00,250,0,4,False,False,True,False,0,0,2858.00,2869.00,2856.00,2857.00,2803.00,2853.25,2831.00,2846.00,2825.00
2018-08-27,2018-08-27,2018-08-31,5,30,57287,False,0.00,2877.75,2917.50,2876.75,2907.00,5401277,1.50,29,2899.50,2910.00,2893.50,170,0,3,False,False,False,False,0,3,2901.00,2911.50,2895.00,2877.50,2846.25,2876.50,2859.00,2866.00,2853.00
2018-09-03,2018-09-03,2018-09-07,5,29,57287,False,0.00,2906.50,2912.50,2865.00,2872.75,6333773,1.50,32,2887.50,2901.00,2869.50,206,0,0,False,False,True,False,0,0,2889.00,2899.50,2874.00,2917.50,2876.75,2907.00,2899.50,2910.00,2893.50
2018-09-10,2018-09-10,2018-09-14,5,30,57287,False,0.00,2873.75,2912.25,2867.25,2906.00,5568058,1.50,31,2887.50,2898.00,2872.50,189,0,3,False,False,True,False,0,0,2889.00,2893.50,2868.00,2912.50,2865.00,2872.75,2887.50,2901.00,2869.50
2018-09-17,2018-09-17,2018-09-21,5,30,16114,True,5.25,2908.75,2947.00,2883.50,2932.25,5783569,1.50,43,2913.00,2920.50,2886.00,176,0,3,False,False,False,False,5,0,2913.00,2935.50,2892.00,2917.50,2872.50,2911.25,2892.75,2903.25,2877.75
2018-09-24,2018-09-24,2018-09-28,5,30,16114,False,0.00,2929.50,2936.00,2907.50,2921.75,5911180,1.50,20,2923.50,2931.00,2917.50,176,0,0,False,False,False,True,0,0,2925.00,2929.50,2919.00,2947.00,2883.50,2932.25,2913.00,2920.50,2886.00
2018-10-01,2018-10-01,2018-10-05,5,30,16114,False,0.00,2922.50,2944.75,2873.25,2895.00,7891915,1.50,49,2923.50,2940.00,2905.50,241,2,5,False,False,False,False,0,0,2928.00,2941.50,2901.00,2936.00,2907.50,2921.75,2923.50,2931.00,2917.50
2018-10-08,2018-10-08,2018-10-12,5,30,16114,False,0.00,2897.50,2900.00,2712.25,2772.25,13426229,1.50,126,2889.00,2899.50,2766.00,500,0,13,False,False,False,False,0,35,2887.50,2901.00,2770.50,2944.75,2873.25,2895.00,2923.50,2940.00,2905.50
2018-10-15,2018-10-15,2018-10-19,5,30,16114,False,0.00,2770.00,2824.25,2745.25,2767.50,9410488,1.50,53,2776.50,2802.00,2752.50,388,3,0,False,False,False,True,0,0,2772.00,2800.50,2757.00,2900.00,2712.25,2772.25,2889.00,2899.50,2766.00
2018-10-22,2018-10-22,2018-10-26,5,30,16114,False,0.00,2758.00,2782.00,2627.25,2662.25,13024879,1.50,104,2671.50,2736.00,2650.50,535,2,9,False,False,False,False,0,0,2703.00,2731.50,2655.00,2824.25,2745.25,2767.50,2776.50,2802.00,2752.50
2018-10-29,2018-10-29,2018-11-02,5,30,16114,False,0.00,2667.00,2766.25,2603.00,2722.50,11557504,3.00,56,2721.00,2742.00,2661.00,273,0,10,False,False,False,False,0,0,2718.00,2739.00,2664.00,2782.00,2627.25,2662.25,2671.50,2736.00,2650.50
2018-11-05,2018-11-05,2018-11-09,5,30,16114,False,0.00,2722.50,2818.00,2712.75,2778.75,7284004,3.00,36,2808.00,2817.00,2742.00,183,0,0,False,False,True,True,0,0,2805.00,2820.00,2751.00,2766.25,2603.00,2722.50,2721.00,2742.00,2661.00
2018-11-12,2018-11-12,2018-11-16,5,30,16114,False,0.00,2778.75,2795.25,2671.25,2742.25,10306198,3.00,42,2727.00,2748.00,2697.00,256,0,2,False,False,False,False,3,0,2727.00,2748.00,2709.00,2818.00,2712.75,2778.75,2808.00,2817.00,2742.00
2018-11-19,2018-11-19,2018-11-23,5,28,16114,False,0.00,2733.00,2748.00,2626.00,2628.50,6637150,3.00,42,2646.00,2679.00,2628.00,188,3,0,False,False,False,True,5,0,2655.00,2676.00,2625.00,2795.25,2671.25,2742.25,2727.00,2748.00,2697.00
2018-11-26,2018-11-26,2018-11-30,5,30,16114,False,0.00,2633.50,2764.75,2631.50,2764.00,7418950,3.00,45,2736.00,2763.00,2670.00,168,0,2,True,False,False,False,0,9,2739.00,2766.00,2673.00,2748.00,2626.00,2628.50,2646.00,2679.00,2628.00
2018-12-03,2018-12-03,2018-12-07,5,28,16114,False,0.00,2793.50,2814.00,2621.25,2636.75,10289929,3.00,66,2682.00,2733.00,2628.00,258,2,0,False,False,False,False,11,0,2652.00,2733.00,2628.00,2764.75,2631.50,2764.00,2736.00,2763.00,2670.00
2018-12-10,2018-12-10,2018-12-14,5,30,16114,False,0.00,2625.00,2686.50,2583.00,2597.00,9003393,3.00,35,2631.00,2664.00,2619.00,256,2,3,False,False,False,False,0,0,2649.00,2676.00,2625.00,2814.00,2621.25,2636.75,2682.00,2733.00,2628.00
2018-12-17,2018-12-17,2018-12-21,5,30,18720,True,3.50,2597.50,2616.75,2409.25,2421.25,12799369,3.00,70,2487.00,2562.00,2427.00,315,0,0,False,True,True,False,3,0,2568.00,2613.00,2478.00,2690.00,2586.50,2600.50,2634.50,2667.50,2622.50
2018-12-24,2018-12-24,2018-12-28,4,23,18720,False,0.00,2407.75,2523.00,2316.75,2488.00,7293834,3.00,70,2421.00,2508.00,2391.00,313,0,3,True,False,False,False,0,0,2490.00,2511.00,2400.00,2616.75,2409.25,2421.25,2487.00,2562.00,2427.00
2018-12-31,2018-12-31,2019-01-04,4,24,18720,False,0.00,2495.50,2539.25,2438.50,2529.50,7723698,5.00,21,2470.00,2515.00,2460.00,135,0,0,False,False,True,False,0,0,2495.00,2520.00,2465.00,2523.00,2316.75,2488.00,2421.00,2508.00,2391.00
2019-01-07,2019-01-07,2019-01-11,5,30,18720,False,0.00,2537.25,2599.50,2523.25,2595.50,7349801,5.00,16,2585.00,2600.00,2555.00,125,0,0,False,False,True,False,0,0,2585.00,2600.00,2565.00,2539.25,2438.50,2529.50,2470.00,2515.00,2460.00
2019-01-14,2019-01-14,2019-01-18,5,30,18720,False,0.00,2588.50,2677.75,2567.25,2677.00,7072972,5.00,23,2610.00,2625.00,2570.00,109,0,0,False,False,True,True,0,0,2615.00,2640.00,2575.00,2599.50,2523.25,2595.50,2585.00,2600.00,2555.00
2019-01-21,2019-01-21,2019-01-25,5,29,18720,False,0.00,2669.25,2673.50,2612.50,2665.50,5960496,3.00,22,2637.00,2658.00,2625.00,155,0,2,False,False,False,False,0,0,2634.00,2655.00,2622.00,2677.75,2567.25,2677.00,2610.00,2625.00,2570.00
2019-01-28,2019-01-28,2019-02-01,5,30,18720,False,0.00,2660.00,2716.00,2622.25,2704.50,7316832,3.00,32,2637.00,2688.00,2625.00,163,0,0,False,False,False,False,0,0,2703.00,2718.00,2643.00,2673.50,2612.50,2665.50,2637.00,2658.00,2625.00
2019-02-04,2019-02-04,2019-02-08,5,30,18720,False,0.00,2699.25,2737.75,2680.75,2708.00,6714974,3.00,20,2724.00,2733.00,2694.00,130,0,2,False,False,True,False,0,0,2730.00,2739.00,2694.00,2716.00,2622.25,2704.50,2637.00,2688.00,2625.00
2019-02-11,2019-02-11,2019-02-15,5,30,18720,False,0.00,2710.75,2778.50,2700.50,2777.75,6615068,2.00,40,2748.00,2770.00,2728.00,216,0,0,True,False,False,True,0,0,2752.00,2770.00,2732.00,2737.75,2680.75,2708.00,2724.00,2733.00,2694.00
2019-02-18,2019-02-18,2019-02-22,5,29,18720,False,0.00,2777.00,2798.00,2764.25,2795.25,4903427,2.00,18,2776.00,2786.00,2772.00,163,2,0,False,False,False,False,0,0,2784.00,2786.00,2772.00,2778.50,2700.50,2777.75,2748.00,2770.00,2728.00
2019-02-25,2019-02-25,2019-03-01,5,30,18720,False,0.00,2799.50,2814.00,2775.00,2807.00,5957458,2.00,21,2788.00,2802.00,2784.00,174,2,3,False,False,False,False,0,0,2790.00,2804.00,2786.00,2798.00,2764.25,2795.25,2776.00,2786.00,2772.00
2019-03-04,2019-03-04,2019-03-08,5,30,18720,False,0.00,2814.00,2819.75,2722.00,2748.75,6642888,1.50,66,2784.00,2800.50,2742.00,269,0,0,False,False,True,False,6,0,2791.50,2799.00,2749.50,2814.00,2775.00,2807.00,2788.00,2802.00,2784.00
2019-03-11,2019-03-11,2019-03-15,5,30,736,True,4.50,2750.00,2836.50,2741.75,2830.00,5849280,1.50,65,2817.00,2836.50,2793.00,228,3,6,False,False,False,False,0,17,2815.50,2835.00,2797.50,2824.25,2726.50,2753.25,2788.50,2805.00,2746.50
2019-03-18,2019-03-18,2019-03-22,5,30,736,False,0.00,2827.00,2866.00,2805.25,2807.50,7914188,1.50,41,2832.00,2848.50,2823.00,284,0,0,False,False,False,False,0,0,2848.50,2853.00,2824.50,2836.50,2741.75,2830.00,2817.00,2836.50,2793.00
2019-03-25,2019-03-25,2019-03-29,5,30,736,False,0.00,2813.00,2840.75,2789.50,2839.50,7478991,1.50,35,2814.00,2827.50,2799.00,315,0,0,True,False,False,False,0,0,2806.50,2832.00,2800.50,2866.00,2805.25,2807.50,2832.00,2848.50,2823.00
2019-04-01,2019-04-01,2019-04-05,5,30,736,False,0.00,2844.50,2898.00,2844.50,2897.75,5474518,1.50,37,2880.00,2887.50,2865.00,184,0,6,False,False,False,False,0,0,2881.50,2889.00,2863.50,2840.75,2789.50,2839.50,2814.00,2827.50,2799.00
2019-04-08,2019-04-08,2019-04-12,5,30,736,False,0.00,2896.25,2914.75,2877.25,2911.75,5178681,1.50,26,2893.50,2898.00,2881.50,182,0,0,False,False,False,True,0,0,2887.50,2898.00,2881.50,2898.00,2844.50,2897.75,2880.00,2887.50,2865.00
2019-04-15,2019-04-15,2019-04-18,4,24,736,False,0.00,2912.00,2923.50,2889.50,2910.50,4643201,1.50,24,2911.50,2919.00,2902.50,150,2,2,False,False,False,False,0,0,2907.00,2914.50,2901.00,2914.75,2877.25,2911.75,2893.50,2898.00,2881.50
2019-04-22,2019-04-22,2019-04-26,5,30,736,False,0.00,2908.75,2942.75,2899.00,2939.00,5453473,1.50,30,2932.50,2940.00,2917.50,209,0,2,True,False,False,False,0,0,2932.50,2940.00,2920.50,2923.50,2889.50,2910.50,2911.50,2919.00,2902.50
2019-04-29,2019-04-29,2019-05-03,5,30,736,False,0.00,2939.25,2961.25,2901.00,2949.25,6819525,1.50,41,2943.00,2953.50,2922.00,238,0,5,False,False,False,False,0,0,2944.50,2952.00,2926.50,2942.75,2899.00,2939.00,2932.50,2940.00,2917.50
2019-05-06,2019-05-06,2019-05-10,5,30,736,False,0.00,2917.75,2938.25,2826.00,2887.25,12120803,1.50,75,2871.00,2902.50,2856.00,456,5,6,False,False,False,False,0,0,2890.50,2904.00,2851.50,2961.25,2901.00,2949.25,2943.00,2953.50,2922.00
2019-05-13,2019-05-13,2019-05-17,5,30,736,False,0.00,2858.50,2894.00,2799.75,2861.25,9659311,1.50,64,2845.50,2874.00,2821.50,373,3,2,False,False,False,False,0,0,2821.50,2865.00,2809.50,2938.25,2826.00,2887.25,2871.00,2902.50,2856.00
2019-05-20,2019-05-20,2019-05-24,5,30,736,False,0.00,2861.50,2876.50,2805.75,2831.00,7200636,3.00,24,2856.00,2871.00,2832.00,159,0,0,False,False,True,True,0,0,2859.00,2868.00,2829.00,2894.00,2799.75,2861.25,2845.50,2874.00,2821.50
2019-05-27,2019-05-27,2019-05-31,5,29,736,False,0.00,2831.00,2841.25,2750.00,2752.50,6989917,3.00,32,2784.00,2811.00,2748.00,158,0,0,False,False,False,False,4,0,2784.00,2793.00,2748.00,2876.50,2805.75,2831.00,2856.00,2871.00,2832.00
2019-06-03,2019-06-03,2019-06-07,5,30,736,False,0.00,2741.00,2886.25,2728.75,2877.50,8856559,3.00,54,2823.00,2886.00,2763.00,182,2,0,False,False,False,False,3,5,2877.00,2886.00,2769.00,2841.25,2750.00,2752.50,2784.00,2811.00,2748.00
2019-06-10,2019-06-10,2019-06-14,5,30,736,False,0.00,2893.25,2911.50,2867.25,2891.75,5548636,3.00,16,2886.00,2901.00,2880.00,139,2,3,False,False,False,False,0,0,2886.00,2895.00,2880.00,2886.25,2728.75,2877.50,2823.00,2886.00,2763.00
2019-06-17,2019-06-17,2019-06-21,5,30,37699,True,4.25,2895.00,2969.25,2889.00,2948.25,6749853,3.00,27,2955.00,2964.00,2919.00,138,0,0,False,False,False,False,0,0,2955.00,2964.00,2925.00,2915.75,2871.50,2896.00,2890.25,2905.25,2884.25
2019-06-24,2019-06-24,2019-06-28,5,30,37699,False,0.00,2948.00,2961.75,2914.50,2953.75,5700771,2.00,24,2932.00,2950.00,2920.00,176,0,0,False,False,True,True,0,0,2928.00,2942.00,2920.00,2969.25,2889.00,2948.25,2955.00,2964.00,2919.00
2019-07-01,2019-07-01,2019-07-05,5,28,37699,False,0.00,2970.00,3006.00,2955.50,2991.75,4516412,2.00,27,2976.00,2990.00,2960.00,167,0,0,False,False,False,False,0,0,2966.00,2988.00,2962.00,2961.75,2914.50,2953.75,2932.00,2950.00,2920.00
2019-07-08,2019-07-08,2019-07-12,5,30,37699,False,0.00,2990.75,3018.00,2963.50,3014.25,5363817,1.50,38,2979.00,3001.50,2967.00,216,0,0,True,False,False,False,0,0,2977.50,3003.00,2965.50,3006.00,2955.50,2991.75,2976.00,2990.00,2960.00
2019-07-15,2019-07-15,2019-07-19,5,30,37699,False,0.00,3015.25,3023.50,2969.50,2971.00,5435301,1.50,37,3004.50,3021.00,2989.50,212,0,0,False,True,True,False,0,0,3016.50,3021.00,2992.50,3018.00,2963.50,3014.25,2979.00,3001.50,2967.00
2019-07-22,2019-07-22,2019-07-26,5,30,37699,False,0.00,2974.50,3029.50,2972.50,3023.00,5332715,1.50,39,3006.00,3025.50,2994.00,208,0,2,False,False,False,False,0,0,3006.00,3025.50,2994.00,3023.50,2969.50,2971.00,3004.50,3021.00,2989.50
2019-07-29,2019-07-29,2019-08-02,5,30,37699,False,0.00,3022.00,3027.50,2913.50,2934.50,8886128,1.50,77,3013.50,3027.00,2959.50,320,0,3,False,False,True,False,0,0,3010.50,3027.00,2953.50,3029.50,2972.50,3023.00,3006.00,3025.50,2994.00
2019-08-05,2019-08-05,2019-08-09,5,30,37699,False,0.00,2929.25,2940.75,2775.75,2923.75,11763020,1.50,111,2871.00,2914.50,2829.00,542,3,17,False,False,False,False,0,0,2854.50,2904.00,2830.50,3027.50,2913.50,2934.50,3013.50,3027.00,2959.50
2019-08-12,2019-08-12,2019-08-16,5,30,37699,False,0.00,2918.75,2944.25,2817.75,2891.50,10484280,1.50,85,2884.50,2904.00,2833.50,476,5,5,False,False,False,False,0,0,2847.00,2893.50,2838.00,2940.75,2775.75,2923.75,2871.00,2914.50,2829.00
2019-08-19,2019-08-19,2019-08-23,5,30,37699,False,0.00,2893.00,2939.75,2834.00,2851.50,7950956,3.00,36,2919.00,2934.00,2901.00,194,0,0,False,True,True,False,0,8,2925.00,2934.00,2907.00,2944.25,2817.75,2891.50,2884.50,2904.00,2833.50
2019-08-26,2019-08-26,2019-08-30,5,30,37699,False,0.00,2831.00,2946.50,2810.25,2923.75,7763869,3.00,47,2874.00,2919.00,2850.00,218,0,6,False,False,True,False,0,2,2871.00,2922.00,2853.00,2939.75,2834.00,2851.50,2919.00,2934.00,2901.00
2019-09-02,2019-09-02,2019-09-06,5,29,37699,False,0.00,2901.00,2988.25,2889.00,2983.00,5809369,3.00,34,2913.00,2964.00,2889.00,165,0,0,False,False,False,True,3,0,2979.00,2988.00,2913.00,2946.50,2810.25,2923.75,2874.00,2919.00,2850.00
2019-09-09,2019-09-09,2019-09-13,5,30,37699,False,0.00,2980.25,3023.75,2957.25,3007.00,5947846,3.00,23,2979.00,3012.00,2955.00,145,0,0,False,False,True,False,0,0,2982.00,3009.00,2958.00,2988.25,2889.00,2983.00,2913.00,2964.00,2889.00
2019-09-16,2019-09-16,2019-09-20,5,30,16145,True,2.00,2995.50,3024.50,2980.75,2989.25,5565461,2.00,23,3002.00,3012.00,2994.00,195,2,0,False,False,False,False,0,0,3000.00,3014.00,2996.00,3025.75,2959.25,3009.00,2981.00,3014.00,2957.00
2019-09-23,2019-09-23,2019-09-27,5,30,16145,False,0.00,2995.75,3012.25,2946.25,2968.50,7284749,2.00,34,2982.00,2996.00,2962.00,254,2,0,False,True,False,False,0,0,2976.00,2990.00,2960.00,3024.50,2980.75,2989.25,3002.00,3012.00,2994.00
2019-09-30,2019-09-30,2019-10-04,5,30,16145,False,0.00,2976.00,2994.50,2855.00,2950.75,8097258,2.00,71,2906.00,2956.00,2874.00,282,0,10,False,False,True,False,5,0,2888.00,2950.00,2872.00,3012.25,2946.25,2968.50,2982.00,2996.00,2962.00
2019-10-07,2019-10-07,2019-10-11,5,30,16145,False,0.00,2929.75,2994.00,2881.75,2970.25,7496874,2.00,58,2936.00,2954.00,2900.00,323,0,4,False,False,False,False,0,0,2936.00,2958.00,2900.00,2994.50,2855.00,2950.75,2906.00,2956.00,2874.00
2019-10-14,2019-10-14,2019-10-18,5,30,16145,False,0.00,2968.00,3008.00,2953.75,2989.25,5351119,2.00,29,2992.00,3002.00,2976.00,200,0,0,False,False,False,False,0,0,2996.00,3002.00,2984.00,2994.00,2881.75,2970.25,2936.00,2954.00,2900.00
2019-10-21,2019-10-21,2019-10-25,5,30,16145,False,0.00,2984.75,3026.50,2982.00,3019.75,5069248,2.00,23,3006.00,3012.00,2990.00,172,2,0,False,False,False,True,0,0,3002.00,3012.00,2994.00,3008.00,2953.75,2989.25,2992.00,3002.00,2976.00
2019-10-28,2019-10-28,2019-11-01,5,30,16145,False,0.00,3023.00,3065.00,3020.25,3063.00,6051511,2.00,23,3036.00,3046.00,3024.00,171,0,0,False,False,False,True,0,0,3038.00,3044.00,3026.00,3026.50,2982.00,3019.75,3006.00,3012.00,2990.00
2019-11-04,2019-11-04,2019-11-08,5,30,16145,False,0.00,3064.75,3097.00,3063.00,3092.00,5599194,2.00,18,3078.00,3088.00,3070.00,160,0,0,False,False,False,False,0,0,3072.00,3086.00,3068.00,3065.00,3020.25,3063.00,3036.00,3046.00,3024.00
2019-11-11,2019-11-11,2019-11-15,5,30,16145,False,0.00,3090.50,3119.50,3074.50,3119.00,5308217,1.50,31,3087.00,3097.50,3081.00,212,0,0,True,False,False,False,0,0,3090.00,3097.50,3078.00,3097.00,3063.00,3092.00,3078.00,3088.00,3070.00
2019-11-18,2019-11-18,2019-11-22,5,30,16145,False,0.00,3119.00,3132.50,3090.75,3112.00,6014831,1.50,29,3105.00,3121.50,3099.00,234,0,0,False,False,True,True,0,0,3108.00,3121.50,3099.00,3119.50,3074.50,3119.00,3087.00,3097.50,3081.00
2019-11-25,2019-11-25,2019-11-29,5,28,16145,False,0.00,3119.00,3155.00,3116.50,3143.75,3612087,1.50,27,3144.00,3154.50,3135.00,148,0,0,False,False,True,True,0,3,3144.00,3148.50,3129.00,3132.50,3090.75,3112.00,3105.00,3121.50,3099.00
2019-12-02,2019-12-02,2019-12-06,5,30,16145,False,0.00,3146.25,3158.00,3069.50,3146.50,7823174,1.50,60,3112.50,3135.00,3088.50,277,2,2,False,False,False,False,0,0,3114.00,3127.50,3081.00,3155.00,3116.50,3143.75,3144.00,3154.50,3135.00
2019-12-09,2019-12-09,2019-12-13,5,30,16145,False,0.00,3146.50,3185.00,3116.25,3172.00,6454024,1.50,47,3136.50,3165.00,3127.50,259,0,4,False,False,True,False,0,0,3136.50,3162.00,3121.50,3158.00,3069.50,3146.50,3112.50,3135.00,3088.50
2019-12-16,2019-12-16,2019-12-20,5,30,10571,True,3.00,3179.50,3229.50,3176.75,3224.50,4801813,1.50,37,3196.50,3210.00,3190.50,165,0,4,False,False,False,False,3,3,3198.00,3211.50,3192.00,3188.00,3119.25,3175.00,3139.50,3168.00,3130.50
2019-12-23,2019-12-23,2019-12-27,4,23,10571,False,0.00,3227.00,3254.00,3222.50,3236.50,2263514,1.50,22,3228.00,3244.50,3225.00,108,0,0,False,False,True,False,0,0,3228.00,3244.50,3225.00,3229.50,3176.75,3224.50,3196.50,3210.00,3190.50
2019-12-30,2019-12-30,2020-01-03,4,24,10571,False,0.00,3238.25,3263.50,3206.75,3235.50,5235579,1.00,58,3238.00,3245.00,3220.00,326,2,3,False,False,False,False,0,0,3238.00,3245.00,3222.00,3254.00,3222.50,3236.50,3228.00,3244.50,3225.00
2020-01-06,2020-01-06,2020-01-10,5,30,10571,False,0.00,3220.25,3287.00,3181.00,3263.50,7590732,1.00,107,3243.00,3268.00,3213.00,431,2,27,False,False,False,False,0,0,3237.00,3270.00,3213.00,3263.50,3206.75,3235.50,3238.00,3245.00,3220.00
2020-01-13,2020-01-13,2020-01-17,5,30,10571,False,0.00,3265.75,3330.25,3265.50,3323.75,6525606,1.00,66,3288.00,3301.00,3272.00,301,0,3,True,False,False,False,6,0,3283.00,3306.00,3269.00,3287.00,3181.00,3263.50,3243.00,3268.00,3213.00
2020-01-20,2020-01-20,2020-01-24,5,29,10571,False,0.00,3325.00,3337.50,3280.50,3291.00,7040703,1.00,58,3319.00,3334.00,3311.00,337,0,0,False,True,True,False,0,0,3321.00,3336.00,3311.00,3330.25,3265.50,3323.75,3288.00,3301.00,3272.00
2020-01-27,2020-01-27,2020-01-31,5,30,10571,False,0.00,3269.75,3297.50,3212.75,3227.00,11394069,1.50,58,3253.50,3279.00,3238.50,423,0,0,False,True,False,False,0,0,3244.50,3279.00,3238.50,3337.50,3280.50,3291.00,3319.00,3334.00,3311.00
2020-02-03,2020-02-03,2020-02-07,5,30,10571,False,0.00,3222.75,3357.75,3222.00,3323.00,8582320,1.50,91,3340.50,3357.00,3268.50,359,2,7,False,False,False,False,0,8,3325.50,3357.00,3292.50,3297.50,3212.75,3227.00,3253.50,3279.00,3238.50
2020-02-10,2020-02-10,2020-02-14,5,30,10571,False,0.00,3322.25,3388.50,3303.50,3380.50,6995760,2.00,44,3362.00,3384.00,3350.00,223,0,6,False,False,False,False,0,3,3372.00,3382.00,3360.00,3357.75,3222.00,3323.00,3340.50,3357.00,3268.50
2020-02-17,2020-02-17,2020-02-21,5,29,10571,False,0.00,3382.25,3397.50,3328.00,3338.25,7071384,2.00,35,3386.00,3392.00,3358.00,209,2,0,False,False,False,True,0,0,3370.00,3392.00,3350.00,3388.50,3303.50,3380.50,3362.00,3384.00,3350.00
2020-02-24,2020-02-24,2020-02-28,5,30,10571,False,0.00,3309.00,3312.00,2853.25,2988.00,21559342,2.00,231,3244.00,3314.00,2984.00,823,8,6,False,False,False,False,8,18,3228.00,3270.00,3028.00,3397.50,3328.00,3338.25,3386.00,3392.00,3358.00
2020-03-02,2020-03-02,2020-03-06,5,30,10571,False,0.00,2900.00,3137.00,2889.25,2963.75,15122727,2.00,125,3030.00,3096.00,2970.00,857,4,5,False,False,False,False,0,0,3056.00,3098.00,2976.00,3312.00,2853.25,2988.00,3244.00,3314.00,2984.00
2020-03-09,2020-03-09,2020-03-13,5,30,10571,False,0.00,2916.00,2916.00,2393.50,2664.75,14345429,4.00,132,2816.00,2884.00,2576.00,718,8,3,False,False,False,False,0,0,2744.00,2884.00,2608.00,3137.00,2889.25,2963.75,3030.00,3096.00,2970.00
2020-03-16,2020-03-16,2020-03-20,5,30,21336,True,-14.50,2659.25,2660.50,2260.00,2266.50,10183374,8.00,51,2408.00,2480.00,2344.00,400,13,0,False,False,False,True,0,0,2384.00,2440.00,2320.00,2901.50,2379.00,2650.25,2801.50,2869.50,2561.50
2020-03-23,2020-03-23,2020-03-27,5,30,21336,False,0.00,2220.25,2634.50,2174.00,2520.00,12893534,12.00,39,2424.00,2604.00,2328.00,220,0,0,False,False,False,True,0,0,2520.00,2604.00,2352.00,2660.50,2260.00,2266.50,2408.00,2480.00,2344.00
2020-03-30,2020-03-30,2020-04-03,5,30,21336,False,0.00,2459.00,2635.75,2424.75,2480.25,9652015,12.00,18,2484.00,2568.00,2436.00,147,0,0,False,False,True,True,0,0,2484.00,2568.00,2436.00,2634.50,2174.00,2520.00,2424.00,2604.00,2328.00
2020-04-06,2020-04-06,2020-04-09,4,24,21336,False,0.00,2485.00,2809.50,2484.75,2787.00,8516782,12.00,28,2652.00,2784.00,2604.00,121,0,5,False,False,False,False,0,0,2724.00,2784.00,2628.00,2635.75,2424.75,2480.25,2484.00,2568.00,2436.00
2020-04-13,2020-04-13,2020-04-17,5,30,21336,False,0.00,2811.00,2885.00,2711.00,2869.00,8484073,8.00,23,2784.00,2840.00,2752.00,169,0,0,False,False,True,False,0,0,2768.00,2840.00,2720.00,2809.50,2484.75,2787.00,2652.00,2784.00,2604.00
2020-04-20,2020-04-20,2020-04-24,5,30,21336,False,0.00,2861.50,2875.50,2717.25,2828.00,7716353,8.00,21,2784.00,2840.00,2752.00,150,0,0,False,False,True,True,0,0,2792.00,2832.00,2760.00,2885.00,2711.00,2869.00,2784.00,2840.00,2752.00
2020-04-27,2020-04-27,2020-05-01,5,30,21336,False,0.00,2829.00,2965.00,2811.75,2817.00,7977753,5.00,32,2860.00,2915.00,2830.00,207,2,0,False,False,False,True,0,0,2905.00,2950.00,2855.00,2875.50,2717.25,2828.00,2784.00,2840.00,2752.00
2020-05-04,2020-05-04,2020-05-08,5,30,21336,False,0.00,2789.00,2933.00,2771.00,2930.50,7083359,5.00,33,2865.00,2900.00,2815.00,177,0,2,True,False,False,False,0,0,2875.00,2910.00,2825.00,2965.00,2811.75,2817.00,2860.00,2915.00,2830.00
2020-05-11,2020-05-11,2020-05-15,5,30,21336,False,0.00,2920.75,2947.00,2760.25,2854.75,10080910,4.00,47,2844.00,2888.00,2760.00,273,0,0,False,False,True,True,2,0,2808.00,2876.00,2768.00,2933.00,2771.00,2930.50,2865.00,2900.00,2815.00
2020-05-18,2020-05-18,2020-05-22,5,30,21336,False,0.00,2859.75,2976.25,2850.00,2956.25,7661297,4.00,33,2944.00,2972.00,2920.00,210,0,5,False,False,False,False,0,0,2944.00,2964.00,2928.00,2947.00,2760.25,2854.75,2844.00,2888.00,2760.00
2020-05-25,2020-05-25,2020-05-29,5,29,21336,False,0.00,2948.50,3065.50,2947.50,3057.25,7850128,4.00,31,3032.00,3044.00,2992.00,204,0,3,False,False,False,False,0,0,3008.00,3044.00,2992.00,2976.25,2850.00,2956.25,2944.00,2972.00,2920.00
2020-06-01,2020-06-01,2020-06-05,5,30,21336,False,0.00,3029.75,3210.50,3008.00,3185.25,8342223,4.00,51,3112.00,3140.00,3040.00,189,2,3,False,False,False,False,6,0,3108.00,3144.00,3036.00,3065.50,2947.50,3057.25,3032.00,3044.00,2992.00
2020-06-08,2020-06-08,2020-06-12,5,30,21336,False,0.00,3192.50,3231.25,2982.00,3035.75,10337946,4.00,63,3196.00,3232.00,3060.00,270,0,0,False,False,True,False,0,4,3204.00,3232.00,3060.00,3210.50,3008.00,3185.25,3112.00,3140.00,3040.00
2020-06-15,2020-06-15,2020-06-19,5,30,12181,True,-10.75,2982.00,3157.00,2924.25,3057.75,6446977,3.00,79,3099.00,3138.00,3063.00,400,3,4,False,False,False,False,0,13,3099.00,3132.00,3081.00,3220.50,2971.25,3025.00,3185.25,3221.25,3049.25
2020-06-22,2020-06-22,2020-06-26,5,30,12181,False,0.00,3040.25,3145.75,2992.50,3003.00,9294856,3.00,52,3066.00,3111.00,3024.00,344,0,0,False,True,True,False,0,0,3042.00,3087.00,3000.00,3157.00,2924.25,3057.75,3099.00,3138.00,3063.00
2020-06-29,2020-06-29,2020-07-03,5,29,12181,False,0.00,2986.25,3156.50,2983.50,3115.50,6382582,3.00,59,3120.00,3141.00,3036.00,252,0,2,False,False,False,False,0,0,3102.00,3153.00,3048.00,3145.75,2992.50,3003.00,3066.00,3111.00,3024.00
2020-07-06,2020-07-06,2020-07-10,5,30,12181,False,0.00,3121.25,3184.00,3105.25,3179.50,7275536,3.00,27,3159.00,3168.00,3135.00,264,0,2,False,False,False,False,0,0,3159.00,3168.00,3135.00,3156.50,2983.50,3115.50,3120.00,3141.00,3036.00
2020-07-13,2020-07-13,2020-07-17,5,30,12181,False,0.00,3183.50,3233.25,3119.00,3213.75,8820695,4.00,30,3200.00,3228.00,3176.00,204,0,0,False,False,False,False,0,0,3216.00,3228.00,3184.00,3184.00,3105.25,3179.50,3159.00,3168.00,3135.00
2020-07-20,2020-07-20,2020-07-24,5,30,12181,False,0.00,3214.50,3284.50,3190.25,3203.50,7529828,4.00,25,3256.00,3276.00,3216.00,182,0,0,False,False,False,True,0,0,3264.00,3268.00,3216.00,3233.25,3119.00,3213.75,3200.00,3228.00,3176.00
2020-07-27,2020-07-27,2020-07-31,5,30,12181,False,0.00,3210.75,3273.75,3192.00,3269.50,8005056,4.00,21,3220.00,3256.00,3204.00,187,0,0,False,False,False,True,0,0,3224.00,3244.00,3216.00,3284.50,3190.25,3203.50,3256.00,3276.00,3216.00
2020-08-03,2020-08-03,2020-08-07,5,30,12181,False,0.00,3272.00,3347.75,3254.75,3347.25,6343567,3.00,32,3321.00,3348.00,3285.00,181,0,0,False,False,True,False,0,0,3318.00,3345.00,3288.00,3273.75,3192.00,3269.50,3220.00,3256.00,3204.00
2020-08-10,2020-08-10,2020-08-14,5,30,12181,False,0.00,3347.00,3382.50,3319.50,3363.75,6478356,3.00,22,3369.00,3378.00,3345.00,190,0,2,False,False,True,False,0,0,3369.00,3378.00,3351.00,3347.75,3254.75,3347.25,3321.00,3348.00,3285.00
2020-08-17,2020-08-17,2020-08-21,5,30,12181,False,0.00,3366.00,3396.25,3344.75,3391.50,5416759,2.00,27,3384.00,3394.00,3368.00,210,0,2,False,False,False,False,0,0,3378.00,3392.00,3374.00,3382.50,3319.50,3363.75,3369.00,3378.00,3345.00
2020-08-24,2020-08-24,2020-08-28,5,30,12181,False,0.00,3398.75,3509.50,3393.50,3506.75,6417039,2.00,59,3444.00,3482.00,3392.00,242,0,4,False,False,False,False,6,0,3490.00,3508.00,3438.00,3396.25,3344.75,3391.50,3384.00,3394.00,3368.00
2020-08-31,2020-08-31,2020-09-04,5,30,12181,False,0.00,3508.50,3587.00,3347.75,3415.00,10121054,2.00,121,3502.00,3588.00,3450.00,454,0,24,False,False,True,False,0,0,3504.00,3546.00,3420.00,3509.50,3393.50,3506.75,3444.00,3482.00,3392.00
2020-09-07,2020-09-07,2020-09-11,5,29,12181,False,0.00,3420.50,3447.00,3295.50,3337.25,7685981,2.00,77,3398.00,3424.00,3346.00,525,2,7,False,False,False,False,0,0,3340.00,3398.00,3328.00,3587.00,3347.75,3415.00,3502.00,3588.00,3450.00
2020-09-14,2020-09-14,2020-09-18,5,30,19100,True,-10.50,3339.50,3419.50,3280.75,3317.25,8795258,2.00,70,3346.00,3400.00,3330.00,400,0,6,False,False,True,False,0,0,3402.00,3416.00,3334.00,3436.50,3285.00,3326.75,3387.50,3413.50,3335.50
2020-09-21,2020-09-21,2020-09-25,5,30,19100,False,0.00,3314.50,3326.25,3198.00,3285.50,9819353,3.00,43,3267.00,3282.00,3213.00,339,2,2,False,False,False,False,0,0,3231.00,3282.00,3219.00,3419.50,3280.75,3317.25,3346.00,3400.00,3330.00
2020-09-28,2020-09-28,2020-10-02,5,30,19100,False,0.00,3291.00,3388.00,3287.50,3345.50,8344650,3.00,35,3336.00,3369.00,3318.00,301,0,2,False,False,False,False,0,0,3339.00,3366.00,3327.00,3326.25,3198.00,3285.50,3267.00,3282.00,3213.00
2020-10-05,2020-10-05,2020-10-09,5,30,19100,False,0.00,3360.00,3480.00,3330.50,3476.50,6303489,4.00,39,3388.00,3424.00,3348.00,182,0,0,True,False,False,False,0,0,3392.00,3436.00,3352.00,3388.00,3287.50,3345.50,3336.00,3369.00,3318.00
2020-10-12,2020-10-12,2020-10-16,5,30,19100,False,0.00,3467.50,3541.00,3431.50,3464.75,7417924,4.00,29,3476.00,3528.00,3468.00,193,0,0,False,False,False,False,0,0,3512.00,3524.00,3472.00,3480.00,3330.50,3476.50,3388.00,3424.00,3348.00
2020-10-19,2020-10-19,2020-10-23,5,30,19100,False,0.00,3471.00,3496.50,3402.50,3452.75,7610636,4.00,25,3444.00,3456.00,3420.00,202,0,0,False,False,False,False,0,0,3436.00,3456.00,3420.00,3541.00,3431.50,3464.75,3476.00,3528.00,3468.00
2020-10-26,2020-10-26,2020-10-30,5,30,19100,False,0.00,3445.75,3446.25,3225.00,3278.25,10364961,4.00,56,3276.00,3368.00,3224.00,257,2,0,False,False,False,True,3,0,3280.00,3372.00,3224.00,3496.50,3402.50,3452.75,3444.00,3456.00,3420.00
2020-11-02,2020-11-02,2020-11-06,5,30,19100,False,0.00,3260.00,3522.50,3243.25,3510.00,9392293,4.00,71,3492.00,3520.00,3340.00,318,0,5,False,False,True,False,0,0,3504.00,3524.00,3360.00,3446.25,3225.00,3278.25,3276.00,3368.00,3224.00
2020-11-09,2020-11-09,2020-11-13,5,30,19100,False,0.00,3522.50,3668.00,3506.50,3582.00,8894063,4.00,42,3552.00,3572.00,3520.00,271,10,0,False,False,False,False,0,0,3556.00,3576.00,3516.00,3522.50,3243.25,3510.00,3492.00,3520.00,3340.00
2020-11-16,2020-11-16,2020-11-20,5,30,19100,False,0.00,3587.00,3637.00,3542.25,3551.50,6137532,4.00,25,3604.00,3624.00,3564.00,195,2,0,False,False,False,True,0,0,3608.00,3628.00,3568.00,3668.00,3506.50,3582.00,3552.00,3572.00,3520.00
2020-11-23,2020-11-23,2020-11-27,5,28,19100,False,0.00,3546.50,3655.00,3545.50,3637.00,3992951,4.00,28,3628.00,3648.00,3588.00,143,0,0,False,False,False,False,0,0,3628.00,3648.00,3596.00,3637.00,3542.25,3551.50,3604.00,3624.00,3564.00
2020-11-30,2020-11-30,2020-12-04,5,30,19100,False,0.00,3643.75,3700.00,3592.25,3690.25,5925528,4.00,28,3656.00,3684.00,3632.00,164,0,2,True,False,False,False,0,0,3660.00,3696.00,3644.00,3655.00,3545.50,3637.00,3628.00,3648.00,3588.00
2020-12-07,2020-12-07,2020-12-11,5,30,19100,False,0.00,3694.75,3714.75,3628.25,3660.00,5846154,3.00,30,3675.00,3696.00,3651.00,196,0,0,False,False,True,False,0,0,3669.00,3696.00,3657.00,3700.00,3592.25,3690.25,3656.00,3684.00,3632.00
2020-12-14,2020-12-14,2020-12-18,5,30,5482,True,-7.25,3670.50,3723.00,3636.25,3716.50,6396201,3.00,30,3684.00,3717.00,3672.00,185,0,0,False,False,False,True,0,0,3684.00,3717.00,3678.00,3707.50,3621.00,3652.75,3667.75,3688.75,3643.75
2020-12-21,2020-12-21,2020-12-24,4,23,5482,False,0.00,3718.25,3724.00,3596.00,3692.75,4233881,3.00,44,3684.00,3699.00,3654.00,223,5,4,False,False,False,False,0,0,3687.00,3702.00,3669.00,3723.00,3636.25,3716.50,3684.00,3717.00,3672.00
2020-12-28,2020-12-28,2020-12-31,4,24,5482,False,0.00,3682.00,3753.00,3676.00,3748.75,3358708,2.00,39,3724.00,3738.00,3716.00,170,0,19,True,False,False,False,0,0,3730.00,3736.00,3718.00,3724.00,3596.00,3692.75,3684.00,3699.00,3654.00
2021-01-04,2021-01-04,2021-01-08,5,30,5482,False,0.00,3748.75,3824.50,3652.50,3822.00,8194607,2.00,87,3698.00,3768.00,3678.00,458,0,9,True,False,False,False,0,0,3794.00,3820.00,3710.00,3753.00,3676.00,3748.75,3724.00,3738.00,3716.00
2021-01-11,2021-01-11,2021-01-15,5,30,5482,False,0.00,3815.50,3820.75,3741.50,3746.25,6294170,2.00,41,3796.00,3814.00,3780.00,300,2,2,False,False,False,False,0,0,3792.00,3814.00,3780.00,3824.50,3652.50,3822.00,3698.00,3768.00,3678.00
2021-01-18,2021-01-18,2021-01-22,5,29,5482,False,0.00,3750.00,3859.75,3740.50,3830.00,4624235,3.00,41,3840.00,3861.00,3786.00,173,0,4,False,False,True,False,0,0,3840.00,3855.00,3810.00,3820.75,3741.50,3746.25,3796.00,3814.00,3780.00
2021-01-25,2021-01-25,2021-01-29,5,30,5482,False,0.00,3835.50,3862.25,3685.50,3696.50,10079464,3.00,60,3840.00,3855.00,3744.00,365,2,3,False,False,False,False,0,0,3846.00,3855.00,3750.00,3859.75,3740.50,3830.00,3840.00,3861.00,3786.00
2021-02-01,2021-02-01,2021-02-05,5,30,5482,False,0.00,3692.25,3888.25,3656.50,3884.75,6440159,3.00,79,3828.00,3849.00,3720.00,237,0,15,False,False,False,False,2,3,3828.00,3885.00,3804.00,3862.25,3685.50,3696.50,3840.00,3855.00,3744.00
2021-02-08,2021-02-08,2021-02-12,5,30,5482,False,0.00,3889.00,3936.25,3878.25,3935.75,5584316,3.00,21,3906.00,3921.00,3894.00,171,0,2,True,False,False,False,0,0,3897.00,3912.00,3891.00,3888.25,3656.50,3884.75,3828.00,3849.00,3720.00
2021-02-15,2021-02-15,2021-02-19,5,29,5482,False,0.00,3936.50,3959.25,3880.50,3899.25,5643368,3.00,27,3924.00,3933.00,3894.00,186,0,3,False,False,True,False,0,0,3909.00,3930.00,3897.00,3936.25,3878.25,3935.75,3906.00,3921.00,3894.00
2021-02-22,2021-02-22,2021-02-26,5,30,5482,False,0.00,3905.50,3934.50,3785.00,3807.75,11283480,3.00,51,3876.00,3897.00,3822.00,393,0,2,False,False,True,False,0,0,3834.00,3891.00,3822.00,3959.25,3880.50,3899.25,3924.00,3933.00,3894.00
2021-03-01,2021-03-01,2021-03-05,5,30,5482,False,0.00,3817.25,3912.00,3720.50,3840.50,11344243,3.00,65,3882.00,3903.00,3786.00,377,2,0,False,False,False,True,0,0,3894.00,3903.00,3792.00,3934.50,3785.00,3807.75,3876.00,3897.00,3822.00
2021-03-08,2021-03-08,2021-03-12,5,30,5482,False,0.00,3854.75,3958.50,3796.25,3941.75,7453099,3.00,55,3861.00,3918.00,3825.00,281,2,5,False,False,False,False,0,0,3897.00,3912.00,3831.00,3912.00,3720.50,3840.50,3882.00,3903.00,3786.00
2021-03-15,2021-03-15,2021-03-19,5,30,3853,True,-9.00,3936.75,3978.50,3875.00,3896.75,7951667,3.00,36,3945.00,3972.00,3921.00,240,0,0,False,False,False,False,0,0,3933.00,3972.00,3921.00,3949.50,3787.25,3932.75,3852.00,3909.00,3816.00
2021-03-22,2021-03-22,2021-03-26,5,30,3853,False,0.00,3893.50,3968.00,3843.25,3962.25,9329400,3.00,42,3918.00,3933.00,3888.00,246,0,3,True,False,False,False,0,0,3915.00,3936.00,3891.00,3978.50,3875.00,3896.75,3945.00,3972.00,3921.00
2021-03-29,2021-03-29,2021-04-02,5,28,3853,False,0.00,3962.25,4038.00,3928.75,4027.25,6332139,4.00,28,3952.00,3972.00,3936.00,139,0,0,True,False,False,True,2,0,3944.00,3972.00,3936.00,3968.00,3843.25,3962.25,3918.00,3933.00,3888.00
2021-04-05,2021-04-05,2021-04-09,5,30,3853,False,0.00,4030.00,4121.50,4021.00,4114.00,5508959,4.00,26,4060.00,4104.00,4060.00,128,0,0,True,False,False,True,0,2,4064.00,4092.00,4056.00,4038.00,3928.75,4027.25,3952.00,3972.00,3936.00
2021-04-12,2021-04-12,2021-04-16,5,30,3853,False,0.00,4114.25,4183.50,4101.25,4172.25,6060352,4.00,21,4116.00,4144.00,4100.00,117,0,0,False,False,False,False,0,0,4120.00,4156.00,4104.00,4121.50,4021.00,4114.00,4060.00,4104.00,4060.00
2021-04-19,2021-04-19,2021-04-23,5,30,3853,False,0.00,4165.00,4186.75,4110.50,4166.00,8108143,2.00,39,4166.00,4168.00,4126.00,280,0,0,True,False,False,True,0,0,4152.00,4170.00,4128.00,4183.50,4101.25,4172.25,4116.00,4144.00,4100.00
2021-04-26,2021-04-26,2021-04-30,5,30,3853,False,0.00,4170.75,4211.00,4163.75,4180.50,6771618,2.00,25,4182.00,4192.00,4170.00,212,0,0,False,False,False,False,0,0,4180.00,4186.00,4172.00,4186.75,4110.50,4166.00,4166.00,4168.00,4126.00
2021-05-03,2021-05-03,2021-05-07,5,30,3853,False,0.00,4181.50,4232.25,4120.50,4226.75,7873516,2.00,57,4172.00,4198.00,4152.00,303,0,7,False,False,False,False,4,0,4170.00,4196.00,4134.00,4211.00,4163.75,4180.50,4182.00,4192.00,4170.00
2021-05-10,2021-05-10,2021-05-14,5,30,3853,False,0.00,4226.75,4238.25,4029.25,4173.25,10472881,2.00,106,4122.00,4172.00,4070.00,452,0,4,False,False,False,False,14,0,4116.00,4158.00,4068.00,4232.25,4120.50,4226.75,4172.00,4198.00,4152.00
2021-05-17,2021-05-17,2021-05-21,5,30,3853,False,0.00,4169.00,4185.00,4055.50,4157.75,7806874,2.00,66,4158.00,4184.00,4110.00,366,0,3,False,False,True,False,0,0,4156.00,4182.00,4116.00,4238.25,4029.25,4173.25,4122.00,4172.00,4070.00
2021-05-24,2021-05-24,2021-05-28,5,30,3853,False,0.00,4151.50,4217.50,4142.50,4203.25,5426533,3.00,26,4194.00,4215.00,4182.00,160,0,5,False,False,True,False,0,0,4194.00,4209.00,4188.00,4185.00,4055.50,4157.75,4158.00,4184.00,4110.00
2021-05-31,2021-05-31,2021-06-04,5,29,3853,False,0.00,4206.50,4232.00,4165.25,4227.75,4711408,3.00,23,4197.00,4212.00,4185.00,157,0,2,False,False,True,False,0,0,4200.00,4221.00,4188.00,4217.50,4142.50,4203.25,4194.00,4215.00,4182.00
2021-06-07,2021-06-07,2021-06-11,5,30,3853,False,0.00,4232.25,4249.00,4205.75,4245.00,4628494,3.00,16,4224.00,4239.00,4218.00,146,0,0,False,False,True,False,0,0,4227.00,4236.00,4215.00,4232.00,4165.25,4227.75,4197.00,4212.00,4185.00
2021-06-14,2021-06-14,2021-06-18,5,30,1030,True,-9.00,4239.00,4258.25,4140.75,4141.75,6601248,3.00,40,4236.00,4251.00,4194.00,180,0,0,False,True,False,False,0,0,4236.00,4251.00,4194.00,4240.00,4196.75,4236.00,4215.00,4230.00,4209.00
2021-06-21,2021-06-21,2021-06-25,5,30,1030,False,0.00,4142.50,4276.75,4126.75,4274.50,5034886,3.00,51,4239.00,4266.00,4203.00,163,0,3,True,False,False,False,0,8,4239.00,4278.00,4215.00,4258.25,4140.75,4141.75,4236.00,4251.00,4194.00
2021-06-28,2021-06-28,2021-07-02,5,30,1030,False,0.00,4275.00,4347.00,4264.25,4338.75,4457466,2.00,42,4276.00,4302.00,4268.00,177,0,0,True,False,False,True,5,0,4284.00,4302.00,4268.00,4276.75,4126.75,4274.50,4239.00,4266.00,4203.00
2021-07-05,2021-07-05,2021-07-09,5,29,1030,False,0.00,4341.00,4364.00,4279.25,4362.00,5734549,2.00,44,4340.00,4350.00,4308.00,248,0,0,True,False,False,False,0,0,4346.00,4356.00,4306.00,4347.00,4264.25,4338.75,4276.00,4302.00,4268.00
2021-07-12,2021-07-12,2021-07-16,5,30,1030,False,0.00,4362.00,4384.50,4314.25,4318.50,6680718,2.00,36,4360.00,4378.00,4344.00,254,0,0,False,True,False,False,0,0,4370.00,4380.00,4350.00,4364.00,4279.25,4362.00,4340.00,4350.00,4308.00
2021-07-19,2021-07-19,2021-07-23,5,30,1030,False,0.00,4320.00,4408.25,4224.00,4399.25,7565714,2.00,93,4318.00,4352.00,4246.00,308,0,0,True,False,False,True,8,0,4316.00,4362.00,4244.00,4384.50,4314.25,4318.50,4360.00,4378.00,4344.00
2021-07-26,2021-07-26,2021-07-30,5,30,1030,False,0.00,4400.50,4422.50,4364.75,4395.25,5962275,2.00,30,4392.00,4406.00,4380.00,300,0,0,False,False,False,False,0,0,4390.00,4408.00,4382.00,4408.25,4224.00,4399.25,4318.00,4352.00,4246.00
2021-08-02,2021-08-02,2021-08-06,5,30,1030,False,0.00,4396.50,4433.25,4365.25,4430.25,5122748,2.00,35,4404.00,4418.00,4388.00,228,0,0,False,False,True,False,0,0,4412.00,4422.00,4388.00,4422.50,4364.75,4395.25,4392.00,4406.00,4380.00
2021-08-09,2021-08-09,2021-08-13,5,30,1030,False,0.00,4428.00,4463.25,4412.25,4459.75,4246154,2.00,26,4426.00,4444.00,4418.00,165,0,0,False,False,True,False,0,0,4426.00,4444.00,4418.00,4433.25,4365.25,4430.25,4404.00,4418.00,4388.00
2021-08-16,2021-08-16,2021-08-20,5,30,1030,False,0.00,4456.25,4476.50,4347.75,4437.50,7610113,2.00,66,4436.00,4466.00,4392.00,348,2,2,False,False,False,False,0,0,4436.00,4454.00,4400.00,4463.25,4412.25,4459.75,4426.00,4444.00,4418.00
2021-08-23,2021-08-23,2021-08-27,5,30,1030,False,0.00,4435.00,4510.00,4433.50,4507.50,4904708,2.00,40,4484.00,4494.00,4468.00,191,0,6,False,False,False,False,0,3,4482.00,4496.00,4470.00,4476.50,4347.75,4437.50,4436.00,4466.00,4392.00
2021-08-30,2021-08-30,2021-09-03,5,30,1030,False,0.00,4508.75,4549.50,4500.75,4533.75,5376664,2.00,25,4526.00,4540.00,4518.00,206,2,2,False,False,False,False,0,0,4526.00,4536.00,4518.00,4510.00,4433.50,4507.50,4484.00,4494.00,4468.00
2021-09-06,2021-09-06,2021-09-10,5,29,1030,False,0.00,4533.00,4548.00,4456.50,4461.00,4971860,2.00,47,4500.00,4530.00,4488.00,254,0,0,False,True,True,False,0,0,4510.00,4528.00,4498.00,4549.50,4500.75,4533.75,4526.00,4540.00,4518.00
2021-09-13,2021-09-13,2021-09-17,5,30,8858,True,-9.25,4451.75,4483.50,4406.50,4408.25,7583388,2.00,39,4464.00,4474.00,4440.00,308,2,0,False,True,False,False,0,0,4442.00,4464.00,4426.00,4538.75,4447.25,4451.75,4490.75,4520.75,4478.75
2021-09-20,2021-09-20,2021-09-24,5,30,8858,False,0.00,4411.75,4455.00,4293.75,4446.00,8777070,2.00,82,4362.00,4416.00,4326.00,439,0,10,False,False,True,False,0,0,4438.00,4452.00,4354.00,4483.50,4406.50,4408.25,4464.00,4474.00,4440.00
2021-09-27,2021-09-27,2021-10-01,5,30,8858,False,0.00,4446.00,4472.00,4260.00,4350.75,9704278,2.00,107,4364.00,4386.00,4280.00,460,2,4,False,False,False,False,5,0,4350.00,4376.00,4302.00,4455.00,4293.75,4446.00,4362.00,4416.00,4326.00
2021-10-04,2021-10-04,2021-10-08,5,30,8858,False,0.00,4349.00,4421.50,4267.50,4380.50,8555818,4.00,40,4332.00,4360.00,4276.00,235,3,0,False,False,False,False,0,0,4392.00,4420.00,4304.00,4472.00,4260.00,4350.75,4364.00,4386.00,4280.00
2021-10-11,2021-10-11,2021-10-15,5,30,8858,False,0.00,4381.00,4467.50,4317.25,4465.25,6147144,4.00,38,4364.00,4384.00,4324.00,201,0,0,False,False,False,True,3,0,4348.00,4416.00,4324.00,4421.50,4267.50,4380.50,4332.00,4360.00,4276.00
2021-10-18,2021-10-18,2021-10-22,5,30,8858,False,0.00,4465.50,4551.50,4436.25,4529.25,5162709,4.00,29,4512.00,4548.00,4488.00,136,0,0,False,False,True,False,0,0,4524.00,4544.00,4500.00,4467.50,4317.25,4465.25,4364.00,4384.00,4324.00
2021-10-25,2021-10-25,2021-10-29,5,30,8858,False,0.00,4528.75,4603.50,4522.50,4602.50,5893477,4.00,21,4572.00,4584.00,4548.00,151,0,2,False,False,False,False,0,0,4572.00,4592.00,4556.00,4551.50,4436.25,4529.25,4512.00,4548.00,4488.00
2021-11-01,2021-11-01,2021-11-05,5,30,8858,False,0.00,4608.00,4711.75,4586.50,4685.75,5522006,3.00,43,4617.00,4662.00,4584.00,175,0,0,False,False,False,True,7,0,4617.00,4668.00,4587.00,4603.50,4522.50,4602.50,4572.00,4584.00,4548.00
2021-11-08,2021-11-08,2021-11-12,5,30,8858,False,0.00,4678.50,4707.00,4625.25,4681.00,5806399,3.00,29,4647.00,4686.00,4641.00,188,2,5,False,False,False,False,0,0,4671.00,4680.00,4641.00,4711.75,4586.50,4685.75,4617.00,4662.00,4584.00
2021-11-15,2021-11-15,2021-11-19,5,30,8858,False,0.00,4684.75,4723.50,4667.00,4697.75,5423048,3.00,20,4692.00,4707.00,4680.00,180,0,0,False,False,True,False,0,0,4686.00,4707.00,4680.00,4707.00,4625.25,4681.00,4647.00,4686.00,4641.00
2021-11-22,2021-11-22,2021-11-26,5,28,8858,False,0.00,4701.00,4740.50,4577.25,4579.00,6774067,3.00,56,4680.00,4719.00,4656.00,258,3,0,False,True,False,False,0,0,4677.00,4728.00,4653.00,4723.50,4667.00,4697.75,4692.00,4707.00,4680.00
2021-11-29,2021-11-29,2021-12-03,5,30,8858,False,0.00,4589.00,4669.75,4492.00,4533.25,12386844,3.00,60,4581.00,4644.00,4545.00,443,0,0,False,True,True,False,0,0,4578.00,4617.00,4506.00,4740.50,4577.25,4579.00,4680.00,4719.00,4656.00
2021-12-06,2021-12-06,2021-12-10,5,30,8858,False,0.00,4542.25,4712.75,4531.50,4712.25,6923821,3.00,61,4686.00,4713.00,4608.00,266,0,0,False,False,True,True,0,10,4686.00,4713.00,4650.00,4669.75,4492.00,4533.25,4581.00,4644.00,4545.00
2021-12-13,2021-12-13,2021-12-17,5,30,5782,True,-7.50,4703.75,4743.25,4590.00,4619.25,9058009,3.00,52,4632.00,4683.00,4602.00,330,4,2,False,False,False,False,0,0,4629.00,4674.00,4599.00,4705.25,4524.00,4704.75,4678.50,4705.50,4600.50
2021-12-20,2021-12-20,2021-12-23,4,24,5782,False,0.00,4612.00,4731.25,4520.25,4716.75,5478972,5.00,43,4630.00,4645.00,4530.00,145,0,0,True,False,False,False,2,0,4545.00,4650.00,4525.00,4743.25,4590.00,4619.25,4632.00,4683.00,4602.00
2021-12-27,2021-12-27,2021-12-31,5,30,5782,False,0.00,4717.00,4799.75,4713.25,4761.50,4172252,5.00,18,4775.00,4800.00,4765.00,117,0,0,False,False,True,False,0,2,4780.00,4795.00,4760.00,4731.25,4520.25,4716.75,4630.00,4645.00,4530.00
2022-01-03,2022-01-03,2022-01-07,5,30,5782,False,0.00,4771.00,4808.25,4653.75,4667.50,7761111,5.00,32,4770.00,4810.00,4690.00,179,0,2,False,False,True,False,0,5,4780.00,4810.00,4690.00,4799.75,4713.25,4761.50,4775.00,4800.00,4765.00
2022-01-10,2022-01-10,2022-01-14,5,30,5782,False,0.00,4671.25,4739.50,4572.75,4664.00,9096721,4.00,42,4656.00,4708.00,4616.00,270,0,6,False,False,True,False,0,0,4632.00,4692.00,4584.00,4808.25,4653.75,4667.50,4770.00,4810.00,4690.00
2022-01-17,2022-01-17,2022-01-21,5,29,5782,False,0.00,4666.00,4671.75,4381.25,4381.50,9005253,4.00,73,4560.00,4668.00,4512.00,293,0,0,False,True,False,False,2,6,4584.00,4612.00,4464.00,4739.50,4572.75,4664.00,4656.00,4708.00,4616.00
2022-01-24,2022-01-24,2022-01-28,5,30,5782,False,0.00,4389.00,4446.25,4212.75,4419.75,12886176,4.00,59,4336.00,4396.00,4296.00,552,2,12,False,False,False,False,0,0,4324.00,4392.00,4284.00,4671.75,4381.25,4381.50,4560.00,4668.00,4512.00
2022-01-31,2022-01-31,2022-02-04,5,30,5782,False,0.00,4423.50,4586.00,4395.50,4485.50,8434017,8.00,25,4496.00,4552.00,4464.00,156,0,0,False,False,False,False,0,0,4504.00,4544.00,4456.00,4446.25,4212.75,4419.75,4336.00,4396.00,4296.00
2022-02-07,2022-02-07,2022-02-11,5,30,5782,False,0.00,4497.00,4585.00,4393.25,4418.00,8893068,8.00,25,4480.00,4552.00,4464.00,161,0,0,False,True,False,False,0,0,4496.00,4568.00,4464.00,4586.00,4395.50,4485.50,4496.00,4552.00,4464.00
2022-02-14,2022-02-14,2022-02-18,5,30,5782,False,0.00,4411.75,4484.50,4321.00,4344.25,8223579,8.00,21,4400.00,4456.00,4368.00,164,0,0,False,False,True,False,0,0,4456.00,4464.00,4376.00,4585.00,4393.25,4418.00,4480.00,4552.00,4464.00
2022-02-21,2022-02-21,2022-02-25,5,29,5782,False,0.00,4324.25,4391.25,4101.75,4380.50,9069382,8.00,37,4312.00,4384.00,4248.00,222,0,0,False,False,True,True,0,0,4312.00,4384.00,4232.00,4484.50,4321.00,4344.25,4400.00,4456.00,4368.00
2022-02-28,2022-02-28,2022-03-04,5,30,5782,False,0.00,4299.50,4418.75,4251.50,4320.25,8798543,6.00,29,4320.00,4374.00,4296.00,263,2,2,False,False,False,False,0,0,4320.00,4374.00,4296.00,4391.25,4101.75,4380.50,4312.00,4384.00,4248.00
2022-03-07,2022-03-07,2022-03-11,5,30,5782,False,0.00,4308.75,4335.50,4138.75,4205.75,7984036,6.00,34,4242.00,4284.00,4182.00,277,2,0,False,False,False,False,0,0,4254.00,4284.00,4206.00,4418.75,4251.50,4320.25,4320.00,4374.00,4296.00
2022-03-14,2022-03-14,2022-03-18,5,30,3403,True,-9.50,4206.50,4465.75,4129.50,4465.00,6780174,6.00,57,4206.00,4344.00,4146.00,222,0,3,True,False,False,False,2,0,4218.00,4356.00,4146.00,4326.00,4129.25,4196.25,4232.50,4274.50,4172.50
2022-03-21,2022-03-21,2022-03-25,5,30,3403,False,0.00,4460.00,4539.00,4415.00,4536.00,6124190,6.00,22,4458.00,4512.00,4434.00,159,0,2,False,False,True,False,0,0,4500.00,4518.00,4452.00,4465.75,4129.50,4465.00,4206.00,4344.00,4146.00
2022-03-28,2022-03-28,2022-04-01,5,30,3403,False,0.00,4535.25,4631.00,4501.25,4538.50,6503487,6.00,22,4536.00,4602.00,4512.00,149,0,0,False,False,True,False,0,0,4530.00,4596.00,4506.00,4539.00,4415.00,4536.00,4458.00,4512.00,4434.00
2022-04-04,2022-04-04,2022-04-08,5,30,3403,False,0.00,4538.25,4588.75,4444.50,4483.50,6696508,6.00,25,4494.00,4548.00,4458.00,159,0,0,False,False,True,True,0,0,4470.00,4524.00,4446.00,4631.00,4501.25,4538.50,4536.00,4602.00,4512.00
2022-04-11,2022-04-11,2022-04-14,4,24,3403,False,0.00,4488.75,4491.25,4375.50,4389.00,5628416,5.00,24,4410.00,4455.00,4400.00,166,2,0,False,False,False,False,0,0,4425.00,4450.00,4395.00,4588.75,4444.50,4483.50,4494.00,4548.00,4458.00
2022-04-18,2022-04-18,2022-04-22,5,30,3403,False,0.00,4390.00,4509.00,4247.50,4251.25,7544214,5.00,53,4390.00,4465.00,4360.00,223,0,0,False,True,False,False,0,6,4460.00,4505.00,4380.00,4491.25,4375.50,4389.00,4410.00,4455.00,4400.00
2022-04-25,2022-04-25,2022-04-29,5,30,3403,False,0.00,4259.00,4303.50,4118.75,4137.00,9931946,5.00,38,4215.00,4270.00,4185.00,299,0,0,False,True,True,False,0,0,4210.00,4255.00,4170.00,4509.00,4247.50,4251.25,4390.00,4465.00,4360.00
2022-05-02,2022-05-02,2022-05-06,5,30,3403,False,0.00,4144.00,4303.00,4056.00,4110.75,10152831,5.00,50,4145.00,4190.00,4095.00,314,0,0,False,False,True,False,0,0,4150.00,4185.00,4100.00,4303.50,4118.75,4137.00,4215.00,4270.00,4185.00
2022-05-09,2022-05-09,2022-05-13,5,30,3403,False,0.00,4087.25,4099.00,3855.00,4014.00,10476077,8.00,32,4000.00,4040.00,3920.00,216,0,2,False,False,False,False,0,0,4016.00,4056.00,3952.00,4303.00,4056.00,4110.75,4145.00,4190.00,4095.00
2022-05-16,2022-05-16,2022-05-20,5,30,3403,False,0.00,4025.00,4095.00,3807.50,3902.00,9990987,8.00,37,3920.00,4024.00,3808.00,202,0,0,False,False,True,False,3,0,3896.00,4032.00,3864.00,4099.00,3855.00,4014.00,4000.00,4040.00,3920.00
2022-05-23,2022-05-23,2022-05-27,5,30,3403,False,0.00,3910.50,4168.25,3872.00,4168.00,8253597,8.00,38,3928.00,4000.00,3896.00,163,0,3,True,False,False,False,6,0,3968.00,4008.00,3872.00,4095.00,3807.50,3902.00,3920.00,4024.00,3808.00
2022-05-30,2022-05-30,2022-06-03,5,29,3403,False,0.00,4164.50,4202.25,4071.50,4109.50,6928562,8.00,18,4120.00,4176.00,4104.00,149,0,0,False,False,True,False,0,0,4104.00,4160.00,4104.00,4168.25,3872.00,4168.00,3928.00,4000.00,3896.00
2022-06-06,2022-06-06,2022-06-10,5,30,3403,False,0.00,4110.50,4168.25,3895.25,3905.50,7778221,8.00,36,4104.00,4160.00,4072.00,149,0,0,False,False,False,False,0,13,4112.00,4168.00,4080.00,4202.25,4071.50,4109.50,4120.00,4176.00,4104.00
2022-06-13,2022-06-13,2022-06-17,5,30,97042,True,3.25,3874.00,3879.75,3639.00,3683.75,7848312,6.00,41,3762.00,3840.00,3702.00,244,4,0,False,False,False,False,0,0,3672.00,3774.00,3648.00,4171.50,3898.50,3908.75,4107.25,4163.25,4075.25
2022-06-20,2022-06-20,2022-06-24,5,29,97042,False,0.00,3684.00,3919.75,3661.50,3914.75,6164118,6.00,44,3762.00,3804.00,3702.00,182,0,0,True,False,False,True,5,0,3774.00,3804.00,3726.00,3879.75,3639.00,3683.75,3762.00,3840.00,3702.00
2022-06-27,2022-06-27,2022-07-01,5,30,97042,False,0.00,3915.00,3950.00,3741.25,3825.50,8815648,6.00,36,3816.00,3894.00,3744.00,216,0,0,False,False,True,False,4,0,3822.00,3852.00,3750.00,3919.75,3661.50,3914.75,3762.00,3804.00,3702.00
2022-07-04,2022-07-04,2022-07-08,5,29,97042,False,0.00,3828.50,3922.00,3744.00,3905.50,6302169,6.00,30,3834.00,3876.00,3786.00,175,0,0,False,False,True,True,0,0,3828.00,3906.00,3804.00,3950.00,3741.25,3825.50,3816.00,3894.00,3744.00
2022-07-11,2022-07-11,2022-07-15,5,30,97042,False,0.00,3900.00,3900.75,3723.75,3866.75,8427147,6.00,31,3828.00,3882.00,3780.00,194,3,0,False,False,False,False,0,0,3852.00,3870.00,3780.00,3922.00,3744.00,3905.50,3834.00,3876.00,3786.00
2022-07-18,2022-07-18,2022-07-22,5,30,97042,False,0.00,3878.50,4016.25,3820.25,3963.25,8075002,6.00,34,3948.00,4014.00,3900.00,168,2,3,False,False,False,False,0,0,3954.00,4008.00,3930.00,3900.75,3723.75,3866.75,3828.00,3882.00,3780.00
2022-07-25,2022-07-25,2022-07-29,5,30,97042,False,0.00,3967.75,4144.00,3913.25,4132.50,8449235,6.00,39,3960.00,4050.00,3924.00,157,0,0,True,False,False,True,3,0,3966.00,4056.00,3918.00,4016.25,3820.25,3963.25,3948.00,4014.00,3900.00
2022-08-01,2022-08-01,2022-08-05,5,30,97042,False,0.00,4137.50,4173.25,4080.50,4141.75,8053286,6.00,16,4110.00,4152.00,4098.00,153,0,0,False,False,True,True,0,0,4116.00,4158.00,4104.00,4144.00,3913.25,4132.50,3960.00,4050.00,3924.00
2022-08-08,2022-08-08,2022-08-12,5,30,97042,False,0.00,4149.75,4282.75,4113.00,4280.75,7044498,6.00,29,4218.00,4248.00,4134.00,145,0,0,True,False,False,True,0,0,4230.00,4260.00,4146.00,4173.25,4080.50,4141.75,4110.00,4152.00,4098.00
2022-08-15,2022-08-15,2022-08-19,5,30,97042,False,0.00,4277.00,4327.50,4220.75,4228.50,7118208,5.00,22,4275.00,4300.00,4255.00,153,0,0,False,False,False,False,0,0,4275.00,4310.00,4265.00,4282.75,4113.00,4280.75,4218.00,4248.00,4134.00
2022-08-22,2022-08-22,2022-08-26,5,30,97042,False,0.00,4221.00,4221.50,4042.75,4042.75,8208306,5.00,37,4140.00,4195.00,4120.00,188,0,0,False,True,True,False,0,2,4135.00,4180.00,4125.00,4327.50,4220.75,4228.50,4275.00,4300.00,4255.00
2022-08-29,2022-08-29,2022-09-02,5,30,97042,False,0.00,4024.00,4072.75,3903.50,3933.25,11242505,4.00,44,4028.00,4056.00,3948.00,274,0,0,False,False,True,False,0,0,3988.00,4016.00,3924.00,4221.50,4042.75,4042.75,4140.00,4195.00,4120.00
2022-09-05,2022-09-05,2022-09-09,5,29,97042,False,0.00,3929.00,4077.25,3883.50,4066.25,7397418,4.00,50,3932.00,3984.00,3892.00,223,0,0,True,False,False,False,3,0,3980.00,4000.00,3908.00,4072.75,3903.50,3933.25,4028.00,4056.00,3948.00
2022-09-12,2022-09-12,2022-09-16,5,30,206323,True,19.00,4096.25,4177.00,3853.00,3902.50,8316389,4.00,82,3960.00,4060.00,3852.00,273,7,0,False,False,False,True,19,2,3964.00,3984.00,3876.00,4096.25,3902.50,4085.25,3951.00,4003.00,3911.00
2022-09-19,2022-09-19,2022-09-23,5,30,206323,False,0.00,3889.50,3936.25,3660.25,3711.50,12036121,4.00,70,3872.00,3940.00,3792.00,291,0,0,False,True,False,False,0,6,3876.00,3928.00,3772.00,4177.00,3853.00,3902.50,3960.00,4060.00,3852.00
2022-09-26,2022-09-26,2022-09-30,5,30,206323,False,0.00,3705.25,3751.25,3595.25,3604.25,14041493,5.00,32,3670.00,3715.00,3640.00,276,3,0,False,True,False,False,0,0,3650.00,3715.00,3640.00,3936.25,3660.25,3711.50,3872.00,3940.00,3792.00
2022-10-03,2022-10-03,2022-10-07,5,30,206323,False,0.00,3593.25,3820.00,3571.75,3650.75,10844578,5.00,51,3780.00,3815.00,3690.00,234,0,3,False,False,False,False,0,2,3790.00,3815.00,3690.00,3751.25,3595.25,3604.25,3670.00,3715.00,3640.00
2022-10-10,2022-10-10,2022-10-14,5,30,206323,False,0.00,3638.75,3733.75,3502.00,3596.50,12077992,6.00,40,3600.00,3654.00,3576.00,239,3,6,False,False,False,False,0,0,3600.00,3654.00,3588.00,3820.00,3571.75,3650.75,3780.00,3815.00,3690.00
2022-10-17,2022-10-17,2022-10-21,5,30,206323,False,0.00,3591.00,3777.25,3590.50,3772.00,11806736,6.00,32,3702.00,3756.00,3678.00,222,0,3,False,False,True,False,0,0,3690.00,3744.00,3678.00,3733.75,3502.00,3596.50,3600.00,3654.00,3576.00
2022-10-24,2022-10-24,2022-10-28,5,30,206323,False,0.00,3771.00,3924.25,3736.50,3923.00,10003450,6.00,33,3840.00,3870.00,3792.00,207,0,3,True,False,False,False,0,0,3840.00,3870.00,3792.00,3777.25,3590.50,3772.00,3702.00,3756.00,3678.00
2022-10-31,2022-10-31,2022-11-04,5,30,206323,False,0.00,3911.50,3928.00,3704.25,3772.75,10095198,6.00,38,3894.00,3924.00,3750.00,202,0,0,False,False,False,True,0,3,3882.00,3924.00,3762.00,3924.25,3736.50,3923.00,3840.00,3870.00,3792.00
2022-11-07,2022-11-07,2022-11-11,5,30,206323,False,0.00,3750.00,4009.75,3738.25,3999.50,9223739,6.00,46,3816.00,3870.00,3744.00,200,0,2,True,False,False,False,6,0,3810.00,3924.00,3750.00,3928.00,3704.25,3772.75,3894.00,3924.00,3750.00
2022-11-14,2022-11-14,2022-11-18,5,30,206323,False,0.00,3984.00,4050.75,3912.50,3971.50,8095580,6.00,24,3978.00,4008.00,3954.00,172,3,0,False,False,False,True,0,0,3966.00,4008.00,3942.00,4009.75,3738.25,3999.50,3816.00,3870.00,3744.00
2022-11-21,2022-11-21,2022-11-25,5,28,206323,False,0.00,3972.50,4049.25,3937.50,4034.25,4040679,6.00,19,4038.00,4050.00,3966.00,100,0,0,False,False,True,False,0,0,4026.00,4044.00,3966.00,4050.75,3912.50,3971.50,3978.00,4008.00,3954.00
2022-11-28,2022-11-28,2022-12-02,5,30,206323,False,0.00,4020.25,4110.00,3941.25,4066.75,8747942,4.00,43,4080.00,4100.00,3984.00,232,0,0,False,False,False,True,0,0,4076.00,4096.00,3972.00,4049.25,3937.50,4034.25,4038.00,4050.00,3966.00
2022-12-05,2022-12-05,2022-12-09,5,30,206323,False,0.00,4074.00,4075.75,3914.00,3931.50,7434748,4.00,41,3940.00,3992.00,3924.00,201,0,0,False,False,True,False,5,0,3960.00,3972.00,3928.00,4110.00,3941.25,4066.75,4080.00,4100.00,3984.00
2022-12-12,2022-12-12,2022-12-16,5,30,206299,True,33.50,3966.50,4178.50,3855.25,3872.00,6477907,4.00,82,4024.00,4140.00,3944.00,289,11,0,False,False,False,False,0,0,3924.00,4024.00,3852.00,4109.25,3947.50,3965.00,3973.50,4025.50,3957.50
2022-12-19,2022-12-19,2022-12-23,5,30,206299,False,0.00,3874.00,3919.75,3788.50,3868.25,7366411,4.00,33,3852.00,3888.00,3820.00,239,0,0,False,False,True,False,0,0,3856.00,3876.00,3824.00,4178.50,3855.25,3872.00,4024.00,4140.00,3944.00
2022-12-26,2022-12-27,2022-12-30,4,24,206299,False,0.00,3878.00,3900.50,3804.50,3868.00,4563479,4.00,25,3852.00,3872.00,3820.00,166,0,0,False,False,True,True,0,0,3860.00,3880.00,3836.00,3919.75,3788.50,3868.25,3852.00,3888.00,3820.00
2023-01-02,2023-01-03,2023-01-06,4,24,206299,False,0.00,3895.00,3928.75,3814.50,3913.75,7147139,5.00,24,3845.00,3880.00,3825.00,180,0,0,True,False,False,False,0,0,3830.00,3875.00,3820.00,3900.50,3804.50,3868.00,3852.00,3872.00,3820.00
2023-01-09,2023-01-09,2023-01-13,5,30,206299,False,0.00,3918.50,4024.25,3891.50,4019.00,7914287,5.00,27,3990.00,4015.00,3930.00,169,0,0,False,False,True,False,0,0,3990.00,4015.00,3940.00,3928.75,3814.50,3913.75,3845.00,3880.00,3825.00
2023-01-16,2023-01-16,2023-01-20,5,29,206299,False,0.00,4020.00,4035.25,3901.75,3988.00,6573900,5.00,28,4010.00,4035.00,3940.00,153,0,0,False,False,False,False,0,0,4010.00,4035.00,3930.00,4024.25,3891.50,4019.00,3990.00,4015.00,3930.00
2023-01-23,2023-01-23,2023-01-27,5,30,206299,False,0.00,3987.00,4109.25,3963.25,4084.00,7753659,5.00,30,4030.00,4065.00,4000.00,165,0,2,True,False,False,False,0,0,4030.00,4085.00,4010.00,4035.25,3901.75,3988.00,4010.00,4035.00,3940.00
2023-01-30,2023-01-30,2023-02-03,5,30,206299,False,0.00,4077.00,4208.50,4007.50,4146.00,9848393,5.00,41,4075.00,4160.00,4005.00,191,0,0,False,False,True,False,7,0,4145.00,4210.00,4065.00,4109.25,3963.25,4084.00,4030.00,4065.00,4000.00
2023-02-06,2023-02-06,2023-02-10,5,30,206299,False,0.00,4134.25,4188.25,4060.75,4099.50,8844218,5.00,26,4130.00,4175.00,4110.00,181,2,0,False,False,False,False,0,0,4125.00,4170.00,4105.00,4208.50,4007.50,4146.00,4075.00,4160.00,4005.00
2023-02-13,2023-02-13,2023-02-17,5,30,206299,False,0.00,4105.00,4186.50,4055.75,4085.75,9132051,5.00,27,4140.00,4165.00,4100.00,179,3,0,False,False,False,True,0,0,4140.00,4155.00,4100.00,4188.25,4060.75,4099.50,4130.00,4175.00,4110.00
2023-02-20,2023-02-20,2023-02-24,5,29,206299,False,0.00,4083.00,4089.25,3947.50,3974.50,7567418,5.00,29,4015.00,4030.00,3965.00,140,0,0,False,False,True,False,0,0,4010.00,4035.00,3970.00,4186.50,4055.75,4085.75,4140.00,4165.00,4100.00
2023-02-27,2023-02-27,2023-03-03,5,30,206299,False,0.00,3976.50,4053.00,3925.00,4052.50,8664543,4.00,33,3984.00,4012.00,3952.00,192,0,0,True,False,False,False,0,0,3984.00,4004.00,3944.00,4089.25,3947.50,3974.50,4015.00,4030.00,3965.00
2023-03-06,2023-03-06,2023-03-10,5,30,206299,False,0.00,4049.25,4082.50,3846.25,3879.00,10144966,4.00,60,3988.00,4024.00,3876.00,219,4,0,False,False,False,False,5,4,3988.00,4040.00,3892.00,4053.00,3925.00,4052.50,3984.00,4012.00,3952.00
2023-03-13,2023-03-13,2023-03-17,5,30,95414,True,33.00,3920.75,4009.25,3841.75,3947.75,9203152,4.00,43,3924.00,3960.00,3892.00,331,2,6,False,False,False,False,0,0,3948.00,3968.00,3884.00,4115.50,3879.25,3912.00,4021.00,4057.00,3909.00
2023-03-20,2023-03-20,2023-03-24,5,30,95414,False,0.00,3963.75,4073.75,3897.25,4010.50,8948700,4.00,45,3984.00,4020.00,3944.00,240,7,10,False,False,False,False,0,0,3972.00,4024.00,3948.00,4009.25,3841.75,3947.75,3924.00,3960.00,3892.00
2023-03-27,2023-03-27,2023-03-31,5,30,95414,False,0.00,4008.00,4142.50,3980.75,4139.50,6600531,5.00,33,4005.00,4080.00,3995.00,136,0,0,True,False,False,True,0,0,4080.00,4105.00,4000.00,4073.75,3897.25,4010.50,3984.00,4020.00,3944.00
2023-04-03,2023-04-03,2023-04-07,5,28,95414,False,0.00,4127.00,4171.75,4096.50,4141.50,5616018,5.00,16,4125.00,4150.00,4105.00,116,0,0,False,False,False,True,0,0,4130.00,4135.00,4100.00,4142.50,3980.75,4139.50,4005.00,4080.00,3995.00
2023-04-10,2023-04-10,2023-04-14,5,30,95414,False,0.00,4139.00,4189.00,4098.75,4171.75,7306291,5.00,19,4135.00,4160.00,4115.00,140,0,0,False,False,True,True,0,0,4140.00,4175.00,4130.00,4171.75,4096.50,4141.50,4125.00,4150.00,4105.00
2023-04-17,2023-04-17,2023-04-21,5,30,95414,False,0.00,4174.25,4198.25,4135.25,4153.25,7184312,3.00,22,4170.00,4179.00,4146.00,174,2,0,False,False,False,False,0,0,4152.00,4179.00,4146.00,4189.00,4098.75,4171.75,4135.00,4160.00,4115.00
2023-04-24,2023-04-24,2023-04-28,5,30,95414,False,0.00,4150.00,4193.75,4068.75,4190.75,8035003,3.00,42,4146.00,4167.00,4104.00,200,0,4,True,False,False,False,0,0,4101.00,4158.00,4089.00,4198.25,4135.25,4153.25,4170.00,4179.00,4146.00
2023-05-01,2023-05-01,2023-05-05,5,30,95414,False,0.00,4190.00,4206.25,4062.25,4149.00,8173035,3.00,49,4137.00,4164.00,4077.00,233,2,3,False,False,False,False,2,0,4137.00,4158.00,4077.00,4193.75,4068.75,4190.75,4146.00,4167.00,4104.00
2023-05-08,2023-05-08,2023-05-12,5,30,95414,False,0.00,4151.00,4173.25,4111.75,4132.00,6600789,3.00,22,4149.00,4158.00,4131.00,208,2,0,False,False,False,True,0,0,4137.00,4158.00,4131.00,4206.25,4062.25,4149.00,4137.00,4164.00,4077.00
2023-05-15,2023-05-15,2023-05-19,5,30,95414,False,0.00,4132.25,4227.25,4120.00,4198.25,7209311,3.00,37,4143.00,4182.00,4119.00,201,0,0,False,False,False,False,0,0,4137.00,4194.00,4119.00,4173.25,4111.75,4132.00,4149.00,4158.00,4131.00
2023-05-22,2023-05-22,2023-05-26,5,30,95414,False,0.00,4189.00,4222.75,4114.00,4219.25,8277288,3.00,37,4152.00,4203.00,4128.00,218,0,0,False,False,True,False,0,0,4206.00,4221.00,4146.00,4227.25,4120.00,4198.25,4143.00,4182.00,4119.00
2023-05-29,2023-05-29,2023-06-02,5,29,95414,False,0.00,4239.75,4297.75,4174.00,4288.75,7617684,3.00,42,4221.00,4242.00,4191.00,196,0,0,False,False,False,False,3,0,4194.00,4233.00,4176.00,4222.75,4114.00,4219.25,4152.00,4203.00,4128.00
2023-06-05,2023-06-05,2023-06-09,5,30,95414,False,0.00,4288.00,4325.50,4262.75,4304.75,7754223,3.00,22,4290.00,4299.00,4272.00,175,2,0,False,False,False,False,0,0,4287.00,4302.00,4275.00,4297.75,4174.00,4288.75,4221.00,4242.00,4191.00
2023-06-12,2023-06-12,2023-06-16,5,30,3445,True,45.25,4351.75,4493.75,4350.50,4459.00,6158211,3.00,48,4416.00,4467.00,4368.00,209,2,0,False,False,False,True,3,3,4473.00,4488.00,4413.00,4370.75,4308.00,4350.00,4335.25,4344.25,4317.25
2023-06-19,2023-06-19,2023-06-23,5,29,3445,False,0.00,4458.00,4462.00,4381.50,4388.50,5661671,3.00,28,4404.00,4443.00,4398.00,172,0,0,False,False,False,False,0,0,4413.00,4428.00,4389.00,4493.75,4350.50,4459.00,4416.00,4467.00,4368.00
2023-06-26,2023-06-26,2023-06-30,5,30,3445,False,0.00,4390.00,4498.00,4368.50,4482.50,7804070,3.00,44,4413.00,4428.00,4371.00,197,0,0,False,False,False,False,7,0,4419.00,4440.00,4377.00,4462.00,4381.50,4388.50,4404.00,4443.00,4398.00
2023-07-03,2023-07-03,2023-07-07,5,28,3445,False,0.00,4485.50,4494.00,4419.50,4438.00,4997360,3.00,26,4488.00,4497.00,4446.00,153,0,3,False,False,False,False,0,0,4485.00,4494.00,4443.00,4498.00,4368.50,4482.50,4413.00,4428.00,4371.00
2023-07-10,2023-07-10,2023-07-14,5,30,3445,False,0.00,4437.50,4560.50,4411.25,4535.25,6685629,3.00,51,4515.00,4560.00,4449.00,179,0,0,False,False,False,False,0,4,4509.00,4560.00,4455.00,4494.00,4419.50,4438.00,4488.00,4497.00,4446.00
2023-07-17,2023-07-17,2023-07-21,5,30,3445,False,0.00,4536.00,4609.25,4528.00,4564.00,6517539,3.00,28,4584.00,4599.00,4554.00,158,0,0,False,False,False,True,0,0,4575.00,4602.00,4563.00,4560.50,4411.25,4535.25,4515.00,4560.00,4449.00
2023-07-24,2023-07-24,2023-07-28,5,30,3445,False,0.00,4564.25,4634.50,4553.75,4607.00,6932202,3.00,28,4590.00,4611.00,4572.00,193,0,2,False,False,False,False,0,0,4584.00,4611.00,4578.00,4609.25,4528.00,4564.00,4584.00,4599.00,4554.00
2023-07-31,2023-07-31,2023-08-04,5,30,3445,False,0.00,4608.75,4621.75,4493.75,4498.00,7860398,2.00,65,4538.00,4592.00,4506.00,339,0,0,False,True,True,False,0,0,4602.00,4620.00,4530.00,4634.50,4553.75,4607.00,4590.00,4611.00,4572.00
2023-08-07,2023-08-07,2023-08-11,5,30,3445,False,0.00,4500.50,4544.75,4459.00,4484.25,8187991,2.00,44,4514.00,4528.00,4486.00,338,2,4,False,False,False,False,0,0,4486.00,4520.00,4478.00,4621.75,4493.75,4498.00,4538.00,4592.00,4506.00
2023-08-14,2023-08-14,2023-08-18,5,30,3445,False,0.00,4485.00,4517.75,4350.00,4380.00,7316072,2.00,84,4452.00,4518.00,4416.00,338,0,2,False,False,True,False,0,4,4382.00,4464.00,4354.00,4544.75,4459.00,4484.25,4514.00,4528.00,4486.00
2023-08-21,2023-08-21,2023-08-25,5,30,3445,False,0.00,4382.50,4485.50,4365.25,4413.25,7408100,3.00,41,4407.00,4428.00,4377.00,262,0,2,False,False,False,False,0,0,4401.00,4428.00,4383.00,4517.75,4350.00,4380.00,4452.00,4518.00,4416.00
2023-08-28,2023-08-28,2023-09-01,5,30,3445,False,0.00,4418.00,4547.75,4414.50,4519.00,6631093,3.00,45,4521.00,4548.00,4449.00,200,2,0,False,False,False,True,0,12,4524.00,4545.00,4494.00,4485.50,4365.25,4413.25,4407.00,4428.00,4377.00
2023-09-04,2023-09-04,2023-09-08,5,29,3445,False,0.00,4521.25,4531.25,4434.25,4463.50,5377904,4.00,25,4460.00,4504.00,4436.00,134,0,0,False,False,True,True,0,0,4456.00,4484.00,4432.00,4547.75,4414.50,4519.00,4521.00,4548.00,4449.00
2023-09-11,2023-09-11,2023-09-15,5,30,314863,True,48.75,4512.25,4566.00,4494.00,4499.00,5309239,4.00,19,4528.00,4540.00,4504.00,147,0,0,False,False,True,True,0,0,4524.00,4544.00,4500.00,4580.00,4483.00,4512.25,4508.75,4552.75,4484.75
2023-09-18,2023-09-18,2023-09-22,5,30,314863,False,0.00,4499.50,4514.50,4357.25,4362.75,7458917,3.00,53,4497.00,4512.00,4401.00,194,0,0,False,True,False,False,0,8,4497.00,4515.00,4395.00,4566.00,4494.00,4499.00,4528.00,4540.00,4504.00
2023-09-25,2023-09-25,2023-09-29,5,30,314863,False,0.00,4365.00,4383.50,4277.00,4329.25,9021256,3.00,37,4323.00,4362.00,4311.00,263,0,0,False,False,False,False,0,0,4326.00,4359.00,4308.00,4514.50,4357.25,4362.75,4497.00,4512.00,4401.00
2023-10-02,2023-10-02,2023-10-06,5,30,314863,False,0.00,4349.00,4358.50,4235.50,4345.25,9930201,3.00,42,4293.00,4320.00,4251.00,299,0,3,False,False,False,False,0,0,4266.00,4311.00,4254.00,4383.50,4277.00,4329.25,4323.00,4362.00,4311.00
2023-10-09,2023-10-09,2023-10-13,5,30,314863,False,0.00,4315.00,4430.50,4299.50,4351.50,8335668,3.00,44,4392.00,4419.00,4362.00,249,0,0,False,False,False,False,0,0,4395.00,4416.00,4365.00,4358.50,4235.50,4345.25,4293.00,4320.00,4251.00
2023-10-16,2023-10-16,2023-10-20,5,30,314863,False,0.00,4356.75,4423.25,4243.50,4244.50,10559912,4.00,46,4388.00,4408.00,4324.00,202,2,0,False,True,False,False,0,0,4344.00,4412.00,4328.00,4430.50,4299.50,4351.50,4392.00,4419.00,4362.00
2023-10-23,2023-10-23,2023-10-27,5,30,314863,False,0.00,4256.25,4290.50,4122.25,4136.50,10047522,4.00,43,4256.00,4284.00,4184.00,222,2,0,False,True,False,False,0,0,4260.00,4280.00,4172.00,4423.25,4243.50,4244.50,4388.00,4408.00,4324.00
2023-10-30,2023-10-30,2023-11-03,5,30,314863,False,0.00,4148.00,4391.75,4143.50,4378.50,8957822,4.00,63,4196.00,4288.00,4148.00,182,0,2,False,False,False,False,10,0,4188.00,4312.00,4148.00,4290.50,4122.25,4136.50,4256.00,4284.00,4184.00
2023-11-06,2023-11-06,2023-11-10,5,30,314863,False,0.00,4379.25,4435.50,4354.25,4424.50,7501655,4.00,21,4376.00,4404.00,4368.00,147,0,0,True,False,False,False,0,0,4396.00,4408.00,4372.00,4391.75,4143.50,4378.50,4196.00,4288.00,4148.00
2023-11-13,2023-11-13,2023-11-17,5,30,314863,False,0.00,4425.75,4541.25,4407.25,4523.75,7222023,4.00,35,4520.00,4540.00,4464.00,155,0,0,False,False,False,False,0,14,4520.00,4532.00,4504.00,4435.50,4354.25,4424.50,4376.00,4404.00,4368.00
2023-11-20,2023-11-20,2023-11-24,5,28,314863,False,0.00,4526.75,4580.50,4520.00,4568.25,4083680,4.00,16,4564.00,4576.00,4548.00,104,2,0,False,False,False,True,0,0,4564.00,4576.00,4548.00,4541.25,4407.25,4523.75,4520.00,4540.00,4464.00
2023-11-27,2023-11-27,2023-12-01,5,30,314863,False,0.00,4568.50,4607.75,4544.75,4604.00,7740333,3.00,22,4563.00,4578.00,4551.00,176,0,0,False,False,True,False,0,0,4560.00,4581.00,4554.00,4580.50,4520.00,4568.25,4564.00,4576.00,4548.00
2023-12-04,2023-12-04,2023-12-08,5,30,314863,False,0.00,4603.25,4613.75,4548.75,4607.25,8242388,3.00,22,4584.00,4593.00,4560.00,181,0,0,False,False,False,True,0,0,4569.00,4590.00,4563.00,4607.75,4544.75,4604.00,4563.00,4578.00,4551.00
2023-12-11,2023-12-11,2023-12-15,5,30,17077,True,52.00,4659.75,4791.75,4651.50,4769.50,5947830,2.00,71,4774.00,4792.00,4698.00,263,0,2,False,False,False,False,0,18,4768.00,4790.00,4748.00,4665.75,4600.75,4659.25,4636.00,4645.00,4612.00
2023-12-18,2023-12-18,2023-12-22,5,30,17077,False,0.00,4770.50,4830.75,4743.25,4799.25,6648979,2.00,45,4792.00,4810.00,4768.00,266,3,4,False,False,False,False,0,0,4810.00,4820.00,4778.00,4791.75,4651.50,4769.50,4774.00,4792.00,4698.00
2023-12-25,2023-12-26,2023-12-29,4,24,17077,False,0.00,4800.25,4841.50,4796.75,4812.75,3555260,2.00,23,4834.00,4840.00,4818.00,145,0,2,False,False,True,False,0,0,4834.00,4836.00,4814.00,4830.75,4743.25,4799.25,4792.00,4810.00,4768.00
2024-01-01,2024-01-02,2024-01-05,4,24,17077,False,0.00,4818.00,4828.00,4702.00,4735.50,6099578,3.00,43,4749.00,4782.00,4719.00,166,2,4,False,False,False,False,4,0,4752.00,4773.00,4722.00,4841.50,4796.75,4812.75,4834.00,4840.00,4818.00
2024-01-08,2024-01-08,2024-01-12,5,30,17077,False,0.00,4735.75,4838.00,4715.25,4811.25,7136011,3.00,42,4803.00,4830.00,4779.00,218,0,2,False,False,True,False,0,4,4812.00,4827.00,4788.00,4828.00,4702.00,4735.50,4749.00,4782.00,4719.00
2024-01-15,2024-01-15,2024-01-19,5,29,17077,False,0.00,4812.00,4874.25,4746.25,4869.75,6848592,3.00,43,4812.00,4821.00,4770.00,190,0,2,True,False,False,False,5,0,4788.00,4815.00,4758.00,4838.00,4715.25,4811.25,4803.00,4830.00,4779.00
2024-01-22,2024-01-22,2024-01-26,5,30,17077,False,0.00,4872.50,4934.25,4872.50,4912.75,6583458,3.00,21,4911.00,4926.00,4887.00,171,0,0,False,False,True,True,0,0,4914.00,4929.00,4890.00,4874.25,4746.25,4869.75,4812.00,4821.00,4770.00
2024-01-29,2024-01-29,2024-02-02,5,30,17077,False,0.00,4908.75,4997.75,4866.00,4972.75,7968905,3.00,44,4953.00,4962.00,4905.00,220,0,2,True,False,False,False,2,0,4950.00,4959.00,4890.00,4934.25,4872.50,4912.75,4911.00,4926.00,4887.00
2024-02-05,2024-02-05,2024-02-09,5,30,17077,False,0.00,4976.00,5048.50,4937.75,5042.00,5983828,3.00,38,4971.00,5016.00,4953.00,170,0,6,False,False,False,False,0,0,5013.00,5046.00,4965.00,4997.75,4866.00,4972.75,4953.00,4962.00,4905.00
2024-02-12,2024-02-12,2024-02-16,5,30,17077,False,0.00,5042.50,5066.50,4936.50,5014.50,7397371,3.00,44,5043.00,5058.00,4995.00,226,2,8,False,False,False,False,0,0,5043.00,5064.00,4989.00,5048.50,4937.75,5042.00,4971.00,5016.00,4953.00
2024-02-19,2024-02-19,2024-02-23,5,29,17077,False,0.00,5016.50,5123.50,4959.00,5094.75,5891981,3.00,55,4986.00,5061.00,4962.00,194,0,2,False,False,True,False,10,0,4977.00,5088.00,4959.00,5066.50,4936.50,5014.50,5043.00,5058.00,4995.00
2024-02-26,2024-02-26,2024-03-01,5,30,17077,False,0.00,5095.00,5149.25,5060.00,5138.75,6352250,3.00,31,5079.00,5106.00,5073.00,198,0,0,True,False,False,False,6,0,5076.00,5103.00,5070.00,5123.50,4959.00,5094.75,4986.00,5061.00,4962.00
2024-03-04,2024-03-04,2024-03-08,5,30,17077,False,0.00,5142.00,5193.00,5063.00,5132.00,8438107,3.00,45,5139.00,5160.00,5097.00,238,2,6,False,False,False,False,0,0,5139.00,5166.00,5103.00,5149.25,5060.00,5138.75,5079.00,5106.00,5073.00
2024-03-11,2024-03-11,2024-03-15,5,30,5602,True,63.25,5195.75,5253.50,5158.00,5183.25,6195293,3.00,33,5238.00,5247.00,5190.00,232,0,3,False,False,False,False,0,0,5181.00,5232.00,5175.00,5256.25,5126.25,5195.25,5202.25,5223.25,5160.25
2024-03-18,2024-03-18,2024-03-22,5,30,5602,False,0.00,5185.75,5322.75,5181.75,5289.75,6239451,3.00,48,5301.00,5322.00,5217.00,199,0,0,False,False,False,False,0,12,5235.00,5298.00,5187.00,5253.50,5158.00,5183.25,5238.00,5247.00,5190.00
2024-03-25,2024-03-25,2024-03-28,4,24,5602,False,0.00,5290.50,5321.00,5263.00,5304.25,4376293,3.00,20,5283.00,5298.00,5271.00,120,0,2,False,False,False,False,0,0,5283.00,5310.00,5271.00,5322.75,5181.75,5289.75,5301.00,5322.00,5217.00
2024-04-01,2024-04-01,2024-04-05,5,30,5602,False,0.00,5314.25,5333.50,5191.50,5255.75,7410446,3.00,48,5253.00,5310.00,5235.00,239,0,0,False,False,False,True,0,0,5250.00,5301.00,5238.00,5321.00,5263.00,5304.25,5283.00,5298.00,5271.00
2024-04-08,2024-04-08,2024-04-12,5,30,5602,False,0.00,5263.25,5285.00,5150.00,5166.50,8587608,3.00,46,5247.00,5268.00,5199.00,297,3,0,False,False,False,False,0,0,5196.00,5253.00,5184.00,5333.50,5191.50,5255.75,5253.00,5310.00,5235.00
2024-04-15,2024-04-15,2024-04-19,5,30,5602,False,0.00,5166.50,5213.25,4963.50,5003.50,9979937,3.00,84,5094.00,5121.00,5016.00,358,0,3,False,False,False,False,13,0,5100.00,5121.00,5034.00,5285.00,5150.00,5166.50,5247.00,5268.00,5199.00
2024-04-22,2024-04-22,2024-04-26,5,30,5602,False,0.00,5014.25,5146.50,5006.00,5131.75,7509340,3.00,48,5076.00,5115.00,5016.00,285,0,0,False,False,False,False,0,0,5106.00,5145.00,5058.00,5213.25,4963.50,5003.50,5094.00,5121.00,5016.00
2024-04-29,2024-04-29,2024-05-03,5,30,5602,False,0.00,5140.25,5166.75,5036.25,5161.50,7662708,5.00,27,5140.00,5155.00,5070.00,173,0,0,False,False,False,True,0,0,5140.00,5165.00,5070.00,5146.50,5006.00,5131.75,5076.00,5115.00,5016.00
2024-05-06,2024-05-06,2024-05-10,5,30,5602,False,0.00,5166.75,5264.00,5155.75,5241.50,5120158,5.00,22,5205.00,5250.00,5185.00,106,0,0,False,False,True,True,0,0,5210.00,5245.00,5200.00,5166.75,5036.25,5161.50,5140.00,5155.00,5070.00
2024-05-13,2024-05-13,2024-05-17,5,30,5602,False,0.00,5240.50,5349.00,5216.75,5327.75,5565634,5.00,27,5245.00,5320.00,5215.00,111,0,3,False,False,False,False,2,0,5320.00,5350.00,5260.00,5264.00,5155.75,5241.50,5205.00,5250.00,5185.00
2024-05-20,2024-05-20,2024-05-24,5,30,5602,False,0.00,5329.25,5368.25,5273.50,5320.75,6247204,3.00,33,5334.00,5349.00,5310.00,182,2,4,False,False,False,False,0,0,5331.00,5346.00,5313.00,5349.00,5216.75,5327.75,5245.00,5320.00,5215.00
2024-05-27,2024-05-27,2024-05-31,5,29,5602,False,0.00,5321.75,5339.00,5205.50,5299.25,6409985,3.00,45,5316.00,5337.00,5256.00,221,0,7,False,False,True,False,0,0,5289.00,5304.00,5229.00,5368.25,5273.50,5320.75,5334.00,5349.00,5310.00
2024-06-03,2024-06-03,2024-06-07,5,30,5602,False,0.00,5299.50,5385.50,5246.75,5353.50,7404962,3.00,48,5364.00,5379.00,5292.00,232,2,6,False,False,False,False,0,0,5361.00,5382.00,5295.00,5339.00,5205.50,5299.25,5316.00,5337.00,5256.00
2024-06-10,2024-06-10,2024-06-14,5,30,5602,False,0.00,5351.50,5454.50,5334.50,5435.75,6579510,3.00,41,5433.00,5454.00,5367.00,214,0,0,False,False,False,False,0,0,5439.00,5454.00,5367.00,5385.50,5246.75,5353.50,5364.00,5379.00,5292.00
2024-06-17,2024-06-17,2024-06-21,5,29,118,True,69.25,5504.75,5588.00,5494.00,5536.50,3389058,3.00,32,5544.00,5571.00,5526.00,173,0,0,False,False,False,False,0,0,5532.00,5559.00,5526.00,5523.75,5403.75,5505.00,5502.25,5523.25,5436.25
2024-06-24,2024-06-24,2024-06-28,5,30,118,False,0.00,5538.50,5585.00,5510.25,5532.25,6415721,3.00,26,5532.00,5553.00,5520.00,211,4,0,False,False,False,True,0,0,5529.00,5550.00,5523.00,5588.00,5494.00,5536.50,5544.00,5571.00,5526.00
2024-07-01,2024-07-01,2024-07-05,5,28,118,False,0.00,5534.25,5626.00,5502.75,5615.00,4483244,3.00,42,5589.00,5628.00,5529.00,166,0,0,True,False,False,True,2,4,5529.00,5580.00,5505.00,5585.00,5510.25,5532.25,5532.00,5553.00,5520.00
2024-07-08,2024-07-08,2024-07-12,5,30,118,False,0.00,5612.00,5708.25,5610.75,5667.50,6525275,3.00,33,5634.00,5673.00,5610.00,197,0,0,False,False,True,True,0,0,5637.00,5670.00,5619.00,5626.00,5502.75,5615.00,5589.00,5628.00,5529.00
2024-07-15,2024-07-15,2024-07-19,5,30,118,False,0.00,5681.00,5721.25,5542.00,5552.75,9477637,3.00,61,5688.00,5721.00,5616.00,255,0,0,False,False,False,True,0,7,5691.00,5724.00,5601.00,5708.25,5610.75,5667.50,5634.00,5673.00,5610.00
2024-07-22,2024-07-22,2024-07-26,5,30,118,False,0.00,5564.50,5629.75,5432.50,5499.25,9682027,3.00,67,5481.00,5568.00,5433.00,309,3,0,False,False,False,False,5,0,5481.00,5562.00,5433.00,5721.25,5542.00,5552.75,5688.00,5721.00,5616.00
2024-07-29,2024-07-29,2024-08-02,5,30,118,False,0.00,5496.50,5600.75,5331.75,5358.00,11439332,3.00,90,5508.00,5553.00,5418.00,395,0,3,False,False,False,False,0,5,5514.00,5583.00,5448.00,5629.75,5432.50,5499.25,5481.00,5568.00,5433.00
2024-08-05,2024-08-05,2024-08-09,5,30,118,False,0.00,5330.00,5385.25,5120.00,5365.00,10661745,5.00,54,5235.00,5330.00,5205.00,378,3,12,False,False,False,False,0,0,5340.00,5355.00,5230.00,5600.75,5331.75,5358.00,5508.00,5553.00,5418.00
2024-08-12,2024-08-12,2024-08-16,5,30,118,False,0.00,5364.25,5586.25,5347.75,5580.25,6013571,5.00,49,5375.00,5490.00,5345.00,176,0,0,False,False,False,False,8,0,5560.00,5585.00,5440.00,5385.25,5120.00,5365.00,5235.00,5330.00,5205.00
2024-08-19,2024-08-19,2024-08-23,5,30,118,False,0.00,5584.00,5665.25,5565.25,5650.75,5587302,5.00,21,5625.00,5660.00,5605.00,153,0,0,False,False,False,False,0,0,5625.00,5660.00,5615.00,5586.25,5347.75,5580.25,5375.00,5490.00,5345.00
2024-08-26,2024-08-26,2024-08-30,5,30,118,False,0.00,5650.50,5669.00,5561.25,5656.50,6293811,5.00,22,5635.00,5660.00,5615.00,177,0,3,False,False,True,False,0,0,5635.00,5650.00,5605.00,5665.25,5565.25,5650.75,5625.00,5660.00,5605.00
2024-09-02,2024-09-02,2024-09-06,5,29,118,False,0.00,5656.25,5669.75,5394.00,5403.75,7424269,5.00,56,5525.00,5590.00,5445.00,211,0,0,False,True,True,False,8,6,5525.00,5560.00,5435.00,5669.00,5561.25,5656.50,5635.00,5660.00,5615.00
2024-09-09,2024-09-09,2024-09-13,5,30,118,False,0.00,5410.00,5641.50,5405.25,5626.75,7679165,5.00,48,5480.00,5555.00,5410.00,209,0,0,False,False,True,False,3,0,5475.00,5560.00,5415.00,5669.75,5394.00,5403.75,5525.00,5590.00,5445.00
2024-09-16,2024-09-16,2024-09-20,5,30,183748,True,61.50,5684.25,5797.50,5670.75,5758.25,5225665,5.00,26,5695.00,5750.00,5675.00,170,0,0,False,False,True,False,0,0,5760.00,5795.00,5700.00,5703.00,5466.75,5688.25,5541.50,5616.50,5471.50
2024-09-23,2024-09-23,2024-09-27,5,30,183748,False,0.00,5762.00,5830.00,5745.25,5785.75,5556438,5.00,18,5775.00,5810.00,5765.00,142,0,0,False,False,False,False,0,0,5775.00,5800.00,5765.00,5797.50,5670.75,5758.25,5695.00,5750.00,5675.00
2024-09-30,2024-09-30,2024-10-04,5,30,183748,False,0.00,5784.00,5822.50,5724.00,5795.50,7136949,5.00,21,5755.00,5790.00,5735.00,190,0,0,False,False,True,False,0,0,5760.00,5785.00,5740.00,5830.00,5745.25,5785.75,5775.00,5810.00,5765.00
2024-10-07,2024-10-07,2024-10-11,5,30,183748,False,0.00,5802.00,5868.25,5725.25,5853.25,5293654,4.00,37,5832.00,5844.00,5768.00,175,0,2,False,False,False,False,0,0,5828.00,5864.00,5780.00,5822.50,5724.00,5795.50,5755.00,5790.00,5735.00
2024-10-14,2024-10-14,2024-10-18,5,30,183748,False,0.00,5854.50,5927.25,5850.00,5907.50,5048797,4.00,20,5900.00,5912.00,5868.00,160,2,0,False,False,False,True,0,0,5904.00,5916.00,5880.00,5868.25,5725.25,5853.25,5832.00,5844.00,5768.00
2024-10-21,2024-10-21,2024-10-25,5,30,183748,False,0.00,5911.50,5915.50,5801.00,5841.50,5831154,4.00,29,5884.00,5896.00,5844.00,192,0,3,False,False,True,False,0,0,5848.00,5892.00,5840.00,5927.25,5850.00,5907.50,5900.00,5912.00,5868.00
2024-10-28,2024-10-28,2024-11-01,5,30,183748,False,0.00,5857.00,5893.00,5732.50,5759.25,6785355,4.00,41,5868.00,5888.00,5788.00,195,0,0,False,False,False,True,0,0,5868.00,5888.00,5772.00,5915.50,5801.00,5841.50,5884.00,5896.00,5844.00
2024-11-04,2024-11-04,2024-11-08,5,30,183748,False,0.00,5741.75,6040.50,5724.25,6023.50,6582821,4.00,80,5748.00,5952.00,5724.00,227,0,2,False,False,False,False,16,0,5752.00,5980.00,5724.00,5893.00,5732.50,5759.25,5868.00,5888.00,5788.00
2024-11-11,2024-11-11,2024-11-15,5,30,183748,False,0.00,6030.00,6053.25,5876.75,5900.00,7007087,4.00,45,6020.00,6048.00,5980.00,192,2,0,False,False,False,True,0,4,6016.00,6044.00,5976.00,6040.50,5724.25,6023.50,5748.00,5952.00,5724.00
2024-11-18,2024-11-18,2024-11-22,5,30,183748,False,0.00,5899.75,5993.50,5855.00,5991.00,7541601,4.00,36,5908.00,5960.00,5892.00,254,0,7,False,False,True,False,0,0,5916.00,5960.00,5884.00,6053.25,5876.75,5900.00,6020.00,6048.00,5980.00
2024-11-25,2024-11-25,2024-11-29,5,28,183748,False,0.00,6006.00,6060.00,5976.25,6051.50,4656144,4.00,22,6024.00,6036.00,6000.00,140,0,0,True,False,False,False,0,0,6012.00,6040.00,6004.00,5993.50,5855.00,5991.00,5908.00,5960.00,5892.00
2024-12-02,2024-12-02,2024-12-06,5,30,183748,False,0.00,6051.50,6111.00,6036.00,6096.75,4999711,4.00,19,6060.00,6096.00,6052.00,114,0,0,False,False,True,True,0,0,6096.00,6108.00,6056.00,6060.00,5976.25,6051.50,6024.00,6036.00,6000.00
2024-12-09,2024-12-09,2024-12-13,5,30,183748,False,0.00,6096.25,6105.75,6039.75,6051.25,6148374,4.00,18,6064.00,6092.00,6048.00,130,0,0,False,False,False,False,0,0,6064.00,6084.00,6048.00,6111.00,6036.00,6096.75,6060.00,6096.00,6052.00
2024-12-16,2024-12-16,2024-12-20,5,30,5002,True,74.00,6129.50,6164.50,5866.00,5996.50,7136883,3.00,100,6132.00,6165.00,5952.00,383,0,4,False,False,True,False,0,21,5961.00,6048.00,5901.00,6179.75,6113.75,6125.25,6138.00,6166.00,6122.00
2024-12-23,2024-12-23,2024-12-27,4,23,5002,False,0.00,6001.75,6107.50,5965.00,6029.25,4264329,3.00,48,6033.00,6078.00,5979.00,211,0,5,False,False,True,False,0,0,6021.00,6066.00,5973.00,6164.50,5866.00,5996.50,6132.00,6165.00,5952.00
2024-12-30,2024-12-30,2025-01-03,4,24,5002,False,0.00,6028.75,6036.25,5874.75,5985.25,5626938,3.00,55,5958.00,5985.00,5922.00,322,6,3,False,False,False,False,2,0,5949.00,5982.00,5925.00,6107.50,5965.00,6029.25,6033.00,6078.00,5979.00
2025-01-06,2025-01-06,2025-01-10,5,28,5002,False,0.00,5994.50,6068.25,5845.25,5861.50,6964219,3.00,75,5946.00,6027.00,5916.00,310,5,4,False,False,False,False,0,2,5949.00,6054.00,5925.00,6036.25,5874.75,5985.25,5958.00,5985.00,5922.00
2025-01-13,2025-01-13,2025-01-17,5,30,5002,False,0.00,5864.50,6051.50,5809.00,6032.50,7868887,5.00,50,5985.00,6050.00,5875.00,204,0,0,False,False,False,False,0,7,5985.00,6055.00,5875.00,6068.25,5845.25,5861.50,5946.00,6027.00,5916.00
2025-01-20,2025-01-20,2025-01-24,5,29,5002,False,0.00,6032.25,6162.25,5994.50,6132.00,5055892,5.00,35,6035.00,6130.00,6015.00,153,0,5,False,False,False,False,0,0,6125.00,6160.00,6085.00,6051.50,5809.00,6032.50,5985.00,6050.00,5875.00
2025-01-27,2025-01-27,2025-01-31,5,30,5002,False,0.00,6102.25,6147.75,5948.00,6065.50,8617306,5.00,41,6085.00,6110.00,6035.00,239,3,5,False,False,False,False,0,0,6075.00,6110.00,6035.00,6162.25,5994.50,6132.00,6035.00,6130.00,6015.00
2025-02-03,2025-02-03,2025-02-07,5,30,5002,False,0.00,5982.25,6123.25,5935.50,6050.00,7382746,5.00,38,6035.00,6110.00,6005.00,206,0,0,False,False,True,True,0,0,6050.00,6105.00,6020.00,6147.75,5948.00,6065.50,6085.00,6110.00,6035.00
2025-02-10,2025-02-10,2025-02-14,5,30,5002,False,0.00,6016.00,6146.75,6014.00,6134.00,5839378,5.00,28,6075.00,6100.00,6045.00,159,0,2,False,False,True,False,0,0,6085.00,6110.00,6045.00,6123.25,5935.50,6050.00,6035.00,6110.00,6005.00
2025-02-17,2025-02-17,2025-02-21,5,29,5002,False,0.00,6138.25,6166.50,6024.50,6029.75,5338711,4.00,36,6140.00,6160.00,6124.00,157,2,0,False,True,False,False,0,11,6132.00,6168.00,6108.00,6146.75,6014.00,6134.00,6075.00,6100.00,6045.00
2025-02-24,2025-02-24,2025-02-28,5,30,5002,False,0.00,6040.75,6067.50,5848.00,5958.00,10902285,4.00,55,5988.00,6048.00,5924.00,327,0,2,False,False,False,False,0,0,5964.00,6048.00,5932.00,6166.50,6024.50,6029.75,6140.00,6160.00,6124.00
2025-03-03,2025-03-03,2025-03-07,5,30,5002,False,0.00,5967.50,6000.50,5673.00,5771.75,12679568,4.00,83,5768.00,5868.00,5744.00,407,4,12,False,False,False,False,5,0,5764.00,5848.00,5732.00,6067.50,5848.00,5958.00,5988.00,6048.00,5924.00
2025-03-10,2025-03-10,2025-03-14,5,30,5002,False,0.00,5753.00,5757.75,5509.25,5628.75,10214562,6.00,42,5598.00,5640.00,5550.00,284,0,0,False,False,True,True,0,0,5616.00,5646.00,5568.00,6000.50,5673.00,5771.75,5768.00,5868.00,5744.00
2025-03-17,2025-03-17,2025-03-21,5,30,4916,True,51.25,5678.00,5770.50,5650.25,5720.00,5455907,6.00,21,5712.00,5730.00,5664.00,199,0,0,False,False,False,True,0,0,5712.00,5754.00,5688.00,5809.00,5560.50,5680.00,5649.25,5691.25,5601.25
2025-03-24,2025-03-24,2025-03-28,5,30,4916,False,0.00,5740.00,5837.25,5602.25,5602.50,7103039,8.00,30,5744.00,5816.00,5712.00,134,0,0,False,True,True,False,0,8,5808.00,5832.00,5728.00,5770.50,5650.25,5720.00,5712.00,5730.00,5664.00
2025-03-31,2025-03-31,2025-04-04,5,30,4916,False,0.00,5590.00,5773.25,5074.00,5096.75,11687479,8.00,88,5656.00,5744.00,5416.00,263,4,0,False,True,False,False,0,9,5640.00,5728.00,5432.00,5837.25,5602.25,5602.50,5744.00,5816.00,5712.00
2025-04-07,2025-04-07,2025-04-11,5,30,4916,False,0.00,5007.00,5528.75,4832.00,5395.75,12747916,8.00,88,5256.00,5424.00,5000.00,551,0,0,False,False,False,False,0,0,5392.00,5416.00,5024.00,5773.25,5074.00,5096.75,5656.00,5744.00,5416.00
2025-04-14,2025-04-14,2025-04-17,4,24,4916,False,0.00,5452.50,5497.75,5251.00,5326.50,5132203,8.00,32,5440.00,5480.00,5344.00,182,0,4,False,False,False,False,0,0,5456.00,5480.00,5328.00,5528.75,4832.00,5395.75,5256.00,5424.00,5000.00
2025-04-21,2025-04-21,2025-04-25,5,30,4916,False,0.00,5283.75,5562.25,5127.25,5552.50,7002389,8.00,56,5392.00,5568.00,5280.00,221,0,0,False,False,False,False,0,2,5496.00,5568.00,5304.00,5497.75,5251.00,5326.50,5440.00,5480.00,5344.00
2025-04-28,2025-04-28,2025-05-02,5,30,4916,False,0.00,5544.00,5724.75,5455.50,5710.50,6632751,10.00,28,5560.00,5650.00,5500.00,158,0,0,False,False,True,True,0,0,5550.00,5660.00,5490.00,5562.25,5127.25,5552.50,5392.00,5568.00,5280.00
2025-05-05,2025-05-05,2025-05-09,5,30,4916,False,0.00,5705.00,5741.00,5596.00,5684.00,5863976,10.00,16,5660.00,5710.00,5640.00,142,0,0,False,False,False,False,0,0,5680.00,5690.00,5620.00,5724.75,5455.50,5710.50,5560.00,5650.00,5500.00
2025-05-12,2025-05-12,2025-05-16,5,30,4916,False,0.00,5761.00,5977.50,5734.25,5948.50,6373181,6.00,42,5898.00,5952.00,5838.00,180,0,3,True,False,False,False,0,5,5904.00,5982.00,5880.00,5741.00,5596.00,5684.00,5660.00,5710.00,5640.00
2025-05-19,2025-05-19,2025-05-23,5,30,4916,False,0.00,5930.25,5993.50,5756.50,5814.75,6531733,6.00,40,5868.00,5958.00,5832.00,198,0,6,False,False,False,False,0,0,5958.00,5988.00,5850.00,5977.50,5734.25,5948.50,5898.00,5952.00,5838.00
2025-05-26,2025-05-26,2025-05-30,5,29,4916,False,0.00,5820.00,6008.00,5813.00,5913.75,5268924,5.00,40,5920.00,5935.00,5870.00,221,0,8,False,False,True,False,0,0,5915.00,5940.00,5895.00,5993.50,5756.50,5814.75,5868.00,5958.00,5832.00
2025-06-02,2025-06-02,2025-06-06,5,30,4916,False,0.00,5898.75,6025.00,5867.50,6010.00,6030266,5.00,33,5975.00,6010.00,5915.00,196,0,0,False,False,False,False,0,0,5980.00,6015.00,5950.00,6008.00,5813.00,5913.75,5920.00,5935.00,5870.00
2025-06-09,2025-06-09,2025-06-13,5,30,4916,False,0.00,6010.00,6074.75,5927.50,5978.25,5959585,5.00,30,6005.00,6050.00,5995.00,223,2,2,False,False,False,False,0,0,6020.00,6055.00,6000.00,6025.00,5867.50,6010.00,5975.00,6010.00,5915.00
2025-06-16,2025-06-16,2025-06-20,5,29,14160,True,53.75,6002.75,6109.00,5969.50,6025.00,3449772,5.00,29,6045.00,6070.00,6005.00,199,2,0,False,False,False,False,0,0,6020.00,6065.00,6010.00,6128.50,5981.25,6032.00,6058.75,6103.75,6048.75
2025-06-23,2025-06-23,2025-06-27,5,30,14160,False,0.00,5964.00,6239.00,5959.00,6220.75,5387430,5.00,57,6140.00,6235.00,6080.00,172,2,7,False,False,False,False,0,5,6145.00,6230.00,6115.00,6109.00,5969.50,6025.00,6045.00,6070.00,6005.00
2025-06-30,2025-06-30,2025-07-04,5,28,14160,False,0.00,6223.25,6333.25,6223.25,6283.50,4302875,4.00,29,6244.00,6280.00,6228.00,160,3,0,False,False,False,False,0,0,6244.00,6264.00,6228.00,6239.00,5959.00,6220.75,6140.00,6235.00,6080.00
2025-07-07,2025-07-07,2025-07-11,5,30,14160,False,0.00,6307.75,6335.50,6246.25,6294.00,5253188,4.00,23,6296.00,6316.00,6272.00,191,0,2,False,False,True,False,0,0,6300.00,6312.00,6268.00,6333.25,6223.25,6283.50,6244.00,6280.00,6228.00
2025-07-14,2025-07-14,2025-07-18,5,30,14160,False,0.00,6274.00,6357.00,6241.00,6335.25,5478704,4.00,30,6296.00,6340.00,6272.00,183,0,4,False,False,True,False,0,0,6332.00,6344.00,6292.00,6335.50,6246.25,6294.00,6296.00,6316.00,6272.00
2025-07-21,2025-07-21,2025-07-25,5,30,14160,False,0.00,6335.75,6431.00,6318.75,6428.25,4929105,3.00,38,6345.00,6402.00,6321.00,194,0,0,False,False,False,True,0,0,6405.00,6432.00,6357.00,6357.00,6241.00,6335.25,6296.00,6340.00,6272.00
2025-07-28,2025-07-28,2025-08-01,5,30,14160,False,0.00,6450.00,6468.50,6239.50,6263.25,7176879,3.00,78,6429.00,6462.00,6363.00,286,3,0,False,True,False,False,0,4,6408.00,6459.00,6366.00,6431.00,6318.75,6428.25,6345.00,6402.00,6321.00
2025-08-04,2025-08-04,2025-08-08,5,30,14160,False,0.00,6257.00,6426.75,6251.25,6425.25,6276060,3.00,60,6369.00,6402.00,6327.00,292,0,10,False,False,False,False,0,0,6345.00,6384.00,6321.00,6468.50,6239.50,6263.25,6429.00,6462.00,6363.00
2025-08-11,2025-08-11,2025-08-15,5,30,14160,False,0.00,6422.75,6508.75,6387.50,6467.25,5503550,3.00,41,6477.00,6510.00,6423.00,234,0,0,False,False,False,False,0,3,6477.00,6504.00,6447.00,6426.75,6251.25,6425.25,6369.00,6402.00,6327.00
2025-08-18,2025-08-18,2025-08-22,5,30,14160,False,0.00,6467.00,6496.25,6362.75,6484.75,6026576,4.00,35,6416.00,6460.00,6368.00,216,2,0,False,False,False,False,0,0,6464.00,6492.00,6400.00,6508.75,6387.50,6467.25,6477.00,6510.00,6423.00
2025-08-25,2025-08-25,2025-08-29,5,30,14160,False,0.00,6493.00,6523.00,6430.75,6474.00,5230641,4.00,24,6480.00,6500.00,6456.00,167,0,0,False,False,False,False,0,0,6468.00,6504.00,6460.00,6496.25,6362.75,6484.75,6416.00,6460.00,6368.00
2025-09-01,2025-09-01,2025-09-05,5,29,14160,False,0.00,6478.75,6541.75,6371.75,6488.75,5869868,4.00,44,6464.00,6500.00,6424.00,221,3,3,False,False,False,False,0,0,6480.00,6492.00,6408.00,6523.00,6430.75,6474.00,6480.00,6500.00,6456.00
2025-09-08,2025-09-08,2025-09-12,5,30,14160,False,0.00,6483.75,6606.00,6480.25,6588.50,5586845,3.00,43,6537.00,6564.00,6489.00,194,0,3,True,False,False,False,0,0,6591.00,6606.00,6513.00,6541.75,6371.75,6488.75,6464.00,6500.00,6424.00
2025-09-15,2025-09-15,2025-09-19,5,30,294973,True,57.00,6645.25,6731.50,6611.00,6719.75,4599672,3.00,41,6669.00,6708.00,6657.00,225,0,11,True,False,False,False,0,0,6696.00,6729.00,6666.00,6663.00,6537.25,6645.50,6594.00,6621.00,6546.00
2025-09-22,2025-09-22,2025-09-26,5,30,294973,False,0.00,6716.00,6756.75,6624.25,6697.75,6324395,3.00,45,6714.00,6723.00,6654.00,244,0,2,False,False,True,False,0,0,6693.00,6738.00,6657.00,6731.50,6611.00,6719.75,6669.00,6708.00,6657.00
2025-09-29,2025-09-29,2025-10-03,5,30,294973,False,0.00,6697.00,6800.00,6680.00,6763.00,6260386,3.00,41,6714.00,6765.00,6690.00,237,4,5,False,False,False,False,0,0,6765.00,6786.00,6711.00,6756.75,6624.25,6697.75,6714.00,6723.00,6654.00
2025-10-06,2025-10-06,2025-10-10,5,30,294973,False,0.00,6768.00,6812.25,6540.25,6552.00,7186710,4.00,69,6784.00,6812.00,6752.00,230,0,0,False,True,False,False,0,19,6788.00,6808.00,6756.00,6800.00,6680.00,6763.00,6714.00,6765.00,6690.00
2025-10-13,2025-10-13,2025-10-17,5,30,294973,False,0.00,6632.00,6766.75,6571.25,6711.00,9911028,4.00,50,6680.00,6724.00,6640.00,358,4,5,False,False,False,False,0,0,6664.00,6724.00,6656.00,6812.25,6540.25,6552.00,6784.00,6812.00,6752.00
2025-10-20,2025-10-20,2025-10-24,5,30,294973,False,0.00,6721.00,6841.25,6690.75,6825.25,6753323,4.00,39,6768.00,6788.00,6720.00,222,0,0,False,False,True,False,3,0,6776.00,6788.00,6728.00,6766.75,6571.25,6711.00,6680.00,6724.00,6640.00
2025-10-27,2025-10-27,2025-10-31,5,30,294973,False,0.00,6881.00,6953.75,6843.50,6872.25,7204960,4.00,29,6904.00,6940.00,6880.00,228,0,2,False,False,True,False,0,0,6892.00,6928.00,6868.00,6841.25,6690.75,6825.25,6768.00,6788.00,6720.00
2025-11-03,2025-11-03,2025-11-07,5,30,294973,False,0.00,6878.00,6909.50,6655.50,6765.00,8140337,4.00,65,6812.00,6848.00,6732.00,322,2,8,False,False,False,False,0,0,6800.00,6860.00,6720.00,6953.75,6843.50,6872.25,6904.00,6940.00,6880.00
2025-11-10,2025-11-10,2025-11-14,5,30,294973,False,0.00,6788.00,6900.50,6670.50,6765.25,8200323,4.00,59,6872.00,6892.00,6776.00,269,0,9,False,False,False,False,0,0,6872.00,6884.00,6776.00,6909.50,6655.50,6765.00,6812.00,6848.00,6732.00
2025-11-17,2025-11-17,2025-11-21,5,30,294973,False,0.00,6764.75,6801.50,6525.00,6631.50,11622614,5.00,56,6650.00,6715.00,6560.00,381,2,0,False,False,False,False,0,0,6650.00,6695.00,6570.00,6900.50,6670.50,6765.25,6872.00,6892.00,6776.00
2025-11-24,2025-11-24,2025-11-28,5,26,294973,False,0.00,6654.75,6863.75,6625.00,6857.25,4912160,5.00,48,6825.00,6860.00,6695.00,162,0,0,True,False,False,True,0,4,6720.00,6815.00,6640.00,6801.50,6525.00,6631.50,6650.00,6715.00,6560.00
2025-12-01,2025-12-01,2025-12-05,5,30,294973,False,0.00,6854.75,6905.00,6802.00,6879.50,6570348,6.00,18,6852.00,6870.00,6816.00,152,2,0,False,False,False,False,0,0,6846.00,6876.00,6822.00,6863.75,6625.00,6857.25,6825.00,6860.00,6695.00
2025-12-08,2025-12-08,2025-12-12,5,30,294973,False,0.00,6883.00,6928.75,6805.00,6833.50,6739595,6.00,21,6852.00,6882.00,6828.00,165,2,0,False,False,False,False,0,0,6852.00,6882.00,6828.00,6905.00,6802.00,6879.50,6852.00,6870.00,6816.00
2025-12-15,2025-12-15,2025-12-19,5,30,42140878,True,55.00,6886.00,6927.50,6771.50,6893.50,5746141,6.00,27,6846.00,6888.00,6822.00,190,0,0,False,False,False,False,0,0,6876.00,6894.00,6828.00,6983.75,6860.00,6888.50,6907.00,6937.00,6883.00
2025-12-22,2025-12-22,2025-12-26,4,23,42140878,False,0.00,6906.25,6994.00,6900.50,6977.00,2766966,6.00,16,6924.00,6966.00,6900.00,73,0,0,False,False,True,True,0,0,6930.00,6972.00,6906.00,6927.50,6771.50,6893.50,6846.00,6888.00,6822.00
2025-12-29,2025-12-29,2026-01-02,4,24,42140878,False,0.00,6980.50,6984.75,6866.75,6900.50,3982529,4.00,31,6948.00,6960.00,6908.00,147,2,2,False,False,False,False,0,0,6948.00,6960.00,6900.00,6994.00,6900.50,6977.00,6924.00,6966.00,6900.00
2026-01-05,2026-01-05,2026-01-09,5,30,42140878,False,0.00,6911.50,7017.50,6899.50,7004.00,6045420,4.00,31,6956.00,6992.00,6940.00,184,0,2,False,False,False,False,0,0,6960.00,6996.00,6944.00,6984.75,6866.75,6900.50,6948.00,6960.00,6908.00
2026-01-12,2026-01-12,2026-01-16,5,30,42140878,False,0.00,7007.00,7036.25,6923.25,6977.75,6435822,4.00,30,6992.00,7012.00,6960.00,213,3,3,False,False,False,False,0,0,6996.00,7016.00,6964.00,7017.50,6899.50,7004.00,6956.00,6992.00,6940.00
2026-01-19,2026-01-19,2026-01-23,5,29,42140878,False,0.00,6918.25,6969.00,6814.50,6933.75,6888178,4.00,40,6932.00,6960.00,6868.00,271,0,2,False,False,False,False,0,0,6944.00,6964.00,6872.00,7036.25,6923.25,6977.75,6992.00,7012.00,6960.00
2026-01-26,2026-01-26,2026-01-30,5,30,42140878,False,0.00,6904.00,7043.00,6879.00,6961.25,6908722,4.00,42,6976.00,7028.00,6944.00,267,0,5,False,False,False,False,0,0,6964.00,7016.00,6948.00,6969.00,6814.50,6933.75,6932.00,6960.00,6868.00
2026-02-02,2026-02-02,2026-02-06,5,30,42140878,False,0.00,6938.50,7027.25,6751.50,6945.75,9129207,4.00,70,6904.00,6972.00,6840.00,388,0,8,False,False,True,False,0,0,6932.00,6976.00,6852.00,7043.00,6879.00,6961.25,6976.00,7028.00,6944.00
2026-02-09,2026-02-09,2026-02-13,5,30,42140878,False,0.00,6960.25,7011.50,6808.75,6845.25,7439846,4.00,51,6972.00,7008.00,6884.00,286,0,4,False,False,False,False,0,5,6964.00,7008.00,6884.00,7027.25,6751.50,6945.75,6904.00,6972.00,6840.00
2026-02-16,2026-02-16,2026-02-20,5,29,42140878,False,0.00,6852.50,6931.50,6791.00,6924.75,6027810,6.00,25,6858.00,6912.00,6846.00,187,0,0,False,False,False,False,0,0,6870.00,6924.00,6858.00,7011.50,6808.75,6845.25,6972.00,7008.00,6884.00
2026-02-23,2026-02-23,2026-02-27,5,30,42140878,False,0.00,6918.00,6983.75,6828.50,6875.25,6743557,6.00,26,6894.00,6924.00,6846.00,191,2,0,False,False,False,True,0,0,6876.00,6918.00,6840.00,6931.50,6791.00,6924.75,6858.00,6912.00,6846.00
2026-03-02,2026-03-02,2026-03-06,5,30,42140878,False,0.00,6820.00,6911.25,6715.75,6740.00,9092317,6.00,33,6840.00,6870.00,6768.00,293,0,0,False,False,False,True,0,0,6882.00,6888.00,6774.00,6983.75,6828.50,6875.25,6894.00,6924.00,6846.00
2026-03-09,2026-03-09,2026-03-13,5,30,42140878,False,0.00,6685.50,6852.00,6584.50,6625.25,9046218,6.00,46,6690.00,6792.00,6630.00,301,2,0,False,False,False,False,0,0,6702.00,6780.00,6630.00,6911.25,6715.75,6740.00,6840.00,6870.00,6768.00
2026-03-16,2026-03-16,2026-03-20,5,30,42140864,True,51.50,6660.00,6814.00,6523.75,6588.50,6067318,6.00,49,6666.00,6768.00,6606.00,232,0,0,False,True,True,False,0,0,6636.00,6750.00,6588.00,6903.50,6636.00,6676.75,6741.50,6843.50,6681.50
2026-03-23,2026-03-23,2026-03-27,5,30,42140864,False,0.00,6510.00,6748.00,6389.00,6398.00,8957399,6.00,61,6636.00,6678.00,6540.00,315,7,0,False,True,False,False,0,2,6636.00,6702.00,6564.00,6814.00,6523.75,6588.50,6666.00,6768.00,6606.00
2026-03-30,2026-03-30,2026-04-03,5,28,42140864,False,0.00,6380.00,6653.75,6353.25,6603.75,7575692,6.00,51,6606.00,6648.00,6450.00,254,0,0,False,False,False,False,0,0,6612.00,6654.00,6468.00,6748.00,6389.00,6398.00,6636.00,6678.00,6540.00
2026-04-06,2026-04-06,2026-04-10,5,30,42140864,False,0.00,6590.00,6888.00,6567.00,6863.75,7846112,6.00,55,6816.00,6894.00,6636.00,234,0,0,False,False,False,False,0,17,6810.00,6888.00,6642.00,6653.75,6353.25,6603.75,6606.00,6648.00,6450.00
2026-04-13,2026-04-13,2026-04-17,5,30,42140864,False,0.00,6780.00,7185.75,6767.00,7164.25,6957864,6.00,71,7074.00,7140.00,6894.00,162,3,6,False,False,False,False,7,12,7068.00,7086.00,6852.00,6888.00,6567.00,6863.75,6816.00,6894.00,6636.00
2026-04-20,2026-04-20,2026-04-24,5,30,42140864,False,0.00,7102.50,7200.50,7079.25,7195.50,7340099,6.00,22,7146.00,7164.00,7110.00,196,0,0,False,False,True,False,0,0,7152.00,7170.00,7116.00,7185.75,6767.00,7164.25,7074.00,7140.00,6894.00
2026-04-27,2026-04-27,2026-05-01,5,30,42140864,False,0.00,7185.00,7300.75,7131.25,7247.75,6492377,6.00,29,7176.00,7206.00,7140.00,179,0,0,False,False,False,True,0,0,7164.00,7206.00,7140.00,7200.50,7079.25,7195.50,7146.00,7164.00,7110.00
2026-05-04,2026-05-04,2026-05-08,5,30,42140864,False,0.00,7276.25,7427.75,7199.50,7420.50,7012920,6.00,39,7374.00,7428.00,7266.00,166,0,3,False,False,True,False,0,0,7416.00,7428.00,7284.00,7300.75,7131.25,7247.75,7176.00,7206.00,7140.00
2026-05-11,2026-05-11,2026-05-15,5,30,42140864,False,0.00,7403.50,7540.00,7363.25,7418.00,7067428,5.00,37,7430.00,7485.00,7400.00,217,2,6,False,False,False,False,0,0,7430.00,7485.00,7400.00,7427.75,7199.50,7420.50,7374.00,7428.00,7266.00
2026-05-18,2026-05-18,2026-05-22,5,30,42140864,False,0.00,7410.00,7524.00,7354.25,7484.25,8026239,5.00,35,7410.00,7455.00,7370.00,279,0,0,False,False,False,False,0,0,7425.00,7450.00,7365.00,7540.00,7363.25,7418.00,7430.00,7485.00,7400.00
2026-05-25,2026-05-25,2026-05-29,5,29,42140864,False,0.00,7519.00,7611.50,7505.75,7590.75,5187277,5.00,22,7535.00,7570.00,7515.00,171,0,2,False,False,True,False,0,0,7535.00,7590.00,7515.00,7524.00,7354.25,7484.25,7410.00,7455.00,7370.00
2026-06-01,2026-06-01,2026-06-05,5,30,42140864,False,0.00,7595.00,7632.25,7359.00,7368.00,7006698,5.00,56,7610.00,7625.00,7540.00,235,0,0,False,True,True,False,0,7,7585.00,7630.00,7545.00,7611.50,7505.75,7590.75,7535.00,7570.00,7515.00
2026-06-08,2026-06-08,2026-06-12,5,30,42140864,False,0.00,7368.00,7491.00,7232.25,7436.25,8841045,5.00,53,7415.00,7450.00,7325.00,402,3,3,False,False,False,False,0,0,7435.00,7460.00,7325.00,7632.25,7359.00,7368.00,7610.00,7625.00,7540.00
2026-06-15,2026-06-15,2026-06-19,5,29,42140870,True,68.25,7548.25,7652.75,7472.25,7556.25,3798602,5.00,37,7560.00,7615.00,7530.00,208,2,6,False,False,False,False,0,0,7560.00,7605.00,7540.00,7559.25,7300.50,7504.50,7483.25,7518.25,7393.25
2026-06-22,2026-06-22,2026-06-26,5,30,42140870,False,0.00,7543.25,7599.25,7357.25,7397.25,7741701,5.00,49,7450.00,7495.00,7390.00,319,0,0,False,False,True,False,2,0,7445.00,7480.00,7405.00,7652.75,7472.25,7556.25,7560.00,7615.00,7530.00
2026-06-29,2026-06-29,2026-07-03,5,29,42140870,False,0.00,7398.00,7593.75,7398.00,7557.00,5659640,5.00,40,7545.00,7570.00,7485.00,229,0,2,False,False,True,False,0,0,7550.00,7565.00,7490.00,7599.25,7357.25,7397.25,7450.00,7495.00,7390.00
2026-07-06,2026-07-06,2026-07-10,5,30,42140870,False,0.00,7562.25,7628.75,7468.50,7626.00,5608877,8.00,21,7552.00,7592.00,7520.00,148,0,0,False,False,False,True,0,0,7584.00,7608.00,7536.00,7593.75,7398.00,7557.00,7545.00,7570.00,7485.00
2026-07-13,2026-07-13,2026-07-17,5,30,42140870,False,0.00,7607.00,7632.00,7473.00,7494.75,6323786,8.00,21,7592.00,7616.00,7544.00,148,0,0,False,False,False,False,0,0,7592.00,7616.00,7544.00,7628.75,7468.50,7626.00,7552.00,7592.00,7520.00
2026-07-20,2026-07-20,2026-07-24,5,30,42140870,False,0.00,7485.00,7563.50,7411.75,7444.00,6192458,6.00,26,7512.00,7554.00,7464.00,196,0,0,False,False,False,False,0,0,7542.00,7560.00,7458.00,7632.00,7473.00,7494.75,7592.00,7616.00,7544.00
2026-07-27,2026-07-27,2026-07-31,5,30,42140870,False,0.00,7490.00,7541.00,7324.00,7503.50,8009171,6.00,37,7434.00,7512.00,7410.00,267,0,0,True,False,False,False,0,0,7470.00,7488.00,7398.00,7563.50,7411.75,7444.00,7512.00,7554.00,7464.00
2026-08-03,2026-08-03,2026-08-07,5,30,42140870,False,0.00,7550.00,7820.25,7542.75,7777.25,6694326,5.00,57,7760.00,7825.00,7700.00,197,0,0,False,False,False,True,0,20,7765.00,7820.00,7725.00,7541.00,7324.00,7503.50,7434.00,7512.00,7410.00
2026-08-10,2026-08-10,2026-08-14,5,30,42140870,False,0.00,7776.75,7838.50,7738.00,7802.50,4576950,5.00,21,7780.00,7805.00,7750.00,144,0,2,False,False,False,False,0,0,7770.00,7815.00,7760.00,7820.25,7542.75,7777.25,7760.00,7825.00,7700.00
2026-08-17,2026-08-17,2026-08-21,5,30,42140870,False,0.00,7809.25,7824.50,7657.75,7687.75,6053101,5.00,34,7730.00,7755.00,7680.00,167,0,0,False,False,True,False,2,0,7695.00,7750.00,7685.00,7838.50,7738.00,7802.50,7780.00,7805.00,7750.00
2026-08-24,2026-08-24,2026-08-28,5,30,42140870,False,0.00,7693.50,7782.50,7655.00,7724.75,5757592,5.00,26,7685.00,7730.00,7665.00,174,5,0,False,False,False,True,0,0,7685.00,7730.00,7665.00,7824.50,7657.75,7687.75,7730.00,7755.00,7680.00
2026-08-31,2026-08-31,2026-09-04,5,30,42140870,False,0.00,7723.50,7766.50,7618.50,7715.00,6527621,4.00,38,7684.00,7728.00,7644.00,229,0,0,False,False,True,False,0,0,7676.00,7728.00,7644.00,7782.50,7655.00,7724.75,7685.00,7730.00,7665.00
2026-09-07,2026-09-07,2026-09-11,5,29,42140870,False,0.00,7715.50,7728.50,7585.50,7660.75,5753696,4.00,37,7656.00,7724.00,7640.00,201,0,0,False,False,False,True,0,0,7596.00,7680.00,7588.00,7766.50,7618.50,7715.00,7684.00,7728.00,7644.00
2026-09-14,2026-09-14,2026-09-16,3,13,42140870,False,0.00,7609.25,7652.00,7576.75,7598.50,997220,3.00,26,7620.00,7635.00,7596.00,129,2,0,False,False,False,True,0,0,7623.00,7644.00,7599.00,7728.50,7585.50,7660.75,7656.00,7724.00,7640.00
