key,start,end,n_days,n_blocks,contract,roll_inside,spread_applied,open,high,low,close,volume,row,n_rows,poc,vah,val,tpo_count,tail_up_rows,tail_down_rows,unconfirmed_up,unconfirmed_down,poor_high,poor_low,sp_above_poc,sp_below_poc,vpoc,vvah,vval,prev_high,prev_low,prev_close,prev_poc,prev_vah,prev_val
2010-06-07,2010-06-07,2010-06-11,5,30,6640,False,0.00,1061.25,1092.25,1041.25,1089.50,10831641,4.00,14,1056.00,1076.00,1048.00,112,0,0,False,False,False,False,0,0,1064.00,1076.00,1048.00,,,,,,
2010-06-14,2010-06-14,2010-06-18,5,30,26714,True,-4.25,1086.25,1117.50,1084.25,1110.25,10316063,4.00,9,1108.00,1120.00,1092.00,80,0,0,False,False,True,True,0,0,1108.00,1112.00,1092.00,1088.00,1037.00,1085.25,1051.75,1071.75,1043.75
2010-06-21,2010-06-21,2010-06-25,5,30,26714,False,0.00,1116.00,1129.50,1062.75,1074.75,11674359,4.00,18,1088.00,1116.00,1064.00,98,0,0,False,False,True,False,0,0,1072.00,1108.00,1064.00,1117.50,1084.25,1110.25,1108.00,1120.00,1092.00
2010-06-28,2010-06-28,2010-07-02,5,30,26714,False,0.00,1074.25,1079.75,1006.00,1014.25,12883551,4.00,19,1024.00,1052.00,1008.00,103,0,0,False,False,True,False,0,0,1020.00,1048.00,1012.00,1129.50,1062.75,1074.75,1088.00,1116.00,1064.00
2010-07-05,2010-07-05,2010-07-09,5,29,26714,False,0.00,1015.00,1075.00,1002.75,1071.75,8504786,4.00,19,1016.00,1060.00,1000.00,86,0,0,False,False,False,False,0,0,1056.00,1076.00,1032.00,1079.75,1006.00,1014.25,1024.00,1052.00,1008.00
2010-07-12,2010-07-12,2010-07-16,5,30,26714,False,0.00,1071.50,1099.25,1059.00,1063.25,10234270,4.00,11,1088.00,1100.00,1072.00,91,0,0,False,False,True,False,0,0,1088.00,1100.00,1072.00,1075.00,1002.75,1071.75,1016.00,1060.00,1000.00
2010-07-19,2010-07-19,2010-07-23,5,30,26714,False,0.00,1061.75,1101.50,1050.75,1101.00,10700204,4.00,14,1060.00,1088.00,1060.00,92,0,0,False,False,False,False,0,0,1088.00,1092.00,1064.00,1099.25,1059.00,1063.25,1088.00,1100.00,1072.00
2010-07-26,2010-07-26,2010-07-30,5,30,26714,False,0.00,1101.25,1118.75,1083.50,1100.25,9377824,4.00,10,1104.00,1116.00,1096.00,83,0,2,False,False,True,False,0,0,1108.00,1112.00,1092.00,1101.50,1050.75,1101.00,1060.00,1088.00,1060.00
2010-08-02,2010-08-02,2010-08-06,5,30,26714,False,0.00,1104.50,1127.75,1101.75,1119.75,8193803,4.00,7,1120.00,1124.00,1112.00,78,0,0,False,False,True,True,0,0,1116.00,1128.00,1116.00,1118.75,1083.50,1100.25,1104.00,1116.00,1096.00
2010-08-09,2010-08-09,2010-08-13,5,30,26714,False,0.00,1120.00,1126.75,1070.50,1075.75,9318952,4.00,15,1080.00,1116.00,1072.00,86,0,0,False,False,True,False,0,0,1080.00,1116.00,1072.00,1127.75,1101.75,1119.75,1120.00,1124.00,1112.00
2010-08-16,2010-08-16,2010-08-20,5,30,26714,False,0.00,1077.50,1098.50,1061.75,1071.00,9419697,4.00,10,1084.00,1096.00,1068.00,89,0,0,False,False,True,True,0,0,1072.00,1092.00,1064.00,1126.75,1070.50,1075.75,1080.00,1116.00,1072.00
2010-08-23,2010-08-23,2010-08-27,5,30,26714,False,0.00,1070.00,1080.25,1037.00,1064.00,10994975,4.00,12,1052.00,1064.00,1044.00,89,0,0,False,False,False,True,0,0,1052.00,1064.00,1044.00,1098.50,1061.75,1071.00,1084.00,1096.00,1068.00
2010-08-30,2010-08-30,2010-09-03,5,30,26714,False,0.00,1064.50,1104.50,1037.50,1103.25,9907271,4.00,18,1056.00,1084.00,1040.00,85,0,0,False,False,True,True,0,0,1048.00,1084.00,1040.00,1080.25,1037.00,1064.00,1052.00,1064.00,1044.00
2010-09-06,2010-09-06,2010-09-10,5,29,26714,False,0.00,1103.75,1112.00,1086.25,1109.50,4849024,4.00,8,1100.00,1112.00,1092.00,65,0,0,False,False,False,True,0,0,1096.00,1108.00,1088.00,1104.50,1037.50,1103.25,1056.00,1084.00,1040.00
2010-09-13,2010-09-13,2010-09-17,5,30,3076,True,-5.00,1107.50,1132.75,1107.00,1119.50,8649135,4.00,8,1116.00,1120.00,1108.00,74,0,0,False,False,False,False,0,0,1116.00,1120.00,1108.00,1107.00,1081.25,1104.50,1095.00,1107.00,1087.00
2010-09-20,2010-09-20,2010-09-24,5,30,3076,False,0.00,1118.50,1144.50,1117.00,1143.00,9840620,4.00,8,1132.00,1144.00,1124.00,80,0,0,False,False,True,True,0,0,1128.00,1140.00,1120.00,1132.75,1107.00,1119.50,1116.00,1120.00,1108.00
2010-09-27,2010-09-27,2010-10-01,5,30,3076,False,0.00,1144.00,1153.50,1127.25,1142.25,10386623,4.00,8,1140.00,1144.00,1132.00,88,0,0,False,False,False,False,0,0,1136.00,1148.00,1136.00,1144.50,1117.00,1143.00,1132.00,1144.00,1124.00
2010-10-04,2010-10-04,2010-10-08,5,30,3076,False,0.00,1143.25,1164.00,1127.00,1160.50,9719570,4.00,11,1156.00,1160.00,1140.00,82,0,0,False,False,False,True,0,0,1152.00,1164.00,1144.00,1153.50,1127.25,1142.25,1140.00,1144.00,1132.00
2010-10-11,2010-10-11,2010-10-15,5,30,3076,False,0.00,1161.50,1181.00,1151.75,1175.00,10100327,4.00,9,1168.00,1180.00,1160.00,78,0,0,False,False,True,True,0,0,1172.00,1176.00,1156.00,1164.00,1127.00,1160.50,1156.00,1160.00,1140.00
2010-10-18,2010-10-18,2010-10-22,5,30,3076,False,0.00,1174.25,1186.25,1155.50,1181.25,10416970,4.00,9,1172.00,1184.00,1164.00,81,0,2,False,False,False,False,0,0,1176.00,1180.00,1160.00,1181.00,1151.75,1175.00,1168.00,1180.00,1160.00
2010-10-25,2010-10-25,2010-10-29,5,30,3076,False,0.00,1180.75,1193.00,1167.75,1180.50,9500507,4.00,8,1180.00,1184.00,1172.00,78,0,0,False,False,True,False,0,0,1176.00,1188.00,1176.00,1186.25,1155.50,1181.25,1172.00,1184.00,1164.00
2010-11-01,2010-11-01,2010-11-05,5,30,3076,False,0.00,1180.50,1224.50,1173.75,1222.25,10355751,4.00,14,1188.00,1208.00,1180.00,76,0,0,False,False,False,False,0,0,1188.00,1216.00,1180.00,1193.00,1167.75,1180.50,1180.00,1184.00,1172.00
2010-11-08,2010-11-08,2010-11-12,5,30,3076,False,0.00,1220.50,1224.75,1191.50,1194.75,10841717,4.00,10,1208.00,1220.00,1200.00,84,0,0,False,False,True,False,0,0,1204.00,1224.00,1204.00,1224.50,1173.75,1222.25,1188.00,1208.00,1180.00
2010-11-15,2010-11-15,2010-11-19,5,30,3076,False,0.00,1195.50,1205.75,1171.00,1198.00,11035659,4.00,10,1192.00,1204.00,1184.00,77,0,0,False,False,True,False,0,0,1176.00,1204.00,1176.00,1224.75,1191.50,1194.75,1208.00,1220.00,1200.00
2010-11-22,2010-11-22,2010-11-26,5,28,3076,False,0.00,1202.75,1206.00,1174.75,1183.25,7410980,4.00,9,1192.00,1204.00,1184.00,77,0,0,False,False,True,True,0,0,1188.00,1200.00,1180.00,1205.75,1171.00,1198.00,1192.00,1204.00,1184.00
2010-11-29,2010-11-29,2010-12-03,5,30,3076,False,0.00,1188.50,1227.25,1172.25,1223.75,11779341,4.00,14,1184.00,1212.00,1176.00,82,0,0,False,False,True,True,0,0,1176.00,1212.00,1172.00,1206.00,1174.75,1183.25,1192.00,1204.00,1184.00
2010-12-06,2010-12-06,2010-12-10,5,30,3076,False,0.00,1223.25,1241.50,1216.25,1241.00,6907975,4.00,7,1220.00,1240.00,1220.00,73,0,0,False,False,False,True,0,0,1220.00,1232.00,1220.00,1227.25,1172.25,1223.75,1184.00,1212.00,1176.00
2010-12-13,2010-12-13,2010-12-17,5,30,70248,True,-5.00,1237.00,1242.25,1227.50,1238.50,7513903,4.00,5,1232.00,1244.00,1232.00,66,0,0,False,False,True,True,0,0,1236.00,1240.00,1228.00,1236.50,1211.25,1236.00,1215.00,1235.00,1215.00
2010-12-20,2010-12-20,2010-12-23,4,24,70248,False,0.00,1240.00,1255.75,1234.00,1252.75,3340080,4.00,6,1248.00,1256.00,1240.00,39,0,0,False,False,True,True,0,0,1248.00,1256.00,1240.00,1242.25,1227.50,1238.50,1232.00,1244.00,1232.00
2010-12-27,2010-12-27,2010-12-31,5,30,70248,False,0.00,1249.50,1258.50,1245.50,1257.50,3102211,4.00,4,1252.00,1260.00,1252.00,52,0,0,False,False,True,True,0,0,1252.00,1260.00,1252.00,1255.75,1234.00,1252.75,1248.00,1256.00,1240.00
2011-01-03,2011-01-03,2011-01-07,5,30,70248,False,0.00,1256.00,1277.00,1255.25,1267.25,8908414,4.00,7,1264.00,1276.00,1256.00,71,0,0,False,False,False,True,0,0,1268.00,1272.00,1260.00,1258.50,1245.50,1257.50,1252.00,1260.00,1252.00
2011-01-10,2011-01-10,2011-01-14,5,30,70248,False,0.00,1266.25,1290.00,1258.00,1290.00,8395889,4.00,9,1280.00,1284.00,1264.00,66,0,0,False,False,True,True,0,0,1280.00,1284.00,1264.00,1277.00,1255.25,1267.25,1264.00,1276.00,1256.00
2011-01-17,2011-01-17,2011-01-21,5,29,70248,False,0.00,1289.50,1296.25,1267.50,1280.25,8527076,4.00,9,1276.00,1296.00,1276.00,70,0,0,False,False,True,False,0,0,1276.00,1296.00,1276.00,1290.00,1258.00,1290.00,1280.00,1284.00,1264.00
2011-01-24,2011-01-24,2011-01-28,5,30,70248,False,0.00,1279.50,1299.50,1270.50,1270.50,10387615,4.00,8,1288.00,1300.00,1280.00,76,0,0,False,False,True,False,0,0,1292.00,1296.00,1276.00,1296.25,1267.50,1280.25,1276.00,1296.00,1276.00
2011-01-31,2011-01-31,2011-02-04,5,30,70248,False,0.00,1269.50,1308.50,1262.25,1307.50,9202173,4.00,13,1300.00,1312.00,1284.00,75,0,0,False,False,True,False,0,0,1300.00,1312.00,1292.00,1299.50,1270.50,1270.50,1288.00,1300.00,1280.00
2011-02-07,2011-02-07,2011-02-11,5,30,70248,False,0.00,1307.25,1328.75,1306.00,1327.50,8708190,4.00,7,1316.00,1320.00,1308.00,69,0,0,False,False,False,True,0,0,1316.00,1320.00,1308.00,1308.50,1262.25,1307.50,1300.00,1312.00,1284.00
2011-02-14,2011-02-14,2011-02-18,5,30,70248,False,0.00,1326.00,1343.00,1322.25,1343.00,7600050,4.00,6,1328.00,1340.00,1328.00,60,0,0,False,False,True,True,0,0,1324.00,1344.00,1324.00,1328.75,1306.00,1327.50,1316.00,1320.00,1308.00
2011-02-21,2011-02-21,2011-02-25,5,29,70248,False,0.00,1342.25,1342.50,1292.50,1318.75,11012666,4.00,13,1308.00,1328.00,1300.00,79,0,0,False,False,True,True,0,0,1304.00,1324.00,1296.00,1343.00,1322.25,1343.00,1328.00,1340.00,1328.00
2011-02-28,2011-02-28,2011-03-04,5,30,70248,False,0.00,1318.25,1336.50,1296.25,1320.00,12894630,4.00,11,1328.00,1332.00,1304.00,91,0,0,False,False,False,True,0,0,1324.00,1328.00,1308.00,1342.50,1292.50,1318.75,1308.00,1328.00,1300.00
2011-03-07,2011-03-07,2011-03-11,5,30,70248,False,0.00,1320.25,1327.25,1283.00,1306.50,9508637,4.00,12,1312.00,1324.00,1296.00,95,0,0,False,False,True,False,0,0,1316.00,1328.00,1300.00,1336.50,1296.25,1320.00,1328.00,1332.00,1304.00
2011-03-14,2011-03-14,2011-03-18,5,30,75884,True,-4.50,1297.75,1301.25,1241.25,1274.50,14931488,4.00,16,1272.00,1284.00,1256.00,122,0,0,False,False,False,True,0,0,1268.00,1280.00,1252.00,1322.75,1278.50,1302.00,1307.50,1319.50,1291.50
2011-03-21,2011-03-21,2011-03-25,5,30,75884,False,0.00,1276.25,1314.50,1274.75,1310.75,8338276,4.00,11,1288.00,1300.00,1280.00,79,0,0,False,False,True,False,0,0,1292.00,1304.00,1284.00,1301.25,1241.25,1274.50,1272.00,1284.00,1256.00
2011-03-28,2011-03-28,2011-04-01,5,30,75884,False,0.00,1309.25,1333.75,1300.25,1327.50,7403356,4.00,9,1324.00,1328.00,1308.00,71,0,0,False,False,True,True,0,0,1320.00,1332.00,1312.00,1314.50,1274.75,1310.75,1288.00,1300.00,1280.00
2011-04-04,2011-04-04,2011-04-08,5,30,75884,False,0.00,1327.00,1336.50,1318.75,1324.25,8518243,4.00,6,1328.00,1332.00,1320.00,71,0,0,False,False,False,False,0,0,1328.00,1332.00,1320.00,1333.75,1300.25,1327.50,1324.00,1328.00,1308.00
2011-04-11,2011-04-11,2011-04-15,5,30,75884,False,0.00,1325.75,1330.25,1298.25,1319.00,9150964,4.00,9,1308.00,1320.00,1300.00,74,0,0,False,False,True,False,0,0,1308.00,1320.00,1300.00,1336.50,1318.75,1324.25,1328.00,1332.00,1320.00
2011-04-18,2011-04-18,2011-04-21,4,24,75884,False,0.00,1318.25,1337.75,1290.25,1330.75,6919792,4.00,13,1296.00,1332.00,1296.00,61,0,0,False,False,True,False,0,0,1324.00,1336.00,1300.00,1330.25,1298.25,1319.00,1308.00,1320.00,1300.00
2011-04-25,2011-04-25,2011-04-29,5,30,75884,False,0.00,1330.50,1363.75,1327.25,1363.50,6339153,4.00,10,1352.00,1356.00,1328.00,63,0,0,False,False,True,False,0,0,1352.00,1364.00,1336.00,1337.75,1290.25,1330.75,1296.00,1332.00,1296.00
2011-05-02,2011-05-02,2011-05-06,5,30,75884,False,0.00,1363.25,1373.50,1325.25,1335.00,11336760,4.00,13,1344.00,1364.00,1328.00,88,0,0,False,False,False,False,0,0,1340.00,1352.00,1332.00,1363.75,1327.25,1363.50,1352.00,1356.00,1328.00
2011-05-09,2011-05-09,2011-05-13,5,30,75884,False,0.00,1337.25,1358.25,1328.75,1334.00,11568645,4.00,8,1340.00,1352.00,1332.00,83,0,0,False,False,True,True,0,0,1336.00,1348.00,1328.00,1373.50,1325.25,1335.00,1344.00,1364.00,1328.00
2011-05-16,2011-05-16,2011-05-20,5,30,75884,False,0.00,1332.00,1345.50,1316.00,1328.50,10133476,4.00,8,1328.00,1340.00,1320.00,81,0,0,False,False,True,True,0,0,1336.00,1340.00,1320.00,1358.25,1328.75,1334.00,1340.00,1352.00,1332.00
2011-05-23,2011-05-23,2011-05-27,5,30,75884,False,0.00,1326.00,1333.75,1302.25,1330.00,9671846,4.00,9,1316.00,1328.00,1308.00,78,0,0,False,False,True,True,0,0,1316.00,1328.00,1308.00,1345.50,1316.00,1328.50,1328.00,1340.00,1320.00
2011-05-30,2011-05-30,2011-06-03,5,29,75884,False,0.00,1329.75,1347.75,1294.50,1295.75,9635403,4.00,14,1308.00,1336.00,1292.00,75,0,0,False,False,True,True,0,0,1312.00,1332.00,1296.00,1333.75,1302.25,1330.00,1316.00,1328.00,1308.00
2011-06-06,2011-06-06,2011-06-10,5,30,75884,False,0.00,1298.75,1299.00,1267.00,1269.75,8885409,4.00,9,1284.00,1296.00,1276.00,76,0,0,False,False,True,False,0,0,1280.00,1300.00,1280.00,1347.75,1294.50,1295.75,1308.00,1336.00,1292.00
2011-06-13,2011-06-13,2011-06-17,5,30,49278,True,-5.25,1264.75,1287.00,1252.25,1265.75,12628924,4.00,9,1264.00,1276.00,1256.00,86,0,0,False,False,True,True,0,0,1264.00,1276.00,1256.00,1293.75,1261.75,1264.50,1278.75,1290.75,1270.75
2011-06-20,2011-06-20,2011-06-24,5,30,49278,False,0.00,1265.00,1293.75,1256.25,1263.75,11424814,4.00,10,1272.00,1292.00,1264.00,86,0,0,False,False,True,True,0,0,1264.00,1284.00,1256.00,1287.00,1252.25,1265.75,1264.00,1276.00,1256.00
2011-06-27,2011-06-27,2011-07-01,5,30,49278,False,0.00,1265.00,1336.50,1257.00,1335.25,10212172,4.00,21,1304.00,1324.00,1272.00,81,0,0,False,False,False,True,2,0,1312.00,1316.00,1272.00,1293.75,1256.25,1263.75,1272.00,1292.00,1264.00
2011-07-04,2011-07-04,2011-07-08,5,29,49278,False,0.00,1334.50,1354.50,1326.50,1341.75,7472436,4.00,8,1332.00,1344.00,1324.00,73,0,0,False,False,True,False,0,0,1332.00,1344.00,1324.00,1336.50,1257.00,1335.25,1304.00,1324.00,1272.00
2011-07-11,2011-07-11,2011-07-15,5,30,49278,False,0.00,1339.25,1339.50,1295.25,1314.50,12800223,4.00,12,1308.00,1320.00,1300.00,100,0,2,False,False,False,False,0,0,1312.00,1324.00,1304.00,1354.50,1326.50,1341.75,1332.00,1344.00,1324.00
2011-07-18,2011-07-18,2011-07-22,5,30,49278,False,0.00,1314.50,1347.75,1291.25,1340.75,9680463,4.00,15,1320.00,1340.00,1296.00,88,0,0,False,False,True,False,0,0,1320.00,1348.00,1312.00,1339.50,1295.25,1314.50,1308.00,1320.00,1300.00
2011-07-25,2011-07-25,2011-07-29,5,30,49278,False,0.00,1330.00,1340.25,1278.50,1292.50,11088972,4.00,17,1328.00,1340.00,1296.00,97,0,0,False,False,False,False,0,0,1328.00,1340.00,1296.00,1347.75,1291.25,1340.75,1320.00,1340.00,1296.00
2011-08-01,2011-08-01,2011-08-05,5,30,49278,False,0.00,1306.00,1309.75,1163.25,1197.50,21299216,4.00,38,1244.00,1312.00,1212.00,147,0,5,False,False,True,False,0,2,1196.00,1256.00,1180.00,1340.25,1278.50,1292.50,1328.00,1340.00,1296.00
2011-08-08,2011-08-08,2011-08-12,5,30,49278,False,0.00,1167.25,1189.00,1077.00,1177.00,24502551,4.00,29,1164.00,1184.00,1124.00,227,0,0,False,False,False,False,0,0,1140.00,1168.00,1116.00,1309.75,1163.25,1197.50,1244.00,1312.00,1212.00
2011-08-15,2011-08-15,2011-08-19,5,30,49278,False,0.00,1179.75,1206.75,1117.50,1123.75,13976661,4.00,23,1184.00,1204.00,1144.00,128,0,0,False,False,True,True,0,0,1188.00,1208.00,1140.00,1189.00,1077.00,1177.00,1164.00,1184.00,1124.00
2011-08-22,2011-08-22,2011-08-26,5,30,49278,False,0.00,1122.00,1188.50,1111.25,1175.25,14847968,4.00,21,1164.00,1176.00,1132.00,147,3,0,False,False,False,False,0,0,1156.00,1176.00,1132.00,1206.75,1117.50,1123.75,1184.00,1204.00,1144.00
2011-08-29,2011-08-29,2011-09-02,5,30,49278,False,0.00,1175.50,1229.75,1168.50,1169.75,12558635,4.00,16,1204.00,1224.00,1188.00,111,0,0,False,False,True,False,0,0,1216.00,1228.00,1200.00,1188.50,1111.25,1175.25,1164.00,1176.00,1132.00
2011-09-05,2011-09-05,2011-09-09,5,29,49278,False,0.00,1165.00,1203.75,1136.00,1158.25,8565616,4.00,17,1184.00,1204.00,1152.00,114,0,0,False,False,True,True,0,0,1192.00,1204.00,1152.00,1229.75,1168.50,1169.75,1204.00,1224.00,1188.00
2011-09-12,2011-09-12,2011-09-16,5,30,45580,True,-5.75,1137.75,1214.50,1123.50,1211.75,14336711,4.00,24,1160.00,1188.00,1128.00,135,0,2,False,False,True,False,0,0,1164.00,1200.00,1132.00,1198.00,1130.25,1152.50,1178.25,1198.25,1146.25
2011-09-19,2011-09-19,2011-09-23,5,30,45580,False,0.00,1199.25,1214.50,1102.00,1130.75,16374332,4.00,29,1192.00,1216.00,1128.00,138,0,0,False,False,True,False,0,5,1124.00,1192.00,1100.00,1214.50,1123.50,1211.75,1160.00,1188.00,1128.00
2011-09-26,2011-09-26,2011-09-30,5,30,45580,False,0.00,1122.00,1190.00,1115.00,1122.25,15076896,4.00,20,1144.00,1172.00,1128.00,148,0,2,False,False,True,False,0,0,1136.00,1180.00,1136.00,1214.50,1102.00,1130.75,1192.00,1216.00,1128.00
2011-10-03,2011-10-03,2011-10-07,5,30,45580,False,0.00,1123.00,1173.75,1068.00,1155.75,16452656,4.00,27,1116.00,1168.00,1108.00,143,2,0,False,False,False,True,0,0,1120.00,1164.00,1104.00,1190.00,1115.00,1122.25,1144.00,1172.00,1128.00
2011-10-10,2011-10-10,2011-10-14,5,30,45580,False,0.00,1157.75,1221.50,1156.50,1220.00,10790546,4.00,17,1196.00,1208.00,1180.00,102,0,0,False,False,False,False,0,0,1188.00,1208.00,1180.00,1173.75,1068.00,1155.75,1116.00,1168.00,1108.00
2011-10-17,2011-10-17,2011-10-21,5,30,45580,False,0.00,1218.25,1235.75,1185.50,1234.75,12790014,4.00,13,1212.00,1232.00,1204.00,112,0,0,False,False,True,True,0,0,1204.00,1224.00,1196.00,1221.50,1156.50,1220.00,1196.00,1208.00,1180.00
2011-10-24,2011-10-24,2011-10-28,5,30,45580,False,0.00,1229.75,1289.25,1216.50,1282.25,12507950,4.00,19,1232.00,1268.00,1224.00,106,0,0,False,False,False,False,0,0,1232.00,1276.00,1216.00,1235.75,1185.50,1234.75,1212.00,1232.00,1204.00
2011-10-31,2011-10-31,2011-11-04,5,30,45580,False,0.00,1280.00,1280.75,1208.50,1250.75,13201749,4.00,19,1228.00,1256.00,1220.00,129,0,0,False,False,False,True,0,0,1244.00,1256.00,1220.00,1289.25,1216.50,1282.25,1232.00,1268.00,1224.00
2011-11-07,2011-11-07,2011-11-11,5,30,45580,False,0.00,1253.25,1275.25,1218.25,1261.75,11632699,4.00,15,1244.00,1264.00,1236.00,126,0,0,False,False,True,True,0,0,1240.00,1268.00,1232.00,1280.75,1208.50,1250.75,1228.00,1256.00,1220.00
2011-11-14,2011-11-14,2011-11-18,5,30,45580,False,0.00,1264.25,1270.75,1206.50,1213.50,12060205,4.00,17,1248.00,1260.00,1224.00,121,0,0,False,False,True,True,0,0,1248.00,1260.00,1216.00,1275.25,1218.25,1261.75,1244.00,1264.00,1236.00
2011-11-21,2011-11-21,2011-11-25,5,28,45580,False,0.00,1208.00,1209.00,1147.50,1153.50,8528864,4.00,17,1168.00,1196.00,1152.00,104,0,0,False,False,True,False,0,0,1188.00,1200.00,1164.00,1270.75,1206.50,1213.50,1248.00,1260.00,1224.00
2011-11-28,2011-11-28,2011-12-02,5,30,45580,False,0.00,1172.00,1262.75,1169.25,1244.00,14596658,4.00,24,1188.00,1248.00,1168.00,114,0,0,False,False,False,True,5,0,1192.00,1244.00,1168.00,1209.00,1147.50,1153.50,1168.00,1196.00,1152.00
2011-12-05,2011-12-05,2011-12-09,5,30,45580,False,0.00,1248.00,1272.00,1228.50,1259.75,9697050,4.00,12,1252.00,1264.00,1244.00,103,0,0,False,False,False,True,0,0,1256.00,1268.00,1248.00,1262.75,1169.25,1244.00,1188.00,1248.00,1168.00
2011-12-12,2011-12-12,2011-12-16,5,30,31747,True,-5.50,1250.50,1254.50,1198.00,1210.00,11195313,4.00,15,1220.00,1240.00,1204.00,97,0,0,False,False,True,False,0,0,1208.00,1236.00,1208.00,1266.50,1223.00,1254.25,1246.50,1258.50,1238.50
2011-12-19,2011-12-19,2011-12-23,5,30,31747,False,0.00,1212.00,1260.75,1195.50,1259.50,7516608,4.00,18,1232.00,1260.00,1216.00,93,0,2,False,False,False,False,0,0,1228.00,1256.00,1220.00,1254.50,1198.00,1210.00,1220.00,1240.00,1204.00
2011-12-26,2011-12-27,2011-12-30,4,21,31747,False,0.00,1260.50,1264.50,1243.00,1253.00,3083687,4.00,7,1256.00,1268.00,1248.00,49,0,0,False,False,True,False,0,0,1252.00,1264.00,1244.00,1260.75,1195.50,1259.50,1232.00,1260.00,1216.00
2012-01-02,2012-01-03,2012-01-06,4,21,31747,False,0.00,1274.75,1282.25,1259.75,1274.00,6485783,4.00,7,1268.00,1280.00,1268.00,62,0,0,False,False,True,False,0,0,1272.00,1276.00,1264.00,1264.50,1243.00,1253.00,1256.00,1268.00,1248.00
2012-01-09,2012-01-09,2012-01-13,5,30,31747,False,0.00,1274.75,1297.50,1267.25,1289.50,8633203,4.00,9,1284.00,1296.00,1276.00,79,0,0,False,False,False,True,0,0,1284.00,1296.00,1276.00,1282.25,1259.75,1274.00,1268.00,1280.00,1268.00
2012-01-16,2012-01-16,2012-01-20,5,29,31747,False,0.00,1285.25,1311.75,1281.25,1311.25,7084561,4.00,8,1304.00,1308.00,1288.00,66,0,0,False,False,True,True,0,0,1308.00,1312.00,1292.00,1297.50,1267.25,1289.50,1284.00,1296.00,1276.00
2012-01-23,2012-01-23,2012-01-27,5,30,31747,False,0.00,1307.50,1329.75,1301.50,1312.75,8740162,4.00,8,1308.00,1320.00,1300.00,86,0,0,False,False,True,True,0,0,1308.00,1320.00,1300.00,1311.75,1281.25,1311.25,1304.00,1308.00,1288.00
2012-01-30,2012-01-30,2012-02-03,5,30,31747,False,0.00,1314.00,1342.00,1296.00,1339.50,8543710,4.00,12,1320.00,1332.00,1304.00,77,0,0,False,False,True,True,0,0,1320.00,1324.00,1296.00,1329.75,1301.50,1312.75,1308.00,1320.00,1300.00
2012-02-06,2012-02-06,2012-02-10,5,30,31747,False,0.00,1336.50,1352.75,1330.25,1340.25,7683565,4.00,7,1340.00,1352.00,1332.00,71,0,0,False,False,False,True,0,0,1336.00,1348.00,1336.00,1342.00,1296.00,1339.50,1320.00,1332.00,1304.00
2012-02-13,2012-02-13,2012-02-17,5,30,31747,False,0.00,1347.25,1361.25,1334.25,1360.25,8447147,4.00,8,1344.00,1356.00,1336.00,76,0,0,False,False,True,True,0,0,1344.00,1356.00,1336.00,1352.75,1330.25,1340.25,1340.00,1352.00,1332.00
2012-02-20,2012-02-20,2012-02-24,5,29,31747,False,0.00,1366.75,1369.50,1350.25,1362.75,5763927,4.00,6,1360.00,1372.00,1352.00,65,0,0,False,False,True,True,0,0,1356.00,1368.00,1356.00,1361.25,1334.25,1360.25,1344.00,1356.00,1336.00
2012-02-27,2012-02-27,2012-03-02,5,30,31747,False,0.00,1363.25,1377.25,1353.00,1368.50,8865345,4.00,7,1368.00,1380.00,1360.00,82,0,0,False,False,True,True,0,0,1368.00,1372.00,1360.00,1369.50,1350.25,1362.75,1360.00,1372.00,1352.00
2012-03-05,2012-03-05,2012-03-09,5,30,31747,False,0.00,1367.25,1374.50,1338.50,1372.00,7489201,4.00,10,1364.00,1368.00,1348.00,72,0,0,False,False,True,False,0,0,1360.00,1372.00,1344.00,1377.25,1353.00,1368.50,1368.00,1380.00,1360.00
2012-03-12,2012-03-12,2012-03-16,5,30,27069,True,-5.75,1367.00,1400.50,1360.25,1398.75,7163176,4.00,11,1388.00,1400.00,1372.00,68,0,0,False,False,True,True,0,0,1388.00,1400.00,1380.00,1368.75,1332.75,1366.25,1358.25,1362.25,1342.25
2012-03-19,2012-03-19,2012-03-23,5,30,27069,False,0.00,1397.25,1408.00,1380.50,1394.25,7869646,4.00,8,1400.00,1404.00,1384.00,74,0,0,False,False,True,True,0,0,1396.00,1408.00,1388.00,1400.50,1360.25,1398.75,1388.00,1400.00,1372.00
2012-03-26,2012-03-26,2012-03-30,5,30,27069,False,0.00,1393.75,1419.75,1386.25,1404.00,7894092,4.00,9,1400.00,1412.00,1392.00,76,0,0,False,False,True,False,0,0,1400.00,1412.00,1392.00,1408.00,1380.50,1394.25,1400.00,1404.00,1384.00
2012-04-02,2012-04-02,2012-04-06,5,28,27069,False,0.00,1407.25,1417.75,1372.00,1375.00,6948096,4.00,12,1392.00,1412.00,1384.00,76,0,0,False,True,True,False,0,0,1392.00,1412.00,1392.00,1419.75,1386.25,1404.00,1400.00,1412.00,1392.00
2012-04-09,2012-04-09,2012-04-13,5,30,27069,False,0.00,1375.00,1388.50,1352.50,1365.00,9111888,4.00,10,1372.00,1384.00,1364.00,84,0,0,False,False,False,True,0,0,1376.00,1380.00,1360.00,1417.75,1372.00,1375.00,1392.00,1412.00,1384.00
2012-04-16,2012-04-16,2012-04-20,5,30,27069,False,0.00,1366.00,1390.00,1359.25,1375.00,10092547,4.00,9,1380.00,1384.00,1364.00,81,0,0,False,False,True,False,0,0,1380.00,1384.00,1364.00,1388.50,1352.50,1365.00,1372.00,1384.00,1364.00
2012-04-23,2012-04-23,2012-04-27,5,30,27069,False,0.00,1372.25,1403.00,1354.00,1399.00,8379433,4.00,13,1384.00,1396.00,1360.00,80,0,0,False,False,True,True,0,0,1384.00,1404.00,1368.00,1390.00,1359.25,1375.00,1380.00,1384.00,1364.00
2012-04-30,2012-04-30,2012-05-04,5,30,27069,False,0.00,1400.25,1411.75,1361.50,1362.50,8135086,4.00,13,1396.00,1408.00,1388.00,75,0,0,False,False,True,True,0,0,1392.00,1404.00,1384.00,1403.00,1354.00,1399.00,1384.00,1396.00,1360.00
2012-05-07,2012-05-07,2012-05-11,5,30,27069,False,0.00,1354.00,1370.25,1339.25,1350.00,10108232,4.00,9,1352.00,1364.00,1344.00,98,0,0,False,False,True,False,0,0,1356.00,1368.00,1348.00,1411.75,1361.50,1362.50,1396.00,1408.00,1388.00
2012-05-14,2012-05-14,2012-05-18,5,30,27069,False,0.00,1346.00,1351.00,1289.75,1290.50,12235021,4.00,16,1336.00,1348.00,1312.00,96,0,0,False,False,True,False,0,0,1336.00,1340.00,1304.00,1370.25,1339.25,1350.00,1352.00,1364.00,1344.00
2012-05-21,2012-05-21,2012-05-25,5,30,27069,False,0.00,1291.75,1329.75,1287.25,1314.75,10705179,4.00,12,1316.00,1328.00,1308.00,98,0,2,False,False,False,False,0,0,1316.00,1328.00,1308.00,1351.00,1289.75,1290.50,1336.00,1348.00,1312.00
2012-05-28,2012-05-28,2012-06-01,5,29,27069,False,0.00,1322.00,1334.25,1273.50,1273.75,10507090,4.00,16,1324.00,1328.00,1300.00,92,0,0,False,False,True,False,0,0,1312.00,1332.00,1296.00,1329.75,1287.25,1314.75,1316.00,1328.00,1308.00
2012-06-04,2012-06-04,2012-06-08,5,30,27069,False,0.00,1275.00,1329.50,1262.00,1329.25,9859759,4.00,18,1276.00,1320.00,1268.00,98,0,0,False,False,True,False,0,0,1272.00,1316.00,1264.00,1334.25,1273.50,1273.75,1324.00,1328.00,1300.00
2012-06-11,2012-06-11,2012-06-15,5,30,3366,True,-6.75,1335.25,1342.25,1297.00,1338.25,11298035,4.00,12,1312.00,1332.00,1304.00,91,0,0,False,False,False,True,0,0,1316.00,1320.00,1300.00,1322.75,1255.25,1322.50,1269.25,1313.25,1261.25
2012-06-18,2012-06-18,2012-06-22,5,30,3366,False,0.00,1345.25,1357.00,1317.50,1325.50,10763769,4.00,11,1344.00,1356.00,1336.00,86,0,0,False,False,False,True,0,0,1348.00,1352.00,1324.00,1342.25,1297.00,1338.25,1312.00,1332.00,1304.00
2012-06-25,2012-06-25,2012-06-29,5,30,3366,False,0.00,1325.50,1359.50,1302.50,1358.25,10038517,4.00,15,1316.00,1328.00,1308.00,87,0,0,True,False,False,True,0,0,1308.00,1328.00,1300.00,1357.00,1317.50,1325.50,1344.00,1356.00,1336.00
2012-07-02,2012-07-02,2012-07-06,5,29,3366,False,0.00,1358.75,1375.00,1342.25,1352.50,6564039,4.00,9,1360.00,1372.00,1352.00,76,0,0,False,False,False,True,0,0,1364.00,1368.00,1348.00,1359.50,1302.50,1358.25,1316.00,1328.00,1308.00
2012-07-09,2012-07-09,2012-07-13,5,30,3366,False,0.00,1349.25,1356.50,1319.75,1352.00,9054307,4.00,11,1332.00,1352.00,1332.00,86,0,0,False,False,False,False,0,0,1344.00,1348.00,1328.00,1375.00,1342.25,1352.50,1360.00,1372.00,1352.00
2012-07-16,2012-07-16,2012-07-20,5,30,3366,False,0.00,1351.25,1376.00,1339.25,1358.75,8852775,4.00,11,1368.00,1372.00,1344.00,74,0,0,False,False,False,False,0,0,1368.00,1372.00,1344.00,1356.50,1319.75,1352.00,1332.00,1352.00,1332.00
2012-07-23,2012-07-23,2012-07-27,5,30,3366,False,0.00,1355.50,1385.00,1321.25,1382.50,10795075,4.00,17,1336.00,1356.00,1328.00,99,0,0,False,False,True,True,2,0,1336.00,1356.00,1328.00,1376.00,1339.25,1358.75,1368.00,1372.00,1344.00
2012-07-30,2012-07-30,2012-08-03,5,30,3366,False,0.00,1379.25,1390.50,1349.25,1389.50,9812272,4.00,11,1376.00,1388.00,1368.00,85,0,0,False,False,True,True,0,0,1376.00,1388.00,1368.00,1385.00,1321.25,1382.50,1336.00,1356.00,1328.00
2012-08-06,2012-08-06,2012-08-10,5,30,3366,False,0.00,1390.25,1403.75,1387.25,1402.25,6269311,4.00,5,1392.00,1404.00,1392.00,63,0,0,False,False,True,True,0,0,1396.00,1400.00,1388.00,1390.50,1349.25,1389.50,1376.00,1388.00,1368.00
2012-08-13,2012-08-13,2012-08-17,5,30,3366,False,0.00,1400.50,1416.75,1394.25,1415.50,6347197,4.00,7,1400.00,1412.00,1392.00,63,0,0,False,False,True,False,0,0,1400.00,1420.00,1400.00,1403.75,1387.25,1402.25,1392.00,1404.00,1392.00
2012-08-20,2012-08-20,2012-08-24,5,30,3366,False,0.00,1415.00,1424.75,1395.25,1410.50,7662750,4.00,9,1412.00,1424.00,1404.00,71,0,0,False,False,False,True,0,0,1408.00,1420.00,1400.00,1416.75,1394.25,1415.50,1400.00,1412.00,1392.00
2012-08-27,2012-08-27,2012-08-31,5,30,3366,False,0.00,1410.00,1416.00,1395.25,1404.75,6349557,4.00,7,1408.00,1412.00,1400.00,73,0,0,False,False,False,True,0,0,1408.00,1412.00,1400.00,1424.75,1395.25,1410.50,1412.00,1424.00,1404.00
2012-09-03,2012-09-03,2012-09-07,5,29,3366,False,0.00,1406.25,1438.75,1394.50,1438.25,6533899,4.00,12,1404.00,1416.00,1396.00,74,0,0,False,False,True,False,0,0,1400.00,1436.00,1392.00,1416.00,1395.25,1404.75,1408.00,1412.00,1400.00
2012-09-10,2012-09-10,2012-09-14,5,30,3366,False,0.00,1436.75,1474.75,1421.50,1466.25,6584453,4.00,14,1432.00,1452.00,1420.00,70,0,0,False,False,False,True,2,0,1436.00,1448.00,1428.00,1438.75,1394.50,1438.25,1404.00,1416.00,1396.00
2012-09-17,2012-09-17,2012-09-21,5,30,10113,True,-6.50,1459.25,1462.25,1443.50,1451.50,6783771,4.00,6,1452.00,1464.00,1452.00,64,0,0,False,False,True,False,0,0,1452.00,1464.00,1452.00,1468.25,1415.00,1459.75,1425.50,1445.50,1413.50
2012-09-24,2012-09-24,2012-09-28,5,30,10113,False,0.00,1450.25,1457.00,1424.00,1434.25,8688253,4.00,9,1432.00,1452.00,1432.00,75,0,0,False,False,True,True,0,0,1432.00,1444.00,1424.00,1462.25,1443.50,1451.50,1452.00,1464.00,1452.00
2012-10-01,2012-10-01,2012-10-05,5,30,10113,False,0.00,1432.75,1466.00,1427.75,1455.50,8291789,4.00,11,1436.00,1456.00,1436.00,74,0,0,False,False,True,False,0,0,1440.00,1460.00,1432.00,1457.00,1424.00,1434.25,1432.00,1452.00,1432.00
2012-10-08,2012-10-08,2012-10-12,5,30,10113,False,0.00,1457.25,1457.25,1420.00,1421.75,7787209,4.00,10,1432.00,1452.00,1424.00,76,0,0,False,False,False,True,0,0,1432.00,1444.00,1424.00,1466.00,1427.75,1455.50,1436.00,1456.00,1436.00
2012-10-15,2012-10-15,2012-10-19,5,30,10113,False,0.00,1423.50,1459.75,1416.50,1423.75,8883034,4.00,11,1448.00,1460.00,1432.00,77,0,0,False,False,True,True,0,0,1452.00,1456.00,1428.00,1457.25,1420.00,1421.75,1432.00,1452.00,1424.00
2012-10-22,2012-10-22,2012-10-26,5,30,10113,False,0.00,1424.50,1433.25,1394.50,1407.50,9731575,4.00,11,1408.00,1428.00,1400.00,91,0,0,False,False,True,True,0,0,1408.00,1420.00,1400.00,1459.75,1416.50,1423.75,1448.00,1460.00,1432.00
2012-10-29,2012-10-29,2012-11-02,5,26,10113,False,0.00,1406.25,1431.50,1393.00,1405.50,5926405,4.00,10,1400.00,1420.00,1400.00,70,0,0,False,False,False,False,0,0,1420.00,1424.00,1404.00,1433.25,1394.50,1407.50,1408.00,1428.00,1400.00
2012-11-05,2012-11-05,2012-11-09,5,30,10113,False,0.00,1402.75,1431.75,1363.50,1376.00,11210992,4.00,18,1408.00,1428.00,1384.00,100,0,2,False,False,True,False,0,0,1392.00,1412.00,1376.00,1431.50,1393.00,1405.50,1400.00,1420.00,1400.00
2012-11-12,2012-11-12,2012-11-16,5,30,10113,False,0.00,1375.25,1386.25,1340.25,1360.50,10505784,4.00,12,1372.00,1384.00,1348.00,90,0,0,False,False,False,False,0,0,1352.00,1380.00,1344.00,1431.75,1363.50,1376.00,1408.00,1428.00,1384.00
2012-11-19,2012-11-19,2012-11-23,4,23,10113,False,0.00,1360.75,1407.50,1360.25,1404.75,5121802,4.00,12,1384.00,1396.00,1376.00,63,0,0,True,False,False,True,0,0,1380.00,1392.00,1372.00,1386.25,1340.25,1360.50,1372.00,1384.00,1348.00
2012-11-26,2012-11-26,2012-11-30,5,30,10113,False,0.00,1403.25,1419.50,1383.00,1415.75,8509928,4.00,10,1400.00,1420.00,1400.00,76,0,0,False,False,True,False,0,0,1412.00,1416.00,1396.00,1407.50,1360.25,1404.75,1384.00,1396.00,1376.00
2012-12-03,2012-12-03,2012-12-07,5,30,10113,False,0.00,1413.25,1424.00,1396.75,1417.25,8316552,4.00,8,1408.00,1420.00,1400.00,75,0,0,False,False,False,False,0,0,1408.00,1420.00,1400.00,1419.50,1383.00,1415.75,1400.00,1420.00,1400.00
2012-12-10,2012-12-10,2012-12-14,5,30,10113,False,0.00,1416.00,1438.75,1410.75,1416.50,6271945,4.00,8,1416.00,1436.00,1416.00,71,0,0,False,False,True,True,0,0,1428.00,1432.00,1412.00,1424.00,1396.75,1417.25,1408.00,1420.00,1400.00
2012-12-17,2012-12-17,2012-12-21,5,30,23970,True,-6.00,1415.25,1446.00,1391.25,1428.50,8447044,4.00,15,1428.00,1440.00,1412.00,88,0,5,False,False,True,False,0,0,1436.00,1440.00,1420.00,1432.75,1404.75,1410.50,1410.00,1430.00,1410.00
2012-12-24,2012-12-24,2012-12-28,4,20,23970,False,0.00,1424.25,1425.50,1382.25,1386.75,3423976,4.00,12,1412.00,1424.00,1404.00,57,0,0,False,True,True,False,0,0,1404.00,1416.00,1396.00,1446.00,1391.25,1428.50,1428.00,1440.00,1412.00
2012-12-31,2012-12-31,2013-01-04,4,21,23970,False,0.00,1388.25,1463.00,1383.50,1459.75,6522375,4.00,21,1452.00,1464.00,1412.00,61,0,0,False,False,True,False,0,5,1456.00,1460.00,1440.00,1425.50,1382.25,1386.75,1412.00,1424.00,1404.00
2013-01-07,2013-01-07,2013-01-11,5,30,23970,False,0.00,1460.25,1471.50,1446.00,1467.50,6396131,4.00,7,1452.00,1472.00,1452.00,68,0,0,False,False,True,False,0,0,1452.00,1472.00,1452.00,1463.00,1383.50,1459.75,1452.00,1464.00,1412.00
2013-01-14,2013-01-14,2013-01-18,5,30,23970,False,0.00,1466.75,1481.00,1456.50,1479.75,6904671,4.00,7,1464.00,1476.00,1456.00,67,0,0,False,False,True,True,0,0,1464.00,1476.00,1456.00,1471.50,1446.00,1467.50,1452.00,1472.00,1452.00
2013-01-21,2013-01-22,2013-01-25,4,24,23970,False,0.00,1483.00,1499.25,1475.00,1495.50,5930348,4.00,7,1484.00,1496.00,1476.00,58,0,0,False,False,True,True,0,0,1492.00,1496.00,1484.00,1481.00,1456.50,1479.75,1464.00,1476.00,1456.00
2013-01-28,2013-01-28,2013-02-01,5,30,23970,False,0.00,1495.75,1510.50,1491.00,1507.50,7897563,4.00,6,1496.00,1508.00,1488.00,67,0,0,False,False,True,True,0,0,1496.00,1508.00,1496.00,1499.25,1475.00,1495.50,1484.00,1496.00,1476.00
2013-02-04,2013-02-04,2013-02-08,5,30,23970,False,0.00,1508.00,1515.00,1490.25,1513.75,8584713,4.00,7,1504.00,1516.00,1496.00,69,0,0,False,False,True,False,0,0,1504.00,1516.00,1496.00,1510.50,1491.00,1507.50,1496.00,1508.00,1488.00
2013-02-11,2013-02-11,2013-02-15,5,30,23970,False,0.00,1513.50,1522.00,1508.50,1517.00,6793439,4.00,4,1512.00,1524.00,1512.00,57,0,0,False,False,True,True,0,0,1512.00,1524.00,1512.00,1515.00,1490.25,1513.75,1504.00,1516.00,1496.00
2013-02-18,2013-02-19,2013-02-22,4,24,23970,False,0.00,1518.00,1530.00,1495.00,1514.00,7634450,4.00,10,1504.00,1532.00,1504.00,55,0,0,False,False,True,False,0,0,1500.00,1528.00,1500.00,1522.00,1508.50,1517.00,1512.00,1524.00,1512.00
2013-02-25,2013-02-25,2013-03-01,5,30,23970,False,0.00,1515.50,1524.50,1481.75,1516.75,13096249,4.00,12,1512.00,1524.00,1496.00,90,0,0,False,False,True,True,0,0,1516.00,1520.00,1492.00,1530.00,1495.00,1514.00,1504.00,1532.00,1504.00
2013-03-04,2013-03-04,2013-03-08,5,30,23970,False,0.00,1514.75,1553.50,1507.00,1550.25,7299414,4.00,13,1540.00,1552.00,1524.00,68,0,0,False,False,True,True,0,0,1540.00,1552.00,1532.00,1524.50,1481.75,1516.75,1512.00,1524.00,1496.00
2013-03-11,2013-03-11,2013-03-15,5,30,11561,True,-5.50,1541.75,1558.75,1540.00,1552.50,5991245,4.00,5,1548.00,1552.00,1540.00,64,0,0,False,False,True,True,0,0,1552.00,1556.00,1544.00,1548.00,1501.50,1544.75,1534.50,1546.50,1518.50
2013-03-18,2013-03-18,2013-03-22,5,30,11561,False,0.00,1544.00,1555.75,1529.50,1553.75,10012654,4.00,7,1544.00,1556.00,1536.00,80,0,0,False,False,True,True,0,0,1548.00,1552.00,1540.00,1558.75,1540.00,1552.50,1548.00,1552.00,1540.00
2013-03-25,2013-03-25,2013-03-28,4,24,11561,False,0.00,1550.00,1564.50,1539.00,1563.75,7034948,4.00,8,1556.00,1560.00,1548.00,57,0,0,False,False,False,False,0,0,1552.00,1564.00,1544.00,1555.75,1529.50,1553.75,1544.00,1556.00,1536.00
2013-04-01,2013-04-01,2013-04-05,5,30,11561,False,0.00,1563.00,1568.00,1533.25,1547.00,9263542,4.00,10,1552.00,1564.00,1544.00,79,0,0,False,False,False,True,0,0,1552.00,1564.00,1544.00,1564.50,1539.00,1563.75,1556.00,1560.00,1548.00
2013-04-08,2013-04-08,2013-04-12,5,30,11561,False,0.00,1545.50,1593.00,1543.00,1582.00,8617813,4.00,14,1580.00,1592.00,1556.00,74,0,0,False,False,False,True,0,0,1580.00,1592.00,1564.00,1568.00,1533.25,1547.00,1552.00,1564.00,1544.00
2013-04-15,2013-04-15,2013-04-19,5,30,11561,False,0.00,1582.25,1583.00,1530.75,1548.50,12222850,4.00,14,1544.00,1564.00,1536.00,99,0,0,False,False,True,False,0,0,1544.00,1564.00,1536.00,1593.00,1543.00,1582.00,1580.00,1592.00,1556.00
2013-04-22,2013-04-22,2013-04-26,5,30,11561,False,0.00,1548.50,1588.25,1542.75,1576.75,8033434,4.00,13,1576.00,1588.00,1552.00,84,0,0,False,False,True,False,0,0,1572.00,1584.00,1564.00,1583.00,1530.75,1548.50,1544.00,1564.00,1536.00
2013-04-29,2013-04-29,2013-05-03,5,30,11561,False,0.00,1576.25,1614.25,1573.75,1609.00,7822133,4.00,11,1588.00,1600.00,1580.00,76,0,0,False,False,True,True,3,0,1584.00,1596.00,1576.00,1588.25,1542.75,1576.75,1576.00,1588.00,1552.00
2013-05-06,2013-05-06,2013-05-10,5,30,11561,False,0.00,1608.25,1632.25,1607.25,1629.25,8960700,4.00,8,1624.00,1628.00,1608.00,65,0,0,False,False,False,False,0,0,1624.00,1628.00,1616.00,1614.25,1573.75,1609.00,1588.00,1600.00,1580.00
2013-05-13,2013-05-13,2013-05-17,5,30,11561,False,0.00,1625.50,1665.75,1621.50,1664.75,9251778,4.00,12,1648.00,1660.00,1632.00,71,0,0,True,False,False,True,0,0,1652.00,1664.00,1644.00,1632.25,1607.25,1629.25,1624.00,1628.00,1608.00
2013-05-20,2013-05-20,2013-05-24,5,30,11561,False,0.00,1662.50,1685.75,1632.75,1650.00,10953007,4.00,14,1664.00,1668.00,1640.00,90,3,0,False,False,False,True,0,0,1664.00,1676.00,1640.00,1665.75,1621.50,1664.75,1648.00,1660.00,1632.00
2013-05-27,2013-05-28,2013-05-31,4,24,11561,False,0.00,1652.25,1672.75,1626.25,1627.50,8374492,4.00,13,1652.00,1664.00,1644.00,77,0,0,False,True,False,False,0,0,1648.00,1660.00,1640.00,1685.75,1632.75,1650.00,1664.00,1668.00,1640.00
2013-06-03,2013-06-03,2013-06-07,5,30,11561,False,0.00,1629.50,1645.75,1596.50,1639.00,14415311,4.00,13,1628.00,1640.00,1612.00,103,0,0,False,False,True,False,0,0,1636.00,1640.00,1612.00,1672.75,1626.25,1627.50,1652.00,1664.00,1644.00
2013-06-10,2013-06-10,2013-06-14,5,30,11561,False,0.00,1636.50,1648.50,1597.50,1623.50,8986914,4.00,14,1636.00,1648.00,1620.00,94,0,0,False,False,False,True,0,0,1624.00,1644.00,1616.00,1645.75,1596.50,1639.00,1628.00,1640.00,1612.00
2013-06-17,2013-06-17,2013-06-21,5,30,17704,True,-6.25,1618.25,1649.00,1570.50,1583.75,10966140,4.00,21,1632.00,1652.00,1600.00,98,0,2,False,False,True,False,0,0,1584.00,1636.00,1568.00,1642.25,1591.25,1617.25,1629.75,1641.75,1613.75
2013-06-24,2013-06-24,2013-06-28,5,30,17704,False,0.00,1583.75,1614.50,1553.25,1596.25,10298515,4.00,16,1576.00,1604.00,1568.00,107,0,0,False,False,True,False,0,0,1604.00,1616.00,1572.00,1649.00,1570.50,1583.75,1632.00,1652.00,1600.00
2013-07-01,2013-07-01,2013-07-05,4,23,17704,False,0.00,1600.25,1630.75,1593.25,1629.25,5780675,4.00,10,1604.00,1624.00,1596.00,71,0,0,False,False,True,True,0,0,1616.00,1620.00,1600.00,1614.50,1553.25,1596.25,1576.00,1604.00,1568.00
2013-07-08,2013-07-08,2013-07-12,5,30,17704,False,0.00,1628.50,1674.25,1626.00,1670.00,6631453,4.00,13,1644.00,1664.00,1628.00,74,0,0,False,False,True,True,0,0,1644.00,1672.00,1628.00,1630.75,1593.25,1629.25,1604.00,1624.00,1596.00
2013-07-15,2013-07-15,2013-07-19,5,30,17704,False,0.00,1670.00,1690.50,1665.75,1689.75,5969618,4.00,7,1676.00,1680.00,1668.00,69,0,0,False,False,True,True,0,0,1676.00,1688.00,1668.00,1674.25,1626.00,1670.00,1644.00,1664.00,1628.00
2013-07-22,2013-07-22,2013-07-26,5,30,17704,False,0.00,1690.00,1695.50,1670.50,1687.00,6186793,4.00,7,1688.00,1692.00,1672.00,76,0,0,False,False,True,True,0,0,1688.00,1692.00,1672.00,1690.50,1665.75,1689.75,1676.00,1680.00,1668.00
2013-07-29,2013-07-29,2013-08-02,5,30,17704,False,0.00,1686.50,1705.00,1676.50,1703.25,7122290,4.00,8,1684.00,1696.00,1676.00,69,0,0,False,False,False,True,0,0,1684.00,1704.00,1676.00,1695.50,1670.50,1687.00,1688.00,1692.00,1672.00
2013-08-05,2013-08-05,2013-08-09,5,30,17704,False,0.00,1702.75,1705.00,1680.50,1685.00,6676090,4.00,7,1688.00,1700.00,1680.00,69,0,0,False,False,True,True,0,0,1692.00,1696.00,1684.00,1705.00,1676.50,1703.25,1684.00,1696.00,1676.00
2013-08-12,2013-08-12,2013-08-16,5,30,17704,False,0.00,1685.00,1694.50,1649.50,1650.25,8474946,4.00,12,1684.00,1696.00,1668.00,80,0,0,False,False,True,True,0,0,1684.00,1696.00,1660.00,1705.00,1680.50,1685.00,1688.00,1700.00,1680.00
2013-08-19,2013-08-19,2013-08-23,5,30,17704,False,0.00,1651.00,1662.75,1631.50,1661.25,8008962,4.00,9,1648.00,1660.00,1640.00,80,0,0,False,False,True,False,0,0,1652.00,1656.00,1644.00,1694.50,1649.50,1650.25,1684.00,1696.00,1668.00
2013-08-26,2013-08-26,2013-08-30,5,30,17704,False,0.00,1660.75,1667.50,1624.75,1632.25,8754649,4.00,11,1632.00,1652.00,1624.00,81,0,0,False,False,True,True,0,0,1636.00,1648.00,1628.00,1662.75,1631.50,1661.25,1648.00,1660.00,1640.00
2013-09-02,2013-09-03,2013-09-06,4,24,17704,False,0.00,1647.50,1664.00,1630.75,1654.00,7477716,4.00,10,1648.00,1660.00,1640.00,70,0,0,False,False,False,True,0,0,1652.00,1664.00,1644.00,1667.50,1624.75,1632.25,1632.00,1652.00,1624.00
2013-09-09,2013-09-09,2013-09-13,5,30,17704,False,0.00,1652.00,1690.50,1652.00,1689.50,6136718,4.00,10,1684.00,1692.00,1676.00,64,0,0,False,False,True,True,0,0,1680.00,1692.00,1672.00,1664.00,1630.75,1654.00,1648.00,1660.00,1640.00
2013-09-16,2013-09-16,2013-09-20,5,30,28112,True,-6.75,1691.75,1726.75,1687.75,1703.75,7482157,4.00,11,1696.00,1716.00,1688.00,72,0,0,False,False,True,False,0,0,1716.00,1720.00,1692.00,1683.75,1645.25,1682.75,1677.25,1685.25,1669.25
2013-09-23,2013-09-23,2013-09-27,5,30,28112,False,0.00,1706.50,1707.50,1680.00,1685.25,7707546,4.00,7,1688.00,1700.00,1680.00,72,0,0,False,False,True,True,0,0,1688.00,1700.00,1688.00,1726.75,1687.75,1703.75,1696.00,1716.00,1688.00
2013-09-30,2013-09-30,2013-10-04,5,30,28112,False,0.00,1675.00,1692.25,1663.25,1682.00,9322957,4.00,9,1676.00,1688.00,1668.00,88,0,0,False,False,False,False,0,0,1676.00,1688.00,1668.00,1707.50,1680.00,1685.25,1688.00,1700.00,1680.00
2013-10-07,2013-10-07,2013-10-11,5,30,28112,False,0.00,1676.75,1700.25,1640.00,1700.00,10268470,4.00,16,1668.00,1688.00,1644.00,91,0,0,False,False,False,False,0,0,1652.00,1680.00,1644.00,1692.25,1663.25,1682.00,1676.00,1688.00,1668.00
2013-10-14,2013-10-14,2013-10-18,5,30,28112,False,0.00,1684.00,1740.25,1680.75,1737.00,8360851,4.00,16,1708.00,1720.00,1684.00,86,0,0,False,False,False,False,0,0,1700.00,1728.00,1692.00,1700.25,1640.00,1700.00,1668.00,1688.00,1644.00
2013-10-21,2013-10-21,2013-10-25,5,30,28112,False,0.00,1738.00,1755.75,1734.50,1753.75,6957311,4.00,6,1744.00,1756.00,1736.00,67,0,0,False,False,True,True,0,0,1748.00,1752.00,1740.00,1740.25,1680.75,1737.00,1708.00,1720.00,1684.00
2013-10-28,2013-10-28,2013-11-01,5,30,28112,False,0.00,1753.75,1773.25,1747.00,1754.75,7572726,4.00,8,1756.00,1768.00,1748.00,79,0,0,False,False,True,False,0,0,1756.00,1768.00,1748.00,1755.75,1734.50,1753.75,1744.00,1756.00,1736.00
2013-11-04,2013-11-04,2013-11-08,5,30,28112,False,0.00,1754.00,1774.50,1736.50,1766.75,8312482,4.00,10,1760.00,1772.00,1752.00,82,0,0,False,False,False,False,0,0,1756.00,1768.00,1748.00,1773.25,1747.00,1754.75,1756.00,1768.00,1748.00
2013-11-11,2013-11-11,2013-11-15,5,30,28112,False,0.00,1767.00,1796.00,1754.25,1794.25,6810382,4.00,12,1764.00,1784.00,1756.00,75,0,0,False,False,False,False,0,0,1764.00,1784.00,1756.00,1774.50,1736.50,1766.75,1760.00,1772.00,1752.00
2013-11-18,2013-11-18,2013-11-22,5,30,28112,False,0.00,1793.50,1803.25,1774.50,1801.25,7812188,4.00,8,1788.00,1800.00,1780.00,70,0,0,False,False,True,True,0,0,1788.00,1800.00,1780.00,1796.00,1754.25,1794.25,1764.00,1784.00,1756.00
2013-11-25,2013-11-25,2013-11-29,4,23,28112,False,0.00,1802.00,1812.50,1798.50,1804.25,3704371,4.00,5,1804.00,1808.00,1796.00,49,0,0,False,False,False,True,0,0,1804.00,1808.00,1796.00,1803.25,1774.50,1801.25,1788.00,1800.00,1780.00
2013-12-02,2013-12-02,2013-12-06,5,30,28112,False,0.00,1806.25,1809.00,1777.75,1805.75,8339158,4.00,9,1792.00,1804.00,1784.00,79,0,0,False,False,False,False,0,0,1788.00,1808.00,1788.00,1812.50,1798.50,1804.25,1804.00,1808.00,1796.00
2013-12-09,2013-12-09,2013-12-13,5,30,28112,False,0.00,1806.50,1811.50,1771.75,1773.25,5598925,4.00,11,1776.00,1812.00,1768.00,71,0,0,False,False,True,True,0,0,1776.00,1812.00,1776.00,1809.00,1777.75,1805.75,1792.00,1804.00,1784.00
2013-12-16,2013-12-16,2013-12-20,5,30,382206,True,-6.00,1768.75,1818.00,1754.00,1817.25,7326862,4.00,17,1776.00,1804.00,1760.00,90,0,2,False,False,True,False,0,0,1776.00,1804.00,1768.00,1805.50,1765.75,1767.25,1770.00,1806.00,1762.00
2013-12-23,2013-12-23,2013-12-27,4,20,382206,False,0.00,1817.00,1840.00,1816.75,1836.75,2107745,4.00,7,1820.00,1840.00,1820.00,40,0,0,False,False,False,True,0,0,1820.00,1840.00,1820.00,1818.00,1754.00,1817.25,1776.00,1804.00,1760.00
2013-12-30,2013-12-30,2014-01-03,4,21,382206,False,0.00,1836.00,1846.50,1820.50,1823.25,3391958,4.00,7,1832.00,1844.00,1824.00,51,0,0,False,False,False,True,0,0,1824.00,1836.00,1824.00,1840.00,1816.75,1836.75,1820.00,1840.00,1820.00
2014-01-06,2014-01-06,2014-01-10,5,30,382206,False,0.00,1824.00,1842.50,1817.25,1838.50,6617785,4.00,7,1832.00,1836.00,1824.00,78,0,0,False,False,False,True,0,0,1828.00,1840.00,1828.00,1846.50,1820.50,1823.25,1832.00,1844.00,1824.00
2014-01-13,2014-01-13,2014-01-17,5,30,382206,False,0.00,1838.50,1845.75,1809.50,1833.75,6663181,4.00,10,1836.00,1848.00,1828.00,72,0,0,False,False,True,False,0,0,1836.00,1848.00,1828.00,1842.50,1817.25,1838.50,1832.00,1836.00,1824.00
2014-01-20,2014-01-21,2014-01-24,4,24,382206,False,0.00,1834.00,1844.00,1780.00,1780.25,6552133,4.00,17,1836.00,1848.00,1820.00,75,0,0,False,True,True,False,0,0,1836.00,1840.00,1796.00,1845.75,1809.50,1833.75,1836.00,1848.00,1828.00
2014-01-27,2014-01-27,2014-01-31,5,30,382206,False,0.00,1781.75,1801.25,1761.25,1777.00,11401502,4.00,11,1780.00,1792.00,1772.00,114,0,0,False,False,False,False,0,0,1780.00,1792.00,1772.00,1844.00,1780.00,1780.25,1836.00,1848.00,1820.00
2014-02-03,2014-02-03,2014-02-07,5,30,382206,False,0.00,1777.50,1794.00,1732.00,1793.50,11472332,4.00,16,1740.00,1776.00,1732.00,105,0,0,False,False,False,True,0,0,1744.00,1772.00,1736.00,1801.25,1761.25,1777.00,1780.00,1792.00,1772.00
2014-02-10,2014-02-10,2014-02-14,5,30,382206,False,0.00,1793.00,1838.75,1786.25,1834.00,7263738,4.00,14,1812.00,1824.00,1788.00,79,0,0,False,False,False,True,0,0,1812.00,1832.00,1796.00,1794.00,1732.00,1793.50,1740.00,1776.00,1732.00
2014-02-17,2014-02-18,2014-02-21,4,24,382206,False,0.00,1836.25,1844.50,1817.25,1833.50,5757964,4.00,8,1836.00,1848.00,1820.00,68,0,0,False,False,True,True,0,0,1836.00,1848.00,1828.00,1838.75,1786.25,1834.00,1812.00,1824.00,1788.00
2014-02-24,2014-02-24,2014-02-28,5,30,382206,False,0.00,1835.25,1866.50,1829.25,1860.75,8326013,4.00,10,1844.00,1856.00,1836.00,86,0,0,False,False,False,True,0,0,1844.00,1856.00,1836.00,1844.50,1817.25,1833.50,1836.00,1848.00,1820.00
2014-03-03,2014-03-03,2014-03-07,5,30,382206,False,0.00,1846.00,1887.50,1832.25,1876.75,8311749,4.00,14,1872.00,1884.00,1848.00,84,0,0,False,False,False,True,0,0,1872.00,1884.00,1856.00,1866.50,1829.25,1860.75,1844.00,1856.00,1836.00
2014-03-10,2014-03-10,2014-03-14,5,30,382206,False,0.00,1875.50,1882.25,1839.00,1839.50,6700237,4.00,12,1872.00,1884.00,1856.00,89,0,0,False,False,True,True,0,0,1864.00,1876.00,1848.00,1887.50,1832.25,1876.75,1872.00,1884.00,1848.00
2014-03-17,2014-03-17,2014-03-21,5,30,8347,True,-7.00,1832.50,1876.75,1823.50,1857.25,7492439,4.00,15,1860.00,1872.00,1844.00,90,0,2,False,False,False,False,0,0,1860.00,1872.00,1852.00,1875.25,1832.00,1832.50,1865.00,1877.00,1849.00
2014-03-24,2014-03-24,2014-03-28,5,30,8347,False,0.00,1855.50,1868.75,1834.00,1850.00,8909470,4.00,10,1848.00,1860.00,1840.00,87,0,0,False,False,False,True,0,0,1848.00,1860.00,1840.00,1876.75,1823.50,1857.25,1860.00,1872.00,1844.00
2014-03-31,2014-03-31,2014-04-04,5,30,8347,False,0.00,1855.00,1892.50,1855.00,1861.50,7689230,4.00,11,1880.00,1892.00,1864.00,76,0,0,False,False,False,True,0,0,1880.00,1884.00,1856.00,1868.75,1834.00,1850.00,1848.00,1860.00,1840.00
2014-04-07,2014-04-07,2014-04-11,5,30,8347,False,0.00,1861.00,1867.50,1807.25,1811.50,10338083,4.00,16,1840.00,1868.00,1824.00,96,0,0,False,True,True,False,0,0,1836.00,1864.00,1828.00,1892.50,1855.00,1861.50,1880.00,1892.00,1864.00
2014-04-14,2014-04-14,2014-04-17,4,24,8347,False,0.00,1806.00,1863.75,1803.25,1857.50,7379750,4.00,16,1844.00,1856.00,1820.00,81,0,0,False,False,True,False,0,0,1820.00,1848.00,1812.00,1867.50,1807.25,1811.50,1840.00,1868.00,1824.00
2014-04-21,2014-04-21,2014-04-25,5,30,8347,False,0.00,1859.25,1882.50,1853.00,1860.25,5716483,4.00,8,1860.00,1880.00,1860.00,72,0,0,False,False,True,True,0,0,1868.00,1880.00,1860.00,1863.75,1803.25,1857.50,1844.00,1856.00,1820.00
2014-04-28,2014-04-28,2014-05-02,5,30,8347,False,0.00,1861.75,1886.00,1844.00,1872.50,7426899,4.00,11,1868.00,1880.00,1860.00,76,0,0,False,False,True,True,0,0,1872.00,1884.00,1864.00,1882.50,1853.00,1860.25,1860.00,1880.00,1860.00
2014-05-05,2014-05-05,2014-05-09,5,30,8347,False,0.00,1875.50,1884.75,1854.50,1874.75,7777023,4.00,9,1868.00,1880.00,1860.00,82,0,2,False,False,False,False,0,0,1868.00,1880.00,1860.00,1886.00,1844.00,1872.50,1868.00,1880.00,1860.00
2014-05-12,2014-05-12,2014-05-16,5,30,8347,False,0.00,1874.00,1898.50,1859.00,1875.25,7199564,4.00,11,1892.00,1896.00,1868.00,70,0,0,False,False,True,False,0,0,1864.00,1892.00,1856.00,1884.75,1854.50,1874.75,1868.00,1880.00,1860.00
2014-05-19,2014-05-19,2014-05-23,5,30,8347,False,0.00,1876.25,1899.25,1864.75,1896.50,5700714,4.00,9,1880.00,1892.00,1872.00,73,0,0,False,False,True,True,0,0,1880.00,1892.00,1872.00,1898.50,1859.00,1875.25,1892.00,1896.00,1868.00
2014-05-26,2014-05-26,2014-05-30,5,29,8347,False,0.00,1898.00,1922.25,1897.00,1919.00,4105786,4.00,7,1908.00,1920.00,1900.00,53,0,0,False,False,False,True,0,0,1908.00,1920.00,1908.00,1899.25,1864.75,1896.50,1880.00,1892.00,1872.00
2014-06-02,2014-06-02,2014-06-06,5,30,8347,False,0.00,1921.25,1949.75,1913.75,1949.75,5716466,4.00,10,1920.00,1932.00,1912.00,59,0,0,False,False,True,False,0,0,1920.00,1940.00,1912.00,1922.25,1897.00,1919.00,1908.00,1920.00,1900.00
2014-06-09,2014-06-09,2014-06-11,3,18,8347,False,0.00,1949.25,1954.75,1938.50,1944.25,2929627,4.00,5,1948.00,1952.00,1940.00,33,0,0,False,False,False,False,0,0,1944.00,1956.00,1944.00,1949.75,1913.75,1949.75,1920.00,1932.00,1912.00
2014-06-16,2014-06-16,2014-06-20,5,30,111473,True,-7.00,1927.25,1956.75,1919.00,1953.75,5992401,4.00,11,1932.00,1952.00,1916.00,63,0,0,False,False,False,False,0,0,1932.00,1952.00,1924.00,1947.75,1931.50,1937.25,1941.00,1945.00,1933.00
2014-06-23,2014-06-23,2014-06-27,5,30,111473,False,0.00,1952.75,1960.00,1936.25,1952.25,6726360,4.00,7,1948.00,1952.00,1940.00,73,0,0,False,False,False,True,0,0,1948.00,1952.00,1940.00,1956.75,1919.00,1953.75,1932.00,1952.00,1916.00
2014-06-30,2014-06-30,2014-07-04,5,28,111473,False,0.00,1951.75,1978.25,1948.00,1975.50,4415498,4.00,8,1964.00,1976.00,1948.00,57,0,0,False,False,True,True,0,0,1964.00,1976.00,1948.00,1960.00,1936.25,1952.25,1948.00,1952.00,1940.00
2014-07-07,2014-07-07,2014-07-11,5,30,111473,False,0.00,1975.75,1977.50,1945.25,1962.75,7591827,4.00,9,1956.00,1976.00,1956.00,70,0,0,False,False,True,False,0,0,1956.00,1968.00,1948.00,1978.25,1948.00,1975.50,1964.00,1976.00,1948.00
2014-07-14,2014-07-14,2014-07-18,5,30,111473,False,0.00,1962.75,1978.00,1942.50,1971.25,8451377,4.00,10,1968.00,1980.00,1960.00,85,0,2,False,False,True,False,0,0,1968.00,1980.00,1960.00,1977.50,1945.25,1962.75,1956.00,1976.00,1956.00
2014-07-21,2014-07-21,2014-07-25,5,30,111473,False,0.00,1970.25,1985.75,1959.00,1970.75,6422396,4.00,8,1976.00,1988.00,1968.00,64,0,0,False,False,True,False,0,0,1976.00,1988.00,1968.00,1978.00,1942.50,1971.25,1968.00,1980.00,1960.00
2014-07-28,2014-07-28,2014-08-01,5,30,111473,False,0.00,1970.75,1979.50,1910.25,1917.00,10253880,4.00,18,1964.00,1976.00,1924.00,101,0,0,False,False,True,True,0,0,1964.00,1976.00,1924.00,1985.75,1959.00,1970.75,1976.00,1988.00,1968.00
2014-08-04,2014-08-04,2014-08-08,5,30,111473,False,0.00,1919.50,1937.50,1890.25,1923.25,9286686,4.00,13,1912.00,1932.00,1904.00,97,0,0,False,False,False,True,0,0,1920.00,1924.00,1904.00,1979.50,1910.25,1917.00,1964.00,1976.00,1924.00
2014-08-11,2014-08-11,2014-08-15,5,30,111473,False,0.00,1923.50,1961.00,1923.25,1953.75,6292422,4.00,11,1932.00,1952.00,1924.00,75,0,0,False,False,False,True,0,0,1944.00,1948.00,1928.00,1937.50,1890.25,1923.25,1912.00,1932.00,1904.00
2014-08-18,2014-08-18,2014-08-22,5,30,111473,False,0.00,1955.75,1992.00,1955.75,1987.75,4753422,4.00,11,1984.00,1996.00,1968.00,59,0,0,False,False,False,False,0,0,1984.00,1996.00,1976.00,1961.00,1923.25,1953.75,1932.00,1952.00,1924.00
2014-08-25,2014-08-25,2014-08-29,5,29,111473,False,0.00,1990.00,2003.75,1987.50,1998.75,4598158,4.00,5,1996.00,2000.00,1988.00,58,0,0,False,False,True,False,0,0,1996.00,2000.00,1988.00,1992.00,1955.75,1987.75,1984.00,1996.00,1968.00
2014-09-01,2014-09-01,2014-09-05,5,29,111473,False,0.00,1999.00,2011.00,1988.25,2007.50,5654453,4.00,6,2000.00,2004.00,1992.00,68,0,0,False,False,True,True,0,0,2000.00,2012.00,1992.00,2003.75,1987.50,1998.75,1996.00,2000.00,1988.00
2014-09-08,2014-09-08,2014-09-12,5,30,111473,False,0.00,2006.50,2006.75,1979.50,1984.00,6016537,4.00,8,1992.00,2004.00,1984.00,77,0,0,False,False,True,False,0,0,1992.00,1996.00,1984.00,2011.00,1988.25,2007.50,2000.00,2004.00,1992.00
2014-09-15,2014-09-15,2014-09-19,5,30,28095,True,-8.00,1973.75,2014.50,1964.00,2000.25,7099942,4.00,13,1992.00,2012.00,1976.00,74,0,0,False,False,True,False,0,0,2000.00,2012.00,1984.00,1998.75,1971.50,1976.00,1984.00,1996.00,1976.00
2014-09-22,2014-09-22,2014-09-26,2,9,28095,False,0.00,2002.00,2003.00,1956.50,1974.25,3099297,4.00,12,1992.00,2004.00,1968.00,27,0,0,False,False,False,True,0,2,1984.00,1996.00,1960.00,2014.50,1964.00,2000.25,1992.00,2012.00,1976.00
2014-09-29,2014-09-29,2014-10-03,5,30,28095,False,0.00,1974.75,1978.25,1918.25,1959.75,10465869,4.00,16,1968.00,1980.00,1944.00,95,0,4,False,False,True,False,0,0,1964.00,1976.00,1940.00,2003.00,1956.50,1974.25,1992.00,2004.00,1968.00
2014-10-06,2014-10-06,2014-10-10,5,30,28095,False,0.00,1961.00,1971.00,1893.25,1894.25,12551852,4.00,20,1924.00,1960.00,1916.00,122,0,0,False,True,True,False,0,0,1924.00,1960.00,1916.00,1978.25,1918.25,1959.75,1968.00,1980.00,1944.00
2014-10-13,2014-10-13,2014-10-17,5,30,28095,False,0.00,1892.00,1906.00,1813.00,1880.25,16627202,4.00,24,1868.00,1896.00,1836.00,179,0,0,False,False,True,True,0,0,1872.00,1892.00,1840.00,1971.00,1893.25,1894.25,1924.00,1960.00,1916.00
2014-10-20,2014-10-20,2014-10-24,5,30,28095,False,0.00,1884.00,1961.25,1872.25,1960.50,9507191,4.00,23,1936.00,1964.00,1912.00,115,0,0,False,False,False,False,0,0,1944.00,1956.00,1920.00,1906.00,1813.00,1880.25,1868.00,1896.00,1836.00
2014-10-27,2014-10-27,2014-10-31,5,30,28095,False,0.00,1960.25,2016.75,1944.50,2009.25,8791559,4.00,19,1972.00,1992.00,1956.00,108,0,0,False,False,False,True,0,0,1976.00,1988.00,1952.00,1961.25,1872.25,1960.50,1936.00,1964.00,1912.00
2014-11-03,2014-11-03,2014-11-07,5,30,28095,False,0.00,2011.25,2033.50,1995.25,2025.75,7151575,4.00,11,2008.00,2028.00,2008.00,87,0,2,False,False,True,False,0,0,2012.00,2024.00,2004.00,2016.75,1944.50,2009.25,1972.00,1992.00,1956.00
2014-11-10,2014-11-10,2014-11-14,5,30,28095,False,0.00,2025.75,2043.75,2021.00,2039.25,5376602,4.00,6,2032.00,2044.00,2024.00,72,0,0,False,False,True,True,0,0,2032.00,2044.00,2032.00,2033.50,1995.25,2025.75,2008.00,2028.00,2008.00
2014-11-17,2014-11-17,2014-11-21,5,30,28095,False,0.00,2038.50,2072.25,2025.25,2061.75,6079721,4.00,13,2044.00,2056.00,2028.00,85,0,0,False,False,False,True,0,0,2044.00,2064.00,2036.00,2043.75,2021.00,2039.25,2032.00,2044.00,2024.00
2014-11-24,2014-11-24,2014-11-28,5,28,28095,False,0.00,2062.25,2075.25,2060.75,2066.75,3265292,4.00,4,2068.00,2072.00,2060.00,56,0,0,False,False,True,True,0,0,2064.00,2076.00,2064.00,2072.25,2025.25,2061.75,2044.00,2056.00,2028.00
2014-12-01,2014-12-01,2014-12-05,5,30,28095,False,0.00,2063.25,2079.00,2048.25,2076.50,5986076,4.00,8,2068.00,2080.00,2052.00,74,0,0,False,False,True,True,0,0,2072.00,2076.00,2056.00,2075.25,2060.75,2066.75,2068.00,2072.00,2060.00
2014-12-08,2014-12-08,2014-12-12,5,30,28095,False,0.00,2075.75,2077.50,1996.50,1999.50,8048363,4.00,21,2028.00,2064.00,2020.00,117,0,0,False,True,True,False,0,0,2040.00,2060.00,2024.00,2079.00,2048.25,2076.50,2068.00,2080.00,2052.00
2014-12-15,2014-12-15,2014-12-19,5,30,50393,True,-6.75,1992.00,2076.25,1961.50,2063.75,11127979,4.00,30,1988.00,2024.00,1960.00,143,0,0,False,False,False,True,4,0,1984.00,2036.00,1960.00,2070.75,1989.75,1992.75,2021.25,2057.25,2013.25
2014-12-22,2014-12-22,2014-12-26,4,23,50393,False,0.00,2065.00,2088.75,2064.00,2085.50,2165588,4.00,7,2080.00,2084.00,2064.00,48,0,0,False,False,False,True,0,0,2080.00,2084.00,2064.00,2076.25,1961.50,2063.75,1988.00,2024.00,1960.00
2014-12-29,2014-12-29,2015-01-02,3,18,50393,False,0.00,2086.00,2088.75,2038.75,2046.25,2707667,4.00,14,2084.00,2092.00,2060.00,50,0,0,False,False,True,False,0,0,2084.00,2088.00,2044.00,2088.75,2064.00,2085.50,2080.00,2084.00,2064.00
2015-01-05,2015-01-05,2015-01-09,5,30,50393,False,0.00,2045.75,2062.00,1984.25,2033.50,9581853,4.00,20,2016.00,2052.00,2000.00,113,0,0,False,False,False,False,0,0,2016.00,2044.00,1992.00,2088.75,2038.75,2046.25,2084.00,2092.00,2060.00
2015-01-12,2015-01-12,2015-01-16,5,30,50393,False,0.00,2034.50,2051.75,1970.25,2014.00,10872660,4.00,21,2004.00,2024.00,1980.00,165,0,0,False,False,True,False,0,0,1992.00,2020.00,1984.00,2062.00,1984.25,2033.50,2016.00,2052.00,2000.00
2015-01-19,2015-01-19,2015-01-23,5,29,50393,False,0.00,2013.50,2062.50,1997.50,2043.25,6626088,4.00,17,2016.00,2036.00,2000.00,110,0,0,False,False,True,False,0,0,2052.00,2056.00,2012.00,2051.75,1970.25,2014.00,2004.00,2024.00,1980.00
2015-01-26,2015-01-26,2015-01-30,5,30,50393,False,0.00,2035.00,2055.00,1982.00,1989.75,9759366,4.00,19,2032.00,2044.00,1992.00,131,0,0,False,False,True,False,0,0,1996.00,2032.00,1988.00,2062.50,1997.50,2043.25,2016.00,2036.00,2000.00
2015-02-02,2015-02-02,2015-02-06,5,30,50393,False,0.00,1990.50,2068.00,1973.75,2056.00,8489543,4.00,25,2036.00,2064.00,2012.00,119,0,2,False,False,False,False,0,0,2036.00,2064.00,2020.00,2055.00,1982.00,1989.75,2032.00,2044.00,1992.00
2015-02-09,2015-02-09,2015-02-13,5,30,50393,False,0.00,2050.00,2095.00,2036.50,2094.75,6588878,4.00,15,2044.00,2072.00,2036.00,92,0,0,False,False,True,True,0,0,2060.00,2080.00,2036.00,2068.00,1973.75,2056.00,2036.00,2064.00,2012.00
2015-02-16,2015-02-16,2015-02-20,5,29,50393,False,0.00,2091.25,2108.75,2080.75,2107.25,5069851,4.00,8,2092.00,2104.00,2084.00,72,0,0,True,False,False,True,0,0,2092.00,2096.00,2084.00,2095.00,2036.50,2094.75,2044.00,2072.00,2036.00
2015-02-23,2015-02-23,2015-02-27,5,30,50393,False,0.00,2107.25,2117.75,2099.75,2104.50,5237768,4.00,6,2108.00,2112.00,2100.00,68,0,0,False,False,True,False,0,0,2108.00,2112.00,2100.00,2108.75,2080.75,2107.25,2092.00,2104.00,2084.00
2015-03-02,2015-03-02,2015-03-06,5,30,50393,False,0.00,2104.00,2115.50,2065.50,2072.25,6837336,4.00,13,2096.00,2116.00,2096.00,79,0,0,False,False,True,False,0,0,2096.00,2116.00,2088.00,2117.75,2099.75,2104.50,2108.00,2112.00,2100.00
2015-03-09,2015-03-09,2015-03-13,5,30,50393,False,0.00,2073.50,2082.50,2038.25,2050.75,6261141,4.00,12,2044.00,2072.00,2036.00,91,0,0,False,False,True,True,0,0,2044.00,2064.00,2036.00,2115.50,2065.50,2072.25,2096.00,2116.00,2096.00
2015-03-16,2015-03-16,2015-03-20,5,30,85974,True,-7.75,2043.00,2106.75,2037.25,2099.75,6517771,4.00,18,2064.00,2092.00,2056.00,92,0,0,False,False,True,False,0,0,2064.00,2092.00,2056.00,2074.75,2030.50,2043.00,2036.25,2064.25,2028.25
2015-03-23,2015-03-23,2015-03-27,5,30,85974,False,0.00,2097.75,2107.00,2033.25,2052.25,6921063,4.00,19,2052.00,2096.00,2036.00,99,0,0,False,False,True,True,2,0,2048.00,2092.00,2040.00,2106.75,2037.25,2099.75,2064.00,2092.00,2056.00
2015-03-30,2015-03-30,2015-04-03,5,28,85974,False,0.00,2052.75,2081.75,2033.50,2039.75,5763379,4.00,13,2060.00,2072.00,2044.00,99,0,0,False,False,True,False,0,0,2056.00,2076.00,2048.00,2107.00,2033.25,2052.25,2052.00,2096.00,2036.00
2015-04-06,2015-04-06,2015-04-10,5,30,85974,False,0.00,2039.50,2096.25,2038.75,2095.75,5274003,4.00,16,2072.00,2084.00,2064.00,92,0,0,False,False,False,False,0,3,2072.00,2084.00,2064.00,2081.75,2033.50,2039.75,2060.00,2072.00,2044.00
2015-04-13,2015-04-13,2015-04-17,5,30,85974,False,0.00,2095.25,2105.50,2064.50,2076.25,6298017,4.00,11,2092.00,2104.00,2084.00,87,0,0,False,False,True,True,0,0,2096.00,2100.00,2072.00,2096.25,2038.75,2095.75,2072.00,2084.00,2064.00
2015-04-20,2015-04-20,2015-04-24,5,30,85974,False,0.00,2081.00,2114.75,2078.50,2111.75,5657752,4.00,10,2092.00,2112.00,2084.00,91,0,0,False,False,True,False,0,0,2092.00,2112.00,2092.00,2105.50,2064.50,2076.25,2092.00,2104.00,2084.00
2015-04-27,2015-04-27,2015-05-01,5,30,85974,False,0.00,2113.25,2119.75,2070.25,2102.25,7450086,4.00,13,2096.00,2116.00,2088.00,92,0,3,False,False,True,False,0,0,2100.00,2112.00,2084.00,2114.75,2078.50,2111.75,2092.00,2112.00,2084.00
2015-05-04,2015-05-04,2015-05-08,5,30,85974,False,0.00,2101.75,2115.00,2057.00,2107.75,7149901,4.00,15,2084.00,2112.00,2068.00,98,0,0,False,False,True,True,0,0,2108.00,2112.00,2076.00,2119.75,2070.25,2102.25,2096.00,2116.00,2088.00
2015-05-11,2015-05-11,2015-05-15,5,30,85974,False,0.00,2110.00,2122.75,2079.25,2120.00,6070180,4.00,12,2096.00,2116.00,2088.00,86,0,0,False,False,True,True,0,0,2092.00,2120.00,2092.00,2115.00,2057.00,2107.75,2084.00,2112.00,2068.00
2015-05-18,2015-05-18,2015-05-22,5,30,85974,False,0.00,2119.25,2134.00,2112.25,2124.50,4465066,4.00,6,2124.00,2136.00,2116.00,78,0,0,False,False,True,True,0,0,2124.00,2128.00,2116.00,2122.75,2079.25,2120.00,2096.00,2116.00,2088.00
2015-05-25,2015-05-25,2015-05-29,5,29,85974,False,0.00,2124.50,2127.00,2096.00,2106.00,5616343,4.00,8,2116.00,2128.00,2108.00,77,0,0,False,False,True,True,0,0,2112.00,2124.00,2104.00,2134.00,2112.25,2124.50,2124.00,2136.00,2116.00
2015-06-01,2015-06-01,2015-06-05,5,30,85974,False,0.00,2107.00,2120.75,2083.50,2091.50,7213850,4.00,11,2108.00,2120.00,2100.00,95,0,2,False,False,False,False,0,0,2108.00,2112.00,2092.00,2127.00,2096.00,2106.00,2116.00,2128.00,2108.00
2015-06-08,2015-06-08,2015-06-12,5,30,85974,False,0.00,2092.00,2114.75,2068.75,2093.25,5620329,4.00,12,2104.00,2108.00,2080.00,84,0,0,False,False,True,True,0,0,2104.00,2116.00,2080.00,2120.75,2083.50,2091.50,2108.00,2120.00,2100.00
2015-06-15,2015-06-15,2015-06-19,5,30,58738,True,-8.25,2078.75,2119.25,2062.00,2097.00,6480125,4.00,15,2072.00,2100.00,2064.00,91,0,0,False,False,True,True,0,0,2112.00,2116.00,2080.00,2106.50,2060.50,2085.00,2095.75,2099.75,2071.75
2015-06-22,2015-06-22,2015-06-26,5,30,58738,False,0.00,2105.75,2122.00,2086.25,2095.50,5611957,4.00,10,2112.00,2124.00,2096.00,84,0,0,False,False,True,False,0,0,2112.00,2124.00,2096.00,2119.25,2062.00,2097.00,2072.00,2100.00,2064.00
2015-06-29,2015-06-29,2015-07-03,5,29,58738,False,0.00,2064.00,2083.25,2046.75,2067.00,7493400,4.00,10,2068.00,2072.00,2052.00,102,0,0,False,False,True,True,0,0,2064.00,2076.00,2056.00,2122.00,2086.25,2095.50,2112.00,2124.00,2096.00
2015-07-06,2015-07-06,2015-07-10,5,30,58738,False,0.00,2037.25,2078.00,2034.25,2070.50,10325564,4.00,12,2056.00,2076.00,2040.00,127,0,0,False,False,True,True,0,0,2056.00,2068.00,2040.00,2083.25,2046.75,2067.00,2068.00,2072.00,2052.00
2015-07-13,2015-07-13,2015-07-17,5,30,58738,False,0.00,2054.75,2120.00,2052.00,2119.75,5412511,4.00,18,2112.00,2124.00,2088.00,77,0,2,False,False,False,False,0,2,2112.00,2124.00,2096.00,2078.00,2034.25,2070.50,2056.00,2076.00,2040.00
2015-07-20,2015-07-20,2015-07-24,5,30,58738,False,0.00,2118.00,2126.25,2069.75,2078.75,6467829,4.00,15,2108.00,2128.00,2100.00,82,0,0,False,False,True,False,0,2,2104.00,2124.00,2096.00,2120.00,2052.00,2119.75,2112.00,2124.00,2088.00
2015-07-27,2015-07-27,2015-07-31,5,30,58738,False,0.00,2078.25,2109.25,2056.50,2099.25,7774203,4.00,14,2100.00,2104.00,2068.00,93,0,0,False,False,False,True,0,0,2100.00,2112.00,2068.00,2126.25,2069.75,2078.75,2108.00,2128.00,2100.00
2015-08-03,2015-08-03,2015-08-07,5,30,58738,False,0.00,2098.75,2107.00,2062.00,2072.50,7411452,4.00,12,2088.00,2100.00,2080.00,92,0,0,False,False,True,True,0,0,2092.00,2096.00,2068.00,2109.25,2056.50,2099.25,2100.00,2104.00,2068.00
2015-08-10,2015-08-10,2015-08-14,5,30,58738,False,0.00,2072.00,2101.75,2046.50,2089.75,7872507,4.00,15,2080.00,2092.00,2064.00,113,0,2,False,False,True,False,0,0,2080.00,2100.00,2072.00,2107.00,2062.00,2072.50,2088.00,2100.00,2080.00
2015-08-17,2015-08-17,2015-08-21,5,30,58738,False,0.00,2089.50,2103.75,1967.25,1968.25,11434109,4.00,35,2092.00,2104.00,2028.00,127,0,0,False,True,True,False,0,2,2092.00,2104.00,2012.00,2101.75,2046.50,2089.75,2080.00,2092.00,2064.00
2015-08-24,2015-08-24,2015-08-28,5,30,58738,False,0.00,1964.50,1992.75,1831.00,1986.25,17258308,4.00,42,1908.00,1952.00,1868.00,288,0,5,False,False,False,False,0,0,1980.00,1992.00,1900.00,2103.75,1967.25,1968.25,2092.00,2104.00,2028.00
2015-08-31,2015-08-31,2015-09-04,5,30,58738,False,0.00,1986.25,1987.75,1898.75,1918.00,10975381,4.00,23,1928.00,1964.00,1912.00,174,0,2,False,False,False,False,0,0,1920.00,1956.00,1912.00,1992.75,1831.00,1986.25,1908.00,1952.00,1868.00
2015-09-07,2015-09-07,2015-09-11,5,29,58738,False,0.00,1916.75,1992.00,1915.75,1962.00,5962712,4.00,21,1952.00,1964.00,1928.00,149,0,3,False,False,False,False,0,0,1948.00,1968.00,1940.00,1987.75,1898.75,1918.00,1928.00,1964.00,1912.00
2015-09-14,2015-09-14,2015-09-18,5,30,13950,True,-10.00,1953.75,2011.75,1935.25,1950.25,7911157,4.00,20,1944.00,1988.00,1944.00,120,4,0,False,False,False,False,0,0,1956.00,1984.00,1940.00,1982.00,1905.75,1952.00,1942.00,1954.00,1918.00
2015-09-21,2015-09-21,2015-09-25,5,30,13950,False,0.00,1949.25,1969.00,1897.25,1915.25,9204171,4.00,19,1928.00,1948.00,1912.00,152,0,0,False,False,False,False,0,0,1920.00,1940.00,1904.00,2011.75,1935.25,1950.25,1944.00,1988.00,1944.00
2015-09-28,2015-09-28,2015-10-02,5,30,13950,False,0.00,1915.50,1943.75,1861.00,1943.00,11403848,4.00,21,1912.00,1924.00,1880.00,159,0,0,True,False,False,True,0,0,1900.00,1912.00,1876.00,1969.00,1897.25,1915.25,1928.00,1948.00,1912.00
2015-10-05,2015-10-05,2015-10-09,5,30,13950,False,0.00,1941.00,2014.00,1937.25,2006.50,8370762,4.00,20,1972.00,2000.00,1948.00,116,0,0,False,False,True,True,0,0,1980.00,1992.00,1964.00,1943.75,1861.00,1943.00,1912.00,1924.00,1880.00
2015-10-12,2015-10-12,2015-10-16,5,30,13950,False,0.00,2005.25,2026.50,1982.50,2026.25,7120465,4.00,12,2004.00,2016.00,1988.00,91,0,0,False,False,False,False,0,0,1992.00,2020.00,1992.00,2014.00,1937.25,2006.50,1972.00,2000.00,1948.00
2015-10-19,2015-10-19,2015-10-23,5,30,13950,False,0.00,2024.50,2074.50,2007.50,2065.00,8477729,4.00,18,2020.00,2040.00,2012.00,102,0,0,False,False,True,False,0,0,2020.00,2048.00,2012.00,2026.50,1982.50,2026.25,2004.00,2016.00,1988.00
2015-10-26,2015-10-26,2015-10-30,5,30,13950,False,0.00,2066.00,2094.75,2051.25,2074.00,7456453,4.00,12,2060.00,2088.00,2060.00,91,0,0,False,False,True,False,0,0,2080.00,2084.00,2056.00,2074.50,2007.50,2065.00,2020.00,2040.00,2012.00
2015-11-02,2015-11-02,2015-11-06,5,30,13950,False,0.00,2073.00,2110.25,2064.25,2093.50,7534581,4.00,12,2092.00,2104.00,2084.00,92,0,0,False,False,True,True,0,0,2092.00,2104.00,2084.00,2094.75,2051.25,2074.00,2060.00,2088.00,2060.00
2015-11-09,2015-11-09,2015-11-13,5,30,13950,False,0.00,2092.00,2097.75,2011.50,2013.00,8221020,4.00,23,2072.00,2100.00,2056.00,99,0,0,False,True,True,False,0,0,2072.00,2084.00,2040.00,2110.25,2064.25,2093.50,2092.00,2104.00,2084.00
2015-11-16,2015-11-16,2015-11-20,5,30,13950,False,0.00,2006.50,2094.50,1998.50,2088.75,7391731,4.00,25,2048.00,2092.00,2032.00,104,0,2,False,False,True,False,0,0,2076.00,2096.00,2044.00,2097.75,2011.50,2013.00,2072.00,2100.00,2056.00
2015-11-23,2015-11-23,2015-11-27,5,28,13950,False,0.00,2089.75,2098.25,2065.50,2090.50,3863268,4.00,9,2084.00,2096.00,2076.00,80,0,0,False,False,True,True,0,0,2084.00,2096.00,2076.00,2094.50,1998.50,2088.75,2048.00,2092.00,2032.00
2015-11-30,2015-11-30,2015-12-04,5,30,13950,False,0.00,2089.50,2105.00,2040.00,2088.50,9345159,4.00,17,2084.00,2104.00,2076.00,109,0,0,False,False,True,False,0,0,2084.00,2096.00,2068.00,2098.25,2065.50,2090.50,2084.00,2096.00,2076.00
2015-12-07,2015-12-07,2015-12-11,5,30,13950,False,0.00,2092.25,2095.50,2005.00,2007.00,8394133,4.00,23,2048.00,2084.00,2040.00,131,0,0,False,True,True,False,0,0,2060.00,2080.00,2044.00,2105.00,2040.00,2088.50,2084.00,2104.00,2076.00
2015-12-14,2015-12-14,2015-12-18,5,30,49705,True,-8.50,1999.50,2072.75,1983.25,1994.75,9214249,4.00,24,2012.00,2048.00,1996.00,143,0,2,False,False,False,False,0,0,2040.00,2068.00,2008.00,2087.00,1996.50,1998.50,2039.50,2075.50,2031.50
2015-12-21,2015-12-21,2015-12-24,4,23,49705,False,0.00,1997.25,2059.75,1995.25,2050.75,3737009,4.00,17,2012.00,2040.00,1996.00,81,0,0,False,False,True,True,0,0,2008.00,2044.00,1992.00,2072.75,1983.25,1994.75,2012.00,2048.00,1996.00
2015-12-28,2015-12-28,2015-12-31,4,24,49705,False,0.00,2051.25,2075.00,2030.25,2035.75,3264982,4.00,12,2048.00,2068.00,2040.00,70,0,0,False,False,True,False,0,0,2064.00,2076.00,2040.00,2059.75,1995.25,2050.75,2012.00,2040.00,1996.00
2016-01-04,2016-01-04,2016-01-08,5,30,49705,False,0.00,2037.75,2043.50,1910.00,1913.25,11743449,4.00,34,1992.00,2020.00,1944.00,175,2,0,False,True,False,False,0,0,1936.00,1996.00,1912.00,2075.00,2030.25,2035.75,2048.00,2068.00,2040.00
2016-01-11,2016-01-11,2016-01-15,5,30,49705,False,0.00,1909.25,1946.50,1849.25,1876.50,14251668,4.00,25,1908.00,1936.00,1884.00,192,0,2,False,False,True,False,0,0,1916.00,1936.00,1876.00,2043.50,1910.00,1913.25,1992.00,2020.00,1944.00
2016-01-18,2016-01-18,2016-01-22,5,29,49705,False,0.00,1869.75,1907.50,1804.25,1899.25,11514517,4.00,26,1868.00,1896.00,1852.00,179,0,6,False,False,True,False,0,0,1864.00,1900.00,1848.00,1946.50,1849.25,1876.50,1908.00,1936.00,1884.00
2016-01-25,2016-01-25,2016-01-29,5,30,49705,False,0.00,1899.50,1933.00,1851.25,1931.25,10142924,4.00,22,1888.00,1900.00,1872.00,156,0,3,True,False,False,False,0,0,1888.00,1900.00,1872.00,1907.50,1804.25,1899.25,1868.00,1896.00,1852.00
2016-02-01,2016-02-01,2016-02-05,5,30,49705,False,0.00,1929.75,1940.00,1865.00,1873.75,11212804,4.00,20,1908.00,1928.00,1892.00,148,2,0,False,False,False,True,0,0,1904.00,1924.00,1880.00,1933.00,1851.25,1931.25,1888.00,1900.00,1872.00
2016-02-08,2016-02-08,2016-02-12,5,30,49705,False,0.00,1876.25,1884.50,1802.50,1860.00,12964310,4.00,22,1840.00,1860.00,1824.00,182,0,0,False,False,True,False,0,0,1848.00,1860.00,1824.00,1940.00,1865.00,1873.75,1908.00,1928.00,1892.00
2016-02-15,2016-02-15,2016-02-19,5,29,49705,False,0.00,1865.25,1933.50,1865.00,1914.25,7025210,4.00,18,1884.00,1920.00,1876.00,108,0,0,False,False,False,False,0,0,1920.00,1932.00,1896.00,1884.50,1802.50,1860.00,1840.00,1860.00,1824.00
2016-02-22,2016-02-22,2016-02-26,5,30,49705,False,0.00,1911.00,1968.75,1886.75,1941.25,8996092,4.00,22,1932.00,1944.00,1908.00,114,0,0,False,False,False,False,0,0,1936.00,1956.00,1912.00,1933.50,1865.00,1914.25,1884.00,1920.00,1876.00
2016-02-29,2016-02-29,2016-03-04,5,30,49705,False,0.00,1943.00,2007.50,1920.75,1994.75,9326645,4.00,22,1976.00,2004.00,1944.00,123,0,0,False,False,True,True,0,0,1972.00,2008.00,1964.00,1968.75,1886.75,1941.25,1932.00,1944.00,1908.00
2016-03-07,2016-03-07,2016-03-11,5,30,49705,False,0.00,1994.50,2022.25,1967.25,2021.00,7870535,4.00,15,1988.00,2000.00,1980.00,115,0,0,False,False,False,False,0,0,1984.00,1996.00,1976.00,2007.50,1920.75,1994.75,1976.00,2004.00,1944.00
2016-03-14,2016-03-14,2016-03-18,5,30,6505,True,-9.25,2010.00,2042.75,1995.00,2038.75,7513757,4.00,13,2004.00,2024.00,1996.00,90,0,0,False,False,True,True,0,0,2004.00,2032.00,1996.00,2013.00,1958.00,2011.75,1978.75,1990.75,1970.75
2016-03-21,2016-03-21,2016-03-24,4,24,6505,False,0.00,2036.50,2047.50,2012.25,2030.25,5832525,4.00,9,2036.00,2048.00,2028.00,71,0,0,False,False,True,True,0,0,2032.00,2044.00,2024.00,2042.75,1995.00,2038.75,2004.00,2024.00,1996.00
2016-03-28,2016-03-28,2016-04-01,5,30,6505,False,0.00,2030.25,2067.00,2019.25,2064.75,7819415,4.00,13,2048.00,2060.00,2032.00,92,0,0,False,False,True,False,0,0,2052.00,2064.00,2036.00,2047.50,2012.25,2030.25,2036.00,2048.00,2028.00
2016-04-04,2016-04-04,2016-04-08,5,30,6505,False,0.00,2064.00,2071.50,2026.00,2041.75,8876377,4.00,12,2044.00,2064.00,2036.00,101,0,0,False,False,True,False,0,0,2040.00,2052.00,2032.00,2067.00,2019.25,2064.75,2048.00,2060.00,2032.00
2016-04-11,2016-04-11,2016-04-15,5,30,6505,False,0.00,2041.00,2081.75,2029.25,2074.75,7679562,4.00,14,2072.00,2084.00,2040.00,91,0,0,False,False,True,False,0,0,2072.00,2084.00,2048.00,2071.50,2026.00,2041.75,2044.00,2064.00,2036.00
2016-04-18,2016-04-18,2016-04-22,5,30,6505,False,0.00,2064.25,2105.25,2058.50,2086.00,7518763,4.00,13,2088.00,2100.00,2080.00,88,0,0,False,False,True,False,0,0,2084.00,2104.00,2084.00,2081.75,2029.25,2074.75,2072.00,2084.00,2040.00
2016-04-25,2016-04-25,2016-04-29,5,30,6505,False,0.00,2091.50,2094.25,2045.75,2060.25,8218737,4.00,13,2084.00,2088.00,2068.00,102,0,0,False,False,True,True,0,0,2080.00,2092.00,2064.00,2105.25,2058.50,2086.00,2088.00,2100.00,2080.00
2016-05-02,2016-05-02,2016-05-06,5,30,6505,False,0.00,2060.75,2077.50,2030.50,2054.25,7898229,4.00,13,2052.00,2064.00,2036.00,94,0,0,False,False,True,False,0,0,2040.00,2060.00,2040.00,2094.25,2045.75,2060.25,2084.00,2088.00,2068.00
2016-05-09,2016-05-09,2016-05-13,5,30,6505,False,0.00,2053.00,2079.75,2038.50,2042.50,7868721,4.00,11,2056.00,2068.00,2048.00,90,0,0,False,False,True,False,0,0,2052.00,2072.00,2052.00,2077.50,2030.50,2054.25,2052.00,2064.00,2036.00
2016-05-16,2016-05-16,2016-05-20,5,30,6505,False,0.00,2041.25,2069.50,2022.00,2050.00,9080000,4.00,13,2044.00,2056.00,2028.00,98,0,0,False,False,True,False,0,0,2048.00,2060.00,2032.00,2079.75,2038.50,2042.50,2056.00,2068.00,2048.00
2016-05-23,2016-05-23,2016-05-27,5,30,6505,False,0.00,2053.25,2098.75,2041.25,2098.50,6178708,4.00,15,2088.00,2100.00,2048.00,76,0,0,False,False,False,True,0,0,2088.00,2100.00,2064.00,2069.50,2022.00,2050.00,2044.00,2056.00,2028.00
2016-05-30,2016-05-30,2016-06-03,5,29,6505,False,0.00,2100.00,2106.00,2082.75,2097.25,5872464,4.00,7,2096.00,2108.00,2088.00,77,0,0,False,False,True,True,0,0,2092.00,2104.00,2092.00,2098.75,2041.25,2098.50,2088.00,2100.00,2048.00
2016-06-06,2016-06-06,2016-06-10,5,30,6505,False,0.00,2097.50,2119.75,2088.50,2095.75,5284192,4.00,8,2108.00,2120.00,2100.00,81,0,0,False,False,True,True,0,0,2108.00,2120.00,2108.00,2106.00,2082.75,2097.25,2096.00,2108.00,2088.00
2016-06-13,2016-06-13,2016-06-17,5,30,2615,True,-9.25,2080.00,2089.25,2040.75,2059.75,9358894,4.00,13,2064.00,2076.00,2056.00,102,0,0,False,False,False,False,0,0,2060.00,2080.00,2052.00,2110.50,2079.25,2086.50,2098.75,2110.75,2090.75
2016-06-20,2016-06-20,2016-06-24,5,30,2615,False,0.00,2071.00,2119.50,1999.00,2018.25,9826378,4.00,31,2080.00,2100.00,2040.00,154,0,0,False,False,False,False,0,0,2080.00,2108.00,2048.00,2089.25,2040.75,2059.75,2064.00,2076.00,2056.00
2016-06-27,2016-06-27,2016-07-01,5,30,2615,False,0.00,2013.75,2100.75,1981.50,2096.25,11223734,4.00,31,2008.00,2068.00,1980.00,117,0,0,False,False,False,True,2,0,2008.00,2068.00,1984.00,2119.50,1999.00,2018.25,2080.00,2100.00,2040.00
2016-07-04,2016-07-04,2016-07-08,5,29,2615,False,0.00,2099.75,2125.50,2065.75,2120.75,7496522,4.00,16,2092.00,2104.00,2076.00,102,0,0,False,False,False,True,0,0,2076.00,2104.00,2068.00,2100.75,1981.50,2096.25,2008.00,2068.00,1980.00
2016-07-11,2016-07-11,2016-07-15,5,30,2615,False,0.00,2120.25,2168.00,2120.00,2146.00,8017859,4.00,13,2144.00,2164.00,2136.00,96,0,0,False,False,False,True,0,0,2144.00,2164.00,2136.00,2125.50,2065.75,2120.75,2092.00,2104.00,2076.00
2016-07-18,2016-07-18,2016-07-22,5,30,2615,False,0.00,2154.50,2170.25,2151.25,2167.50,5877250,4.00,6,2156.00,2168.00,2156.00,74,0,0,False,False,True,False,0,0,2156.00,2168.00,2156.00,2168.00,2120.00,2146.00,2144.00,2164.00,2136.00
2016-07-25,2016-07-25,2016-07-29,5,30,2615,False,0.00,2167.75,2172.50,2152.00,2171.00,7780006,4.00,6,2164.00,2168.00,2156.00,84,0,0,False,False,False,True,0,0,2160.00,2172.00,2160.00,2170.25,2151.25,2167.50,2156.00,2168.00,2156.00
2016-08-01,2016-08-01,2016-08-05,5,30,2615,False,0.00,2174.00,2178.50,2141.50,2177.50,7558427,4.00,10,2156.00,2176.00,2148.00,78,0,0,False,False,True,True,0,0,2160.00,2172.00,2144.00,2172.50,2152.00,2171.00,2164.00,2168.00,2156.00
2016-08-08,2016-08-08,2016-08-12,5,30,2615,False,0.00,2176.00,2185.25,2167.75,2181.25,6069305,4.00,6,2176.00,2180.00,2168.00,64,0,0,False,False,True,False,0,0,2176.00,2188.00,2176.00,2178.50,2141.50,2177.50,2156.00,2176.00,2148.00
2016-08-15,2016-08-15,2016-08-19,5,30,2615,False,0.00,2180.75,2190.75,2165.50,2182.50,6764828,4.00,7,2180.00,2184.00,2172.00,69,0,0,False,False,True,False,0,0,2176.00,2188.00,2176.00,2185.25,2167.75,2181.25,2176.00,2180.00,2168.00
2016-08-22,2016-08-22,2016-08-26,5,30,2615,False,0.00,2181.75,2191.50,2157.50,2167.25,8146261,4.00,9,2180.00,2192.00,2172.00,75,0,0,False,False,True,False,0,0,2180.00,2184.00,2164.00,2190.75,2165.50,2182.50,2180.00,2184.00,2172.00
2016-08-29,2016-08-29,2016-09-02,5,30,2615,False,0.00,2167.75,2183.75,2154.75,2179.25,7986997,4.00,8,2168.00,2180.00,2160.00,78,0,0,False,False,True,False,0,0,2176.00,2180.00,2160.00,2191.50,2157.50,2167.25,2180.00,2192.00,2172.00
2016-09-05,2016-09-05,2016-09-09,5,29,2615,False,0.00,2179.25,2189.25,2119.75,2121.25,5712402,4.00,19,2180.00,2192.00,2172.00,69,0,0,False,True,False,False,0,5,2180.00,2192.00,2172.00,2183.75,2154.75,2179.25,2168.00,2180.00,2160.00
2016-09-12,2016-09-12,2016-09-16,5,30,2928,True,-6.75,2115.00,2156.00,2100.25,2132.50,11903491,4.00,15,2124.00,2144.00,2108.00,108,2,0,False,False,False,True,0,0,2124.00,2136.00,2116.00,2182.50,2113.00,2114.50,2173.25,2185.25,2165.25
2016-09-19,2016-09-19,2016-09-23,5,30,2928,False,0.00,2132.25,2172.75,2126.25,2157.50,7678490,4.00,13,2136.00,2164.00,2128.00,92,0,0,False,False,True,True,0,0,2140.00,2160.00,2124.00,2156.00,2100.25,2132.50,2124.00,2144.00,2108.00
2016-09-26,2016-09-26,2016-09-30,5,30,2928,False,0.00,2156.25,2168.25,2132.75,2156.75,9230420,4.00,10,2148.00,2160.00,2140.00,101,0,0,False,False,False,True,0,0,2144.00,2164.00,2144.00,2172.75,2126.25,2157.50,2136.00,2164.00,2128.00
2016-10-03,2016-10-03,2016-10-07,5,30,2928,False,0.00,2158.75,2164.00,2136.00,2146.50,8049241,4.00,8,2152.00,2164.00,2144.00,81,0,0,False,False,False,True,0,0,2152.00,2156.00,2144.00,2168.25,2132.75,2156.75,2148.00,2160.00,2140.00
2016-10-10,2016-10-10,2016-10-14,5,30,2928,False,0.00,2152.00,2163.50,2107.75,2126.25,8649219,4.00,15,2128.00,2148.00,2112.00,99,0,0,False,False,True,False,0,0,2128.00,2140.00,2112.00,2164.00,2136.00,2146.50,2152.00,2164.00,2144.00
2016-10-17,2016-10-17,2016-10-21,5,30,2928,False,0.00,2126.25,2144.50,2116.75,2136.00,6307325,4.00,8,2128.00,2140.00,2120.00,82,0,0,False,False,False,True,0,0,2132.00,2144.00,2124.00,2163.50,2107.75,2126.25,2128.00,2148.00,2112.00
2016-10-24,2016-10-24,2016-10-28,5,30,2928,False,0.00,2137.00,2149.75,2112.50,2123.75,7896539,4.00,10,2132.00,2144.00,2124.00,85,0,0,False,False,True,True,0,0,2128.00,2140.00,2120.00,2144.50,2116.75,2136.00,2128.00,2140.00,2120.00
2016-10-31,2016-10-31,2016-11-04,5,30,2928,False,0.00,2120.00,2130.50,2078.75,2081.50,9445853,4.00,14,2092.00,2112.00,2076.00,96,0,0,False,False,True,True,0,0,2096.00,2108.00,2080.00,2149.75,2112.50,2123.75,2132.00,2144.00,2124.00
2016-11-07,2016-11-07,2016-11-11,5,30,2928,False,0.00,2106.00,2180.50,2028.50,2160.50,13730756,4.00,39,2160.00,2172.00,2104.00,173,0,5,False,False,False,False,0,0,2156.00,2176.00,2124.00,2130.50,2078.75,2081.50,2092.00,2112.00,2076.00
2016-11-14,2016-11-14,2016-11-18,5,30,2928,False,0.00,2164.50,2187.50,2152.25,2180.25,7116292,4.00,9,2176.00,2188.00,2168.00,82,0,0,False,False,True,False,0,0,2180.00,2184.00,2164.00,2180.50,2028.50,2160.50,2160.00,2172.00,2104.00
2016-11-21,2016-11-21,2016-11-25,5,28,2928,False,0.00,2179.50,2211.75,2178.50,2211.50,4066726,4.00,9,2200.00,2212.00,2184.00,62,0,0,False,False,False,True,0,0,2196.00,2208.00,2188.00,2187.50,2152.25,2180.25,2176.00,2188.00,2168.00
2016-11-28,2016-11-28,2016-12-02,5,30,2928,False,0.00,2208.00,2213.75,2184.25,2191.00,8420126,4.00,8,2200.00,2212.00,2192.00,80,0,0,False,False,False,True,0,0,2204.00,2208.00,2188.00,2211.75,2178.50,2211.50,2200.00,2212.00,2184.00
2016-12-05,2016-12-05,2016-12-09,5,30,2928,False,0.00,2184.00,2261.25,2179.00,2261.00,7323193,4.00,22,2204.00,2240.00,2180.00,84,0,0,True,False,False,False,3,0,2200.00,2244.00,2200.00,2213.75,2184.25,2191.00,2200.00,2212.00,2192.00
2016-12-12,2016-12-12,2016-12-16,5,30,35903,True,-5.50,2255.25,2273.00,2243.00,2255.75,6784712,4.00,9,2256.00,2268.00,2248.00,96,0,0,False,False,True,False,0,0,2260.00,2272.00,2252.00,2255.75,2173.50,2255.50,2198.50,2234.50,2174.50
2016-12-19,2016-12-19,2016-12-23,5,30,35903,False,0.00,2256.00,2269.50,2251.50,2258.75,3597686,4.00,6,2260.00,2264.00,2252.00,64,0,0,False,False,True,False,0,0,2256.00,2268.00,2256.00,2273.00,2243.00,2255.75,2256.00,2268.00,2248.00
2016-12-26,2016-12-27,2016-12-30,4,24,35903,False,0.00,2258.75,2269.50,2228.00,2233.50,3599214,4.00,11,2244.00,2264.00,2236.00,54,0,0,False,False,True,False,0,0,2244.00,2256.00,2228.00,2269.50,2251.50,2258.75,2260.00,2264.00,2252.00
2017-01-02,2017-01-03,2017-01-06,4,24,35903,False,0.00,2240.75,2277.00,2239.50,2270.75,6018403,4.00,11,2260.00,2272.00,2252.00,64,0,0,False,False,True,False,0,0,2260.00,2272.00,2244.00,2269.50,2228.00,2233.50,2244.00,2264.00,2236.00
2017-01-09,2017-01-09,2017-01-13,5,30,35903,False,0.00,2271.25,2275.25,2248.50,2270.75,6976044,4.00,7,2264.00,2268.00,2256.00,74,0,0,False,False,True,False,0,0,2264.00,2276.00,2256.00,2277.00,2239.50,2270.75,2260.00,2272.00,2252.00
2017-01-16,2017-01-16,2017-01-20,5,29,35903,False,0.00,2270.25,2272.75,2253.00,2266.50,5723983,4.00,6,2264.00,2268.00,2256.00,66,0,0,False,False,False,False,0,0,2260.00,2272.00,2260.00,2275.25,2248.50,2270.75,2264.00,2268.00,2256.00
2017-01-23,2017-01-23,2017-01-27,5,30,35903,False,0.00,2266.00,2299.50,2251.75,2289.75,6141538,4.00,13,2288.00,2300.00,2264.00,72,0,2,False,False,True,False,0,0,2292.00,2296.00,2260.00,2272.75,2253.00,2266.50,2264.00,2268.00,2256.00
2017-01-30,2017-01-30,2017-02-03,5,30,35903,False,0.00,2282.00,2294.00,2262.25,2291.75,7805253,4.00,9,2268.00,2288.00,2268.00,81,0,0,False,False,True,True,0,0,2272.00,2284.00,2264.00,2299.50,2251.75,2289.75,2288.00,2300.00,2264.00
2017-02-06,2017-02-06,2017-02-10,5,30,35903,False,0.00,2293.00,2315.75,2281.00,2313.25,6125904,4.00,9,2288.00,2300.00,2280.00,65,0,0,False,False,True,True,0,0,2288.00,2308.00,2280.00,2294.00,2262.25,2291.75,2268.00,2288.00,2268.00
2017-02-13,2017-02-13,2017-02-17,5,30,35903,False,0.00,2314.25,2351.50,2313.25,2348.50,7145530,4.00,10,2340.00,2352.00,2324.00,75,0,0,False,False,True,True,0,0,2340.00,2352.00,2332.00,2315.75,2281.00,2313.25,2288.00,2300.00,2280.00
2017-02-20,2017-02-20,2017-02-24,5,29,35903,False,0.00,2346.50,2367.50,2346.00,2364.50,5968924,4.00,6,2356.00,2368.00,2348.00,69,0,0,False,False,True,False,0,0,2360.00,2364.00,2352.00,2351.50,2313.25,2348.50,2340.00,2352.00,2324.00
2017-02-27,2017-02-27,2017-03-03,5,30,35903,False,0.00,2362.75,2401.00,2357.50,2380.50,7809837,4.00,12,2364.00,2392.00,2364.00,78,0,0,False,False,False,True,0,0,2364.00,2392.00,2356.00,2367.50,2346.00,2364.50,2356.00,2368.00,2348.00
2017-03-06,2017-03-06,2017-03-10,5,30,35903,False,0.00,2380.25,2380.75,2354.00,2371.25,5724316,4.00,8,2368.00,2380.00,2360.00,82,0,0,False,False,False,False,0,0,2368.00,2372.00,2360.00,2401.00,2357.50,2380.50,2364.00,2392.00,2364.00
2017-03-13,2017-03-13,2017-03-17,5,30,9006,True,-3.00,2367.75,2388.75,2354.75,2375.25,6069352,4.00,10,2364.00,2384.00,2364.00,71,0,0,False,False,False,False,0,0,2376.00,2380.00,2360.00,2377.75,2351.00,2368.25,2365.00,2377.00,2357.00
2017-03-20,2017-03-20,2017-03-24,5,30,9006,False,0.00,2373.75,2378.75,2331.75,2342.75,8705369,4.00,13,2340.00,2360.00,2332.00,94,0,0,False,False,True,False,0,0,2344.00,2356.00,2336.00,2388.75,2354.75,2375.25,2364.00,2384.00,2364.00
2017-03-27,2017-03-27,2017-03-31,5,30,9006,False,0.00,2337.00,2366.75,2317.75,2357.50,7048607,4.00,13,2356.00,2368.00,2332.00,80,0,0,False,False,True,True,0,0,2356.00,2368.00,2340.00,2378.75,2331.75,2342.75,2340.00,2360.00,2332.00
2017-04-03,2017-04-03,2017-04-07,5,30,9006,False,0.00,2357.50,2375.00,2336.75,2353.00,7855957,4.00,10,2352.00,2364.00,2344.00,97,0,0,False,False,True,True,0,0,2352.00,2364.00,2344.00,2366.75,2317.75,2357.50,2356.00,2368.00,2332.00
2017-04-10,2017-04-10,2017-04-13,4,24,9006,False,0.00,2351.75,2363.25,2324.00,2327.50,6279704,4.00,10,2348.00,2360.00,2340.00,81,0,0,False,False,True,False,0,0,2340.00,2352.00,2332.00,2375.00,2336.75,2353.00,2352.00,2364.00,2344.00
2017-04-17,2017-04-17,2017-04-21,5,30,9006,False,0.00,2324.00,2358.25,2322.75,2345.25,6332459,4.00,10,2340.00,2352.00,2332.00,82,0,0,False,False,True,True,0,0,2336.00,2356.00,2336.00,2363.25,2324.00,2327.50,2348.00,2360.00,2340.00
2017-04-24,2017-04-24,2017-04-28,5,30,9006,False,0.00,2365.75,2394.75,2365.25,2380.75,6558807,4.00,8,2384.00,2388.00,2368.00,72,0,0,False,False,True,True,0,0,2384.00,2388.00,2368.00,2358.25,2322.75,2345.25,2340.00,2352.00,2332.00
2017-05-01,2017-05-01,2017-05-05,5,30,9006,False,0.00,2381.50,2399.25,2375.50,2399.00,5238431,4.00,7,2384.00,2388.00,2376.00,62,0,0,True,False,False,False,0,0,2384.00,2388.00,2376.00,2394.75,2365.25,2380.75,2384.00,2388.00,2368.00
2017-05-08,2017-05-08,2017-05-12,5,30,9006,False,0.00,2402.50,2403.75,2379.00,2389.00,5442592,4.00,7,2392.00,2396.00,2384.00,63,0,0,False,False,True,False,0,0,2392.00,2396.00,2384.00,2399.25,2375.50,2399.00,2384.00,2388.00,2376.00
2017-05-15,2017-05-15,2017-05-19,5,30,9006,False,0.00,2388.75,2404.50,2344.50,2382.00,8964753,4.00,16,2364.00,2400.00,2356.00,89,0,0,False,False,False,True,0,0,2396.00,2408.00,2364.00,2403.75,2379.00,2389.00,2392.00,2396.00,2384.00
2017-05-22,2017-05-22,2017-05-26,5,30,9006,False,0.00,2381.75,2417.75,2378.25,2414.75,5255128,4.00,11,2396.00,2416.00,2380.00,69,0,0,False,False,True,True,0,0,2412.00,2416.00,2396.00,2404.50,2344.50,2382.00,2364.00,2400.00,2356.00
2017-05-29,2017-05-29,2017-06-02,5,29,9006,False,0.00,2414.00,2439.75,2402.75,2437.25,5823078,4.00,10,2412.00,2424.00,2404.00,70,0,0,False,False,True,True,0,0,2412.00,2432.00,2404.00,2417.75,2378.25,2414.75,2396.00,2416.00,2380.00
2017-06-05,2017-06-05,2017-06-09,5,30,9006,False,0.00,2435.25,2445.75,2414.75,2430.75,5316189,4.00,9,2432.00,2436.00,2424.00,75,0,0,False,True,False,False,0,0,2428.00,2440.00,2428.00,2439.75,2402.75,2437.25,2412.00,2424.00,2404.00
2017-06-12,2017-06-12,2017-06-16,5,30,24842,True,-2.00,2428.00,2443.25,2416.25,2434.50,6743385,4.00,7,2428.00,2440.00,2420.00,80,0,0,False,False,True,True,0,0,2420.00,2440.00,2420.00,2443.75,2412.75,2428.75,2430.00,2434.00,2422.00
2017-06-19,2017-06-19,2017-06-23,5,30,24842,False,0.00,2433.50,2451.50,2428.00,2432.00,6130913,4.00,6,2432.00,2444.00,2428.00,70,0,0,False,False,True,True,0,0,2432.00,2452.00,2432.00,2443.25,2416.25,2434.50,2428.00,2440.00,2420.00
2017-06-26,2017-06-26,2017-06-30,5,30,24842,False,0.00,2432.00,2447.50,2402.25,2421.50,8363728,4.00,12,2420.00,2448.00,2412.00,94,0,2,False,False,True,False,0,0,2436.00,2440.00,2420.00,2451.50,2428.00,2432.00,2432.00,2444.00,2428.00
2017-07-03,2017-07-03,2017-07-07,5,28,24842,False,0.00,2422.00,2436.50,2405.25,2423.25,4861723,4.00,9,2424.00,2436.00,2416.00,71,0,0,False,False,False,True,0,0,2420.00,2432.00,2412.00,2447.50,2402.25,2421.50,2420.00,2448.00,2412.00
2017-07-10,2017-07-10,2017-07-14,5,30,24842,False,0.00,2423.00,2461.25,2410.25,2457.50,5115670,4.00,14,2424.00,2444.00,2416.00,70,0,2,False,False,False,False,0,0,2440.00,2460.00,2424.00,2436.50,2405.25,2423.25,2424.00,2436.00,2416.00
2017-07-17,2017-07-17,2017-07-21,5,30,24842,False,0.00,2457.00,2476.25,2448.00,2470.00,5033038,4.00,8,2456.00,2476.00,2456.00,67,0,0,False,False,False,True,0,0,2468.00,2472.00,2452.00,2461.25,2410.25,2457.50,2424.00,2444.00,2416.00
2017-07-24,2017-07-24,2017-07-28,5,30,24842,False,0.00,2469.75,2480.50,2457.00,2470.75,5634820,4.00,7,2464.00,2484.00,2464.00,71,0,0,False,False,True,False,0,0,2464.00,2484.00,2464.00,2476.25,2448.00,2470.00,2456.00,2476.00,2456.00
2017-07-31,2017-07-31,2017-08-04,5,30,24842,False,0.00,2470.50,2477.75,2463.25,2471.50,5638805,4.00,5,2468.00,2480.00,2468.00,66,0,0,False,False,True,False,0,0,2468.00,2480.00,2468.00,2480.50,2457.00,2470.75,2464.00,2484.00,2464.00
2017-08-07,2017-08-07,2017-08-11,5,30,24842,False,0.00,2472.25,2488.50,2430.25,2440.75,7418831,4.00,16,2472.00,2484.00,2448.00,87,2,0,False,False,False,True,0,0,2436.00,2472.00,2436.00,2477.75,2463.25,2471.50,2468.00,2480.00,2468.00
2017-08-14,2017-08-14,2017-08-18,5,30,24842,False,0.00,2441.50,2474.00,2419.50,2425.00,8012038,4.00,15,2464.00,2476.00,2440.00,90,0,0,False,False,True,True,0,0,2464.00,2476.00,2432.00,2488.50,2430.25,2440.75,2472.00,2484.00,2448.00
2017-08-21,2017-08-21,2017-08-25,5,30,24842,False,0.00,2428.75,2454.75,2415.75,2442.25,6446583,4.00,11,2440.00,2452.00,2432.00,84,0,0,False,False,True,False,0,0,2444.00,2456.00,2436.00,2474.00,2419.50,2425.00,2464.00,2476.00,2440.00
2017-08-28,2017-08-28,2017-09-01,5,30,24842,False,0.00,2442.00,2479.75,2421.00,2473.75,6456725,4.00,15,2444.00,2464.00,2428.00,78,0,0,False,False,True,True,0,0,2440.00,2476.00,2440.00,2454.75,2415.75,2442.25,2440.00,2452.00,2432.00
2017-09-04,2017-09-04,2017-09-08,5,29,24842,False,0.00,2461.25,2471.25,2445.50,2462.50,5062307,4.00,7,2464.00,2468.00,2456.00,68,0,0,False,False,True,False,0,0,2460.00,2472.00,2460.00,2479.75,2421.00,2473.75,2444.00,2464.00,2428.00
2017-09-11,2017-09-11,2017-09-15,5,30,23936,True,-1.75,2466.25,2500.00,2466.25,2500.00,5341797,4.00,10,2492.00,2496.00,2484.00,67,0,0,False,False,False,False,0,0,2492.00,2496.00,2484.00,2469.50,2443.75,2460.75,2462.25,2466.25,2454.25
2017-09-18,2017-09-18,2017-09-22,5,30,23936,False,0.00,2499.00,2507.25,2492.00,2499.75,5360454,4.00,4,2500.00,2508.00,2492.00,61,0,0,False,False,True,True,0,0,2500.00,2504.00,2492.00,2500.00,2466.25,2500.00,2492.00,2496.00,2484.00
2017-09-25,2017-09-25,2017-09-29,5,30,23936,False,0.00,2499.00,2517.75,2485.00,2517.75,6643155,4.00,9,2496.00,2508.00,2488.00,69,0,0,False,False,False,False,0,0,2496.00,2508.00,2488.00,2507.25,2492.00,2499.75,2500.00,2508.00,2492.00
2017-10-02,2017-10-02,2017-10-06,5,30,23936,False,0.00,2518.00,2550.75,2517.00,2544.75,5107690,4.00,9,2528.00,2548.00,2520.00,61,0,0,False,False,True,True,0,0,2544.00,2548.00,2520.00,2517.75,2485.00,2517.75,2496.00,2508.00,2488.00
2017-10-09,2017-10-09,2017-10-13,5,30,23936,False,0.00,2543.25,2555.50,2539.25,2552.50,4487436,4.00,5,2548.00,2552.00,2540.00,61,0,0,False,False,True,False,0,0,2548.00,2552.00,2540.00,2550.75,2517.00,2544.75,2528.00,2548.00,2520.00
2017-10-16,2017-10-16,2017-10-20,5,30,23936,False,0.00,2552.25,2574.50,2542.50,2573.50,4813863,4.00,9,2556.00,2568.00,2548.00,68,0,0,False,False,True,False,0,0,2552.00,2572.00,2552.00,2555.50,2539.25,2552.50,2548.00,2552.00,2540.00
2017-10-23,2017-10-23,2017-10-27,5,30,23936,False,0.00,2572.75,2580.75,2541.50,2577.25,7217266,4.00,11,2560.00,2572.00,2552.00,72,0,2,False,False,False,False,0,0,2564.00,2576.00,2556.00,2574.50,2542.50,2573.50,2556.00,2568.00,2548.00
2017-10-30,2017-10-30,2017-11-03,5,30,23936,False,0.00,2575.50,2585.50,2562.25,2581.25,5704184,4.00,7,2572.00,2584.00,2564.00,69,0,0,False,False,True,True,0,0,2572.00,2584.00,2572.00,2580.75,2541.50,2577.25,2560.00,2572.00,2552.00
2017-11-06,2017-11-06,2017-11-10,5,30,23936,False,0.00,2580.00,2594.50,2563.25,2579.00,6383398,4.00,9,2584.00,2596.00,2576.00,79,0,2,False,False,True,False,0,0,2580.00,2592.00,2572.00,2585.50,2562.25,2581.25,2572.00,2584.00,2564.00
2017-11-13,2017-11-13,2017-11-17,5,30,23936,False,0.00,2580.25,2589.50,2555.50,2575.75,7170474,4.00,10,2576.00,2588.00,2568.00,83,0,0,False,False,True,False,0,0,2580.00,2584.00,2564.00,2594.50,2563.25,2579.00,2584.00,2596.00,2576.00
2017-11-20,2017-11-20,2017-11-24,5,28,23936,False,0.00,2576.00,2603.00,2567.75,2601.50,3369686,4.00,10,2596.00,2600.00,2580.00,59,0,0,False,False,True,False,0,0,2596.00,2600.00,2580.00,2589.50,2555.50,2575.75,2576.00,2588.00,2568.00
2017-11-27,2017-11-27,2017-12-01,5,30,23936,False,0.00,2601.00,2658.50,2596.50,2642.75,8743121,4.00,16,2624.00,2652.00,2616.00,97,2,0,False,False,False,True,0,0,2624.00,2652.00,2616.00,2603.00,2567.75,2601.50,2596.00,2600.00,2580.00
2017-12-04,2017-12-04,2017-12-08,5,30,23936,False,0.00,2654.50,2665.25,2620.00,2651.75,5281806,4.00,12,2640.00,2652.00,2624.00,91,0,0,False,False,False,True,0,0,2628.00,2656.00,2628.00,2658.50,2596.50,2642.75,2624.00,2652.00,2616.00
2017-12-11,2017-12-11,2017-12-15,5,30,21168,True,3.00,2655.00,2683.25,2651.75,2683.00,5187211,4.00,9,2664.00,2676.00,2656.00,79,0,0,False,False,True,False,0,0,2668.00,2680.00,2660.00,2668.25,2623.00,2654.75,2643.00,2655.00,2627.00
2017-12-18,2017-12-18,2017-12-22,5,30,21168,False,0.00,2683.00,2698.00,2679.00,2687.00,4300398,4.00,6,2688.00,2700.00,2680.00,68,0,0,False,False,True,False,0,0,2684.00,2696.00,2684.00,2683.25,2651.75,2683.00,2664.00,2676.00,2656.00
2017-12-25,2017-12-26,2017-12-29,4,24,21168,False,0.00,2686.75,2698.25,2667.75,2668.25,2551105,4.00,9,2684.00,2696.00,2684.00,54,0,0,False,True,False,False,0,0,2684.00,2688.00,2676.00,2698.00,2679.00,2687.00,2688.00,2700.00,2680.00
2018-01-01,2018-01-02,2018-01-05,4,24,21168,False,0.00,2675.25,2743.25,2674.50,2742.50,4270461,4.00,18,2724.00,2736.00,2692.00,64,0,0,True,False,False,True,0,0,2724.00,2744.00,2700.00,2698.25,2667.75,2668.25,2684.00,2696.00,2684.00
2018-01-08,2018-01-08,2018-01-12,5,30,21168,False,0.00,2741.75,2790.00,2736.50,2789.25,5523799,4.00,14,2744.00,2764.00,2736.00,81,0,0,False,False,False,True,0,0,2744.00,2764.00,2736.00,2743.25,2674.50,2742.50,2724.00,2736.00,2692.00
2018-01-15,2018-01-15,2018-01-19,5,29,21168,False,0.00,2789.75,2815.00,2769.25,2812.75,5864483,4.00,12,2796.00,2808.00,2788.00,92,0,2,False,False,False,False,0,0,2800.00,2812.00,2792.00,2790.00,2736.50,2789.25,2744.00,2764.00,2736.00
2018-01-22,2018-01-22,2018-01-26,5,30,21168,False,0.00,2804.00,2876.00,2802.00,2874.75,6598703,4.00,20,2840.00,2852.00,2824.00,98,0,0,True,False,False,False,0,0,2840.00,2852.00,2824.00,2815.00,2769.25,2812.75,2796.00,2808.00,2788.00
2018-01-29,2018-01-29,2018-02-02,5,30,21168,False,0.00,2874.25,2878.50,2755.25,2757.25,9142673,4.00,32,2828.00,2848.00,2796.00,130,0,0,False,True,True,False,0,3,2824.00,2844.00,2792.00,2876.00,2802.00,2874.75,2840.00,2852.00,2824.00
2018-02-05,2018-02-05,2018-02-09,5,30,21168,False,0.00,2757.00,2763.00,2529.00,2621.50,17847011,4.00,59,2664.00,2700.00,2584.00,379,0,0,False,False,False,True,0,0,2640.00,2700.00,2584.00,2878.50,2755.25,2757.25,2828.00,2848.00,2796.00
2018-02-12,2018-02-12,2018-02-16,5,30,21168,False,0.00,2628.25,2754.75,2620.00,2736.25,8806889,4.00,34,2648.00,2708.00,2624.00,165,2,0,False,False,False,True,0,0,2644.00,2712.00,2620.00,2763.00,2529.00,2621.50,2664.00,2700.00,2584.00
2018-02-19,2018-02-19,2018-02-23,5,29,21168,False,0.00,2734.50,2750.25,2682.00,2746.00,5729954,4.00,18,2716.00,2736.00,2708.00,150,0,0,False,False,False,False,0,0,2716.00,2736.00,2708.00,2754.75,2620.00,2736.25,2648.00,2708.00,2624.00
2018-02-26,2018-02-26,2018-03-02,5,30,21168,False,0.00,2751.50,2789.75,2647.00,2690.50,9444711,4.00,37,2748.00,2792.00,2692.00,176,0,0,False,False,False,True,0,0,2756.00,2784.00,2684.00,2750.25,2682.00,2746.00,2716.00,2736.00,2708.00
2018-03-05,2018-03-05,2018-03-09,5,30,21168,False,0.00,2683.25,2787.00,2663.75,2783.50,6637966,4.00,32,2720.00,2740.00,2688.00,146,0,2,True,False,False,False,3,0,2724.00,2736.00,2700.00,2789.75,2647.00,2690.50,2748.00,2792.00,2692.00
2018-03-12,2018-03-12,2018-03-16,5,30,23252,True,4.25,2788.25,2806.75,2745.00,2755.50,4623763,4.00,16,2756.00,2792.00,2748.00,121,0,0,False,False,True,True,0,0,2756.00,2768.00,2748.00,2791.25,2668.00,2787.75,2724.25,2744.25,2692.25
2018-03-19,2018-03-19,2018-03-23,5,30,23252,False,0.00,2756.25,2756.50,2586.00,2596.50,9657556,4.00,44,2720.00,2756.00,2656.00,176,0,0,False,True,False,False,0,0,2720.00,2748.00,2648.00,2806.75,2745.00,2755.50,2756.00,2792.00,2748.00
2018-03-26,2018-03-26,2018-03-29,4,24,23252,False,0.00,2595.00,2679.75,2591.00,2637.50,9237644,4.00,23,2612.00,2640.00,2596.00,157,0,0,False,False,True,False,0,0,2612.00,2648.00,2604.00,2756.50,2586.00,2596.50,2720.00,2756.00,2656.00
2018-04-02,2018-04-02,2018-04-06,5,30,23252,False,0.00,2635.00,2672.25,2552.00,2605.00,10714464,4.00,31,2584.00,2644.00,2576.00,197,0,0,False,False,True,False,0,0,2592.00,2636.00,2560.00,2679.75,2591.00,2637.50,2612.00,2640.00,2596.00
2018-04-09,2018-04-09,2018-04-13,5,30,23252,False,0.00,2607.50,2680.50,2607.50,2659.25,8121366,4.00,20,2644.00,2672.00,2636.00,157,2,0,False,False,False,False,0,0,2652.00,2672.00,2644.00,2672.25,2552.00,2605.00,2584.00,2644.00,2576.00
2018-04-16,2018-04-16,2018-04-20,5,30,23252,False,0.00,2673.25,2718.50,2659.75,2671.25,6494336,4.00,16,2708.00,2712.00,2676.00,110,0,0,False,False,True,False,0,0,2692.00,2712.00,2668.00,2680.50,2607.50,2659.25,2644.00,2672.00,2636.00
2018-04-23,2018-04-23,2018-04-27,5,30,23252,False,0.00,2683.00,2688.50,2611.25,2671.50,7697319,4.00,21,2672.00,2684.00,2632.00,137,0,0,False,False,False,False,0,0,2668.00,2680.00,2628.00,2718.50,2659.75,2671.25,2708.00,2712.00,2676.00
2018-04-30,2018-04-30,2018-05-04,5,30,23252,False,0.00,2670.50,2682.25,2591.25,2664.00,7625476,4.00,24,2628.00,2656.00,2620.00,137,0,6,False,False,True,False,0,0,2644.00,2664.00,2620.00,2688.50,2611.25,2671.50,2672.00,2684.00,2632.00
2018-05-07,2018-05-07,2018-05-11,5,30,23252,False,0.00,2662.75,2732.50,2652.25,2728.00,5724676,4.00,21,2668.00,2704.00,2652.00,110,0,0,False,False,False,False,0,0,2676.00,2720.00,2660.00,2682.25,2591.25,2664.00,2628.00,2656.00,2620.00
2018-05-14,2018-05-14,2018-05-18,5,30,23252,False,0.00,2727.25,2741.25,2700.50,2712.25,5427053,4.00,11,2724.00,2736.00,2708.00,99,0,0,False,False,True,True,0,0,2712.00,2724.00,2704.00,2732.50,2652.25,2728.00,2668.00,2704.00,2652.00
2018-05-21,2018-05-21,2018-05-25,5,30,23252,False,0.00,2728.75,2741.75,2704.50,2720.75,5159703,4.00,10,2728.00,2740.00,2720.00,100,0,0,False,False,True,True,0,0,2724.00,2736.00,2716.00,2741.25,2700.50,2712.25,2724.00,2736.00,2708.00
2018-05-28,2018-05-28,2018-06-01,5,29,23252,False,0.00,2729.00,2737.00,2675.00,2734.75,6014882,4.00,17,2720.00,2732.00,2696.00,115,0,0,False,False,False,False,0,0,2704.00,2732.00,2696.00,2741.75,2704.50,2720.75,2728.00,2740.00,2720.00
2018-06-04,2018-06-04,2018-06-08,5,30,23252,False,0.00,2731.00,2779.75,2729.00,2779.25,4808768,4.00,13,2772.00,2776.00,2740.00,87,0,2,False,False,True,False,0,0,2744.00,2772.00,2744.00,2737.00,2675.00,2734.75,2720.00,2732.00,2696.00
2018-06-11,2018-06-11,2018-06-15,5,30,57287,True,4.25,2775.25,2796.00,2765.50,2781.50,4072637,4.00,9,2788.00,2792.00,2772.00,93,0,0,False,False,True,False,0,0,2784.00,2796.00,2776.00,2784.00,2733.25,2783.50,2776.25,2780.25,2744.25
2018-06-18,2018-06-18,2018-06-22,5,30,57287,False,0.00,2780.00,2786.75,2735.75,2756.50,6111211,4.00,14,2768.00,2780.00,2752.00,116,0,2,False,False,True,False,0,0,2764.00,2776.00,2756.00,2796.00,2765.50,2781.50,2788.00,2792.00,2772.00
2018-06-25,2018-06-25,2018-06-29,5,30,57287,False,0.00,2757.00,2758.00,2693.25,2720.75,8796987,4.00,17,2724.00,2736.00,2708.00,146,2,0,False,False,False,True,0,0,2724.00,2736.00,2700.00,2786.75,2735.75,2756.50,2768.00,2780.00,2752.00
2018-07-02,2018-07-02,2018-07-06,5,28,57287,False,0.00,2721.00,2766.25,2698.50,2762.50,4377304,4.00,18,2720.00,2740.00,2712.00,112,0,0,False,False,True,False,2,0,2732.00,2744.00,2708.00,2758.00,2693.25,2720.75,2724.00,2736.00,2708.00
2018-07-09,2018-07-09,2018-07-13,5,30,57287,False,0.00,2762.00,2807.25,2761.75,2804.25,5171893,4.00,12,2780.00,2800.00,2772.00,97,0,0,False,False,True,False,0,0,2776.00,2804.00,2776.00,2766.25,2698.50,2762.50,2720.00,2740.00,2712.00
2018-07-16,2018-07-16,2018-07-20,5,30,57287,False,0.00,2804.75,2818.25,2789.75,2803.50,4663866,4.00,8,2800.00,2812.00,2792.00,87,0,0,False,False,True,True,0,0,2804.00,2816.00,2796.00,2807.25,2761.75,2804.25,2780.00,2800.00,2772.00
2018-07-23,2018-07-23,2018-07-27,5,30,57287,False,0.00,2805.25,2849.50,2792.50,2817.25,5848342,4.00,15,2816.00,2844.00,2808.00,94,0,0,False,False,False,True,0,0,2816.00,2844.00,2816.00,2818.25,2789.75,2803.50,2800.00,2812.00,2792.00
2018-07-30,2018-07-30,2018-08-05,6,31,57287,False,0.00,2816.00,2841.50,2791.00,2841.50,5603819,4.00,14,2812.00,2832.00,2804.00,105,0,0,False,False,True,True,0,0,2812.00,2832.00,2804.00,2849.50,2792.50,2817.25,2816.00,2844.00,2808.00
2018-08-06,2018-08-06,2018-08-10,5,30,57287,False,0.00,2841.25,2863.75,2826.00,2839.25,4292049,4.00,10,2856.00,2860.00,2832.00,79,0,0,False,False,True,False,0,0,2856.00,2864.00,2840.00,2841.50,2791.00,2841.50,2812.00,2832.00,2804.00
2018-08-13,2018-08-13,2018-08-17,5,30,57287,False,0.00,2835.75,2857.00,2803.00,2853.25,6476488,4.00,15,2832.00,2852.00,2824.00,106,0,0,True,False,False,False,0,0,2840.00,2852.00,2824.00,2863.75,2826.00,2839.25,2856.00,2860.00,2832.00
2018-08-20,2018-08-20,2018-08-24,5,30,57287,False,0.00,2851.75,2877.50,2846.25,2876.50,4799877,4.00,9,2856.00,2868.00,2848.00,85,0,0,False,False,True,False,0,0,2856.00,2876.00,2856.00,2857.00,2803.00,2853.25,2832.00,2852.00,2824.00
2018-08-27,2018-08-27,2018-08-31,5,30,57287,False,0.00,2877.75,2917.50,2876.75,2907.00,5401277,4.00,11,2900.00,2912.00,2892.00,85,0,0,False,False,True,False,0,0,2896.00,2916.00,2896.00,2877.50,2846.25,2876.50,2856.00,2868.00,2848.00
2018-09-03,2018-09-03,2018-09-07,5,29,57287,False,0.00,2906.50,2912.50,2865.00,2872.75,6333773,4.00,13,2884.00,2904.00,2868.00,96,0,0,False,False,True,True,0,0,2888.00,2900.00,2872.00,2917.50,2876.75,2907.00,2900.00,2912.00,2892.00
2018-09-10,2018-09-10,2018-09-14,5,30,57287,False,0.00,2873.75,2912.25,2867.25,2906.00,5568058,4.00,13,2884.00,2904.00,2876.00,90,0,0,False,False,False,False,0,0,2888.00,2900.00,2872.00,2912.50,2865.00,2872.75,2884.00,2904.00,2868.00
2018-09-17,2018-09-17,2018-09-21,5,30,16114,True,5.25,2908.75,2947.00,2883.50,2932.25,5783569,4.00,17,2912.00,2924.00,2888.00,82,0,2,False,False,True,False,0,0,2912.00,2940.00,2896.00,2917.50,2872.50,2911.25,2889.25,2909.25,2881.25
2018-09-24,2018-09-24,2018-09-28,5,30,16114,False,0.00,2929.50,2936.00,2907.50,2921.75,5911180,4.00,9,2924.00,2936.00,2916.00,86,0,0,False,False,False,True,0,0,2924.00,2928.00,2916.00,2947.00,2883.50,2932.25,2912.00,2924.00,2888.00
2018-10-01,2018-10-01,2018-10-05,5,30,16114,False,0.00,2922.50,2944.75,2873.25,2895.00,7891915,4.00,19,2928.00,2940.00,2904.00,107,0,2,False,False,False,False,0,0,2928.00,2940.00,2896.00,2936.00,2907.50,2921.75,2924.00,2936.00,2916.00
2018-10-08,2018-10-08,2018-10-12,5,30,16114,False,0.00,2897.50,2900.00,2712.25,2772.25,13426229,4.00,48,2888.00,2900.00,2760.00,204,0,5,False,False,False,False,0,11,2888.00,2900.00,2768.00,2944.75,2873.25,2895.00,2928.00,2940.00,2904.00
2018-10-15,2018-10-15,2018-10-19,5,30,16114,False,0.00,2770.00,2824.25,2745.25,2767.50,9410488,4.00,21,2760.00,2804.00,2752.00,165,2,0,False,False,False,True,0,0,2772.00,2800.00,2756.00,2900.00,2712.25,2772.25,2888.00,2900.00,2760.00
2018-10-22,2018-10-22,2018-10-26,5,30,16114,False,0.00,2758.00,2782.00,2627.25,2662.25,13024879,4.00,40,2672.00,2740.00,2656.00,221,0,4,False,False,False,False,0,0,2704.00,2732.00,2648.00,2824.25,2745.25,2767.50,2760.00,2804.00,2752.00
2018-10-29,2018-10-29,2018-11-02,5,30,16114,False,0.00,2667.00,2766.25,2603.00,2722.50,11557504,4.00,42,2720.00,2740.00,2656.00,212,0,8,False,False,True,False,0,0,2716.00,2736.00,2660.00,2782.00,2627.25,2662.25,2672.00,2740.00,2656.00
2018-11-05,2018-11-05,2018-11-09,5,30,16114,False,0.00,2722.50,2818.00,2712.75,2778.75,7284004,4.00,27,2808.00,2820.00,2744.00,141,0,0,False,False,True,True,0,0,2804.00,2816.00,2748.00,2766.25,2603.00,2722.50,2720.00,2740.00,2656.00
2018-11-12,2018-11-12,2018-11-16,5,30,16114,False,0.00,2778.75,2795.25,2671.25,2742.25,10306198,4.00,32,2728.00,2748.00,2696.00,199,0,2,False,False,False,False,2,0,2736.00,2748.00,2704.00,2818.00,2712.75,2778.75,2808.00,2820.00,2744.00
2018-11-19,2018-11-19,2018-11-23,5,28,16114,False,0.00,2733.00,2748.00,2626.00,2628.50,6637150,4.00,32,2644.00,2688.00,2628.00,144,2,0,False,False,False,True,4,0,2640.00,2684.00,2632.00,2795.25,2671.25,2742.25,2728.00,2748.00,2696.00
2018-11-26,2018-11-26,2018-11-30,5,30,16114,False,0.00,2633.50,2764.75,2631.50,2764.00,7418950,4.00,35,2736.00,2764.00,2664.00,132,0,2,True,False,False,False,0,5,2736.00,2764.00,2672.00,2748.00,2626.00,2628.50,2644.00,2688.00,2628.00
2018-12-03,2018-12-03,2018-12-07,5,28,16114,False,0.00,2793.50,2814.00,2621.25,2636.75,10289929,4.00,49,2668.00,2728.00,2628.00,198,0,0,False,False,False,True,8,0,2652.00,2736.00,2628.00,2764.75,2631.50,2764.00,2736.00,2764.00,2664.00
2018-12-10,2018-12-10,2018-12-14,5,30,16114,False,0.00,2625.00,2686.50,2583.00,2597.00,9003393,4.00,27,2628.00,2664.00,2620.00,202,2,3,False,False,False,False,0,0,2648.00,2676.00,2624.00,2814.00,2621.25,2636.75,2668.00,2728.00,2628.00
2018-12-17,2018-12-17,2018-12-21,5,30,18720,True,3.50,2597.50,2616.75,2409.25,2421.25,12799369,4.00,53,2560.00,2620.00,2488.00,244,0,0,False,True,True,False,0,2,2568.00,2612.00,2480.00,2690.00,2586.50,2600.50,2631.50,2667.50,2623.50
2018-12-24,2018-12-24,2018-12-28,4,23,18720,False,0.00,2407.75,2523.00,2316.75,2488.00,7293834,4.00,52,2420.00,2512.00,2396.00,240,0,2,False,False,False,False,0,0,2484.00,2512.00,2404.00,2616.75,2409.25,2421.25,2560.00,2620.00,2488.00
2018-12-31,2018-12-31,2019-01-04,4,24,18720,False,0.00,2495.50,2539.25,2438.50,2529.50,7723698,4.00,26,2472.00,2516.00,2464.00,170,0,0,False,False,True,False,0,0,2496.00,2516.00,2464.00,2523.00,2316.75,2488.00,2420.00,2512.00,2396.00
2019-01-07,2019-01-07,2019-01-11,5,30,18720,False,0.00,2537.25,2599.50,2523.25,2595.50,7349801,4.00,20,2572.00,2600.00,2556.00,146,0,0,False,False,True,False,0,0,2584.00,2596.00,2560.00,2539.25,2438.50,2529.50,2472.00,2516.00,2464.00
2019-01-14,2019-01-14,2019-01-18,5,30,18720,False,0.00,2588.50,2677.75,2567.25,2677.00,7072972,4.00,29,2612.00,2624.00,2572.00,133,0,0,False,False,True,False,0,0,2620.00,2656.00,2580.00,2599.50,2523.25,2595.50,2572.00,2600.00,2556.00
2019-01-21,2019-01-21,2019-01-25,5,29,18720,False,0.00,2669.25,2673.50,2612.50,2665.50,5960496,4.00,16,2636.00,2664.00,2628.00,126,0,0,False,False,True,False,0,0,2636.00,2656.00,2620.00,2677.75,2567.25,2677.00,2612.00,2624.00,2572.00
2019-01-28,2019-01-28,2019-02-01,5,30,18720,False,0.00,2660.00,2716.00,2622.25,2704.50,7316832,4.00,25,2636.00,2688.00,2620.00,129,0,0,False,False,False,False,0,0,2704.00,2716.00,2640.00,2673.50,2612.50,2665.50,2636.00,2664.00,2628.00
2019-02-04,2019-02-04,2019-02-08,5,30,18720,False,0.00,2699.25,2737.75,2680.75,2708.00,6714974,4.00,15,2724.00,2736.00,2700.00,109,0,0,False,False,True,False,0,0,2728.00,2740.00,2696.00,2716.00,2622.25,2704.50,2636.00,2688.00,2620.00
2019-02-11,2019-02-11,2019-02-15,5,30,18720,False,0.00,2710.75,2778.50,2700.50,2777.75,6615068,4.00,20,2744.00,2764.00,2720.00,121,0,0,False,False,False,True,0,0,2740.00,2776.00,2732.00,2737.75,2680.75,2708.00,2724.00,2736.00,2700.00
2019-02-18,2019-02-18,2019-02-22,5,29,18720,False,0.00,2777.00,2798.00,2764.25,2795.25,4903427,4.00,9,2776.00,2788.00,2768.00,96,0,0,False,False,False,True,0,0,2780.00,2792.00,2772.00,2778.50,2700.50,2777.75,2744.00,2764.00,2720.00
2019-02-25,2019-02-25,2019-03-01,5,30,18720,False,0.00,2799.50,2814.00,2775.00,2807.00,5957458,4.00,11,2792.00,2804.00,2784.00,103,0,2,False,False,False,False,0,0,2788.00,2808.00,2788.00,2798.00,2764.25,2795.25,2776.00,2788.00,2768.00
2019-03-04,2019-03-04,2019-03-08,5,30,18720,False,0.00,2814.00,2819.75,2722.00,2748.75,6642888,4.00,25,2788.00,2800.00,2740.00,122,0,0,False,False,True,True,2,0,2788.00,2800.00,2748.00,2814.00,2775.00,2807.00,2792.00,2804.00,2784.00
2019-03-11,2019-03-11,2019-03-15,5,30,736,True,4.50,2750.00,2836.50,2741.75,2830.00,5849280,4.00,25,2816.00,2828.00,2784.00,105,0,2,False,False,False,False,0,3,2816.00,2836.00,2792.00,2824.25,2726.50,2753.25,2792.50,2804.50,2744.50
2019-03-18,2019-03-18,2019-03-22,5,30,736,False,0.00,2827.00,2866.00,2805.25,2807.50,7914188,4.00,16,2828.00,2848.00,2820.00,128,0,0,False,False,True,True,0,0,2836.00,2856.00,2820.00,2836.50,2741.75,2830.00,2816.00,2828.00,2784.00
2019-03-25,2019-03-25,2019-03-29,5,30,736,False,0.00,2813.00,2840.75,2789.50,2839.50,7478991,4.00,14,2820.00,2832.00,2804.00,139,0,0,False,False,False,True,0,0,2812.00,2832.00,2796.00,2866.00,2805.25,2807.50,2828.00,2848.00,2820.00
2019-04-01,2019-04-01,2019-04-05,5,30,736,False,0.00,2844.50,2898.00,2844.50,2897.75,5474518,4.00,14,2880.00,2892.00,2864.00,90,0,2,False,False,True,False,0,0,2868.00,2896.00,2868.00,2840.75,2789.50,2839.50,2820.00,2832.00,2804.00
2019-04-08,2019-04-08,2019-04-12,5,30,736,False,0.00,2896.25,2914.75,2877.25,2911.75,5178681,4.00,10,2892.00,2904.00,2884.00,87,0,0,False,False,True,True,0,0,2888.00,2900.00,2880.00,2898.00,2844.50,2897.75,2880.00,2892.00,2864.00
2019-04-15,2019-04-15,2019-04-18,4,24,736,False,0.00,2912.00,2923.50,2889.50,2910.50,4643201,4.00,9,2908.00,2920.00,2900.00,69,0,0,False,False,True,False,0,0,2908.00,2920.00,2900.00,2914.75,2877.25,2911.75,2892.00,2904.00,2884.00
2019-04-22,2019-04-22,2019-04-26,5,30,736,False,0.00,2908.75,2942.75,2899.00,2939.00,5453473,4.00,12,2932.00,2936.00,2908.00,91,0,0,False,False,False,False,0,0,2932.00,2944.00,2916.00,2923.50,2889.50,2910.50,2908.00,2920.00,2900.00
2019-04-29,2019-04-29,2019-05-03,5,30,736,False,0.00,2939.25,2961.25,2901.00,2949.25,6819525,4.00,16,2940.00,2952.00,2916.00,110,0,2,False,False,True,False,0,0,2944.00,2956.00,2928.00,2942.75,2899.00,2939.00,2932.00,2936.00,2908.00
2019-05-06,2019-05-06,2019-05-10,5,30,736,False,0.00,2917.75,2938.25,2826.00,2887.25,12120803,4.00,29,2868.00,2904.00,2852.00,189,2,3,False,False,False,False,0,0,2888.00,2900.00,2848.00,2961.25,2901.00,2949.25,2940.00,2952.00,2916.00
2019-05-13,2019-05-13,2019-05-17,5,30,736,False,0.00,2858.50,2894.00,2799.75,2861.25,9659311,4.00,25,2852.00,2872.00,2820.00,158,0,0,False,False,False,False,0,0,2820.00,2864.00,2804.00,2938.25,2826.00,2887.25,2868.00,2904.00,2852.00
2019-05-20,2019-05-20,2019-05-24,5,30,736,False,0.00,2861.50,2876.50,2805.75,2831.00,7200636,4.00,19,2856.00,2868.00,2824.00,126,0,0,False,False,False,True,0,0,2856.00,2868.00,2824.00,2894.00,2799.75,2861.25,2852.00,2872.00,2820.00
2019-05-27,2019-05-27,2019-05-31,5,29,736,False,0.00,2831.00,2841.25,2750.00,2752.50,6989917,4.00,24,2784.00,2820.00,2748.00,126,0,0,False,False,True,True,3,0,2784.00,2796.00,2752.00,2876.50,2805.75,2831.00,2856.00,2868.00,2824.00
2019-06-03,2019-06-03,2019-06-07,5,30,736,False,0.00,2741.00,2886.25,2728.75,2877.50,8856559,4.00,40,2820.00,2888.00,2764.00,143,0,0,False,False,False,True,2,3,2876.00,2888.00,2764.00,2841.25,2750.00,2752.50,2784.00,2820.00,2748.00
2019-06-10,2019-06-10,2019-06-14,5,30,736,False,0.00,2893.25,2911.50,2867.25,2891.75,5548636,4.00,12,2884.00,2896.00,2876.00,107,0,2,False,False,False,False,0,0,2884.00,2896.00,2876.00,2886.25,2728.75,2877.50,2820.00,2888.00,2764.00
2019-06-17,2019-06-17,2019-06-21,5,30,37699,True,4.25,2895.00,2969.25,2889.00,2948.25,6749853,4.00,21,2956.00,2968.00,2916.00,117,0,0,False,False,False,False,0,0,2956.00,2968.00,2924.00,2915.75,2871.50,2896.00,2888.25,2900.25,2880.25
2019-06-24,2019-06-24,2019-06-28,5,30,37699,False,0.00,2948.00,2961.75,2914.50,2953.75,5700771,4.00,13,2932.00,2952.00,2924.00,104,0,0,False,False,True,True,0,0,2928.00,2948.00,2920.00,2969.25,2889.00,2948.25,2956.00,2968.00,2916.00
2019-07-01,2019-07-01,2019-07-05,5,28,37699,False,0.00,2970.00,3006.00,2955.50,2991.75,4516412,4.00,14,2976.00,2996.00,2960.00,98,0,0,False,False,True,False,0,0,2964.00,2992.00,2964.00,2961.75,2914.50,2953.75,2932.00,2952.00,2924.00
2019-07-08,2019-07-08,2019-07-12,5,30,37699,False,0.00,2990.75,3018.00,2963.50,3014.25,5363817,4.00,15,3004.00,3016.00,2980.00,98,0,0,False,False,False,False,0,0,2976.00,3012.00,2976.00,3006.00,2955.50,2991.75,2976.00,2996.00,2960.00
2019-07-15,2019-07-15,2019-07-19,5,30,37699,False,0.00,3015.25,3023.50,2969.50,2971.00,5435301,4.00,14,3004.00,3024.00,2988.00,98,0,0,False,False,True,False,0,0,3016.00,3020.00,2992.00,3018.00,2963.50,3014.25,3004.00,3016.00,2980.00
2019-07-22,2019-07-22,2019-07-26,5,30,37699,False,0.00,2974.50,3029.50,2972.50,3023.00,5332715,4.00,15,3008.00,3028.00,2992.00,96,0,0,False,False,False,True,0,0,3004.00,3024.00,2988.00,3023.50,2969.50,2971.00,3004.00,3024.00,2988.00
2019-07-29,2019-07-29,2019-08-02,5,30,37699,False,0.00,3022.00,3027.50,2913.50,2934.50,8886128,4.00,29,3012.00,3028.00,2956.00,138,0,0,False,False,True,False,0,0,3012.00,3024.00,2948.00,3029.50,2972.50,3023.00,3008.00,3028.00,2992.00
2019-08-05,2019-08-05,2019-08-09,5,30,37699,False,0.00,2929.25,2940.75,2775.75,2923.75,11763020,4.00,43,2868.00,2920.00,2836.00,221,2,7,False,False,False,False,0,0,2852.00,2912.00,2836.00,3027.50,2913.50,2934.50,3012.00,3028.00,2956.00
2019-08-12,2019-08-12,2019-08-16,5,30,37699,False,0.00,2918.75,2944.25,2817.75,2891.50,10484280,4.00,33,2884.00,2904.00,2828.00,196,2,2,False,False,False,False,0,0,2844.00,2896.00,2836.00,2940.75,2775.75,2923.75,2868.00,2920.00,2836.00
2019-08-19,2019-08-19,2019-08-23,5,30,37699,False,0.00,2893.00,2939.75,2834.00,2851.50,7950956,4.00,27,2920.00,2932.00,2904.00,153,0,0,False,True,True,False,0,6,2924.00,2936.00,2908.00,2944.25,2817.75,2891.50,2884.00,2904.00,2828.00
2019-08-26,2019-08-26,2019-08-30,5,30,37699,False,0.00,2831.00,2946.50,2810.25,2923.75,7763869,4.00,35,2876.00,2920.00,2836.00,167,0,5,False,False,True,False,0,0,2868.00,2920.00,2852.00,2939.75,2834.00,2851.50,2920.00,2932.00,2904.00
2019-09-02,2019-09-02,2019-09-06,5,29,37699,False,0.00,2901.00,2988.25,2889.00,2983.00,5809369,4.00,26,2912.00,2964.00,2888.00,131,0,0,False,False,False,True,2,0,2976.00,2988.00,2912.00,2946.50,2810.25,2923.75,2876.00,2920.00,2836.00
2019-09-09,2019-09-09,2019-09-13,5,30,37699,False,0.00,2980.25,3023.75,2957.25,3007.00,5947846,4.00,17,2980.00,3008.00,2956.00,115,0,0,False,False,True,True,0,0,2984.00,3012.00,2960.00,2988.25,2889.00,2983.00,2912.00,2964.00,2888.00
2019-09-16,2019-09-16,2019-09-20,5,30,16145,True,2.00,2995.50,3024.50,2980.75,2989.25,5565461,4.00,12,3004.00,3016.00,2988.00,114,0,0,False,False,False,True,0,0,3000.00,3012.00,2992.00,3025.75,2959.25,3009.00,2982.00,3010.00,2958.00
2019-09-23,2019-09-23,2019-09-27,5,30,16145,False,0.00,2995.75,3012.25,2946.25,2968.50,7284749,4.00,18,2980.00,3000.00,2964.00,144,0,0,False,True,False,False,0,0,2972.00,2992.00,2964.00,3024.50,2980.75,2989.25,3004.00,3016.00,2988.00
2019-09-30,2019-09-30,2019-10-04,5,30,16145,False,0.00,2976.00,2994.50,2855.00,2950.75,8097258,4.00,36,2904.00,2956.00,2872.00,157,0,5,False,False,True,False,2,0,2888.00,2956.00,2872.00,3012.25,2946.25,2968.50,2980.00,3000.00,2964.00
2019-10-07,2019-10-07,2019-10-11,5,30,16145,False,0.00,2929.75,2994.00,2881.75,2970.25,7496874,4.00,29,2940.00,2952.00,2900.00,179,0,2,False,False,True,False,0,0,2916.00,2952.00,2900.00,2994.50,2855.00,2950.75,2904.00,2956.00,2872.00
2019-10-14,2019-10-14,2019-10-18,5,30,16145,False,0.00,2968.00,3008.00,2953.75,2989.25,5351119,4.00,15,2992.00,3004.00,2976.00,115,0,0,False,False,False,True,0,0,2988.00,3000.00,2980.00,2994.00,2881.75,2970.25,2940.00,2952.00,2900.00
2019-10-21,2019-10-21,2019-10-25,5,30,16145,False,0.00,2984.75,3026.50,2982.00,3019.75,5069248,4.00,12,3004.00,3016.00,2996.00,97,0,0,False,False,False,True,0,0,3000.00,3012.00,2992.00,3008.00,2953.75,2989.25,2992.00,3004.00,2976.00
2019-10-28,2019-10-28,2019-11-01,5,30,16145,False,0.00,3023.00,3065.00,3020.25,3063.00,6051511,4.00,12,3036.00,3048.00,3028.00,97,0,0,False,False,False,True,0,0,3036.00,3048.00,3028.00,3026.50,2982.00,3019.75,3004.00,3016.00,2996.00
2019-11-04,2019-11-04,2019-11-08,5,30,16145,False,0.00,3064.75,3097.00,3063.00,3092.00,5599194,4.00,10,3076.00,3088.00,3068.00,97,0,0,False,False,False,False,0,0,3072.00,3092.00,3072.00,3065.00,3020.25,3063.00,3036.00,3048.00,3028.00
2019-11-11,2019-11-11,2019-11-15,5,30,16145,False,0.00,3090.50,3119.50,3074.50,3119.00,5308217,4.00,12,3084.00,3096.00,3076.00,101,0,0,False,False,False,True,0,0,3092.00,3096.00,3076.00,3097.00,3063.00,3092.00,3076.00,3088.00,3068.00
2019-11-18,2019-11-18,2019-11-22,5,30,16145,False,0.00,3119.00,3132.50,3090.75,3112.00,6014831,4.00,12,3108.00,3128.00,3100.00,104,0,0,False,False,True,True,0,0,3104.00,3124.00,3104.00,3119.50,3074.50,3119.00,3084.00,3096.00,3076.00
2019-11-25,2019-11-25,2019-11-29,5,28,16145,False,0.00,3119.00,3155.00,3116.50,3143.75,3612087,4.00,10,3144.00,3156.00,3128.00,71,0,0,False,False,True,True,0,0,3144.00,3148.00,3128.00,3132.50,3090.75,3112.00,3108.00,3128.00,3100.00
2019-12-02,2019-12-02,2019-12-06,5,30,16145,False,0.00,3146.25,3158.00,3069.50,3146.50,7823174,4.00,23,3112.00,3132.00,3088.00,120,0,0,False,False,False,False,0,0,3112.00,3156.00,3104.00,3155.00,3116.50,3143.75,3144.00,3156.00,3128.00
2019-12-09,2019-12-09,2019-12-13,5,30,16145,False,0.00,3146.50,3185.00,3116.25,3172.00,6454024,4.00,18,3136.00,3172.00,3128.00,114,0,0,False,False,True,False,0,0,3136.00,3164.00,3128.00,3158.00,3069.50,3146.50,3112.00,3132.00,3088.00
2019-12-16,2019-12-16,2019-12-20,5,30,10571,True,3.00,3179.50,3229.50,3176.75,3224.50,4801813,4.00,14,3196.00,3216.00,3188.00,79,0,0,False,False,True,False,0,0,3196.00,3208.00,3188.00,3188.00,3119.25,3175.00,3139.00,3175.00,3131.00
2019-12-23,2019-12-23,2019-12-27,4,23,10571,False,0.00,3227.00,3254.00,3222.50,3236.50,2263514,4.00,9,3228.00,3248.00,3220.00,56,0,0,False,False,True,True,0,0,3224.00,3244.00,3224.00,3229.50,3176.75,3224.50,3196.00,3216.00,3188.00
2019-12-30,2019-12-30,2020-01-03,4,24,10571,False,0.00,3238.25,3263.50,3206.75,3235.50,5235579,4.00,15,3240.00,3244.00,3216.00,102,0,0,False,False,True,False,0,0,3236.00,3248.00,3220.00,3254.00,3222.50,3236.50,3228.00,3248.00,3220.00
2020-01-06,2020-01-06,2020-01-10,5,30,10571,False,0.00,3220.25,3287.00,3181.00,3263.50,7590732,4.00,27,3224.00,3268.00,3216.00,127,0,7,False,False,True,False,0,0,3236.00,3272.00,3220.00,3263.50,3206.75,3235.50,3240.00,3244.00,3216.00
2020-01-13,2020-01-13,2020-01-17,5,30,10571,False,0.00,3265.75,3330.25,3265.50,3323.75,6525606,4.00,17,3284.00,3304.00,3268.00,97,0,0,False,False,True,False,0,0,3284.00,3312.00,3268.00,3287.00,3181.00,3263.50,3224.00,3268.00,3216.00
2020-01-20,2020-01-20,2020-01-24,5,29,10571,False,0.00,3325.00,3337.50,3280.50,3291.00,7040703,4.00,15,3316.00,3336.00,3308.00,106,0,0,False,False,True,False,0,0,3320.00,3332.00,3304.00,3330.25,3265.50,3323.75,3284.00,3304.00,3268.00
2020-01-27,2020-01-27,2020-01-31,5,30,10571,False,0.00,3269.75,3297.50,3212.75,3227.00,11394069,4.00,22,3256.00,3284.00,3240.00,178,0,0,False,True,True,False,0,0,3244.00,3280.00,3236.00,3337.50,3280.50,3291.00,3316.00,3336.00,3308.00
2020-02-03,2020-02-03,2020-02-07,5,30,10571,False,0.00,3222.75,3357.75,3222.00,3323.00,8582320,4.00,35,3336.00,3356.00,3272.00,150,0,3,False,False,False,False,0,0,3324.00,3352.00,3292.00,3297.50,3212.75,3227.00,3256.00,3284.00,3240.00
2020-02-10,2020-02-10,2020-02-14,5,30,10571,False,0.00,3322.25,3388.50,3303.50,3380.50,6995760,4.00,23,3360.00,3388.00,3352.00,129,0,3,False,False,False,False,0,0,3372.00,3384.00,3356.00,3357.75,3222.00,3323.00,3336.00,3356.00,3272.00
2020-02-17,2020-02-17,2020-02-21,5,29,10571,False,0.00,3382.25,3397.50,3328.00,3338.25,7071384,4.00,18,3384.00,3396.00,3360.00,118,0,0,False,False,False,True,0,0,3368.00,3396.00,3352.00,3388.50,3303.50,3380.50,3360.00,3388.00,3352.00
2020-02-24,2020-02-24,2020-02-28,5,30,10571,False,0.00,3309.00,3312.00,2853.25,2988.00,21559342,4.00,116,3244.00,3312.00,2980.00,428,4,3,False,False,False,False,4,7,3228.00,3264.00,3020.00,3397.50,3328.00,3338.25,3384.00,3396.00,3360.00
2020-03-02,2020-03-02,2020-03-06,5,30,10571,False,0.00,2900.00,3137.00,2889.25,2963.75,15122727,4.00,63,3028.00,3096.00,2964.00,445,2,2,False,False,False,False,0,0,3056.00,3100.00,2976.00,3312.00,2853.25,2988.00,3244.00,3312.00,2980.00
2020-03-09,2020-03-09,2020-03-13,5,30,10571,False,0.00,2916.00,2916.00,2393.50,2664.75,14345429,4.00,132,2816.00,2884.00,2576.00,718,8,3,False,False,False,False,0,0,2744.00,2884.00,2608.00,3137.00,2889.25,2963.75,3028.00,3096.00,2964.00
2020-03-16,2020-03-16,2020-03-20,5,30,21336,True,-14.50,2659.25,2660.50,2260.00,2266.50,10183374,4.00,101,2408.00,2476.00,2344.00,776,27,0,False,False,False,True,0,0,2384.00,2444.00,2328.00,2901.50,2379.00,2650.25,2801.50,2869.50,2561.50
2020-03-23,2020-03-23,2020-03-27,5,30,21336,False,0.00,2220.25,2634.50,2174.00,2520.00,12893534,4.00,116,2436.00,2608.00,2340.00,601,2,0,False,False,False,True,0,0,2528.00,2588.00,2352.00,2660.50,2260.00,2266.50,2408.00,2476.00,2344.00
2020-03-30,2020-03-30,2020-04-03,5,30,21336,False,0.00,2459.00,2635.75,2424.75,2480.25,9652015,4.00,53,2488.00,2556.00,2448.00,377,0,2,False,False,False,False,0,0,2488.00,2572.00,2440.00,2634.50,2174.00,2520.00,2436.00,2608.00,2340.00
2020-04-06,2020-04-06,2020-04-09,4,24,21336,False,0.00,2485.00,2809.50,2484.75,2787.00,8516782,4.00,82,2652.00,2752.00,2620.00,317,2,16,False,False,False,False,0,3,2732.00,2752.00,2596.00,2635.75,2424.75,2480.25,2488.00,2556.00,2448.00
2020-04-13,2020-04-13,2020-04-17,5,30,21336,False,0.00,2811.00,2885.00,2711.00,2869.00,8484073,4.00,45,2784.00,2828.00,2736.00,304,0,2,False,False,True,False,0,0,2772.00,2832.00,2724.00,2809.50,2484.75,2787.00,2652.00,2752.00,2620.00
2020-04-20,2020-04-20,2020-04-24,5,30,21336,False,0.00,2861.50,2875.50,2717.25,2828.00,7716353,4.00,40,2784.00,2828.00,2752.00,269,0,0,False,False,True,True,0,0,2788.00,2832.00,2756.00,2885.00,2711.00,2869.00,2784.00,2828.00,2736.00
2020-04-27,2020-04-27,2020-05-01,5,30,21336,False,0.00,2829.00,2965.00,2811.75,2817.00,7977753,4.00,40,2860.00,2912.00,2836.00,248,2,0,False,False,False,False,0,0,2904.00,2948.00,2856.00,2875.50,2717.25,2828.00,2784.00,2828.00,2752.00
2020-05-04,2020-05-04,2020-05-08,5,30,21336,False,0.00,2789.00,2933.00,2771.00,2930.50,7083359,4.00,42,2868.00,2912.00,2828.00,212,0,3,True,False,False,False,0,0,2872.00,2908.00,2824.00,2965.00,2811.75,2817.00,2860.00,2912.00,2836.00
2020-05-11,2020-05-11,2020-05-15,5,30,21336,False,0.00,2920.75,2947.00,2760.25,2854.75,10080910,4.00,47,2844.00,2888.00,2760.00,273,0,0,False,False,True,True,2,0,2808.00,2876.00,2768.00,2933.00,2771.00,2930.50,2868.00,2912.00,2828.00
2020-05-18,2020-05-18,2020-05-22,5,30,21336,False,0.00,2859.75,2976.25,2850.00,2956.25,7661297,4.00,33,2944.00,2972.00,2920.00,210,0,5,False,False,False,False,0,0,2944.00,2964.00,2928.00,2947.00,2760.25,2854.75,2844.00,2888.00,2760.00
2020-05-25,2020-05-25,2020-05-29,5,29,21336,False,0.00,2948.50,3065.50,2947.50,3057.25,7850128,4.00,31,3032.00,3044.00,2992.00,204,0,3,False,False,False,False,0,0,3008.00,3044.00,2992.00,2976.25,2850.00,2956.25,2944.00,2972.00,2920.00
2020-06-01,2020-06-01,2020-06-05,5,30,21336,False,0.00,3029.75,3210.50,3008.00,3185.25,8342223,4.00,51,3112.00,3140.00,3040.00,189,2,3,False,False,False,False,6,0,3108.00,3144.00,3036.00,3065.50,2947.50,3057.25,3032.00,3044.00,2992.00
2020-06-08,2020-06-08,2020-06-12,5,30,21336,False,0.00,3192.50,3231.25,2982.00,3035.75,10337946,4.00,63,3196.00,3232.00,3060.00,270,0,0,False,False,True,False,0,4,3204.00,3232.00,3060.00,3210.50,3008.00,3185.25,3112.00,3140.00,3040.00
2020-06-15,2020-06-15,2020-06-19,5,30,12181,True,-10.75,2982.00,3157.00,2924.25,3057.75,6446977,4.00,59,3104.00,3140.00,3064.00,306,3,2,False,False,False,False,0,10,3100.00,3136.00,3084.00,3220.50,2971.25,3025.00,3185.25,3221.25,3049.25
2020-06-22,2020-06-22,2020-06-26,5,30,12181,False,0.00,3040.25,3145.75,2992.50,3003.00,9294856,4.00,39,3072.00,3108.00,3024.00,268,0,0,False,True,True,False,0,0,3040.00,3092.00,3000.00,3157.00,2924.25,3057.75,3104.00,3140.00,3064.00
2020-06-29,2020-06-29,2020-07-03,5,29,12181,False,0.00,2986.25,3156.50,2983.50,3115.50,6382582,4.00,45,3120.00,3140.00,3032.00,194,0,2,False,False,False,False,0,0,3104.00,3156.00,3048.00,3145.75,2992.50,3003.00,3072.00,3108.00,3024.00
2020-07-06,2020-07-06,2020-07-10,5,30,12181,False,0.00,3121.25,3184.00,3105.25,3179.50,7275536,4.00,21,3160.00,3164.00,3128.00,204,0,0,False,False,False,False,0,0,3160.00,3172.00,3136.00,3156.50,2983.50,3115.50,3120.00,3140.00,3032.00
2020-07-13,2020-07-13,2020-07-17,5,30,12181,False,0.00,3183.50,3233.25,3119.00,3213.75,8820695,4.00,30,3200.00,3228.00,3176.00,204,0,0,False,False,False,False,0,0,3216.00,3228.00,3184.00,3184.00,3105.25,3179.50,3160.00,3164.00,3128.00
2020-07-20,2020-07-20,2020-07-24,5,30,12181,False,0.00,3214.50,3284.50,3190.25,3203.50,7529828,4.00,25,3256.00,3276.00,3216.00,182,0,0,False,False,False,True,0,0,3264.00,3268.00,3216.00,3233.25,3119.00,3213.75,3200.00,3228.00,3176.00
2020-07-27,2020-07-27,2020-07-31,5,30,12181,False,0.00,3210.75,3273.75,3192.00,3269.50,8005056,4.00,21,3220.00,3256.00,3204.00,187,0,0,False,False,False,True,0,0,3224.00,3244.00,3216.00,3284.50,3190.25,3203.50,3256.00,3276.00,3216.00
2020-08-03,2020-08-03,2020-08-07,5,30,12181,False,0.00,3272.00,3347.75,3254.75,3347.25,6343567,4.00,24,3320.00,3348.00,3288.00,144,0,0,False,False,True,True,0,0,3316.00,3348.00,3292.00,3273.75,3192.00,3269.50,3220.00,3256.00,3204.00
2020-08-10,2020-08-10,2020-08-14,5,30,12181,False,0.00,3347.00,3382.50,3319.50,3363.75,6478356,4.00,17,3368.00,3380.00,3344.00,149,0,2,False,False,True,False,0,0,3368.00,3380.00,3352.00,3347.75,3254.75,3347.25,3320.00,3348.00,3288.00
2020-08-17,2020-08-17,2020-08-21,5,30,12181,False,0.00,3366.00,3396.25,3344.75,3391.50,5416759,4.00,14,3384.00,3396.00,3368.00,120,0,0,False,False,False,False,0,0,3380.00,3392.00,3372.00,3382.50,3319.50,3363.75,3368.00,3380.00,3344.00
2020-08-24,2020-08-24,2020-08-28,5,30,12181,False,0.00,3398.75,3509.50,3393.50,3506.75,6417039,4.00,30,3444.00,3488.00,3396.00,134,0,2,False,False,False,False,2,0,3488.00,3508.00,3432.00,3396.25,3344.75,3391.50,3384.00,3396.00,3368.00
2020-08-31,2020-08-31,2020-09-04,5,30,12181,False,0.00,3508.50,3587.00,3347.75,3415.00,10121054,4.00,61,3500.00,3584.00,3452.00,242,0,12,False,False,True,False,0,0,3504.00,3588.00,3448.00,3509.50,3393.50,3506.75,3444.00,3488.00,3396.00
2020-09-07,2020-09-07,2020-09-11,5,29,12181,False,0.00,3420.50,3447.00,3295.50,3337.25,7685981,4.00,39,3396.00,3424.00,3340.00,277,0,4,False,False,False,False,0,0,3364.00,3400.00,3332.00,3587.00,3347.75,3415.00,3500.00,3584.00,3452.00
2020-09-14,2020-09-14,2020-09-18,5,30,19100,True,-10.50,3339.50,3419.50,3280.75,3317.25,8795258,4.00,35,3344.00,3404.00,3328.00,215,0,3,False,False,True,False,0,0,3400.00,3412.00,3328.00,3436.50,3285.00,3326.75,3385.50,3413.50,3329.50
2020-09-21,2020-09-21,2020-09-25,5,30,19100,False,0.00,3314.50,3326.25,3198.00,3285.50,9819353,4.00,33,3256.00,3284.00,3216.00,263,0,2,False,False,False,False,0,0,3232.00,3276.00,3216.00,3419.50,3280.75,3317.25,3344.00,3404.00,3328.00
2020-09-28,2020-09-28,2020-10-02,5,30,19100,False,0.00,3291.00,3388.00,3287.50,3345.50,8344650,4.00,27,3336.00,3372.00,3320.00,230,0,0,False,False,False,False,0,0,3340.00,3368.00,3324.00,3326.25,3198.00,3285.50,3256.00,3284.00,3216.00
2020-10-05,2020-10-05,2020-10-09,5,30,19100,False,0.00,3360.00,3480.00,3330.50,3476.50,6303489,4.00,39,3388.00,3424.00,3348.00,182,0,0,True,False,False,False,0,0,3392.00,3436.00,3352.00,3388.00,3287.50,3345.50,3336.00,3372.00,3320.00
2020-10-12,2020-10-12,2020-10-16,5,30,19100,False,0.00,3467.50,3541.00,3431.50,3464.75,7417924,4.00,29,3476.00,3528.00,3468.00,193,0,0,False,False,False,False,0,0,3512.00,3524.00,3472.00,3480.00,3330.50,3476.50,3388.00,3424.00,3348.00
2020-10-19,2020-10-19,2020-10-23,5,30,19100,False,0.00,3471.00,3496.50,3402.50,3452.75,7610636,4.00,25,3444.00,3456.00,3420.00,202,0,0,False,False,False,False,0,0,3436.00,3456.00,3420.00,3541.00,3431.50,3464.75,3476.00,3528.00,3468.00
2020-10-26,2020-10-26,2020-10-30,5,30,19100,False,0.00,3445.75,3446.25,3225.00,3278.25,10364961,4.00,56,3276.00,3368.00,3224.00,257,2,0,False,False,False,True,3,0,3280.00,3372.00,3224.00,3496.50,3402.50,3452.75,3444.00,3456.00,3420.00
2020-11-02,2020-11-02,2020-11-06,5,30,19100,False,0.00,3260.00,3522.50,3243.25,3510.00,9392293,4.00,71,3492.00,3520.00,3340.00,318,0,5,False,False,True,False,0,0,3504.00,3524.00,3360.00,3446.25,3225.00,3278.25,3276.00,3368.00,3224.00
2020-11-09,2020-11-09,2020-11-13,5,30,19100,False,0.00,3522.50,3668.00,3506.50,3582.00,8894063,4.00,42,3552.00,3572.00,3520.00,271,10,0,False,False,False,False,0,0,3556.00,3576.00,3516.00,3522.50,3243.25,3510.00,3492.00,3520.00,3340.00
2020-11-16,2020-11-16,2020-11-20,5,30,19100,False,0.00,3587.00,3637.00,3542.25,3551.50,6137532,4.00,25,3604.00,3624.00,3564.00,195,2,0,False,False,False,True,0,0,3608.00,3628.00,3568.00,3668.00,3506.50,3582.00,3552.00,3572.00,3520.00
2020-11-23,2020-11-23,2020-11-27,5,28,19100,False,0.00,3546.50,3655.00,3545.50,3637.00,3992951,4.00,28,3628.00,3648.00,3588.00,143,0,0,False,False,False,False,0,0,3628.00,3648.00,3596.00,3637.00,3542.25,3551.50,3604.00,3624.00,3564.00
2020-11-30,2020-11-30,2020-12-04,5,30,19100,False,0.00,3643.75,3700.00,3592.25,3690.25,5925528,4.00,28,3656.00,3684.00,3632.00,164,0,2,True,False,False,False,0,0,3660.00,3696.00,3644.00,3655.00,3545.50,3637.00,3628.00,3648.00,3588.00
2020-12-07,2020-12-07,2020-12-11,5,30,19100,False,0.00,3694.75,3714.75,3628.25,3660.00,5846154,4.00,22,3676.00,3696.00,3652.00,152,0,0,False,False,True,False,0,0,3668.00,3696.00,3660.00,3700.00,3592.25,3690.25,3656.00,3684.00,3632.00
2020-12-14,2020-12-14,2020-12-18,5,30,5482,True,-7.25,3670.50,3723.00,3636.25,3716.50,6396201,4.00,22,3684.00,3720.00,3676.00,148,0,0,False,False,True,True,0,0,3708.00,3720.00,3676.00,3707.50,3621.00,3652.75,3668.75,3688.75,3644.75
2020-12-21,2020-12-21,2020-12-24,4,23,5482,False,0.00,3718.25,3724.00,3596.00,3692.75,4233881,4.00,33,3684.00,3704.00,3660.00,173,4,2,False,False,False,False,0,0,3684.00,3704.00,3668.00,3723.00,3636.25,3716.50,3684.00,3720.00,3676.00
2020-12-28,2020-12-28,2020-12-31,4,24,5482,False,0.00,3682.00,3753.00,3676.00,3748.75,3358708,4.00,20,3724.00,3744.00,3716.00,97,0,9,True,False,False,False,0,0,3724.00,3736.00,3716.00,3724.00,3596.00,3692.75,3684.00,3704.00,3660.00
2021-01-04,2021-01-04,2021-01-08,5,30,5482,False,0.00,3748.75,3824.50,3652.50,3822.00,8194607,4.00,44,3696.00,3772.00,3680.00,245,0,4,True,False,False,False,0,0,3792.00,3820.00,3704.00,3753.00,3676.00,3748.75,3724.00,3744.00,3716.00
2021-01-11,2021-01-11,2021-01-15,5,30,5482,False,0.00,3815.50,3820.75,3741.50,3746.25,6294170,4.00,21,3796.00,3816.00,3780.00,166,0,0,False,False,False,False,0,0,3792.00,3812.00,3776.00,3824.50,3652.50,3822.00,3696.00,3772.00,3680.00
2021-01-18,2021-01-18,2021-01-22,5,29,5482,False,0.00,3750.00,3859.75,3740.50,3830.00,4624235,4.00,30,3840.00,3860.00,3792.00,139,0,2,False,False,True,False,0,0,3840.00,3860.00,3808.00,3820.75,3741.50,3746.25,3796.00,3816.00,3780.00
2021-01-25,2021-01-25,2021-01-29,5,30,5482,False,0.00,3835.50,3862.25,3685.50,3696.50,10079464,4.00,45,3840.00,3860.00,3744.00,281,0,2,False,False,False,False,0,0,3844.00,3856.00,3748.00,3859.75,3740.50,3830.00,3840.00,3860.00,3792.00
2021-02-01,2021-02-01,2021-02-05,5,30,5482,False,0.00,3692.25,3888.25,3656.50,3884.75,6440159,4.00,59,3828.00,3856.00,3724.00,180,0,11,False,False,False,False,2,2,3828.00,3888.00,3812.00,3862.25,3685.50,3696.50,3840.00,3860.00,3744.00
2021-02-08,2021-02-08,2021-02-12,5,30,5482,False,0.00,3889.00,3936.25,3878.25,3935.75,5584316,4.00,16,3904.00,3916.00,3888.00,141,0,2,True,False,False,False,0,0,3908.00,3912.00,3892.00,3888.25,3656.50,3884.75,3828.00,3856.00,3724.00
2021-02-15,2021-02-15,2021-02-19,5,29,5482,False,0.00,3936.50,3959.25,3880.50,3899.25,5643368,4.00,20,3916.00,3936.00,3892.00,147,0,2,False,False,True,False,0,0,3908.00,3936.00,3900.00,3936.25,3878.25,3935.75,3904.00,3916.00,3888.00
2021-02-22,2021-02-22,2021-02-26,5,30,5482,False,0.00,3905.50,3934.50,3785.00,3807.75,11283480,4.00,38,3876.00,3896.00,3820.00,303,0,0,False,False,True,False,0,0,3832.00,3892.00,3824.00,3959.25,3880.50,3899.25,3916.00,3936.00,3892.00
2021-03-01,2021-03-01,2021-03-05,5,30,5482,False,0.00,3817.25,3912.00,3720.50,3840.50,11344243,4.00,49,3880.00,3900.00,3784.00,289,2,0,False,False,False,True,0,0,3892.00,3904.00,3788.00,3934.50,3785.00,3807.75,3876.00,3896.00,3820.00
2021-03-08,2021-03-08,2021-03-12,5,30,5482,False,0.00,3854.75,3958.50,3796.25,3941.75,7453099,4.00,41,3860.00,3920.00,3820.00,218,0,3,False,False,False,False,0,0,3896.00,3908.00,3824.00,3912.00,3720.50,3840.50,3880.00,3900.00,3784.00
2021-03-15,2021-03-15,2021-03-19,5,30,3853,True,-9.00,3936.75,3978.50,3875.00,3896.75,7951667,4.00,27,3952.00,3972.00,3920.00,188,0,0,False,False,True,False,0,0,3932.00,3968.00,3916.00,3949.50,3787.25,3932.75,3851.00,3911.00,3811.00
2021-03-22,2021-03-22,2021-03-26,5,30,3853,False,0.00,3893.50,3968.00,3843.25,3962.25,9329400,4.00,33,3916.00,3928.00,3884.00,191,0,3,True,False,False,False,0,0,3920.00,3940.00,3896.00,3978.50,3875.00,3896.75,3952.00,3972.00,3920.00
2021-03-29,2021-03-29,2021-04-02,5,28,3853,False,0.00,3962.25,4038.00,3928.75,4027.25,6332139,4.00,28,3952.00,3972.00,3936.00,139,0,0,True,False,False,True,2,0,3944.00,3972.00,3936.00,3968.00,3843.25,3962.25,3916.00,3928.00,3884.00
2021-04-05,2021-04-05,2021-04-09,5,30,3853,False,0.00,4030.00,4121.50,4021.00,4114.00,5508959,4.00,26,4060.00,4104.00,4060.00,128,0,0,True,False,False,True,0,2,4064.00,4092.00,4056.00,4038.00,3928.75,4027.25,3952.00,3972.00,3936.00
2021-04-12,2021-04-12,2021-04-16,5,30,3853,False,0.00,4114.25,4183.50,4101.25,4172.25,6060352,4.00,21,4116.00,4144.00,4100.00,117,0,0,False,False,False,False,0,0,4120.00,4156.00,4104.00,4121.50,4021.00,4114.00,4060.00,4104.00,4060.00
2021-04-19,2021-04-19,2021-04-23,5,30,3853,False,0.00,4165.00,4186.75,4110.50,4166.00,8108143,4.00,20,4164.00,4168.00,4124.00,154,0,0,True,False,False,True,0,0,4152.00,4172.00,4128.00,4183.50,4101.25,4172.25,4116.00,4144.00,4100.00
2021-04-26,2021-04-26,2021-04-30,5,30,3853,False,0.00,4170.75,4211.00,4163.75,4180.50,6771618,4.00,13,4180.00,4200.00,4172.00,125,0,0,False,False,True,False,0,0,4180.00,4192.00,4172.00,4186.75,4110.50,4166.00,4164.00,4168.00,4124.00
2021-05-03,2021-05-03,2021-05-07,5,30,3853,False,0.00,4181.50,4232.25,4120.50,4226.75,7873516,4.00,29,4172.00,4200.00,4156.00,166,0,3,False,False,False,False,2,0,4160.00,4196.00,4136.00,4211.00,4163.75,4180.50,4180.00,4200.00,4172.00
2021-05-10,2021-05-10,2021-05-14,5,30,3853,False,0.00,4226.75,4238.25,4029.25,4173.25,10472881,4.00,53,4124.00,4168.00,4068.00,241,0,2,False,False,True,False,6,0,4112.00,4156.00,4064.00,4232.25,4120.50,4226.75,4172.00,4200.00,4156.00
2021-05-17,2021-05-17,2021-05-21,5,30,3853,False,0.00,4169.00,4185.00,4055.50,4157.75,7806874,4.00,34,4156.00,4184.00,4108.00,199,0,2,False,False,True,False,0,0,4156.00,4184.00,4116.00,4238.25,4029.25,4173.25,4124.00,4168.00,4068.00
2021-05-24,2021-05-24,2021-05-28,5,30,3853,False,0.00,4151.50,4217.50,4142.50,4203.25,5426533,4.00,20,4196.00,4208.00,4180.00,127,0,4,False,False,True,False,0,0,4192.00,4212.00,4192.00,4185.00,4055.50,4157.75,4156.00,4184.00,4108.00
2021-05-31,2021-05-31,2021-06-04,5,29,3853,False,0.00,4206.50,4232.00,4165.25,4227.75,4711408,4.00,18,4196.00,4216.00,4188.00,124,0,2,False,False,False,False,0,0,4200.00,4220.00,4192.00,4217.50,4142.50,4203.25,4196.00,4208.00,4180.00
2021-06-07,2021-06-07,2021-06-11,5,30,3853,False,0.00,4232.25,4249.00,4205.75,4245.00,4628494,4.00,12,4224.00,4236.00,4216.00,119,0,0,False,False,True,True,0,0,4228.00,4240.00,4220.00,4232.00,4165.25,4227.75,4196.00,4216.00,4188.00
2021-06-14,2021-06-14,2021-06-18,5,30,1030,True,-9.00,4239.00,4258.25,4140.75,4141.75,6601248,4.00,30,4236.00,4248.00,4196.00,142,0,0,False,True,False,False,0,0,4236.00,4248.00,4196.00,4240.00,4196.75,4236.00,4215.00,4227.00,4207.00
2021-06-21,2021-06-21,2021-06-25,5,30,1030,False,0.00,4142.50,4276.75,4126.75,4274.50,5034886,4.00,39,4240.00,4268.00,4208.00,129,0,3,True,False,False,False,0,6,4236.00,4280.00,4212.00,4258.25,4140.75,4141.75,4236.00,4248.00,4196.00
2021-06-28,2021-06-28,2021-07-02,5,30,1030,False,0.00,4275.00,4347.00,4264.25,4338.75,4457466,4.00,21,4276.00,4304.00,4268.00,102,0,0,False,False,False,True,2,0,4284.00,4304.00,4268.00,4276.75,4126.75,4274.50,4240.00,4268.00,4208.00
2021-07-05,2021-07-05,2021-07-09,5,29,1030,False,0.00,4341.00,4364.00,4279.25,4362.00,5734549,4.00,23,4340.00,4352.00,4308.00,139,0,0,True,False,False,False,0,0,4344.00,4356.00,4304.00,4347.00,4264.25,4338.75,4276.00,4304.00,4268.00
2021-07-12,2021-07-12,2021-07-16,5,30,1030,False,0.00,4362.00,4384.50,4314.25,4318.50,6680718,4.00,19,4360.00,4372.00,4344.00,142,0,0,False,True,False,False,0,0,4368.00,4380.00,4344.00,4364.00,4279.25,4362.00,4340.00,4352.00,4308.00
2021-07-19,2021-07-19,2021-07-23,5,30,1030,False,0.00,4320.00,4408.25,4224.00,4399.25,7565714,4.00,47,4316.00,4368.00,4260.00,169,0,0,False,False,False,True,3,0,4348.00,4360.00,4244.00,4384.50,4314.25,4318.50,4360.00,4372.00,4344.00
2021-07-26,2021-07-26,2021-07-30,5,30,1030,False,0.00,4400.50,4422.50,4364.75,4395.25,5962275,4.00,15,4392.00,4404.00,4376.00,166,0,0,False,False,True,True,0,0,4392.00,4412.00,4384.00,4408.25,4224.00,4399.25,4316.00,4368.00,4260.00
2021-08-02,2021-08-02,2021-08-06,5,30,1030,False,0.00,4396.50,4433.25,4365.25,4430.25,5122748,4.00,18,4404.00,4424.00,4388.00,130,0,0,False,False,True,True,0,0,4408.00,4428.00,4392.00,4422.50,4364.75,4395.25,4392.00,4404.00,4376.00
2021-08-09,2021-08-09,2021-08-13,5,30,1030,False,0.00,4428.00,4463.25,4412.25,4459.75,4246154,4.00,13,4424.00,4444.00,4416.00,97,0,0,False,False,True,True,0,0,4424.00,4444.00,4416.00,4433.25,4365.25,4430.25,4404.00,4424.00,4388.00
2021-08-16,2021-08-16,2021-08-20,5,30,1030,False,0.00,4456.25,4476.50,4347.75,4437.50,7610113,4.00,34,4436.00,4464.00,4388.00,190,0,0,False,False,False,False,0,0,4436.00,4456.00,4396.00,4463.25,4412.25,4459.75,4424.00,4444.00,4416.00
2021-08-23,2021-08-23,2021-08-27,5,30,1030,False,0.00,4435.00,4510.00,4433.50,4507.50,4904708,4.00,20,4484.00,4496.00,4468.00,110,0,3,False,False,True,False,0,0,4480.00,4500.00,4472.00,4476.50,4347.75,4437.50,4436.00,4464.00,4388.00
2021-08-30,2021-08-30,2021-09-03,5,30,1030,False,0.00,4508.75,4549.50,4500.75,4533.75,5376664,4.00,13,4524.00,4544.00,4516.00,117,0,0,False,False,False,False,0,0,4524.00,4536.00,4516.00,4510.00,4433.50,4507.50,4484.00,4496.00,4468.00
2021-09-06,2021-09-06,2021-09-10,5,29,1030,False,0.00,4533.00,4548.00,4456.50,4461.00,4971860,4.00,24,4504.00,4532.00,4488.00,140,0,0,False,True,True,False,0,0,4508.00,4528.00,4492.00,4549.50,4500.75,4533.75,4524.00,4544.00,4516.00
2021-09-13,2021-09-13,2021-09-17,5,30,8858,True,-9.25,4451.75,4483.50,4406.50,4408.25,7583388,4.00,20,4460.00,4472.00,4436.00,170,0,0,False,True,False,False,0,0,4440.00,4476.00,4432.00,4538.75,4447.25,4451.75,4494.75,4522.75,4478.75
2021-09-20,2021-09-20,2021-09-24,5,30,8858,False,0.00,4411.75,4455.00,4293.75,4446.00,8777070,4.00,41,4360.00,4420.00,4328.00,231,0,5,False,False,True,False,0,0,4436.00,4456.00,4356.00,4483.50,4406.50,4408.25,4460.00,4472.00,4436.00
2021-09-27,2021-09-27,2021-10-01,5,30,8858,False,0.00,4446.00,4472.00,4260.00,4350.75,9704278,4.00,54,4364.00,4392.00,4276.00,242,0,2,False,False,False,False,2,0,4348.00,4376.00,4300.00,4455.00,4293.75,4446.00,4360.00,4420.00,4328.00
2021-10-04,2021-10-04,2021-10-08,5,30,8858,False,0.00,4349.00,4421.50,4267.50,4380.50,8555818,4.00,40,4332.00,4360.00,4276.00,235,3,0,False,False,False,False,0,0,4392.00,4420.00,4304.00,4472.00,4260.00,4350.75,4364.00,4392.00,4276.00
2021-10-11,2021-10-11,2021-10-15,5,30,8858,False,0.00,4381.00,4467.50,4317.25,4465.25,6147144,4.00,38,4364.00,4384.00,4324.00,201,0,0,False,False,False,True,3,0,4348.00,4416.00,4324.00,4421.50,4267.50,4380.50,4332.00,4360.00,4276.00
2021-10-18,2021-10-18,2021-10-22,5,30,8858,False,0.00,4465.50,4551.50,4436.25,4529.25,5162709,4.00,29,4512.00,4548.00,4488.00,136,0,0,False,False,True,False,0,0,4524.00,4544.00,4500.00,4467.50,4317.25,4465.25,4364.00,4384.00,4324.00
2021-10-25,2021-10-25,2021-10-29,5,30,8858,False,0.00,4528.75,4603.50,4522.50,4602.50,5893477,4.00,21,4572.00,4584.00,4548.00,151,0,2,False,False,False,False,0,0,4572.00,4592.00,4556.00,4551.50,4436.25,4529.25,4512.00,4548.00,4488.00
2021-11-01,2021-11-01,2021-11-05,5,30,8858,False,0.00,4608.00,4711.75,4586.50,4685.75,5522006,4.00,32,4616.00,4668.00,4584.00,136,0,0,False,False,True,True,5,0,4616.00,4668.00,4584.00,4603.50,4522.50,4602.50,4572.00,4584.00,4548.00
2021-11-08,2021-11-08,2021-11-12,5,30,8858,False,0.00,4678.50,4707.00,4625.25,4681.00,5806399,4.00,21,4644.00,4688.00,4644.00,148,0,3,False,False,False,False,0,0,4672.00,4684.00,4640.00,4711.75,4586.50,4685.75,4616.00,4668.00,4584.00
2021-11-15,2021-11-15,2021-11-19,5,30,8858,False,0.00,4684.75,4723.50,4667.00,4697.75,5423048,4.00,15,4692.00,4704.00,4676.00,142,0,0,False,False,True,False,0,0,4688.00,4708.00,4680.00,4707.00,4625.25,4681.00,4644.00,4688.00,4644.00
2021-11-22,2021-11-22,2021-11-26,5,28,8858,False,0.00,4701.00,4740.50,4577.25,4579.00,6774067,4.00,42,4680.00,4716.00,4656.00,200,2,0,False,True,False,False,0,0,4676.00,4728.00,4652.00,4723.50,4667.00,4697.75,4692.00,4704.00,4676.00
2021-11-29,2021-11-29,2021-12-03,5,30,8858,False,0.00,4589.00,4669.75,4492.00,4533.25,12386844,4.00,45,4580.00,4648.00,4548.00,338,0,0,False,False,True,False,0,0,4576.00,4612.00,4504.00,4740.50,4577.25,4579.00,4680.00,4716.00,4656.00
2021-12-06,2021-12-06,2021-12-10,5,30,8858,False,0.00,4542.25,4712.75,4531.50,4712.25,6923821,4.00,47,4688.00,4716.00,4608.00,211,0,0,False,False,True,False,0,7,4684.00,4712.00,4652.00,4669.75,4492.00,4533.25,4580.00,4648.00,4548.00
2021-12-13,2021-12-13,2021-12-17,5,30,5782,True,-7.50,4703.75,4743.25,4590.00,4619.25,9058009,4.00,39,4632.00,4684.00,4600.00,257,2,2,False,False,False,False,0,0,4612.00,4680.00,4604.00,4705.25,4524.00,4704.75,4680.50,4708.50,4600.50
2021-12-20,2021-12-20,2021-12-23,4,24,5782,False,0.00,4612.00,4731.25,4520.25,4716.75,5478972,4.00,53,4628.00,4648.00,4540.00,177,0,0,False,False,False,False,4,0,4548.00,4648.00,4524.00,4743.25,4590.00,4619.25,4632.00,4684.00,4600.00
2021-12-27,2021-12-27,2021-12-31,5,30,5782,False,0.00,4717.00,4799.75,4713.25,4761.50,4172252,4.00,22,4772.00,4800.00,4764.00,143,0,0,False,False,True,True,0,3,4784.00,4796.00,4768.00,4731.25,4520.25,4716.75,4628.00,4648.00,4540.00
2022-01-03,2022-01-03,2022-01-07,5,30,5782,False,0.00,4771.00,4808.25,4653.75,4667.50,7761111,4.00,40,4772.00,4808.00,4692.00,216,0,2,False,False,False,False,0,7,4780.00,4808.00,4692.00,4799.75,4713.25,4761.50,4772.00,4800.00,4764.00
2022-01-10,2022-01-10,2022-01-14,5,30,5782,False,0.00,4671.25,4739.50,4572.75,4664.00,9096721,4.00,42,4656.00,4708.00,4616.00,270,0,6,False,False,True,False,0,0,4632.00,4692.00,4584.00,4808.25,4653.75,4667.50,4772.00,4808.00,4692.00
2022-01-17,2022-01-17,2022-01-21,5,29,5782,False,0.00,4666.00,4671.75,4381.25,4381.50,9005253,4.00,73,4560.00,4668.00,4512.00,293,0,0,False,True,False,False,2,6,4584.00,4612.00,4464.00,4739.50,4572.75,4664.00,4656.00,4708.00,4616.00
2022-01-24,2022-01-24,2022-01-28,5,30,5782,False,0.00,4389.00,4446.25,4212.75,4419.75,12886176,4.00,59,4336.00,4396.00,4296.00,552,2,12,False,False,False,False,0,0,4324.00,4392.00,4284.00,4671.75,4381.25,4381.50,4560.00,4668.00,4512.00
2022-01-31,2022-01-31,2022-02-04,5,30,5782,False,0.00,4423.50,4586.00,4395.50,4485.50,8434017,4.00,49,4504.00,4564.00,4472.00,283,0,2,False,False,False,False,0,0,4504.00,4548.00,4464.00,4446.25,4212.75,4419.75,4336.00,4396.00,4296.00
2022-02-07,2022-02-07,2022-02-11,5,30,5782,False,0.00,4497.00,4585.00,4393.25,4418.00,8893068,4.00,49,4480.00,4540.00,4456.00,284,0,0,False,True,False,False,0,2,4500.00,4568.00,4460.00,4586.00,4395.50,4485.50,4504.00,4564.00,4472.00
2022-02-14,2022-02-14,2022-02-18,5,30,5782,False,0.00,4411.75,4484.50,4321.00,4344.25,8223579,4.00,42,4400.00,4452.00,4360.00,301,0,2,False,False,False,False,0,0,4456.00,4476.00,4384.00,4585.00,4393.25,4418.00,4480.00,4540.00,4456.00
2022-02-21,2022-02-21,2022-02-25,5,29,5782,False,0.00,4324.25,4391.25,4101.75,4380.50,9069382,4.00,73,4312.00,4380.00,4248.00,411,0,0,False,False,False,True,0,0,4316.00,4384.00,4236.00,4484.50,4321.00,4344.25,4400.00,4452.00,4360.00
2022-02-28,2022-02-28,2022-03-04,5,30,5782,False,0.00,4299.50,4418.75,4251.50,4320.25,8798543,4.00,43,4320.00,4380.00,4304.00,380,3,3,False,False,False,False,0,0,4324.00,4376.00,4300.00,4391.25,4101.75,4380.50,4312.00,4380.00,4248.00
2022-03-07,2022-03-07,2022-03-11,5,30,5782,False,0.00,4308.75,4335.50,4138.75,4205.75,7984036,4.00,50,4244.00,4288.00,4196.00,397,2,0,False,False,False,False,0,0,4256.00,4284.00,4208.00,4418.75,4251.50,4320.25,4320.00,4380.00,4304.00
2022-03-14,2022-03-14,2022-03-18,5,30,3403,True,-9.50,4206.50,4465.75,4129.50,4465.00,6780174,4.00,85,4208.00,4348.00,4152.00,321,0,4,True,False,False,False,3,0,4216.00,4356.00,4152.00,4326.00,4129.25,4196.25,4234.50,4278.50,4186.50
2022-03-21,2022-03-21,2022-03-25,5,30,3403,False,0.00,4460.00,4539.00,4415.00,4536.00,6124190,4.00,32,4460.00,4504.00,4436.00,218,0,3,False,False,True,False,0,0,4500.00,4512.00,4444.00,4465.75,4129.50,4465.00,4208.00,4348.00,4152.00
2022-03-28,2022-03-28,2022-04-01,5,30,3403,False,0.00,4535.25,4631.00,4501.25,4538.50,6503487,4.00,33,4536.00,4604.00,4512.00,203,0,2,False,False,False,False,0,0,4532.00,4600.00,4508.00,4539.00,4415.00,4536.00,4460.00,4504.00,4436.00
2022-04-04,2022-04-04,2022-04-08,5,30,3403,False,0.00,4538.25,4588.75,4444.50,4483.50,6696508,4.00,37,4496.00,4540.00,4456.00,229,0,0,False,False,False,True,0,0,4472.00,4524.00,4448.00,4631.00,4501.25,4538.50,4536.00,4604.00,4512.00
2022-04-11,2022-04-11,2022-04-14,4,24,3403,False,0.00,4488.75,4491.25,4375.50,4389.00,5628416,4.00,30,4412.00,4456.00,4396.00,205,2,2,False,False,False,False,0,0,4428.00,4456.00,4404.00,4588.75,4444.50,4483.50,4496.00,4540.00,4456.00
2022-04-18,2022-04-18,2022-04-22,5,30,3403,False,0.00,4390.00,4509.00,4247.50,4251.25,7544214,4.00,67,4372.00,4464.00,4356.00,267,2,0,False,True,False,False,0,8,4460.00,4504.00,4380.00,4491.25,4375.50,4389.00,4412.00,4456.00,4396.00
2022-04-25,2022-04-25,2022-04-29,5,30,3403,False,0.00,4259.00,4303.50,4118.75,4137.00,9931946,4.00,47,4216.00,4268.00,4184.00,366,0,0,False,True,True,False,0,0,4212.00,4248.00,4172.00,4509.00,4247.50,4251.25,4372.00,4464.00,4356.00
2022-05-02,2022-05-02,2022-05-06,5,30,3403,False,0.00,4144.00,4303.00,4056.00,4110.75,10152831,4.00,62,4144.00,4188.00,4096.00,382,0,0,False,False,True,False,0,0,4148.00,4184.00,4108.00,4303.50,4118.75,4137.00,4216.00,4268.00,4184.00
2022-05-09,2022-05-09,2022-05-13,5,30,3403,False,0.00,4087.25,4099.00,3855.00,4014.00,10476077,4.00,62,4008.00,4044.00,3928.00,404,0,3,False,False,False,False,0,0,4012.00,4056.00,3956.00,4303.00,4056.00,4110.75,4144.00,4188.00,4096.00
2022-05-16,2022-05-16,2022-05-20,5,30,3403,False,0.00,4025.00,4095.00,3807.50,3902.00,9990987,4.00,73,3916.00,4016.00,3804.00,368,0,2,False,False,False,False,6,0,3900.00,4008.00,3812.00,4099.00,3855.00,4014.00,4008.00,4044.00,3928.00
2022-05-23,2022-05-23,2022-05-27,5,30,3403,False,0.00,3910.50,4168.25,3872.00,4168.00,8253597,4.00,75,3928.00,3996.00,3904.00,295,0,7,True,False,False,False,15,0,3944.00,4004.00,3872.00,4095.00,3807.50,3902.00,3916.00,4016.00,3804.00
2022-05-30,2022-05-30,2022-06-03,5,29,3403,False,0.00,4164.50,4202.25,4071.50,4109.50,6928562,4.00,34,4148.00,4168.00,4100.00,269,0,0,False,False,True,False,0,0,4128.00,4156.00,4096.00,4168.25,3872.00,4168.00,3928.00,3996.00,3904.00
2022-06-06,2022-06-06,2022-06-10,5,30,3403,False,0.00,4110.50,4168.25,3895.25,3905.50,7778221,4.00,70,4104.00,4164.00,4080.00,272,0,0,False,False,False,False,0,27,4116.00,4160.00,4084.00,4202.25,4071.50,4109.50,4148.00,4168.00,4100.00
2022-06-13,2022-06-13,2022-06-17,5,30,97042,True,3.25,3874.00,3879.75,3639.00,3683.75,7848312,4.00,61,3760.00,3828.00,3704.00,355,5,0,False,False,False,False,0,0,3676.00,3776.00,3644.00,4171.50,3898.50,3908.75,4107.25,4167.25,4083.25
2022-06-20,2022-06-20,2022-06-24,5,29,97042,False,0.00,3684.00,3919.75,3661.50,3914.75,6164118,4.00,65,3764.00,3800.00,3700.00,262,0,0,True,False,False,False,10,0,3764.00,3800.00,3716.00,3879.75,3639.00,3683.75,3760.00,3828.00,3704.00
2022-06-27,2022-06-27,2022-07-01,5,30,97042,False,0.00,3915.00,3950.00,3741.25,3825.50,8815648,4.00,53,3812.00,3896.00,3740.00,307,0,0,False,False,True,False,7,0,3824.00,3836.00,3744.00,3919.75,3661.50,3914.75,3764.00,3800.00,3700.00
2022-07-04,2022-07-04,2022-07-08,5,29,97042,False,0.00,3828.50,3922.00,3744.00,3905.50,6302169,4.00,45,3832.00,3884.00,3792.00,251,0,0,False,False,False,True,0,0,3828.00,3912.00,3812.00,3950.00,3741.25,3825.50,3812.00,3896.00,3740.00
2022-07-11,2022-07-11,2022-07-15,5,30,97042,False,0.00,3900.00,3900.75,3723.75,3866.75,8427147,4.00,46,3828.00,3880.00,3788.00,281,4,2,False,False,False,False,0,0,3856.00,3868.00,3784.00,3922.00,3744.00,3905.50,3832.00,3884.00,3792.00
2022-07-18,2022-07-18,2022-07-22,5,30,97042,False,0.00,3878.50,4016.25,3820.25,3963.25,8075002,4.00,50,3944.00,4020.00,3904.00,234,3,3,False,False,False,False,0,2,3960.00,4012.00,3928.00,3900.75,3723.75,3866.75,3828.00,3880.00,3788.00
2022-07-25,2022-07-25,2022-07-29,5,30,97042,False,0.00,3967.75,4144.00,3913.25,4132.50,8449235,4.00,59,3960.00,4044.00,3928.00,219,0,0,True,False,False,False,5,0,3972.00,4056.00,3916.00,4016.25,3820.25,3963.25,3944.00,4020.00,3904.00
2022-08-01,2022-08-01,2022-08-05,5,30,97042,False,0.00,4137.50,4173.25,4080.50,4141.75,8053286,4.00,24,4112.00,4156.00,4096.00,209,0,0,False,False,False,True,0,0,4120.00,4156.00,4104.00,4144.00,3913.25,4132.50,3960.00,4044.00,3928.00
2022-08-08,2022-08-08,2022-08-12,5,30,97042,False,0.00,4149.75,4282.75,4113.00,4280.75,7044498,4.00,43,4220.00,4248.00,4140.00,202,0,0,True,False,False,True,0,0,4232.00,4260.00,4144.00,4173.25,4080.50,4141.75,4112.00,4156.00,4096.00
2022-08-15,2022-08-15,2022-08-19,5,30,97042,False,0.00,4277.00,4327.50,4220.75,4228.50,7118208,4.00,27,4272.00,4308.00,4264.00,184,0,0,False,False,False,False,0,0,4272.00,4308.00,4264.00,4282.75,4113.00,4280.75,4220.00,4248.00,4140.00
2022-08-22,2022-08-22,2022-08-26,5,30,97042,False,0.00,4221.00,4221.50,4042.75,4042.75,8208306,4.00,46,4140.00,4192.00,4124.00,229,0,0,False,True,True,False,0,2,4136.00,4180.00,4128.00,4327.50,4220.75,4228.50,4272.00,4308.00,4264.00
2022-08-29,2022-08-29,2022-09-02,5,30,97042,False,0.00,4024.00,4072.75,3903.50,3933.25,11242505,4.00,44,4028.00,4056.00,3948.00,274,0,0,False,False,True,False,0,0,3988.00,4016.00,3924.00,4221.50,4042.75,4042.75,4140.00,4192.00,4124.00
2022-09-05,2022-09-05,2022-09-09,5,29,97042,False,0.00,3929.00,4077.25,3883.50,4066.25,7397418,4.00,50,3932.00,3984.00,3892.00,223,0,0,True,False,False,False,3,0,3980.00,4000.00,3908.00,4072.75,3903.50,3933.25,4028.00,4056.00,3948.00
2022-09-12,2022-09-12,2022-09-16,5,30,206323,True,19.00,4096.25,4177.00,3853.00,3902.50,8316389,4.00,82,3960.00,4060.00,3852.00,273,7,0,False,False,False,True,19,2,3964.00,3984.00,3876.00,4096.25,3902.50,4085.25,3951.00,4003.00,3911.00
2022-09-19,2022-09-19,2022-09-23,5,30,206323,False,0.00,3889.50,3936.25,3660.25,3711.50,12036121,4.00,70,3872.00,3940.00,3792.00,291,0,0,False,True,False,False,0,6,3876.00,3928.00,3772.00,4177.00,3853.00,3902.50,3960.00,4060.00,3852.00
2022-09-26,2022-09-26,2022-09-30,5,30,206323,False,0.00,3705.25,3751.25,3595.25,3604.25,14041493,4.00,40,3668.00,3712.00,3636.00,346,3,0,False,True,False,False,0,0,3648.00,3700.00,3632.00,3936.25,3660.25,3711.50,3872.00,3940.00,3792.00
2022-10-03,2022-10-03,2022-10-07,5,30,206323,False,0.00,3593.25,3820.00,3571.75,3650.75,10844578,4.00,64,3780.00,3816.00,3692.00,286,0,4,False,False,False,False,0,2,3792.00,3820.00,3688.00,3751.25,3595.25,3604.25,3668.00,3712.00,3636.00
2022-10-10,2022-10-10,2022-10-14,5,30,206323,False,0.00,3638.75,3733.75,3502.00,3596.50,12077992,4.00,59,3616.00,3660.00,3576.00,345,5,8,False,False,False,False,0,0,3600.00,3652.00,3584.00,3820.00,3571.75,3650.75,3780.00,3816.00,3692.00
2022-10-17,2022-10-17,2022-10-21,5,30,206323,False,0.00,3591.00,3777.25,3590.50,3772.00,11806736,4.00,48,3700.00,3760.00,3676.00,322,0,5,False,False,False,False,0,0,3692.00,3744.00,3684.00,3733.75,3502.00,3596.50,3616.00,3660.00,3576.00
2022-10-24,2022-10-24,2022-10-28,5,30,206323,False,0.00,3771.00,3924.25,3736.50,3923.00,10003450,4.00,48,3840.00,3868.00,3792.00,295,0,3,True,False,False,False,0,0,3844.00,3880.00,3796.00,3777.25,3590.50,3772.00,3700.00,3760.00,3676.00
2022-10-31,2022-10-31,2022-11-04,5,30,206323,False,0.00,3911.50,3928.00,3704.25,3772.75,10095198,4.00,57,3896.00,3932.00,3752.00,284,3,0,False,False,False,True,0,6,3884.00,3928.00,3764.00,3924.25,3736.50,3923.00,3840.00,3868.00,3792.00
2022-11-07,2022-11-07,2022-11-11,5,30,206323,False,0.00,3750.00,4009.75,3738.25,3999.50,9223739,4.00,69,3816.00,3868.00,3744.00,288,0,3,True,False,False,False,11,0,3812.00,3920.00,3748.00,3928.00,3704.25,3772.75,3896.00,3932.00,3752.00
2022-11-14,2022-11-14,2022-11-18,5,30,206323,False,0.00,3984.00,4050.75,3912.50,3971.50,8095580,4.00,35,3980.00,4008.00,3948.00,240,3,0,False,False,False,True,0,0,3968.00,4004.00,3944.00,4009.75,3738.25,3999.50,3816.00,3868.00,3744.00
2022-11-21,2022-11-21,2022-11-25,5,28,206323,False,0.00,3972.50,4049.25,3937.50,4034.25,4040679,4.00,29,3960.00,4028.00,3944.00,135,0,2,False,False,True,False,2,0,4028.00,4048.00,3964.00,4050.75,3912.50,3971.50,3980.00,4008.00,3948.00
2022-11-28,2022-11-28,2022-12-02,5,30,206323,False,0.00,4020.25,4110.00,3941.25,4066.75,8747942,4.00,43,4080.00,4100.00,3984.00,232,0,0,False,False,False,True,0,0,4076.00,4096.00,3972.00,4049.25,3937.50,4034.25,3960.00,4028.00,3944.00
2022-12-05,2022-12-05,2022-12-09,5,30,206323,False,0.00,4074.00,4075.75,3914.00,3931.50,7434748,4.00,41,3940.00,3992.00,3924.00,201,0,0,False,False,True,False,5,0,3960.00,3972.00,3928.00,4110.00,3941.25,4066.75,4080.00,4100.00,3984.00
2022-12-12,2022-12-12,2022-12-16,5,30,206299,True,33.50,3966.50,4178.50,3855.25,3872.00,6477907,4.00,82,4024.00,4140.00,3944.00,289,11,0,False,False,False,False,0,0,3924.00,4024.00,3852.00,4109.25,3947.50,3965.00,3973.50,4025.50,3957.50
2022-12-19,2022-12-19,2022-12-23,5,30,206299,False,0.00,3874.00,3919.75,3788.50,3868.25,7366411,4.00,33,3852.00,3888.00,3820.00,239,0,0,False,False,True,False,0,0,3856.00,3876.00,3824.00,4178.50,3855.25,3872.00,4024.00,4140.00,3944.00
2022-12-26,2022-12-27,2022-12-30,4,24,206299,False,0.00,3878.00,3900.50,3804.50,3868.00,4563479,4.00,25,3852.00,3872.00,3820.00,166,0,0,False,False,True,True,0,0,3860.00,3880.00,3836.00,3919.75,3788.50,3868.25,3852.00,3888.00,3820.00
2023-01-02,2023-01-03,2023-01-06,4,24,206299,False,0.00,3895.00,3928.75,3814.50,3913.75,7147139,4.00,30,3864.00,3884.00,3832.00,221,0,0,True,False,False,False,0,0,3828.00,3880.00,3828.00,3900.50,3804.50,3868.00,3852.00,3872.00,3820.00
2023-01-09,2023-01-09,2023-01-13,5,30,206299,False,0.00,3918.50,4024.25,3891.50,4019.00,7914287,4.00,35,3992.00,4012.00,3928.00,201,0,2,False,False,False,False,0,0,3988.00,4016.00,3940.00,3928.75,3814.50,3913.75,3864.00,3884.00,3832.00
2023-01-16,2023-01-16,2023-01-20,5,29,206299,False,0.00,4020.00,4035.25,3901.75,3988.00,6573900,4.00,34,4008.00,4036.00,3936.00,186,0,0,False,False,True,False,0,0,4012.00,4032.00,3932.00,4024.25,3891.50,4019.00,3992.00,4012.00,3928.00
2023-01-23,2023-01-23,2023-01-27,5,30,206299,False,0.00,3987.00,4109.25,3963.25,4084.00,7753659,4.00,38,4032.00,4068.00,4000.00,199,0,2,True,False,False,False,0,0,4028.00,4072.00,3996.00,4035.25,3901.75,3988.00,4008.00,4036.00,3936.00
2023-01-30,2023-01-30,2023-02-03,5,30,206299,False,0.00,4077.00,4208.50,4007.50,4146.00,9848393,4.00,52,4076.00,4152.00,4004.00,238,0,2,False,False,False,False,10,0,4144.00,4204.00,4064.00,4109.25,3963.25,4084.00,4032.00,4068.00,4000.00
2023-02-06,2023-02-06,2023-02-10,5,30,206299,False,0.00,4134.25,4188.25,4060.75,4099.50,8844218,4.00,33,4128.00,4172.00,4104.00,222,3,2,False,False,False,False,0,0,4124.00,4168.00,4108.00,4208.50,4007.50,4146.00,4076.00,4152.00,4004.00
2023-02-13,2023-02-13,2023-02-17,5,30,206299,False,0.00,4105.00,4186.50,4055.75,4085.75,9132051,4.00,34,4140.00,4168.00,4100.00,221,4,0,False,False,False,False,0,0,4128.00,4156.00,4104.00,4188.25,4060.75,4099.50,4128.00,4172.00,4104.00
2023-02-20,2023-02-20,2023-02-24,5,29,206299,False,0.00,4083.00,4089.25,3947.50,3974.50,7567418,4.00,37,4012.00,4032.00,3964.00,174,0,2,False,False,True,False,0,0,4012.00,4032.00,3972.00,4186.50,4055.75,4085.75,4140.00,4168.00,4100.00
2023-02-27,2023-02-27,2023-03-03,5,30,206299,False,0.00,3976.50,4053.00,3925.00,4052.50,8664543,4.00,33,3984.00,4012.00,3952.00,192,0,0,True,False,False,False,0,0,3984.00,4004.00,3944.00,4089.25,3947.50,3974.50,4012.00,4032.00,3964.00
2023-03-06,2023-03-06,2023-03-10,5,30,206299,False,0.00,4049.25,4082.50,3846.25,3879.00,10144966,4.00,60,3988.00,4024.00,3876.00,219,4,0,False,False,False,False,5,4,3988.00,4040.00,3892.00,4053.00,3925.00,4052.50,3984.00,4012.00,3952.00
2023-03-13,2023-03-13,2023-03-17,5,30,95414,True,33.00,3920.75,4009.25,3841.75,3947.75,9203152,4.00,43,3924.00,3960.00,3892.00,331,2,6,False,False,False,False,0,0,3948.00,3968.00,3884.00,4115.50,3879.25,3912.00,4021.00,4057.00,3909.00
2023-03-20,2023-03-20,2023-03-24,5,30,95414,False,0.00,3963.75,4073.75,3897.25,4010.50,8948700,4.00,45,3984.00,4020.00,3944.00,240,7,10,False,False,False,False,0,0,3972.00,4024.00,3948.00,4009.25,3841.75,3947.75,3924.00,3960.00,3892.00
2023-03-27,2023-03-27,2023-03-31,5,30,95414,False,0.00,4008.00,4142.50,3980.75,4139.50,6600531,4.00,41,4012.00,4072.00,3988.00,158,0,0,True,False,False,True,2,0,4080.00,4140.00,4016.00,4073.75,3897.25,4010.50,3984.00,4020.00,3944.00
2023-04-03,2023-04-03,2023-04-07,5,28,95414,False,0.00,4127.00,4171.75,4096.50,4141.50,5616018,4.00,19,4128.00,4140.00,4104.00,135,0,0,False,False,False,True,0,0,4128.00,4140.00,4104.00,4142.50,3980.75,4139.50,4012.00,4072.00,3988.00
2023-04-10,2023-04-10,2023-04-14,5,30,95414,False,0.00,4139.00,4189.00,4098.75,4171.75,7306291,4.00,24,4136.00,4164.00,4112.00,166,0,0,False,False,False,True,0,0,4140.00,4168.00,4124.00,4171.75,4096.50,4141.50,4128.00,4140.00,4104.00
2023-04-17,2023-04-17,2023-04-21,5,30,95414,False,0.00,4174.25,4198.25,4135.25,4153.25,7184312,4.00,17,4156.00,4176.00,4148.00,136,0,0,False,False,False,False,0,0,4152.00,4180.00,4144.00,4189.00,4098.75,4171.75,4136.00,4164.00,4112.00
2023-04-24,2023-04-24,2023-04-28,5,30,95414,False,0.00,4150.00,4193.75,4068.75,4190.75,8035003,4.00,32,4144.00,4180.00,4104.00,159,0,3,True,False,False,False,0,0,4100.00,4160.00,4092.00,4198.25,4135.25,4153.25,4156.00,4176.00,4148.00
2023-05-01,2023-05-01,2023-05-05,5,30,95414,False,0.00,4190.00,4206.25,4062.25,4149.00,8173035,4.00,37,4140.00,4160.00,4076.00,185,0,2,False,False,False,False,0,0,4136.00,4164.00,4080.00,4193.75,4068.75,4190.75,4144.00,4180.00,4104.00
2023-05-08,2023-05-08,2023-05-12,5,30,95414,False,0.00,4151.00,4173.25,4111.75,4132.00,6600789,4.00,17,4148.00,4160.00,4132.00,164,0,0,False,False,False,False,0,0,4136.00,4156.00,4128.00,4206.25,4062.25,4149.00,4140.00,4160.00,4076.00
2023-05-15,2023-05-15,2023-05-19,5,30,95414,False,0.00,4132.25,4227.25,4120.00,4198.25,7209311,4.00,27,4132.00,4184.00,4124.00,161,0,0,False,False,True,True,0,0,4136.00,4196.00,4120.00,4173.25,4111.75,4132.00,4148.00,4160.00,4132.00
2023-05-22,2023-05-22,2023-05-26,5,30,95414,False,0.00,4189.00,4222.75,4114.00,4219.25,8277288,4.00,28,4156.00,4200.00,4124.00,173,0,0,False,False,True,False,0,0,4204.00,4224.00,4148.00,4227.25,4120.00,4198.25,4132.00,4184.00,4124.00
2023-05-29,2023-05-29,2023-06-02,5,29,95414,False,0.00,4239.75,4297.75,4174.00,4288.75,7617684,4.00,32,4220.00,4240.00,4188.00,152,0,0,False,False,False,False,2,0,4192.00,4236.00,4176.00,4222.75,4114.00,4219.25,4156.00,4200.00,4124.00
2023-06-05,2023-06-05,2023-06-09,5,30,95414,False,0.00,4288.00,4325.50,4262.75,4304.75,7754223,4.00,17,4292.00,4296.00,4268.00,137,2,0,False,False,False,False,0,0,4288.00,4300.00,4272.00,4297.75,4174.00,4288.75,4220.00,4240.00,4188.00
2023-06-12,2023-06-12,2023-06-16,5,30,3445,True,45.25,4351.75,4493.75,4350.50,4459.00,6158211,4.00,37,4416.00,4436.00,4352.00,166,2,0,False,False,False,False,2,2,4472.00,4492.00,4416.00,4370.75,4308.00,4350.00,4337.25,4341.25,4313.25
2023-06-19,2023-06-19,2023-06-23,5,29,3445,False,0.00,4458.00,4462.00,4381.50,4388.50,5661671,4.00,21,4408.00,4444.00,4400.00,138,0,0,False,False,True,False,0,0,4412.00,4424.00,4388.00,4493.75,4350.50,4459.00,4416.00,4436.00,4352.00
2023-06-26,2023-06-26,2023-06-30,5,30,3445,False,0.00,4390.00,4498.00,4368.50,4482.50,7804070,4.00,33,4412.00,4432.00,4372.00,156,0,0,False,False,False,True,5,0,4420.00,4440.00,4380.00,4462.00,4381.50,4388.50,4408.00,4444.00,4400.00
2023-07-03,2023-07-03,2023-07-07,5,28,3445,False,0.00,4485.50,4494.00,4419.50,4438.00,4997360,4.00,20,4488.00,4496.00,4448.00,125,0,3,False,False,True,False,0,0,4484.00,4496.00,4444.00,4498.00,4368.50,4482.50,4412.00,4432.00,4372.00
2023-07-10,2023-07-10,2023-07-14,5,30,3445,False,0.00,4437.50,4560.50,4411.25,4535.25,6685629,4.00,39,4440.00,4524.00,4408.00,143,0,0,False,False,False,False,2,0,4436.00,4528.00,4412.00,4494.00,4419.50,4438.00,4488.00,4496.00,4448.00
2023-07-17,2023-07-17,2023-07-21,5,30,3445,False,0.00,4536.00,4609.25,4528.00,4564.00,6517539,4.00,21,4584.00,4596.00,4552.00,125,0,0,False,False,False,True,0,0,4576.00,4604.00,4560.00,4560.50,4411.25,4535.25,4440.00,4524.00,4408.00
2023-07-24,2023-07-24,2023-07-28,5,30,3445,False,0.00,4564.25,4634.50,4553.75,4607.00,6932202,4.00,21,4592.00,4612.00,4576.00,153,0,0,False,False,False,False,0,0,4584.00,4612.00,4576.00,4609.25,4528.00,4564.00,4584.00,4596.00,4552.00
2023-07-31,2023-07-31,2023-08-04,5,30,3445,False,0.00,4608.75,4621.75,4493.75,4498.00,7860398,4.00,33,4532.00,4600.00,4508.00,186,0,0,False,True,True,False,0,0,4536.00,4588.00,4496.00,4634.50,4553.75,4607.00,4592.00,4612.00,4576.00
2023-08-07,2023-08-07,2023-08-11,5,30,3445,False,0.00,4500.50,4544.75,4459.00,4484.25,8187991,4.00,23,4512.00,4532.00,4480.00,188,0,2,False,False,False,False,0,0,4484.00,4520.00,4476.00,4621.75,4493.75,4498.00,4532.00,4600.00,4508.00
2023-08-14,2023-08-14,2023-08-18,5,30,3445,False,0.00,4485.00,4517.75,4350.00,4380.00,7316072,4.00,43,4452.00,4520.00,4412.00,183,0,0,False,False,True,False,0,0,4380.00,4464.00,4356.00,4544.75,4459.00,4484.25,4512.00,4532.00,4480.00
2023-08-21,2023-08-21,2023-08-25,5,30,3445,False,0.00,4382.50,4485.50,4365.25,4413.25,7408100,4.00,31,4404.00,4432.00,4380.00,203,0,2,False,False,False,False,0,0,4400.00,4428.00,4384.00,4517.75,4350.00,4380.00,4452.00,4520.00,4412.00
2023-08-28,2023-08-28,2023-09-01,5,30,3445,False,0.00,4418.00,4547.75,4414.50,4519.00,6631093,4.00,34,4520.00,4548.00,4448.00,158,0,0,False,False,False,True,0,8,4524.00,4544.00,4492.00,4485.50,4365.25,4413.25,4404.00,4432.00,4380.00
2023-09-04,2023-09-04,2023-09-08,5,29,3445,False,0.00,4521.25,4531.25,4434.25,4463.50,5377904,4.00,25,4460.00,4504.00,4436.00,134,0,0,False,False,True,True,0,0,4456.00,4484.00,4432.00,4547.75,4414.50,4519.00,4520.00,4548.00,4448.00
2023-09-11,2023-09-11,2023-09-15,5,30,314863,True,48.75,4512.25,4566.00,4494.00,4499.00,5309239,4.00,19,4528.00,4540.00,4504.00,147,0,0,False,False,True,True,0,0,4524.00,4544.00,4500.00,4580.00,4483.00,4512.25,4508.75,4552.75,4484.75
2023-09-18,2023-09-18,2023-09-22,5,30,314863,False,0.00,4499.50,4514.50,4357.25,4362.75,7458917,4.00,40,4496.00,4516.00,4408.00,152,0,0,False,True,False,False,0,3,4496.00,4516.00,4392.00,4566.00,4494.00,4499.00,4528.00,4540.00,4504.00
2023-09-25,2023-09-25,2023-09-29,5,30,314863,False,0.00,4365.00,4383.50,4277.00,4329.25,9021256,4.00,27,4324.00,4368.00,4316.00,205,0,0,False,False,True,False,0,0,4324.00,4360.00,4308.00,4514.50,4357.25,4362.75,4496.00,4516.00,4408.00
2023-10-02,2023-10-02,2023-10-06,5,30,314863,False,0.00,4349.00,4358.50,4235.50,4345.25,9930201,4.00,32,4292.00,4320.00,4252.00,232,0,2,False,False,False,False,0,0,4264.00,4308.00,4256.00,4383.50,4277.00,4329.25,4324.00,4368.00,4316.00
2023-10-09,2023-10-09,2023-10-13,5,30,314863,False,0.00,4315.00,4430.50,4299.50,4351.50,8335668,4.00,34,4380.00,4424.00,4364.00,192,0,0,False,False,False,False,0,0,4396.00,4408.00,4356.00,4358.50,4235.50,4345.25,4292.00,4320.00,4252.00
2023-10-16,2023-10-16,2023-10-20,5,30,314863,False,0.00,4356.75,4423.25,4243.50,4244.50,10559912,4.00,46,4388.00,4408.00,4324.00,202,2,0,False,True,False,False,0,0,4344.00,4412.00,4328.00,4430.50,4299.50,4351.50,4380.00,4424.00,4364.00
2023-10-23,2023-10-23,2023-10-27,5,30,314863,False,0.00,4256.25,4290.50,4122.25,4136.50,10047522,4.00,43,4256.00,4284.00,4184.00,222,2,0,False,True,False,False,0,0,4260.00,4280.00,4172.00,4423.25,4243.50,4244.50,4388.00,4408.00,4324.00
2023-10-30,2023-10-30,2023-11-03,5,30,314863,False,0.00,4148.00,4391.75,4143.50,4378.50,8957822,4.00,63,4196.00,4288.00,4148.00,182,0,2,False,False,False,False,10,0,4188.00,4312.00,4148.00,4290.50,4122.25,4136.50,4256.00,4284.00,4184.00
2023-11-06,2023-11-06,2023-11-10,5,30,314863,False,0.00,4379.25,4435.50,4354.25,4424.50,7501655,4.00,21,4376.00,4404.00,4368.00,147,0,0,True,False,False,False,0,0,4396.00,4408.00,4372.00,4391.75,4143.50,4378.50,4196.00,4288.00,4148.00
2023-11-13,2023-11-13,2023-11-17,5,30,314863,False,0.00,4425.75,4541.25,4407.25,4523.75,7222023,4.00,35,4520.00,4540.00,4464.00,155,0,0,False,False,False,False,0,14,4520.00,4532.00,4504.00,4435.50,4354.25,4424.50,4376.00,4404.00,4368.00
2023-11-20,2023-11-20,2023-11-24,5,28,314863,False,0.00,4526.75,4580.50,4520.00,4568.25,4083680,4.00,16,4564.00,4576.00,4548.00,104,2,0,False,False,False,True,0,0,4564.00,4576.00,4548.00,4541.25,4407.25,4523.75,4520.00,4540.00,4464.00
2023-11-27,2023-11-27,2023-12-01,5,30,314863,False,0.00,4568.50,4607.75,4544.75,4604.00,7740333,4.00,16,4564.00,4576.00,4548.00,140,0,0,False,False,True,True,0,0,4560.00,4580.00,4552.00,4580.50,4520.00,4568.25,4564.00,4576.00,4548.00
2023-12-04,2023-12-04,2023-12-08,5,30,314863,False,0.00,4603.25,4613.75,4548.75,4607.25,8242388,4.00,17,4584.00,4596.00,4560.00,140,0,0,False,False,False,True,0,0,4572.00,4592.00,4564.00,4607.75,4544.75,4604.00,4564.00,4576.00,4548.00
2023-12-11,2023-12-11,2023-12-15,5,30,17077,True,52.00,4659.75,4791.75,4651.50,4769.50,5947830,4.00,36,4772.00,4792.00,4692.00,152,0,0,False,False,True,False,0,8,4768.00,4788.00,4744.00,4665.75,4600.75,4659.25,4636.00,4648.00,4612.00
2023-12-18,2023-12-18,2023-12-22,5,30,17077,False,0.00,4770.50,4830.75,4743.25,4799.25,6648979,4.00,23,4792.00,4812.00,4768.00,146,0,2,False,False,False,False,0,0,4812.00,4816.00,4772.00,4791.75,4651.50,4769.50,4772.00,4792.00,4692.00
2023-12-25,2023-12-26,2023-12-29,4,24,17077,False,0.00,4800.25,4841.50,4796.75,4812.75,3555260,4.00,12,4828.00,4840.00,4812.00,84,0,0,False,False,True,False,0,0,4832.00,4836.00,4816.00,4830.75,4743.25,4799.25,4792.00,4812.00,4768.00
2024-01-01,2024-01-02,2024-01-05,4,24,17077,False,0.00,4818.00,4828.00,4702.00,4735.50,6099578,4.00,33,4748.00,4784.00,4724.00,133,2,3,False,False,False,False,3,0,4752.00,4780.00,4728.00,4841.50,4796.75,4812.75,4828.00,4840.00,4812.00
2024-01-08,2024-01-08,2024-01-12,5,30,17077,False,0.00,4735.75,4838.00,4715.25,4811.25,7136011,4.00,32,4804.00,4832.00,4780.00,173,0,2,False,False,True,False,0,2,4812.00,4824.00,4780.00,4828.00,4702.00,4735.50,4748.00,4784.00,4724.00
2024-01-15,2024-01-15,2024-01-19,5,29,17077,False,0.00,4812.00,4874.25,4746.25,4869.75,6848592,4.00,33,4812.00,4824.00,4764.00,158,0,2,True,False,False,False,3,0,4788.00,4816.00,4756.00,4838.00,4715.25,4811.25,4804.00,4832.00,4780.00
2024-01-22,2024-01-22,2024-01-26,5,30,17077,False,0.00,4872.50,4934.25,4872.50,4912.75,6583458,4.00,16,4908.00,4920.00,4884.00,135,0,0,False,False,True,True,0,0,4916.00,4928.00,4884.00,4874.25,4746.25,4869.75,4812.00,4824.00,4764.00
2024-01-29,2024-01-29,2024-02-02,5,30,17077,False,0.00,4908.75,4997.75,4866.00,4972.75,7968905,4.00,34,4952.00,4964.00,4904.00,170,0,2,True,False,False,False,0,0,4948.00,4960.00,4892.00,4934.25,4872.50,4912.75,4908.00,4920.00,4884.00
2024-02-05,2024-02-05,2024-02-09,5,30,17077,False,0.00,4976.00,5048.50,4937.75,5042.00,5983828,4.00,29,4968.00,5020.00,4952.00,134,0,4,True,False,False,False,0,0,5012.00,5048.00,4964.00,4997.75,4866.00,4972.75,4952.00,4964.00,4904.00
2024-02-12,2024-02-12,2024-02-16,5,30,17077,False,0.00,5042.50,5066.50,4936.50,5014.50,7397371,4.00,33,5040.00,5060.00,5000.00,173,2,6,False,False,False,False,0,0,5040.00,5068.00,4984.00,5048.50,4937.75,5042.00,4968.00,5020.00,4952.00
2024-02-19,2024-02-19,2024-02-23,5,29,17077,False,0.00,5016.50,5123.50,4959.00,5094.75,5891981,4.00,42,4984.00,5060.00,4960.00,156,0,2,False,False,True,False,4,0,4976.00,5092.00,4960.00,5066.50,4936.50,5014.50,5040.00,5060.00,5000.00
2024-02-26,2024-02-26,2024-03-01,5,30,17077,False,0.00,5095.00,5149.25,5060.00,5138.75,6352250,4.00,23,5076.00,5104.00,5068.00,157,0,0,True,False,False,True,4,0,5076.00,5104.00,5068.00,5123.50,4959.00,5094.75,4984.00,5060.00,4960.00
2024-03-04,2024-03-04,2024-03-08,5,30,17077,False,0.00,5142.00,5193.00,5063.00,5132.00,8438107,4.00,34,5140.00,5160.00,5092.00,187,0,5,False,False,False,False,0,0,5140.00,5168.00,5108.00,5149.25,5060.00,5138.75,5076.00,5104.00,5068.00
2024-03-11,2024-03-11,2024-03-15,5,30,5602,True,63.25,5195.75,5253.50,5158.00,5183.25,6195293,4.00,25,5236.00,5248.00,5188.00,181,0,2,False,False,False,False,0,0,5236.00,5248.00,5188.00,5256.25,5126.25,5195.25,5203.25,5223.25,5155.25
2024-03-18,2024-03-18,2024-03-22,5,30,5602,False,0.00,5185.75,5322.75,5181.75,5289.75,6239451,4.00,36,5300.00,5324.00,5220.00,154,0,0,False,False,True,False,0,9,5232.00,5300.00,5192.00,5253.50,5158.00,5183.25,5236.00,5248.00,5188.00
2024-03-25,2024-03-25,2024-03-28,4,24,5602,False,0.00,5290.50,5321.00,5263.00,5304.25,4376293,4.00,16,5284.00,5304.00,5276.00,97,0,2,False,False,False,False,0,0,5284.00,5312.00,5268.00,5322.75,5181.75,5289.75,5300.00,5324.00,5220.00
2024-04-01,2024-04-01,2024-04-05,5,30,5602,False,0.00,5314.25,5333.50,5191.50,5255.75,7410446,4.00,37,5252.00,5312.00,5236.00,191,0,0,False,False,False,False,0,0,5248.00,5308.00,5240.00,5321.00,5263.00,5304.25,5284.00,5304.00,5276.00
2024-04-08,2024-04-08,2024-04-12,5,30,5602,False,0.00,5263.25,5285.00,5150.00,5166.50,8587608,4.00,35,5248.00,5268.00,5200.00,225,3,0,False,False,False,False,0,0,5196.00,5256.00,5180.00,5333.50,5191.50,5255.75,5252.00,5312.00,5236.00
2024-04-15,2024-04-15,2024-04-19,5,30,5602,False,0.00,5166.50,5213.25,4963.50,5003.50,9979937,4.00,64,5092.00,5120.00,5012.00,274,0,3,False,False,False,False,10,0,5100.00,5120.00,5036.00,5285.00,5150.00,5166.50,5248.00,5268.00,5200.00
2024-04-22,2024-04-22,2024-04-26,5,30,5602,False,0.00,5014.25,5146.50,5006.00,5131.75,7509340,4.00,36,5072.00,5116.00,5016.00,223,0,0,False,False,True,False,0,0,5104.00,5140.00,5048.00,5213.25,4963.50,5003.50,5092.00,5120.00,5012.00
2024-04-29,2024-04-29,2024-05-03,5,30,5602,False,0.00,5140.25,5166.75,5036.25,5161.50,7662708,4.00,33,5140.00,5152.00,5068.00,213,0,0,False,False,False,True,0,0,5144.00,5164.00,5072.00,5146.50,5006.00,5131.75,5072.00,5116.00,5016.00
2024-05-06,2024-05-06,2024-05-10,5,30,5602,False,0.00,5166.75,5264.00,5155.75,5241.50,5120158,4.00,29,5208.00,5244.00,5184.00,128,0,0,False,False,False,False,0,0,5212.00,5248.00,5204.00,5166.75,5036.25,5161.50,5140.00,5152.00,5068.00
2024-05-13,2024-05-13,2024-05-17,5,30,5602,False,0.00,5240.50,5349.00,5216.75,5327.75,5565634,4.00,34,5244.00,5320.00,5220.00,135,2,4,False,False,False,False,2,0,5244.00,5328.00,5228.00,5264.00,5155.75,5241.50,5208.00,5244.00,5184.00
2024-05-20,2024-05-20,2024-05-24,5,30,5602,False,0.00,5329.25,5368.25,5273.50,5320.75,6247204,4.00,25,5332.00,5352.00,5308.00,141,2,3,False,False,False,False,0,0,5332.00,5352.00,5316.00,5349.00,5216.75,5327.75,5244.00,5320.00,5220.00
2024-05-27,2024-05-27,2024-05-31,5,29,5602,False,0.00,5321.75,5339.00,5205.50,5299.25,6409985,4.00,34,5320.00,5332.00,5256.00,175,0,5,False,False,True,False,0,0,5288.00,5300.00,5224.00,5368.25,5273.50,5320.75,5332.00,5352.00,5308.00
2024-06-03,2024-06-03,2024-06-07,5,30,5602,False,0.00,5299.50,5385.50,5246.75,5353.50,7404962,4.00,36,5364.00,5384.00,5292.00,186,0,4,False,False,False,False,0,0,5360.00,5380.00,5296.00,5339.00,5205.50,5299.25,5320.00,5332.00,5256.00
2024-06-10,2024-06-10,2024-06-14,5,30,5602,False,0.00,5351.50,5454.50,5334.50,5435.75,6579510,4.00,31,5432.00,5456.00,5368.00,164,0,0,False,False,True,False,0,0,5436.00,5456.00,5372.00,5385.50,5246.75,5353.50,5364.00,5384.00,5292.00
2024-06-17,2024-06-17,2024-06-21,5,29,118,True,69.25,5504.75,5588.00,5494.00,5536.50,3389058,4.00,25,5544.00,5572.00,5528.00,139,0,0,False,False,False,False,0,0,5532.00,5560.00,5524.00,5523.75,5403.75,5505.00,5501.25,5525.25,5437.25
2024-06-24,2024-06-24,2024-06-28,5,30,118,False,0.00,5538.50,5585.00,5510.25,5532.25,6415721,4.00,20,5532.00,5552.00,5516.00,165,3,0,False,False,False,True,0,0,5528.00,5548.00,5520.00,5588.00,5494.00,5536.50,5544.00,5572.00,5528.00
2024-07-01,2024-07-01,2024-07-05,5,28,118,False,0.00,5534.25,5626.00,5502.75,5615.00,4483244,4.00,32,5588.00,5616.00,5524.00,129,0,0,False,False,False,False,0,2,5528.00,5580.00,5504.00,5585.00,5510.25,5532.25,5532.00,5552.00,5516.00
2024-07-08,2024-07-08,2024-07-12,5,30,118,False,0.00,5612.00,5708.25,5610.75,5667.50,6525275,4.00,26,5632.00,5676.00,5608.00,155,0,0,False,False,False,True,0,0,5636.00,5672.00,5620.00,5626.00,5502.75,5615.00,5588.00,5616.00,5524.00
2024-07-15,2024-07-15,2024-07-19,5,30,118,False,0.00,5681.00,5721.25,5542.00,5552.75,9477637,4.00,46,5688.00,5724.00,5624.00,200,0,0,False,False,False,True,0,5,5692.00,5720.00,5596.00,5708.25,5610.75,5667.50,5632.00,5676.00,5608.00
2024-07-22,2024-07-22,2024-07-26,5,30,118,False,0.00,5564.50,5629.75,5432.50,5499.25,9682027,4.00,50,5480.00,5572.00,5432.00,239,2,0,False,False,False,True,3,0,5480.00,5564.00,5432.00,5721.25,5542.00,5552.75,5688.00,5724.00,5624.00
2024-07-29,2024-07-29,2024-08-02,5,30,118,False,0.00,5496.50,5600.75,5331.75,5358.00,11439332,4.00,69,5504.00,5564.00,5424.00,303,0,3,False,False,False,False,0,3,5512.00,5588.00,5448.00,5629.75,5432.50,5499.25,5480.00,5572.00,5432.00
2024-08-05,2024-08-05,2024-08-09,5,30,118,False,0.00,5330.00,5385.25,5120.00,5365.00,10661745,4.00,67,5236.00,5328.00,5204.00,466,3,15,False,False,False,False,0,0,5340.00,5360.00,5236.00,5600.75,5331.75,5358.00,5504.00,5564.00,5424.00
2024-08-12,2024-08-12,2024-08-16,5,30,118,False,0.00,5364.25,5586.25,5347.75,5580.25,6013571,4.00,61,5372.00,5496.00,5348.00,211,0,0,False,False,False,False,10,0,5564.00,5588.00,5444.00,5385.25,5120.00,5365.00,5236.00,5328.00,5204.00
2024-08-19,2024-08-19,2024-08-23,5,30,118,False,0.00,5584.00,5665.25,5565.25,5650.75,5587302,4.00,26,5624.00,5652.00,5600.00,179,0,2,False,False,False,False,0,0,5624.00,5652.00,5608.00,5586.25,5347.75,5580.25,5372.00,5496.00,5348.00
2024-08-26,2024-08-26,2024-08-30,5,30,118,False,0.00,5650.50,5669.00,5561.25,5656.50,6293811,4.00,28,5632.00,5652.00,5608.00,211,0,4,False,False,False,False,0,0,5636.00,5648.00,5604.00,5665.25,5565.25,5650.75,5624.00,5652.00,5600.00
2024-09-02,2024-09-02,2024-09-06,5,29,118,False,0.00,5656.25,5669.75,5394.00,5403.75,7424269,4.00,70,5524.00,5584.00,5444.00,253,0,0,False,True,False,False,11,7,5532.00,5560.00,5436.00,5669.00,5561.25,5656.50,5632.00,5652.00,5608.00
2024-09-09,2024-09-09,2024-09-13,5,30,118,False,0.00,5410.00,5641.50,5405.25,5626.75,7679165,4.00,60,5484.00,5560.00,5404.00,248,0,2,False,False,True,False,4,0,5476.00,5560.00,5412.00,5669.75,5394.00,5403.75,5524.00,5584.00,5444.00
2024-09-16,2024-09-16,2024-09-20,5,30,183748,True,61.50,5684.25,5797.50,5670.75,5758.25,5225665,4.00,33,5700.00,5752.00,5676.00,206,0,0,False,False,False,False,0,0,5760.00,5788.00,5704.00,5703.00,5466.75,5688.25,5545.50,5621.50,5465.50
2024-09-23,2024-09-23,2024-09-27,5,30,183748,False,0.00,5762.00,5830.00,5745.25,5785.75,5556438,4.00,22,5776.00,5812.00,5768.00,172,0,2,False,False,True,False,0,0,5776.00,5804.00,5768.00,5797.50,5670.75,5758.25,5700.00,5752.00,5676.00
2024-09-30,2024-09-30,2024-10-04,5,30,183748,False,0.00,5784.00,5822.50,5724.00,5795.50,7136949,4.00,25,5756.00,5792.00,5740.00,230,0,0,False,False,True,True,0,0,5760.00,5780.00,5736.00,5830.00,5745.25,5785.75,5776.00,5812.00,5768.00
2024-10-07,2024-10-07,2024-10-11,5,30,183748,False,0.00,5802.00,5868.25,5725.25,5853.25,5293654,4.00,37,5832.00,5844.00,5768.00,175,0,2,False,False,False,False,0,0,5828.00,5864.00,5780.00,5822.50,5724.00,5795.50,5756.00,5792.00,5740.00
2024-10-14,2024-10-14,2024-10-18,5,30,183748,False,0.00,5854.50,5927.25,5850.00,5907.50,5048797,4.00,20,5900.00,5912.00,5868.00,160,2,0,False,False,False,True,0,0,5904.00,5916.00,5880.00,5868.25,5725.25,5853.25,5832.00,5844.00,5768.00
2024-10-21,2024-10-21,2024-10-25,5,30,183748,False,0.00,5911.50,5915.50,5801.00,5841.50,5831154,4.00,29,5884.00,5896.00,5844.00,192,0,3,False,False,True,False,0,0,5848.00,5892.00,5840.00,5927.25,5850.00,5907.50,5900.00,5912.00,5868.00
2024-10-28,2024-10-28,2024-11-01,5,30,183748,False,0.00,5857.00,5893.00,5732.50,5759.25,6785355,4.00,41,5868.00,5888.00,5788.00,195,0,0,False,False,False,True,0,0,5868.00,5888.00,5772.00,5915.50,5801.00,5841.50,5884.00,5896.00,5844.00
2024-11-04,2024-11-04,2024-11-08,5,30,183748,False,0.00,5741.75,6040.50,5724.25,6023.50,6582821,4.00,80,5748.00,5952.00,5724.00,227,0,2,False,False,False,False,16,0,5752.00,5980.00,5724.00,5893.00,5732.50,5759.25,5868.00,5888.00,5788.00
2024-11-11,2024-11-11,2024-11-15,5,30,183748,False,0.00,6030.00,6053.25,5876.75,5900.00,7007087,4.00,45,6020.00,6048.00,5980.00,192,2,0,False,False,False,True,0,4,6016.00,6044.00,5976.00,6040.50,5724.25,6023.50,5748.00,5952.00,5724.00
2024-11-18,2024-11-18,2024-11-22,5,30,183748,False,0.00,5899.75,5993.50,5855.00,5991.00,7541601,4.00,36,5908.00,5960.00,5892.00,254,0,7,False,False,True,False,0,0,5916.00,5960.00,5884.00,6053.25,5876.75,5900.00,6020.00,6048.00,5980.00
2024-11-25,2024-11-25,2024-11-29,5,28,183748,False,0.00,6006.00,6060.00,5976.25,6051.50,4656144,4.00,22,6024.00,6036.00,6000.00,140,0,0,True,False,False,False,0,0,6012.00,6040.00,6004.00,5993.50,5855.00,5991.00,5908.00,5960.00,5892.00
2024-12-02,2024-12-02,2024-12-06,5,30,183748,False,0.00,6051.50,6111.00,6036.00,6096.75,4999711,4.00,19,6060.00,6096.00,6052.00,114,0,0,False,False,True,True,0,0,6096.00,6108.00,6056.00,6060.00,5976.25,6051.50,6024.00,6036.00,6000.00
2024-12-09,2024-12-09,2024-12-13,5,30,183748,False,0.00,6096.25,6105.75,6039.75,6051.25,6148374,4.00,18,6064.00,6092.00,6048.00,130,0,0,False,False,False,False,0,0,6064.00,6084.00,6048.00,6111.00,6036.00,6096.75,6060.00,6096.00,6052.00
2024-12-16,2024-12-16,2024-12-20,5,30,5002,True,74.00,6129.50,6164.50,5866.00,5996.50,7136883,4.00,76,6132.00,6168.00,5956.00,300,0,3,False,False,True,False,0,15,5960.00,6044.00,5904.00,6179.75,6113.75,6125.25,6138.00,6166.00,6122.00
2024-12-23,2024-12-23,2024-12-27,4,23,5002,False,0.00,6001.75,6107.50,5965.00,6029.25,4264329,4.00,36,6032.00,6084.00,5984.00,161,0,4,False,False,True,False,0,0,6020.00,6064.00,5972.00,6164.50,5866.00,5996.50,6132.00,6168.00,5956.00
2024-12-30,2024-12-30,2025-01-03,4,24,5002,False,0.00,6028.75,6036.25,5874.75,5985.25,5626938,4.00,42,5956.00,5984.00,5924.00,250,4,2,False,False,False,False,0,0,5948.00,5984.00,5924.00,6107.50,5965.00,6029.25,6032.00,6084.00,5984.00
2025-01-06,2025-01-06,2025-01-10,5,28,5002,False,0.00,5994.50,6068.25,5845.25,5861.50,6964219,4.00,57,5948.00,6024.00,5924.00,239,4,3,False,False,False,False,0,2,5952.00,6060.00,5928.00,6036.25,5874.75,5985.25,5956.00,5984.00,5924.00
2025-01-13,2025-01-13,2025-01-17,5,30,5002,False,0.00,5864.50,6051.50,5809.00,6032.50,7868887,4.00,61,5984.00,6052.00,5880.00,248,0,0,False,False,False,True,0,8,5984.00,6052.00,5872.00,6068.25,5845.25,5861.50,5948.00,6024.00,5924.00
2025-01-20,2025-01-20,2025-01-24,5,29,5002,False,0.00,6032.25,6162.25,5994.50,6132.00,5055892,4.00,43,6112.00,6164.00,6048.00,182,0,6,False,False,False,False,0,0,6124.00,6160.00,6084.00,6051.50,5809.00,6032.50,5984.00,6052.00,5880.00
2025-01-27,2025-01-27,2025-01-31,5,30,5002,False,0.00,6102.25,6147.75,5948.00,6065.50,8617306,4.00,50,6084.00,6112.00,6036.00,289,4,5,False,False,False,False,0,0,6080.00,6108.00,6032.00,6162.25,5994.50,6132.00,6112.00,6164.00,6048.00
2025-02-03,2025-02-03,2025-02-07,5,30,5002,False,0.00,5982.25,6123.25,5935.50,6050.00,7382746,4.00,48,6092.00,6112.00,6012.00,251,0,0,False,False,True,False,0,0,6048.00,6108.00,6024.00,6147.75,5948.00,6065.50,6084.00,6112.00,6036.00
2025-02-10,2025-02-10,2025-02-14,5,30,5002,False,0.00,6016.00,6146.75,6014.00,6134.00,5839378,4.00,34,6084.00,6104.00,6044.00,193,0,2,False,False,True,False,2,0,6088.00,6108.00,6040.00,6123.25,5935.50,6050.00,6092.00,6112.00,6012.00
2025-02-17,2025-02-17,2025-02-21,5,29,5002,False,0.00,6138.25,6166.50,6024.50,6029.75,5338711,4.00,36,6140.00,6160.00,6124.00,157,2,0,False,True,False,False,0,11,6132.00,6168.00,6108.00,6146.75,6014.00,6134.00,6084.00,6104.00,6044.00
2025-02-24,2025-02-24,2025-02-28,5,30,5002,False,0.00,6040.75,6067.50,5848.00,5958.00,10902285,4.00,55,5988.00,6048.00,5924.00,327,0,2,False,False,False,False,0,0,5964.00,6048.00,5932.00,6166.50,6024.50,6029.75,6140.00,6160.00,6124.00
2025-03-03,2025-03-03,2025-03-07,5,30,5002,False,0.00,5967.50,6000.50,5673.00,5771.75,12679568,4.00,83,5768.00,5868.00,5744.00,407,4,12,False,False,False,False,5,0,5764.00,5848.00,5732.00,6067.50,5848.00,5958.00,5988.00,6048.00,5924.00
2025-03-10,2025-03-10,2025-03-14,5,30,5002,False,0.00,5753.00,5757.75,5509.25,5628.75,10214562,4.00,63,5596.00,5640.00,5556.00,406,0,0,False,False,True,False,2,0,5616.00,5644.00,5560.00,6000.50,5673.00,5771.75,5768.00,5868.00,5744.00
2025-03-17,2025-03-17,2025-03-21,5,30,4916,True,51.25,5678.00,5770.50,5650.25,5720.00,5455907,4.00,31,5704.00,5732.00,5664.00,287,0,0,False,False,False,True,0,0,5712.00,5756.00,5688.00,5809.00,5560.50,5680.00,5647.25,5691.25,5607.25
2025-03-24,2025-03-24,2025-03-28,5,30,4916,False,0.00,5740.00,5837.25,5602.25,5602.50,7103039,4.00,60,5752.00,5820.00,5720.00,238,0,0,False,True,True,False,0,16,5812.00,5840.00,5740.00,5770.50,5650.25,5720.00,5704.00,5732.00,5664.00
2025-03-31,2025-03-31,2025-04-04,5,30,4916,False,0.00,5590.00,5773.25,5074.00,5096.75,11687479,4.00,176,5660.00,5760.00,5420.00,499,9,0,False,True,False,False,0,24,5640.00,5732.00,5432.00,5837.25,5602.25,5602.50,5752.00,5820.00,5720.00
2025-04-07,2025-04-07,2025-04-11,5,30,4916,False,0.00,5007.00,5528.75,4832.00,5395.75,12747916,4.00,175,5260.00,5416.00,4996.00,1071,2,2,False,False,False,False,0,0,5392.00,5420.00,5024.00,5773.25,5074.00,5096.75,5660.00,5760.00,5420.00
2025-04-14,2025-04-14,2025-04-17,4,24,4916,False,0.00,5452.50,5497.75,5251.00,5326.50,5132203,4.00,63,5440.00,5484.00,5344.00,336,0,9,False,False,False,False,0,0,5428.00,5488.00,5332.00,5528.75,4832.00,5395.75,5260.00,5416.00,4996.00
2025-04-21,2025-04-21,2025-04-25,5,30,4916,False,0.00,5283.75,5562.25,5127.25,5552.50,7002389,4.00,110,5392.00,5564.00,5280.00,412,0,0,True,False,False,False,0,5,5496.00,5564.00,5304.00,5497.75,5251.00,5326.50,5440.00,5484.00,5344.00
2025-04-28,2025-04-28,2025-05-02,5,30,4916,False,0.00,5544.00,5724.75,5455.50,5710.50,6632751,4.00,69,5560.00,5644.00,5488.00,350,0,0,False,False,False,False,0,0,5548.00,5648.00,5492.00,5562.25,5127.25,5552.50,5392.00,5564.00,5280.00
2025-05-05,2025-05-05,2025-05-09,5,30,4916,False,0.00,5705.00,5741.00,5596.00,5684.00,5863976,4.00,37,5668.00,5704.00,5636.00,309,2,2,False,False,False,False,0,0,5676.00,5704.00,5636.00,5724.75,5455.50,5710.50,5560.00,5644.00,5488.00
2025-05-12,2025-05-12,2025-05-16,5,30,4916,False,0.00,5761.00,5977.50,5734.25,5948.50,6373181,4.00,62,5896.00,5956.00,5848.00,257,0,5,True,False,False,False,0,8,5904.00,5956.00,5856.00,5741.00,5596.00,5684.00,5668.00,5704.00,5636.00
2025-05-19,2025-05-19,2025-05-23,5,30,4916,False,0.00,5930.25,5993.50,5756.50,5814.75,6531733,4.00,60,5868.00,5952.00,5820.00,281,2,8,False,False,False,False,0,0,5856.00,5972.00,5848.00,5977.50,5734.25,5948.50,5896.00,5956.00,5848.00
2025-05-26,2025-05-26,2025-05-30,5,29,4916,False,0.00,5820.00,6008.00,5813.00,5913.75,5268924,4.00,50,5920.00,5940.00,5872.00,270,0,10,False,False,False,False,0,0,5916.00,5936.00,5892.00,5993.50,5756.50,5814.75,5868.00,5952.00,5820.00
2025-06-02,2025-06-02,2025-06-06,5,30,4916,False,0.00,5898.75,6025.00,5867.50,6010.00,6030266,4.00,41,5976.00,6012.00,5920.00,236,0,0,False,False,False,False,0,0,5980.00,6016.00,5948.00,6008.00,5813.00,5913.75,5920.00,5940.00,5872.00
2025-06-09,2025-06-09,2025-06-13,5,30,4916,False,0.00,6010.00,6074.75,5927.50,5978.25,5959585,4.00,38,6012.00,6048.00,5996.00,271,2,3,False,False,False,False,0,0,6020.00,6048.00,6004.00,6025.00,5867.50,6010.00,5976.00,6012.00,5920.00
2025-06-16,2025-06-16,2025-06-20,5,29,14160,True,53.75,6002.75,6109.00,5969.50,6025.00,3449772,4.00,36,6044.00,6072.00,6012.00,248,3,0,False,False,False,False,0,0,6040.00,6068.00,6008.00,6128.50,5981.25,6032.00,6065.75,6101.75,6049.75
2025-06-23,2025-06-23,2025-06-27,5,30,14160,False,0.00,5964.00,6239.00,5959.00,6220.75,5387430,4.00,71,6140.00,6240.00,6076.00,208,3,9,False,False,False,False,2,7,6144.00,6228.00,6112.00,6109.00,5969.50,6025.00,6044.00,6072.00,6012.00
2025-06-30,2025-06-30,2025-07-04,5,28,14160,False,0.00,6223.25,6333.25,6223.25,6283.50,4302875,4.00,29,6244.00,6280.00,6228.00,160,3,0,False,False,False,False,0,0,6244.00,6264.00,6228.00,6239.00,5959.00,6220.75,6140.00,6240.00,6076.00
2025-07-07,2025-07-07,2025-07-11,5,30,14160,False,0.00,6307.75,6335.50,6246.25,6294.00,5253188,4.00,23,6296.00,6316.00,6272.00,191,0,2,False,False,True,False,0,0,6300.00,6312.00,6268.00,6333.25,6223.25,6283.50,6244.00,6280.00,6228.00
2025-07-14,2025-07-14,2025-07-18,5,30,14160,False,0.00,6274.00,6357.00,6241.00,6335.25,5478704,4.00,30,6296.00,6340.00,6272.00,183,0,4,False,False,True,False,0,0,6332.00,6344.00,6292.00,6335.50,6246.25,6294.00,6296.00,6316.00,6272.00
2025-07-21,2025-07-21,2025-07-25,5,30,14160,False,0.00,6335.75,6431.00,6318.75,6428.25,4929105,4.00,29,6344.00,6404.00,6320.00,158,0,0,False,False,True,True,0,0,6404.00,6432.00,6356.00,6357.00,6241.00,6335.25,6296.00,6340.00,6272.00
2025-07-28,2025-07-28,2025-08-01,5,30,14160,False,0.00,6450.00,6468.50,6239.50,6263.25,7176879,4.00,59,6428.00,6464.00,6364.00,224,2,0,False,False,False,False,0,3,6408.00,6460.00,6360.00,6431.00,6318.75,6428.25,6344.00,6404.00,6320.00
2025-08-04,2025-08-04,2025-08-08,5,30,14160,False,0.00,6257.00,6426.75,6251.25,6425.25,6276060,4.00,45,6368.00,6396.00,6320.00,228,0,7,False,False,True,False,0,0,6344.00,6380.00,6320.00,6468.50,6239.50,6263.25,6428.00,6464.00,6364.00
2025-08-11,2025-08-11,2025-08-15,5,30,14160,False,0.00,6422.75,6508.75,6387.50,6467.25,5503550,4.00,32,6484.00,6512.00,6428.00,182,0,0,False,False,False,False,0,2,6476.00,6504.00,6444.00,6426.75,6251.25,6425.25,6368.00,6396.00,6320.00
2025-08-18,2025-08-18,2025-08-22,5,30,14160,False,0.00,6467.00,6496.25,6362.75,6484.75,6026576,4.00,35,6416.00,6460.00,6368.00,216,2,0,False,False,False,False,0,0,6464.00,6492.00,6400.00,6508.75,6387.50,6467.25,6484.00,6512.00,6428.00
2025-08-25,2025-08-25,2025-08-29,5,30,14160,False,0.00,6493.00,6523.00,6430.75,6474.00,5230641,4.00,24,6480.00,6500.00,6456.00,167,0,0,False,False,False,False,0,0,6468.00,6504.00,6460.00,6496.25,6362.75,6484.75,6416.00,6460.00,6368.00
2025-09-01,2025-09-01,2025-09-05,5,29,14160,False,0.00,6478.75,6541.75,6371.75,6488.75,5869868,4.00,44,6464.00,6500.00,6424.00,221,3,3,False,False,False,False,0,0,6480.00,6492.00,6408.00,6523.00,6430.75,6474.00,6480.00,6500.00,6456.00
2025-09-08,2025-09-08,2025-09-12,5,30,14160,False,0.00,6483.75,6606.00,6480.25,6588.50,5586845,4.00,32,6536.00,6564.00,6488.00,154,0,2,False,False,False,False,0,0,6588.00,6608.00,6508.00,6541.75,6371.75,6488.75,6464.00,6500.00,6424.00
2025-09-15,2025-09-15,2025-09-19,5,30,294973,True,57.00,6645.25,6731.50,6611.00,6719.75,4599672,4.00,31,6668.00,6712.00,6660.00,179,0,8,True,False,False,False,0,0,6696.00,6724.00,6664.00,6663.00,6537.25,6645.50,6593.00,6621.00,6545.00
2025-09-22,2025-09-22,2025-09-26,5,30,294973,False,0.00,6716.00,6756.75,6624.25,6697.75,6324395,4.00,34,6712.00,6724.00,6656.00,190,0,0,False,False,True,False,0,0,6692.00,6720.00,6652.00,6731.50,6611.00,6719.75,6668.00,6712.00,6660.00
2025-09-29,2025-09-29,2025-10-03,5,30,294973,False,0.00,6697.00,6800.00,6680.00,6763.00,6260386,4.00,31,6712.00,6764.00,6688.00,185,3,3,False,False,False,False,0,0,6764.00,6784.00,6708.00,6756.75,6624.25,6697.75,6712.00,6724.00,6656.00
2025-10-06,2025-10-06,2025-10-10,5,30,294973,False,0.00,6768.00,6812.25,6540.25,6552.00,7186710,4.00,69,6784.00,6812.00,6752.00,230,0,0,False,True,False,False,0,19,6788.00,6808.00,6756.00,6800.00,6680.00,6763.00,6712.00,6764.00,6688.00
2025-10-13,2025-10-13,2025-10-17,5,30,294973,False,0.00,6632.00,6766.75,6571.25,6711.00,9911028,4.00,50,6680.00,6724.00,6640.00,358,4,5,False,False,False,False,0,0,6664.00,6724.00,6656.00,6812.25,6540.25,6552.00,6784.00,6812.00,6752.00
2025-10-20,2025-10-20,2025-10-24,5,30,294973,False,0.00,6721.00,6841.25,6690.75,6825.25,6753323,4.00,39,6768.00,6788.00,6720.00,222,0,0,False,False,True,False,3,0,6776.00,6788.00,6728.00,6766.75,6571.25,6711.00,6680.00,6724.00,6640.00
2025-10-27,2025-10-27,2025-10-31,5,30,294973,False,0.00,6881.00,6953.75,6843.50,6872.25,7204960,4.00,29,6904.00,6940.00,6880.00,228,0,2,False,False,True,False,0,0,6892.00,6928.00,6868.00,6841.25,6690.75,6825.25,6768.00,6788.00,6720.00
2025-11-03,2025-11-03,2025-11-07,5,30,294973,False,0.00,6878.00,6909.50,6655.50,6765.00,8140337,4.00,65,6812.00,6848.00,6732.00,322,2,8,False,False,False,False,0,0,6800.00,6860.00,6720.00,6953.75,6843.50,6872.25,6904.00,6940.00,6880.00
2025-11-10,2025-11-10,2025-11-14,5,30,294973,False,0.00,6788.00,6900.50,6670.50,6765.25,8200323,4.00,59,6872.00,6892.00,6776.00,269,0,9,False,False,False,False,0,0,6872.00,6884.00,6776.00,6909.50,6655.50,6765.00,6812.00,6848.00,6732.00
2025-11-17,2025-11-17,2025-11-21,5,30,294973,False,0.00,6764.75,6801.50,6525.00,6631.50,11622614,4.00,70,6652.00,6712.00,6564.00,474,3,0,False,False,False,False,0,0,6652.00,6696.00,6572.00,6900.50,6670.50,6765.25,6872.00,6892.00,6776.00
2025-11-24,2025-11-24,2025-11-28,5,26,294973,False,0.00,6654.75,6863.75,6625.00,6857.25,4912160,4.00,60,6828.00,6856.00,6700.00,200,0,0,True,False,False,True,0,4,6720.00,6812.00,6648.00,6801.50,6525.00,6631.50,6652.00,6712.00,6564.00
2025-12-01,2025-12-01,2025-12-05,5,30,294973,False,0.00,6854.75,6905.00,6802.00,6879.50,6570348,4.00,27,6852.00,6872.00,6820.00,212,4,0,False,False,False,False,0,0,6848.00,6868.00,6824.00,6863.75,6625.00,6857.25,6828.00,6856.00,6700.00
2025-12-08,2025-12-08,2025-12-12,5,30,294973,False,0.00,6883.00,6928.75,6805.00,6833.50,6739595,4.00,32,6856.00,6892.00,6832.00,234,4,2,False,False,False,False,0,0,6844.00,6880.00,6828.00,6905.00,6802.00,6879.50,6852.00,6872.00,6820.00
2025-12-15,2025-12-15,2025-12-19,5,30,42140878,True,55.00,6886.00,6927.50,6771.50,6893.50,5746141,4.00,40,6844.00,6888.00,6820.00,273,0,0,False,False,False,False,0,0,6832.00,6892.00,6824.00,6983.75,6860.00,6888.50,6911.00,6947.00,6887.00
2025-12-22,2025-12-22,2025-12-26,4,23,42140878,False,0.00,6906.25,6994.00,6900.50,6977.00,2766966,4.00,24,6932.00,6968.00,6900.00,95,0,0,False,False,False,True,2,0,6928.00,6980.00,6912.00,6927.50,6771.50,6893.50,6844.00,6888.00,6820.00
2025-12-29,2025-12-29,2026-01-02,4,24,42140878,False,0.00,6980.50,6984.75,6866.75,6900.50,3982529,4.00,31,6948.00,6960.00,6908.00,147,2,2,False,False,False,False,0,0,6948.00,6960.00,6900.00,6994.00,6900.50,6977.00,6932.00,6968.00,6900.00
2026-01-05,2026-01-05,2026-01-09,5,30,42140878,False,0.00,6911.50,7017.50,6899.50,7004.00,6045420,4.00,31,6956.00,6992.00,6940.00,184,0,2,False,False,False,False,0,0,6960.00,6996.00,6944.00,6984.75,6866.75,6900.50,6948.00,6960.00,6908.00
2026-01-12,2026-01-12,2026-01-16,5,30,42140878,False,0.00,7007.00,7036.25,6923.25,6977.75,6435822,4.00,30,6992.00,7012.00,6960.00,213,3,3,False,False,False,False,0,0,6996.00,7016.00,6964.00,7017.50,6899.50,7004.00,6956.00,6992.00,6940.00
2026-01-19,2026-01-19,2026-01-23,5,29,42140878,False,0.00,6918.25,6969.00,6814.50,6933.75,6888178,4.00,40,6932.00,6960.00,6868.00,271,0,2,False,False,False,False,0,0,6944.00,6964.00,6872.00,7036.25,6923.25,6977.75,6992.00,7012.00,6960.00
2026-01-26,2026-01-26,2026-01-30,5,30,42140878,False,0.00,6904.00,7043.00,6879.00,6961.25,6908722,4.00,42,6976.00,7028.00,6944.00,267,0,5,False,False,False,False,0,0,6964.00,7016.00,6948.00,6969.00,6814.50,6933.75,6932.00,6960.00,6868.00
2026-02-02,2026-02-02,2026-02-06,5,30,42140878,False,0.00,6938.50,7027.25,6751.50,6945.75,9129207,4.00,70,6904.00,6972.00,6840.00,388,0,8,False,False,True,False,0,0,6932.00,6976.00,6852.00,7043.00,6879.00,6961.25,6976.00,7028.00,6944.00
2026-02-09,2026-02-09,2026-02-13,5,30,42140878,False,0.00,6960.25,7011.50,6808.75,6845.25,7439846,4.00,51,6972.00,7008.00,6884.00,286,0,4,False,False,False,False,0,5,6964.00,7008.00,6884.00,7027.25,6751.50,6945.75,6904.00,6972.00,6840.00
2026-02-16,2026-02-16,2026-02-20,5,29,42140878,False,0.00,6852.50,6931.50,6791.00,6924.75,6027810,4.00,36,6860.00,6904.00,6844.00,268,0,2,False,False,True,False,0,0,6872.00,6916.00,6856.00,7011.50,6808.75,6845.25,6972.00,7008.00,6884.00
2026-02-23,2026-02-23,2026-02-27,5,30,42140878,False,0.00,6918.00,6983.75,6828.50,6875.25,6743557,4.00,39,6900.00,6920.00,6852.00,272,3,0,False,False,False,False,0,0,6880.00,6908.00,6840.00,6931.50,6791.00,6924.75,6860.00,6904.00,6844.00
2026-03-02,2026-03-02,2026-03-06,5,30,42140878,False,0.00,6820.00,6911.25,6715.75,6740.00,9092317,4.00,50,6840.00,6868.00,6776.00,429,2,0,False,False,False,False,0,0,6884.00,6896.00,6780.00,6983.75,6828.50,6875.25,6900.00,6920.00,6852.00
2026-03-09,2026-03-09,2026-03-13,5,30,42140878,False,0.00,6685.50,6852.00,6584.50,6625.25,9046218,4.00,68,6692.00,6784.00,6628.00,437,3,0,False,False,False,False,0,0,6704.00,6780.00,6624.00,6911.25,6715.75,6740.00,6840.00,6868.00,6776.00
2026-03-16,2026-03-16,2026-03-20,5,30,42140864,True,51.50,6660.00,6814.00,6523.75,6588.50,6067318,4.00,74,6664.00,6756.00,6608.00,335,0,0,False,True,False,False,0,2,6636.00,6744.00,6580.00,6903.50,6636.00,6676.75,6743.50,6835.50,6679.50
2026-03-23,2026-03-23,2026-03-27,5,30,42140864,False,0.00,6510.00,6748.00,6389.00,6398.00,8957399,4.00,91,6640.00,6684.00,6544.00,457,11,0,False,True,False,False,0,4,6652.00,6704.00,6564.00,6814.00,6523.75,6588.50,6664.00,6756.00,6608.00
2026-03-30,2026-03-30,2026-04-03,5,28,42140864,False,0.00,6380.00,6653.75,6353.25,6603.75,7575692,4.00,76,6608.00,6652.00,6448.00,364,2,0,False,False,False,False,0,0,6616.00,6656.00,6472.00,6748.00,6389.00,6398.00,6640.00,6684.00,6544.00
2026-04-06,2026-04-06,2026-04-10,5,30,42140864,False,0.00,6590.00,6888.00,6567.00,6863.75,7846112,4.00,82,6816.00,6892.00,6640.00,332,2,2,False,False,False,False,0,26,6812.00,6888.00,6644.00,6653.75,6353.25,6603.75,6608.00,6652.00,6448.00
2026-04-13,2026-04-13,2026-04-17,5,30,42140864,False,0.00,6780.00,7185.75,6767.00,7164.25,6957864,4.00,106,7072.00,7140.00,6896.00,226,5,8,False,False,False,False,11,24,7160.00,7188.00,6992.00,6888.00,6567.00,6863.75,6816.00,6892.00,6640.00
2026-04-20,2026-04-20,2026-04-24,5,30,42140864,False,0.00,7102.50,7200.50,7079.25,7195.50,7340099,4.00,32,7152.00,7172.00,7120.00,276,0,2,False,False,True,False,0,0,7152.00,7172.00,7120.00,7185.75,6767.00,7164.25,7072.00,7140.00,6896.00
2026-04-27,2026-04-27,2026-05-01,5,30,42140864,False,0.00,7185.00,7300.75,7131.25,7247.75,6492377,4.00,44,7180.00,7216.00,7140.00,255,2,0,False,False,False,False,3,0,7168.00,7212.00,7144.00,7200.50,7079.25,7195.50,7152.00,7172.00,7120.00
2026-05-04,2026-05-04,2026-05-08,5,30,42140864,False,0.00,7276.25,7427.75,7199.50,7420.50,7012920,4.00,58,7380.00,7424.00,7268.00,236,0,4,False,False,True,False,0,0,7364.00,7428.00,7284.00,7300.75,7131.25,7247.75,7180.00,7216.00,7140.00
2026-05-11,2026-05-11,2026-05-15,5,30,42140864,False,0.00,7403.50,7540.00,7363.25,7418.00,7067428,4.00,46,7432.00,7476.00,7400.00,268,3,7,False,False,False,False,0,0,7432.00,7484.00,7400.00,7427.75,7199.50,7420.50,7380.00,7424.00,7268.00
2026-05-18,2026-05-18,2026-05-22,5,30,42140864,False,0.00,7410.00,7524.00,7354.25,7484.25,8026239,4.00,44,7408.00,7452.00,7376.00,343,2,0,False,False,False,False,0,0,7424.00,7444.00,7368.00,7540.00,7363.25,7418.00,7432.00,7476.00,7400.00
2026-05-25,2026-05-25,2026-05-29,5,29,42140864,False,0.00,7519.00,7611.50,7505.75,7590.75,5187277,4.00,27,7536.00,7572.00,7520.00,207,0,2,False,False,True,False,0,0,7536.00,7588.00,7520.00,7524.00,7354.25,7484.25,7408.00,7452.00,7376.00
2026-06-01,2026-06-01,2026-06-05,5,30,42140864,False,0.00,7595.00,7632.25,7359.00,7368.00,7006698,4.00,70,7604.00,7624.00,7540.00,288,0,0,False,True,True,False,0,8,7604.00,7632.00,7548.00,7611.50,7505.75,7590.75,7536.00,7572.00,7520.00
2026-06-08,2026-06-08,2026-06-12,5,30,42140864,False,0.00,7368.00,7491.00,7232.25,7436.25,8841045,4.00,65,7388.00,7456.00,7324.00,493,3,3,False,False,False,False,0,0,7436.00,7464.00,7324.00,7632.25,7359.00,7368.00,7604.00,7624.00,7540.00
2026-06-15,2026-06-15,2026-06-19,5,29,42140870,True,68.25,7548.25,7652.75,7472.25,7556.25,3798602,4.00,46,7560.00,7612.00,7536.00,254,3,8,False,False,False,False,0,0,7560.00,7604.00,7536.00,7559.25,7300.50,7504.50,7456.25,7524.25,7392.25
2026-06-22,2026-06-22,2026-06-26,5,30,42140870,False,0.00,7543.25,7599.25,7357.25,7397.25,7741701,4.00,61,7452.00,7488.00,7388.00,389,0,0,False,False,True,False,3,0,7440.00,7484.00,7408.00,7652.75,7472.25,7556.25,7560.00,7612.00,7536.00
2026-06-29,2026-06-29,2026-07-03,5,29,42140870,False,0.00,7398.00,7593.75,7398.00,7557.00,5659640,4.00,50,7548.00,7568.00,7484.00,279,0,3,False,False,True,False,0,0,7552.00,7572.00,7496.00,7599.25,7357.25,7397.25,7452.00,7488.00,7388.00
2026-07-06,2026-07-06,2026-07-10,5,30,42140870,False,0.00,7562.25,7628.75,7468.50,7626.00,5608877,4.00,41,7548.00,7592.00,7524.00,261,0,0,True,False,False,True,0,0,7584.00,7604.00,7528.00,7593.75,7398.00,7557.00,7548.00,7568.00,7484.00
2026-07-13,2026-07-13,2026-07-17,5,30,42140870,False,0.00,7607.00,7632.00,7473.00,7494.75,6323786,4.00,41,7592.00,7620.00,7552.00,268,2,3,False,False,False,False,0,0,7588.00,7616.00,7556.00,7628.75,7468.50,7626.00,7548.00,7592.00,7524.00
2026-07-20,2026-07-20,2026-07-24,5,30,42140870,False,0.00,7485.00,7563.50,7411.75,7444.00,6192458,4.00,39,7512.00,7556.00,7472.00,275,2,2,False,False,False,False,0,0,7544.00,7556.00,7456.00,7632.00,7473.00,7494.75,7592.00,7620.00,7552.00
2026-07-27,2026-07-27,2026-07-31,5,30,42140870,False,0.00,7490.00,7541.00,7324.00,7503.50,8009171,4.00,55,7436.00,7512.00,7420.00,390,0,0,True,False,False,False,0,0,7468.00,7480.00,7396.00,7563.50,7411.75,7444.00,7512.00,7556.00,7472.00
2026-08-03,2026-08-03,2026-08-07,5,30,42140870,False,0.00,7550.00,7820.25,7542.75,7777.25,6694326,4.00,71,7760.00,7820.00,7688.00,243,0,0,False,False,False,True,0,27,7764.00,7816.00,7724.00,7541.00,7324.00,7503.50,7436.00,7512.00,7420.00
2026-08-10,2026-08-10,2026-08-14,5,30,42140870,False,0.00,7776.75,7838.50,7738.00,7802.50,4576950,4.00,26,7780.00,7800.00,7748.00,170,2,2,False,False,False,False,0,0,7772.00,7808.00,7740.00,7820.25,7542.75,7777.25,7760.00,7820.00,7688.00
2026-08-17,2026-08-17,2026-08-21,5,30,42140870,False,0.00,7809.25,7824.50,7657.75,7687.75,6053101,4.00,43,7732.00,7752.00,7676.00,203,0,0,False,False,False,False,3,0,7696.00,7748.00,7680.00,7838.50,7738.00,7802.50,7780.00,7800.00,7748.00
2026-08-24,2026-08-24,2026-08-28,5,30,42140870,False,0.00,7693.50,7782.50,7655.00,7724.75,5757592,4.00,33,7684.00,7728.00,7668.00,213,6,0,False,False,False,False,0,0,7684.00,7728.00,7660.00,7824.50,7657.75,7687.75,7732.00,7752.00,7676.00
2026-08-31,2026-08-31,2026-09-04,5,30,42140870,False,0.00,7723.50,7766.50,7618.50,7715.00,6527621,4.00,38,7684.00,7728.00,7644.00,229,0,0,False,False,True,False,0,0,7676.00,7728.00,7644.00,7782.50,7655.00,7724.75,7684.00,7728.00,7668.00
2026-09-07,2026-09-07,2026-09-11,5,29,42140870,False,0.00,7715.50,7728.50,7585.50,7660.75,5753696,4.00,37,7656.00,7724.00,7640.00,201,0,0,False,False,False,True,0,0,7596.00,7680.00,7588.00,7766.50,7618.50,7715.00,7684.00,7728.00,7644.00
2026-09-14,2026-09-14,2026-09-16,3,13,42140870,False,0.00,7609.25,7652.00,7576.75,7598.50,997220,4.00,20,7620.00,7632.00,7596.00,101,2,0,False,False,False,True,0,0,7620.00,7640.00,7596.00,7728.50,7585.50,7660.75,7656.00,7724.00,7640.00
