report_date,apply_week_monday,snapshot_weekday,is_roll_week,delayed_release,units_multiplier,oi,dealer_long,dealer_short,dealer_net,dealer_net_pct_oi,am_long,am_short,am_net,am_net_pct_oi,lf_long,lf_short,lf_net,lf_net_pct_oi,am_idx52,am_state_2080,am_state_1090,lf_idx52,lf_state_2080,lf_state_1090
2010-06-15,2010-06-21,Tuesday,False,False,5.0,5661545.0,301065.0,1133500.0,-832435.0,-14.703318617091272,2092185.0,774630.0,1317555.0,23.272004373364513,438025.0,983280.0,-545255.0,-9.630851649152307,,,,,,
2010-06-22,2010-06-28,Tuesday,False,False,5.0,4110460.0,257325.0,1189765.0,-932440.0,-22.68456571770556,2140275.0,759780.0,1380495.0,33.58492723442145,354390.0,911220.0,-556830.0,-13.546659011400184,,,,,,
2010-06-29,2010-07-05,Tuesday,False,False,5.0,4252005.0,280275.0,1158135.0,-877860.0,-20.64578945697383,2181340.0,889160.0,1292180.0,30.389898412631215,388275.0,921820.0,-533545.0,-12.548080258607412,,,,,,
2010-07-06,2010-07-12,Tuesday,False,False,5.0,4417125.0,336625.0,1065680.0,-729055.0,-16.50519285734499,2198490.0,914805.0,1283685.0,29.06155021648697,375165.0,1019110.0,-643945.0,-14.578373942326738,,,,,,
2010-07-13,2010-07-19,Tuesday,False,False,5.0,4374480.0,378965.0,1049720.0,-670755.0,-15.333365337137215,2183235.0,781880.0,1401355.0,32.034778990874344,361445.0,1091405.0,-729960.0,-16.686783343391674,,,,,,
2010-07-20,2010-07-26,Tuesday,False,False,5.0,4354450.0,346625.0,1067665.0,-721040.0,-16.55869283147125,2198990.0,819430.0,1379560.0,31.68161306249928,355390.0,1038335.0,-682945.0,-15.683840668741173,,,,,,
2010-07-27,2010-08-02,Tuesday,False,False,5.0,4340435.0,321245.0,1108970.0,-787725.0,-18.148526587772885,2182640.0,804810.0,1377830.0,31.74405330341314,371475.0,994175.0,-622700.0,-14.346488312807356,,,,,,
2010-08-03,2010-08-09,Tuesday,False,False,5.0,4329035.0,314320.0,1148450.0,-834130.0,-19.26826648433196,2130655.0,774615.0,1356040.0,31.324302067319852,365155.0,971155.0,-606000.0,-13.998500820621688,,,,,,
2010-08-10,2010-08-16,Tuesday,False,False,5.0,4350705.0,324940.0,1184870.0,-859930.0,-19.765302405012523,2165185.0,780870.0,1384315.0,31.81817659436804,371585.0,969580.0,-597995.0,-13.744783891346346,,,,,,
2010-08-17,2010-08-23,Tuesday,False,False,5.0,4423120.0,348450.0,1077220.0,-728770.0,-16.476378664833874,2128305.0,845790.0,1282515.0,28.995708911356687,404280.0,981430.0,-577150.0,-13.048481614787752,,,,,,
2010-08-24,2010-08-30,Tuesday,False,False,5.0,4552650.0,412690.0,967965.0,-555275.0,-12.196742556533009,2145695.0,920960.0,1224735.0,26.90158479127541,390085.0,1060515.0,-670430.0,-14.726148506913555,,,,,,
2010-08-31,2010-09-06,Tuesday,True,False,5.0,4692215.0,463130.0,945255.0,-482125.0,-10.274998055289453,2162925.0,948090.0,1214835.0,25.890437671760562,392735.0,1115495.0,-722760.0,-15.40338624722013,,,,,,
2010-09-07,2010-09-13,Tuesday,True,False,5.0,4718865.0,445490.0,986865.0,-541375.0,-11.47256808575791,2113640.0,902830.0,1210810.0,25.658924338797572,367290.0,1063150.0,-695860.0,-14.746342605690138,,,,,,
2010-09-14,2010-09-20,Tuesday,False,False,5.0,5519130.0,444230.0,1100805.0,-656575.0,-11.896349605825556,2154510.0,854985.0,1299525.0,23.54583059286518,418910.0,1082270.0,-663360.0,-12.019285648281523,,,,,,
2010-09-21,2010-09-27,Tuesday,False,False,5.0,3896785.0,111500.0,1131075.0,-1019575.0,-26.16451767290215,2131705.0,785495.0,1346210.0,34.54668399719256,375140.0,739515.0,-364375.0,-9.35065701597599,,,,,,
2010-09-28,2010-10-04,Tuesday,False,False,5.0,4057065.0,128305.0,1263770.0,-1135465.0,-27.987350461478925,2128545.0,764450.0,1364095.0,33.622705083601076,435790.0,722990.0,-287200.0,-7.079009086618035,,,,,,
2010-10-05,2010-10-11,Tuesday,False,False,5.0,4149255.0,118420.0,1281940.0,-1163520.0,-28.041660490859204,2100135.0,757855.0,1342280.0,32.349903777907116,447800.0,731795.0,-283995.0,-6.844481720212424,,,,,,
2010-10-12,2010-10-18,Tuesday,False,False,5.0,4219800.0,133215.0,1361195.0,-1227980.0,-29.100431300061615,2122460.0,725465.0,1396995.0,33.10571591070667,444330.0,736480.0,-292150.0,-6.9233139011327545,,,,,,
2010-10-19,2010-10-25,Tuesday,False,False,5.0,4270375.0,132055.0,1347265.0,-1215210.0,-28.456751456253844,2146555.0,710970.0,1435585.0,33.61730527178526,438305.0,760280.0,-321975.0,-7.539735971665252,,,,,,
2010-10-26,2010-11-01,Tuesday,False,False,5.0,4348400.0,124350.0,1448695.0,-1324345.0,-30.455914819243862,2143675.0,680545.0,1463130.0,33.647548523594885,490845.0,695470.0,-204625.0,-4.705753840493055,,,,,,
2010-11-02,2010-11-08,Tuesday,False,False,5.0,4395120.0,132230.0,1474620.0,-1342390.0,-30.542738309761734,2097050.0,677030.0,1420020.0,32.30901545350298,521320.0,685710.0,-164390.0,-3.7402846793716664,,,,,,
2010-11-09,2010-11-15,Tuesday,False,False,5.0,4521960.0,158895.0,1544220.0,-1385325.0,-30.63549876602181,2121950.0,643480.0,1478470.0,32.69533565091244,510205.0,741775.0,-231570.0,-5.121009473768012,,,,,,
2010-11-16,2010-11-22,Tuesday,False,False,5.0,4606190.0,183765.0,1467145.0,-1283380.0,-27.862072558882723,2101355.0,692170.0,1409185.0,30.593288596432195,502400.0,792765.0,-290365.0,-6.303799886674236,,,,,,
2010-11-23,2010-11-29,Tuesday,False,False,5.0,4684405.0,213300.0,1477815.0,-1264515.0,-26.99414333303803,2116910.0,698720.0,1418190.0,30.27470938144759,516410.0,811215.0,-294805.0,-6.293328608435863,,,,,,
2010-11-30,2010-12-06,Tuesday,True,False,5.0,4705715.0,219455.0,1498740.0,-1279285.0,-27.185773044053878,2118410.0,707850.0,1410560.0,29.975466002509716,503570.0,757455.0,-253885.0,-5.395248118511215,,,,,,
2010-12-07,2010-12-13,Tuesday,True,False,5.0,4903215.0,251890.0,1608210.0,-1356320.0,-27.66185043894669,2099335.0,635510.0,1463825.0,29.85439145540222,513970.0,797545.0,-283575.0,-5.78345024641995,,,,,,
2010-12-14,2010-12-20,Tuesday,False,False,5.0,5547365.0,254675.0,1672610.0,-1417935.0,-25.560513865592043,2131960.0,615175.0,1516785.0,27.34244096070837,539000.0,771750.0,-232750.0,-4.195685699426665,,,,,,
2010-12-21,2010-12-27,Tuesday,False,False,5.0,3791680.0,173940.0,1523750.0,-1349810.0,-35.599259431175625,2077120.0,607820.0,1469300.0,38.75063296480716,399595.0,687760.0,-288165.0,-7.599929318929867,,,,,,
2010-12-28,2011-01-03,Tuesday,False,False,5.0,3848770.0,183425.0,1532545.0,-1349120.0,-35.05327676114707,2103395.0,590475.0,1512920.0,39.30918189447537,396395.0,706710.0,-310315.0,-8.062705747550517,,,,,,
2011-01-04,2011-01-10,Tuesday,False,False,5.0,3882015.0,209505.0,1506350.0,-1296845.0,-33.406491216546044,2072335.0,617930.0,1454405.0,37.46520814576966,392980.0,703820.0,-310840.0,-8.007181837267503,,,,,,
2011-01-11,2011-01-17,Tuesday,False,False,5.0,3967330.0,235820.0,1542675.0,-1306855.0,-32.94041584642568,2051535.0,632445.0,1419090.0,35.76939654629184,451975.0,729840.0,-277865.0,-7.003828771491154,,,,,,
2011-01-18,2011-01-24,Tuesday,False,False,5.0,4053410.0,272050.0,1523170.0,-1251120.0,-30.865863556857065,2074635.0,609200.0,1465435.0,36.153140195539066,421740.0,785645.0,-363905.0,-8.977749598486213,,,,,,
2011-01-25,2011-01-31,Tuesday,False,False,5.0,4189740.0,262555.0,1531620.0,-1269065.0,-30.28982705370739,2118890.0,624270.0,1494620.0,35.67333533823101,446035.0,816035.0,-370000.0,-8.831096917708498,,,,,,
2011-02-01,2011-02-07,Tuesday,False,False,5.0,4275425.0,258955.0,1476090.0,-1217135.0,-28.468163983697526,2114920.0,649360.0,1465560.0,34.278697439435845,436755.0,842910.0,-406155.0,-9.499757334066205,,,,,,
2011-02-08,2011-02-14,Tuesday,False,False,5.0,4390840.0,288015.0,1415560.0,-1127545.0,-25.67948274134334,2138960.0,613065.0,1525895.0,34.751778702936114,428400.0,935190.0,-506790.0,-11.54198285521677,,,,,,
2011-02-15,2011-02-21,Tuesday,False,False,5.0,4467235.0,292645.0,1374060.0,-1081415.0,-24.207703422810752,2144020.0,605170.0,1538850.0,34.447482615085164,411435.0,974735.0,-563300.0,-12.609589600726176,,,,,,
2011-02-22,2011-02-28,Tuesday,False,False,5.0,4585885.0,314100.0,1332625.0,-1018525.0,-22.209998724346555,2139035.0,600550.0,1538485.0,33.54826821867535,426865.0,972590.0,-545725.0,-11.900102161305833,,,,,,
2011-03-01,2011-03-07,Tuesday,True,False,5.0,4731085.0,300890.0,1314245.0,-1013355.0,-21.4190825148988,2077795.0,624230.0,1453565.0,30.72371348221391,414210.0,1006030.0,-591820.0,-12.509181297736143,,,,,,
2011-03-08,2011-03-14,Tuesday,True,False,5.0,4897640.0,304410.0,1309555.0,-1005145.0,-20.523047835283933,2068375.0,616710.0,1451665.0,29.640091962659564,432180.0,990110.0,-557930.0,-11.391813199826856,,,,,,
2011-03-15,2011-03-21,Tuesday,False,False,5.0,5868310.0,304560.0,1156340.0,-851780.0,-14.51491144810005,2108955.0,655355.0,1453600.0,24.770334218880734,446565.0,1073495.0,-626930.0,-10.683314276171505,,,,,,
2011-03-22,2011-03-28,Tuesday,False,False,5.0,4044735.0,313965.0,1234155.0,-920190.0,-22.750316151738,2099165.0,644215.0,1454950.0,35.9714542485478,301120.0,883435.0,-582315.0,-14.396864071441021,,,,,,
2011-03-29,2011-04-04,Tuesday,False,False,5.0,4131660.0,321110.0,1283385.0,-962275.0,-23.290275579307107,2068320.0,610510.0,1457810.0,35.2838810550723,353785.0,952870.0,-599085.0,-14.49986204092302,,,,,,
2011-04-05,2011-04-11,Tuesday,False,False,5.0,4193815.0,325005.0,1313800.0,-988795.0,-23.577458710028935,1996580.0,603490.0,1393090.0,33.21772658069085,389220.0,954245.0,-565025.0,-13.472816516703764,,,,,,
2011-04-12,2011-04-18,Tuesday,False,False,5.0,4215865.0,319805.0,1279140.0,-959335.0,-22.75535388348536,2010015.0,594120.0,1415895.0,33.58492266711576,362860.0,971815.0,-608955.0,-14.44436669580264,,,,,,
2011-04-19,2011-04-25,Tuesday,False,False,5.0,4299645.0,303525.0,1294915.0,-991390.0,-23.057484978411008,2048230.0,606725.0,1441505.0,33.52613994876321,353880.0,938580.0,-584700.0,-13.598797109993965,,,,,,
2011-04-26,2011-05-02,Tuesday,False,False,5.0,4361105.0,278240.0,1434935.0,-1156695.0,-26.52297984111825,2057195.0,590270.0,1466925.0,33.636543949297256,390405.0,860945.0,-470540.0,-10.789467348298196,,,,,,
2011-05-03,2011-05-09,Tuesday,False,False,5.0,4425390.0,255500.0,1366250.0,-1110750.0,-25.099482757451884,2017855.0,571755.0,1446100.0,32.67734595143027,473235.0,850065.0,-376830.0,-8.515181712798194,,,,,,
2011-05-10,2011-05-16,Tuesday,False,False,5.0,4315875.0,269330.0,1342065.0,-1072735.0,-24.85556231355171,2017220.0,567675.0,1449545.0,33.58635270947374,410190.0,855855.0,-445665.0,-10.326179511686506,,,,,,
2011-05-17,2011-05-23,Tuesday,False,False,5.0,4352345.0,278400.0,1284975.0,-1006575.0,-23.12718775740434,2030710.0,600790.0,1429920.0,32.85401318139991,388970.0,861420.0,-472450.0,-10.85506778529735,,,,,,
2011-05-24,2011-05-30,Tuesday,False,False,5.0,4481285.0,287020.0,1259850.0,-972830.0,-21.708728634755435,2053070.0,612125.0,1440945.0,32.154727940758065,403870.0,884235.0,-480365.0,-10.719358398316555,,,,,,
2011-05-31,2011-06-06,Tuesday,True,False,5.0,4527705.0,312890.0,1271380.0,-958490.0,-21.16944456407827,2028530.0,583845.0,1444685.0,31.907666245923703,435560.0,921425.0,-485865.0,-10.730933221135212,,,,,,
2011-06-07,2011-06-13,Tuesday,True,False,5.0,4744585.0,283655.0,1189715.0,-906060.0,-19.09671762651528,2004115.0,615070.0,1389045.0,29.276427759224465,416585.0,974155.0,-557570.0,-11.751712741999564,54.333313010608464,Mid,Mid,30.48075392966388,Mid,Mid
2011-06-14,2011-06-20,Tuesday,False,False,5.0,5363685.0,259465.0,1190930.0,-931465.0,-17.36613913755189,2037625.0,627715.0,1409910.0,26.28621926902866,427600.0,946550.0,-518950.0,-9.675251249840363,60.69381782709426,Mid,Mid,37.3092632211751,Mid,Mid
2011-06-21,2011-06-27,Tuesday,False,False,5.0,3857870.0,180810.0,993725.0,-812915.0,-21.07160168694124,2015420.0,644375.0,1371045.0,35.53891136819022,344070.0,827235.0,-483165.0,-12.524138967876056,48.846177295451774,Mid,Mid,43.63650830135969,Mid,Mid
2011-06-28,2011-07-04,Tuesday,False,False,5.0,3836585.0,198125.0,1025150.0,-827025.0,-21.5562798686853,2000665.0,623535.0,1377130.0,35.894682380293936,353170.0,813780.0,-460610.0,-12.005729053311734,50.7011340080478,Mid,Mid,47.62452039535336,Mid,Mid
2011-07-05,2011-07-11,Tuesday,False,False,5.0,3839965.0,242940.0,1080420.0,-837480.0,-21.80957378517773,1947920.0,576380.0,1371540.0,35.71751305024915,383385.0,780390.0,-397005.0,-10.33876610854526,48.99707352761858,Mid,Mid,58.87069681913821,Mid,Mid
2011-07-12,2011-07-18,Tuesday,False,False,5.0,3977210.0,241320.0,1076075.0,-834755.0,-20.988456732231892,1941020.0,674255.0,1266765.0,31.85059375793584,444990.0,773790.0,-328800.0,-8.267101812577158,17.057371052310693,Low,Mid,70.55536651324391,Mid,Mid
2011-07-19,2011-07-25,Tuesday,False,False,5.0,3961820.0,237455.0,1042360.0,-804905.0,-20.316546435729034,1932730.0,663245.0,1269485.0,32.04297519826746,403895.0,765935.0,-362040.0,-9.138224351434442,17.88653822704548,Low,Mid,64.60232462345756,Mid,Mid
2011-07-26,2011-08-01,Tuesday,False,False,5.0,4012030.0,269660.0,1070680.0,-801020.0,-19.96545389740356,1916435.0,625400.0,1291035.0,32.17909636767422,398375.0,791870.0,-393495.0,-9.807877807493961,24.455859041580293,Mid,Mid,58.968963232265345,Mid,Mid
2011-08-02,2011-08-08,Tuesday,False,False,5.0,4278085.0,329140.0,910815.0,-581675.0,-13.596620918004202,1904465.0,856530.0,1047935.0,24.495422601467713,433865.0,833365.0,-399500.0,-9.338290379924663,0.0,Low,Low,57.893511470888484,Mid,Mid
2011-08-09,2011-08-15,Tuesday,False,False,5.0,5059545.0,443995.0,814970.0,-370975.0,-7.332181055806402,1950250.0,984965.0,965285.0,19.07849421242424,541685.0,978385.0,-436700.0,-8.631210909281368,0.0,Low,Low,51.23126242455719,Mid,Mid
2011-08-16,2011-08-22,Tuesday,False,False,5.0,4889915.0,475940.0,626610.0,-150670.0,-3.081239653450009,1995700.0,1001890.0,993810.0,20.3236661577962,502830.0,1081680.0,-578850.0,-11.837629079442076,4.973281145118688,Low,Low,25.773232802621916,Mid,Mid
2011-08-23,2011-08-29,Tuesday,False,False,5.0,5310355.0,644460.0,585480.0,58980.0,1.1106602100989482,2007150.0,1068745.0,938405.0,17.67122913628185,457545.0,1146890.0,-689345.0,-12.981147211438785,0.0,Low,Low,5.984383115138707,Low,Low
2011-08-30,2011-09-05,Tuesday,True,False,5.0,5568975.0,698975.0,621115.0,77860.0,1.3981028824873518,2049295.0,1054440.0,994855.0,17.864238930862502,465935.0,1229850.0,-763915.0,-13.717335775434439,9.401360657512345,Low,Low,0.0,Low,Low
2011-09-06,2011-09-12,Tuesday,True,False,5.0,5965105.0,834445.0,665455.0,168990.0,2.8329761169333985,2034480.0,1143670.0,890810.0,14.933685157260435,504020.0,1225405.0,-721385.0,-12.093416628877446,0.0,Low,Low,7.0939493765898005,Low,Low
2011-09-13,2011-09-19,Tuesday,False,False,5.0,6613365.0,849450.0,648075.0,201375.0,3.0449702987813314,2008085.0,1170195.0,837890.0,12.669646995137876,605120.0,1242360.0,-637240.0,-9.635639345476925,0.0,Low,Low,21.12922730494975,Mid,Mid
2011-09-20,2011-09-26,Tuesday,False,False,5.0,4246840.0,534580.0,614470.0,-79890.0,-1.8811634062032005,1977160.0,1068395.0,908765.0,21.398616383004775,339440.0,986860.0,-647420.0,-15.244746682239029,10.111133302898882,Low,Mid,19.431216379633874,Low,Mid
2011-09-27,2011-10-03,Tuesday,False,False,5.0,4405465.0,582225.0,610515.0,-28290.0,-0.6421569573245957,1915160.0,1217985.0,697175.0,15.825230707768648,400280.0,853235.0,-452955.0,-10.281661527216764,0.0,Low,Low,51.867728618489636,Mid,Mid
2011-10-04,2011-10-10,Tuesday,False,False,5.0,4627820.0,652735.0,590900.0,61835.0,1.3361582775475278,1860895.0,1342145.0,518750.0,11.20938152304973,417480.0,890685.0,-473205.0,-10.22522483588385,0.0,Low,Low,48.49005462657938,Mid,Mid
2011-10-11,2011-10-17,Tuesday,False,False,5.0,4434240.0,581770.0,625790.0,-44020.0,-0.9927293064876959,1877020.0,1191915.0,685105.0,15.450336472540954,381050.0,873485.0,-492435.0,-11.105285234899329,16.30771492990883,Low,Mid,45.282515324632,Mid,Mid
2011-10-18,2011-10-24,Tuesday,False,False,5.0,4461605.0,586770.0,639595.0,-52825.0,-1.1839909628933982,1879740.0,1136095.0,743645.0,16.667656594431822,371750.0,892080.0,-520330.0,-11.662395034970599,22.046368003136948,Mid,Mid,40.62966515157833,Mid,Mid
2011-10-25,2011-10-31,Tuesday,False,False,5.0,4483385.0,555670.0,623055.0,-67385.0,-1.5029938316695979,1836100.0,1146140.0,689960.0,15.389265030774737,387465.0,873035.0,-485570.0,-10.83043280913863,16.783648661895892,Low,Mid,46.42758850756849,Mid,Mid
2011-11-01,2011-11-07,Tuesday,False,False,5.0,4299080.0,515375.0,683900.0,-168525.0,-3.9200247494812843,1728755.0,1042210.0,686545.0,15.969579537947654,405490.0,826310.0,-420820.0,-9.788605934292919,16.44887756102343,Low,Mid,64.44974593543661,Mid,Mid
2011-11-08,2011-11-14,Tuesday,False,False,5.0,4374695.0,489290.0,687525.0,-198235.0,-4.531401617712778,1780745.0,1012555.0,768190.0,17.559852744019867,384180.0,843950.0,-459770.0,-10.509761251927277,24.452504656406234,Mid,Mid,57.25998512703209,Mid,Mid
2011-11-15,2011-11-21,Tuesday,False,False,5.0,4489425.0,499460.0,697200.0,-197740.0,-4.404572968698664,1777165.0,1063500.0,713665.0,15.896579183302983,400680.0,819045.0,-418365.0,-9.318899413622011,19.107440447014998,Low,Mid,65.05511470070505,Mid,Mid
2011-11-22,2011-11-28,Tuesday,False,False,5.0,4507900.0,541210.0,624820.0,-83610.0,-1.8547438940526633,1779550.0,1130890.0,648660.0,14.389405266310254,378365.0,867065.0,-488700.0,-10.840968078262605,12.73502597784531,Low,Mid,51.813466625248275,Mid,Mid
2011-11-29,2011-12-05,Tuesday,True,False,5.0,4511405.0,480880.0,659360.0,-178480.0,-3.9561954646058153,1787375.0,1062980.0,724395.0,16.056971165302162,371000.0,876545.0,-505545.0,-11.20593251991342,20.159298108028626,Mid,Mid,48.64213568288574,Mid,Mid
2011-12-06,2011-12-12,Tuesday,True,False,5.0,4634965.0,462775.0,839745.0,-376970.0,-8.133178999194168,1744590.0,1001220.0,743370.0,16.0383088113934,454860.0,782170.0,-327310.0,-7.06175774790101,22.019409861778257,Mid,Mid,82.19762220778854,High,Mid
2011-12-13,2011-12-19,Tuesday,False,False,5.0,5116920.0,469585.0,792015.0,-322430.0,-6.301251534125997,1750355.0,1076830.0,673525.0,13.162703344980963,498465.0,819225.0,-320760.0,-6.268614713538613,15.172532104695618,Low,Mid,91.17477625758667,High,High
2011-12-20,2011-12-26,Tuesday,False,False,5.0,3726955.0,186140.0,665430.0,-479290.0,-12.860096244789649,1763880.0,1097985.0,665895.0,17.866998662446957,400505.0,672035.0,-271530.0,-7.285572270124002,14.424566218998136,Low,Mid,100.0,High,High
2011-12-27,2012-01-02,Tuesday,False,False,5.0,3823805.0,209455.0,728040.0,-518585.0,-13.562014799394845,1799110.0,1058770.0,740340.0,19.36134295551159,388555.0,677035.0,-288480.0,-7.544317767250161,21.72238015880796,Mid,Mid,96.55757181880033,High,High
2012-01-03,2012-01-09,Tuesday,False,False,5.0,3944150.0,209105.0,794855.0,-585750.0,-14.851108603881698,1782100.0,1058520.0,723580.0,18.34565115424109,424830.0,641415.0,-216585.0,-5.491297237681122,20.07940398000196,Mid,Mid,100.0,High,High
2012-01-10,2012-01-16,Tuesday,False,False,5.0,3779205.0,207660.0,780830.0,-573170.0,-15.16641727559103,1790950.0,1055755.0,735195.0,19.45369462625076,426235.0,707370.0,-281135.0,-7.438998413687535,21.218017841388097,Mid,Mid,88.20638371731862,High,Mid
2012-01-17,2012-01-23,Tuesday,False,False,5.0,3832995.0,198310.0,812395.0,-614085.0,-16.02102272504921,1819385.0,1017800.0,801585.0,20.912758821756878,432820.0,731340.0,-298520.0,-7.788165651142254,27.72620331340065,Mid,Mid,85.03005499424478,High,Mid
2012-01-24,2012-01-30,Tuesday,False,False,5.0,3974970.0,201560.0,920510.0,-718950.0,-18.0869289579544,1840100.0,957915.0,882185.0,22.193500831452816,435465.0,723090.0,-287625.0,-7.235903667197488,35.62738947162043,Mid,Mid,87.02062740942394,High,Mid
2012-01-31,2012-02-06,Tuesday,False,False,5.0,3996495.0,217925.0,973900.0,-755975.0,-18.915950101276245,1838740.0,952470.0,886270.0,22.1761818793718,470840.0,768455.0,-297615.0,-7.446900346428557,36.027840407803154,Mid,Mid,85.19540313887417,High,Mid
2012-02-07,2012-02-13,Tuesday,False,False,5.0,3992980.0,234200.0,1013605.0,-779405.0,-19.51938151455805,1864695.0,883235.0,981460.0,24.57963726339726,434095.0,768790.0,-334695.0,-8.382085560158076,45.359278502107635,Mid,Mid,78.42069683737417,Mid,Mid
2012-02-14,2012-02-20,Tuesday,False,False,5.0,3981470.0,236220.0,1003280.0,-767060.0,-19.26574858029823,1905820.0,864750.0,1041070.0,26.147880054351784,445975.0,836295.0,-390320.0,-9.803414316822682,51.221150593046225,Mid,Mid,68.25772385946321,Mid,Mid
2012-02-21,2012-02-27,Tuesday,False,False,5.0,4040260.0,230575.0,998020.0,-767445.0,-18.994940919643785,1911875.0,832040.0,1079835.0,26.72686906288209,453110.0,863550.0,-410440.0,-10.158752159514487,59.175257731958766,Mid,Mid,64.58169659985748,Mid,Mid
2012-02-28,2012-03-05,Tuesday,True,False,5.0,4059965.0,212975.0,973950.0,-760975.0,-18.743388181917826,1933465.0,842770.0,1090695.0,26.864640458723166,477380.0,881885.0,-404505.0,-9.963263230101738,60.32061592005695,Mid,Mid,65.66605155938831,Mid,Mid
2012-03-06,2012-03-12,Tuesday,True,False,5.0,4233935.0,221735.0,882775.0,-661040.0,-15.612899111582959,1889795.0,860875.0,1028920.0,24.301742941259135,458385.0,943075.0,-484690.0,-11.447743056990719,53.80546839982071,Mid,Mid,51.01584053496063,Mid,Mid
2012-03-13,2012-03-19,Tuesday,False,False,5.0,4836640.0,205440.0,986975.0,-781535.0,-16.15863492010983,1953115.0,852040.0,1101075.0,22.765287472294816,516960.0,947090.0,-430130.0,-8.893157233120514,61.415350541830364,Mid,Mid,60.98423254709224,Mid,Mid
2012-03-20,2012-03-26,Tuesday,False,False,5.0,3805650.0,189735.0,1013550.0,-823815.0,-21.647156201962872,1944090.0,817090.0,1127000.0,29.613863597545752,424830.0,886990.0,-462160.0,-12.14404897980634,64.14955045218446,Mid,Mid,55.13218716313742,Mid,Mid
2012-03-27,2012-04-02,Tuesday,False,False,5.0,3863640.0,190310.0,1064170.0,-873860.0,-22.617531654087855,1968695.0,795350.0,1173345.0,30.36890082926981,418035.0,906770.0,-488735.0,-12.649599859200134,69.03736124660533,Mid,Mid,50.27679827526356,Mid,Mid
2012-04-03,2012-04-09,Tuesday,False,False,5.0,3880335.0,203410.0,1100195.0,-896785.0,-23.111020053680935,1902260.0,797865.0,1104395.0,28.461331302580835,461880.0,871365.0,-409485.0,-10.552825980231088,61.765496875576765,Mid,Mid,64.75618000109623,Mid,Mid
2012-04-10,2012-04-16,Tuesday,False,False,5.0,3952930.0,221290.0,974325.0,-753035.0,-19.050046421262206,1876755.0,863755.0,1013000.0,25.626560551287277,422195.0,903120.0,-480925.0,-12.166291839217998,52.126453450048785,Mid,Mid,51.70372535764529,Mid,Mid
2012-04-17,2012-04-23,Tuesday,False,False,5.0,3980675.0,218855.0,1017835.0,-798980.0,-20.071470290842633,1871575.0,854715.0,1016860.0,25.544913865110818,461640.0,894330.0,-432690.0,-10.8697645499821,52.53355129591056,Mid,Mid,60.51650740869311,Mid,Mid
2012-04-24,2012-04-30,Tuesday,False,False,5.0,4025340.0,257920.0,988530.0,-730610.0,-18.15026805189127,1850330.0,876625.0,973705.0,24.189385244476245,416800.0,874435.0,-457635.0,-11.3688533142542,48.87810957299942,Mid,Mid,55.95892788628433,Mid,Mid
2012-05-01,2012-05-07,Tuesday,False,False,5.0,4082820.0,253435.0,1100845.0,-847410.0,-20.755507222948843,1816615.0,822945.0,993670.0,24.337835123762495,510805.0,885615.0,-374810.0,-9.180174487241661,51.0230501882799,Mid,Mid,71.09148045968611,Mid,Mid
2012-05-08,2012-05-14,Tuesday,False,False,5.0,4113590.0,273910.0,974275.0,-700365.0,-17.02563940499661,1812540.0,856945.0,955595.0,23.23019552264567,429655.0,955040.0,-525385.0,-12.771934004118057,47.17879764778305,Mid,Mid,43.58065518060402,Mid,Mid
2012-05-15,2012-05-21,Tuesday,False,False,5.0,4259410.0,284845.0,879420.0,-594575.0,-13.959092926015575,1784555.0,909830.0,874725.0,20.53629493286629,464240.0,948365.0,-484125.0,-11.366010785531328,38.44492323975225,Mid,Mid,51.11906893464637,Mid,Mid
2012-05-22,2012-05-28,Tuesday,False,False,5.0,4367440.0,302320.0,759340.0,-457020.0,-10.464253658893998,1798405.0,912810.0,885595.0,20.27721044822596,390055.0,991245.0,-601190.0,-13.765272104482259,39.618871735057,Mid,Mid,29.73069263515612,Mid,Mid
2012-05-29,2012-06-04,Tuesday,True,False,5.0,4405945.0,300950.0,714280.0,-413330.0,-9.381188371620617,1802955.0,912055.0,890900.0,20.220406745885388,406580.0,1017870.0,-611290.0,-13.874208597701514,41.76017774585933,Mid,Mid,27.885370800065772,Mid,Mid
2012-06-05,2012-06-11,Tuesday,True,False,5.0,4666540.0,302935.0,644340.0,-341405.0,-7.316020006257312,1789165.0,988975.0,800190.0,17.147394000694305,422485.0,1011485.0,-589000.0,-12.62177116236012,31.581309753579607,Mid,Mid,31.95786819651764,Mid,Mid
2012-06-12,2012-06-18,Tuesday,False,False,5.0,5081275.0,259855.0,702190.0,-442335.0,-8.705197022400874,1867215.0,908395.0,958820.0,18.869673457941165,404020.0,1066635.0,-662615.0,-13.04032944487358,51.26750390270044,Mid,Mid,18.508029890559627,Low,Mid
2012-06-19,2012-06-25,Tuesday,False,False,5.0,3703010.0,223745.0,685775.0,-462030.0,-12.477146969627412,1820500.0,886375.0,934125.0,25.226099848501626,326385.0,903315.0,-576930.0,-15.580028139270485,48.39057293972366,Mid,Mid,34.163119142016704,Mid,Mid
2012-06-26,2012-07-02,Tuesday,False,False,5.0,3870370.0,258790.0,665315.0,-406525.0,-10.503517751532799,1837945.0,994650.0,843295.0,21.78848533861104,374750.0,927875.0,-553125.0,-14.291269310169314,38.05684869663106,Mid,Mid,38.512414813732114,Mid,Mid
2012-07-03,2012-07-09,Tuesday,False,False,5.0,3866605.0,237000.0,732535.0,-495535.0,-12.81576473417895,1808120.0,901585.0,906535.0,23.445244600883722,383420.0,882790.0,-499370.0,-12.914947350453435,50.21268055186881,Mid,Mid,48.33372919445307,Mid,Mid
2012-07-10,2012-07-16,Tuesday,False,False,5.0,3970130.0,251350.0,644615.0,-393265.0,-9.905595030893195,1809085.0,939180.0,869905.0,21.911247238755404,356460.0,970390.0,-613930.0,-15.463725369194458,45.46961290197272,Mid,Mid,27.403029251091667,Mid,Mid
2012-07-17,2012-07-23,Tuesday,False,False,5.0,4007410.0,259210.0,636605.0,-377395.0,-9.417429212384059,1804615.0,928860.0,875755.0,21.85339159207568,344595.0,970320.0,-625725.0,-15.614199695064892,46.22710527849175,Mid,Mid,25.248022216944072,Mid,Mid
2012-07-24,2012-07-30,Tuesday,False,False,5.0,4087360.0,323640.0,596265.0,-272625.0,-6.669953221639395,1784730.0,958755.0,825975.0,20.20803159007281,297790.0,977390.0,-679600.0,-16.626869177170594,46.93360016498751,Mid,Mid,15.40478322036066,Low,Mid
2012-07-31,2012-08-06,Tuesday,False,False,5.0,3908980.0,235720.0,729290.0,-493570.0,-12.626567544474518,1772380.0,839050.0,933330.0,23.876561148944226,392900.0,950435.0,-557535.0,-14.262927924931823,63.33381709301171,Mid,Mid,37.70668518078673,Mid,Mid
2012-08-07,2012-08-13,Tuesday,False,False,5.0,4013560.0,238400.0,777895.0,-539495.0,-13.441807273343365,1797635.0,830875.0,966760.0,24.087343904164882,422780.0,965955.0,-543175.0,-13.533496447044518,68.44079163452211,Mid,Mid,40.33033087899439,Mid,Mid
2012-08-14,2012-08-20,Tuesday,False,False,5.0,4104745.0,286150.0,773415.0,-487265.0,-11.87077394576277,1847795.0,822085.0,1025710.0,24.988397574027132,420125.0,1068475.0,-648350.0,-15.795134655136922,77.44635996303057,Mid,Mid,21.114318601209508,Mid,Mid
2012-08-21,2012-08-27,Tuesday,False,False,5.0,4174885.0,286965.0,737630.0,-450665.0,-10.794668595661916,1855920.0,818520.0,1037400.0,24.84858864375905,419980.0,1096870.0,-676890.0,-16.213380727852382,79.23219700730986,Mid,Mid,15.899914128587872,Low,Mid
2012-08-28,2012-09-03,Tuesday,False,False,5.0,4242700.0,272150.0,723325.0,-451175.0,-10.63414806608999,1864405.0,838320.0,1026085.0,24.184717279091146,457475.0,1128770.0,-671295.0,-15.822353689867303,77.5036472933646,Mid,Mid,9.922741679873218,Low,Low
2012-09-04,2012-09-10,Tuesday,True,False,5.0,4308120.0,320505.0,678660.0,-358155.0,-8.313487089496114,1819200.0,845100.0,974100.0,22.610790785771982,431975.0,1153315.0,-721340.0,-16.74373044390593,69.56209564692672,Mid,Mid,0.0,Low,Low
2012-09-11,2012-09-17,Tuesday,True,False,5.0,4357290.0,276275.0,728155.0,-451880.0,-10.370666170945702,1815215.0,818815.0,996400.0,22.86742447714061,489635.0,1146615.0,-656980.0,-15.077720326166034,72.9687822241233,Mid,Mid,12.750740458242118,Low,Mid
2012-09-18,2012-09-24,Tuesday,False,False,5.0,4880125.0,264810.0,932370.0,-667560.0,-13.679157808457775,1903455.0,791030.0,1112425.0,22.79501037370969,531730.0,1091500.0,-559770.0,-11.470402909761534,90.69348222947013,High,High,32.00958881041297,Mid,Mid
2012-09-25,2012-10-01,Tuesday,False,False,5.0,3772325.0,216755.0,1111555.0,-894800.0,-23.720119554916398,1926560.0,800805.0,1125755.0,29.84247115505689,478905.0,862195.0,-383290.0,-10.160577362766993,92.72985586507689,High,High,66.97308595259086,Mid,Mid
2012-10-02,2012-10-08,Tuesday,False,False,5.0,3888090.0,242770.0,1094160.0,-851390.0,-21.897384062611717,1957305.0,820775.0,1136530.0,29.231062038172983,515955.0,933495.0,-417540.0,-10.738948944083084,92.9834090930749,High,High,60.18761577398936,Mid,Mid
2012-10-09,2012-10-15,Tuesday,False,False,5.0,3876430.0,267125.0,1162080.0,-894955.0,-23.087093021156065,1939090.0,794110.0,1144980.0,29.536970872684403,510290.0,926965.0,-416675.0,-10.748936521490133,94.59389919666086,High,High,60.35898604273361,Mid,Mid
2012-10-16,2012-10-22,Tuesday,False,False,5.0,3921720.0,252635.0,1206790.0,-954155.0,-24.330013361484244,1945020.0,776770.0,1168250.0,29.789225135909753,543115.0,886350.0,-343235.0,-8.75215466682986,99.02894117422835,High,High,74.9086190329962,Mid,Mid
2012-10-23,2012-10-29,Tuesday,False,False,5.0,4025130.0,289080.0,1186690.0,-897610.0,-22.30014931194769,1979450.0,806885.0,1172565.0,29.131108808908035,522570.0,917895.0,-395325.0,-9.821421916807656,99.8513393750536,High,High,64.58876088399322,Mid,Mid
2012-10-30,2012-11-05,Tuesday,False,False,5.0,4045120.0,286050.0,1196515.0,-910465.0,-22.507737718534926,1997495.0,812210.0,1185285.0,29.301602919072856,529625.0,902355.0,-372730.0,-9.21431255438652,100.0,High,High,69.06519004269398,Mid,Mid
2012-11-06,2012-11-12,Tuesday,False,False,5.0,4037835.0,284290.0,1177105.0,-892815.0,-22.111230399459117,1904390.0,783045.0,1121345.0,27.770946559232858,550225.0,894820.0,-344595.0,-8.534152584243785,88.08478919170743,High,Mid,74.63918138502838,Mid,Mid
2012-11-13,2012-11-19,Tuesday,False,False,5.0,4140455.0,274030.0,1103270.0,-829240.0,-20.02775057330656,1781895.0,839150.0,942745.0,22.769115954647496,607430.0,906045.0,-298615.0,-7.212130067830709,54.80270207314233,Mid,Mid,83.74855127735238,High,Mid
2012-11-20,2012-11-26,Tuesday,False,False,5.0,4263200.0,302200.0,1076480.0,-774280.0,-18.161944079564645,1767295.0,804765.0,962530.0,22.577641208481893,551480.0,926095.0,-374615.0,-8.787178645149183,57.11218929898535,Mid,Mid,68.69174153797387,Mid,Mid
2012-11-27,2012-12-03,Tuesday,False,False,5.0,4237530.0,306245.0,1058135.0,-751890.0,-17.743591195814542,1799590.0,800180.0,999410.0,23.58472978362395,558210.0,944685.0,-386475.0,-9.120289413880256,64.21282658503245,Mid,Mid,66.34208675496033,Mid,Mid
2012-12-04,2012-12-10,Tuesday,True,False,5.0,4259485.0,284690.0,1083935.0,-799245.0,-18.763888122625154,1742785.0,772745.0,970040.0,22.773645170718996,566690.0,893995.0,-327305.0,-7.684144914232589,58.558116251756864,Mid,Mid,78.064605600737,Mid,Mid
2012-12-11,2012-12-17,Tuesday,True,False,5.0,4334700.0,284310.0,1201165.0,-916855.0,-21.151521443237133,1715030.0,767435.0,947595.0,21.8606824001661,632520.0,834780.0,-202260.0,-4.666066855837774,54.23670074510484,Mid,Mid,100.0,High,High
2012-12-18,2012-12-24,Tuesday,False,False,5.0,4619750.0,294995.0,1291940.0,-996945.0,-21.58006385626928,1742330.0,722380.0,1019950.0,22.078034525677797,645235.0,834950.0,-189715.0,-4.106607500405866,64.19033798637658,Mid,Mid,100.0,High,High
2012-12-24,2012-12-31,Monday,False,False,5.0,3644450.0,243660.0,1208745.0,-965085.0,-26.480950486355965,1816880.0,703425.0,1113455.0,30.552072329158037,436700.0,774645.0,-337945.0,-9.272866962093046,84.44244701703468,High,Mid,72.11756407241947,Mid,Mid
2012-12-31,2013-01-07,Monday,False,False,5.0,3695795.0,261255.0,1246815.0,-985560.0,-26.66706351407478,1779130.0,700985.0,1078145.0,29.172207874083927,465855.0,768500.0,-302645.0,-8.188901170113603,76.19587193672376,Mid,Mid,78.75758288267104,Mid,Mid
2013-01-08,2013-01-14,Tuesday,False,False,5.0,3757185.0,292475.0,1177820.0,-885345.0,-23.564051277751826,1794290.0,668470.0,1125820.0,29.96445477132481,414255.0,828625.0,-414370.0,-11.028735609239364,84.55835573040419,High,Mid,57.74182929696685,Mid,Mid
2013-01-15,2013-01-21,Tuesday,False,False,5.0,3773995.0,300785.0,1118510.0,-817725.0,-21.667357799891096,1776935.0,655745.0,1121190.0,29.708306449796567,429570.0,882785.0,-453215.0,-12.008892433614777,83.35605499941573,High,Mid,50.43498706795203,Mid,Mid
2013-01-22,2013-01-28,Tuesday,False,False,5.0,3940230.0,355540.0,1139605.0,-784065.0,-19.898965288828315,1810525.0,643675.0,1166850.0,29.61375351185083,427450.0,945455.0,-518005.0,-13.146567586156138,95.21286955166907,High,High,38.24782506466024,Mid,Mid
2013-01-29,2013-02-04,Tuesday,False,False,5.0,4025050.0,442795.0,1274930.0,-832135.0,-20.673904671991654,1870605.0,643470.0,1227135.0,30.487447360902348,451245.0,951925.0,-500680.0,-12.439100135402045,100.0,High,High,41.50670115212791,Mid,Mid
2013-02-05,2013-02-11,Tuesday,False,False,5.0,4039625.0,431430.0,1238895.0,-807465.0,-19.98861280440635,1797850.0,668765.0,1129085.0,27.950242906210356,441660.0,926565.0,-484905.0,-12.00371321595445,77.03451264214361,Mid,Mid,44.4740183399953,Mid,Mid
2013-02-12,2013-02-18,Tuesday,False,False,5.0,4152885.0,472480.0,1156875.0,-684395.0,-16.479989212318667,1761590.0,665505.0,1096085.0,26.393338606775774,426400.0,950965.0,-524565.0,-12.631339418259834,69.30517982409913,Mid,Mid,37.013872560545494,Mid,Mid
2013-02-19,2013-02-25,Tuesday,False,False,5.0,4282695.0,365260.0,1026830.0,-661570.0,-15.447516108431724,1730550.0,673010.0,1057540.0,24.69332978416628,507135.0,996505.0,-489370.0,-11.426683431811044,60.277084870416566,Mid,Mid,43.63414060663061,Mid,Mid
2013-02-26,2013-03-04,Tuesday,True,False,5.0,4376300.0,291805.0,960280.0,-668475.0,-15.274889747046592,1704735.0,696430.0,1008305.0,23.040125219934648,496215.0,983630.0,-487415.0,-11.137604825994561,48.74515452810081,Mid,Mid,44.00188102515871,Mid,Mid
2013-03-05,2013-03-11,Tuesday,True,False,5.0,4461835.0,304850.0,934140.0,-629290.0,-14.103838443151753,1547405.0,651050.0,896355.0,20.08938026619093,602630.0,994870.0,-392240.0,-8.791001908407639,22.523978498401434,Mid,Mid,61.904537973195396,Mid,Mid
2013-03-12,2013-03-18,Tuesday,False,False,5.0,5085500.0,259060.0,983280.0,-724220.0,-14.240880935994493,1600115.0,642465.0,957650.0,18.83099006980631,630420.0,1030605.0,-400185.0,-7.8691377445678885,36.880628652402535,Mid,Mid,60.41006348459911,Mid,Mid
2013-03-19,2013-03-25,Tuesday,False,False,5.0,3620015.0,187180.0,1042585.0,-855405.0,-23.629874461846153,1678020.0,653655.0,1024365.0,28.29725843677443,531620.0,871595.0,-339975.0,-9.391535670432305,52.506763166215784,Mid,Mid,71.73571596520102,Mid,Mid
2013-03-26,2013-04-01,Tuesday,False,False,5.0,3727620.0,204615.0,1050560.0,-845945.0,-22.69397095197472,1719070.0,649625.0,1069445.0,28.689753783915744,540750.0,923270.0,-382520.0,-10.261775610174857,63.06550024007777,Mid,Mid,63.73289442746297,Mid,Mid
2013-04-02,2013-04-08,Tuesday,False,False,5.0,3819020.0,175285.0,1035075.0,-859790.0,-22.513367303653816,1736305.0,648575.0,1087730.0,28.481914208357118,543670.0,953270.0,-409600.0,-10.725264596676634,67.34825328789422,Mid,Mid,58.63907829767223,Mid,Mid
2013-04-09,2013-04-15,Tuesday,False,False,5.0,3878830.0,186920.0,1106565.0,-919645.0,-23.709340187633902,1745535.0,693395.0,1052140.0,27.12518981239188,590350.0,907635.0,-317285.0,-8.179915077484704,59.01228495473656,Mid,Mid,76.00376205031742,Mid,Mid
2013-04-16,2013-04-22,Tuesday,False,False,5.0,3861000.0,176940.0,1124320.0,-947380.0,-24.537166537166538,1744970.0,649930.0,1095040.0,28.361564361564362,581375.0,929255.0,-347880.0,-9.01010101010101,69.06041761819438,Mid,Mid,70.2487655772396,Mid,Mid
2013-04-23,2013-04-29,Tuesday,False,False,5.0,3911510.0,165310.0,1067155.0,-901845.0,-23.056185462903073,1692030.0,657815.0,1034215.0,26.440300548892882,555415.0,895290.0,-339875.0,-8.689099606034498,54.81385190129876,Mid,Mid,71.75452621678815,Mid,Mid
2013-04-30,2013-05-06,Tuesday,False,False,5.0,3956710.0,161705.0,1130300.0,-968595.0,-24.479807719039304,1694600.0,648225.0,1046375.0,26.445582314599758,628030.0,914560.0,-286530.0,-7.241622459063211,57.66199393364485,Mid,Mid,81.78885492593464,High,Mid
2013-05-07,2013-05-13,Tuesday,False,False,5.0,4081370.0,179620.0,1128015.0,-948395.0,-23.237172812070455,1698035.0,643140.0,1054895.0,25.846590728113355,647925.0,979655.0,-331730.0,-8.127908030881787,59.65756713393997,Mid,Mid,73.28662120855867,Mid,Mid
2013-05-14,2013-05-20,Tuesday,False,False,5.0,4231240.0,196485.0,1151500.0,-955015.0,-22.57057032926518,1728850.0,620970.0,1107880.0,26.183341053686387,647210.0,1038060.0,-390850.0,-9.237244873843128,72.0678307510335,Mid,Mid,62.166000470256286,Mid,Mid
2013-05-21,2013-05-27,Tuesday,False,False,5.0,4302270.0,235150.0,1215075.0,-979925.0,-22.776929388439125,1816960.0,632820.0,1184140.0,27.523609629335212,585080.0,1029680.0,-444600.0,-10.334079451080475,89.92961622691448,High,Mid,52.05549024218199,Mid,Mid
2013-05-28,2013-06-03,Tuesday,False,False,5.0,4382510.0,243645.0,1234390.0,-990745.0,-22.60679382363075,1843835.0,644090.0,1199745.0,27.375750426125666,565365.0,1055165.0,-489800.0,-11.176243750727323,93.58465376102309,High,High,43.55325652480602,Mid,Mid
2013-06-04,2013-06-10,Tuesday,True,False,5.0,4337430.0,226055.0,1027725.0,-801670.0,-18.482603753835797,1806545.0,675215.0,1131330.0,26.082956958383193,533645.0,1010260.0,-476615.0,-10.988419409650415,76.11800777744541,Mid,Mid,46.033388196567124,Mid,Mid
2013-06-11,2013-06-17,Tuesday,True,False,5.0,4473010.0,209440.0,952625.0,-743185.0,-16.614874547564167,1759300.0,692245.0,1067055.0,23.855412798093454,512640.0,975485.0,-462845.0,-10.347506488919095,60.095722405025434,Mid,Mid,48.62355984011286,Mid,Mid
2013-06-18,2013-06-24,Tuesday,False,False,5.0,4956945.0,192170.0,970460.0,-778290.0,-15.701001322387075,1794230.0,673020.0,1121210.0,22.618971967613117,546575.0,992740.0,-446165.0,-9.0008059399489,73.59532356167115,Mid,Mid,51.76110980484364,Mid,Mid
2013-06-25,2013-07-01,Tuesday,False,False,5.0,3515045.0,114275.0,984035.0,-869760.0,-24.743922197297614,1661840.0,765075.0,896765.0,25.51219116682717,501055.0,715135.0,-214080.0,-6.090391445913211,17.646325655598762,Low,Mid,95.41688220079944,High,High
2013-07-02,2013-07-08,Tuesday,False,False,5.0,3518645.0,106010.0,919325.0,-813315.0,-23.114437517851332,1618600.0,719620.0,898980.0,25.549039474002065,494435.0,747995.0,-253560.0,-7.20618306194572,18.19847442416991,Low,Mid,87.99059487420644,High,Mid
2013-07-09,2013-07-15,Tuesday,False,False,5.0,3528730.0,105030.0,931150.0,-826120.0,-23.411255607541523,1656930.0,693025.0,963905.0,27.315918191530663,481465.0,778435.0,-296970.0,-8.415775647329209,34.38278990926314,Mid,Mid,79.82506466023983,Mid,Mid
2013-07-16,2013-07-22,Tuesday,False,False,5.0,3580820.0,110530.0,991865.0,-881335.0,-24.61265855306885,1675480.0,673840.0,1001640.0,27.972363871962287,496695.0,826985.0,-330290.0,-9.223864924793762,43.78926114268621,Mid,Mid,73.55748883141312,Mid,Mid
2013-07-23,2013-07-29,Tuesday,False,False,5.0,3636315.0,105030.0,1030230.0,-925200.0,-25.443340304676575,1719460.0,646260.0,1073200.0,29.51339474165467,512025.0,870315.0,-358290.0,-9.853106785303254,53.46302678517444,Mid,Mid,68.29061838702093,Mid,Mid
2013-07-30,2013-08-05,Tuesday,False,False,5.0,3654190.0,107010.0,1055525.0,-948515.0,-25.956915212400013,1728530.0,645090.0,1083440.0,29.64925195460554,532755.0,866785.0,-334030.0,-9.14101346673271,56.55873994800169,Mid,Mid,72.85398542205502,Mid,Mid
2013-08-06,2013-08-12,Tuesday,False,False,5.0,3660710.0,109160.0,1025630.0,-916470.0,-25.035307358408616,1718045.0,643510.0,1074535.0,29.353185584217268,476180.0,858510.0,-382330.0,-10.444148812662025,53.866618296148495,Mid,Mid,63.76863390547849,Mid,Mid
2013-08-13,2013-08-19,Tuesday,False,False,5.0,3691365.0,114000.0,956675.0,-842675.0,-22.82827626094954,1683130.0,646420.0,1036710.0,28.084732883364282,477045.0,878575.0,-401530.0,-10.87754800730895,42.43152548521676,Mid,Mid,60.15706560075241,Mid,Mid
2013-08-20,2013-08-26,Tuesday,False,False,5.0,3774980.0,126940.0,941940.0,-815000.0,-21.589518355064133,1638040.0,677365.0,960675.0,25.44847919724078,464200.0,825495.0,-361295.0,-9.57077918293607,19.444948304008708,Low,Mid,67.72537032682811,Mid,Mid
2013-08-27,2013-09-02,Tuesday,False,False,5.0,3903945.0,125210.0,834940.0,-709730.0,-18.179815545557123,1607645.0,684605.0,923040.0,23.64377571917637,441695.0,842170.0,-400475.0,-10.258213166425243,8.067295483402866,Low,Low,60.35551375499647,Mid,Mid
2013-09-03,2013-09-09,Tuesday,True,False,5.0,3949805.0,108790.0,727075.0,-618285.0,-15.653557580690691,1569345.0,651085.0,918260.0,23.248236305336594,459930.0,883430.0,-423500.0,-10.722048303650434,6.622226253098737,Low,Low,49.967363273517165,Mid,Mid
2013-09-10,2013-09-16,Tuesday,True,False,5.0,4050135.0,117705.0,699340.0,-581635.0,-14.360879328713736,1573810.0,601375.0,972435.0,24.00994040939376,461860.0,910690.0,-448830.0,-11.081852827127985,23.000181389443135,Mid,Mid,29.979327397278784,Mid,Mid
2013-09-17,2013-09-23,Tuesday,False,False,5.0,4588410.0,150050.0,854540.0,-704490.0,-15.353684609701398,1596605.0,604225.0,992380.0,21.62797134519365,516195.0,888450.0,-372255.0,-8.112941084166412,29.029868794969467,Mid,Mid,45.486038524712555,Mid,Mid
2013-09-24,2013-09-30,Tuesday,False,False,5.0,3377870.0,138285.0,1108575.0,-970290.0,-28.724906523933726,1576885.0,595120.0,981765.0,29.06461764366302,471240.0,733475.0,-262235.0,-7.763324225029382,25.8207872301832,Mid,Mid,78.34254143646409,Mid,Mid
2013-10-01,2013-10-07,Tuesday,False,True,5.0,3388425.0,151130.0,1089010.0,-937880.0,-27.678936378996145,1511220.0,569805.0,941415.0,27.783262135062753,466455.0,716965.0,-250510.0,-7.393110368386492,13.62234717939416,Low,Mid,81.84410930267283,High,Mid
2013-10-08,2013-10-14,Tuesday,False,True,5.0,3509615.0,169745.0,1079985.0,-910240.0,-25.9356083217105,1495230.0,605705.0,889525.0,25.34537264058878,498425.0,730100.0,-231675.0,-6.60115140834536,0.0,Low,Low,87.46901597730327,High,Mid
2013-10-15,2013-10-21,Tuesday,False,True,5.0,3475390.0,160935.0,1064035.0,-903100.0,-25.985572842184617,1483970.0,593885.0,890085.0,25.61108249721614,529675.0,730035.0,-200360.0,-5.7651083763261095,0.16587186398507153,Low,Low,96.82096461101986,High,High
2013-10-22,2013-10-28,Tuesday,False,False,5.0,3542685.0,167220.0,1061415.0,-894195.0,-25.24060140825391,1534650.0,580335.0,954315.0,26.937619348036872,537055.0,739565.0,-202510.0,-5.716285811467856,19.190782263558546,Low,Mid,96.17888606838883,High,High
2013-10-29,2013-11-04,Tuesday,False,False,5.0,3605605.0,156575.0,1068910.0,-912335.0,-25.303243145047784,1581335.0,562030.0,1019305.0,28.270012938189293,543220.0,751260.0,-208040.0,-5.7699054666276535,38.44080447854033,Mid,Mid,94.5274003285053,High,High
2013-11-05,2013-11-11,Tuesday,False,False,5.0,3643295.0,152265.0,1029865.0,-877600.0,-24.08808509879107,1541840.0,565145.0,976695.0,26.808013076075365,546040.0,777375.0,-231335.0,-6.349609350876062,25.81973282781908,Mid,Mid,87.57055397939376,High,Mid
2013-11-12,2013-11-18,Tuesday,False,False,5.0,3642875.0,162110.0,1001960.0,-839850.0,-23.054592869642796,1538225.0,566355.0,971870.0,26.678653536012074,566120.0,787960.0,-221840.0,-6.0896956387468695,24.390568999733418,Mid,Mid,90.40615200836196,High,High
2013-11-19,2013-11-25,Tuesday,False,False,5.0,3728590.0,174840.0,994795.0,-819955.0,-21.991020734379486,1541540.0,571185.0,970355.0,26.024717118267226,547150.0,776605.0,-229455.0,-6.153934865458525,23.94182636770238,Mid,Mid,88.13199940271763,High,Mid
2013-11-26,2013-12-02,Tuesday,False,False,5.0,3709135.0,184960.0,1022830.0,-837870.0,-22.589363827415287,1534015.0,571685.0,962330.0,25.944863155425722,551660.0,780000.0,-228340.0,-6.156152310444349,21.56482331684488,Mid,Mid,88.46498432133791,High,Mid
2013-12-03,2013-12-09,Tuesday,True,False,5.0,3741500.0,201885.0,983005.0,-781120.0,-20.87718829346519,1496645.0,567470.0,929175.0,24.8342910597354,563240.0,782510.0,-219270.0,-5.860483763196579,11.744320369657297,Low,Mid,91.173659847693,High,High
2013-12-10,2013-12-16,Tuesday,True,False,5.0,3823255.0,218255.0,1056425.0,-838170.0,-21.92294262349752,1516885.0,564050.0,952835.0,24.922088639130795,560505.0,782810.0,-222305.0,-5.8145480748733736,18.75240662302657,Low,Mid,90.26728385844407,High,High
2013-12-17,2013-12-23,Tuesday,False,False,5.0,4368135.0,198135.0,1077680.0,-879545.0,-20.1354811607242,1514850.0,581770.0,933080.0,21.361061414081753,567365.0,711635.0,-144270.0,-3.3027825376276145,12.900980421196055,Low,Mid,100.0,High,High
2013-12-24,2013-12-30,Tuesday,False,False,5.0,3423910.0,238350.0,1184565.0,-946215.0,-27.63551027918374,1587910.0,518220.0,1069690.0,31.241767452999643,536355.0,786510.0,-250155.0,-7.306120780043868,53.36482924084002,Mid,Mid,72.15714116672584,Mid,Mid
2013-12-31,2014-01-06,Tuesday,False,False,5.0,3502160.0,241760.0,1145305.0,-903545.0,-25.799649359252573,1584810.0,499565.0,1085245.0,30.98787605363547,544040.0,808555.0,-264515.0,-7.552910203988396,57.9722164627825,Mid,Mid,68.38112517913724,Mid,Mid
2014-01-07,2014-01-13,Tuesday,False,False,5.0,3498230.0,233910.0,1194265.0,-960355.0,-27.452597456427963,1591840.0,502775.0,1089065.0,31.13188669698676,531575.0,785940.0,-254365.0,-7.271248602864877,59.10369953496638,Mid,Mid,71.05010583888823,Mid,Mid
2014-01-14,2014-01-20,Tuesday,False,False,5.0,3597645.0,245355.0,1184145.0,-938790.0,-26.09457019800453,1627275.0,510015.0,1117260.0,31.055315352126183,538820.0,837700.0,-298880.0,-8.3076568143883,67.45505168685762,Mid,Mid,59.34471923112321,Mid,Mid
2014-01-21,2014-01-27,Tuesday,False,False,5.0,3610380.0,240255.0,1165770.0,-925515.0,-25.634836222225914,1629955.0,517515.0,1112440.0,30.812269068629895,522010.0,861020.0,-339010.0,-9.38987031835984,66.02736885755753,Mid,Mid,48.79238485912252,Mid,Mid
2014-01-28,2014-02-03,Tuesday,False,False,5.0,3718840.0,219320.0,1083805.0,-864485.0,-23.246092867668413,1555345.0,543365.0,1011980.0,27.212248980865,564540.0,878475.0,-313935.0,-8.44174527540846,39.47359938108439,Mid,Mid,55.38595038062557,Mid,Mid
2014-02-04,2014-02-10,Tuesday,False,False,5.0,3859735.0,203630.0,965330.0,-761700.0,-19.734515452485727,1510340.0,595485.0,914855.0,23.702533982255257,556720.0,915900.0,-359180.0,-9.305820218227417,8.16517310295919,Low,Low,43.48860752836614,Mid,Mid
2014-02-11,2014-02-17,Tuesday,False,False,5.0,4041900.0,202815.0,908655.0,-705840.0,-17.46307429674163,1579395.0,532850.0,1046545.0,25.89240208812687,525015.0,983250.0,-458235.0,-11.337118681808061,50.61569208948489,Mid,Mid,9.135241513037942,Low,Low
2014-02-18,2014-02-24,Tuesday,False,False,5.0,4168920.0,203145.0,884555.0,-681410.0,-16.345000623662724,1565755.0,509510.0,1056245.0,25.336178194832236,515130.0,998155.0,-483025.0,-11.586334110513034,53.74250531880601,Mid,Mid,1.9607559401499146,Low,Low
2014-02-25,2014-03-03,Tuesday,False,False,5.0,4255230.0,203515.0,862075.0,-658560.0,-15.476484232344667,1497785.0,523850.0,973935.0,22.887952002594457,498305.0,958630.0,-460325.0,-10.817864134253613,27.20972213268003,Mid,Mid,8.530373628917893,Low,Low
2014-03-04,2014-03-10,Tuesday,True,False,5.0,4401860.0,225745.0,825375.0,-599630.0,-13.622196071660616,1520470.0,520220.0,1000250.0,22.723348766203376,503290.0,1006945.0,-503655.0,-11.441867755903186,35.692411836761,Mid,Mid,0.0,Low,Low
2014-03-11,2014-03-17,Tuesday,True,False,5.0,4498435.0,240115.0,838735.0,-598620.0,-13.307294648027593,1548570.0,506255.0,1042315.0,23.170613780125755,473950.0,1013750.0,-539800.0,-11.999728794569666,49.25214363999742,Mid,Mid,0.0,Low,Low
2014-03-18,2014-03-24,Tuesday,False,False,5.0,5147965.0,258905.0,915620.0,-656715.0,-12.756788362003238,1578520.0,519125.0,1059395.0,20.57890836476161,530300.0,1028790.0,-498490.0,-9.683243767197329,54.7579137386371,Mid,Mid,10.444214092483502,Low,Mid
2014-03-25,2014-03-31,Tuesday,False,False,5.0,3417630.0,225070.0,1094665.0,-869595.0,-25.44438689969365,1611450.0,477230.0,1134220.0,33.1873257198702,453490.0,901500.0,-448010.0,-13.10879176505356,78.87789310811682,Mid,Mid,23.206836396733497,Mid,Mid
2014-04-01,2014-04-07,Tuesday,False,False,5.0,3407315.0,221505.0,1100740.0,-879235.0,-25.804335671929362,1569590.0,467545.0,1102045.0,32.34350214171569,466530.0,854060.0,-387530.0,-11.373471487080003,68.50622139127071,Mid,Mid,38.497711930826995,Mid,Mid
2014-04-08,2014-04-14,Tuesday,False,False,5.0,3382140.0,212835.0,1112290.0,-899455.0,-26.59425689060772,1545395.0,492375.0,1053020.0,31.13472535140473,415530.0,820645.0,-405115.0,-11.978067140922612,52.702920508026565,Mid,Mid,34.0517786261472,Mid,Mid
2014-04-15,2014-04-21,Tuesday,False,False,5.0,3440200.0,218285.0,1035080.0,-816795.0,-23.742660310447068,1511750.0,512125.0,999625.0,29.05717690831928,443215.0,855695.0,-412480.0,-11.99000058136155,35.490941912191346,Mid,Mid,32.189720122367454,Mid,Mid
2014-04-22,2014-04-28,Tuesday,False,False,5.0,3433755.0,211390.0,1039785.0,-828395.0,-24.12504677823549,1498325.0,483740.0,1014585.0,29.54739053892896,499380.0,854810.0,-355430.0,-10.351058826270366,40.31332602669074,Mid,Mid,46.61340479862463,Mid,Mid
2014-04-29,2014-05-05,Tuesday,False,False,5.0,3513365.0,216045.0,1101140.0,-885095.0,-25.192230240809028,1482590.0,482340.0,1000250.0,28.469857245119705,507890.0,825990.0,-318100.0,-9.05399809015004,35.692411836761,Mid,Mid,56.05137410563042,Mid,Mid
2014-05-06,2014-05-12,Tuesday,False,False,5.0,3518560.0,221290.0,973920.0,-752630.0,-21.390284661907145,1501260.0,497045.0,1004215.0,28.54051089081897,451375.0,876050.0,-424675.0,-12.069568232458733,36.97053703823093,Mid,Mid,29.106515308573304,Mid,Mid
2014-05-13,2014-05-19,Tuesday,False,False,5.0,3646585.0,216900.0,1017825.0,-800925.0,-21.963700283964315,1527685.0,480965.0,1046720.0,28.70411631704732,490740.0,905860.0,-415120.0,-11.383801556799032,50.672103668364386,Mid,Mid,31.522261269688773,Mid,Mid
2014-05-20,2014-05-26,Tuesday,False,False,5.0,3714665.0,257715.0,980160.0,-722445.0,-19.448456321094902,1509825.0,485970.0,1023855.0,27.56251236652565,430120.0,930480.0,-500360.0,-13.469855289777142,43.301527947907935,Mid,Mid,9.971430738502768,Low,Low
2014-05-27,2014-06-02,Tuesday,False,False,5.0,3791225.0,243295.0,1013720.0,-770425.0,-20.32126819167947,1533760.0,482450.0,1051310.0,27.73008724093136,486555.0,932960.0,-446405.0,-11.774690238643183,66.11700279940334,Mid,Mid,23.61262104012338,Mid,Mid
2014-06-03,2014-06-09,Tuesday,True,False,5.0,3872570.0,252125.0,1020175.0,-768050.0,-19.83308242330029,1577830.0,482770.0,1095060.0,28.27734553539381,491600.0,967390.0,-475790.0,-12.286156221837178,83.99640368622163,High,Mid,16.183348924228248,Low,Mid
2014-06-10,2014-06-16,Tuesday,True,False,5.0,4072860.0,281375.0,1010470.0,-729095.0,-17.901302770043657,1570060.0,463835.0,1106225.0,27.16088939958653,516610.0,999360.0,-482750.0,-11.852850331216883,88.55922679253764,High,Mid,14.423684676257173,Low,Mid
2014-06-17,2014-06-23,Tuesday,False,False,5.0,4570125.0,310030.0,1010720.0,-700690.0,-15.33196575586007,1580475.0,482035.0,1098440.0,24.035228795711276,554280.0,1064685.0,-510405.0,-11.16829408385985,85.37771511473467,High,Mid,7.431800369124971,Low,Low
2014-06-24,2014-06-30,Tuesday,False,False,5.0,3527275.0,273045.0,965980.0,-692935.0,-19.645051775095506,1638295.0,506430.0,1131865.0,32.0889355097065,451235.0,1036320.0,-585085.0,-16.587450652415818,99.03757739226384,High,High,0.0,Low,Low
2014-07-01,2014-07-07,Tuesday,False,False,5.0,3635635.0,275335.0,978230.0,-702895.0,-19.333486447346885,1626000.0,536165.0,1089835.0,29.976469034982884,475490.0,1016595.0,-541105.0,-14.883369755214702,81.86109238031018,High,Mid,9.97697446774724,Low,Low
2014-07-08,2014-07-14,Tuesday,False,False,5.0,3635480.0,286905.0,962905.0,-676000.0,-18.594518467987722,1624550.0,517285.0,1107265.0,30.457188596829027,458590.0,1015885.0,-557295.0,-15.329337529019552,88.98424569361859,High,Mid,6.304231934031283,Low,Low
2014-07-15,2014-07-21,Tuesday,False,False,5.0,3634860.0,236185.0,982270.0,-746085.0,-20.52582492860798,1621975.0,515575.0,1106400.0,30.438586355457982,486095.0,984390.0,-498295.0,-13.708781080976983,88.63074439608492,High,Mid,19.68853147011785,Low,Mid
2014-07-22,2014-07-28,Tuesday,False,False,5.0,3698060.0,216025.0,955935.0,-739910.0,-20.008058279205855,1621520.0,522580.0,1098940.0,29.716662249936455,499240.0,960160.0,-460920.0,-12.463832387792518,85.58205112486974,High,Mid,28.167144947426927,Mid,Mid
2014-07-29,2014-08-04,Tuesday,False,False,5.0,3734430.0,216800.0,932795.0,-715995.0,-19.172805488387787,1631640.0,525460.0,1106180.0,29.621120224505482,473800.0,979340.0,-505540.0,-13.537273425931131,88.54083655162549,High,Mid,18.04498485759332,Low,Mid
2014-08-05,2014-08-11,Tuesday,False,False,5.0,3731465.0,205330.0,881810.0,-676480.0,-18.12907262965082,1570335.0,555940.0,1014395.0,27.184899228587163,508085.0,986650.0,-478565.0,-12.825123644466718,51.030875171131406,Mid,Mid,24.164331975999,Mid,Mid
2014-08-12,2014-08-18,Tuesday,False,False,5.0,3760630.0,213085.0,881680.0,-668595.0,-17.778803019706803,1572655.0,552145.0,1020510.0,27.13667656749002,513380.0,1006135.0,-492755.0,-13.10299072229919,53.529904575083265,Mid,Mid,20.94529451130293,Mid,Mid
2014-08-19,2014-08-25,Tuesday,False,False,5.0,3822315.0,207890.0,884655.0,-676765.0,-17.705631273194385,1607300.0,543745.0,1063555.0,27.824891459756717,501690.0,1003205.0,-501515.0,-13.120713494309078,71.1211916876111,Mid,Mid,18.95806630899584,Low,Mid
2014-08-26,2014-09-01,Tuesday,False,False,5.0,3848240.0,213570.0,899485.0,-685915.0,-17.824122196120822,1606895.0,538900.0,1067995.0,27.752816872128555,492030.0,967120.0,-475090.0,-12.345643722844729,72.93569545761049,Mid,Mid,24.95264453342105,Mid,Mid
2014-09-02,2014-09-08,Tuesday,True,False,5.0,3905035.0,222370.0,865220.0,-642850.0,-16.46208036547688,1587815.0,542250.0,1045565.0,26.77479203131342,499520.0,986965.0,-487445.0,-12.482474548883685,63.769182042951435,Mid,Mid,22.14988146955072,Mid,Mid
2014-09-09,2014-09-15,Tuesday,True,False,5.0,4094535.0,220315.0,849310.0,-628995.0,-15.361817642296376,1580945.0,551670.0,1029275.0,25.137775107551896,507485.0,1007305.0,-499820.0,-12.207002748785882,57.111914832750976,Mid,Mid,19.342581354990187,Low,Mid
2014-09-16,2014-09-22,Tuesday,False,False,5.0,4746040.0,212780.0,889985.0,-677205.0,-14.268843077597323,1622705.0,542860.0,1079845.0,22.75254738687411,552060.0,1047800.0,-495740.0,-10.44533969372361,77.77845889781156,Mid,Mid,20.26813969579075,Mid,Mid
2014-09-23,2014-09-29,Tuesday,False,False,5.0,3435175.0,219610.0,936960.0,-717350.0,-20.88248779174278,1658920.0,596030.0,1062890.0,30.94136397708996,464210.0,923220.0,-459010.0,-13.362055790461913,70.84942479413147,Mid,Mid,28.600433288340916,Mid,Mid
2014-09-30,2014-10-06,Tuesday,False,False,5.0,3440635.0,204500.0,915530.0,-711030.0,-20.665662007158563,1626520.0,608945.0,1017575.0,29.57520922736646,485120.0,930330.0,-445210.0,-12.939762572897154,52.330452195590425,Mid,Mid,31.73099826457811,Mid,Mid
2014-10-07,2014-10-13,Tuesday,False,False,5.0,3415940.0,200165.0,836920.0,-636755.0,-18.64069626515688,1563555.0,623665.0,939890.0,27.514827543809318,499955.0,936450.0,-436495.0,-12.778181115593364,20.400598029778607,Mid,Mid,33.708018102832256,Mid,Mid
2014-10-14,2014-10-20,Tuesday,False,False,5.0,3477180.0,198985.0,876575.0,-677590.0,-19.486768013160088,1545880.0,668735.0,877145.0,25.22575765419104,551215.0,916060.0,-364845.0,-10.49255431125222,0.0,Low,Low,49.962002200469584,Mid,Mid
2014-10-21,2014-10-27,Tuesday,False,False,5.0,3603465.0,216195.0,702085.0,-485890.0,-13.483966127047161,1565070.0,643675.0,921395.0,25.569694724383336,451570.0,1007840.0,-556270.0,-15.437086248929848,17.212875619955266,Low,Mid,6.536755781903973,Low,Low
2014-10-28,2014-11-03,Tuesday,False,False,5.0,3663285.0,211475.0,758690.0,-547215.0,-14.937822200565886,1583660.0,640500.0,943160.0,25.746290556153834,472875.0,979780.0,-506905.0,-13.837443715135459,25.67927647573665,Mid,Mid,17.735331147987253,Low,Mid
2014-11-04,2014-11-10,Tuesday,False,False,5.0,3642600.0,210095.0,876815.0,-666720.0,-18.303409652446053,1554895.0,654425.0,900470.0,24.72052929226377,525000.0,854145.0,-329145.0,-9.035990775819469,9.073227657298453,Low,Low,58.0606376824745,Mid,Mid
2014-11-11,2014-11-17,Tuesday,False,False,5.0,3650185.0,210920.0,936865.0,-725945.0,-19.887896092937755,1577135.0,638435.0,938700.0,25.716504779894716,545435.0,850915.0,-305480.0,-8.36889089183151,23.944374209860936,Mid,Mid,63.42910291165228,Mid,Mid
2014-11-18,2014-11-24,Tuesday,False,False,5.0,3768280.0,202765.0,1026545.0,-823780.0,-21.86090205611048,1635630.0,625465.0,1010165.0,26.80705786194232,566995.0,853350.0,-286355.0,-7.599090301145351,51.743654575512984,Mid,Mid,67.76765763415492,Mid,Mid
2014-11-25,2014-12-01,Tuesday,False,False,5.0,3863435.0,204430.0,1003180.0,-798750.0,-20.67460692363143,1649880.0,620450.0,1029430.0,26.645459286878125,566015.0,858090.0,-292075.0,-7.55998224378047,59.23757658270933,Mid,Mid,66.47006113675805,Mid,Mid
2014-12-02,2014-12-08,Tuesday,True,False,5.0,3884935.0,200855.0,1030650.0,-829795.0,-21.35930202178415,1621485.0,617460.0,1004025.0,25.84406174105873,633450.0,867910.0,-234460.0,-6.035107408489459,49.35524652338812,Mid,Mid,79.54016991254835,Mid,Mid
2014-12-09,2014-12-15,Tuesday,True,False,5.0,3879935.0,180845.0,1056040.0,-875195.0,-22.556950051998296,1625400.0,621980.0,1003420.0,25.861773457545034,620140.0,801175.0,-181035.0,-4.665928681794927,49.119906642030536,Mid,Mid,91.65976656874199,High,High
2014-12-16,2014-12-22,Tuesday,False,False,5.0,4162580.0,177355.0,1114690.0,-937335.0,-22.51812577776283,1549225.0,648015.0,901210.0,21.650274589317203,696170.0,748410.0,-52240.0,-1.2549908950698847,9.361081396479626,Low,Low,100.0,High,High
2014-12-23,2014-12-29,Tuesday,False,False,5.0,3362140.0,187985.0,1117105.0,-929120.0,-27.634780229258748,1654380.0,584530.0,1069850.0,31.82050717697657,532940.0,701780.0,-168840.0,-5.021801590653572,74.9606146066323,Mid,Mid,78.11746380279443,Mid,Mid
2014-12-30,2015-01-05,Tuesday,False,False,5.0,3389635.0,181070.0,1131845.0,-950775.0,-28.049480253773634,1664870.0,570105.0,1094765.0,32.297430254289914,531560.0,711845.0,-180285.0,-5.318714256844763,84.65233881163084,High,Mid,75.96955962803442,Mid,Mid
2015-01-06,2015-01-12,Tuesday,False,False,5.0,3378630.0,173485.0,1116435.0,-942950.0,-27.909241319706506,1598400.0,590065.0,1008335.0,29.84449318214779,549140.0,667305.0,-118165.0,-3.497423511896834,51.03180005834873,Mid,Mid,87.62773414407566,High,Mid
2015-01-13,2015-01-19,Tuesday,False,False,5.0,3357565.0,172075.0,1035830.0,-863755.0,-25.725637478351125,1618035.0,592610.0,1025425.0,30.540734133218567,502515.0,688065.0,-185550.0,-5.526326370450014,57.67966546727609,Mid,Mid,74.9814674060937,Mid,Mid
2015-01-20,2015-01-26,Tuesday,False,False,5.0,3359495.0,174390.0,1001060.0,-826670.0,-24.60697217885426,1577565.0,597355.0,980210.0,29.177301945679336,487135.0,672515.0,-185380.0,-5.518091260740081,40.091413011766996,Mid,Mid,75.01337161838809,Mid,Mid
2015-01-27,2015-02-02,Tuesday,False,False,5.0,3363175.0,165325.0,1004000.0,-838675.0,-24.937001494123855,1577490.0,565920.0,1011570.0,30.077828242657606,469465.0,660480.0,-191015.0,-5.679603351000171,52.290187688417774,Mid,Mid,73.95584081674784,Mid,Mid
2015-02-03,2015-02-09,Tuesday,False,False,5.0,3449240.0,174115.0,900440.0,-726325.0,-21.057537312567405,1541590.0,600315.0,941275.0,27.289344899166196,482180.0,729220.0,-247040.0,-7.162157460773967,24.94602742390353,Mid,Mid,63.44152614737869,Mid,Mid
2015-02-10,2015-02-16,Tuesday,False,False,5.0,3518950.0,170115.0,876835.0,-706720.0,-20.083263473479303,1528115.0,592920.0,935195.0,26.575967262961964,508105.0,756335.0,-248230.0,-7.0540928401938086,22.580958864144705,Mid,Mid,63.21819666131802,Mid,Mid
2015-02-17,2015-02-23,Tuesday,False,False,5.0,3529645.0,163270.0,872795.0,-709525.0,-20.10187993410102,1512275.0,568190.0,944085.0,26.747307448766094,501285.0,749310.0,-248025.0,-7.026910638321985,26.03909364971312,Mid,Mid,63.2566693879083,Mid,Mid
2015-02-24,2015-03-02,Tuesday,False,False,5.0,3645095.0,167085.0,835610.0,-668525.0,-18.34039990727265,1540105.0,577620.0,962485.0,26.40493594817145,487710.0,766205.0,-278495.0,-7.640267263267486,33.19653797529904,Mid,Mid,57.538308513732886,Mid,Mid
2015-03-03,2015-03-09,Tuesday,True,False,5.0,3772985.0,190120.0,783495.0,-593375.0,-15.726937689919254,1511460.0,597765.0,913695.0,24.21676736059115,505075.0,805660.0,-300585.0,-7.966769017104494,14.217640766313334,Low,Mid,53.39263763383349,Mid,Mid
2015-03-10,2015-03-16,Tuesday,True,False,5.0,4154040.0,286575.0,757620.0,-471045.0,-11.339443048213306,1493035.0,645810.0,847225.0,20.39520563114462,527450.0,915250.0,-387800.0,-9.33549026971334,0.0,Low,Low,37.024838367630366,Mid,Mid
2015-03-17,2015-03-23,Tuesday,False,False,5.0,4524850.0,286330.0,803815.0,-517485.0,-11.436511707570416,1532215.0,653865.0,878350.0,19.411693205299624,510560.0,835575.0,-325015.0,-7.18289004055383,10.845136674854963,Low,Mid,48.807814655293754,Mid,Mid
2015-03-24,2015-03-30,Tuesday,False,False,5.0,3147260.0,190545.0,758185.0,-567640.0,-18.03600592261205,1556135.0,618485.0,937650.0,29.792581483576193,388915.0,762605.0,-373690.0,-11.873502665810896,31.768198426082066,Mid,Mid,39.67288798806407,Mid,Mid
2015-03-31,2015-04-06,Tuesday,False,False,5.0,3177500.0,190140.0,684705.0,-494565.0,-15.564594807238393,1487105.0,616825.0,870280.0,27.388827694728562,412380.0,793145.0,-380765.0,-11.983162863886704,8.099704890387859,Low,Low,38.345109741106704,Mid,Mid
2015-04-07,2015-04-13,Tuesday,False,False,5.0,3219295.0,182175.0,710550.0,-528375.0,-16.412754966537705,1501540.0,616080.0,885460.0,27.50477977321121,415605.0,769125.0,-353520.0,-10.98128627541123,13.432757166947724,Low,Mid,43.45822894087399,Mid,Mid
2015-04-14,2015-04-20,Tuesday,False,False,5.0,3243720.0,187900.0,734105.0,-546205.0,-16.838845523041446,1515230.0,615600.0,899630.0,27.734514693006794,434050.0,755320.0,-321270.0,-9.90436905774851,18.410975267003934,Low,Mid,49.510645684955286,Mid,Mid
2015-04-21,2015-04-27,Tuesday,False,False,5.0,3290970.0,184715.0,712160.0,-527445.0,-16.0270376211269,1501425.0,635140.0,866285.0,26.323090152751316,455365.0,726735.0,-271370.0,-8.245897106324275,6.696177627880832,Low,Low,58.87547035254155,Mid,Mid
2015-04-28,2015-05-04,Tuesday,False,False,5.0,3336435.0,176215.0,694390.0,-518175.0,-15.530798591910228,1525125.0,636050.0,889075.0,26.647454543547227,445880.0,727265.0,-281385.0,-8.433702439879692,14.702782462057334,Low,Mid,56.995936904728396,Mid,Mid
2015-05-05,2015-05-11,Tuesday,False,False,5.0,3347085.0,176245.0,606805.0,-430560.0,-12.86373067908344,1487910.0,602875.0,885035.0,26.441963678842935,420970.0,771290.0,-350320.0,-10.466420781067704,13.283445756042719,Low,Mid,44.058778819356476,Mid,Mid
2015-05-12,2015-05-18,Tuesday,False,False,5.0,3373360.0,179785.0,673135.0,-493350.0,-14.624884388265706,1496230.0,606795.0,889435.0,26.36644176725876,420790.0,726655.0,-305865.0,-9.067072592311524,14.829258010118043,Low,Mid,52.40173033433738,Mid,Mid
2015-05-19,2015-05-25,Tuesday,False,False,5.0,3419660.0,178660.0,733430.0,-554770.0,-16.22295783791371,1528155.0,587165.0,940990.0,27.517063099840332,435485.0,697140.0,-261655.0,-7.651491668762392,32.941610455311974,Mid,Mid,60.69870224924697,Mid,Mid
2015-05-26,2015-06-01,Tuesday,False,False,5.0,3425075.0,188690.0,657380.0,-468690.0,-13.684079910658891,1500145.0,589095.0,911050.0,26.599417531002974,410735.0,751285.0,-340550.0,-9.942847966832844,22.42306070826307,Mid,Mid,45.892332667098316,Mid,Mid
2015-06-02,2015-06-08,Tuesday,True,False,5.0,3497180.0,188205.0,692365.0,-504160.0,-14.416186756186415,1507850.0,600725.0,907125.0,25.938756369417643,441610.0,751330.0,-309720.0,-8.856278487238288,21.044125913434513,Mid,Mid,51.678255402603014,Mid,Mid
2015-06-09,2015-06-15,Tuesday,True,False,5.0,3724460.0,264045.0,645650.0,-381605.0,-10.245914844031082,1442395.0,608155.0,834240.0,22.39895179435408,435140.0,813370.0,-378230.0,-10.15529768073761,0.0,Low,Low,38.82085784796704,Mid,Mid
2015-06-16,2015-06-22,Tuesday,False,False,5.0,4090650.0,262040.0,623775.0,-361735.0,-8.84297116595162,1404035.0,594550.0,809485.0,19.788664393189347,445745.0,814800.0,-369055.0,-9.021915832447167,0.0,Low,Low,40.54274695267855,Mid,Mid
2015-06-23,2015-06-29,Tuesday,False,False,5.0,3044785.0,224095.0,585605.0,-361510.0,-11.873087919179843,1462345.0,556335.0,906010.0,29.75612399561874,350550.0,822295.0,-471745.0,-15.493540594820324,32.4148700382833,Mid,Mid,16.938749245131717,Low,Mid
2015-06-30,2015-07-06,Tuesday,False,False,5.0,3124705.0,229785.0,504930.0,-275145.0,-8.805471236484724,1394385.0,590745.0,803640.0,25.718907864902445,386010.0,847185.0,-461175.0,-14.758993248962701,0.0,Low,Low,19.03159061884349,Low,Mid
2015-07-07,2015-07-13,Tuesday,False,False,5.0,3221840.0,238275.0,467395.0,-229120.0,-7.111464256449731,1400390.0,604580.0,795810.0,24.70048171231346,372395.0,839275.0,-466880.0,-14.491098254413625,0.0,Low,Low,17.735055453048428,Low,Mid
2015-07-14,2015-07-20,Tuesday,False,False,5.0,3167845.0,233830.0,531485.0,-297655.0,-9.396135227575844,1400525.0,598665.0,801860.0,25.3124758313617,380820.0,792745.0,-411925.0,-13.003319291190069,1.949286335663885,Low,Low,28.638176299029823,Mid,Mid
2015-07-21,2015-07-27,Tuesday,False,False,5.0,3176455.0,228865.0,567720.0,-338855.0,-10.667709758205294,1412385.0,590245.0,822140.0,25.882312200235795,412155.0,805285.0,-393130.0,-12.376375550731868,8.483423011244644,Low,Low,32.3671210047021,Mid,Mid
2015-07-28,2015-08-03,Tuesday,False,False,5.0,3235900.0,254485.0,578135.0,-323650.0,-10.001854198213788,1353125.0,615670.0,737455.0,22.789795729163448,451500.0,795995.0,-344495.0,-10.64603356098767,0.0,Low,Low,42.01634823324009,Mid,Mid
2015-08-04,2015-08-10,Tuesday,False,False,5.0,3259765.0,282360.0,529115.0,-246755.0,-7.56971744895721,1324990.0,625385.0,699605.0,21.46182316823452,421465.0,800535.0,-379070.0,-11.628752379389311,0.0,Low,Low,35.15663750173601,Mid,Mid
2015-08-11,2015-08-17,Tuesday,False,False,5.0,3357865.0,304130.0,532060.0,-227930.0,-6.787944125210513,1343660.0,635170.0,708490.0,21.09941882714165,428995.0,831770.0,-402775.0,-11.994972996234214,2.2484563214900293,Low,Low,30.453544431879052,Mid,Mid
2015-08-18,2015-08-24,Tuesday,False,False,5.0,3441300.0,305710.0,530085.0,-224375.0,-6.52006509168047,1345960.0,642715.0,703245.0,20.43544590707,464155.0,825575.0,-361420.0,-10.502426408624647,0.9211458649660896,Low,Low,38.65841318969109,Mid,Mid
2015-08-25,2015-08-31,Tuesday,False,False,5.0,3914555.0,439410.0,558340.0,-118930.0,-3.0381486529120165,1237405.0,780100.0,457305.0,11.682170770368534,503595.0,759955.0,-256360.0,-6.548892530568609,0.0,Low,Low,59.502410570799356,Mid,Mid
2015-09-01,2015-09-07,Tuesday,True,False,5.0,4083140.0,643975.0,439875.0,204100.0,4.998604015537063,1151205.0,809835.0,341370.0,8.360477475668237,452040.0,845215.0,-393175.0,-9.629231424834808,0.0,Low,Low,32.35819296470448,Mid,Mid
2015-09-08,2015-09-14,Tuesday,True,False,5.0,4240850.0,729075.0,340790.0,388285.0,9.155829609630144,1143245.0,842955.0,300290.0,7.080891802350944,413850.0,878600.0,-464750.0,-10.958887958781848,0.0,Low,Low,18.15764934626907,Low,Mid
2015-09-15,2015-09-21,Tuesday,False,False,5.0,4606215.0,770060.0,389625.0,380435.0,8.259167233835155,1142075.0,841080.0,300995.0,6.5345408323319685,392615.0,885080.0,-492465.0,-10.691315972007386,0.08873784574719154,Low,Low,12.65896871217983,Low,Mid
2015-09-22,2015-09-28,Tuesday,False,False,5.0,3399825.0,627520.0,309865.0,317655.0,9.34327502150846,1172980.0,895020.0,277960.0,8.17571492650357,405135.0,881875.0,-476740.0,-14.022486451508534,0.0,Low,Low,15.778822689125645,Low,Mid
2015-09-29,2015-10-05,Tuesday,False,False,5.0,3433295.0,601525.0,328255.0,273270.0,7.959409255540232,1150545.0,883295.0,267250.0,7.784067492015688,453270.0,905325.0,-452055.0,-13.166797493370073,0.0,Low,Low,20.676348630041865,Mid,Mid
2015-10-06,2015-10-12,Tuesday,False,False,5.0,3484485.0,611750.0,326845.0,284905.0,8.176387615386492,1251365.0,820370.0,430995.0,12.368972746331238,378900.0,952380.0,-573480.0,-16.458099260005422,19.787556721026206,Low,Mid,0.0,Low,Low
2015-10-13,2015-10-19,Tuesday,False,False,5.0,3463595.0,544270.0,333760.0,210510.0,6.077789117954033,1318080.0,798400.0,519680.0,15.004063696823678,368495.0,964990.0,-596495.0,-17.221846087663252,30.504582998495493,Mid,Mid,0.0,Low,Low
2015-10-20,2015-10-26,Tuesday,False,False,5.0,3500125.0,560640.0,368085.0,192555.0,5.501374950894611,1359630.0,802170.0,557460.0,15.92685975500875,314545.0,915920.0,-601375.0,-17.18152923109889,35.07005915300629,Mid,Mid,0.0,Low,Low
2015-10-27,2015-11-02,Tuesday,False,False,5.0,3340760.0,449475.0,397805.0,51670.0,1.5466540547659815,1388925.0,758670.0,630255.0,18.865617404422945,311730.0,842565.0,-530835.0,-15.889647864557766,43.86687854600823,Mid,Mid,12.845657260964972,Low,Mid
2015-11-03,2015-11-09,Tuesday,False,False,5.0,3359390.0,458975.0,389970.0,69005.0,2.0540931538166154,1406660.0,754910.0,651750.0,19.400843605535528,301735.0,833700.0,-531965.0,-15.835166503442588,46.46441454233458,Mid,Mid,12.639879082557112,Low,Mid
2015-11-10,2015-11-16,Tuesday,False,False,5.0,3447960.0,525990.0,367855.0,158135.0,4.58633510829592,1332700.0,757675.0,575025.0,16.67725263634149,328955.0,876460.0,-547505.0,-15.879099525516537,37.1926792867803,Mid,Mid,9.809973867992388,Low,Low
2015-11-17,2015-11-23,Tuesday,False,False,5.0,3404355.0,539655.0,339290.0,200365.0,5.885549538752569,1228170.0,765105.0,463065.0,13.60213608745269,330075.0,830225.0,-500150.0,-14.691476065216467,23.663015171930418,Mid,Mid,18.433536379943003,Low,Mid
2015-11-24,2015-11-30,Tuesday,False,False,5.0,3391385.0,484185.0,378085.0,106100.0,3.1285153410774655,1222605.0,763005.0,459600.0,13.551985398295976,361315.0,738435.0,-377120.0,-11.119940673205784,23.244291644260226,Mid,Mid,40.83786318482704,Mid,Mid
2015-12-01,2015-12-07,Tuesday,True,False,5.0,3426040.0,452270.0,404785.0,47485.0,1.386002498511401,1213245.0,737395.0,475850.0,13.88921320241445,383605.0,722980.0,-339375.0,-9.905751246336878,25.20800227186214,Mid,Mid,47.71140065739755,Mid,Mid
2015-12-08,2015-12-14,Tuesday,True,False,5.0,3447885.0,378690.0,441885.0,-63195.0,-1.8328627549932783,1174465.0,723010.0,451455.0,13.093679168533754,433870.0,695040.0,-261170.0,-7.57478860228807,22.26001945584068,Mid,Mid,61.952889544465386,Mid,Mid
2015-12-15,2015-12-21,Tuesday,False,False,5.0,3787125.0,323600.0,441705.0,-118105.0,-3.1185925999273856,1152045.0,756080.0,395965.0,10.4555566557745,456400.0,619255.0,-162855.0,-4.300227745321319,15.554400826571118,Low,Mid,90.75143312431449,High,High
2015-12-22,2015-12-28,Tuesday,False,False,5.0,2968270.0,268295.0,299475.0,-31180.0,-1.0504435243424621,1186635.0,803845.0,382790.0,12.896064037301189,368695.0,631205.0,-262510.0,-8.843872019728662,13.962284671576949,Low,Mid,70.1278947041659,Mid,Mid
2015-12-29,2016-01-04,Tuesday,False,False,5.0,2922380.0,257080.0,317000.0,-59920.0,-2.0503835914562787,1234640.0,776695.0,457945.0,15.670275597287143,332560.0,631045.0,-298485.0,-10.21376412376214,25.15184489069146,Mid,Mid,62.68289149645082,Mid,Mid
2016-01-05,2016-01-11,Tuesday,False,False,5.0,3060090.0,305850.0,278430.0,27420.0,0.8960520768996991,1173765.0,845855.0,327910.0,10.715697904310003,326435.0,627495.0,-301060.0,-9.838272730540606,8.000791374023148,Low,Low,68.48376356836631,Mid,Mid
2016-01-12,2016-01-18,Tuesday,False,False,5.0,3249525.0,423055.0,287715.0,135340.0,4.164916410860049,1169285.0,924315.0,244970.0,7.538640262807641,323830.0,596335.0,-272505.0,-8.38599487617421,0.0,Low,Low,74.99543920459728,Mid,Mid
2016-01-19,2016-01-25,Tuesday,False,False,5.0,3406810.0,494910.0,279890.0,215020.0,6.31147613163047,1196630.0,969350.0,227280.0,6.671343573606982,318275.0,713210.0,-394935.0,-11.592516166149565,0.0,Low,Low,47.076530146857614,Mid,Mid
2016-01-26,2016-02-01,Tuesday,False,False,5.0,3435405.0,492660.0,301415.0,191245.0,5.566883671648612,1208810.0,1010560.0,198250.0,5.770789761323628,373205.0,719780.0,-346575.0,-10.08833019687635,0.0,Low,Low,58.1045334306303,Mid,Mid
2016-02-02,2016-02-08,Tuesday,False,False,5.0,3598355.0,555490.0,256320.0,299170.0,8.314076849004614,1243495.0,985275.0,258220.0,7.1760568370825,313360.0,757065.0,-443705.0,-12.330773367274768,7.847062749023534,Low,Low,35.955030557329195,Mid,Mid
2016-02-09,2016-02-15,Tuesday,False,False,5.0,3714760.0,543890.0,274585.0,269305.0,7.249593513443668,1254240.0,1023865.0,230375.0,6.2016119480127925,336515.0,697840.0,-361325.0,-9.7267387395148,4.2035499551839415,Low,Low,54.740946821125604,Mid,Mid
2016-02-16,2016-02-22,Tuesday,False,False,5.0,3803955.0,527220.0,305435.0,221785.0,5.8303791711521304,1255035.0,993935.0,261100.0,6.86390874760611,355250.0,733885.0,-378635.0,-9.953719221179009,8.223910184694498,Low,Low,50.79357840007297,Mid,Mid
2016-02-23,2016-02-29,Tuesday,False,False,5.0,3805560.0,575260.0,317305.0,257955.0,6.778371645697348,1258415.0,970555.0,287860.0,7.564195545465056,351640.0,709975.0,-358335.0,-9.4160911928862,12.064787139510463,Low,Mid,55.42278573383198,Mid,Mid
2016-03-01,2016-03-07,Tuesday,True,False,5.0,3881230.0,637760.0,361585.0,276175.0,7.11565663462356,1208965.0,955110.0,253855.0,6.540581207503807,352020.0,700155.0,-348135.0,-8.969708056466635,7.486469020114711,Low,Low,57.748791389218276,Mid,Mid
2016-03-08,2016-03-14,Tuesday,True,False,5.0,4060445.0,706765.0,381875.0,324890.0,8.001339754632806,1218875.0,1015615.0,203260.0,5.005855269557894,406675.0,754185.0,-347510.0,-8.55842155231754,0.6745294450278698,Low,Low,57.89131624555323,Mid,Mid
2016-03-15,2016-03-21,Tuesday,False,False,5.0,4175515.0,716760.0,411450.0,305310.0,7.3119124227789865,1245660.0,1054965.0,190695.0,4.5669815579635085,416595.0,721995.0,-305400.0,-7.314067845523247,0.0,Low,Low,67.49407096597648,Mid,Mid
2016-03-22,2016-03-28,Tuesday,False,False,5.0,3122005.0,575010.0,307750.0,267260.0,8.560524406591277,1276590.0,997190.0,279400.0,8.949377082996342,359600.0,711115.0,-351515.0,-11.259270885216392,11.822683077989323,Low,Mid,56.9780169661589,Mid,Mid
2016-03-29,2016-04-04,Tuesday,False,False,5.0,3160270.0,587075.0,301510.0,285565.0,9.036095017197898,1262845.0,1022460.0,240385.0,7.606470333231022,369550.0,724410.0,-354860.0,-11.228787413733636,6.622728393498558,Low,Low,56.21522393505427,Mid,Mid
2016-04-05,2016-04-11,Tuesday,False,False,5.0,3202320.0,589380.0,333940.0,255440.0,7.97671688026181,1236425.0,1011335.0,225090.0,7.028966499288017,412135.0,731725.0,-319590.0,-9.979952034774788,4.584196882559526,Low,Low,64.25818662774788,Mid,Mid
2016-04-12,2016-04-18,Tuesday,False,False,5.0,3223720.0,534910.0,347100.0,187810.0,5.825878178005534,1267375.0,1003700.0,263675.0,8.17921531646669,392995.0,702900.0,-309905.0,-9.61327286488901,9.726840775961456,Low,Low,66.46675180151418,Mid,Mid
2016-04-19,2016-04-25,Tuesday,False,False,5.0,3235245.0,457425.0,378100.0,79325.0,2.451900860676703,1341175.0,942865.0,398310.0,12.311586912274032,422420.0,720220.0,-297800.0,-9.204867019344748,27.671116027695774,Mid,Mid,69.2271732190094,Mid,Mid
2016-04-26,2016-05-02,Tuesday,False,False,5.0,3266625.0,368480.0,396520.0,-28040.0,-0.8583782956415261,1361070.0,976645.0,384425.0,11.768262350285081,460695.0,674135.0,-213440.0,-6.53396089235832,25.820510599164333,Mid,Mid,88.4646082276749,High,Mid
2016-05-03,2016-05-09,Tuesday,False,False,5.0,3201665.0,399570.0,356420.0,43150.0,1.3477362559793107,1304555.0,973880.0,330675.0,10.32821984811028,425325.0,660100.0,-234775.0,-7.332903348726366,18.65666171305953,Low,Mid,83.59937973182522,High,Mid
2016-05-10,2016-05-16,Tuesday,False,False,5.0,3244240.0,396540.0,358130.0,38410.0,1.1839444677335833,1313785.0,951175.0,362610.0,11.177039923063644,430805.0,694940.0,-264135.0,-8.14166029640224,22.912987558227098,Mid,Mid,76.90413208063485,Mid,Mid
2016-05-17,2016-05-23,Tuesday,False,False,5.0,3221705.0,414475.0,347505.0,66970.0,2.078712979617935,1343825.0,962305.0,381520.0,11.842176735610492,393415.0,719255.0,-325840.0,-10.113899317286965,26.490410977920607,Mid,Mid,62.832938064398434,Mid,Mid
2016-05-24,2016-05-30,Tuesday,False,False,5.0,3367260.0,410225.0,365935.0,44290.0,1.3153127468624342,1401350.0,984685.0,416665.0,12.374007353159543,489815.0,808675.0,-318860.0,-9.469420240789248,31.541113577041717,Mid,Mid,64.42465565994709,Mid,Mid
2016-05-31,2016-06-06,Tuesday,True,False,5.0,3408895.0,470675.0,352885.0,117790.0,3.455371902038637,1385510.0,974810.0,410700.0,12.04789235221384,473205.0,820805.0,-347600.0,-10.196852645798712,30.756380056338816,Mid,Mid,57.87079266624099,Mid,Mid
2016-06-07,2016-06-13,Tuesday,True,False,5.0,3579785.0,492395.0,322930.0,169465.0,4.733943518954351,1419290.0,985705.0,433585.0,12.112040248227197,477135.0,906465.0,-429330.0,-11.9931783612703,33.95566987970335,Mid,Mid,39.23310225303293,Mid,Mid
2016-06-14,2016-06-20,Tuesday,False,False,5.0,3872355.0,413450.0,306665.0,106785.0,2.757624236414275,1352840.0,993780.0,359060.0,9.272393672584254,489150.0,804865.0,-315715.0,-8.153048984403547,23.537182919413123,Mid,Mid,65.14184073702454,Mid,Mid
2016-06-21,2016-06-27,Tuesday,False,False,5.0,3104990.0,359930.0,247165.0,112765.0,3.6317347237833295,1390470.0,1079035.0,311435.0,10.030145024621657,354190.0,723585.0,-369395.0,-11.896817703116596,19.12122195915717,Low,Mid,52.90066587612879,Mid,Mid
2016-06-28,2016-07-04,Tuesday,False,False,5.0,3367300.0,551925.0,189835.0,362090.0,10.753125649630267,1313925.0,1119760.0,194165.0,5.766192498440887,337690.0,779300.0,-441610.0,-13.114661598313187,0.5495332135023636,Low,Low,36.432773875763935,Mid,Mid
2016-07-05,2016-07-11,Tuesday,False,False,5.0,3445970.0,542660.0,219365.0,323295.0,9.381828628804081,1393705.0,1087270.0,306435.0,8.892561455845524,339980.0,820150.0,-480170.0,-13.93424783152494,18.329387357568752,Low,Mid,27.639560339323175,Mid,Mid
2016-07-12,2016-07-18,Tuesday,False,False,5.0,3429090.0,433760.0,282710.0,151050.0,4.404958749989064,1404745.0,1082965.0,321780.0,9.38383069560729,398535.0,765395.0,-366860.0,-10.698465190473275,20.759527749843613,Mid,Mid,53.47874669342333,Mid,Mid
2016-07-19,2016-07-25,Tuesday,False,False,5.0,3444175.0,371615.0,349020.0,22595.0,0.6560351898495286,1484240.0,1062530.0,421710.0,12.244151357001314,403610.0,734080.0,-330470.0,-9.59504090239317,42.25162777086839,Mid,Mid,61.77711392866916,Mid,Mid
2016-07-26,2016-08-01,Tuesday,False,False,5.0,3440350.0,376140.0,352270.0,23870.0,0.6938247562021306,1475675.0,1048415.0,427260.0,12.419085267487318,416775.0,745310.0,-328535.0,-9.54946444402459,45.68699968134107,Mid,Mid,62.218370883882145,Mid,Mid
2016-08-02,2016-08-08,Tuesday,False,False,5.0,3419735.0,380075.0,325895.0,54180.0,1.5843332889829185,1424730.0,1022870.0,401860.0,11.751202944087773,403640.0,756025.0,-352385.0,-10.304453415250011,40.78158344518584,Mid,Mid,56.77962236614066,Mid,Mid
2016-08-09,2016-08-15,Tuesday,False,False,5.0,3382185.0,343810.0,334060.0,9750.0,0.28827518305474126,1462430.0,1003415.0,459015.0,13.571552117935596,381460.0,740490.0,-359030.0,-10.615327074066025,52.350014632718754,Mid,Mid,55.26429809358753,Mid,Mid
2016-08-16,2016-08-22,Tuesday,False,False,5.0,3414180.0,326830.0,355645.0,-28815.0,-0.8439801064970212,1481175.0,1017535.0,463640.0,13.579834689442267,391615.0,714550.0,-322935.0,-9.458640141996028,59.200095433299715,Mid,Mid,63.495393596643254,Mid,Mid
2016-08-23,2016-08-29,Tuesday,False,False,5.0,3501890.0,335720.0,378905.0,-43185.0,-1.2331912195985597,1488965.0,992745.0,496220.0,14.170062451990212,430445.0,753385.0,-322940.0,-9.22187732909943,66.26649748945354,Mid,Mid,63.494253397792576,Mid,Mid
2016-08-30,2016-09-05,Tuesday,True,False,5.0,3551700.0,293185.0,403195.0,-110010.0,-3.0973899822620155,1485160.0,983530.0,501630.0,14.123659092828786,441430.0,713705.0,-272275.0,-7.666047244981276,67.43989328821941,Mid,Mid,75.04788835172855,Mid,Mid
2016-09-06,2016-09-12,Tuesday,True,False,5.0,3676610.0,316440.0,400650.0,-84210.0,-2.2904251470784227,1501525.0,984970.0,516555.0,14.049763232978204,431240.0,743250.0,-312010.0,-8.486350197600508,70.6770341933175,Mid,Mid,65.98672808537809,Mid,Mid
2016-09-13,2016-09-19,Tuesday,False,False,5.0,4126620.0,364425.0,378730.0,-14305.0,-0.34665173919575826,1421700.0,1017890.0,403810.0,9.78549030441378,382960.0,705085.0,-322125.0,-7.806025270075752,46.2233356107189,Mid,Mid,63.68010581045335,Mid,Mid
2016-09-20,2016-09-26,Tuesday,False,False,5.0,3205415.0,409695.0,398695.0,11000.0,0.3431692932116434,1453335.0,1015950.0,437385.0,13.645191028306789,332155.0,725810.0,-393655.0,-12.280937101748135,53.50554706054592,Mid,Mid,47.368421052631575,Mid,Mid
2016-09-27,2016-10-03,Tuesday,False,False,5.0,3206880.0,412185.0,372870.0,39315.0,1.2259579404280796,1454940.0,1007330.0,447610.0,13.957803223070398,338495.0,760770.0,-422275.0,-13.167783016514495,55.72328680959973,Mid,Mid,40.84192283134179,Mid,Mid
2016-10-04,2016-10-10,Tuesday,False,False,5.0,3297050.0,457525.0,349115.0,108410.0,3.2880908691102655,1400895.0,999670.0,401225.0,12.169211871218211,344220.0,785525.0,-441305.0,-13.38484402723647,45.66266497489453,Mid,Mid,36.50232600565539,Mid,Mid
2016-10-11,2016-10-17,Tuesday,False,False,5.0,3335065.0,438910.0,326170.0,112740.0,3.380443859415034,1393670.0,1020920.0,372750.0,11.176693707618892,352275.0,791475.0,-439200.0,-13.169158622095821,39.48661222630705,Mid,Mid,36.98234972179148,Mid,Mid
2016-10-18,2016-10-24,Tuesday,False,False,5.0,3326820.0,406885.0,361400.0,45485.0,1.367221550910479,1423395.0,1066405.0,356990.0,10.73066772473413,356110.0,716825.0,-360715.0,-10.842636511743947,36.068364945613865,Mid,Mid,48.56102950734434,Mid,Mid
2016-10-25,2016-10-31,Tuesday,False,False,5.0,3412305.0,455730.0,336765.0,118965.0,3.4863530663290647,1447025.0,1078835.0,368190.0,10.79006712471482,376800.0,762220.0,-385420.0,-11.295004403182013,38.49757621108111,Mid,Mid,42.13830755232029,Mid,Mid
2016-11-01,2016-11-07,Tuesday,False,False,5.0,3406445.0,418600.0,344000.0,74600.0,2.1899663725672953,1353240.0,1076735.0,276505.0,8.11711329553244,400570.0,680625.0,-280055.0,-8.221327512993753,22.327166757734236,Mid,Mid,69.53074223319902,Mid,Mid
2016-11-08,2016-11-14,Tuesday,False,False,5.0,3364920.0,359885.0,358330.0,1555.0,0.04621209419540435,1328980.0,1086900.0,242080.0,7.194227500208028,442290.0,605670.0,-163380.0,-4.855390321315217,15.769041919842877,Low,Mid,99.84434990142161,High,High
2016-11-15,2016-11-21,Tuesday,False,False,5.0,3335220.0,340575.0,348160.0,-7585.0,-0.2274212795557714,1351650.0,1062840.0,288810.0,8.659398780290356,425635.0,634620.0,-208985.0,-6.266003442051798,30.1095562511508,Mid,Mid,85.46239541149961,High,Mid
2016-11-22,2016-11-28,Tuesday,False,False,5.0,3488805.0,387195.0,332600.0,54595.0,1.5648624672344829,1366485.0,1077960.0,288525.0,8.270023690060063,426320.0,654965.0,-228645.0,-6.55367668872293,30.022095378383355,Mid,Mid,79.26665931330066,Mid,Mid
2016-11-29,2016-12-05,Tuesday,True,False,5.0,3539435.0,382480.0,333475.0,49005.0,1.3845430132210366,1421875.0,1091520.0,330355.0,9.333551823949303,423255.0,699630.0,-276375.0,-7.808449653687664,42.858896458601855,Mid,Mid,64.22482391314624,Mid,Mid
2016-12-06,2016-12-12,Tuesday,True,False,5.0,3512615.0,394010.0,347900.0,46110.0,1.312697235535349,1347850.0,1090360.0,257490.0,7.3304361565386476,414945.0,646100.0,-231155.0,-6.580709813059501,20.498066654391454,Mid,Mid,78.4756472275184,Mid,Mid
2016-12-13,2016-12-19,Tuesday,False,False,5.0,3899625.0,365860.0,403365.0,-37505.0,-0.9617591435073884,1398545.0,1046050.0,352495.0,9.039202487418663,444420.0,687945.0,-243525.0,-6.244831233772478,49.65322531148345,Mid,Mid,74.70090596294074,Mid,Mid
2016-12-20,2016-12-26,Tuesday,False,False,5.0,3039805.0,318075.0,450645.0,-132570.0,-4.361135007015252,1451290.0,1027680.0,423610.0,13.935433358389766,339940.0,579375.0,-239435.0,-7.876656561851829,71.47701466887621,Mid,Mid,75.9919820701411,Mid,Mid
2016-12-27,2017-01-02,Tuesday,False,False,5.0,3047105.0,320460.0,446830.0,-126370.0,-4.147215143554292,1421415.0,1046005.0,375410.0,12.320218699388436,365720.0,564015.0,-198295.0,-6.507652345422951,56.68538636224145,Mid,Mid,88.97850310931533,High,Mid
2017-01-03,2017-01-09,Tuesday,False,False,5.0,3143250.0,248205.0,482405.0,-234200.0,-7.45088682096556,1439560.0,1049455.0,390105.0,12.410880458124552,418790.0,531010.0,-112220.0,-3.570190089875129,61.194991714233105,Mid,Mid,100.0,High,High
2017-01-10,2017-01-16,Tuesday,False,False,5.0,3142075.0,255835.0,454885.0,-199050.0,-6.334985638471393,1478970.0,1031040.0,447930.0,14.255865948457627,392355.0,602000.0,-209645.0,-6.672183191044134,78.94034247836494,Mid,Mid,73.52221769262128,Mid,Mid
2017-01-17,2017-01-23,Tuesday,False,False,5.0,3122385.0,263470.0,413260.0,-149790.0,-4.797294375933781,1476535.0,986035.0,490500.0,15.709145412881501,359115.0,643840.0,-284725.0,-9.118830637477442,92.00423494752347,High,High,53.11727136839245,Mid,Mid
2017-01-24,2017-01-30,Tuesday,False,False,5.0,3196115.0,299305.0,478295.0,-178990.0,-5.600236537170909,1464820.0,945435.0,519385.0,16.25051038526461,387470.0,666505.0,-279035.0,-8.730443053519664,100.0,High,High,54.66367713004484,Mid,Mid
2017-01-31,2017-02-06,Tuesday,False,False,5.0,3181020.0,312115.0,527890.0,-215775.0,-6.783201614576456,1479170.0,928170.0,551000.0,17.321488076151674,383595.0,642875.0,-259280.0,-8.150844697612715,100.0,High,High,60.03261312678353,Mid,Mid
2017-02-07,2017-02-13,Tuesday,False,False,5.0,3237395.0,353430.0,516110.0,-162680.0,-5.025027838740716,1490490.0,947315.0,543175.0,16.77815033383322,364735.0,655270.0,-290535.0,-8.974345113895586,97.82822886165887,High,High,51.53825247995651,Mid,Mid
2017-02-14,2017-02-20,Tuesday,False,False,5.0,3376450.0,363680.0,568985.0,-205305.0,-6.080498748685749,1502650.0,935870.0,566780.0,16.786269602689217,389230.0,629580.0,-240350.0,-7.118423195960253,100.0,High,High,65.17733387688544,Mid,Mid
2017-02-21,2017-02-27,Tuesday,False,False,5.0,3465075.0,310780.0,577440.0,-266660.0,-7.695648723332107,1529625.0,888320.0,641305.0,18.507680208942087,384340.0,606755.0,-222415.0,-6.41876438460928,100.0,High,High,70.05163745074059,Mid,Mid
2017-02-28,2017-03-06,Tuesday,True,False,5.0,3588110.0,334415.0,614050.0,-279635.0,-7.7933786868295565,1524625.0,869240.0,655385.0,18.26546566298135,417160.0,642515.0,-225355.0,-6.280604552257317,100.0,High,High,69.2526158445441,Mid,Mid
2017-03-07,2017-03-13,Tuesday,True,False,5.0,3712600.0,307935.0,694370.0,-386435.0,-10.408743198836396,1531755.0,867180.0,664575.0,17.900527931907558,466220.0,604675.0,-138455.0,-3.729327156170877,100.0,High,High,92.86995515695067,High,High
2017-03-14,2017-03-20,Tuesday,False,False,5.0,4008815.0,316580.0,723615.0,-407035.0,-10.153499226080525,1589935.0,871130.0,718805.0,17.93061041729289,448510.0,645965.0,-197455.0,-4.925520384452762,100.0,High,High,76.83516782171492,Mid,Mid
2017-03-21,2017-03-27,Tuesday,False,False,5.0,3113925.0,233825.0,514685.0,-280860.0,-9.019485055035044,1568485.0,937100.0,631385.0,20.276178777587774,363110.0,640365.0,-277255.0,-8.903714765127614,83.33714547118024,High,Mid,55.147438510667214,Mid,Mid
2017-03-28,2017-04-03,Tuesday,False,False,5.0,3170205.0,220960.0,579470.0,-358510.0,-11.30873240058608,1577255.0,919295.0,657960.0,20.754493794565334,389245.0,626110.0,-236865.0,-7.471598839822661,88.40252363525465,High,Mid,66.12447343389047,Mid,Mid
2017-04-04,2017-04-10,Tuesday,False,False,5.0,3129445.0,238700.0,575215.0,-336515.0,-10.753184670125213,1538335.0,890890.0,647445.0,20.688812233479098,390875.0,595865.0,-204990.0,-6.550362764004481,86.39829216224459,High,Mid,74.78733523576572,Mid,Mid
2017-04-11,2017-04-17,Tuesday,False,False,5.0,3155495.0,206735.0,544255.0,-337520.0,-10.696261600794804,1531320.0,875640.0,655680.0,20.77899030104627,404965.0,604635.0,-199670.0,-6.327691851833073,87.96793992070752,High,Mid,76.23318385650224,Mid,Mid
2017-04-18,2017-04-24,Tuesday,False,False,5.0,3213170.0,213135.0,565225.0,-352090.0,-10.957714655620462,1522185.0,864660.0,657525.0,20.463436419486055,417035.0,621970.0,-204935.0,-6.377969419607428,88.31960963708447,High,Mid,74.80228291887485,Mid,Mid
2017-04-25,2017-05-01,Tuesday,False,False,5.0,3266705.0,225765.0,641240.0,-415475.0,-12.71847320158998,1514405.0,796870.0,717535.0,21.965099389139823,453825.0,643990.0,-190165.0,-5.821309239738513,99.75792924672156,High,High,78.81641527381437,Mid,Mid
2017-05-02,2017-05-08,Tuesday,False,False,5.0,3282095.0,250825.0,638855.0,-388030.0,-11.822631581352764,1555345.0,806715.0,748630.0,22.809516482612477,407410.0,623390.0,-215980.0,-6.580552969978017,100.0,High,High,71.80051637450741,Mid,Mid
2017-05-09,2017-05-15,Tuesday,False,False,5.0,3400775.0,260345.0,564840.0,-304495.0,-8.953694378487256,1483640.0,849815.0,633825.0,18.637663473767006,427700.0,632465.0,-204765.0,-6.021127537105513,79.29445501519483,Mid,Mid,74.84848484848486,Mid,Mid
2017-05-16,2017-05-22,Tuesday,False,False,5.0,3422815.0,285785.0,536680.0,-250895.0,-7.330077728419444,1487850.0,870620.0,617230.0,18.03281801674937,409640.0,655905.0,-246265.0,-7.194808951111878,76.30147980485692,Mid,Mid,63.56977850251393,Mid,Mid
2017-05-23,2017-05-29,Tuesday,False,False,5.0,3459085.0,274100.0,495030.0,-220930.0,-6.38694914984743,1469920.0,839720.0,630200.0,18.21869078094352,442175.0,672970.0,-230795.0,-6.672140175797934,78.64067163842623,Mid,Mid,67.77415409702405,Mid,Mid
2017-05-30,2017-06-05,Tuesday,True,False,5.0,3475960.0,268635.0,506905.0,-238270.0,-6.854796948181222,1496010.0,849790.0,646220.0,18.591123027882944,469405.0,685375.0,-215970.0,-6.213247563263099,81.529943278656,High,Mid,71.8032341350727,Mid,Mid
2017-06-06,2017-06-12,Tuesday,True,False,5.0,3534445.0,277910.0,505600.0,-227690.0,-6.442029795342692,1460040.0,818300.0,641740.0,18.15674030859159,464555.0,690035.0,-225480.0,-6.379502298097721,80.72195720198751,High,Mid,69.21864383747793,Mid,Mid
2017-06-13,2017-06-19,Tuesday,False,False,5.0,3929465.0,248025.0,549830.0,-301805.0,-7.680562112145038,1473480.0,826740.0,646740.0,16.458729114523223,457040.0,660900.0,-203860.0,-5.187983605910728,81.62372737684073,High,Mid,75.09444217964398,Mid,Mid
2017-06-20,2017-06-26,Tuesday,False,False,5.0,3027415.0,175890.0,598640.0,-422750.0,-13.964058445901866,1540500.0,792750.0,747750.0,24.699289658008567,321565.0,591970.0,-270405.0,-8.931877525876036,99.84128844922583,High,High,57.00910449789374,Mid,Mid
2017-06-27,2017-07-03,Tuesday,False,False,5.0,3080470.0,187160.0,607295.0,-420135.0,-13.638665528312238,1495350.0,817385.0,677965.0,22.008492210604224,360055.0,583425.0,-223370.0,-7.251166218142037,86.0497482973053,High,Mid,69.79209131675499,Mid,Mid
2017-07-03,2017-07-10,Monday,False,False,5.0,3065550.0,199330.0,645205.0,-445875.0,-14.544698341243823,1478690.0,842135.0,636555.0,20.764789352644712,369140.0,492160.0,-123020.0,-4.012982988370766,77.87483960122397,Mid,Mid,96.7181731163681,High,High
2017-07-11,2017-07-17,Tuesday,False,False,5.0,3072285.0,170095.0,677850.0,-507755.0,-16.526949810971313,1498825.0,804510.0,694315.0,22.599303124547365,377025.0,490730.0,-113705.0,-3.7009912817333026,89.27746520580396,High,Mid,99.54874880350062,High,High
2017-07-18,2017-07-24,Tuesday,False,False,5.0,3155885.0,209005.0,702870.0,-493865.0,-15.64901762896937,1524595.0,802300.0,722295.0,22.887240821512826,409855.0,543125.0,-133270.0,-4.222904193277004,94.8011055177179,High,High,93.60347630551378,High,High
2017-07-25,2017-07-31,Tuesday,False,False,5.0,3274470.0,221090.0,764530.0,-543440.0,-16.596273595421547,1594160.0,825785.0,768375.0,23.46562955226342,419290.0,567925.0,-148635.0,-4.539207871808262,100.0,High,High,88.93446981782822,High,Mid
2017-08-01,2017-08-07,Tuesday,False,False,5.0,3343370.0,247760.0,709600.0,-461840.0,-13.81360722863458,1633320.0,825630.0,807690.0,24.15796038129193,395540.0,636705.0,-241165.0,-7.213230961574698,100.0,High,High,60.81711411945242,Mid,Mid
2017-08-08,2017-08-14,Tuesday,False,False,5.0,3408565.0,241660.0,710395.0,-468735.0,-13.75168142605466,1685200.0,828525.0,856675.0,25.13301051908941,381960.0,653395.0,-271435.0,-7.9633218084443165,100.0,High,High,51.61888265949527,Mid,Mid
2017-08-15,2017-08-21,Tuesday,False,False,5.0,3475885.0,220105.0,774845.0,-554740.0,-15.959676456499569,1650530.0,823270.0,827260.0,23.799981875119574,437970.0,593450.0,-155480.0,-4.473105410564504,95.21392136284871,High,High,86.85446009389672,High,Mid
2017-08-22,2017-08-28,Tuesday,False,False,5.0,3568290.0,207180.0,794135.0,-586955.0,-16.449195553052025,1620985.0,825165.0,795820.0,22.30255948927918,475430.0,584145.0,-108715.0,-3.046697437708258,90.09835745490933,High,High,100.0,High,High
2017-08-29,2017-09-04,Tuesday,True,False,5.0,3657910.0,215555.0,837720.0,-622165.0,-17.008756366340343,1647855.0,843065.0,804790.0,22.00136143316812,514730.0,583280.0,-68550.0,-1.874020957322624,91.55785517291875,High,High,100.0,High,High
2017-09-05,2017-09-11,Tuesday,True,False,5.0,3677465.0,251000.0,776115.0,-525115.0,-14.279265744201508,1624260.0,823615.0,800645.0,21.771655202700774,464765.0,577795.0,-113030.0,-3.073584656822023,90.8834272976513,High,High,88.06722914514896,High,Mid
2017-09-12,2017-09-18,Tuesday,False,False,5.0,4054065.0,241395.0,766675.0,-525280.0,-12.956871683113121,1707140.0,822205.0,884935.0,21.828337730154797,464660.0,613135.0,-148475.0,-3.6623734449250325,100.0,High,High,78.55830237018954,Mid,Mid
2017-09-19,2017-09-25,Tuesday,False,False,5.0,3308810.0,185875.0,684475.0,-498600.0,-15.068861614900825,1819210.0,827760.0,991450.0,29.963944741462946,351475.0,651660.0,-300185.0,-9.072294873383482,100.0,High,High,37.858647100642514,Mid,Mid
2017-09-26,2017-10-02,Tuesday,False,False,5.0,3288760.0,194080.0,641550.0,-447470.0,-13.606039966431116,1754610.0,824435.0,930175.0,28.28345637869592,355890.0,654960.0,-299070.0,-9.093700969362313,91.82313143040155,High,High,38.157771190191944,Mid,Mid
2017-10-03,2017-10-09,Tuesday,False,False,5.0,3251160.0,217625.0,628295.0,-410670.0,-12.631491529177277,1650605.0,819485.0,831120.0,25.563798767209246,366350.0,599570.0,-233220.0,-7.173439633853763,78.60469461013918,Mid,Mid,55.57264265479564,Mid,Mid
2017-10-10,2017-10-16,Tuesday,False,False,5.0,3327785.0,229140.0,688525.0,-459385.0,-13.804527636250539,1648050.0,811350.0,836700.0,25.142850274281543,393970.0,601040.0,-207070.0,-6.222457280142798,79.34932009554693,Mid,Mid,56.28491179347998,Mid,Mid
2017-10-17,2017-10-23,Tuesday,False,False,5.0,3348530.0,236280.0,687940.0,-451660.0,-13.488306809256601,1637545.0,820710.0,816835.0,24.39383849032262,396350.0,589480.0,-193130.0,-5.7676054865866515,76.69842667840986,Mid,Mid,60.684192255499106,Mid,Mid
2017-10-24,2017-10-30,Tuesday,False,False,5.0,3463720.0,272410.0,744565.0,-472155.0,-13.631442495351816,1625175.0,816625.0,808550.0,23.34339958195235,407900.0,592720.0,-184820.0,-5.335881653251418,75.59283131163511,Mid,Mid,49.80464955641419,Mid,Mid
2017-10-31,2017-11-06,Tuesday,False,False,5.0,3506015.0,268880.0,746715.0,-477835.0,-13.629006150857883,1595995.0,830235.0,765760.0,21.841321272156566,416010.0,569145.0,-153135.0,-4.367779373448203,69.88270146923415,Mid,Mid,63.48349774429598,Mid,Mid
2017-11-07,2017-11-13,Tuesday,False,False,5.0,3579815.0,317005.0,705890.0,-388885.0,-10.863270867349291,1570680.0,832375.0,738305.0,20.624110463808883,451640.0,638765.0,-187125.0,-5.227225429247042,65.50970080113358,Mid,Mid,48.80954950676711,Mid,Mid
2017-11-14,2017-11-20,Tuesday,False,False,5.0,3603175.0,303315.0,718530.0,-415215.0,-11.523586836609379,1554385.0,816935.0,737450.0,20.466671754771834,475400.0,628440.0,-153040.0,-4.2473651709950255,65.3932094392065,Mid,Mid,63.52451054460681,Mid,Mid
2017-11-21,2017-11-27,Tuesday,False,False,5.0,3694775.0,357085.0,719675.0,-362590.0,-9.81358810753023,1529635.0,815800.0,713835.0,19.320120981656526,492950.0,626150.0,-133200.0,-3.6050909730633123,62.17573164750123,Mid,Mid,72.08971010425886,Mid,Mid
2017-11-28,2017-12-04,Tuesday,True,False,5.0,3781720.0,364795.0,729160.0,-364365.0,-9.634901579175613,1546005.0,818805.0,727200.0,19.229345377235756,499315.0,641685.0,-142370.0,-3.7646890832742774,63.99667556815085,Mid,Mid,68.13089559004469,Mid,Mid
2017-12-05,2017-12-11,Tuesday,True,False,5.0,3901075.0,388805.0,771985.0,-383180.0,-9.822420743000325,1476755.0,799390.0,677365.0,17.363547227366816,531180.0,642700.0,-111520.0,-2.858699204706395,50.84395614714651,Mid,Mid,81.44926284887862,High,Mid
2017-12-12,2017-12-18,Tuesday,False,False,5.0,4315610.0,388725.0,831420.0,-442695.0,-10.257993655589823,1504150.0,804020.0,700130.0,16.22319903791121,445750.0,621510.0,-175760.0,-4.072657167816369,52.71086293097851,Mid,Mid,53.715975565005294,Mid,Mid
2017-12-19,2017-12-25,Tuesday,False,False,5.0,3206955.0,192625.0,760855.0,-568230.0,-17.718677062821275,1582235.0,807265.0,774970.0,24.165290750883624,406065.0,570795.0,-164730.0,-5.1366483159258545,64.85942471268099,Mid,Mid,58.47777753793684,Mid,Mid
2017-12-26,2018-01-01,Tuesday,False,False,5.0,3319685.0,242185.0,825190.0,-583005.0,-17.562057845849832,1579885.0,816320.0,763565.0,23.00112811908359,427125.0,582750.0,-155625.0,-4.687944789942419,62.1041166052765,Mid,Mid,62.408530662464656,Mid,Mid
2018-01-02,2018-01-08,Tuesday,False,False,5.0,3310655.0,236715.0,869300.0,-632585.0,-19.107548204207326,1628780.0,816920.0,811860.0,24.52263977974147,346965.0,516980.0,-170015.0,-5.1353886164520315,66.95797762731821,Mid,Mid,56.19617069959203,Mid,Mid
2018-01-09,2018-01-15,Tuesday,False,False,5.0,3524695.0,240830.0,905845.0,-665015.0,-18.86730624919319,1764395.0,820865.0,943530.0,26.769124704407048,351890.0,627175.0,-275285.0,-7.810179320480212,90.434175067372,High,High,10.749670818313295,Low,Mid
2018-01-16,2018-01-22,Tuesday,False,False,5.0,3599600.0,222150.0,955665.0,-733515.0,-20.37768085342816,1779320.0,830970.0,948350.0,26.345982886987446,425355.0,623095.0,-197740.0,-5.49338815423936,90.86990139069832,High,High,44.226908714140784,Mid,Mid
2018-01-23,2018-01-29,Tuesday,False,False,5.0,3765985.0,239270.0,1055495.0,-816225.0,-21.673612613964206,1818780.0,811190.0,1007590.0,26.75501893926821,461290.0,608850.0,-147560.0,-3.918231219720737,100.0,High,High,65.89030155201071,Mid,Mid
2018-01-30,2018-02-05,Tuesday,False,False,5.0,3775020.0,216500.0,1153890.0,-937390.0,-24.83139162176624,1725180.0,782635.0,942545.0,24.967947189683766,501225.0,529350.0,-28125.0,-0.7450291654083951,85.99420776676034,High,Mid,100.0,High,High
2018-02-06,2018-02-12,Tuesday,False,False,5.0,3820670.0,259780.0,1108510.0,-848730.0,-22.214166625225417,1659165.0,777485.0,881680.0,23.0765808091251,452025.0,493665.0,-41640.0,-1.0898612023545609,71.43667339670152,Mid,Mid,95.0323458060722,High,High
2018-02-13,2018-02-19,Tuesday,False,False,5.0,3729920.0,297685.0,973030.0,-675345.0,-18.106152410775568,1540305.0,775540.0,764765.0,20.50352286376115,426450.0,495335.0,-68885.0,-1.846822451956074,37.794599856542675,Mid,Mid,85.01801073292657,High,Mid
2018-02-20,2018-02-26,Tuesday,False,False,5.0,3716350.0,338855.0,995420.0,-656565.0,-17.666931263201796,1610265.0,755660.0,854605.0,22.995815786995305,377495.0,543105.0,-165610.0,-4.456254120306215,60.80925299723332,Mid,Mid,49.46519150187459,Mid,Mid
2018-02-27,2018-03-05,Tuesday,True,False,5.0,3757390.0,271105.0,1003050.0,-731945.0,-19.48014446198026,1630850.0,731340.0,899510.0,23.93975605406945,382825.0,526500.0,-143675.0,-3.8237979022672652,72.31273696075418,Mid,Mid,57.52775123134602,Mid,Mid
2018-03-06,2018-03-12,Tuesday,True,False,5.0,3720890.0,287950.0,945485.0,-657535.0,-17.671444197490384,1532845.0,739810.0,793035.0,21.313046072310655,388040.0,495260.0,-107220.0,-2.8815686569611034,45.03663285172661,Mid,Mid,70.9273689627288,Mid,Mid
2018-03-13,2018-03-19,Tuesday,False,False,5.0,4206965.0,318560.0,942195.0,-623635.0,-14.823869464091096,1544490.0,718190.0,826300.0,19.641237804450476,392325.0,541035.0,-148710.0,-3.5348523222798383,53.55825391945896,Mid,Mid,55.67705653164743,Mid,Mid
2018-03-20,2018-03-26,Tuesday,False,False,5.0,2922240.0,144815.0,810475.0,-665660.0,-22.77910096364433,1428505.0,676325.0,752180.0,25.73984340779676,333895.0,442660.0,-108765.0,-3.7219735545335086,34.57065273081258,Mid,Mid,70.35947952657502,Mid,Mid
2018-03-27,2018-04-02,Tuesday,False,False,5.0,3227305.0,208855.0,855350.0,-646495.0,-20.032039116228557,1277825.0,698405.0,579420.0,17.953679618133396,418295.0,404395.0,13900.0,0.43069991835292915,0.0,Low,Low,100.0,High,High
2018-04-03,2018-04-09,Tuesday,False,False,5.0,3364375.0,249785.0,817750.0,-567965.0,-16.88173880735649,1256705.0,751025.0,505680.0,15.030429128738621,425540.0,418910.0,6630.0,0.19706483373583503,0.0,Low,Low,97.68533995574447,High,High
2018-04-10,2018-04-16,Tuesday,False,False,5.0,3411265.0,232160.0,778510.0,-546350.0,-16.016052695994006,1230410.0,707000.0,523410.0,15.343574890839614,401315.0,426220.0,-24905.0,-0.7300810696325264,3.532505827738041,Low,Low,87.64506423420411,High,Mid
2018-04-17,2018-04-23,Tuesday,False,False,5.0,3395015.0,200900.0,809675.0,-608775.0,-17.931437710879038,1329700.0,718005.0,611695.0,18.01744616739543,398095.0,432095.0,-34000.0,-1.0014683293004596,21.122312765236796,Mid,Mid,84.74935129025583,High,Mid
2018-04-24,2018-04-30,Tuesday,False,False,5.0,3429880.0,214745.0,917880.0,-703135.0,-20.500279893174106,1303885.0,713625.0,590260.0,17.209348432015116,417485.0,405075.0,12410.0,0.3618202386089309,16.851626785678707,Low,Mid,99.52560612573029,High,High
2018-05-01,2018-05-07,Tuesday,False,False,5.0,3404115.0,212860.0,884500.0,-671640.0,-19.730238255758103,1252660.0,770385.0,482275.0,14.167412088017004,424040.0,329305.0,94735.0,2.7829553349402123,0.0,Low,Low,100.0,High,High
2018-05-08,2018-05-14,Tuesday,False,False,5.0,3482485.0,226335.0,739090.0,-512755.0,-14.72382508467373,1243105.0,799340.0,443765.0,12.742768454135481,367865.0,360245.0,7620.0,0.21880926981738616,0.0,Low,Low,77.94110199534083,Mid,Mid
2018-05-15,2018-05-21,Tuesday,False,False,5.0,3554975.0,218900.0,706595.0,-487695.0,-13.718661875259318,1256250.0,819245.0,437005.0,12.292772804309454,369485.0,370485.0,-1000.0,-0.028129593035112765,0.0,Low,Low,75.75838144434316,Mid,Mid
2018-05-22,2018-05-28,Tuesday,False,False,5.0,3657450.0,234970.0,651295.0,-416325.0,-11.382930730426937,1289730.0,916270.0,373460.0,10.210939315643412,368535.0,380730.0,-12195.0,-0.3334290284214412,0.0,Low,Low,72.9236301022992,Mid,Mid
2018-05-29,2018-06-04,Tuesday,True,False,5.0,3791905.0,271585.0,598500.0,-326915.0,-8.621392149856074,1271950.0,944875.0,327075.0,8.625611664849199,380485.0,424170.0,-43685.0,-1.1520594529662531,0.0,Low,Low,64.94986326344576,Mid,Mid
2018-06-05,2018-06-11,Tuesday,True,False,5.0,3821485.0,241625.0,590840.0,-349215.0,-9.138201510669282,1310005.0,943910.0,366095.0,9.579914614344947,346480.0,385380.0,-38900.0,-1.0179288941340867,5.733892713606607,Low,Low,66.16150106350653,Mid,Mid
2018-06-12,2018-06-18,Tuesday,False,False,5.0,4041445.0,202300.0,628770.0,-426470.0,-10.55241380248896,1393965.0,934890.0,459075.0,11.35917969934021,361995.0,408245.0,-46250.0,-1.1443926615356637,19.397074274630242,Low,Mid,64.3003646308113,Mid,Mid
2018-06-19,2018-06-25,Tuesday,False,False,5.0,2920725.0,129665.0,553715.0,-424050.0,-14.518655470816322,1473480.0,919840.0,553640.0,18.955567538881613,322330.0,410495.0,-88165.0,-3.0185998339453386,33.29316767448183,Mid,Mid,53.68682264762483,Mid,Mid
2018-06-26,2018-07-02,Tuesday,False,False,5.0,2960945.0,154780.0,507815.0,-353035.0,-11.92305159332578,1393230.0,951445.0,441785.0,14.920405478656306,355185.0,429670.0,-74485.0,-2.5155820185785283,16.85635143971845,Low,Mid,57.15081535500861,Mid,Mid
2018-07-03,2018-07-09,Tuesday,False,False,5.0,2959970.0,160225.0,497045.0,-336820.0,-11.379169383473482,1377795.0,959320.0,418475.0,14.137812207556157,326985.0,398160.0,-71175.0,-2.4045851816065706,13.431004459857606,Low,Mid,57.988959789324426,Mid,Mid
2018-07-10,2018-07-16,Tuesday,False,False,5.0,3016885.0,166120.0,474615.0,-308495.0,-10.225613505320885,1413230.0,937950.0,475280.0,15.753997915068025,320000.0,428325.0,-108325.0,-3.5906241040013125,21.778359036905872,Mid,Mid,48.58199128937507,Mid,Mid
2018-07-17,2018-07-23,Tuesday,False,False,5.0,3089615.0,199805.0,452475.0,-252670.0,-8.178041600652508,1411365.0,938260.0,473105.0,15.31274932313573,331860.0,461930.0,-130070.0,-4.209909648936842,21.458748153971623,Mid,Mid,43.075812822850196,Mid,Mid
2018-07-24,2018-07-30,Tuesday,False,False,5.0,3094315.0,209010.0,473760.0,-264750.0,-8.556013204861172,1389950.0,935065.0,454885.0,14.70066880715118,344500.0,473140.0,-128640.0,-4.157301373648126,18.781364113943116,Low,Mid,43.43791147574193,Mid,Mid
2018-07-31,2018-08-06,Tuesday,False,False,5.0,3076295.0,212090.0,507965.0,-295875.0,-9.617900753991409,1366220.0,944790.0,421430.0,13.69927136376713,338850.0,416080.0,-77230.0,-2.510487453251395,13.865234418051035,Low,Mid,56.45573787096121,Mid,Mid
2018-08-07,2018-08-13,Tuesday,False,False,5.0,3155085.0,233180.0,495450.0,-262270.0,-8.31261281391785,1396580.0,940850.0,455730.0,14.444301817542158,344440.0,463960.0,-119520.0,-3.7881705247243733,18.905534778807226,Low,Mid,45.7472399473311,Mid,Mid
2018-08-14,2018-08-20,Tuesday,False,False,5.0,3144200.0,239110.0,495775.0,-256665.0,-8.163125755359074,1364500.0,936475.0,428025.0,13.613160740410915,348910.0,454055.0,-105145.0,-3.3440938871573054,14.834353394120628,Low,Mid,49.38721766433708,Mid,Mid
2018-08-21,2018-08-27,Tuesday,False,False,5.0,3161355.0,258820.0,476695.0,-217875.0,-6.89182328463586,1380200.0,937660.0,442540.0,13.998427889306958,337710.0,491725.0,-154015.0,-4.871803388104152,16.967296826668036,Low,Mid,37.01255950572268,Mid,Mid
2018-08-28,2018-09-03,Tuesday,False,False,5.0,3230580.0,243975.0,561155.0,-317180.0,-9.81805124776356,1425305.0,892345.0,532960.0,16.49734722557559,341405.0,494485.0,-153080.0,-4.738468015031357,30.254292704789755,Mid,Mid,37.2493163172288,Mid,Mid
2018-09-04,2018-09-10,Tuesday,True,False,5.0,3242490.0,236955.0,578445.0,-341490.0,-10.53172099220044,1434975.0,850355.0,584620.0,18.02997079405025,285135.0,496930.0,-211795.0,-6.531862858482215,37.84560222772459,Mid,Mid,22.38174820216753,Mid,Mid
2018-09-11,2018-09-17,Tuesday,True,False,5.0,3266790.0,241310.0,612115.0,-370805.0,-11.350744920855028,1426595.0,821300.0,605295.0,18.528739221070225,279945.0,487910.0,-207965.0,-6.366035159897024,40.88374245975474,Mid,Mid,23.35156487389851,Mid,Mid
2018-09-18,2018-09-24,Tuesday,False,False,5.0,3633540.0,215465.0,633210.0,-417745.0,-11.49691485438443,1490280.0,825475.0,664805.0,18.2963446115909,233915.0,443990.0,-210075.0,-5.781551875030962,49.62859011190054,Mid,Mid,22.59874811137492,Mid,Mid
2018-09-25,2018-10-01,Tuesday,False,False,5.0,2898170.0,121125.0,669500.0,-548375.0,-18.921422828888574,1559495.0,788375.0,771120.0,26.607134847162172,188625.0,437070.0,-248445.0,-8.572478495050325,65.251317017259,Mid,Mid,7.25366196421815,Low,Low
2018-10-02,2018-10-08,Tuesday,False,False,5.0,2952710.0,125995.0,680135.0,-554140.0,-18.767166433547487,1555295.0,787695.0,767600.0,25.996457491592466,203365.0,416240.0,-212875.0,-7.209478750029634,64.73406170326885,Mid,Mid,16.866655856440193,Low,Mid
2018-10-09,2018-10-15,Tuesday,False,False,5.0,3057900.0,154870.0,681475.0,-526605.0,-17.221132149514375,1466675.0,806720.0,659955.0,21.58196801726675,229325.0,389485.0,-160160.0,-5.237581346675823,48.91589457984027,Mid,Mid,31.11318307118534,Mid,Mid
2018-10-16,2018-10-22,Tuesday,False,False,5.0,3135805.0,230500.0,685900.0,-455400.0,-14.522586704211518,1319525.0,880590.0,438935.0,13.997522167354157,296850.0,316825.0,-19975.0,-0.6369975173838934,16.437550972425296,Low,Mid,68.99897302848494,Mid,Mid
2018-10-23,2018-10-29,Tuesday,False,False,5.0,3172735.0,280870.0,672635.0,-391765.0,-12.347863909213974,1245215.0,884885.0,360330.0,11.357078356685951,353580.0,390745.0,-37165.0,-1.1713868318658822,4.886740189415369,Low,Low,64.35327820117831,Mid,Mid
2018-10-30,2018-11-05,Tuesday,False,False,5.0,3255675.0,267520.0,664590.0,-397070.0,-12.196241946754514,1172155.0,893420.0,278735.0,8.561511821665245,390760.0,384155.0,6605.0,0.2028765156227203,0.0,Low,Low,76.1823685206205,Mid,Mid
2018-11-06,2018-11-12,Tuesday,False,False,5.0,3213615.0,265600.0,598765.0,-333165.0,-10.367296642566082,1212335.0,889260.0,323075.0,10.053320014998686,308725.0,381780.0,-73055.0,-2.273296583442634,6.083514553649217,Low,Low,54.65380249716232,Mid,Mid
2018-11-13,2018-11-19,Tuesday,False,False,5.0,3243395.0,268375.0,631875.0,-363500.0,-11.20739225410411,1258725.0,855570.0,403155.0,12.430030878138494,288220.0,399390.0,-111170.0,-3.4275812844257327,17.07061075248163,Low,Mid,44.35300794551646,Mid,Mid
2018-11-20,2018-11-26,Tuesday,False,False,5.0,3344920.0,281320.0,726005.0,-444685.0,-13.294338878059865,1229620.0,863925.0,365695.0,10.932847422359877,308555.0,345075.0,-36520.0,-1.091804886215515,11.93104252560523,Low,Mid,64.5275931030755,Mid,Mid
2018-11-27,2018-12-03,Tuesday,False,False,5.0,3335575.0,302930.0,692335.0,-389405.0,-11.674299033899702,1216055.0,846620.0,369435.0,11.075601657885072,325615.0,355940.0,-30325.0,-0.909138604288616,12.444176139286963,Low,Mid,66.20182692827414,Mid,Mid
2018-12-04,2018-12-10,Tuesday,True,False,5.0,3408275.0,288135.0,662900.0,-374765.0,-10.995738313369667,1213335.0,783665.0,429670.0,12.606670529813469,308595.0,385560.0,-76965.0,-2.258180457856247,20.708508551083547,Mid,Mid,53.597102859304904,Mid,Mid
2018-12-11,2018-12-17,Tuesday,True,False,5.0,3469275.0,309845.0,679335.0,-369490.0,-10.650352018793551,1164205.0,839410.0,324795.0,9.362042501675422,364310.0,343820.0,20490.0,0.5906133125797176,6.319501135342421,Low,Low,79.93486838549268,Mid,Mid
2018-12-18,2018-12-24,Tuesday,False,False,5.0,3549500.0,286385.0,758235.0,-471850.0,-13.293421608677278,1160920.0,841200.0,319720.0,9.007465840259192,402825.0,315660.0,87165.0,2.455697985631779,5.623203517846485,Low,Low,97.95416463974921,High,High
2018-12-24,2018-12-31,Monday,False,True,5.0,2943380.0,177220.0,922975.0,-745755.0,-25.336687753535053,1277120.0,763660.0,513460.0,17.444570527760604,443085.0,284200.0,158885.0,5.398045784098553,32.20462231856816,Mid,Mid,100.0,High,High
2018-12-31,2019-01-07,Monday,False,True,5.0,2878840.0,173610.0,865295.0,-691685.0,-24.026517625154575,1303550.0,702345.0,601205.0,20.883585055091633,299365.0,278075.0,21290.0,0.7395339789637493,44.24336802244617,Mid,Mid,68.30849667181059,Mid,Mid
2019-01-08,2019-01-14,Tuesday,False,True,5.0,2868710.0,156625.0,779485.0,-622860.0,-21.712198165726058,1308760.0,674190.0,634570.0,22.12039557850044,237995.0,273845.0,-35850.0,-1.2496906274945883,48.821096102791365,Mid,Mid,52.19232563277932,Mid,Mid
2019-01-15,2019-01-21,Tuesday,False,True,5.0,2929935.0,189125.0,694405.0,-505280.0,-17.245433772421574,1308785.0,676550.0,632235.0,21.57846505127247,227215.0,316285.0,-89070.0,-3.0399991808692,48.50073059799274,Mid,Mid,39.12675226474848,Mid,Mid
2019-01-22,2019-01-28,Tuesday,False,True,5.0,2975925.0,200090.0,661780.0,-461690.0,-15.514167863773448,1286735.0,656500.0,630235.0,21.17778505842721,256060.0,337885.0,-81825.0,-2.7495652612213006,52.95189888672963,Mid,Mid,40.905408391230694,Mid,Mid
2019-01-29,2019-02-04,Tuesday,False,False,5.0,2997215.0,197260.0,673620.0,-476360.0,-15.893421059216639,1254895.0,637310.0,617585.0,20.605295249089572,276455.0,323400.0,-46945.0,-1.5662873701085842,54.584994563247555,Mid,Mid,49.468489922176126,Mid,Mid
2019-02-05,2019-02-11,Tuesday,False,False,5.0,2962450.0,231395.0,516195.0,-284800.0,-9.613664365643302,1235080.0,652295.0,582785.0,19.67239953416935,229300.0,373495.0,-144195.0,-4.867423922766629,48.97909870726109,Mid,Mid,25.593499128470775,Mid,Mid
2019-02-12,2019-02-18,Tuesday,False,False,5.0,2957695.0,254990.0,489260.0,-234270.0,-7.920695000667751,1230530.0,684670.0,545860.0,18.45558788177956,210045.0,333845.0,-123800.0,-4.185691898589949,43.03088880834441,Mid,Mid,30.600495912405172,Mid,Mid
2019-02-19,2019-02-25,Tuesday,False,False,5.0,2946475.0,276550.0,476170.0,-199620.0,-6.774875062574772,1229375.0,692150.0,537225.0,18.23280360430684,196235.0,348595.0,-152360.0,-5.170924579370265,41.63988562683742,Mid,Mid,23.58898190656225,Mid,Mid
2019-02-26,2019-03-04,Tuesday,True,False,5.0,3015610.0,243325.0,521815.0,-278490.0,-9.23494748989425,1283045.0,652545.0,630500.0,20.90787601845066,209975.0,376885.0,-166910.0,-5.534866909182553,64.24168820140075,Mid,Mid,20.016939582156972,Mid,Mid
2019-03-05,2019-03-11,Tuesday,True,False,5.0,2855720.0,236160.0,515290.0,-279130.0,-9.774417659994677,1278395.0,638570.0,639825.0,22.40503270628773,233855.0,387310.0,-153455.0,-5.373601053324556,65.94468236647704,Mid,Mid,23.3201581027668,Mid,Mid
2019-03-12,2019-03-18,Tuesday,False,False,5.0,3101300.0,186470.0,537360.0,-350890.0,-11.314287556831006,1293240.0,609345.0,683895.0,22.05188146906136,218430.0,353130.0,-134700.0,-4.343339889723665,82.28520365161408,High,Mid,27.92453293398473,Mid,Mid
2019-03-19,2019-03-25,Tuesday,False,False,5.0,2600120.0,221090.0,624070.0,-402980.0,-15.498515453132933,1390480.0,626465.0,764015.0,29.383836130640123,202230.0,385790.0,-183560.0,-7.059674168884513,98.55702346740863,High,High,15.929344757322072,Low,Mid
2019-03-26,2019-04-01,Tuesday,False,False,5.0,2630290.0,238615.0,680460.0,-441845.0,-16.79833782586711,1357655.0,595375.0,762280.0,28.980834812891352,225250.0,348540.0,-123290.0,-4.687315847302009,98.20465692496725,High,High,30.72570151965237,Mid,Mid
2019-04-02,2019-04-08,Tuesday,False,False,5.0,2665580.0,264325.0,688875.0,-424550.0,-15.92711529948454,1373075.0,599530.0,773545.0,29.01976305344428,218045.0,384370.0,-166325.0,-6.2397301900524464,100.0,High,High,20.160557778705225,Mid,Mid
2019-04-09,2019-04-15,Tuesday,False,False,5.0,2700855.0,290775.0,714830.0,-424055.0,-15.700768830611048,1373085.0,579680.0,793405.0,29.376067948853233,226480.0,387615.0,-161135.0,-5.966073706289305,100.0,High,High,21.434708958338447,Mid,Mid
2019-04-16,2019-04-22,Tuesday,False,False,5.0,2795715.0,281380.0,761735.0,-480355.0,-17.181830050631056,1412435.0,578645.0,833790.0,29.823855435908165,234745.0,402725.0,-167980.0,-6.008480835850579,100.0,High,High,19.754253308128543,Low,Mid
2019-04-23,2019-04-29,Tuesday,False,False,5.0,2878585.0,288700.0,780310.0,-491610.0,-17.078182509809505,1410540.0,600325.0,810215.0,28.146294099357842,257035.0,378495.0,-121460.0,-4.219434201178704,95.75267315851582,High,High,31.17496869859819,Mid,Mid
2019-04-30,2019-05-06,Tuesday,False,False,5.0,2856080.0,271835.0,792405.0,-520570.0,-18.22673034368785,1410650.0,608390.0,802260.0,28.089549312344193,247930.0,335055.0,-87125.0,-3.0505097896417466,94.31948185314968,High,High,39.604252080622594,Mid,Mid
2019-05-07,2019-05-13,Tuesday,False,False,5.0,2843060.0,290960.0,746715.0,-455755.0,-16.03043903399858,1377160.0,607130.0,770030.0,27.084549745696542,241305.0,326440.0,-85135.0,-2.9944848156563704,88.5128500779202,High,Mid,40.09279945007733,Mid,Mid
2019-05-14,2019-05-20,Tuesday,False,False,5.0,2857715.0,287985.0,714380.0,-426395.0,-14.92083710237025,1344095.0,620800.0,723295.0,25.31025662111162,242920.0,370775.0,-127855.0,-4.474029075677596,80.09296376034807,High,Mid,29.604988584194636,Mid,Mid
2019-05-21,2019-05-27,Tuesday,False,False,5.0,2859215.0,282400.0,672835.0,-390435.0,-13.65532147809801,1341350.0,630845.0,710505.0,24.84965278931455,232380.0,375125.0,-142745.0,-4.992454222575078,77.78868760753438,Mid,Mid,25.9494758549579,Mid,Mid
2019-05-28,2019-06-03,Tuesday,False,False,5.0,2909290.0,283310.0,683720.0,-400410.0,-13.763151834296341,1348290.0,644665.0,703625.0,24.185454182979353,253095.0,371730.0,-118635.0,-4.077799050627473,76.5491708028934,Mid,Mid,31.868509562271374,Mid,Mid
2019-06-04,2019-06-10,Tuesday,True,False,5.0,2908390.0,259990.0,657000.0,-397010.0,-13.650507669191544,1368690.0,651325.0,717365.0,24.665364686304105,303100.0,374720.0,-71620.0,-2.4625308160184844,79.02460116565025,Mid,Mid,43.410748042128006,Mid,Mid
2019-06-11,2019-06-17,Tuesday,True,False,5.0,2934660.0,239910.0,644385.0,-404475.0,-13.782686921142485,1435700.0,625720.0,809980.0,27.600471604887787,233685.0,420880.0,-187195.0,-6.378762786830501,95.71033501184567,High,High,15.036947929197456,Low,Mid
2019-06-18,2019-06-24,Tuesday,False,False,5.0,3319565.0,245390.0,642580.0,-397190.0,-11.9651219361573,1447005.0,636110.0,810895.0,24.427748816486496,229655.0,444165.0,-214510.0,-6.461991254878274,95.87518354036987,High,High,8.331082905752094,Low,Low
2019-06-25,2019-07-01,Tuesday,False,False,5.0,2581250.0,174440.0,615135.0,-440695.0,-17.072929782082326,1518650.0,595660.0,922990.0,35.757481840193705,156460.0,388515.0,-232055.0,-8.990024213075062,100.0,High,High,4.0237645152578985,Low,Low
2019-07-02,2019-07-08,Tuesday,False,False,5.0,2662105.0,192990.0,625225.0,-432235.0,-16.236587211999527,1515615.0,602365.0,913250.0,34.305558946773324,178995.0,434395.0,-255400.0,-9.593911585005099,98.48817626560911,High,High,0.0,Low,Low
2019-07-09,2019-07-15,Tuesday,False,False,5.0,2693360.0,188505.0,617720.0,-429215.0,-15.936042712448392,1541920.0,620115.0,921805.0,34.225094305996976,163080.0,434130.0,-271050.0,-10.063637983782339,99.81606661958386,High,High,0.0,Low,Low
2019-07-16,2019-07-22,Tuesday,False,False,5.0,2784515.0,193650.0,685345.0,-491695.0,-17.658191821556,1585410.0,613000.0,972410.0,34.92206003558968,176465.0,443785.0,-267320.0,-9.6002355886034,100.0,High,High,0.8675730052217195,Low,Low
2019-07-23,2019-07-29,Tuesday,False,False,5.0,2788020.0,192600.0,682905.0,-490305.0,-17.586136397873762,1538955.0,629400.0,909555.0,32.623689930488304,184445.0,392460.0,-208015.0,-7.461029691322158,90.93884023498036,High,High,14.661518601649087,Low,Mid
2019-07-30,2019-08-05,Tuesday,False,False,5.0,2792940.0,208945.0,677300.0,-468355.0,-16.769246743574868,1530615.0,623340.0,907275.0,32.484586135040495,178705.0,393555.0,-214850.0,-7.692610654006173,90.61015605290662,High,High,13.071743403072558,Low,Mid
2019-08-06,2019-08-12,Tuesday,False,False,5.0,2745160.0,211085.0,571800.0,-360715.0,-13.14003555348322,1472535.0,684265.0,788270.0,28.71490186364365,167345.0,336320.0,-168975.0,-6.155378921447201,73.45442750567629,Mid,Mid,23.74196099410376,Mid,Mid
2019-08-13,2019-08-19,Tuesday,False,False,5.0,2705600.0,235525.0,525970.0,-290445.0,-10.73495712596097,1434840.0,675535.0,759305.0,28.064200177409816,125320.0,369095.0,-243775.0,-9.010016262566529,69.278840955779,Mid,Mid,6.343982229871957,Low,Low
2019-08-20,2019-08-26,Tuesday,False,False,5.0,2734810.0,253435.0,520935.0,-267500.0,-9.781301077588571,1410435.0,741975.0,668460.0,24.442648666634977,132885.0,334385.0,-201500.0,-7.367970718258307,56.182650376617296,Mid,Mid,16.17686394454976,Low,Mid
2019-08-27,2019-09-02,Tuesday,False,False,5.0,2774060.0,250315.0,490405.0,-240090.0,-8.654823615927558,1427145.0,708360.0,718785.0,25.910939201026657,127405.0,362960.0,-235555.0,-8.491344815901602,63.43748873752118,Mid,Mid,8.25589914754556,Low,Low
2019-09-03,2019-09-09,Tuesday,True,False,5.0,2806925.0,241530.0,449035.0,-207505.0,-7.3926093500895105,1413175.0,692610.0,720565.0,25.670974464939388,124435.0,394155.0,-269720.0,-9.609091799745272,63.694093055105064,Mid,Mid,0.30934908765278474,Low,Low
2019-09-10,2019-09-16,Tuesday,True,False,5.0,2914980.0,254725.0,531030.0,-276305.0,-9.478795737878134,1440300.0,661245.0,779055.0,26.72591235617397,156550.0,425500.0,-268950.0,-9.226478397793466,72.12599560312827,Mid,Mid,0.48844592787281804,Low,Low
2019-09-17,2019-09-23,Tuesday,False,False,5.0,3164145.0,254405.0,567050.0,-312645.0,-9.88086829143418,1379675.0,660505.0,719170.0,22.728730826178953,181160.0,392410.0,-211250.0,-6.676369129733309,63.49299023317836,Mid,Mid,13.90907927942596,Low,Mid
2019-09-24,2019-09-30,Tuesday,False,False,5.0,2560100.0,192335.0,598320.0,-405985.0,-15.858169602749891,1459930.0,640570.0,819360.0,32.004999804695125,143745.0,336240.0,-192495.0,-7.519042224913089,77.93635347965547,Mid,Mid,18.2713666019282,Low,Mid
2019-10-01,2019-10-07,Tuesday,False,False,5.0,2575700.0,213310.0,598075.0,-384765.0,-14.938269208370539,1426555.0,655225.0,771330.0,29.9464223317933,132570.0,316855.0,-184285.0,-7.154754047443414,71.01236169676001,Mid,Mid,20.18095758661193,Mid,Mid
2019-10-08,2019-10-14,Tuesday,False,False,5.0,2589455.0,240545.0,591355.0,-350810.0,-13.547638402675465,1369650.0,659155.0,710495.0,27.438013018183362,153980.0,307600.0,-153620.0,-5.932522480599199,62.24240458427938,Mid,Mid,27.313431100050007,Mid,Mid
2019-10-15,2019-10-21,Tuesday,False,False,5.0,2633235.0,251445.0,584625.0,-333180.0,-12.65287754416146,1398660.0,635025.0,763635.0,28.999880375279837,149090.0,370855.0,-221765.0,-8.42177018002571,69.90305258226115,Mid,Mid,11.463360740577064,Low,Mid
2019-10-22,2019-10-28,Tuesday,False,False,5.0,2639010.0,253050.0,576520.0,-323470.0,-12.257247983145195,1405595.0,617820.0,787775.0,29.851156304826432,164075.0,391115.0,-227040.0,-8.603226209828687,73.38306843983133,Mid,Mid,10.236431088420343,Low,Mid
2019-10-29,2019-11-04,Tuesday,False,False,5.0,2732810.0,269705.0,640775.0,-371070.0,-13.578331461023636,1427155.0,586390.0,840765.0,30.76558560602457,170925.0,420380.0,-249455.0,-9.128150145820602,79.83039421471142,Mid,Mid,5.022852291625479,Low,Low
2019-11-05,2019-11-11,Tuesday,False,False,5.0,2791475.0,277705.0,650370.0,-372665.0,-13.350110604608675,1429245.0,559430.0,869815.0,31.15969156091314,184890.0,462915.0,-278025.0,-9.959788283971735,84.2812054727359,High,Mid,0.0,Low,Low
2019-11-12,2019-11-18,Tuesday,False,False,5.0,2872120.0,275330.0,682895.0,-407565.0,-14.1903889809618,1456650.0,533750.0,922900.0,32.13305850730471,181965.0,466295.0,-284330.0,-9.899656003231062,92.41446934992109,High,High,0.0,Low,Low
2019-11-19,2019-11-25,Tuesday,False,False,5.0,2929815.0,285645.0,689150.0,-403505.0,-13.772371293067993,1447970.0,540470.0,907500.0,30.974651983145694,181925.0,469975.0,-288050.0,-9.831678792005638,90.05500314084787,High,High,0.0,Low,Low
2019-11-26,2019-12-02,Tuesday,False,False,5.0,3028110.0,308795.0,744690.0,-435895.0,-14.394952627216318,1455270.0,548965.0,906305.0,29.929725142085328,201375.0,497415.0,-296040.0,-9.776395177189732,89.87191469150744,High,Mid,0.0,Low,Low
2019-12-03,2019-12-09,Tuesday,True,False,5.0,3032815.0,296750.0,746715.0,-449965.0,-14.836546244990215,1430935.0,580470.0,850465.0,28.042099501618132,207910.0,443530.0,-235620.0,-7.769019870977953,81.31655150224456,High,Mid,13.28131010606144,Low,Mid
2019-12-10,2019-12-16,Tuesday,True,False,5.0,3110700.0,276285.0,750730.0,-474445.0,-15.252033304400939,1436355.0,539950.0,896405.0,28.816825794837175,211420.0,455590.0,-244170.0,-7.849358665252194,88.35511498567466,High,Mid,11.401879430675386,Low,Mid
2019-12-17,2019-12-23,Tuesday,False,False,5.0,3375650.0,256880.0,829980.0,-573100.0,-16.97747100558411,1411960.0,527850.0,884110.0,26.190807696295526,299130.0,476500.0,-177370.0,-5.25439544976523,80.7604314195446,High,Mid,26.085618508545366,Mid,Mid
2019-12-24,2019-12-30,Tuesday,False,False,5.0,2784900.0,248765.0,926200.0,-677435.0,-24.3252899565514,1547505.0,490990.0,1056515.0,37.93726884268735,258515.0,468190.0,-209675.0,-7.52899565514022,100.0,High,High,27.216147228437272,Mid,Mid
2019-12-31,2020-01-06,Tuesday,False,False,5.0,2834640.0,215960.0,875010.0,-659050.0,-23.24986594417633,1520630.0,507675.0,1012955.0,35.73487285863461,277410.0,479430.0,-202020.0,-7.126830920328507,91.61162356294172,High,High,36.13513201890926,Mid,Mid
2020-01-07,2020-01-13,Tuesday,False,False,5.0,2838065.0,211415.0,844230.0,-632815.0,-22.29741038348311,1520680.0,503950.0,1016730.0,35.82476088461681,287020.0,491315.0,-204295.0,-7.1983904526499565,92.33857767336171,High,High,36.83132941247315,Mid,Mid
2020-01-14,2020-01-20,Tuesday,False,False,5.0,2841555.0,166980.0,881020.0,-714040.0,-25.128494785425588,1567355.0,488250.0,1079105.0,37.97586180805932,257755.0,486160.0,-228405.0,-8.038028473846186,100.0,High,High,27.15229129448604,Mid,Mid
2020-01-21,2020-01-27,Tuesday,False,False,5.0,2939440.0,188170.0,918675.0,-730505.0,-24.85184252782843,1584880.0,498725.0,1086155.0,36.951085921127834,271410.0,513415.0,-242005.0,-8.233030781373323,100.0,High,High,21.69252694755013,Mid,Mid
2020-01-28,2020-02-03,Tuesday,False,False,5.0,2916850.0,180770.0,938320.0,-757550.0,-25.9715103622058,1544380.0,508505.0,1035875.0,35.513482009702244,272255.0,486735.0,-214480.0,-7.353137802766684,90.84036215910955,High,High,36.342571963283135,Mid,Mid
2020-02-04,2020-02-10,Tuesday,False,False,5.0,2877245.0,178340.0,954730.0,-776390.0,-26.983798738028913,1527460.0,479615.0,1047845.0,36.418344631757115,247740.0,463080.0,-215340.0,-7.484242739148039,93.02096806514491,High,High,35.959361910703144,Mid,Mid
2020-02-11,2020-02-17,Tuesday,False,False,5.0,2981880.0,203020.0,960450.0,-757430.0,-25.40108924571076,1553225.0,461165.0,1092060.0,36.62320415308463,254800.0,526160.0,-271360.0,-9.100299140139779,100.0,High,High,10.99723732287675,Low,Mid
2020-02-18,2020-02-24,Tuesday,False,False,5.0,3036580.0,189980.0,978110.0,-788130.0,-25.954527791133447,1570935.0,456775.0,1114160.0,36.69127768739832,270875.0,489495.0,-218620.0,-7.19954685863702,100.0,High,High,34.49781659388647,Mid,Mid
2020-02-25,2020-03-02,Tuesday,False,False,5.0,3089110.0,217410.0,938990.0,-721580.0,-23.358831508104274,1429605.0,545240.0,884365.0,28.628472278423235,279320.0,377060.0,-97740.0,-3.1640181152500237,51.55428125691758,Mid,Mid,88.36110863559398,High,Mid
2020-03-03,2020-03-09,Tuesday,True,False,5.0,3439200.0,218360.0,794660.0,-576300.0,-16.756803907885555,1331045.0,681000.0,650045.0,18.901052570365202,360905.0,411840.0,-50935.0,-1.4810130262851826,0.0,Low,Low,100.0,High,High
2020-03-10,2020-03-16,Tuesday,True,False,5.0,3917245.0,277845.0,667450.0,-389605.0,-9.945893095785431,1433750.0,891370.0,542380.0,13.84595551210098,337120.0,440335.0,-103215.0,-2.634887529373322,0.0,Low,Low,78.67036576161237,Mid,Mid
2020-03-17,2020-03-23,Tuesday,False,False,5.0,5123685.0,246590.0,785775.0,-539185.0,-10.523383072925053,1370155.0,1033255.0,336900.0,6.575345674060759,444270.0,402455.0,41815.0,0.8161118413797882,0.0,Low,Low,100.0,High,High
2020-03-24,2020-03-30,Tuesday,False,False,5.0,3476550.0,374460.0,686550.0,-312090.0,-8.977003063381801,1441230.0,1099885.0,341345.0,9.818498223813839,352345.0,356145.0,-3800.0,-0.10930376378881362,0.5718807091578108,Low,Low,86.49864586878986,High,Mid
2020-03-31,2020-04-06,Tuesday,False,False,5.0,3770415.0,444305.0,502055.0,-57750.0,-1.5316616340641547,1529455.0,1048015.0,481440.0,12.768886183616393,327600.0,449190.0,-121590.0,-3.224843949538711,18.596093971129353,Low,Mid,51.634576963490254,Mid,Mid
2020-04-07,2020-04-13,Tuesday,False,False,5.0,3860670.0,444780.0,480850.0,-36070.0,-0.9342937883838816,1486475.0,1032205.0,454270.0,11.766610458806372,319130.0,451470.0,-132340.0,-3.4279024107214546,15.100481177469572,Low,Mid,48.45273860087907,Mid,Mid
2020-04-14,2020-04-20,Tuesday,False,False,5.0,3886445.0,485955.0,485270.0,685.0,0.01762536199534536,1508605.0,924685.0,583920.0,15.024527556674544,293420.0,526590.0,-233170.0,-5.999570301393691,31.78087126572833,Mid,Mid,18.608574684406033,Low,Mid
2020-04-21,2020-04-27,Tuesday,False,False,5.0,3871695.0,476905.0,503570.0,-26665.0,-0.6887164407320308,1507160.0,943920.0,563240.0,14.547633530017215,289110.0,472105.0,-182995.0,-4.72648284536876,29.120242904562183,Mid,Mid,33.459620251291234,Mid,Mid
2020-04-28,2020-05-04,Tuesday,False,False,5.0,3824955.0,487045.0,470245.0,16800.0,0.4392208535786695,1499015.0,907360.0,591655.0,15.468286555005223,254450.0,515660.0,-261210.0,-6.829099950195492,32.77603375961712,Mid,Mid,10.309156294860221,Low,Mid
2020-05-05,2020-05-11,Tuesday,False,False,5.0,3754565.0,535010.0,379150.0,155860.0,4.151213256395881,1400530.0,908005.0,492525.0,13.118030983615943,252740.0,516280.0,-263540.0,-7.019188641027656,20.02225767439467,Mid,Mid,9.619511328824496,Low,Low
2020-05-12,2020-05-18,Tuesday,False,False,5.0,3766230.0,523775.0,364020.0,159755.0,4.241774931430104,1414355.0,893065.0,521290.0,13.841162117024187,246940.0,523605.0,-276665.0,-7.345940104560794,23.723078506548646,Mid,Mid,5.734708676799219,Low,Low
2020-05-19,2020-05-25,Tuesday,False,False,5.0,3740100.0,560570.0,355055.0,205515.0,5.494906553300714,1374695.0,893915.0,480780.0,12.854736504371541,229440.0,541865.0,-312425.0,-8.353386273094303,18.511180300028304,Low,Mid,0.0,Low,Low
2020-05-26,2020-06-01,Tuesday,False,False,5.0,3744115.0,564835.0,359050.0,205785.0,5.496225409743023,1371250.0,827550.0,543700.0,14.521455671099845,223040.0,598625.0,-375585.0,-10.031342520195025,26.60628361166148,Mid,Mid,0.0,Low,Low
2020-06-02,2020-06-08,Tuesday,True,False,5.0,3754150.0,584915.0,339320.0,245595.0,6.5419602306780495,1320595.0,800735.0,519860.0,13.847608646431283,255280.0,632525.0,-377245.0,-10.048746054366502,23.53909888582971,Mid,Mid,0.0,Low,Low
2020-06-09,2020-06-15,Tuesday,True,False,5.0,3834440.0,528105.0,362625.0,165480.0,4.31562366342934,1316285.0,725955.0,590330.0,15.395468438676835,262725.0,645895.0,-383170.0,-9.992854236863792,32.605563132027896,Mid,Mid,0.0,Low,Low
2020-06-16,2020-06-22,Tuesday,False,False,5.0,4060440.0,506580.0,312875.0,193705.0,4.770542108736984,1294195.0,777280.0,516915.0,12.730516889795195,246185.0,643455.0,-397270.0,-9.783915043689847,23.160203792810645,Mid,Mid,0.0,Low,Low
2020-06-23,2020-06-29,Tuesday,False,False,5.0,2603270.0,439860.0,213330.0,226530.0,8.701748185935381,1268365.0,819360.0,449005.0,17.24773073864793,160540.0,512240.0,-351700.0,-13.509931739696611,14.423101664822582,Low,Mid,10.378400537481353,Low,Mid
2020-06-30,2020-07-06,Tuesday,False,False,5.0,2692435.0,436610.0,237170.0,199440.0,7.407421163370703,1223365.0,827550.0,395815.0,14.701004852484834,218850.0,504715.0,-285865.0,-10.617340808598907,7.579831716542727,Low,Low,25.372080576653723,Mid,Mid
2020-07-07,2020-07-13,Tuesday,False,False,5.0,2668790.0,420595.0,223870.0,196725.0,7.371318087972452,1222615.0,787030.0,435585.0,16.32144155216409,206255.0,498280.0,-292025.0,-10.942224753539993,12.696523685767955,Low,Mid,23.969163146087887,Mid,Mid
2020-07-14,2020-07-20,Tuesday,False,False,5.0,2684530.0,412740.0,244275.0,168465.0,6.275400163157052,1235180.0,744900.0,490280.0,18.263159659232713,205110.0,521975.0,-316865.0,-11.803369677373693,19.733422535573684,Low,Mid,18.31194415659838,Low,Mid
2020-07-21,2020-07-27,Tuesday,False,False,5.0,2710690.0,412735.0,270215.0,142520.0,5.25770191353493,1218305.0,717835.0,500470.0,18.46282680793451,212500.0,524575.0,-312075.0,-11.512751365888391,21.04443815454288,Mid,Mid,19.402849106664995,Low,Mid
2020-07-28,2020-08-03,Tuesday,False,False,5.0,2758955.0,393625.0,373705.0,19920.0,0.7220125011100217,1263950.0,719015.0,544935.0,19.751500115079804,226640.0,472530.0,-245890.0,-8.912432424595544,26.765175102282377,Mid,Mid,34.47624036348315,Mid,Mid
2020-08-04,2020-08-10,Tuesday,False,False,5.0,2796385.0,427165.0,367515.0,59650.0,2.133111141706167,1299520.0,687400.0,612120.0,21.889689724412055,202635.0,538130.0,-335495.0,-11.99745385560286,35.40900084913671,Mid,Mid,14.069029914481252,Low,Mid
2020-08-11,2020-08-17,Tuesday,False,False,5.0,2832540.0,434915.0,406815.0,28100.0,0.9920424777761302,1306920.0,636270.0,670650.0,23.67662945624775,205915.0,540315.0,-334400.0,-11.805658525563627,42.9392995908705,Mid,Mid,14.318412152544497,Low,Mid
2020-08-18,2020-08-24,Tuesday,False,False,5.0,2874170.0,428030.0,431275.0,-3245.0,-0.11290215957998309,1314515.0,635475.0,679040.0,23.625603217624565,213605.0,528180.0,-314575.0,-10.944898875153521,44.018732470473196,Mid,Mid,18.833483266337954,Low,Mid
2020-08-25,2020-08-31,Tuesday,False,False,5.0,2897370.0,427405.0,427515.0,-110.0,-0.0037965465232262362,1342050.0,628435.0,713615.0,24.629750428837184,217035.0,547405.0,-330370.0,-11.40240977162047,48.467050922471245,Mid,Mid,15.236229887151689,Low,Mid
2020-09-01,2020-09-07,Tuesday,True,False,5.0,2952190.0,426745.0,422840.0,3905.0,0.13227468421747923,1313110.0,626795.0,686315.0,23.24765682425589,246050.0,548435.0,-302385.0,-10.24273505431561,44.95471270874611,Mid,Mid,21.609711103772618,Mid,Mid
2020-09-08,2020-09-14,Tuesday,True,False,5.0,2888355.0,403890.0,457925.0,-54035.0,-1.8707880437134634,1245755.0,632980.0,612775.0,21.21536306998274,252710.0,455915.0,-203205.0,-7.035319411914394,35.49327123485063,Mid,Mid,44.197592721227096,Mid,Mid
2020-09-15,2020-09-21,Tuesday,False,False,5.0,3101940.0,346115.0,502945.0,-156830.0,-5.055868263086971,1263830.0,639450.0,624380.0,20.128693656228037,217855.0,438565.0,-220710.0,-7.115224665854273,36.98633661837737,Mid,Mid,40.21089310725714,Mid,Mid
2020-09-22,2020-09-28,Tuesday,False,False,5.0,2510865.0,301785.0,528850.0,-227065.0,-9.043297827641073,1317685.0,660555.0,657130.0,26.171458839881872,163200.0,344140.0,-180940.0,-7.206281500598399,41.19985590407328,Mid,Mid,49.26836489517975,Mid,Mid
2020-09-29,2020-10-05,Tuesday,False,False,5.0,2510045.0,300700.0,501885.0,-201185.0,-8.015194946704144,1264925.0,673780.0,591145.0,23.55117139334155,179655.0,358720.0,-179065.0,-7.13393584577169,32.71041865012994,Mid,Mid,49.695389275425036,Mid,Mid
2020-10-06,2020-10-12,Tuesday,False,False,5.0,2535925.0,312615.0,470895.0,-158280.0,-6.241509508364798,1218975.0,631800.0,587175.0,23.154273095616,199585.0,365765.0,-166180.0,-6.553032916982955,32.1996500527494,Mid,Mid,52.629900816470624,Mid,Mid
2020-10-13,2020-10-19,Tuesday,False,False,5.0,2549270.0,294880.0,462535.0,-167655.0,-6.5765885920283065,1240090.0,574055.0,666035.0,26.126498958525378,183770.0,414345.0,-230575.0,-9.04474614301349,42.34554717855029,Mid,Mid,37.96417550132662,Mid,Mid
2020-10-20,2020-10-26,Tuesday,False,False,5.0,2515800.0,282320.0,478715.0,-196395.0,-7.806463152873837,1226270.0,593465.0,632805.0,25.15323157643692,193950.0,382790.0,-188840.0,-7.506161062087606,38.07027249568999,Mid,Mid,47.46916883974629,Mid,Mid
2020-10-27,2020-11-02,Tuesday,False,False,5.0,2501195.0,273905.0,494240.0,-220335.0,-8.809189207558788,1192115.0,587200.0,604915.0,24.18503955109458,211365.0,377675.0,-166310.0,-6.649221672040764,34.48202660628361,Mid,Mid,52.60029379277361,Mid,Mid
2020-11-03,2020-11-09,Tuesday,False,False,5.0,2481620.0,281385.0,480965.0,-199580.0,-8.042327189497184,1173390.0,612370.0,561020.0,22.607006713356597,197005.0,369185.0,-172180.0,-6.9382097178456,28.834624192676838,Mid,Mid,51.263422799685706,Mid,Mid
2020-11-10,2020-11-16,Tuesday,False,False,5.0,2585325.0,280525.0,545610.0,-265085.0,-10.253449759701391,1194250.0,554725.0,639525.0,24.73673522671231,205240.0,360400.0,-155160.0,-6.001566534188158,38.93484805599156,Mid,Mid,55.13966544063222,Mid,Mid
2020-11-17,2020-11-23,Tuesday,False,False,5.0,2674115.0,287355.0,572900.0,-285545.0,-10.678112197867332,1211610.0,551375.0,660235.0,24.68985066087285,234865.0,393305.0,-158440.0,-5.924950871596772,41.599336129480484,Mid,Mid,54.39265745812314,Mid,Mid
2020-11-24,2020-11-30,Tuesday,False,False,5.0,2691845.0,282350.0,552935.0,-270585.0,-10.052027512728259,1233470.0,538060.0,695410.0,25.833954035243483,232565.0,417100.0,-184535.0,-6.855335281191896,46.124848827934024,Mid,Mid,48.44961681678946,Mid,Mid
2020-12-01,2020-12-07,Tuesday,True,False,5.0,2780045.0,305445.0,626390.0,-320945.0,-11.544597299683998,1243745.0,535890.0,707855.0,25.4619979172999,255130.0,413105.0,-157975.0,-5.682461974536383,47.725986156498465,Mid,Mid,54.49855950442397,Mid,Mid
2020-12-08,2020-12-14,Tuesday,True,False,5.0,2890500.0,303270.0,655855.0,-352585.0,-12.198062618924062,1281665.0,524445.0,757220.0,26.1968517557516,263425.0,435915.0,-172490.0,-5.967479674796748,54.07714278362453,Mid,Mid,51.19282143548516,Mid,Mid
2020-12-15,2020-12-21,Tuesday,False,False,5.0,3189160.0,311110.0,719800.0,-408690.0,-12.814973221788808,1287790.0,533535.0,754255.0,23.65058510705013,282835.0,414010.0,-131175.0,-4.1131520525781085,53.695674549056946,Mid,Mid,60.60216131272988,Mid,Mid
2020-12-21,2020-12-28,Monday,False,False,5.0,2475910.0,256870.0,665560.0,-408690.0,-16.50665815801059,1288750.0,535165.0,753585.0,30.436687924843795,237455.0,386565.0,-149110.0,-6.022432156257699,53.609474307181635,Mid,Mid,56.517530774223665,Mid,Mid
2020-12-29,2021-01-04,Tuesday,False,False,5.0,2532820.0,250435.0,648980.0,-398545.0,-15.735227927764312,1298685.0,526945.0,771740.0,30.46959515480768,235155.0,414355.0,-179200.0,-7.075117852828074,55.94524354784757,Mid,Mid,49.66464352004737,Mid,Mid
2021-01-05,2021-01-11,Tuesday,False,False,5.0,2615615.0,283965.0,677085.0,-393120.0,-15.029734880706833,1322330.0,535710.0,786620.0,30.073997893420856,239365.0,431200.0,-191835.0,-7.334221588421844,57.85966085994391,Mid,Mid,46.78706856303449,Mid,Mid
2021-01-12,2021-01-18,Tuesday,False,False,5.0,2658325.0,293805.0,727220.0,-433415.0,-16.30406364910235,1312800.0,500375.0,812425.0,30.561537810463356,258505.0,440485.0,-181980.0,-6.845664092990887,61.17965674291743,Mid,Mid,49.0315087056037,Mid,Mid
2021-01-19,2021-01-25,Tuesday,False,False,5.0,2676140.0,301710.0,756225.0,-454515.0,-16.98397692198465,1343370.0,502795.0,840575.0,31.409978551196872,245535.0,429990.0,-184455.0,-6.892576621551936,64.80135347245451,Mid,Mid,48.46783652367993,Mid,Mid
2021-01-26,2021-02-01,Tuesday,False,False,5.0,2699510.0,384445.0,769055.0,-384610.0,-14.247400454156494,1315435.0,478930.0,836505.0,30.98729028601487,245635.0,465010.0,-219375.0,-8.126474804686778,64.2777191673314,Mid,Mid,40.51493446599178,Mid,Mid
2021-02-02,2021-02-08,Tuesday,False,False,5.0,2750605.0,403475.0,767750.0,-364275.0,-13.243450077346619,1249500.0,496885.0,752615.0,27.361798586129233,283315.0,477670.0,-194355.0,-7.065900047444108,53.48467694207858,Mid,Mid,46.21314779598483,Mid,Mid
2021-02-09,2021-02-15,Tuesday,False,False,5.0,2736285.0,402755.0,770440.0,-367685.0,-13.437379512733505,1240845.0,440000.0,800845.0,29.267601876266543,270635.0,481710.0,-211075.0,-7.713925998205597,59.68980778632632,Mid,Mid,42.40522905587756,Mid,Mid
2021-02-16,2021-02-22,Tuesday,False,False,5.0,2761855.0,403680.0,774175.0,-370495.0,-13.414715834104252,1259390.0,438035.0,821355.0,29.739251336511145,264840.0,531865.0,-267025.0,-9.66832074819279,88.49058843944361,High,Mid,29.662821549358327,Mid,Mid
2021-02-23,2021-03-01,Tuesday,False,False,5.0,2783245.0,390570.0,832880.0,-442310.0,-15.89188159863756,1261540.0,452335.0,809205.0,29.07415624567726,294675.0,494175.0,-199500.0,-7.167892154661196,93.77177743584653,High,High,45.04139289659177,Mid,Mid
2021-03-02,2021-03-08,Tuesday,True,False,5.0,2924200.0,430635.0,845460.0,-414825.0,-14.185931194856712,1184255.0,469175.0,715080.0,24.453867724505848,331585.0,458560.0,-126975.0,-4.342213254907325,75.08413163250111,Mid,Mid,61.55869592447931,Mid,Mid
2021-03-09,2021-03-15,Tuesday,True,False,5.0,2928145.0,427925.0,853545.0,-425620.0,-14.535482361699984,1156115.0,480935.0,675180.0,23.05828434042713,344800.0,420860.0,-76060.0,-2.59754896017786,67.16235667841366,Mid,Mid,73.15440062857988,Mid,Mid
2021-03-16,2021-03-22,Tuesday,False,False,5.0,3219490.0,452545.0,831245.0,-378700.0,-11.762732606717213,1142220.0,465720.0,676500.0,21.01264485990017,322180.0,432820.0,-110640.0,-3.4365691460448704,67.1343869559121,Mid,Mid,72.8467227488754,Mid,Mid
2021-03-23,2021-03-29,Tuesday,False,False,5.0,2540185.0,387460.0,792240.0,-404780.0,-15.935059848003197,1203860.0,467460.0,736400.0,28.990014506817417,192805.0,394315.0,-201510.0,-7.932886777931529,76.57725514884433,Mid,Mid,60.94455340742816,Mid,Mid
2021-03-30,2021-04-05,Tuesday,False,False,5.0,2645115.0,366020.0,768275.0,-402255.0,-15.207467350190823,1219955.0,450895.0,769060.0,29.074728319940725,217415.0,415455.0,-198040.0,-7.487009071439238,83.92054141559493,High,Mid,62.02484356028766,Mid,Mid
2021-04-06,2021-04-12,Tuesday,False,False,5.0,2747220.0,380970.0,740830.0,-359860.0,-13.099060140796878,1249030.0,448370.0,800660.0,29.144371400907097,216120.0,464920.0,-248800.0,-9.056427952621195,91.02549689720298,High,High,46.22209769309797,Mid,Mid
2021-04-13,2021-04-19,Tuesday,False,False,5.0,2803180.0,355295.0,741940.0,-386645.0,-13.793084996325602,1258255.0,438715.0,819540.0,29.236081878438057,221425.0,477380.0,-255955.0,-9.130879929223239,95.27048295710046,High,High,43.99458298309517,Mid,Mid
2021-04-20,2021-04-26,Tuesday,False,False,5.0,2849120.0,316085.0,771250.0,-455165.0,-15.975634581905993,1274120.0,436410.0,837710.0,29.402411972819674,234450.0,464915.0,-230465.0,-8.088988880777222,99.35583235902509,High,High,51.93020142585847,Mid,Mid
2021-04-27,2021-05-03,Tuesday,False,False,5.0,2905585.0,304100.0,757115.0,-453015.0,-15.591180433544363,1274415.0,431985.0,842430.0,28.993472915092827,235930.0,461065.0,-225135.0,-7.748353601770383,100.0,High,High,53.589552006475515,Mid,Mid
2021-05-04,2021-05-10,Tuesday,False,False,5.0,2892850.0,279900.0,782105.0,-502205.0,-17.360215704236307,1305695.0,421615.0,884080.0,30.560865582384157,230215.0,463925.0,-233710.0,-8.078884145392951,100.0,High,High,50.919958905388995,Mid,Mid
2021-05-11,2021-05-17,Tuesday,False,False,5.0,2842985.0,251430.0,795805.0,-544375.0,-19.148008167471865,1285070.0,420490.0,864580.0,30.41099407840703,239950.0,422935.0,-182985.0,-6.43636881657835,96.0062670885687,High,High,66.7118084742069,Mid,Mid
2021-05-18,2021-05-24,Tuesday,False,False,5.0,2806475.0,226225.0,773745.0,-547520.0,-19.50917075691036,1259675.0,425600.0,834075.0,29.719666129219036,243195.0,408125.0,-164930.0,-5.8767671188946995,89.75863516737837,High,Mid,72.33274181999315,Mid,Mid
2021-05-25,2021-05-31,Tuesday,False,False,5.0,2940490.0,237915.0,807690.0,-569775.0,-19.376872562055983,1287070.0,437095.0,849975.0,28.905896636274907,260765.0,387710.0,-126945.0,-4.317137619920489,93.01506354131466,High,High,84.15833878148253,High,Mid
2021-06-01,2021-06-07,Tuesday,True,False,5.0,2970920.0,234645.0,796235.0,-561590.0,-18.90289876536561,1271270.0,413490.0,857780.0,28.8725377997388,272345.0,401595.0,-129250.0,-4.3505042209147335,94.61358073996703,High,High,83.44073970299803,High,Mid
2021-06-08,2021-06-14,Tuesday,True,False,5.0,3033860.0,222460.0,796310.0,-573850.0,-18.914847751709043,1294140.0,422440.0,871700.0,28.732373939469852,266785.0,365155.0,-98370.0,-3.2424040661072033,97.46449161828106,High,High,93.05438809501571,High,High
2021-06-15,2021-06-21,Tuesday,False,False,5.0,3332595.0,216535.0,833600.0,-617065.0,-18.516051305364137,1362910.0,407605.0,955305.0,28.6654994081189,251165.0,390075.0,-138910.0,-4.168223261452412,100.0,High,High,77.1985198084458,Mid,Mid
2021-06-22,2021-06-28,Tuesday,False,False,5.0,2599200.0,167285.0,765715.0,-598430.0,-23.023622653124036,1378020.0,409805.0,968215.0,37.250500153893505,172305.0,361745.0,-189440.0,-7.2883964296706685,100.0,High,High,56.29733844700985,Mid,Mid
2021-06-29,2021-07-05,Tuesday,False,False,5.0,2633885.0,170645.0,747775.0,-577130.0,-21.911738743339214,1351125.0,384470.0,966655.0,36.70072915104494,194900.0,395340.0,-200440.0,-7.610051312035264,99.70711375626607,High,High,52.05735540694201,Mid,Mid
2021-07-06,2021-07-12,Tuesday,False,False,5.0,2675830.0,185850.0,743515.0,-557665.0,-20.840823221206133,1358115.0,396745.0,961370.0,35.92791769282802,209880.0,412840.0,-202960.0,-7.584936262767067,98.56779687614424,High,High,51.086013837762835,Mid,Mid
2021-07-13,2021-07-19,Tuesday,False,False,5.0,2715150.0,191150.0,758840.0,-567690.0,-20.9082371139716,1362435.0,394280.0,968155.0,35.65751431780933,209915.0,403515.0,-193600.0,-7.130361121853304,99.98717249783536,High,High,54.693853951856916,Mid,Mid
2021-07-20,2021-07-26,Tuesday,False,False,5.0,2756185.0,198460.0,787330.0,-588870.0,-21.36540181446456,1359510.0,414935.0,944575.0,34.271102991998,219785.0,390800.0,-171015.0,-6.204772176033177,94.41504441504442,High,High,63.39931003912348,Mid,Mid
2021-07-27,2021-08-02,Tuesday,False,False,5.0,2802285.0,183025.0,757820.0,-574795.0,-20.51165388245664,1321775.0,401315.0,920460.0,32.846766121218934,200175.0,389790.0,-189615.0,-6.766442385410477,88.2722037353111,High,Mid,56.229884171372404,Mid,Mid
2021-08-03,2021-08-09,Tuesday,False,False,5.0,2844410.0,176590.0,735480.0,-558890.0,-19.648714496152103,1308025.0,399085.0,908940.0,31.95530883381791,220570.0,399275.0,-178705.0,-6.282673735502266,85.44309237588871,High,Mid,60.2674769683363,Mid,Mid
2021-08-10,2021-08-16,Tuesday,False,False,5.0,2865925.0,174120.0,726505.0,-552385.0,-19.27423083297714,1303530.0,379005.0,924525.0,32.25921822797177,219880.0,402730.0,-182850.0,-6.380139047602432,89.27049693635726,High,Mid,58.00794306161771,Mid,Mid
2021-08-17,2021-08-23,Tuesday,False,False,5.0,2906875.0,180195.0,720820.0,-540625.0,-18.598150935282735,1305870.0,395940.0,909930.0,31.30268759406579,209440.0,370175.0,-160735.0,-5.52947753171361,85.68621913333907,High,Mid,66.70402264952223,Mid,Mid
2021-08-24,2021-08-30,Tuesday,False,False,5.0,2961740.0,192725.0,704660.0,-511935.0,-17.28494060923646,1288240.0,402455.0,885785.0,29.907588106991163,224585.0,374995.0,-150410.0,-5.07843362347809,79.75662765996636,Mid,Mid,67.14901137744394,Mid,Mid
2021-08-31,2021-09-06,Tuesday,True,False,5.0,3006465.0,199455.0,728840.0,-529385.0,-17.608220950518298,1294605.0,382880.0,911725.0,30.32548191979617,206745.0,366485.0,-159740.0,-5.313216684711114,86.1270398703324,High,Mid,56.180451915272435,Mid,Mid
2021-09-07,2021-09-13,Tuesday,True,False,5.0,3055760.0,209220.0,761075.0,-551855.0,-18.059500746131896,1294225.0,371920.0,922305.0,30.182507788569783,219525.0,360290.0,-140765.0,-4.606546325627667,88.72530360146858,High,Mid,66.11682769093812,Mid,Mid
2021-09-14,2021-09-20,Tuesday,False,False,5.0,3279625.0,206915.0,761130.0,-554215.0,-16.898730800015247,1243105.0,374580.0,868525.0,26.482448450661277,226265.0,320625.0,-94360.0,-2.8771582116857872,75.51787227249844,Mid,Mid,90.41709213730265,High,High
2021-09-21,2021-09-27,Tuesday,False,False,5.0,2453180.0,184740.0,739100.0,-554360.0,-22.59760800267408,1240435.0,384360.0,856075.0,34.89654244694641,194700.0,320545.0,-125845.0,-5.1298722474502485,72.46036911062268,Mid,Mid,73.92977770795696,Mid,Mid
2021-09-28,2021-10-04,Tuesday,False,False,5.0,2457375.0,185610.0,735195.0,-549585.0,-22.364718449565085,1191635.0,373070.0,818565.0,33.310544788646425,247200.0,290930.0,-43730.0,-1.7795411770690268,63.24856641167008,Mid,Mid,100.0,High,High
2021-10-05,2021-10-11,Tuesday,False,False,5.0,2437355.0,194845.0,726445.0,-531600.0,-21.81052821603747,1190270.0,395585.0,794685.0,32.60440108232079,250995.0,293200.0,-42205.0,-1.731590186903426,57.384054322867414,Mid,Mid,100.0,High,High
2021-10-12,2021-10-18,Tuesday,False,False,5.0,2403165.0,198190.0,718235.0,-520045.0,-21.640003911508366,1145000.0,407520.0,737480.0,30.68786371306173,257070.0,278775.0,-21705.0,-0.9031839261973272,43.335502646152335,Mid,Mid,100.0,High,High
2021-10-19,2021-10-25,Tuesday,False,False,5.0,2386585.0,199880.0,652175.0,-452295.0,-18.951556303253394,1172960.0,385650.0,787310.0,32.988977974805,228210.0,322515.0,-94305.0,-3.9514620262844193,55.57288277115388,Mid,Mid,70.40600032610467,Mid,Mid
2021-10-26,2021-11-01,Tuesday,False,False,5.0,2404805.0,192435.0,681455.0,-489020.0,-20.335120727044398,1166125.0,366870.0,799255.0,33.23575092367157,233970.0,304845.0,-70875.0,-2.9472244111268897,58.50636672847161,Mid,Mid,79.95679112995272,Mid,Mid
2021-11-02,2021-11-08,Tuesday,False,False,5.0,2431930.0,177050.0,665270.0,-488220.0,-20.07541335482518,1146990.0,384270.0,762720.0,31.36274481584585,259325.0,297185.0,-37860.0,-1.556788229924381,37.480604825215245,Mid,Mid,93.41472362628403,High,High
2021-11-09,2021-11-15,Tuesday,False,False,5.0,2437805.0,182620.0,653255.0,-470635.0,-19.305686878154734,1141080.0,388515.0,752565.0,30.87059875584799,266725.0,303705.0,-36980.0,-1.516938393349755,29.979219429833105,Mid,Mid,93.77343877384641,High,High
2021-11-16,2021-11-22,Tuesday,False,False,5.0,2454895.0,185980.0,669385.0,-483405.0,-19.6914735660792,1150240.0,375605.0,774635.0,31.554710079249826,248795.0,292055.0,-43260.0,-1.762193495037466,33.939631784599115,Mid,Mid,91.2135170389695,High,High
2021-11-23,2021-11-29,Tuesday,False,False,5.0,2455315.0,176950.0,673470.0,-496520.0,-20.222252541934537,1148215.0,377560.0,770655.0,31.387215082382504,258270.0,260805.0,-2535.0,-0.10324540843028288,32.58143225212005,Mid,Mid,100.0,High,High
2021-11-30,2021-12-06,Tuesday,True,False,5.0,2510715.0,182160.0,660180.0,-478020.0,-19.039197997383216,1110645.0,428935.0,681710.0,27.152026414786228,318070.0,259950.0,58120.0,2.3148784310445434,2.2284027505246815,Low,Low,100.0,High,High
2021-12-07,2021-12-13,Tuesday,True,False,5.0,2514385.0,197495.0,661790.0,-464295.0,-18.465549229732122,1084845.0,435905.0,648940.0,25.80909447041722,287565.0,270655.0,16910.0,0.6725302608789028,0.0,Low,Low,87.32565470789955,High,Mid
2021-12-14,2021-12-20,Tuesday,False,False,5.0,2754635.0,212710.0,661765.0,-449055.0,-16.301796789774325,1052735.0,467990.0,584745.0,21.227676262009304,310405.0,265715.0,44690.0,1.6223565009520318,0.0,Low,Low,95.86953513048024,High,High
2021-12-21,2021-12-27,Tuesday,False,False,5.0,2262125.0,166050.0,652340.0,-486290.0,-21.497043708902027,1088430.0,420110.0,668320.0,29.543902304249325,262130.0,272595.0,-10465.0,-0.46261811349947507,21.79440373432081,Mid,Mid,78.90633409709514,Mid,Mid
2021-12-28,2022-01-03,Tuesday,False,False,5.0,2287850.0,163720.0,618300.0,-454580.0,-19.86930961382958,1116365.0,380275.0,736090.0,32.173875035513696,255065.0,352335.0,-97270.0,-4.251589920667876,39.467233421128114,Mid,Mid,52.20901443971151,Mid,Mid
2022-01-04,2022-01-10,Tuesday,False,False,5.0,2297290.0,152625.0,607995.0,-455370.0,-19.82205119945675,1114650.0,382965.0,731685.0,31.849918817389185,266455.0,365330.0,-98875.0,-4.303984259714707,38.31851253031528,Mid,Mid,51.71538851896847,Mid,Mid
2022-01-11,2022-01-17,Tuesday,False,False,5.0,2283670.0,155975.0,644570.0,-488595.0,-21.395166552085023,1118110.0,388890.0,729220.0,31.93193412358178,254075.0,311840.0,-57765.0,-2.5294810546182243,37.67569822932694,Mid,Mid,64.35897830198834,Mid,Mid
2022-01-18,2022-01-24,Tuesday,False,False,5.0,2309980.0,139395.0,688590.0,-549195.0,-23.77488116780232,1102100.0,378580.0,723520.0,31.32148330288574,272640.0,285630.0,-12990.0,-0.5623425311041654,36.18927165097661,Mid,Mid,78.12975749281091,Mid,Mid
2022-01-25,2022-01-31,Tuesday,False,False,5.0,2378855.0,132275.0,746650.0,-614375.0,-25.826500564347132,1088300.0,440195.0,648105.0,27.244409600417008,353910.0,246760.0,107150.0,4.5042678095134,16.522804913031006,Low,Mid,100.0,High,High
2022-02-01,2022-02-07,Tuesday,False,False,5.0,2283970.0,140245.0,654695.0,-514450.0,-22.524376414751508,1069890.0,435600.0,634290.0,27.771380534770596,298555.0,249725.0,48830.0,2.13794401852914,12.920176284976662,Low,Mid,84.41371016235718,High,Mid
2022-02-08,2022-02-14,Tuesday,False,False,5.0,2229910.0,157790.0,617855.0,-460065.0,-20.631550152248295,1020325.0,461825.0,558500.0,25.04585386854178,282160.0,223620.0,58540.0,2.6252180581279068,0.0,Low,Low,87.00875258902919,High,Mid
2022-02-15,2022-02-21,Tuesday,False,False,5.0,2270265.0,173055.0,581510.0,-408455.0,-17.991512004105246,993605.0,476415.0,517190.0,22.781040979797513,292400.0,261870.0,30530.0,1.3447769313274,0.0,Low,Low,78.89866567521791,Mid,Mid
2022-02-22,2022-02-28,Tuesday,False,False,5.0,2374165.0,193730.0,626095.0,-432365.0,-18.211244795538644,1012400.0,514920.0,497480.0,20.953893263526336,324125.0,250710.0,73415.0,3.092245063001097,0.0,Low,Low,90.70929896310984,High,High
2022-03-01,2022-03-07,Tuesday,True,False,5.0,2387490.0,228560.0,519920.0,-291360.0,-12.203611324026488,998880.0,535235.0,463645.0,19.419767203213418,299235.0,323085.0,-23850.0,-0.9989570636945077,0.0,Low,Low,63.92228143374506,Mid,Mid
2022-03-08,2022-03-14,Tuesday,True,False,5.0,2435545.0,229010.0,521240.0,-292230.0,-11.998546526547447,979235.0,561305.0,417930.0,17.159609040276404,302670.0,286730.0,15940.0,0.6544736393702436,0.0,Low,Low,74.88054419520525,Mid,Mid
2022-03-15,2022-03-21,Tuesday,False,False,5.0,2582760.0,204650.0,462145.0,-257495.0,-9.969761030835231,1017465.0,575920.0,441545.0,17.09585869380043,285855.0,332775.0,-46920.0,-1.8166612461088139,4.291412631636335,Low,Low,57.56874733203894,Mid,Mid
2022-03-22,2022-03-28,Tuesday,False,False,5.0,2111685.0,233070.0,322955.0,-89885.0,-4.256553415874053,1028805.0,513825.0,514980.0,24.387160016763865,111850.0,382145.0,-270295.0,-12.799967798227483,17.63631572730494,Low,Mid,0.0,Low,Low
2022-03-29,2022-04-04,Tuesday,False,False,5.0,2120050.0,230110.0,319670.0,-89560.0,-4.224428669135162,1019960.0,459990.0,559970.0,26.41305629584208,128025.0,410435.0,-282410.0,-13.320912242635789,25.81207919532606,Mid,Mid,0.0,Low,Low
2022-04-05,2022-04-11,Tuesday,False,False,5.0,2122355.0,237975.0,355645.0,-117670.0,-5.544312803465961,980030.0,446510.0,533520.0,25.13811308664196,136115.0,384875.0,-248760.0,-11.720942066713627,21.00547897907448,Mid,Mid,8.637950508265737,Low,Low
2022-04-12,2022-04-18,Tuesday,False,False,5.0,2156965.0,240470.0,434180.0,-193710.0,-8.980674234398796,976985.0,499005.0,477980.0,22.159840331206116,184625.0,285385.0,-100760.0,-4.671378534190402,10.91252714502485,Low,Mid,46.62953075264401,Mid,Mid
2022-04-19,2022-04-25,Tuesday,False,False,5.0,2158795.0,238535.0,396460.0,-157925.0,-7.315423650694021,970630.0,497440.0,473190.0,21.91917250132597,190910.0,307390.0,-116480.0,-5.395602639435426,10.042069109643185,Low,Mid,42.594208851011395,Mid,Mid
2022-04-26,2022-05-02,Tuesday,False,False,5.0,2191695.0,229680.0,413340.0,-183660.0,-8.379815622155455,935310.0,575385.0,359925.0,16.422221157597203,249350.0,256070.0,-6720.0,-0.30661200577635117,0.0,Low,Low,70.76958619981517,Mid,Mid
2022-05-03,2022-05-09,Tuesday,False,False,5.0,2208675.0,223100.0,328060.0,-104960.0,-4.752170418916318,958100.0,592155.0,365945.0,16.56853090653899,261135.0,344640.0,-83505.0,-3.780773540697477,0.9896595373917046,Low,Low,51.05888694937879,Mid,Mid
2022-05-10,2022-05-16,Tuesday,False,False,5.0,2261955.0,212760.0,338425.0,-125665.0,-5.555592396842554,943045.0,665870.0,277175.0,12.253780468665381,291370.0,300020.0,-8650.0,-0.38241255904737276,0.0,Low,Low,70.27415545743916,Mid,Mid
2022-05-17,2022-05-23,Tuesday,False,False,5.0,2252110.0,231875.0,321870.0,-89995.0,-3.9960303892793867,980010.0,672525.0,307485.0,13.653196335880574,248300.0,345820.0,-97520.0,-4.330161492999897,4.386142625607779,Low,Low,47.46123832015607,Mid,Mid
2022-05-24,2022-05-30,Tuesday,False,False,5.0,2262170.0,247250.0,329770.0,-82520.0,-3.647824876114527,978880.0,688060.0,290820.0,12.855797751716272,231340.0,377710.0,-146370.0,-6.470336004809542,1.9745600833526278,Low,Low,34.92144984084608,Mid,Mid
2022-05-31,2022-06-06,Tuesday,True,False,5.0,2260465.0,262785.0,348940.0,-86155.0,-3.8113839409148116,996985.0,642370.0,354615.0,15.687701424264478,193420.0,396840.0,-203420.0,-8.999033384723939,11.206297754109748,Low,Mid,20.276722456104324,Mid,Mid
2022-06-07,2022-06-13,Tuesday,True,False,5.0,2267420.0,287135.0,315195.0,-28060.0,-1.2375298797752512,985565.0,644185.0,341380.0,15.05587848744388,189530.0,420870.0,-231340.0,-10.202785544804227,9.29106853438296,Low,Low,13.109662182975665,Low,Mid
2022-06-14,2022-06-20,Tuesday,False,False,5.0,2654400.0,309350.0,301210.0,8140.0,0.30666063893911993,960035.0,753515.0,206520.0,7.780289330922242,247870.0,423785.0,-175915.0,-6.627298071127186,0.0,Low,Low,27.33725228462881,Mid,Mid
2022-06-21,2022-06-27,Tuesday,False,False,5.0,2262005.0,328160.0,237730.0,90430.0,3.997780729927652,1018215.0,830080.0,188135.0,8.317178786076953,172515.0,377350.0,-204835.0,-9.055461857953453,0.0,Low,Low,19.913492144984087,Low,Mid
2022-06-28,2022-07-04,Tuesday,False,False,5.0,2248770.0,360615.0,232035.0,128580.0,5.7177923931749355,1006685.0,811665.0,195020.0,8.672296410926862,145130.0,410695.0,-265565.0,-11.80934466397186,0.882669675136535,Low,Low,4.32410925146319,Low,Low
2022-07-05,2022-07-11,Tuesday,False,False,5.0,2309240.0,382060.0,245705.0,136355.0,5.9047565432783085,1023705.0,818115.0,205590.0,8.902929102215447,141215.0,459190.0,-317975.0,-13.76968180007275,2.2377631342786084,Low,Low,0.0,Low,Low
2022-07-12,2022-07-18,Tuesday,False,False,5.0,2317580.0,394275.0,222910.0,171365.0,7.394135261781686,1035290.0,812130.0,223160.0,9.62900957032767,127280.0,496795.0,-369515.0,-15.944001933050856,4.630241658294114,Low,Low,0.0,Low,Low
2022-07-19,2022-07-25,Tuesday,False,False,5.0,2335320.0,429395.0,187900.0,241495.0,10.340981107514173,1029330.0,781805.0,247525.0,10.599189832656766,136670.0,562240.0,-425570.0,-18.223198533819776,8.065019894349462,Low,Low,0.0,Low,Low
2022-07-26,2022-08-01,Tuesday,False,False,5.0,2322825.0,434470.0,221635.0,212835.0,9.162765167414678,1038190.0,742515.0,295675.0,12.729112180211596,118125.0,572470.0,-454345.0,-19.56001851194128,14.60367468325208,Low,Mid,0.0,Low,Low
2022-08-02,2022-08-08,Tuesday,False,False,5.0,2310665.0,465730.0,179635.0,286095.0,12.38150056369054,1011090.0,690175.0,320915.0,13.888426059164786,127900.0,633855.0,-505955.0,-21.89651031196647,18.031206290145168,Low,Mid,0.0,Low,Low
2022-08-09,2022-08-15,Tuesday,False,False,5.0,2299390.0,503700.0,163810.0,339890.0,14.78174646319241,964535.0,668615.0,295920.0,12.86950017178469,127540.0,631140.0,-503600.0,-21.901460822218066,14.681204625631667,Low,Mid,0.3841103889219628,Low,Low
2022-08-16,2022-08-22,Tuesday,False,False,5.0,2346225.0,538485.0,168060.0,370425.0,15.788127737109612,988150.0,612060.0,376090.0,16.029579430787756,125610.0,724280.0,-598670.0,-25.516308111967096,25.60101883759892,Mid,Mid,0.0,Low,Low
2022-08-23,2022-08-29,Tuesday,False,False,5.0,2329540.0,535605.0,202585.0,333020.0,14.295526155378315,952145.0,613795.0,338350.0,14.524326691106399,136400.0,650095.0,-513695.0,-22.051349193402988,20.460520043041804,Mid,Mid,12.039188461647447,Low,Mid
2022-08-30,2022-09-05,Tuesday,True,False,5.0,2329955.0,531605.0,214695.0,316910.0,13.60155024453262,956695.0,630015.0,326680.0,14.020871647735685,134545.0,625350.0,-490805.0,-21.06499910942486,18.870969938842503,Low,Mid,15.282224929868804,Low,Mid
2022-09-06,2022-09-12,Tuesday,True,False,5.0,2314290.0,529640.0,191570.0,338070.0,14.607935911229793,932415.0,661070.0,271345.0,11.724762238094621,132145.0,584715.0,-452570.0,-19.5554576133501,12.229750584223755,Low,Mid,20.699328440678926,Mid,Mid
2022-09-13,2022-09-19,Tuesday,False,False,5.0,2603045.0,548735.0,156360.0,392375.0,15.073692540851196,937650.0,624170.0,313480.0,12.042819083035445,117485.0,642840.0,-525355.0,-20.182324930994277,18.765907117405757,Low,Mid,10.38720920347964,Low,Mid
2022-09-20,2022-09-26,Tuesday,False,False,5.0,2141020.0,455250.0,219550.0,235700.0,11.00877152011658,914535.0,630585.0,283950.0,13.26237027211329,113080.0,459725.0,-346645.0,-16.19064744841244,15.198356677188585,Low,Mid,35.7066957581253,Mid,Mid
2022-09-27,2022-10-03,Tuesday,False,False,5.0,2233880.0,456660.0,270540.0,186120.0,8.331691944061454,903405.0,685285.0,218120.0,9.764177126792845,163675.0,450510.0,-286835.0,-12.840215230898705,4.906564995418249,Low,Low,44.18052761327251,Mid,Mid
2022-10-04,2022-10-10,Tuesday,False,False,5.0,2261285.0,459555.0,267925.0,191630.0,8.474385139422939,911425.0,713995.0,197430.0,8.73087647067928,137580.0,478050.0,-340470.0,-15.056483371180546,1.52097787668543,Low,Low,36.58156470488226,Mid,Mid
2022-10-11,2022-10-17,Tuesday,False,False,5.0,2277795.0,463490.0,255395.0,208095.0,9.135808973151667,907565.0,727375.0,180190.0,7.910720675038799,150575.0,497560.0,-346985.0,-15.233372625719172,0.0,Low,Low,35.65852483636054,Mid,Mid
2022-10-18,2022-10-24,Tuesday,False,False,5.0,2336565.0,479680.0,253395.0,226285.0,9.684515517436921,932670.0,709310.0,223360.0,9.55933175409201,154215.0,567495.0,-413280.0,-17.687502808610077,6.973419592449905,Low,Low,26.26590348814145,Mid,Mid
2022-10-25,2022-10-31,Tuesday,False,False,5.0,2361825.0,475855.0,281595.0,194260.0,8.224995501360176,944685.0,665070.0,279615.0,11.83893810930107,153105.0,598945.0,-445840.0,-18.8769277994771,16.725685303097848,Low,Mid,21.65282933325777,Mid,Mid
2022-11-01,2022-11-07,Tuesday,False,False,5.0,2336710.0,423340.0,367615.0,55725.0,2.3847631926940016,937800.0,616965.0,320835.0,13.730201865015342,160375.0,556265.0,-395890.0,-16.942196507054792,23.659884430014554,Mid,Mid,28.729704457227058,Mid,Mid
2022-11-08,2022-11-14,Tuesday,False,False,5.0,2318895.0,416670.0,351350.0,65320.0,2.816858891842882,925395.0,602585.0,322810.0,13.9208545449449,165890.0,557990.0,-392100.0,-16.908915668885395,23.99212711016158,Mid,Mid,29.266668555722426,Mid,Mid
2022-11-15,2022-11-21,Tuesday,False,False,5.0,2343510.0,408395.0,376245.0,32150.0,1.3718738132118062,943995.0,518945.0,425050.0,18.13732392863696,152875.0,624145.0,-471270.0,-20.10957922091222,41.46901171110905,Mid,Mid,18.049927743617353,Low,Mid
2022-11-22,2022-11-28,Tuesday,False,False,5.0,2304075.0,382470.0,400360.0,-17890.0,-0.776450419365689,953470.0,498800.0,454670.0,19.733298612241352,137285.0,573270.0,-435985.0,-18.92234410772219,49.37578701205253,Mid,Mid,23.04907766852739,Mid,Mid
2022-11-29,2022-12-05,Tuesday,True,False,5.0,2314525.0,387085.0,449070.0,-61985.0,-2.6780872965295255,982625.0,500695.0,481930.0,20.821982912260616,141995.0,561335.0,-419340.0,-18.117756343094154,54.279546681057745,Mid,Mid,25.40732764727551,Mid,Mid
2022-12-06,2022-12-12,Tuesday,True,False,5.0,2287690.0,389655.0,418605.0,-28950.0,-1.2654686605265575,949310.0,485565.0,463745.0,20.271321726282846,121180.0,552545.0,-431365.0,-18.855920164008236,51.00827486958086,Mid,Mid,23.70363548780142,Mid,Mid
2022-12-13,2022-12-19,Tuesday,False,False,5.0,2477140.0,367700.0,377170.0,-9470.0,-0.3822957119904406,960180.0,472025.0,488155.0,19.706395278425926,111050.0,587580.0,-476530.0,-19.23710407970482,55.39935240151106,Mid,Mid,17.304695248080247,Low,Mid
2022-12-20,2022-12-26,Tuesday,False,False,5.0,1986845.0,180420.0,372965.0,-192545.0,-9.69099250318973,960290.0,516310.0,443980.0,22.345980687975157,160645.0,379130.0,-218485.0,-10.996580004982775,47.452779276848354,Mid,Mid,53.86429967980505,Mid,Mid
2022-12-27,2023-01-02,Tuesday,False,False,5.0,1961310.0,192605.0,348360.0,-155755.0,-7.941375917116621,954670.0,508390.0,446280.0,22.754179604448048,142920.0,389695.0,-246775.0,-12.582151725122495,48.248850850869005,Mid,Mid,49.85619563061404,Mid,Mid
2023-01-03,2023-01-09,Tuesday,False,False,5.0,2010995.0,215840.0,331275.0,-115435.0,-5.740193287402505,944235.0,507775.0,436460.0,21.703683997225255,155430.0,431645.0,-276215.0,-13.73524051526732,46.67686647359889,Mid,Mid,45.685160522512824,Mid,Mid
2023-01-10,2023-01-16,Tuesday,False,False,5.0,2032565.0,242100.0,356210.0,-114110.0,-5.614088602332521,948610.0,485520.0,463090.0,22.783527218071747,150275.0,465600.0,-315325.0,-15.51364900999476,52.06780409695765,Mid,Mid,40.14408772774928,Mid,Mid
2023-01-17,2023-01-23,Tuesday,False,False,5.0,2056470.0,264855.0,374185.0,-109330.0,-5.316391680890069,973950.0,444675.0,529275.0,25.73706399801602,140680.0,526925.0,-386245.0,-18.781941871264838,74.60436190333715,Mid,Mid,30.096200164347852,Mid,Mid
2023-01-24,2023-01-30,Tuesday,False,False,5.0,2024435.0,239530.0,362470.0,-122940.0,-6.072805498818188,957410.0,426160.0,531250.0,26.241889712438287,141155.0,516330.0,-375175.0,-18.53233124303818,77.30896278352786,Mid,Mid,33.253978291436354,Mid,Mid
2023-01-31,2023-02-06,Tuesday,False,False,5.0,2061420.0,254125.0,395105.0,-140980.0,-6.838975075433439,949085.0,375135.0,573950.0,27.842458111398937,144395.0,540655.0,-396260.0,-19.22267175054089,100.0,High,High,30.116726306940343,Mid,Mid
2023-02-07,2023-02-13,Tuesday,False,False,5.0,2053085.0,271200.0,404295.0,-133095.0,-6.482683376479785,943850.0,380375.0,563475.0,27.445283561080032,137025.0,529355.0,-392330.0,-19.1092916269906,97.33975010158473,High,High,30.70147377191873,Mid,Mid
2023-02-14,2023-02-20,Tuesday,False,False,5.0,2076345.0,288670.0,381795.0,-93125.0,-4.485044633719348,957350.0,392415.0,564935.0,27.208147008324723,129050.0,542435.0,-413385.0,-19.909263633933666,97.71053433563593,High,High,27.568685508529427,Mid,Mid
2023-02-21,2023-02-27,Tuesday,False,False,5.0,2074485.0,283505.0,385230.0,-101725.0,-4.903626683249096,957695.0,412610.0,545085.0,26.275678059855817,143930.0,498745.0,-354815.0,-17.103763102649573,92.6693925233645,High,High,39.67638014350563,Mid,Mid
2023-02-28,2023-03-06,Tuesday,True,False,5.0,2113160.0,301560.0,408945.0,-107385.0,-5.0817259459766415,956015.0,457970.0,498045.0,23.568731189308902,168440.0,467360.0,-298920.0,-14.145639705464802,80.72302925639984,High,Mid,48.770765200696374,Mid,Mid
2023-03-07,2023-03-13,Tuesday,True,False,5.0,2133170.0,305715.0,381940.0,-76225.0,-3.5733204573475152,959635.0,437630.0,522005.0,24.47085792505989,148975.0,453165.0,-304190.0,-14.259998031099256,86.80795408370581,High,Mid,49.747444885547765,Mid,Mid
2023-03-14,2023-03-20,Tuesday,False,False,5.0,2550985.0,300670.0,366590.0,-65920.0,-2.584099867306158,972080.0,480885.0,491195.0,19.255111260944304,151695.0,403960.0,-252265.0,-9.888925258282585,78.98339089800895,Mid,Mid,58.51930061660613,Mid,Mid
2023-03-21,2023-03-27,Tuesday,False,False,5.0,2149005.0,442055.0,300595.0,141460.0,6.582581241085991,978935.0,502775.0,476160.0,22.157230904534888,81745.0,543445.0,-461700.0,-21.484361367237394,75.16507517269403,Mid,Mid,23.138778613058538,Mid,Mid
2023-03-28,2023-04-03,Tuesday,False,False,5.0,2142230.0,462635.0,276405.0,186230.0,8.693277565900953,950025.0,520870.0,429155.0,20.03309635286594,87410.0,537830.0,-450420.0,-21.02575353720189,63.22760056887444,Mid,Mid,25.0443449615677,Mid,Mid
2023-04-04,2023-04-10,Tuesday,False,False,5.0,2219510.0,478460.0,303115.0,175345.0,7.900167154011471,932490.0,440910.0,491580.0,22.148131794855622,92515.0,658330.0,-565815.0,-25.49278894891215,79.08116619260464,Mid,Mid,5.550299856406791,Low,Low
2023-04-11,2023-04-17,Tuesday,False,False,5.0,2248470.0,478370.0,313635.0,164735.0,7.326537601124321,973635.0,438455.0,535180.0,23.80196311269441,119080.0,650000.0,-530920.0,-23.612500945087103,90.15390085331167,High,High,11.445223414139708,Low,Mid
2023-04-18,2023-04-24,Tuesday,False,False,5.0,2278320.0,445295.0,321510.0,123785.0,5.433170055128341,1026350.0,434885.0,591465.0,25.960576214052463,119605.0,666900.0,-547295.0,-24.021866989711718,100.0,High,High,8.678942478249853,Low,Low
2023-04-25,2023-05-01,Tuesday,False,False,5.0,2265795.0,408670.0,350195.0,58475.0,2.580771870358969,1029555.0,445080.0,584475.0,25.79558168325025,142440.0,617510.0,-475070.0,-20.96703364602711,98.30040727007476,High,High,20.948442425680486,Mid,Mid
2023-05-02,2023-05-08,Tuesday,False,False,1.0,2304633.0,432560.0,350071.0,82489.0,3.579268369410661,1026371.0,431625.0,594746.0,25.806538394616407,131734.0,588857.0,-457123.0,-19.834958537866985,100.0,High,High,23.990203721907733,Mid,Mid
2023-05-09,2023-05-15,Tuesday,False,False,1.0,2325459.0,436131.0,337721.0,98410.0,4.231852722408781,1023679.0,425316.0,598363.0,25.7309632205943,135379.0,637987.0,-502608.0,-21.613281507005713,100.0,High,High,19.168312880375137,Low,Mid
2023-05-16,2023-05-22,Tuesday,False,False,1.0,2339836.0,443023.0,358177.0,84846.0,3.626151576435271,1045630.0,431214.0,614416.0,26.258934386854467,122528.0,611310.0,-488782.0,-20.889583714414172,100.0,High,High,24.29537917311519,Mid,Mid
2023-05-23,2023-05-29,Tuesday,False,False,1.0,2420808.0,490913.0,433651.0,57262.0,2.3654085743272493,1052016.0,422846.0,629170.0,25.990082650090386,158512.0,663114.0,-504602.0,-20.844362708649346,100.0,High,High,22.251185674918098,Mid,Mid
2023-05-30,2023-06-05,Tuesday,True,False,1.0,2533871.0,565970.0,487948.0,78022.0,3.079162277795515,1046229.0,416612.0,629617.0,24.848028964379008,176827.0,693822.0,-516995.0,-20.403367022235937,100.0,High,High,19.319700535771307,Low,Mid
2023-06-06,2023-06-12,Tuesday,True,False,1.0,2544164.0,565153.0,481479.0,83674.0,3.288860309319682,1051361.0,383644.0,667717.0,26.24504552379485,170267.0,728831.0,-558564.0,-21.954716755680845,100.0,High,High,9.486818606521508,Low,Low
2023-06-13,2023-06-19,Tuesday,False,False,1.0,2956473.0,524515.0,530392.0,-5877.0,-0.1987841593682743,1098382.0,332715.0,765667.0,25.897987230054188,162240.0,680616.0,-518376.0,-17.533594928822282,100.0,High,High,20.387725824266507,Mid,Mid
2023-06-20,2023-06-26,Tuesday,False,False,1.0,2233907.0,345269.0,563991.0,-218722.0,-9.791007414364161,1119588.0,319482.0,800106.0,35.816441776671994,127322.0,506274.0,-378952.0,-16.96364262254427,100.0,High,High,57.79239054670753,Mid,Mid
2023-06-27,2023-07-03,Tuesday,False,False,1.0,2200098.0,323107.0,636821.0,-313714.0,-14.259092094988496,1094188.0,338804.0,755384.0,34.33410693523652,137504.0,449188.0,-311684.0,-14.166823477863257,92.78579678537092,High,High,75.48588187329852,Mid,Mid
2023-07-03,2023-07-10,Monday,False,False,1.0,2227564.0,307806.0,645068.0,-337262.0,-15.14039551725562,1094223.0,315970.0,778253.0,34.93740247193796,170351.0,455934.0,-285583.0,-12.820417280940077,96.47484497899715,High,High,82.35122374633403,High,Mid
2023-07-11,2023-07-17,Tuesday,False,False,1.0,2228090.0,310465.0,648558.0,-338093.0,-15.17411774210198,1085161.0,323785.0,761376.0,34.17168965347001,173871.0,471990.0,-298119.0,-13.380025043871658,93.75237935462224,High,High,79.05388166287464,Mid,Mid
2023-07-18,2023-07-24,Tuesday,False,False,1.0,2301847.0,314119.0,677066.0,-362947.0,-15.767642245553246,1124679.0,303479.0,821200.0,35.67569868892242,174361.0,548489.0,-374128.0,-16.253382609704296,100.0,High,High,59.061246498415244,Mid,Mid
2023-07-25,2023-07-31,Tuesday,False,False,1.0,2265346.0,297103.0,644467.0,-347364.0,-15.333816556058103,1123597.0,319602.0,803995.0,35.491046400858856,157181.0,549819.0,-392638.0,-17.33236335641443,97.31595450929002,High,High,54.19256414640241,Mid,Mid
2023-08-01,2023-08-07,Tuesday,False,False,1.0,2263529.0,307721.0,672712.0,-364991.0,-16.12486519942974,1126246.0,304082.0,822164.0,36.32222074468673,149033.0,520351.0,-371318.0,-16.404384481047074,100.0,High,High,59.80036035088181,Mid,Mid
2023-08-08,2023-08-14,Tuesday,False,False,1.0,2245745.0,313589.0,690921.0,-377332.0,-16.802085722110036,1095481.0,319275.0,776206.0,34.563407688762524,170759.0,487930.0,-317171.0,-14.123197424462704,92.84114309925324,High,High,74.0426371371832,Mid,Mid
2023-08-15,2023-08-21,Tuesday,False,False,1.0,2246098.0,312550.0,705619.0,-393069.0,-17.50008236506154,1105079.0,323616.0,781463.0,34.79202599352299,147548.0,432293.0,-284745.0,-12.67731862100407,93.66002361466353,High,High,80.92304148792215,High,Mid
2023-08-22,2023-08-28,Tuesday,False,False,1.0,2253916.0,313275.0,704606.0,-391331.0,-17.362270821095375,1110243.0,353398.0,756845.0,33.57911297492897,120968.0,447187.0,-326219.0,-14.473432017874668,89.82528887462732,High,Mid,68.9822359139723,Mid,Mid
2023-08-29,2023-09-04,Tuesday,True,False,1.0,2291670.0,329754.0,699081.0,-369327.0,-16.116063831179883,1096427.0,339385.0,757042.0,33.0345119498008,139155.0,483323.0,-344168.0,-15.018218155319046,89.85597547564231,High,Mid,63.81452797051795,Mid,Mid
2023-09-05,2023-09-11,Tuesday,True,False,1.0,2284667.0,322703.0,720246.0,-397543.0,-17.400478931940626,1109586.0,327902.0,781684.0,34.21435158821833,125462.0,451616.0,-326154.0,-14.275778483253795,93.69444868483771,High,High,69.00095010508738,Mid,Mid
2023-09-12,2023-09-18,Tuesday,False,False,1.0,2547762.0,277838.0,753232.0,-475394.0,-18.659278221435127,1100501.0,317823.0,782678.0,30.720216409539034,177330.0,416335.0,-239005.0,-9.380978286040847,93.84928361584737,High,High,94.09207382028619,High,High
2023-09-19,2023-09-25,Tuesday,False,False,1.0,2107388.0,250644.0,691050.0,-440406.0,-20.89819245435582,1167197.0,302074.0,865123.0,41.05190880843964,97053.0,418854.0,-321801.0,-15.270135352388833,100.0,High,High,70.25422508853252,Mid,Mid
2023-09-26,2023-10-02,Tuesday,False,False,1.0,2150244.0,254675.0,691293.0,-436618.0,-20.30550951426908,1106462.0,345513.0,760949.0,35.38896050866786,151252.0,437942.0,-286690.0,-13.332905474913545,84.79062915642844,High,Mid,80.36305530763251,High,Mid
2023-10-03,2023-10-09,Tuesday,False,False,1.0,2151506.0,249395.0,686193.0,-436798.0,-20.30196522807745,1076460.0,378656.0,697804.0,32.4332816176204,131552.0,399462.0,-267910.0,-12.452207895306824,75.57147925417522,Mid,Mid,85.77001698672731,High,Mid
2023-10-10,2023-10-16,Tuesday,False,False,1.0,2088321.0,257471.0,608146.0,-350675.0,-16.792198134290658,1070017.0,401413.0,668604.0,32.01634231519005,112170.0,399379.0,-287209.0,-13.75310596407353,69.37825957557541,Mid,Mid,80.21362968934443,High,Mid
2023-10-17,2023-10-23,Tuesday,False,False,1.0,2128482.0,267345.0,626110.0,-358765.0,-16.855439698339005,1080972.0,406688.0,674284.0,31.679102759619298,118831.0,384178.0,-265347.0,-12.46649020287698,67.40625234838807,Mid,Mid,86.50793193792646,High,Mid
2023-10-24,2023-10-30,Tuesday,False,False,1.0,2176852.0,253470.0,646896.0,-393426.0,-18.073162530112292,1066328.0,453308.0,613020.0,28.16084878531016,160102.0,363319.0,-203217.0,-9.335361338299526,53.682058028102766,Mid,Mid,100.0,High,High
2023-10-31,2023-11-06,Tuesday,False,False,1.0,2193182.0,248577.0,652733.0,-404156.0,-18.427836814272595,1074948.0,468610.0,606338.0,27.646497189927693,146121.0,383423.0,-237302.0,-10.819986667773126,52.28124717644608,Mid,Mid,90.59978267944115,High,High
2023-11-07,2023-11-13,Tuesday,False,False,1.0,2194624.0,251340.0,648446.0,-397106.0,-18.094489078767023,1091709.0,420025.0,671684.0,30.60588055174827,168252.0,442153.0,-273901.0,-12.480543364148026,56.043883628398014,Mid,Mid,80.5062355556291,High,Mid
2023-11-14,2023-11-20,Tuesday,False,False,1.0,2208240.0,262081.0,676357.0,-414276.0,-18.760460819476144,1088088.0,388863.0,699225.0,31.66435713509401,178571.0,469104.0,-290533.0,-13.156767380357207,61.947207134468584,Mid,Mid,75.919337668713,Mid,Mid
2023-11-21,2023-11-27,Tuesday,False,False,1.0,2255516.0,288437.0,719174.0,-430737.0,-19.09704918963111,1133912.0,373170.0,760742.0,33.728069319836344,164118.0,474549.0,-310431.0,-13.763192103270383,76.05764643276571,Mid,Mid,70.43171777009249,Mid,Mid
2023-11-28,2023-12-04,Tuesday,True,False,1.0,2295420.0,277270.0,709960.0,-432690.0,-18.850145071490186,1161034.0,367388.0,793646.0,34.575197567329724,172624.0,490862.0,-318238.0,-13.86404231033972,83.60498935701702,High,Mid,68.27864466985477,Mid,Mid
2023-12-05,2023-12-11,Tuesday,True,False,1.0,2330556.0,295918.0,755761.0,-459843.0,-19.73104272113607,1164468.0,346616.0,817852.0,35.092570184968736,160179.0,510568.0,-350389.0,-15.034566858723842,89.15723172342925,High,Mid,59.41180039603087,Mid,Mid
2023-12-12,2023-12-18,Tuesday,False,False,1.0,2690306.0,348874.0,783882.0,-435008.0,-16.169461763829098,1151484.0,324580.0,826904.0,30.73642923890442,184974.0,545510.0,-360536.0,-13.401300818568593,91.23353090135056,High,High,56.613384519495426,Mid,Mid
2023-12-19,2023-12-25,Tuesday,False,False,1.0,2167112.0,245994.0,791595.0,-545601.0,-25.176409894827774,1177850.0,293402.0,884448.0,40.812288428101546,155337.0,462928.0,-307591.0,-14.193590363580654,100.0,High,High,71.21495430200939,Mid,Mid
2023-12-26,2024-01-01,Tuesday,False,False,1.0,2166788.0,272763.0,816162.0,-543399.0,-25.07854944738479,1155602.0,275125.0,880477.0,40.63512443303175,145304.0,501011.0,-355707.0,-16.41632683954314,99.12781439644361,High,High,57.94516241126537,Mid,Mid
2024-01-02,2024-01-08,Tuesday,False,False,1.0,2234726.0,256142.0,848962.0,-592820.0,-26.527636945200438,1220747.0,263371.0,957376.0,42.840867292008056,147532.0,537745.0,-390213.0,-17.461335304641374,100.0,High,High,48.42883854847517,Mid,Mid
2024-01-09,2024-01-15,Tuesday,False,False,1.0,2225245.0,213291.0,896974.0,-683683.0,-30.723942756864975,1196261.0,266029.0,930232.0,41.80357668481448,162683.0,470085.0,-307402.0,-13.814299099649702,94.86124179084133,High,High,71.26707814163343,Mid,Mid
2024-01-16,2024-01-22,Tuesday,False,False,1.0,2233526.0,218844.0,855821.0,-636977.0,-28.518897921940468,1191827.0,262325.0,929502.0,41.61590238931627,154507.0,447414.0,-292907.0,-13.114107469534716,94.72304206004684,High,High,75.2646181170332,Mid,Mid
2024-01-23,2024-01-29,Tuesday,False,False,1.0,2287411.0,248586.0,837806.0,-589220.0,-25.75925358407387,1192719.0,278234.0,914485.0,39.97904180752825,179526.0,567605.0,-388079.0,-16.965862278357495,91.88010321437429,High,High,49.01736909745779,Mid,Mid
2024-01-30,2024-02-05,Tuesday,False,False,1.0,2326056.0,261405.0,870018.0,-608613.0,-26.165019242872916,1212141.0,240586.0,971555.0,41.768340916985665,177373.0,602100.0,-424727.0,-18.259534594180018,100.0,High,High,38.910308385595066,Mid,Mid
2024-02-06,2024-02-12,Tuesday,False,False,1.0,2313768.0,288767.0,858262.0,-569495.0,-24.6133147316412,1181044.0,263355.0,917689.0,39.662100953941795,164162.0,571760.0,-407598.0,-17.616200068459758,90.06895280235987,High,High,43.63427266559661,Mid,Mid
2024-02-13,2024-02-19,Tuesday,False,False,1.0,2355646.0,299148.0,870565.0,-571417.0,-24.257337477702507,1182982.0,243591.0,939391.0,39.87827542848119,178718.0,553828.0,-375110.0,-15.923869715568467,94.07005899705014,High,High,52.594057330707834,Mid,Mid
2024-02-20,2024-02-26,Tuesday,False,False,1.0,2341883.0,296068.0,853958.0,-557890.0,-23.822283179817266,1179284.0,232485.0,946799.0,40.428962505812635,150669.0,563369.0,-412700.0,-17.622571238614395,95.4358407079646,High,High,42.22720478325859,Mid,Mid
2024-02-27,2024-03-04,Tuesday,True,False,1.0,2365269.0,267718.0,841705.0,-573987.0,-24.26730321160088,1176202.0,234510.0,941692.0,39.81331510284877,167675.0,595974.0,-428299.0,-18.1078346691222,94.49428466076697,High,High,37.92519539545171,Mid,Mid
2024-03-05,2024-03-11,Tuesday,True,False,1.0,2401166.0,290168.0,828407.0,-538239.0,-22.415734688896976,1158454.0,238455.0,919999.0,38.31467711936617,181513.0,582809.0,-401296.0,-16.712547154174263,90.49483775811208,High,High,45.37228556142064,Mid,Mid
2024-03-12,2024-03-18,Tuesday,False,False,1.0,2704540.0,284965.0,779603.0,-494638.0,-18.289173020180883,1147222.0,231086.0,916136.0,33.87400445177368,154339.0,639270.0,-484931.0,-17.93025801060439,89.78263274336284,High,Mid,22.30679705900198,Mid,Mid
2024-03-19,2024-03-25,Tuesday,False,False,1.0,2111429.0,197047.0,819167.0,-622120.0,-29.464405386115278,1167000.0,218215.0,948785.0,44.935681000876656,114319.0,544704.0,-430385.0,-20.383588555428574,95.80199115044248,High,High,37.349902647008534,Mid,Mid
2024-03-26,2024-04-01,Tuesday,False,False,1.0,2128826.0,212819.0,806878.0,-594059.0,-27.905474660681524,1164898.0,210054.0,954844.0,44.85307864522511,117757.0,571262.0,-453505.0,-21.303056238508926,96.51836033126725,High,High,30.973695387178086,Mid,Mid
2024-04-02,2024-04-08,Tuesday,False,False,1.0,2110281.0,189385.0,849698.0,-660313.0,-31.290287881092617,1140332.0,203756.0,936576.0,44.38157761928388,151898.0,515220.0,-363322.0,-17.216759284663986,91.98418791177313,High,High,54.944040613822544,Mid,Mid
2024-04-09,2024-04-15,Tuesday,False,False,1.0,2115693.0,162869.0,887885.0,-725016.0,-34.2684879138892,1144099.0,197154.0,946945.0,44.75814780310754,153065.0,486131.0,-333066.0,-15.742643190670858,93.64214115945025,High,High,63.45853489687545,Mid,Mid
2024-04-16,2024-04-22,Tuesday,False,False,1.0,2124352.0,147195.0,870919.0,-723724.0,-34.067988732564096,1087794.0,222601.0,865193.0,40.72738416232338,222141.0,416715.0,-194574.0,-9.159216551682583,72.52195928490235,Mid,Mid,100.0,High,High
2024-04-23,2024-04-29,Tuesday,False,False,1.0,2092629.0,163097.0,857451.0,-694354.0,-33.180941294419604,1088443.0,244272.0,844171.0,40.340213195936784,194277.0,392951.0,-198674.0,-9.493990573579932,66.19401341263081,Mid,Mid,98.87359542844584,High,High
2024-04-30,2024-05-06,Tuesday,False,False,1.0,2031800.0,147564.0,828231.0,-680667.0,-33.500689044197266,1069340.0,241957.0,827383.0,40.721675361748204,169983.0,359038.0,-189055.0,-9.30480362240378,61.3678749812429,Mid,Mid,100.0,High,High
2024-05-07,2024-05-13,Tuesday,False,False,1.0,2056976.0,169692.0,816849.0,-647157.0,-31.461572716453666,1076754.0,211695.0,865059.0,42.05489028554538,162959.0,415080.0,-252121.0,-12.256876113284743,70.8403497098985,Mid,Mid,82.93248608288296,High,Mid
2024-05-14,2024-05-20,Tuesday,False,False,1.0,2107573.0,178652.0,849984.0,-671332.0,-31.85332133216738,1109863.0,188065.0,921798.0,43.73741739906518,160172.0,443822.0,-283650.0,-13.458608551162879,86.3760449267148,High,Mid,74.39981164193566,Mid,Mid
2024-05-21,2024-05-27,Tuesday,False,False,1.0,2176057.0,196185.0,887508.0,-691323.0,-31.769526257814018,1130648.0,184325.0,946323.0,43.48796929492196,168594.0,492963.0,-324369.0,-14.906273135308496,93.09123069298528,High,High,63.380052989237065,Mid,Mid
2024-05-28,2024-06-03,Tuesday,False,False,1.0,2207528.0,200232.0,898109.0,-697877.0,-31.61350614805339,1143395.0,166011.0,977384.0,44.27504430294882,175982.0,506487.0,-330505.0,-14.9717240279625,100.0,High,High,61.719470973643396,Mid,Mid
2024-06-04,2024-06-10,Tuesday,True,False,1.0,2189450.0,211791.0,926436.0,-714645.0,-32.64038913882482,1122228.0,164812.0,957416.0,43.728607641188425,159209.0,493896.0,-334687.0,-15.28635045331019,94.61845701072104,High,High,55.77810100175816,Mid,Mid
2024-06-11,2024-06-17,Tuesday,True,False,1.0,2296554.0,231297.0,956194.0,-724897.0,-31.56455280389662,1138374.0,164489.0,973885.0,42.406361879581326,157028.0,511028.0,-354000.0,-15.414399138883736,99.0569902384071,High,High,44.25198393921778,Mid,Mid
2024-06-18,2024-06-24,Tuesday,False,False,1.0,2626904.0,210678.0,928414.0,-717736.0,-27.322505885255037,1147347.0,177191.0,970156.0,36.931536135313664,169695.0,527840.0,-358145.0,-13.633730048757014,98.05199355335996,High,High,42.85105922751423,Mid,Mid
2024-06-25,2024-07-01,Tuesday,False,False,1.0,1986672.0,126570.0,923404.0,-796834.0,-40.108986284600576,1148712.0,172082.0,976630.0,49.15909621719136,134364.0,424451.0,-290087.0,-14.601655431797496,99.79679069441525,High,High,65.85326285335749,Mid,Mid
2024-07-02,2024-07-08,Tuesday,False,False,1.0,2047732.0,129826.0,931542.0,-801716.0,-39.15141239185596,1139133.0,188459.0,950674.0,46.42570414487833,174079.0,451285.0,-277206.0,-13.53722069098886,92.80143162842343,High,High,70.2067758114886,Mid,Mid
2024-07-09,2024-07-15,Tuesday,False,False,1.0,2059456.0,131387.0,902976.0,-771589.0,-37.46567054600827,1166148.0,186462.0,979686.0,47.5701350259486,155137.0,480425.0,-325288.0,-15.794850679014264,100.0,High,High,53.956049155727406,Mid,Mid
2024-07-16,2024-07-22,Tuesday,False,False,1.0,2102256.0,125433.0,897063.0,-771630.0,-36.70485421375893,1179373.0,174757.0,1004616.0,47.78751969312967,178519.0,531786.0,-353267.0,-16.804185598709196,100.0,High,High,44.499722856872474,Mid,Mid
2024-07-23,2024-07-29,Tuesday,False,False,1.0,2058317.0,130547.0,915154.0,-784607.0,-38.11886118610496,1168133.0,170472.0,997661.0,48.46974494210561,196230.0,472365.0,-276135.0,-13.415572042595967,98.25373231762738,High,High,70.56875177439198,Mid,Mid
2024-07-30,2024-08-05,Tuesday,False,False,1.0,2058295.0,132078.0,909637.0,-777559.0,-37.77684928545228,1148334.0,199145.0,949189.0,46.11530417165664,201842.0,449053.0,-247211.0,-12.010474689002306,86.08333877341957,High,Mid,80.34446862874988,High,Mid
2024-08-06,2024-08-12,Tuesday,False,False,1.0,2037394.0,140461.0,892247.0,-751786.0,-36.89939206653205,1110751.0,220066.0,890685.0,43.71687557733065,223745.0,437494.0,-213749.0,-10.491294271014835,71.39410160741994,Mid,Mid,91.65393610836972,High,High
2024-08-13,2024-08-19,Tuesday,False,False,1.0,2046062.0,152829.0,875435.0,-722606.0,-35.31691610518156,1134539.0,183065.0,951474.0,46.50269639922935,174872.0,453937.0,-279065.0,-13.639127260073252,86.65705863743416,High,Mid,69.57847206262083,Mid,Mid
2024-08-20,2024-08-26,Tuesday,False,False,1.0,2066099.0,150826.0,860126.0,-709300.0,-34.33039752693361,1131607.0,161563.0,970044.0,46.95050914791595,184176.0,539003.0,-354827.0,-17.173765632721373,91.31963101150453,High,High,43.97247495572469,Mid,Mid
2024-08-27,2024-09-02,Tuesday,False,False,1.0,2113787.0,142487.0,898958.0,-756471.0,-35.787475275418004,1149366.0,164950.0,984416.0,46.57120135567113,208172.0,551392.0,-343220.0,-16.237208384761566,94.92816575356912,High,High,47.89540212791845,Mid,Mid
2024-09-03,2024-09-09,Tuesday,True,False,1.0,2120935.0,148873.0,933443.0,-784570.0,-36.991704130489616,1158488.0,167953.0,990535.0,46.702751380876826,224272.0,495136.0,-270864.0,-12.770971293321107,96.4645298007924,High,High,72.3502413173086,Mid,Mid
2024-09-10,2024-09-16,Tuesday,True,False,1.0,2169815.0,151318.0,928670.0,-777352.0,-35.82572707811495,1160479.0,175557.0,984922.0,45.39198042229407,232210.0,486419.0,-254209.0,-11.715699264683856,95.05521269063317,High,High,77.97928862090876,Mid,Mid
2024-09-17,2024-09-23,Tuesday,False,False,1.0,2597333.0,152506.0,882970.0,-730464.0,-28.123617572332847,1182111.0,160886.0,1021225.0,39.31821603159857,195393.0,548948.0,-353555.0,-13.612232239762864,100.0,High,High,44.40238478281442,Mid,Mid
2024-09-24,2024-09-30,Tuesday,False,False,1.0,2055631.0,116835.0,975008.0,-858173.0,-41.747424513446234,1219333.0,148938.0,1070395.0,52.07135911065751,167965.0,488161.0,-320196.0,-15.5765310019162,100.0,High,High,55.67704038178156,Mid,Mid
2024-10-01,2024-10-07,Tuesday,False,False,1.0,2092048.0,126664.0,1017988.0,-891324.0,-42.605332191230794,1218052.0,164182.0,1053870.0,50.37503919604139,174674.0,474796.0,-300122.0,-14.345846749214166,96.43901503479098,High,High,62.46163933539726,Mid,Mid
2024-10-08,2024-10-14,Tuesday,False,False,1.0,2144160.0,137521.0,1023511.0,-885990.0,-41.32107678531453,1209625.0,161599.0,1048026.0,48.878162077456906,172526.0,499150.0,-326624.0,-15.233191552869188,95.1796869781083,High,High,53.50450864551366,Mid,Mid
2024-10-15,2024-10-21,Tuesday,False,False,1.0,2199693.0,138108.0,1059191.0,-921083.0,-41.8732523129364,1224087.0,164183.0,1059904.0,48.184178428535255,187137.0,502109.0,-314972.0,-14.318907229327001,97.73928633766972,High,High,57.442644891779,Mid,Mid
2024-10-22,2024-10-28,Tuesday,False,False,1.0,2201296.0,124710.0,1054714.0,-930004.0,-42.24802116571329,1236284.0,165719.0,1070565.0,48.63339596310537,199213.0,494746.0,-295533.0,-13.42540939519265,100.0,High,High,64.01262691127364,Mid,Mid
2024-10-29,2024-11-04,Tuesday,False,False,1.0,2184936.0,119243.0,1057053.0,-937810.0,-42.92162333358963,1220228.0,170270.0,1049958.0,48.05440525489076,188520.0,474454.0,-285934.0,-13.086607571114211,94.83379754864232,High,High,67.25689140045154,Mid,Mid
2024-11-05,2024-11-11,Tuesday,False,False,1.0,2158810.0,127431.0,1075761.0,-948330.0,-43.928367943450326,1175374.0,178221.0,997153.0,46.18993797508813,238391.0,423283.0,-184892.0,-8.564533238219205,80.23051650778262,High,Mid,100.0,High,High
2024-11-12,2024-11-18,Tuesday,False,False,1.0,2255574.0,135195.0,1099598.0,-964403.0,-42.75643361734086,1244257.0,160533.0,1083724.0,48.04648395486027,218884.0,487384.0,-268500.0,-11.903843544924706,100.0,High,High,72.1342892090695,Mid,Mid
2024-11-19,2024-11-25,Tuesday,False,False,1.0,2280743.0,125923.0,1098895.0,-972972.0,-42.6603085047285,1249507.0,165200.0,1084307.0,47.541831762719426,231926.0,478807.0,-246881.0,-10.824586549207869,100.0,High,High,79.33968584084069,Mid,Mid
2024-11-26,2024-12-02,Tuesday,False,False,1.0,2295861.0,148519.0,1065153.0,-916634.0,-39.92550071628901,1268093.0,162484.0,1105609.0,48.15661749557138,167735.0,467372.0,-299637.0,-13.051182105536876,100.0,High,High,61.75663830368718,Mid,Mid
2024-12-03,2024-12-09,Tuesday,True,False,1.0,2303238.0,155611.0,1032622.0,-877011.0,-38.077306817619366,1259805.0,160784.0,1099021.0,47.71634542326933,161513.0,514085.0,-352572.0,-15.307666858570412,97.63621032991873,High,High,44.11393185552544,Mid,Mid
2024-12-10,2024-12-16,Tuesday,True,False,1.0,2349247.0,155881.0,1054715.0,-898834.0,-38.260514965007935,1250760.0,158951.0,1091809.0,46.4748491750761,187805.0,478394.0,-290589.0,-12.369452850211154,95.04000345043238,High,High,64.77224627465095,Mid,Mid
2024-12-17,2024-12-23,Tuesday,False,False,1.0,2623934.0,148073.0,1083034.0,-934961.0,-35.63203190324147,1217852.0,174072.0,1043780.0,39.779201763458985,216575.0,464444.0,-247869.0,-9.446464735774605,77.77741835773794,Mid,Mid,79.01039531527569,Mid,Mid
2024-12-24,2024-12-30,Tuesday,False,False,1.0,2092944.0,133395.0,956946.0,-823551.0,-39.34892667935693,1193250.0,149599.0,1043651.0,49.86521378498421,157251.0,489859.0,-332608.0,-15.891872883364295,77.7310531726007,Mid,Mid,50.7677335279747,Mid,Mid
2024-12-31,2025-01-06,Tuesday,False,False,1.0,2069072.0,147317.0,957802.0,-810485.0,-39.17142564396019,1159520.0,173554.0,985966.0,47.65257081435542,152000.0,477736.0,-325736.0,-15.743096421970815,56.99790817536823,Mid,Mid,53.05810244668193,Mid,Mid
2025-01-07,2025-01-13,Tuesday,False,False,1.0,2081903.0,140308.0,941253.0,-800945.0,-38.47177318059487,1158900.0,164602.0,994298.0,47.75909348322184,149925.0,490740.0,-340815.0,-16.370359233835583,59.99259594717963,Mid,Mid,48.03242245174794,Mid,Mid
2025-01-14,2025-01-20,Tuesday,False,False,1.0,2057030.0,137705.0,927968.0,-790263.0,-38.417670136069965,1116343.0,187836.0,928507.0,45.138233278075674,150826.0,451571.0,-300745.0,-14.620350699795337,36.34599210713593,Mid,Mid,61.38735297744626,Mid,Mid
2025-01-21,2025-01-27,Tuesday,False,False,1.0,2048587.0,148958.0,911235.0,-762277.0,-37.20989150082472,1115968.0,180614.0,935354.0,45.658495343375705,136276.0,526690.0,-390414.0,-19.057721248841275,38.806941119809075,Mid,Mid,31.50157146237656,Mid,Mid
2025-01-28,2025-02-03,Tuesday,False,False,1.0,2046711.0,141742.0,899446.0,-757704.0,-37.02056616688922,1137316.0,170885.0,966431.0,47.21873288412482,119780.0,518978.0,-399198.0,-19.504365784910522,49.976637697411455,Mid,Mid,28.573952052899788,Mid,Mid
2025-02-04,2025-02-10,Tuesday,False,False,1.0,2085692.0,137287.0,903996.0,-766709.0,-36.760413330443804,1109578.0,181663.0,927915.0,44.489550710267864,174823.0,501357.0,-326534.0,-15.65590700832146,36.133215443560275,Mid,Mid,52.79213702218711,Mid,Mid
2025-02-11,2025-02-17,Tuesday,False,False,1.0,2111106.0,136167.0,897622.0,-761455.0,-36.06900837759923,1120534.0,184514.0,936020.0,44.33789681806598,190561.0,549376.0,-358815.0,-16.996541149520677,39.04631486633169,Mid,Mid,42.03320235036112,Mid,Mid
2025-02-18,2025-02-24,Tuesday,False,False,1.0,2136225.0,148486.0,920086.0,-771600.0,-36.11979075237861,1138446.0,185718.0,952728.0,44.5986728926026,194000.0,550140.0,-356140.0,-16.67146485037859,45.05150489170674,Mid,Mid,42.924753115428324,Mid,Mid
2025-02-25,2025-03-03,Tuesday,False,False,1.0,2145543.0,140919.0,941217.0,-800298.0,-37.30048756888117,1131624.0,208953.0,922671.0,43.00407868777275,185543.0,523860.0,-338317.0,-15.768362600982593,34.24841675472457,Mid,Mid,48.86498088581818,Mid,Mid
2025-03-04,2025-03-10,Tuesday,True,False,1.0,2202261.0,141264.0,1010425.0,-869161.0,-39.46675711916072,1120326.0,207296.0,913030.0,41.45875534280451,240489.0,528463.0,-287974.0,-13.076288414497647,30.783248150783894,Mid,Mid,65.64379963938022,Mid,Mid
2025-03-11,2025-03-17,Tuesday,True,False,1.0,2308393.0,145410.0,1071348.0,-925938.0,-40.111800720241305,1096672.0,247839.0,848833.0,36.77159825038457,269887.0,461887.0,-192000.0,-8.317474537481269,7.709559854219232,Low,Low,97.35381385115389,High,High
2025-03-18,2025-03-24,Tuesday,False,False,1.0,2591482.0,134339.0,1041521.0,-907182.0,-35.00630141363128,1070090.0,236328.0,833762.0,32.17317349686395,238285.0,423487.0,-185202.0,-7.146567099443485,2.29274043403564,Low,Low,99.88459233171886,High,High
2025-03-25,2025-03-31,Tuesday,False,False,1.0,2084451.0,134217.0,993988.0,-859771.0,-41.246879873885256,1119994.0,202623.0,917371.0,44.01019740929386,167647.0,403415.0,-235768.0,-11.310795984170412,32.34349054365875,Mid,Mid,76.26011404253731,Mid,Mid
2025-04-01,2025-04-07,Tuesday,False,False,1.0,2124617.0,138550.0,986673.0,-848123.0,-39.9188653766773,1094327.0,206681.0,887646.0,41.77910654014347,169150.0,432438.0,-263288.0,-12.392257051506224,21.659729859898068,Mid,Mid,63.41866303323286,Mid,Mid
2025-04-08,2025-04-14,Tuesday,False,False,1.0,2349923.0,162071.0,963565.0,-801494.0,-34.10724521611985,1089384.0,273950.0,815434.0,34.700456142605525,214605.0,487023.0,-272418.0,-11.59263516293938,0.0,Low,Low,59.15839967149776,Mid,Mid
2025-04-15,2025-04-21,Tuesday,False,False,1.0,2197559.0,174861.0,930129.0,-755268.0,-34.36849704604063,1090526.0,276607.0,813919.0,37.03741287492168,158122.0,391325.0,-233203.0,-10.611910760985257,0.0,Low,Low,77.45700073726354,Mid,Mid
2025-04-22,2025-04-28,Tuesday,False,False,1.0,2224655.0,179688.0,955718.0,-776030.0,-34.88316165877406,1120304.0,304345.0,815959.0,36.6780017575759,169005.0,421326.0,-252321.0,-11.342028314502699,0.699372621618842,Low,Low,68.53611191473874,Mid,Mid
2025-04-29,2025-05-05,Tuesday,False,False,1.0,2150370.0,167505.0,917772.0,-750267.0,-34.89013518603775,1112246.0,280078.0,832168.0,38.69882857368732,147981.0,398154.0,-250173.0,-11.63395136650902,6.256299496040317,Low,Low,69.5384170298545,Mid,Mid
2025-05-06,2025-05-12,Tuesday,False,False,1.0,2149796.0,189164.0,878566.0,-689402.0,-32.068252057404514,1102134.0,283406.0,818728.0,38.08398564328894,154731.0,414498.0,-259767.0,-12.083332558065974,1.6486681065514759,Low,Low,65.06164083133463,Mid,Mid
2025-05-13,2025-05-19,Tuesday,False,False,1.0,2142617.0,191123.0,864880.0,-673757.0,-31.445517327641852,1115694.0,256693.0,859001.0,40.09120622117719,157321.0,443939.0,-286618.0,-13.377005783114763,15.455449278343448,Low,Mid,52.532360269894454,Mid,Mid
2025-05-20,2025-05-26,Tuesday,False,False,1.0,2130048.0,185308.0,863494.0,-678186.0,-31.839000811249324,1126011.0,250324.0,875687.0,41.111139279490416,147979.0,443912.0,-295933.0,-13.893254987681027,21.175905927525797,Mid,Mid,48.18577174694129,Mid,Mid
2025-05-27,2025-06-02,Tuesday,False,False,1.0,2129520.0,164705.0,882554.0,-717849.0,-33.70942747661445,1124498.0,265691.0,858807.0,40.32866561478643,164254.0,420920.0,-256666.0,-12.052763063976858,15.38894031334636,Low,Mid,66.50863718234675,Mid,Mid
2025-06-03,2025-06-09,Tuesday,True,False,1.0,2140283.0,178879.0,869334.0,-690455.0,-32.25998617939777,1085879.0,269554.0,816325.0,38.140984159571424,158686.0,444233.0,-285547.0,-13.341553430083778,0.8248482978504578,Low,Low,53.03211295997312,Mid,Mid
2025-06-10,2025-06-16,Tuesday,True,False,1.0,2241820.0,195791.0,806098.0,-610307.0,-27.22372893452641,1091111.0,262328.0,828783.0,36.96920359350885,148966.0,462641.0,-313675.0,-13.991979730754474,5.095820905756111,Low,Low,39.90695547488171,Mid,Mid
2025-06-17,2025-06-23,Tuesday,False,False,1.0,2473205.0,221285.0,796467.0,-575182.0,-23.25654363467646,1087314.0,238150.0,849164.0,34.33455779039748,151112.0,477994.0,-326882.0,-13.216939153850973,12.083033357331413,Low,Mid,33.744272208897556,Mid,Mid
2025-06-24,2025-06-30,Tuesday,False,False,1.0,1898304.0,138331.0,745827.0,-607496.0,-32.00203971545126,1066737.0,223268.0,843469.0,44.43276735443849,138406.0,413729.0,-275323.0,-14.503630609217492,10.130618121978813,Low,Mid,57.80286132912751,Mid,Mid
2025-07-01,2025-07-07,Tuesday,False,False,1.0,1900931.0,121741.0,762388.0,-640647.0,-33.701749300737376,1097414.0,255143.0,842271.0,44.30834154422228,143778.0,447202.0,-303424.0,-15.961862897706439,9.719908121635983,Low,Low,44.69030265134901,Mid,Mid
2025-07-08,2025-07-14,Tuesday,False,False,1.0,1915351.0,120318.0,735418.0,-615100.0,-32.11421822945246,1104653.0,238924.0,865729.0,45.19949607147724,147316.0,492728.0,-345412.0,-18.033874731054517,17.762007610819705,Low,Mid,25.097757412298304,Mid,Mid
2025-07-15,2025-07-21,Tuesday,False,False,1.0,1952930.0,146464.0,738098.0,-591634.0,-30.29468542139247,1100376.0,232051.0,868325.0,44.462679153886725,164743.0,509184.0,-344441.0,-17.63714009206679,18.65199355480133,Low,Mid,25.550847853069907,Mid,Mid
2025-07-22,2025-07-28,Tuesday,False,False,1.0,1937915.0,162730.0,740802.0,-578072.0,-29.82958488891412,1095059.0,241731.0,853328.0,44.03330383427549,146493.0,486440.0,-339947.0,-17.54189425232789,13.5105762967534,Low,Mid,27.647849336929436,Mid,Mid
2025-07-29,2025-08-04,Tuesday,False,False,1.0,1965169.0,135692.0,731302.0,-595610.0,-30.30833480479287,1113916.0,239718.0,874198.0,44.48462193327902,158368.0,522546.0,-364178.0,-18.53163773700888,20.66543247968734,Mid,Mid,16.34111970733437,Low,Mid
2025-08-05,2025-08-11,Tuesday,False,False,1.0,1928385.0,121015.0,730249.0,-609234.0,-31.592965097737224,1105164.0,255143.0,850021.0,44.079423973947115,147105.0,478564.0,-331459.0,-17.188424510665662,12.376838424354624,Low,Mid,31.608541058113165,Mid,Mid
2025-08-12,2025-08-18,Tuesday,False,False,1.0,1990230.0,134433.0,736157.0,-601724.0,-30.23389256518091,1154745.0,266621.0,888124.0,44.624189164066465,133667.0,525741.0,-392074.0,-19.69993417846179,25.439679111385377,Mid,Mid,3.3242186406353533,Low,Low
2025-08-19,2025-08-25,Tuesday,False,False,1.0,2001161.0,140077.0,751123.0,-611046.0,-30.534574679398606,1144853.0,272944.0,871909.0,43.570157523557576,142386.0,513362.0,-370976.0,-18.538038668552907,19.88069525866502,Low,Mid,13.169019999440055,Low,Mid
2025-08-26,2025-09-01,Tuesday,False,False,1.0,2043484.0,140192.0,718777.0,-578585.0,-28.313654523353254,1137003.0,264192.0,872811.0,42.7119077027273,130322.0,555910.0,-425588.0,-20.82658831681579,20.189927662929826,Mid,Mid,0.0,Low,Low
2025-09-02,2025-09-08,Tuesday,True,False,1.0,2022728.0,131768.0,733507.0,-601739.0,-29.74888368579463,1126072.0,263943.0,862129.0,42.62209254037122,131317.0,516857.0,-385540.0,-19.06039764120534,16.527820631492336,Low,Mid,16.63841526240569,Low,Mid
2025-09-09,2025-09-15,Tuesday,True,False,1.0,2063255.0,126459.0,735515.0,-609056.0,-29.519182069109245,1151913.0,262857.0,889056.0,43.08997191331173,120061.0,540571.0,-420510.0,-20.38090299066281,25.759196407144568,Mid,Mid,2.109715159371157,Low,Low
2025-09-16,2025-09-22,Tuesday,False,False,1.0,2467095.0,155035.0,719372.0,-564337.0,-22.874554891481683,1163037.0,264644.0,898393.0,36.415014419793316,120809.0,598620.0,-477811.0,-19.367353101522237,28.960197469916693,Mid,Mid,0.0,Low,Low
2025-09-23,2025-09-29,Tuesday,False,False,1.0,1963507.0,160173.0,751992.0,-591819.0,-30.14091622795335,1156024.0,240181.0,915843.0,46.6432256162061,113786.0,566058.0,-452272.0,-23.03388783436983,34.94257602248963,Mid,Mid,8.718792567228482,Low,Low
2025-09-30,2025-10-06,Tuesday,False,False,1.0,1955078.0,154152.0,778870.0,-624718.0,-31.953610034996043,1157476.0,219515.0,937961.0,47.975630639800556,117682.0,555746.0,-438064.0,-22.406471762251943,42.52528369159039,Mid,Mid,13.569280244709288,Low,Mid
2025-10-07,2025-10-13,Tuesday,False,True,1.0,1965775.0,156944.0,753571.0,-596627.0,-30.35072681258028,1161814.0,210643.0,951171.0,48.386565095191465,132281.0,594558.0,-462277.0,-23.516272208162174,47.05406424628887,Mid,Mid,5.303172549407856,Low,Low
2025-10-14,2025-10-20,Tuesday,False,True,1.0,1943899.0,138888.0,743679.0,-604791.0,-31.112264577532063,1133830.0,209825.0,924005.0,47.53359099418231,141062.0,562289.0,-421227.0,-21.66918137207746,37.740752168397954,Mid,Mid,19.31728566600323,Low,Mid
2025-10-21,2025-10-27,Tuesday,False,True,1.0,1900748.0,129513.0,707672.0,-578159.0,-30.41744618434427,1117981.0,213312.0,904669.0,47.595420329259845,125008.0,568247.0,-443239.0,-23.319188024924927,31.11179677054407,Mid,Mid,11.802580235491723,Low,Mid
2025-10-28,2025-11-03,Tuesday,False,True,1.0,1947747.0,137842.0,708674.0,-570832.0,-29.307297097620992,1134568.0,225808.0,908760.0,46.65698368422593,141643.0,592852.0,-451209.0,-23.165688356855384,32.514313140663035,Mid,Mid,9.081691525643608,Low,Low
2025-11-04,2025-11-10,Tuesday,False,True,1.0,1977017.0,128424.0,747017.0,-618593.0,-31.289209956211806,1124077.0,221725.0,902352.0,45.64209614788341,167978.0,576026.0,-408048.0,-20.639579730472725,30.317460317460316,Mid,Mid,23.8417136861819,Mid,Mid
2025-11-10,2025-11-17,Monday,False,True,1.0,2005108.0,133929.0,752140.0,-618211.0,-30.831805568577852,1129384.0,223847.0,905537.0,45.16150750981992,168555.0,589557.0,-421002.0,-20.99647500284274,31.409372964448558,Mid,Mid,19.41464548253813,Low,Mid
2025-11-18,2025-11-24,Tuesday,False,False,1.0,2064107.0,134893.0,811977.0,-677084.0,-32.802756833826926,1133330.0,219379.0,913951.0,44.2782762715305,195759.0,552811.0,-357052.0,-17.298134253699057,34.2939421989098,Mid,Mid,41.26974905078107,Mid,Mid
2025-11-25,2025-12-01,Tuesday,False,False,1.0,2100665.0,147568.0,834479.0,-686911.0,-32.69969271635411,1134473.0,226713.0,907760.0,43.21298255552408,199433.0,577772.0,-378339.0,-18.01043955128495,32.91488660198806,Mid,Mid,33.9948532000041,Mid,Mid
2025-12-02,2025-12-08,Tuesday,True,False,1.0,2102168.0,154061.0,810713.0,-656652.0,-31.23689448226783,1158581.0,215431.0,943150.0,44.86558638510338,174773.0,615460.0,-440687.0,-20.963452968554368,46.504372233617616,Mid,Mid,12.6872379181775,Low,Mid
2025-12-09,2025-12-15,Tuesday,True,False,1.0,2172273.0,158005.0,821917.0,-663912.0,-30.563009345510437,1170947.0,207956.0,962991.0,44.33103021581542,163825.0,612587.0,-448762.0,-20.658637289143673,64.85310687763474,Mid,Mid,9.927582541890374,Low,Low
2025-12-16,2025-12-22,Tuesday,False,False,1.0,2504363.0,164997.0,895001.0,-730004.0,-29.149288661428074,1170231.0,198182.0,972049.0,38.81422142077646,207305.0,595952.0,-388647.0,-15.518796596180346,68.83237859767033,Mid,Mid,30.472063402014292,Mid,Mid
2025-12-23,2025-12-29,Tuesday,False,False,1.0,1923191.0,128425.0,840342.0,-711917.0,-37.01748812260457,1153485.0,213951.0,939534.0,48.85287004774877,162773.0,533940.0,-371167.0,-19.29953915133754,69.63948131434368,Mid,Mid,36.44590562832995,Mid,Mid
2025-12-30,2026-01-05,Tuesday,False,False,1.0,1949403.0,128812.0,848867.0,-720055.0,-36.93720590355098,1170313.0,225976.0,944337.0,48.4423692792101,145527.0,512156.0,-366629.0,-18.807245089907013,72.30220812844067,Mid,Mid,37.99678068685515,Mid,Mid
2026-01-06,2026-01-12,Tuesday,False,False,1.0,1959833.0,145813.0,851931.0,-706118.0,-36.029498431754135,1177393.0,213548.0,963845.0,49.17995563907741,131137.0,546491.0,-415354.0,-21.19333637100712,94.81186365648517,High,High,21.34486635749413,Mid,Mid
2026-01-13,2026-01-19,Tuesday,False,False,1.0,1923938.0,133129.0,806124.0,-672995.0,-34.98007732057894,1140736.0,207305.0,933431.0,48.51668816770603,110713.0,557224.0,-446511.0,-23.20818030518655,75.57832163409853,Mid,Mid,10.696868517373014,Low,Mid
2026-01-20,2026-01-26,Tuesday,False,False,1.0,1944353.0,128715.0,789592.0,-660877.0,-33.98955848037882,1102460.0,207815.0,894645.0,46.0124781868313,115887.0,533669.0,-417782.0,-21.486941928754707,51.05040156832985,Mid,Mid,20.515090103175226,Mid,Mid
2026-01-27,2026-02-02,Tuesday,False,False,1.0,1915990.0,129566.0,795014.0,-665448.0,-34.73128774158529,1105862.0,191665.0,914197.0,47.714079927348266,111728.0,539131.0,-427403.0,-22.307162354709575,63.414911781445646,Mid,Mid,17.227084607787184,Low,Mid
2026-02-03,2026-02-09,Tuesday,False,False,1.0,1949539.0,135518.0,794322.0,-658804.0,-33.7928094795744,1121718.0,185975.0,935743.0,47.99816777197071,128956.0,578477.0,-449521.0,-23.057810077151572,77.04040978941377,Mid,Mid,9.668192024168771,Low,Low
2026-02-10,2026-02-16,Tuesday,False,False,1.0,1955058.0,136842.0,809503.0,-672661.0,-34.406191529867655,1110696.0,183362.0,927334.0,47.43255698807913,121150.0,545884.0,-424734.0,-21.724879773387798,71.72263327641814,Mid,Mid,18.139223332159983,Low,Mid
2026-02-17,2026-02-23,Tuesday,False,False,1.0,1987373.0,132457.0,793015.0,-660558.0,-33.237746512607345,1162764.0,183396.0,979368.0,49.279526289227036,117577.0,583942.0,-466365.0,-23.46640514890763,100.0,High,High,3.911704698078323,Low,Low
2026-02-24,2026-03-02,Tuesday,False,False,1.0,2038108.0,138788.0,809945.0,-671157.0,-32.93039426762468,1200221.0,185004.0,1015217.0,49.81173716015049,116481.0,593872.0,-477391.0,-23.423243518007876,100.0,High,High,0.14353625486570817,Low,Low
2026-03-03,2026-03-09,Tuesday,True,False,1.0,2085416.0,133315.0,852546.0,-719231.0,-34.48861042592941,1188827.0,180901.0,1007926.0,48.33213133494708,155834.0,567192.0,-411358.0,-19.72546484730145,96.37800673628153,High,High,22.710511296645013,Mid,Mid
2026-03-10,2026-03-16,Tuesday,True,False,1.0,2023096.0,139339.0,786355.0,-647016.0,-31.981477893288307,1098358.0,197292.0,901066.0,44.538964043228795,154685.0,512781.0,-358096.0,-17.70039582896709,43.2925314707548,Mid,Mid,40.91295893154346,Mid,Mid
2026-03-17,2026-03-23,Tuesday,False,False,1.0,2359720.0,140531.0,802355.0,-661824.0,-28.046717407150002,1089306.0,199864.0,889442.0,37.69269235333005,145042.0,492619.0,-347577.0,-14.729586561117422,37.51800812725412,Mid,Mid,53.24192176870748,Mid,Mid
2026-03-24,2026-03-30,Tuesday,False,False,1.0,1897311.0,122399.0,793708.0,-671309.0,-35.38212765329458,1108167.0,227099.0,881068.0,46.43772159651212,135058.0,476719.0,-341661.0,-18.007643449070816,33.358006537571164,Mid,Mid,55.66048534798534,Mid,Mid
2026-03-31,2026-04-06,Tuesday,False,False,1.0,1966743.0,130907.0,950568.0,-819661.0,-41.67606036986022,1142535.0,224168.0,918367.0,46.694814726682644,161380.0,391772.0,-230392.0,-11.714392780348017,51.88725173623185,Mid,Mid,100.0,High,High
2026-04-07,2026-04-13,Tuesday,False,False,1.0,1948342.0,116303.0,926032.0,-809729.0,-41.55990067452223,1162742.0,218886.0,943856.0,48.44406166884458,147347.0,388220.0,-240873.0,-12.362973235705025,64.54957326948106,Mid,Mid,95.76386615417572,High,High
2026-04-14,2026-04-20,Tuesday,False,False,1.0,1980961.0,133178.0,829910.0,-696732.0,-35.17141427822153,1205193.0,198055.0,1007138.0,50.84087975482606,124232.0,538757.0,-414525.0,-20.925449819557276,95.94545764787361,High,High,25.578472146439847,Mid,Mid
2026-04-21,2026-04-27,Tuesday,False,False,1.0,1985777.0,116135.0,840782.0,-724647.0,-36.49186187572925,1213218.0,193890.0,1019328.0,51.331443560883216,126459.0,532386.0,-405927.0,-20.441721301032292,100.0,High,High,29.053548838205636,Mid,Mid
2026-04-28,2026-05-04,Tuesday,False,False,1.0,1982697.0,121351.0,832311.0,-710960.0,-35.85822745482542,1193825.0,195617.0,998208.0,50.34596814339256,120816.0,521429.0,-400613.0,-20.205457515697052,89.5962128638493,High,Mid,31.20132245300482,Mid,Mid
2026-05-05,2026-05-11,Tuesday,False,False,1.0,2008969.0,123909.0,836184.0,-712275.0,-35.45475315945642,1208863.0,195462.0,1013401.0,50.44383462363034,141127.0,539932.0,-398805.0,-19.851227171748295,97.08033871420619,High,High,31.932066656158177,Mid,Mid
2026-05-12,2026-05-18,Tuesday,False,False,1.0,2078428.0,138126.0,874160.0,-736034.0,-35.41301406640018,1242976.0,184926.0,1058050.0,50.90626184789658,148141.0,577496.0,-429355.0,-20.65767974642374,100.0,High,High,19.584591320795898,Low,Mid
2026-05-19,2026-05-25,Tuesday,False,False,1.0,2097761.0,137243.0,845802.0,-708559.0,-33.776917389540564,1215000.0,206832.0,1008168.0,48.0592403043054,163924.0,566236.0,-402312.0,-19.178161859239445,79.36415348019443,Mid,Mid,30.514633071833607,Mid,Mid
2026-05-26,2026-06-01,Tuesday,False,False,1.0,2124493.0,166394.0,836810.0,-670416.0,-31.556517249056597,1208046.0,201544.0,1006502.0,47.37610338090076,149204.0,608619.0,-459415.0,-21.624688808106214,78.67494053159582,Mid,Mid,7.435160598013896,Low,Low
2026-06-02,2026-06-08,Tuesday,True,False,1.0,2183680.0,162738.0,774056.0,-611318.0,-27.99485272567409,1202632.0,217711.0,984921.0,45.10372398886284,160224.0,663733.0,-503509.0,-23.05781982708089,68.10312866657652,Mid,Mid,0.0,Low,Low
2026-06-09,2026-06-15,Tuesday,True,False,1.0,2242004.0,168142.0,837420.0,-669278.0,-29.8517754651642,1208185.0,221347.0,986838.0,44.015889356129605,168403.0,628093.0,-459690.0,-20.50353166185252,66.99771525495993,Mid,Mid,16.04403973388694,Low,Mid
2026-06-16,2026-06-22,Tuesday,False,False,1.0,2624882.0,181854.0,791502.0,-609648.0,-23.22572976613806,1202819.0,216242.0,986577.0,37.58557527538381,156858.0,680740.0,-523882.0,-19.958306697215342,66.8767581646036,Mid,Mid,0.0,Low,Low
2026-06-23,2026-06-29,Tuesday,False,False,1.0,1997951.0,113017.0,868232.0,-755215.0,-37.799475562714,1174108.0,179116.0,994992.0,49.80062073594397,184095.0,558664.0,-374569.0,-18.747656974570447,70.7765815950579,Mid,Mid,50.87498722273332,Mid,Mid
2026-06-30,2026-07-06,Tuesday,False,False,1.0,1986279.0,128378.0,874853.0,-746475.0,-37.58157841874178,1152122.0,172624.0,979498.0,49.313213299843575,147970.0,510569.0,-362599.0,-18.25518972913674,62.239880016728435,Mid,Mid,54.95349074925892,Mid,Mid
2026-07-07,2026-07-13,Tuesday,False,False,1.0,1987662.0,136480.0,861691.0,-725211.0,-36.48562985054803,1161954.0,189255.0,972699.0,48.93684137443891,133637.0,498596.0,-364959.0,-18.361220368452987,58.97158569237943,Mid,Mid,54.14937476575011,Mid,Mid
2026-07-14,2026-07-20,Tuesday,False,False,1.0,1959749.0,143190.0,842971.0,-699781.0,-35.70768501476464,1146844.0,203822.0,943022.0,48.11952959282031,132631.0,503220.0,-370589.0,-18.910023681604123,44.70578621249922,Mid,Mid,52.23108112712529,Mid,Mid
2026-07-21,2026-07-27,Tuesday,False,False,1.0,1958349.0,149182.0,874153.0,-724971.0,-37.01949958868414,1145470.0,214564.0,930906.0,47.535245249952894,141767.0,471081.0,-329314.0,-16.815899515357067,38.881598238707106,Mid,Mid,66.29459266073802,Mid,Mid
2026-07-28,2026-08-03,Tuesday,False,False,1.0,2007178.0,166249.0,915511.0,-749262.0,-37.32912576762001,1160957.0,214663.0,946294.0,47.14549481909427,150572.0,452944.0,-302372.0,-15.064533389664495,46.278643842925746,Mid,Mid,75.47446250298137,Mid,Mid
2026-08-04,2026-08-10,Tuesday,False,False,1.0,2140892.0,236360.0,945716.0,-709356.0,-33.13366578043171,1164371.0,225287.0,939084.0,43.86414634647614,201532.0,534631.0,-333099.0,-15.558888538048626,39.27858677732352,Mid,Mid,65.00494054311902,Mid,Mid
2026-08-11,2026-08-17,Tuesday,False,False,1.0,2146778.0,216544.0,987006.0,-770462.0,-35.88922562090724,1156714.0,206446.0,950268.0,44.264847133704556,197380.0,483885.0,-286505.0,-13.345814052501003,44.987010070385516,Mid,Mid,80.88077958363147,High,Mid
2026-08-18,2026-08-24,Tuesday,False,False,1.0,2099170.0,220311.0,993943.0,-773632.0,-36.854185225589156,1167721.0,205018.0,962703.0,45.861126064111055,162166.0,451601.0,-289435.0,-13.788068617596478,51.33395603329913,Mid,Mid,79.88244914647858,Mid,Mid
2026-08-25,2026-08-31,Tuesday,False,False,1.0,2074931.0,207772.0,952263.0,-744491.0,-35.88027746464822,1168355.0,213379.0,954976.0,46.02447021129859,138765.0,467297.0,-328532.0,-15.83339397792023,47.390019446613685,Mid,Mid,66.56104126205322,Mid,Mid
2026-09-01,2026-09-07,Tuesday,True,False,1.0,2079148.0,202607.0,903840.0,-701233.0,-33.72694007353012,1159145.0,222834.0,936311.0,45.03339829584041,150561.0,484997.0,-334436.0,-16.08524260899176,31.21390875908284,Mid,Mid,64.54938839483458,Mid,Mid
2026-09-08,2026-09-14,Tuesday,True,False,1.0,2107535.0,213707.0,876529.0,-662822.0,-31.450106403926863,1155738.0,241295.0,914443.0,43.389220107851116,139278.0,501365.0,-362087.0,-17.180592493125857,18.85784995084246,Low,Mid,55.12794303042693,Mid,Mid
