date,open,high,low,close,volume,n_bars,first_bar,last_bar,weekday,half_day,suspicious,move_pct
2010-06-07,1066.7500,1070.7500,1048.7500,1049.7500,1830018,390,09:30,15:59,Monday,False,False,-1.5936
2010-06-08,1050.2500,1063.2500,1041.2500,1060.5000,2782585,390,09:30,15:59,Tuesday,False,False,0.9760
2010-06-09,1067.2500,1077.7500,1051.2500,1054.7500,2219416,390,09:30,15:59,Wednesday,False,False,-1.1712
2010-06-10,1073.2500,1087.7500,1071.7500,1086.7500,1267418,390,09:30,15:59,Thursday,False,False,1.2579
2010-06-11,1076.5000,1092.2500,1076.0000,1091.5000,497403,390,09:30,15:59,Friday,False,False,1.3934
2010-06-14,1095.7500,1101.7500,1084.2500,1085.5000,1647230,390,09:30,15:59,Monday,False,False,-0.9354
2010-06-15,1093.0000,1111.5000,1091.2500,1110.2500,1746322,390,09:30,15:59,Tuesday,False,False,1.5782
2010-06-16,1104.5000,1114.7500,1102.5000,1109.7500,1693789,390,09:30,15:59,Wednesday,False,False,0.4753
2010-06-17,1113.0000,1113.7500,1100.7500,1111.5000,1955233,390,09:30,15:59,Thursday,False,False,-0.1348
2010-06-18,1113.5000,1116.7500,1109.0000,1112.2500,1202289,390,09:30,15:59,Friday,False,False,-0.1123
2010-06-21,1126.5000,1127.5000,1103.2500,1109.0000,1733121,390,09:30,15:59,Monday,False,False,-1.5535
2010-06-22,1109.7500,1114.5000,1089.5000,1091.5000,1886263,390,09:30,15:59,Tuesday,False,False,-1.6445
2010-06-23,1091.7500,1095.7500,1080.2500,1087.5000,1851861,390,09:30,15:59,Wednesday,False,False,-0.3893
2010-06-24,1082.5000,1083.7500,1066.5000,1069.7500,2083060,390,09:30,15:59,Thursday,False,False,-1.1778
2010-06-25,1072.7500,1079.5000,1062.7500,1074.2500,1901181,390,09:30,15:59,Friday,False,False,0.1398
2010-06-28,1075.5000,1078.5000,1066.5000,1070.0000,1330939,390,09:30,15:59,Monday,False,False,-0.5114
2010-06-29,1055.5000,1055.7500,1030.2500,1037.0000,2581051,390,09:30,15:59,Tuesday,False,False,-1.7527
2010-06-30,1034.0000,1043.7500,1023.5000,1026.0000,1993031,390,09:30,15:59,Wednesday,False,False,-0.7737
2010-07-01,1026.2500,1029.7500,1006.0000,1023.0000,2818757,390,09:30,15:59,Thursday,False,False,-0.3167
2010-07-02,1026.0000,1029.0000,1010.7500,1017.2500,1523521,390,09:30,15:59,Friday,False,False,-0.8528
2010-07-05,1013.7500,1014.2500,1011.2500,1012.0000,15696,120,09:30,11:29,Monday,True,False,-0.1726
2010-07-06,1031.2500,1038.5000,1013.5000,1023.7500,1870564,390,09:30,15:59,Tuesday,False,False,-0.7273
2010-07-07,1025.7500,1057.5000,1024.7500,1056.2500,2049794,390,09:30,15:59,Wednesday,False,False,2.9734
2010-07-08,1064.5000,1067.7500,1054.0000,1066.2500,1644762,390,09:30,15:59,Thursday,False,False,0.1644
2010-07-09,1066.2500,1074.7500,1064.2500,1074.2500,1111121,390,09:30,15:59,Friday,False,False,0.7503
2010-07-12,1071.0000,1077.2500,1066.5000,1075.2500,1152581,390,09:30,15:59,Monday,False,False,0.3968
2010-07-13,1086.2500,1096.0000,1084.2500,1091.5000,1565744,390,09:30,15:59,Tuesday,False,False,0.4833
2010-07-14,1087.7500,1095.5000,1083.5000,1091.5000,1498270,390,09:30,15:59,Wednesday,False,False,0.3447
2010-07-15,1091.2500,1095.5000,1076.2500,1091.7500,1899054,390,09:30,15:59,Thursday,False,False,0.0458
2010-07-16,1085.7500,1086.5000,1059.0000,1061.5000,2009681,390,09:30,15:59,Friday,False,False,-2.2335
2010-07-19,1065.2500,1071.0000,1057.0000,1068.2500,1401713,390,09:30,15:59,Monday,False,False,0.2816
2010-07-20,1053.2500,1080.5000,1053.0000,1079.5000,1762297,390,09:30,15:59,Tuesday,False,False,2.4923
2010-07-21,1085.0000,1085.5000,1061.0000,1065.7500,2010354,390,09:30,15:59,Wednesday,False,False,-1.7742
2010-07-22,1078.2500,1094.5000,1078.0000,1089.5000,1692094,390,09:30,15:59,Thursday,False,False,1.0434
2010-07-23,1087.2500,1100.7500,1084.0000,1099.0000,1707252,390,09:30,15:59,Friday,False,False,1.0807
2010-07-26,1100.7500,1111.7500,1097.7500,1110.7500,1209818,390,09:30,15:59,Monday,False,False,0.9085
2010-07-27,1116.7500,1117.7500,1106.0000,1110.0000,1489083,390,09:30,15:59,Tuesday,False,False,-0.6044
2010-07-28,1108.0000,1111.5000,1099.2500,1103.0000,1291270,390,09:30,15:59,Wednesday,False,False,-0.4513
2010-07-29,1110.0000,1113.0000,1088.7500,1097.7500,1894759,390,09:30,15:59,Thursday,False,False,-1.1036
2010-07-30,1086.5000,1103.5000,1084.5000,1098.0000,1707386,390,09:30,15:59,Friday,False,False,1.0584
2010-08-02,1114.5000,1124.2500,1110.2500,1122.2500,1277755,390,09:30,15:59,Monday,False,False,0.6954
2010-08-03,1119.7500,1122.7500,1113.2500,1116.7500,1207174,390,09:30,15:59,Tuesday,False,False,-0.2679
2010-08-04,1120.2500,1126.0000,1116.2500,1124.5000,1246419,390,09:30,15:59,Wednesday,False,False,0.3794
2010-08-05,1117.2500,1124.0000,1115.5000,1123.2500,980175,390,09:30,15:59,Thursday,False,False,0.5370
2010-08-06,1112.2500,1120.5000,1103.7500,1118.5000,1666743,390,09:30,15:59,Friday,False,False,0.5619
2010-08-09,1123.7500,1126.7500,1118.0000,1124.5000,773361,390,09:30,15:59,Monday,False,False,0.0667
2010-08-10,1115.2500,1124.5000,1108.2500,1119.0000,1635476,390,09:30,15:59,Tuesday,False,False,0.3362
2010-08-11,1101.2500,1101.5000,1085.7500,1087.5000,2070668,390,09:30,15:59,Wednesday,False,False,-1.2486
2010-08-12,1071.2500,1084.7500,1070.5000,1081.2500,1550164,390,09:30,15:59,Thursday,False,False,0.9335
2010-08-13,1077.2500,1084.2500,1076.2500,1077.5000,1023047,390,09:30,15:59,Friday,False,False,0.0232
2010-08-16,1070.2500,1080.7500,1066.2500,1077.5000,1249653,390,09:30,15:59,Monday,False,False,0.6774
2010-08-17,1086.2500,1098.5000,1083.2500,1090.7500,1407722,390,09:30,15:59,Tuesday,False,False,0.4143
2010-08-18,1089.7500,1098.5000,1083.7500,1092.5000,1435452,390,09:30,15:59,Wednesday,False,False,0.2524
2010-08-19,1086.5000,1089.5000,1068.5000,1073.7500,1923731,390,09:30,15:59,Thursday,False,False,-1.1735
2010-08-20,1070.2500,1071.5000,1061.7500,1070.0000,1361138,390,09:30,15:59,Friday,False,False,-0.0234
2010-08-23,1074.7500,1080.2500,1065.0000,1065.7500,1265330,390,09:30,15:59,Monday,False,False,-0.8374
2010-08-24,1053.7500,1058.2500,1044.0000,1050.2500,1998785,390,09:30,15:59,Tuesday,False,False,-0.3321
2010-08-25,1044.0000,1057.7500,1037.0000,1053.7500,2014229,390,09:30,15:59,Wednesday,False,False,0.9339
2010-08-26,1058.7500,1060.2500,1043.0000,1046.5000,1571241,390,09:30,15:59,Thursday,False,False,-1.1570
2010-08-27,1053.2500,1064.2500,1037.2500,1063.2500,2065582,390,09:30,15:59,Friday,False,False,0.9494
2010-08-30,1060.2500,1063.5000,1047.2500,1047.7500,1127576,390,09:30,15:59,Monday,False,False,-1.1790
2010-08-31,1043.5000,1054.2500,1039.2500,1048.5000,2023222,390,09:30,15:59,Tuesday,False,False,0.4792
2010-09-01,1061.5000,1080.7500,1061.0000,1079.2500,1820562,390,09:30,15:59,Wednesday,False,False,1.6722
2010-09-02,1081.7500,1089.2500,1079.2500,1089.2500,1162267,390,09:30,15:59,Thursday,False,False,0.6933
2010-09-03,1099.7500,1104.5000,1093.7500,1103.7500,1397713,390,09:30,15:59,Friday,False,False,0.3637
2010-09-06,1106.0000,1106.5000,1104.0000,1104.5000,19206,120,09:30,11:29,Monday,True,False,-0.1356
2010-09-07,1098.0000,1099.5000,1089.7500,1091.2500,1194109,390,09:30,15:59,Tuesday,False,False,-0.6148
2010-09-08,1092.7500,1103.0000,1092.2500,1098.2500,1288200,390,09:30,15:59,Wednesday,False,False,0.5033
2010-09-09,1110.7500,1111.5000,1100.5000,1103.7500,717421,390,09:30,15:59,Thursday,False,False,-0.6302
2010-09-10,1105.7500,1110.5000,1103.0000,1109.7500,266659,390,09:30,15:59,Friday,False,False,0.3617
2010-09-13,1115.2500,1119.0000,1110.7500,1117.0000,1165175,390,09:30,15:59,Monday,False,False,0.1569
2010-09-14,1114.5000,1122.5000,1110.2500,1116.0000,1551442,390,09:30,15:59,Tuesday,False,False,0.1346
2010-09-15,1112.5000,1121.5000,1109.0000,1120.5000,1356316,390,09:30,15:59,Wednesday,False,False,0.7191
2010-09-16,1116.5000,1120.5000,1112.7500,1120.2500,1250098,390,09:30,15:59,Thursday,False,False,0.3359
2010-09-17,1125.7500,1126.7500,1117.0000,1120.2500,1328645,390,09:30,15:59,Friday,False,False,-0.4886
2010-09-20,1124.0000,1140.2500,1121.2500,1137.7500,1461188,390,09:30,15:59,Monday,False,False,1.2233
2010-09-21,1138.2500,1144.0000,1130.2500,1135.2500,1748233,390,09:30,15:59,Tuesday,False,False,-0.2636
2010-09-22,1133.5000,1139.7500,1126.5000,1130.0000,1581976,390,09:30,15:59,Wednesday,False,False,-0.3088
2010-09-23,1120.5000,1132.2500,1117.2500,1120.2500,1710439,390,09:30,15:59,Thursday,False,False,-0.0223
2010-09-24,1133.0000,1144.5000,1131.7500,1143.5000,1341694,390,09:30,15:59,Friday,False,False,0.9267
2010-09-27,1144.0000,1145.2500,1137.0000,1138.2500,1035820,390,09:30,15:59,Monday,False,False,-0.5026
2010-09-28,1139.7500,1146.0000,1127.2500,1142.7500,1901788,390,09:30,15:59,Tuesday,False,False,0.2632
2010-09-29,1139.5000,1144.5000,1135.5000,1139.5000,1485854,390,09:30,15:59,Wednesday,False,False,0.0000
2010-09-30,1145.7500,1153.5000,1131.2500,1136.5000,2295966,390,09:30,15:59,Thursday,False,False,-0.8073
2010-10-01,1145.0000,1146.5000,1134.5000,1141.2500,1670855,390,09:30,15:59,Friday,False,False,-0.3275
2010-10-04,1139.0000,1144.0000,1127.0000,1132.7500,1497771,390,09:30,15:59,Monday,False,False,-0.5487
2010-10-05,1143.2500,1158.7500,1142.0000,1156.0000,1768578,390,09:30,15:59,Tuesday,False,False,1.1152
2010-10-06,1155.5000,1158.7500,1151.0000,1155.5000,1309683,390,09:30,15:59,Wednesday,False,False,0.0000
2010-10-07,1160.2500,1160.7500,1147.2500,1154.0000,1573082,390,09:30,15:59,Thursday,False,False,-0.5387
2010-10-08,1156.0000,1164.0000,1151.5000,1160.7500,1364640,390,09:30,15:59,Friday,False,False,0.4109
2010-10-11,1162.7500,1165.0000,1157.7500,1162.0000,810614,390,09:30,15:59,Monday,False,False,-0.0645
2010-10-12,1158.2500,1169.0000,1151.7500,1165.7500,1509615,390,09:30,15:59,Tuesday,False,False,0.6475
2010-10-13,1172.0000,1181.0000,1169.2500,1174.2500,1723953,390,09:30,15:59,Wednesday,False,False,0.1920
2010-10-14,1173.5000,1175.5000,1162.5000,1170.5000,1803207,390,09:30,15:59,Thursday,False,False,-0.2556
2010-10-15,1178.2500,1179.0000,1163.0000,1172.5000,2028793,390,09:30,15:59,Friday,False,False,-0.4880
2010-10-18,1172.7500,1182.2500,1170.5000,1180.7500,1096814,390,09:30,15:59,Monday,False,False,0.6822
2010-10-19,1167.2500,1173.7500,1155.5000,1162.2500,2429110,390,09:30,15:59,Tuesday,False,False,-0.4284
2010-10-20,1164.7500,1180.0000,1164.0000,1174.2500,1851267,390,09:30,15:59,Wednesday,False,False,0.8156
2010-10-21,1179.2500,1186.2500,1167.2500,1176.5000,2000889,390,09:30,15:59,Thursday,False,False,-0.2332
2010-10-22,1178.2500,1180.7500,1175.5000,1179.2500,905178,390,09:30,15:59,Friday,False,False,0.0849
2010-10-25,1186.7500,1193.0000,1181.2500,1182.2500,1441523,390,09:30,15:59,Monday,False,False,-0.3792
2010-10-26,1176.5000,1183.7500,1174.0000,1182.2500,1367048,390,09:30,15:59,Tuesday,False,False,0.4887
2010-10-27,1174.2500,1180.5000,1167.7500,1178.7500,1791051,390,09:30,15:59,Wednesday,False,False,0.3832
2010-10-28,1185.7500,1186.5000,1173.5000,1179.7500,1635785,390,09:30,15:59,Thursday,False,False,-0.5060
2010-10-29,1178.2500,1182.5000,1175.7500,1180.2500,1360780,390,09:30,15:59,Friday,False,False,0.1697
2010-11-01,1186.2500,1192.7500,1173.7500,1181.0000,1662424,390,09:30,15:59,Monday,False,False,-0.4426
2010-11-02,1189.7500,1193.0000,1186.2500,1190.0000,1202173,390,09:30,15:59,Tuesday,False,False,0.0210
2010-11-03,1192.2500,1195.5000,1179.5000,1195.0000,2003325,390,09:30,15:59,Wednesday,False,False,0.2307
2010-11-04,1207.7500,1218.7500,1206.5000,1217.7500,1784753,390,09:30,15:59,Thursday,False,False,0.8280
2010-11-05,1218.5000,1224.5000,1217.0000,1222.5000,1539705,390,09:30,15:59,Friday,False,False,0.3283
2010-11-08,1218.7500,1222.0000,1214.7500,1220.5000,1191185,390,09:30,15:59,Monday,False,False,0.1436
2010-11-09,1223.2500,1224.7500,1206.2500,1211.2500,1928705,390,09:30,15:59,Tuesday,False,False,-0.9810
2010-11-10,1211.0000,1217.0000,1201.7500,1215.7500,2032817,390,09:30,15:59,Wednesday,False,False,0.3922
2010-11-11,1205.7500,1213.2500,1202.0000,1211.5000,1368956,390,09:30,15:59,Thursday,False,False,0.4769
2010-11-12,1203.2500,1208.7500,1191.5000,1197.0000,2128551,390,09:30,15:59,Friday,False,False,-0.5194
2010-11-15,1201.0000,1205.7500,1194.7500,1195.2500,1663403,390,09:30,15:59,Monday,False,False,-0.4788
2010-11-16,1188.0000,1190.0000,1171.0000,1176.2500,2602229,390,09:30,15:59,Tuesday,False,False,-0.9891
2010-11-17,1177.0000,1182.0000,1173.5000,1177.0000,1570345,390,09:30,15:59,Wednesday,False,False,0.0000
2010-11-18,1188.5000,1199.0000,1188.5000,1195.0000,1586298,390,09:30,15:59,Thursday,False,False,0.5469
2010-11-19,1194.0000,1198.7500,1187.5000,1198.0000,1250928,390,09:30,15:59,Friday,False,False,0.3350
2010-11-22,1192.0000,1197.5000,1182.5000,1196.5000,1757442,390,09:30,15:59,Monday,False,False,0.3775
2010-11-23,1182.7500,1185.0000,1174.7500,1179.0000,1920207,390,09:30,15:59,Tuesday,False,False,-0.3171
2010-11-24,1186.7500,1197.5000,1186.5000,1196.7500,1232487,390,09:30,15:59,Wednesday,False,False,0.8426
2010-11-25,1195.5000,1200.5000,1194.7500,1200.0000,29411,120,09:30,11:29,Thursday,True,False,0.3764
2010-11-26,1186.5000,1193.2500,1183.0000,1183.2500,512429,225,09:30,13:14,Friday,True,False,-0.2739
2010-11-29,1179.7500,1190.0000,1172.2500,1186.7500,1931226,390,09:30,15:59,Monday,False,False,0.5933
2010-11-30,1174.7500,1187.0000,1173.0000,1179.5000,2310356,390,09:30,15:59,Tuesday,False,False,0.4043
2010-12-01,1197.0000,1207.7500,1196.7500,1205.2500,1737524,390,09:30,15:59,Wednesday,False,False,0.6892
2010-12-02,1207.0000,1221.7500,1206.2500,1220.5000,1473603,390,09:30,15:59,Thursday,False,False,1.1185
2010-12-03,1216.5000,1225.5000,1216.2500,1223.7500,1234344,390,09:30,15:59,Friday,False,False,0.5960
2010-12-06,1221.2500,1225.5000,1220.0000,1222.2500,993606,390,09:30,15:59,Monday,False,False,0.0819
2010-12-07,1234.5000,1235.0000,1222.5000,1223.0000,1912644,390,09:30,15:59,Tuesday,False,False,-0.9316
2010-12-08,1224.7500,1228.7500,1219.0000,1227.5000,1473383,390,09:30,15:59,Wednesday,False,False,0.2245
2010-12-09,1234.5000,1235.2500,1226.5000,1232.7500,646415,390,09:30,15:59,Thursday,False,False,-0.1418
2010-12-10,1236.2500,1241.0000,1232.2500,1239.7500,291810,390,09:30,15:59,Friday,False,False,0.2831
2010-12-13,1240.5000,1242.0000,1235.2500,1235.5000,1170670,390,09:30,15:59,Monday,False,False,-0.4031
2010-12-14,1237.5000,1242.2500,1232.7500,1236.2500,1231125,390,09:30,15:59,Tuesday,False,False,-0.1010
2010-12-15,1234.2500,1239.5000,1228.7500,1231.0000,1469432,390,09:30,15:59,Wednesday,False,False,-0.2633
2010-12-16,1232.0000,1239.2500,1227.5000,1238.0000,1188177,390,09:30,15:59,Thursday,False,False,0.4870
2010-12-17,1237.5000,1241.0000,1234.5000,1239.7500,1000112,390,09:30,15:59,Friday,False,False,0.1818
2010-12-20,1243.0000,1245.7500,1236.2500,1242.2500,923169,390,09:30,15:59,Monday,False,False,-0.0603
2010-12-21,1246.2500,1251.2500,1245.2500,1249.7500,742231,390,09:30,15:59,Tuesday,False,False,0.2808
2010-12-22,1251.5000,1254.7500,1250.5000,1254.2500,499795,390,09:30,15:59,Wednesday,False,False,0.2197
2010-12-23,1252.7500,1254.2500,1249.2500,1252.2500,448348,390,09:30,15:59,Thursday,False,False,-0.0399
2010-12-27,1247.5000,1254.2500,1247.0000,1253.0000,440495,390,09:30,15:59,Monday,False,False,0.4409
2010-12-28,1255.2500,1256.0000,1251.5000,1254.5000,454444,390,09:30,15:59,Tuesday,False,False,-0.0597
2010-12-29,1256.2500,1258.5000,1255.5000,1255.7500,465846,390,09:30,15:59,Wednesday,False,False,-0.0398
2010-12-30,1254.5000,1257.0000,1251.5000,1254.0000,558346,390,09:30,15:59,Thursday,False,False,-0.0399
2010-12-31,1251.2500,1255.0000,1249.5000,1254.2500,487800,390,09:30,15:59,Friday,False,False,0.2398
2011-01-03,1263.2500,1272.5000,1262.7500,1266.7500,1283579,390,09:30,15:59,Monday,False,False,0.2771
2011-01-04,1269.7500,1270.0000,1258.2500,1265.5000,1496725,390,09:30,15:59,Tuesday,False,False,-0.3347
2011-01-05,1262.0000,1273.7500,1260.7500,1272.7500,1360929,390,09:30,15:59,Wednesday,False,False,0.8518
2011-01-06,1273.0000,1274.5000,1266.2500,1270.2500,1310681,390,09:30,15:59,Thursday,False,False,-0.2160
2011-01-07,1272.0000,1274.0000,1257.7500,1267.5000,1695869,390,09:30,15:59,Friday,False,False,-0.3538
2011-01-10,1262.2500,1268.0000,1258.0000,1266.2500,1590400,390,09:30,15:59,Monday,False,False,0.3169
2011-01-11,1270.5000,1273.7500,1265.5000,1270.7500,1349081,390,09:30,15:59,Tuesday,False,False,0.0197
2011-01-12,1278.5000,1283.5000,1276.0000,1282.2500,1234914,390,09:30,15:59,Wednesday,False,False,0.2933
2011-01-13,1282.5000,1283.0000,1276.2500,1280.0000,1347209,390,09:30,15:59,Thursday,False,False,-0.1949
2011-01-14,1278.0000,1289.5000,1277.0000,1289.0000,1244702,390,09:30,15:59,Friday,False,False,0.8607
2011-01-17,1284.2500,1285.7500,1283.5000,1285.2500,36160,120,09:30,11:29,Monday,True,False,0.0779
2011-01-18,1287.7500,1292.5000,1286.5000,1291.7500,1154293,390,09:30,15:59,Tuesday,False,False,0.3106
2011-01-19,1290.2500,1291.2500,1275.0000,1278.7500,1936681,390,09:30,15:59,Wednesday,False,False,-0.8913
2011-01-20,1275.7500,1280.2500,1267.5000,1277.2500,2035973,390,09:30,15:59,Thursday,False,False,0.1176
2011-01-21,1285.0000,1288.0000,1278.5000,1280.2500,1533130,390,09:30,15:59,Friday,False,False,-0.3696
2011-01-24,1279.0000,1288.7500,1278.7500,1287.5000,1351658,390,09:30,15:59,Monday,False,False,0.6646
2011-01-25,1283.5000,1288.5000,1277.0000,1287.5000,2027809,390,09:30,15:59,Tuesday,False,False,0.3116
2011-01-26,1290.7500,1296.7500,1288.2500,1293.0000,1335391,390,09:30,15:59,Wednesday,False,False,0.1743
2011-01-27,1293.2500,1298.2500,1290.7500,1296.2500,1171057,390,09:30,15:59,Thursday,False,False,0.2320
2011-01-28,1297.5000,1299.5000,1271.0000,1273.0000,2841563,390,09:30,15:59,Friday,False,False,-1.8882
2011-01-31,1276.5000,1283.7500,1273.2500,1282.7500,1827541,390,09:30,15:59,Monday,False,False,0.4896
2011-02-01,1290.5000,1306.0000,1289.7500,1303.5000,1742447,390,09:30,15:59,Tuesday,False,False,1.0074
2011-02-02,1300.0000,1304.2500,1299.2500,1300.5000,1053100,390,09:30,15:59,Wednesday,False,False,0.0385
2011-02-03,1298.5000,1305.7500,1291.5000,1303.7500,1559050,390,09:30,15:59,Thursday,False,False,0.4043
2011-02-04,1304.2500,1308.0000,1298.0000,1307.2500,1207786,390,09:30,15:59,Friday,False,False,0.2300
2011-02-07,1310.5000,1320.0000,1310.0000,1315.5000,1234509,390,09:30,15:59,Monday,False,False,0.3815
2011-02-08,1317.0000,1322.2500,1313.0000,1321.5000,1166253,390,09:30,15:59,Tuesday,False,False,0.3417
2011-02-09,1317.7500,1322.0000,1311.7500,1318.7500,1523870,390,09:30,15:59,Wednesday,False,False,0.0759
2011-02-10,1311.5000,1320.5000,1308.5000,1319.2500,1652848,390,09:30,15:59,Thursday,False,False,0.5909
2011-02-11,1313.7500,1328.7500,1313.2500,1327.0000,1546045,390,09:30,15:59,Friday,False,False,1.0086
2011-02-14,1326.0000,1331.2500,1324.5000,1329.7500,915631,390,09:30,15:59,Monday,False,False,0.2828
2011-02-15,1325.7500,1328.0000,1322.2500,1326.0000,1139345,390,09:30,15:59,Tuesday,False,False,0.0189
2011-02-16,1330.2500,1336.0000,1327.5000,1333.7500,1505409,390,09:30,15:59,Wednesday,False,False,0.2631
2011-02-17,1330.2500,1340.0000,1329.0000,1338.2500,1375391,390,09:30,15:59,Thursday,False,False,0.6014
2011-02-18,1339.5000,1342.7500,1336.2500,1341.5000,1230311,390,09:30,15:59,Friday,False,False,0.1493
2011-02-21,1338.5000,1339.0000,1329.0000,1330.0000,115298,120,09:30,11:29,Monday,True,False,-0.6350
2011-02-22,1326.5000,1334.5000,1310.2500,1314.0000,2434596,390,09:30,15:59,Tuesday,False,False,-0.9423
2011-02-23,1313.2500,1316.5000,1297.5000,1306.2500,2617061,390,09:30,15:59,Wednesday,False,False,-0.5330
2011-02-24,1304.5000,1310.0000,1292.5000,1305.0000,2224499,390,09:30,15:59,Thursday,False,False,0.0383
2011-02-25,1310.5000,1320.0000,1309.7500,1319.0000,1394165,390,09:30,15:59,Friday,False,False,0.6486
2011-02-28,1323.7500,1329.0000,1319.2500,1327.2500,1382948,390,09:30,15:59,Monday,False,False,0.2644
2011-03-01,1331.5000,1332.5000,1304.5000,1304.7500,2577896,390,09:30,15:59,Tuesday,False,False,-2.0090
2011-03-02,1303.0000,1313.7500,1301.5000,1307.7500,2130790,390,09:30,15:59,Wednesday,False,False,0.3645
2011-03-03,1319.5000,1332.0000,1319.2500,1330.2500,1822744,390,09:30,15:59,Thursday,False,False,0.8147
2011-03-04,1329.5000,1330.5000,1311.2500,1320.2500,2397376,390,09:30,15:59,Friday,False,False,-0.6958
2011-03-07,1324.2500,1327.2500,1302.7500,1309.7500,2199482,390,09:30,15:59,Monday,False,False,-1.0950
2011-03-08,1311.7500,1325.7500,1306.0000,1321.2500,1666015,390,09:30,15:59,Tuesday,False,False,0.7242
2011-03-09,1318.5000,1323.5000,1311.5000,1319.2500,1599054,390,09:30,15:59,Wednesday,False,False,0.0569
2011-03-10,1305.5000,1305.7500,1293.2500,1294.7500,1545008,390,09:30,15:59,Thursday,False,False,-0.8234
2011-03-11,1290.5000,1308.7500,1290.2500,1303.7500,428473,390,09:30,15:59,Friday,False,False,1.0267
2011-03-14,1290.5000,1295.2500,1281.0000,1291.5000,1914192,390,09:30,15:59,Monday,False,False,0.0775
2011-03-15,1256.2500,1283.7500,1255.2500,1276.7500,2439206,390,09:30,15:59,Tuesday,False,False,1.6318
2011-03-16,1272.0000,1276.2500,1243.2500,1252.5000,3445518,390,09:30,15:59,Wednesday,False,False,-1.5330
2011-03-17,1270.5000,1274.5000,1261.5000,1268.5000,1851131,390,09:30,15:59,Thursday,False,False,-0.1574
2011-03-18,1284.5000,1285.0000,1270.7500,1273.7500,1609173,390,09:30,15:59,Friday,False,False,-0.8369
2011-03-21,1289.5000,1296.2500,1287.7500,1293.0000,1090418,390,09:30,15:59,Monday,False,False,0.2714
2011-03-22,1293.0000,1294.7500,1287.5000,1289.0000,1169089,390,09:30,15:59,Tuesday,False,False,-0.3094
2011-03-23,1285.0000,1296.0000,1279.0000,1292.5000,1568253,390,09:30,15:59,Wednesday,False,False,0.5837
2011-03-24,1299.7500,1306.7500,1292.5000,1304.7500,1411395,390,09:30,15:59,Thursday,False,False,0.3847
2011-03-25,1308.0000,1314.5000,1305.2500,1308.2500,1328059,390,09:30,15:59,Friday,False,False,0.0191
2011-03-28,1311.5000,1315.2500,1305.2500,1305.5000,977850,390,09:30,15:59,Monday,False,False,-0.4575
2011-03-29,1304.5000,1315.0000,1300.2500,1314.2500,1188573,390,09:30,15:59,Tuesday,False,False,0.7474
2011-03-30,1321.2500,1327.7500,1319.5000,1323.5000,1053901,390,09:30,15:59,Wednesday,False,False,0.1703
2011-03-31,1321.7500,1325.7500,1320.5000,1321.7500,1159995,390,09:30,15:59,Thursday,False,False,0.0000
2011-04-01,1330.0000,1333.7500,1324.2500,1327.2500,1258251,390,09:30,15:59,Friday,False,False,-0.2068
2011-04-04,1330.2500,1332.7500,1324.7500,1328.5000,1020082,390,09:30,15:59,Monday,False,False,-0.1316
2011-04-05,1325.7500,1334.2500,1325.2500,1327.7500,1245983,390,09:30,15:59,Tuesday,False,False,0.1509
2011-04-06,1334.5000,1335.7500,1326.7500,1332.0000,1314188,390,09:30,15:59,Wednesday,False,False,-0.1873
2011-04-07,1329.7500,1335.2500,1322.2500,1329.0000,1868167,390,09:30,15:59,Thursday,False,False,-0.0564
2011-04-08,1334.7500,1335.7500,1318.7500,1323.7500,1560549,390,09:30,15:59,Friday,False,False,-0.8241
2011-04-11,1325.7500,1330.2500,1317.0000,1320.0000,1258851,390,09:30,15:59,Monday,False,False,-0.4337
2011-04-12,1313.0000,1315.5000,1305.2500,1310.2500,1679551,390,09:30,15:59,Tuesday,False,False,-0.2094
2011-04-13,1316.5000,1317.5000,1305.0000,1310.0000,1547200,390,09:30,15:59,Wednesday,False,False,-0.4937
2011-04-14,1302.7500,1313.2500,1298.2500,1311.2500,1592807,390,09:30,15:59,Thursday,False,False,0.6525
2011-04-15,1313.5000,1319.2500,1309.5000,1316.2500,1192134,390,09:30,15:59,Friday,False,False,0.2094
2011-04-18,1301.2500,1303.7500,1290.2500,1301.0000,1708481,390,09:30,15:59,Monday,False,False,-0.0192
2011-04-19,1303.2500,1309.0000,1299.7500,1308.2500,1183768,390,09:30,15:59,Tuesday,False,False,0.3837
2011-04-20,1324.2500,1329.5000,1323.2500,1327.0000,1355792,390,09:30,15:59,Wednesday,False,False,0.2077
2011-04-21,1333.2500,1334.0000,1328.7500,1333.0000,880091,390,09:30,15:59,Thursday,False,False,-0.0188
2011-04-25,1332.0000,1334.0000,1327.2500,1331.5000,479226,390,09:30,15:59,Monday,False,False,-0.0375
2011-04-26,1336.0000,1346.2500,1334.5000,1343.5000,1104030,390,09:30,15:59,Tuesday,False,False,0.5614
2011-04-27,1346.2500,1354.2500,1340.2500,1351.7500,1143907,390,09:30,15:59,Wednesday,False,False,0.4085
2011-04-28,1350.0000,1358.5000,1349.5000,1356.5000,1375520,390,09:30,15:59,Thursday,False,False,0.4815
2011-04-29,1357.0000,1361.0000,1355.2500,1360.0000,977629,390,09:30,15:59,Friday,False,False,0.2211
2011-05-02,1365.7500,1367.2500,1354.7500,1357.5000,1394757,390,09:30,15:59,Monday,False,False,-0.6041
2011-05-03,1354.7500,1357.2500,1345.7500,1352.7500,1349876,390,09:30,15:59,Tuesday,False,False,-0.1476
2011-05-04,1352.2500,1352.7500,1337.5000,1343.7500,2021874,390,09:30,15:59,Wednesday,False,False,-0.6286
2011-05-05,1336.0000,1344.7500,1325.2500,1331.5000,2388389,390,09:30,15:59,Thursday,False,False,-0.3368
2011-05-06,1344.5000,1351.7500,1331.7500,1337.0000,2130540,390,09:30,15:59,Friday,False,False,-0.5578
2011-05-09,1337.0000,1346.2500,1334.7500,1342.2500,2610114,390,09:30,15:59,Monday,False,False,0.3927
2011-05-10,1346.7500,1356.5000,1345.2500,1354.0000,1220931,390,09:30,15:59,Tuesday,False,False,0.5383
2011-05-11,1351.7500,1352.2500,1333.0000,1339.5000,1878053,390,09:30,15:59,Wednesday,False,False,-0.9062
2011-05-12,1335.7500,1348.7500,1328.7500,1346.0000,1805015,390,09:30,15:59,Thursday,False,False,0.7674
2011-05-13,1346.7500,1348.5000,1330.5000,1335.2500,1814719,390,09:30,15:59,Friday,False,False,-0.8539
2011-05-16,1331.0000,1341.2500,1324.7500,1327.0000,1789816,390,09:30,15:59,Monday,False,False,-0.3005
2011-05-17,1322.0000,1328.7500,1316.0000,1327.0000,1829012,390,09:30,15:59,Tuesday,False,False,0.3782
2011-05-18,1327.5000,1340.2500,1324.5000,1338.7500,1254412,390,09:30,15:59,Wednesday,False,False,0.8475
2011-05-19,1343.0000,1345.5000,1334.5000,1341.7500,1479989,390,09:30,15:59,Thursday,False,False,-0.0931
2011-05-20,1338.5000,1340.2500,1328.5000,1331.2500,1861522,390,09:30,15:59,Friday,False,False,-0.5417
2011-05-23,1315.0000,1319.7500,1310.7500,1315.5000,1569688,390,09:30,15:59,Monday,False,False,0.0380
2011-05-24,1319.5000,1322.5000,1311.7500,1314.5000,1512432,390,09:30,15:59,Tuesday,False,False,-0.3789
2011-05-25,1309.0000,1324.5000,1308.7500,1318.5000,1583196,390,09:30,15:59,Wednesday,False,False,0.7257
2011-05-26,1315.0000,1327.5000,1312.5000,1324.7500,1844401,390,09:30,15:59,Thursday,False,False,0.7414
2011-05-27,1328.7500,1333.7500,1326.7500,1330.0000,1072421,390,09:30,15:59,Friday,False,False,0.0941
2011-05-30,1331.7500,1332.2500,1330.0000,1330.5000,10129,116,09:30,11:29,Monday,True,False,-0.0939
2011-05-31,1342.5000,1344.2500,1333.2500,1344.0000,1441002,390,09:30,15:59,Tuesday,False,False,0.1117
2011-06-01,1340.2500,1341.0000,1312.2500,1313.2500,2152930,390,09:30,15:59,Wednesday,False,False,-2.0145
2011-06-02,1314.5000,1317.0000,1304.2500,1311.7500,2022784,390,09:30,15:59,Thursday,False,False,-0.2092
2011-06-03,1296.0000,1309.0000,1295.5000,1299.0000,2016646,390,09:30,15:59,Friday,False,False,0.2315
2011-06-06,1295.7500,1298.2500,1283.2500,1285.2500,1745286,390,09:30,15:59,Monday,False,False,-0.8103
2011-06-07,1291.5000,1295.5000,1283.2500,1284.0000,1588280,390,09:30,15:59,Tuesday,False,False,-0.5807
2011-06-08,1282.2500,1286.5000,1276.2500,1278.7500,1988978,390,09:30,15:59,Wednesday,False,False,-0.2730
2011-06-09,1282.2500,1294.0000,1279.0000,1288.2500,913462,390,09:30,15:59,Thursday,False,False,0.4679
2011-06-10,1283.0000,1284.0000,1267.0000,1269.7500,789902,390,09:30,15:59,Friday,False,False,-1.0327
2011-06-13,1268.0000,1271.7500,1259.5000,1266.2500,1805499,390,09:30,15:59,Monday,False,False,-0.1380
2011-06-14,1278.0000,1287.0000,1277.5000,1282.5000,1575621,390,09:30,15:59,Tuesday,False,False,0.3521
2011-06-15,1271.7500,1275.7500,1255.7500,1259.2500,2651582,390,09:30,15:59,Wednesday,False,False,-0.9829
2011-06-16,1260.0000,1269.0000,1252.2500,1262.0000,2381632,390,09:30,15:59,Thursday,False,False,0.1587
2011-06-17,1274.7500,1275.0000,1261.5000,1266.2500,1754288,390,09:30,15:59,Friday,False,False,-0.6668
2011-06-20,1261.7500,1275.2500,1261.2500,1272.7500,1300484,390,09:30,15:59,Monday,False,False,0.8718
2011-06-21,1279.2500,1292.7500,1277.5000,1289.7500,1725088,390,09:30,15:59,Tuesday,False,False,0.8208
2011-06-22,1286.0000,1293.7500,1281.2500,1282.0000,1465290,390,09:30,15:59,Wednesday,False,False,-0.3110
2011-06-23,1267.0000,1279.2500,1257.0000,1278.5000,2690195,390,09:30,15:59,Thursday,False,False,0.9077
2011-06-24,1278.2500,1279.2500,1261.2500,1263.2500,1878235,390,09:30,15:59,Friday,False,False,-1.1735
2011-06-27,1264.2500,1280.0000,1261.7500,1274.7500,1600099,390,09:30,15:59,Monday,False,False,0.8305
2011-06-28,1279.7500,1292.0000,1278.0000,1291.7500,1429441,390,09:30,15:59,Tuesday,False,False,0.9377
2011-06-29,1297.5000,1305.0000,1292.7500,1303.2500,1830745,390,09:30,15:59,Wednesday,False,False,0.4432
2011-06-30,1307.0000,1317.5000,1305.5000,1315.2500,1501045,390,09:30,15:59,Thursday,False,False,0.6312
2011-07-01,1315.5000,1336.5000,1313.2500,1334.7500,1621768,390,09:30,15:59,Friday,False,False,1.4633
2011-07-04,1332.5000,1334.5000,1332.2500,1333.7500,22469,120,09:30,11:29,Monday,True,False,0.0938
2011-07-05,1333.0000,1336.2500,1329.2500,1333.2500,1256583,390,09:30,15:59,Tuesday,False,False,0.0188
2011-07-06,1330.2500,1336.7500,1326.5000,1335.2500,1410604,390,09:30,15:59,Wednesday,False,False,0.3759
2011-07-07,1347.0000,1352.7500,1344.2500,1349.5000,1202095,390,09:30,15:59,Thursday,False,False,0.1856
2011-07-08,1333.7500,1339.7500,1329.2500,1339.7500,1509607,390,09:30,15:59,Friday,False,False,0.4499
2011-07-11,1323.0000,1327.0000,1311.7500,1315.0000,1881901,390,09:30,15:59,Monday,False,False,-0.6047
2011-07-12,1312.0000,1323.2500,1308.7500,1309.2500,1975318,390,09:30,15:59,Tuesday,False,False,-0.2096
2011-07-13,1316.5000,1327.7500,1310.5000,1313.7500,1888084,390,09:30,15:59,Wednesday,False,False,-0.2089
2011-07-14,1317.0000,1323.2500,1302.0000,1304.7500,2282335,390,09:30,15:59,Thursday,False,False,-0.9301
2011-07-15,1312.0000,1314.0000,1303.0000,1312.2500,1764555,390,09:30,15:59,Friday,False,False,0.0191
2011-07-18,1306.2500,1308.0000,1291.2500,1301.0000,1754298,390,09:30,15:59,Monday,False,False,-0.4019
2011-07-19,1308.5000,1324.2500,1308.2500,1322.7500,1620802,390,09:30,15:59,Tuesday,False,False,1.0890
2011-07-20,1325.7500,1326.7500,1319.2500,1321.5000,1237749,390,09:30,15:59,Wednesday,False,False,-0.3206
2011-07-21,1329.0000,1343.5000,1326.5000,1340.2500,1753643,390,09:30,15:59,Thursday,False,False,0.8465
2011-07-22,1340.5000,1342.7500,1332.7500,1341.0000,1106110,390,09:30,15:59,Friday,False,False,0.0373
2011-07-25,1328.2500,1340.2500,1326.7500,1333.7500,1265188,390,09:30,15:59,Monday,False,False,0.4141
2011-07-26,1332.5000,1335.0000,1325.5000,1328.5000,1318302,390,09:30,15:59,Tuesday,False,False,-0.3002
2011-07-27,1321.2500,1321.5000,1299.2500,1301.2500,2073629,390,09:30,15:59,Wednesday,False,False,-1.5137
2011-07-28,1301.0000,1313.0000,1295.2500,1297.5000,1808110,390,09:30,15:59,Thursday,False,False,-0.2690
2011-07-29,1284.5000,1300.7500,1278.5000,1288.2500,2255610,390,09:30,15:59,Friday,False,False,0.2919
2011-08-01,1303.2500,1304.7500,1270.2500,1282.7500,2525235,390,09:30,15:59,Monday,False,False,-1.5730
2011-08-02,1273.2500,1280.0000,1249.7500,1250.0000,2598609,390,09:30,15:59,Tuesday,False,False,-1.8260
2011-08-03,1251.7500,1258.0000,1230.2500,1257.0000,3164540,390,09:30,15:59,Wednesday,False,False,0.4194
2011-08-04,1239.2500,1241.0000,1195.2500,1196.7500,3943767,390,09:30,15:59,Thursday,False,False,-3.4295
2011-08-05,1212.2500,1215.5000,1163.2500,1195.0000,4871159,390,09:30,15:59,Friday,False,False,-1.4230
2011-08-08,1164.0000,1178.2500,1114.7500,1117.0000,4885520,390,09:30,15:59,Monday,False,False,-4.0378
2011-08-09,1135.5000,1170.0000,1097.0000,1169.5000,4508802,390,09:30,15:59,Tuesday,False,False,2.9943
2011-08-10,1147.5000,1157.2500,1113.7500,1116.7500,3910018,390,09:30,15:59,Wednesday,False,False,-2.6797
2011-08-11,1127.0000,1184.0000,1123.0000,1168.0000,3170767,390,09:30,15:59,Thursday,False,False,3.6380
2011-08-12,1178.7500,1186.7500,1167.5000,1176.2500,1983973,390,09:30,15:59,Friday,False,False,-0.2121
2011-08-15,1186.5000,1201.7500,1184.5000,1201.2500,1611522,390,09:30,15:59,Monday,False,False,1.2432
2011-08-16,1189.2500,1201.5000,1177.5000,1190.0000,2035351,390,09:30,15:59,Tuesday,False,False,0.0631
2011-08-17,1196.7500,1206.7500,1181.5000,1191.2500,1662548,390,09:30,15:59,Wednesday,False,False,-0.4596
2011-08-18,1159.5000,1161.0000,1128.2500,1140.2500,3067825,390,09:30,15:59,Thursday,False,False,-1.6602
2011-08-19,1124.0000,1153.2500,1119.0000,1121.2500,2635105,390,09:30,15:59,Friday,False,False,-0.2447
2011-08-22,1146.0000,1146.5000,1118.5000,1122.0000,2070914,390,09:30,15:59,Monday,False,False,-2.0942
2011-08-23,1126.0000,1160.0000,1120.2500,1159.0000,2669138,390,09:30,15:59,Tuesday,False,False,2.9307
2011-08-24,1156.5000,1176.7500,1153.5000,1175.2500,2009414,390,09:30,15:59,Wednesday,False,False,1.6213
2011-08-25,1181.5000,1188.5000,1153.0000,1157.7500,2576918,390,09:30,15:59,Thursday,False,False,-2.0102
2011-08-26,1151.0000,1179.7500,1132.7500,1174.0000,2548983,390,09:30,15:59,Friday,False,False,1.9983
2011-08-29,1189.7500,1208.5000,1189.0000,1208.0000,1478712,390,09:30,15:59,Monday,False,False,1.5339
2011-08-30,1202.5000,1218.7500,1193.5000,1210.7500,2127235,390,09:30,15:59,Tuesday,False,False,0.6861
2011-08-31,1219.0000,1229.7500,1207.5000,1217.2500,2640750,390,09:30,15:59,Wednesday,False,False,-0.1436
2011-09-01,1217.5000,1228.5000,1202.2500,1204.0000,2181987,390,09:30,15:59,Thursday,False,False,-1.1088
2011-09-02,1178.7500,1185.2500,1168.5000,1172.7500,1777294,390,09:30,15:59,Friday,False,False,-0.5090
2011-09-05,1152.5000,1153.7500,1138.2500,1145.5000,139768,120,09:30,11:29,Monday,True,False,-0.6074
2011-09-06,1138.0000,1166.0000,1138.0000,1164.5000,2414423,390,09:30,15:59,Tuesday,False,False,2.3286
2011-09-07,1181.7500,1198.0000,1177.7500,1197.0000,1821701,390,09:30,15:59,Wednesday,False,False,1.2905
2011-09-08,1190.0000,1203.7500,1182.0000,1184.7500,1192118,390,09:30,15:59,Thursday,False,False,-0.4412
2011-09-09,1171.5000,1175.5000,1146.7500,1153.0000,765815,390,09:30,15:59,Friday,False,False,-1.5792
2011-09-12,1133.2500,1156.2500,1128.7500,1155.7500,2422139,390,09:30,15:59,Monday,False,False,1.9854
2011-09-13,1158.5000,1170.5000,1150.5000,1165.7500,2212562,390,09:30,15:59,Tuesday,False,False,0.6258
2011-09-14,1172.0000,1196.2500,1155.2500,1182.0000,2377817,390,09:30,15:59,Wednesday,False,False,0.8532
2011-09-15,1194.7500,1203.0000,1184.0000,1202.7500,1965977,390,09:30,15:59,Thursday,False,False,0.6696
2011-09-16,1207.2500,1214.5000,1197.5000,1209.7500,1957260,390,09:30,15:59,Friday,False,False,0.2071
2011-09-19,1189.5000,1203.7500,1181.5000,1197.7500,1963929,390,09:30,15:59,Monday,False,False,0.6936
2011-09-20,1202.5000,1214.5000,1194.5000,1196.7500,1988562,390,09:30,15:59,Tuesday,False,False,-0.4782
2011-09-21,1197.0000,1200.5000,1159.0000,1159.2500,2661103,390,09:30,15:59,Wednesday,False,False,-3.1537
2011-09-22,1126.5000,1136.0000,1106.7500,1122.7500,3786013,390,09:30,15:59,Thursday,False,False,-0.3329
2011-09-23,1114.7500,1135.5000,1113.7500,1128.2500,2399593,390,09:30,15:59,Friday,False,False,1.2110
2011-09-26,1140.2500,1158.2500,1123.7500,1156.2500,2266937,390,09:30,15:59,Monday,False,False,1.4032
2011-09-27,1179.7500,1190.0000,1162.7500,1170.0000,2574437,390,09:30,15:59,Tuesday,False,False,-0.8264
2011-09-28,1172.0000,1179.2500,1143.5000,1145.2500,2213671,390,09:30,15:59,Wednesday,False,False,-2.2824
2011-09-29,1164.5000,1170.7500,1133.5000,1154.5000,2352773,390,09:30,15:59,Thursday,False,False,-0.8587
2011-09-30,1138.7500,1148.7500,1124.2500,1125.7500,2336740,390,09:30,15:59,Friday,False,False,-1.1416
2011-10-03,1118.5000,1133.5000,1092.0000,1092.7500,2867087,390,09:30,15:59,Monday,False,False,-2.3022
2011-10-04,1077.5000,1119.7500,1068.0000,1117.2500,3388391,390,09:30,15:59,Tuesday,False,False,3.6891
2011-10-05,1120.0000,1141.2500,1109.5000,1138.5000,2354304,390,09:30,15:59,Wednesday,False,False,1.6518
2011-10-06,1137.2500,1160.5000,1129.0000,1159.0000,2171382,390,09:30,15:59,Thursday,False,False,1.9125
2011-10-07,1165.7500,1166.5000,1144.7500,1151.2500,2233221,390,09:30,15:59,Friday,False,False,-1.2438
2011-10-10,1171.0000,1190.5000,1170.7500,1190.2500,1344550,390,09:30,15:59,Monday,False,False,1.6439
2011-10-11,1183.2500,1194.7500,1182.0000,1191.0000,1526009,390,09:30,15:59,Tuesday,False,False,0.6550
2011-10-12,1200.7500,1216.0000,1197.7500,1201.7500,1946419,390,09:30,15:59,Wednesday,False,False,0.0833
2011-10-13,1194.5000,1203.0000,1185.2500,1199.2500,1800652,390,09:30,15:59,Thursday,False,False,0.3977
2011-10-14,1213.5000,1220.7500,1206.7500,1220.2500,1619674,390,09:30,15:59,Friday,False,False,0.5562
2011-10-17,1214.5000,1215.2500,1193.5000,1196.5000,1814265,390,09:30,15:59,Monday,False,False,-1.4821
2011-10-18,1195.5000,1229.7500,1186.2500,1220.2500,2414930,390,09:30,15:59,Tuesday,False,False,2.0703
2011-10-19,1218.2500,1225.2500,1201.5000,1205.2500,1965225,390,09:30,15:59,Wednesday,False,False,-1.0671
2011-10-20,1208.7500,1215.5000,1192.5000,1210.5000,2375931,390,09:30,15:59,Thursday,False,False,0.1448
2011-10-21,1225.5000,1235.7500,1221.7500,1234.0000,1613158,390,09:30,15:59,Friday,False,False,0.6936
2011-10-24,1236.0000,1252.5000,1235.0000,1249.2500,1594507,390,09:30,15:59,Monday,False,False,1.0720
2011-10-25,1243.2500,1244.0000,1222.2500,1225.2500,2147609,390,09:30,15:59,Tuesday,False,False,-1.4478
2011-10-26,1238.0000,1242.5000,1216.5000,1238.0000,2250315,390,09:30,15:59,Wednesday,False,False,0.0000
2011-10-27,1271.0000,1289.2500,1260.7500,1280.7500,2565934,390,09:30,15:59,Thursday,False,False,0.7671
2011-10-28,1275.0000,1283.5000,1272.7500,1280.7500,1483183,390,09:30,15:59,Friday,False,False,0.4510
2011-10-31,1266.5000,1267.5000,1248.0000,1248.2500,1745534,390,09:30,15:59,Monday,False,False,-1.4410
2011-11-01,1214.7500,1229.5000,1209.5000,1214.2500,2862107,390,09:30,15:59,Tuesday,False,False,-0.0412
2011-11-02,1232.7500,1238.7500,1222.2500,1234.2500,1795812,390,09:30,15:59,Wednesday,False,False,0.1217
2011-11-03,1247.2500,1259.7500,1230.5000,1257.2500,2053565,390,09:30,15:59,Thursday,False,False,0.8018
2011-11-04,1246.7500,1251.5000,1234.5000,1249.5000,1723882,390,09:30,15:59,Friday,False,False,0.2206
2011-11-07,1248.5000,1258.5000,1236.5000,1257.5000,1529611,390,09:30,15:59,Monday,False,False,0.7209
2011-11-08,1263.7500,1275.0000,1251.5000,1273.5000,1843586,390,09:30,15:59,Tuesday,False,False,0.7715
2011-11-09,1243.5000,1249.2500,1222.7500,1225.7500,2437882,390,09:30,15:59,Wednesday,False,False,-1.4274
2011-11-10,1242.5000,1244.0000,1224.5000,1237.2500,1931690,390,09:30,15:59,Thursday,False,False,-0.4225
2011-11-11,1252.7500,1264.7500,1252.5000,1261.7500,1230974,390,09:30,15:59,Friday,False,False,0.7184
2011-11-14,1256.2500,1258.2500,1243.5000,1249.2500,1406482,390,09:30,15:59,Monday,False,False,-0.5572
2011-11-15,1246.2500,1262.2500,1241.7500,1255.7500,1664094,390,09:30,15:59,Tuesday,False,False,0.7623
2011-11-16,1242.7500,1257.7500,1233.2500,1235.0000,1987062,390,09:30,15:59,Wednesday,False,False,-0.6236
2011-11-17,1232.5000,1236.0000,1206.5000,1215.5000,2347022,390,09:30,15:59,Thursday,False,False,-1.3793
2011-11-18,1219.2500,1221.7500,1208.7500,1214.0000,1641270,390,09:30,15:59,Friday,False,False,-0.4306
2011-11-21,1196.0000,1197.7500,1180.5000,1190.5000,1865173,390,09:30,15:59,Monday,False,False,-0.4599
2011-11-22,1188.0000,1195.2500,1179.2500,1185.7500,1758612,390,09:30,15:59,Tuesday,False,False,-0.1894
2011-11-23,1174.7500,1176.2500,1159.7500,1160.5000,1740527,390,09:30,15:59,Wednesday,False,False,-1.2130
2011-11-24,1162.7500,1163.5000,1156.0000,1159.2500,78769,120,09:30,11:29,Thursday,True,False,-0.3010
2011-11-25,1157.7500,1171.2500,1149.2500,1153.5000,911506,225,09:30,13:14,Friday,True,False,-0.3671
2011-11-28,1189.5000,1196.2500,1182.5000,1191.2500,3520416,390,09:30,15:59,Monday,False,False,0.1471
2011-11-29,1195.0000,1203.0000,1190.5000,1194.5000,1798394,390,09:30,15:59,Tuesday,False,False,-0.0418
2011-11-30,1229.0000,1246.7500,1226.5000,1245.5000,2189200,390,09:30,15:59,Wednesday,False,False,1.3426
2011-12-01,1242.7500,1251.0000,1238.7500,1244.2500,1633712,390,09:30,15:59,Thursday,False,False,0.1207
2011-12-02,1255.7500,1259.5000,1242.0000,1242.7500,1604474,390,09:30,15:59,Friday,False,False,-1.0352
2011-12-05,1262.7500,1266.2500,1248.7500,1256.5000,1899814,390,09:30,15:59,Monday,False,False,-0.4950
2011-12-06,1256.5000,1265.7500,1252.0000,1257.5000,1674239,390,09:30,15:59,Tuesday,False,False,0.0796
2011-12-07,1252.5000,1267.0000,1244.0000,1260.7500,1981404,390,09:30,15:59,Wednesday,False,False,0.6587
2011-12-08,1253.2500,1256.2500,1230.7500,1234.2500,1354997,390,09:30,15:59,Thursday,False,False,-1.5161
2011-12-09,1239.2500,1258.2500,1238.5000,1254.5000,465003,390,09:30,15:59,Friday,False,False,1.2306
2011-12-12,1238.2500,1238.2500,1220.0000,1230.2500,1669656,390,09:30,15:59,Monday,False,False,-0.6461
2011-12-13,1236.7500,1244.0000,1212.5000,1219.0000,2028284,390,09:30,15:59,Tuesday,False,False,-1.4352
2011-12-14,1213.7500,1218.5000,1202.5000,1205.2500,1991788,390,09:30,15:59,Wednesday,False,False,-0.7003
2011-12-15,1218.2500,1220.0000,1207.7500,1209.5000,1572052,390,09:30,15:59,Thursday,False,False,-0.7182
2011-12-16,1217.7500,1225.0000,1208.2500,1211.7500,1658679,390,09:30,15:59,Friday,False,False,-0.4927
2011-12-19,1215.7500,1218.5000,1195.5000,1198.5000,1322971,390,09:30,15:59,Monday,False,False,-1.4189
2011-12-20,1217.0000,1237.2500,1217.0000,1234.7500,1445936,390,09:30,15:59,Tuesday,False,False,1.4585
2011-12-21,1235.0000,1239.2500,1223.0000,1237.5000,1550024,390,09:30,15:59,Wednesday,False,False,0.2024
2011-12-22,1242.0000,1249.5000,1239.0000,1248.7500,1043357,390,09:30,15:59,Thursday,False,False,0.5435
2011-12-23,1252.7500,1260.2500,1249.7500,1259.5000,484496,390,09:30,15:59,Friday,False,False,0.5388
2011-12-27,1257.5000,1264.0000,1256.2500,1260.7500,423783,390,09:30,15:59,Tuesday,False,False,0.2584
2011-12-28,1260.7500,1261.2500,1243.0000,1245.2500,840955,390,09:30,15:59,Wednesday,False,False,-1.2294
2011-12-29,1248.0000,1258.5000,1247.5000,1257.2500,674841,390,09:30,15:59,Thursday,False,False,0.7412
2011-12-30,1256.0000,1259.2500,1251.5000,1252.0000,482027,390,09:30,15:59,Friday,False,False,-0.3185
2012-01-03,1273.5000,1279.7500,1270.2500,1271.5000,1288546,390,09:30,15:59,Tuesday,False,False,-0.1570
2012-01-04,1267.7500,1273.7500,1262.7500,1272.5000,1096176,390,09:30,15:59,Wednesday,False,False,0.3747
2012-01-05,1265.5000,1278.0000,1259.7500,1276.2500,1380975,390,09:30,15:59,Thursday,False,False,0.8495
2012-01-06,1277.5000,1277.5000,1268.2500,1273.5000,1246907,390,09:30,15:59,Friday,False,False,-0.3131
2012-01-09,1275.5000,1277.2500,1269.5000,1275.2500,1115103,390,09:30,15:59,Monday,False,False,-0.0196
2012-01-10,1289.5000,1292.0000,1285.0000,1287.0000,1179343,390,09:30,15:59,Tuesday,False,False,-0.1939
2012-01-11,1282.7500,1289.5000,1280.7500,1288.2500,1438379,390,09:30,15:59,Wednesday,False,False,0.4288
2012-01-12,1291.5000,1292.7500,1280.7500,1290.7500,1340876,390,09:30,15:59,Thursday,False,False,-0.0581
2012-01-13,1281.7500,1285.2500,1272.7500,1285.2500,1675857,390,09:30,15:59,Friday,False,False,0.2731
2012-01-16,1287.2500,1292.2500,1286.0000,1291.5000,34916,120,09:30,11:29,Monday,True,False,0.3302
2012-01-17,1296.5000,1299.0000,1286.0000,1288.7500,1282753,390,09:30,15:59,Tuesday,False,False,-0.5978
2012-01-18,1289.0000,1304.2500,1286.5000,1303.5000,1566769,390,09:30,15:59,Wednesday,False,False,1.1249
2012-01-19,1307.7500,1311.5000,1303.5000,1310.5000,1400582,390,09:30,15:59,Thursday,False,False,0.2103
2012-01-20,1308.2500,1311.2500,1304.7500,1311.0000,1047129,390,09:30,15:59,Friday,False,False,0.2102
2012-01-23,1310.7500,1318.2500,1305.2500,1311.7500,1292332,390,09:30,15:59,Monday,False,False,0.0763
2012-01-24,1303.5000,1310.7500,1301.5000,1310.2500,1103316,390,09:30,15:59,Tuesday,False,False,0.5178
2012-01-25,1308.0000,1324.7500,1303.0000,1321.5000,1593613,390,09:30,15:59,Wednesday,False,False,1.0321
2012-01-26,1327.0000,1329.7500,1309.2500,1314.5000,1646443,390,09:30,15:59,Thursday,False,False,-0.9420
2012-01-27,1308.2500,1316.2500,1307.0000,1312.7500,1288818,390,09:30,15:59,Friday,False,False,0.3440
2012-01-30,1300.7500,1310.0000,1296.0000,1309.0000,1358884,390,09:30,15:59,Monday,False,False,0.6342
2012-01-31,1315.7500,1317.5000,1302.2500,1308.0000,1507974,390,09:30,15:59,Tuesday,False,False,-0.5890
2012-02-01,1318.5000,1327.0000,1316.7500,1320.2500,1467833,390,09:30,15:59,Wednesday,False,False,0.1327
2012-02-02,1322.5000,1326.0000,1317.5000,1322.2500,984505,390,09:30,15:59,Thursday,False,False,-0.0189
2012-02-03,1335.7500,1342.0000,1333.2500,1341.2500,1150514,390,09:30,15:59,Friday,False,False,0.4118
2012-02-06,1335.2500,1340.5000,1333.7500,1340.0000,890474,390,09:30,15:59,Monday,False,False,0.3557
2012-02-07,1337.2500,1345.7500,1331.7500,1343.2500,1136232,390,09:30,15:59,Tuesday,False,False,0.4487
2012-02-08,1344.0000,1347.5000,1338.2500,1347.0000,1282125,390,09:30,15:59,Wednesday,False,False,0.2232
2012-02-09,1349.2500,1351.2500,1341.0000,1348.7500,1313582,390,09:30,15:59,Thursday,False,False,-0.0371
2012-02-10,1337.0000,1340.2500,1333.7500,1339.2500,1260343,390,09:30,15:59,Friday,False,False,0.1683
2012-02-13,1348.7500,1350.7500,1342.7500,1348.7500,896042,390,09:30,15:59,Monday,False,False,0.0000
2012-02-14,1345.5000,1348.0000,1337.7500,1347.5000,1358082,390,09:30,15:59,Tuesday,False,False,0.1486
2012-02-15,1352.0000,1353.7500,1338.0000,1341.0000,1761970,390,09:30,15:59,Wednesday,False,False,-0.8136
2012-02-16,1341.2500,1357.2500,1338.5000,1355.7500,1490170,390,09:30,15:59,Thursday,False,False,1.0811
2012-02-17,1360.7500,1361.2500,1355.0000,1359.5000,914609,390,09:30,15:59,Friday,False,False,-0.0919
2012-02-20,1364.5000,1367.5000,1364.0000,1366.5000,34501,120,09:30,11:29,Monday,True,False,0.1466
2012-02-21,1362.5000,1365.7500,1355.7500,1360.0000,1037709,390,09:30,15:59,Tuesday,False,False,-0.1835
2012-02-22,1357.7500,1360.7500,1353.0000,1355.5000,1138774,390,09:30,15:59,Wednesday,False,False,-0.1657
2012-02-23,1354.7500,1362.7500,1350.2500,1361.7500,1189756,390,09:30,15:59,Thursday,False,False,0.5167
2012-02-24,1364.5000,1367.5000,1361.5000,1364.2500,867811,390,09:30,15:59,Friday,False,False,-0.0183
2012-02-27,1355.5000,1370.7500,1353.0000,1366.5000,1372364,390,09:30,15:59,Monday,False,False,0.8115
2012-02-28,1367.2500,1372.0000,1364.5000,1371.0000,1131531,390,09:30,15:59,Tuesday,False,False,0.2743
2012-02-29,1373.0000,1377.2500,1362.2500,1364.0000,1764568,390,09:30,15:59,Wednesday,False,False,-0.6555
2012-03-01,1368.2500,1375.2500,1366.2500,1372.5000,1511014,390,09:30,15:59,Thursday,False,False,0.3106
2012-03-02,1371.7500,1373.2500,1365.0000,1368.5000,1133749,390,09:30,15:59,Friday,False,False,-0.2369
2012-03-05,1366.0000,1367.2500,1358.0000,1363.0000,1195368,390,09:30,15:59,Monday,False,False,-0.2196
2012-03-06,1348.5000,1349.5000,1338.5000,1342.0000,1770643,390,09:30,15:59,Tuesday,False,False,-0.4820
2012-03-07,1345.7500,1354.2500,1344.2500,1352.2500,1308738,390,09:30,15:59,Wednesday,False,False,0.4830
2012-03-08,1360.2500,1368.5000,1357.5000,1365.5000,893431,390,09:30,15:59,Thursday,False,False,0.3860
2012-03-09,1368.0000,1374.5000,1366.5000,1371.0000,359888,390,09:30,15:59,Friday,False,False,0.2193
2012-03-12,1370.5000,1372.7500,1366.0000,1371.0000,211067,390,09:30,15:59,Monday,False,False,0.0365
2012-03-13,1372.5000,1391.0000,1370.2500,1390.2500,1630166,390,09:30,15:59,Tuesday,False,False,1.2933
2012-03-14,1390.5000,1394.2500,1384.2500,1388.7500,1365191,390,09:30,15:59,Wednesday,False,False,-0.1259
2012-03-15,1390.7500,1397.5000,1387.2500,1396.2500,1364364,390,09:30,15:59,Thursday,False,False,0.3955
2012-03-16,1399.2500,1400.2500,1395.5000,1398.5000,987567,390,09:30,15:59,Friday,False,False,-0.0536
2012-03-19,1397.7500,1408.0000,1396.2500,1403.7500,1214257,390,09:30,15:59,Monday,False,False,0.4293
2012-03-20,1395.7500,1401.5000,1391.7500,1399.5000,1238516,390,09:30,15:59,Tuesday,False,False,0.2687
2012-03-21,1400.5000,1401.7500,1394.2500,1397.2500,1195428,390,09:30,15:59,Wednesday,False,False,-0.2321
2012-03-22,1387.0000,1390.7500,1382.5000,1386.7500,1243501,390,09:30,15:59,Thursday,False,False,-0.0180
2012-03-23,1388.2500,1393.2500,1380.5000,1392.0000,1211288,390,09:30,15:59,Friday,False,False,0.2701
2012-03-26,1401.7500,1411.2500,1401.2500,1411.2500,985363,390,09:30,15:59,Monday,False,False,0.6777
2012-03-27,1412.7500,1414.0000,1406.2500,1407.0000,896543,390,09:30,15:59,Tuesday,False,False,-0.4070
2012-03-28,1406.5000,1408.7500,1392.0000,1400.5000,1400913,390,09:30,15:59,Wednesday,False,False,-0.4266
2012-03-29,1392.0000,1399.7500,1386.2500,1397.5000,1403623,390,09:30,15:59,Thursday,False,False,0.3951
2012-03-30,1405.0000,1406.0000,1395.7500,1402.7500,1242372,390,09:30,15:59,Friday,False,False,-0.1601
2012-04-02,1401.7500,1417.7500,1399.0000,1413.2500,1336306,390,09:30,15:59,Monday,False,False,0.8204
2012-04-03,1412.0000,1414.2500,1399.5000,1408.2500,1369525,390,09:30,15:59,Tuesday,False,False,-0.2656
2012-04-04,1397.0000,1398.5000,1388.5000,1394.0000,1355179,390,09:30,15:59,Wednesday,False,False,-0.2147
2012-04-05,1388.7500,1397.2500,1387.5000,1392.7500,1068237,390,09:30,15:59,Thursday,False,False,0.2880
2012-04-09,1375.2500,1382.7500,1373.2500,1377.2500,869289,390,09:30,15:59,Monday,False,False,0.1454
2012-04-10,1374.5000,1378.5000,1352.5000,1353.5000,2068105,390,09:30,15:59,Tuesday,False,False,-1.5278
2012-04-11,1368.2500,1370.5000,1362.5000,1364.2500,1269404,390,09:30,15:59,Wednesday,False,False,-0.2923
2012-04-12,1366.5000,1384.2500,1365.5000,1383.5000,1371940,390,09:30,15:59,Thursday,False,False,1.2441
2012-04-13,1380.0000,1380.0000,1364.7500,1366.0000,1418755,390,09:30,15:59,Friday,False,False,-1.0145
2012-04-16,1373.5000,1375.2500,1360.7500,1365.0000,1521192,390,09:30,15:59,Monday,False,False,-0.6189
2012-04-17,1373.5000,1388.7500,1371.7500,1385.7500,1407528,390,09:30,15:59,Tuesday,False,False,0.8919
2012-04-18,1379.7500,1385.7500,1378.5000,1381.2500,1447157,390,09:30,15:59,Wednesday,False,False,0.1087
2012-04-19,1381.2500,1386.5000,1365.5000,1372.5000,2075112,390,09:30,15:59,Thursday,False,False,-0.6335
2012-04-20,1378.2500,1383.2500,1373.5000,1374.2500,1373347,390,09:30,15:59,Friday,False,False,-0.2902
2012-04-23,1360.0000,1364.0000,1354.0000,1362.7500,1451935,390,09:30,15:59,Monday,False,False,0.2022
2012-04-24,1363.7500,1371.2500,1362.7500,1368.2500,1087567,390,09:30,15:59,Tuesday,False,False,0.3300
2012-04-25,1381.2500,1387.5000,1380.2500,1386.7500,1409244,390,09:30,15:59,Wednesday,False,False,0.3982
2012-04-26,1383.7500,1398.2500,1383.0000,1396.2500,1221263,390,09:30,15:59,Thursday,False,False,0.9033
2012-04-27,1400.7500,1402.7500,1393.0000,1399.2500,1017156,390,09:30,15:59,Friday,False,False,-0.1071
2012-04-30,1396.2500,1397.0000,1389.7500,1393.0000,1004361,390,09:30,15:59,Monday,False,False,-0.2328
2012-05-01,1392.7500,1411.7500,1391.2500,1402.5000,1113835,390,09:30,15:59,Tuesday,False,False,0.7001
2012-05-02,1394.0000,1399.5000,1389.2500,1398.0000,1252461,390,09:30,15:59,Wednesday,False,False,0.2869
2012-05-03,1398.2500,1399.2500,1384.5000,1387.7500,1384584,390,09:30,15:59,Thursday,False,False,-0.7509
2012-05-04,1379.7500,1381.2500,1363.5000,1364.5000,1524142,390,09:30,15:59,Friday,False,False,-1.1053
2012-05-07,1360.0000,1370.2500,1359.2500,1365.5000,1172826,390,09:30,15:59,Monday,False,False,0.4044
2012-05-08,1357.2500,1362.2500,1343.7500,1360.0000,1868593,390,09:30,15:59,Tuesday,False,False,0.2026
2012-05-09,1345.7500,1360.7500,1339.2500,1351.7500,1971960,390,09:30,15:59,Wednesday,False,False,0.4458
2012-05-10,1361.2500,1363.0000,1351.5000,1354.5000,1291410,390,09:30,15:59,Thursday,False,False,-0.4959
2012-05-11,1346.2500,1363.2500,1345.5000,1350.2500,1330307,390,09:30,15:59,Friday,False,False,0.2971
2012-05-14,1337.5000,1344.7500,1333.2500,1336.0000,1447905,390,09:30,15:59,Monday,False,False,-0.1121
2012-05-15,1334.7500,1342.5000,1325.5000,1327.7500,1782889,390,09:30,15:59,Tuesday,False,False,-0.5244
2012-05-16,1334.0000,1339.7500,1322.2500,1323.0000,1696562,390,09:30,15:59,Wednesday,False,False,-0.8246
2012-05-17,1323.0000,1324.5000,1302.5000,1302.7500,2265828,390,09:30,15:59,Thursday,False,False,-1.5306
2012-05-18,1308.0000,1310.5000,1289.7500,1292.5000,2132469,390,09:30,15:59,Friday,False,False,-1.1850
2012-05-21,1296.0000,1314.5000,1293.7500,1314.0000,1572298,390,09:30,15:59,Monday,False,False,1.3889
2012-05-22,1317.2500,1326.5000,1307.5000,1315.0000,1970914,390,09:30,15:59,Tuesday,False,False,-0.1708
2012-05-23,1307.0000,1319.0000,1294.0000,1317.0000,2041401,390,09:30,15:59,Wednesday,False,False,0.7651
2012-05-24,1320.5000,1322.7500,1308.2500,1319.2500,1556214,390,09:30,15:59,Thursday,False,False,-0.0947
2012-05-25,1319.2500,1322.7500,1312.0000,1315.7500,1063033,390,09:30,15:59,Friday,False,False,-0.2653
2012-05-28,1321.2500,1324.0000,1319.7500,1321.5000,33277,120,09:30,11:29,Monday,True,False,0.0189
2012-05-29,1326.0000,1333.7500,1321.5000,1331.5000,1664488,390,09:30,15:59,Tuesday,False,False,0.4148
2012-05-30,1320.0000,1320.5000,1308.7500,1312.2500,1654055,390,09:30,15:59,Wednesday,False,False,-0.5871
2012-05-31,1311.2500,1319.0000,1297.2500,1309.2500,2185539,390,09:30,15:59,Thursday,False,False,-0.1525
2012-06-01,1288.2500,1292.7500,1275.5000,1276.0000,2264507,390,09:30,15:59,Friday,False,False,-0.9509
2012-06-04,1277.7500,1281.5000,1265.2500,1275.7500,1741530,390,09:30,15:59,Monday,False,False,-0.1565
2012-06-05,1272.2500,1286.7500,1271.7500,1284.2500,1535151,390,09:30,15:59,Tuesday,False,False,0.9432
2012-06-06,1293.7500,1314.5000,1293.2500,1314.5000,1893281,390,09:30,15:59,Wednesday,False,False,1.6039
2012-06-07,1328.7500,1329.5000,1312.0000,1314.5000,1568648,390,09:30,15:59,Thursday,False,False,-1.0724
2012-06-08,1311.2500,1325.5000,1307.0000,1325.0000,518979,390,09:30,15:59,Friday,False,False,1.0486
2012-06-11,1329.0000,1330.0000,1300.5000,1302.5000,2005261,390,09:30,15:59,Monday,False,False,-1.9940
2012-06-12,1305.2500,1317.5000,1299.0000,1317.0000,1816263,390,09:30,15:59,Tuesday,False,False,0.9002
2012-06-13,1313.0000,1321.2500,1303.5000,1308.5000,1803175,390,09:30,15:59,Wednesday,False,False,-0.3427
2012-06-14,1311.0000,1327.7500,1307.2500,1322.7500,1980051,390,09:30,15:59,Thursday,False,False,0.8963
2012-06-15,1328.2500,1337.0000,1325.5000,1335.5000,1255043,390,09:30,15:59,Friday,False,False,0.5458
2012-06-18,1330.2500,1341.7500,1327.2500,1338.5000,1509742,390,09:30,15:59,Monday,False,False,0.6202
2012-06-19,1345.2500,1357.0000,1343.7500,1351.5000,1378293,390,09:30,15:59,Tuesday,False,False,0.4646
2012-06-20,1351.5000,1355.5000,1338.7500,1349.5000,2016862,390,09:30,15:59,Wednesday,False,False,-0.1480
2012-06-21,1351.0000,1352.5000,1317.5000,1319.0000,2235181,390,09:30,15:59,Thursday,False,False,-2.3686
2012-06-22,1325.5000,1331.7500,1320.5000,1329.0000,1380144,390,09:30,15:59,Friday,False,False,0.2641
2012-06-25,1314.7500,1315.5000,1302.5000,1307.0000,1433177,390,09:30,15:59,Monday,False,False,-0.5895
2012-06-26,1311.0000,1318.0000,1303.2500,1313.7500,1444029,390,09:30,15:59,Tuesday,False,False,0.2098
2012-06-27,1318.0000,1328.5000,1317.2500,1325.7500,1317017,390,09:30,15:59,Wednesday,False,False,0.5880
2012-06-28,1317.0000,1324.2500,1306.7500,1322.0000,1784477,390,09:30,15:59,Thursday,False,False,0.3797
2012-06-29,1346.2500,1357.0000,1342.7500,1356.7500,1644366,390,09:30,15:59,Friday,False,False,0.7799
2012-07-02,1359.2500,1361.0000,1349.5000,1358.7500,1316438,390,09:30,15:59,Monday,False,False,-0.0368
2012-07-03,1359.0000,1369.5000,1357.7500,1368.7500,834203,226,09:30,13:15,Tuesday,True,False,0.7174
2012-07-04,1365.2500,1368.5000,1365.0000,1368.0000,20811,120,09:30,11:29,Wednesday,True,False,0.2014
2012-07-05,1363.5000,1368.2500,1357.0000,1362.5000,1248634,390,09:30,15:59,Thursday,False,False,-0.0733
2012-07-06,1348.7500,1351.7500,1342.2500,1349.2500,1482102,390,09:30,15:59,Friday,False,False,0.0371
2012-07-09,1347.7500,1349.5000,1341.0000,1347.2500,1171984,390,09:30,15:59,Monday,False,False,-0.0371
2012-07-10,1354.0000,1356.5000,1330.5000,1335.5000,1670183,390,09:30,15:59,Tuesday,False,False,-1.3663
2012-07-11,1336.0000,1340.0000,1327.7500,1336.0000,1614706,390,09:30,15:59,Wednesday,False,False,0.0000
2012-07-12,1327.7500,1335.0000,1319.7500,1329.7500,1488855,390,09:30,15:59,Thursday,False,False,0.1506
2012-07-13,1332.2500,1353.2500,1332.0000,1351.0000,1401042,390,09:30,15:59,Friday,False,False,1.4074
2012-07-16,1348.2500,1352.5000,1343.0000,1348.2500,1307653,390,09:30,15:59,Monday,False,False,0.0000
2012-07-17,1353.5000,1360.5000,1339.2500,1358.0000,1697824,390,09:30,15:59,Tuesday,False,False,0.3325
2012-07-18,1354.2500,1370.5000,1353.5000,1367.7500,1492903,390,09:30,15:59,Wednesday,False,False,0.9969
2012-07-19,1370.5000,1376.0000,1366.0000,1371.2500,1403941,390,09:30,15:59,Thursday,False,False,0.0547
2012-07-20,1363.5000,1365.5000,1357.0000,1358.7500,1417656,390,09:30,15:59,Friday,False,False,-0.3484
2012-07-23,1338.5000,1348.5000,1332.0000,1345.0000,1574921,390,09:30,15:59,Monday,False,False,0.4856
2012-07-24,1345.5000,1346.2500,1323.7500,1333.5000,1674948,390,09:30,15:59,Tuesday,False,False,-0.8919
2012-07-25,1336.0000,1339.5000,1326.2500,1333.2500,1358447,390,09:30,15:59,Wednesday,False,False,-0.2058
2012-07-26,1352.7500,1358.7500,1346.5000,1355.0000,1612420,390,09:30,15:59,Thursday,False,False,0.1663
2012-07-27,1363.0000,1385.0000,1360.5000,1381.0000,1960925,390,09:30,15:59,Friday,False,False,1.3206
2012-07-30,1379.2500,1387.5000,1376.5000,1381.0000,1170725,390,09:30,15:59,Monday,False,False,0.1269
2012-07-31,1379.2500,1383.0000,1373.5000,1373.7500,1333430,390,09:30,15:59,Tuesday,False,False,-0.3988
2012-08-01,1381.0000,1381.2500,1367.7500,1370.2500,1444429,390,09:30,15:59,Wednesday,False,False,-0.7784
2012-08-02,1359.5000,1369.5000,1349.2500,1360.2500,1891852,390,09:30,15:59,Thursday,False,False,0.0552
2012-08-03,1379.5000,1390.5000,1378.7500,1387.2500,1320104,390,09:30,15:59,Friday,False,False,0.5618
2012-08-06,1391.2500,1395.7500,1389.5000,1390.2500,906234,390,09:30,15:59,Monday,False,False,-0.0719
2012-08-07,1395.7500,1403.2500,1395.5000,1397.0000,1141927,390,09:30,15:59,Tuesday,False,False,0.0896
2012-08-08,1392.5000,1400.2500,1392.0000,1398.7500,936938,390,09:30,15:59,Wednesday,False,False,0.4488
2012-08-09,1396.5000,1402.7500,1395.2500,1399.7500,886501,390,09:30,15:59,Thursday,False,False,0.2327
2012-08-10,1394.5000,1402.7500,1392.0000,1402.5000,992929,390,09:30,15:59,Friday,False,False,0.5737
2012-08-13,1399.7500,1402.2500,1394.2500,1401.7500,964047,390,09:30,15:59,Monday,False,False,0.1429
2012-08-14,1406.7500,1407.7500,1397.2500,1401.2500,1108246,390,09:30,15:59,Tuesday,False,False,-0.3910
2012-08-15,1400.2500,1405.7500,1399.2500,1403.0000,845761,390,09:30,15:59,Wednesday,False,False,0.1964
2012-08-16,1405.2500,1415.5000,1401.7500,1413.7500,1217390,390,09:30,15:59,Thursday,False,False,0.6049
2012-08-17,1416.2500,1416.7500,1412.2500,1415.5000,820433,390,09:30,15:59,Friday,False,False,-0.0530
2012-08-20,1413.2500,1416.0000,1409.5000,1415.5000,853462,390,09:30,15:59,Monday,False,False,0.1592
2012-08-21,1419.0000,1424.7500,1408.0000,1411.5000,1441268,390,09:30,15:59,Tuesday,False,False,-0.5285
2012-08-22,1407.7500,1414.2500,1404.2500,1411.7500,1368355,390,09:30,15:59,Wednesday,False,False,0.2841
2012-08-23,1408.2500,1408.5000,1398.0000,1400.7500,1225545,390,09:30,15:59,Thursday,False,False,-0.5326
2012-08-24,1396.5000,1412.0000,1395.5000,1408.7500,1253446,390,09:30,15:59,Friday,False,False,0.8772
2012-08-27,1412.5000,1414.5000,1407.0000,1408.7500,720968,390,09:30,15:59,Monday,False,False,-0.2655
2012-08-28,1405.2500,1412.0000,1403.2500,1407.7500,941619,390,09:30,15:59,Tuesday,False,False,0.1779
2012-08-29,1408.7500,1412.5000,1404.7500,1408.5000,733251,390,09:30,15:59,Wednesday,False,False,-0.0177
2012-08-30,1402.2500,1402.7500,1395.2500,1398.2500,957197,390,09:30,15:59,Thursday,False,False,-0.2853
2012-08-31,1406.5000,1411.7500,1397.0000,1405.0000,1642483,390,09:30,15:59,Friday,False,False,-0.1066
2012-09-03,1406.5000,1409.5000,1405.2500,1408.5000,28950,120,09:30,11:29,Monday,True,False,0.1422
2012-09-04,1403.7500,1408.2500,1394.5000,1403.0000,1224484,390,09:30,15:59,Tuesday,False,False,-0.0534
2012-09-05,1404.2500,1408.2500,1399.7500,1402.5000,1024359,390,09:30,15:59,Wednesday,False,False,-0.1246
2012-09-06,1411.0000,1431.2500,1410.7500,1431.0000,1466456,390,09:30,15:59,Thursday,False,False,1.4174
2012-09-07,1433.5000,1437.0000,1432.2500,1437.0000,898032,390,09:30,15:59,Friday,False,False,0.2442
2012-09-10,1435.5000,1438.0000,1428.2500,1428.7500,800208,390,09:30,15:59,Monday,False,False,-0.4702
2012-09-11,1429.5000,1437.5000,1429.0000,1432.2500,876995,390,09:30,15:59,Tuesday,False,False,0.1924
2012-09-12,1437.2500,1439.0000,1432.5000,1436.7500,1024306,390,09:30,15:59,Wednesday,False,False,-0.0348
2012-09-13,1437.2500,1464.2500,1435.0000,1460.2500,1772067,390,09:30,15:59,Thursday,False,False,1.6003
2012-09-14,1462.5000,1474.7500,1461.2500,1466.0000,505804,390,09:30,15:59,Friday,False,False,0.2393
2012-09-17,1456.2500,1459.0000,1450.5000,1454.5000,924642,390,09:30,15:59,Monday,False,False,-0.1202
2012-09-18,1452.0000,1455.2500,1449.5000,1453.2500,904683,390,09:30,15:59,Tuesday,False,False,0.0861
2012-09-19,1455.2500,1459.0000,1451.2500,1454.2500,1004552,390,09:30,15:59,Wednesday,False,False,-0.0687
2012-09-20,1447.7500,1455.0000,1443.5000,1454.0000,1197725,390,09:30,15:59,Thursday,False,False,0.4317
2012-09-21,1461.2500,1461.5000,1452.5000,1453.0000,1075631,390,09:30,15:59,Friday,False,False,-0.5646
2012-09-24,1446.0000,1454.5000,1444.7500,1450.7500,964006,390,09:30,15:59,Monday,False,False,0.3285
2012-09-25,1454.0000,1457.0000,1435.0000,1436.0000,1458960,390,09:30,15:59,Tuesday,False,False,-1.2380
2012-09-26,1435.2500,1435.7500,1424.0000,1427.7500,1406241,390,09:30,15:59,Wednesday,False,False,-0.5226
2012-09-27,1433.5000,1444.5000,1429.7500,1441.2500,1398112,390,09:30,15:59,Thursday,False,False,0.5406
2012-09-28,1435.5000,1440.0000,1429.0000,1433.5000,1641670,390,09:30,15:59,Friday,False,False,-0.1393
2012-10-01,1439.5000,1451.5000,1434.2500,1437.2500,1566010,390,09:30,15:59,Monday,False,False,-0.1563
2012-10-02,1443.2500,1445.7500,1432.2500,1439.0000,1294464,390,09:30,15:59,Tuesday,False,False,-0.2945
2012-10-03,1443.2500,1448.7500,1435.5000,1445.2500,1215281,390,09:30,15:59,Wednesday,False,False,0.1386
2012-10-04,1450.5000,1457.7500,1448.7500,1456.2500,1192543,390,09:30,15:59,Thursday,False,False,0.3964
2012-10-05,1463.5000,1466.0000,1451.2500,1455.7500,1267107,390,09:30,15:59,Friday,False,False,-0.5296
2012-10-08,1450.2500,1453.5000,1447.5000,1450.7500,732652,390,09:30,15:59,Monday,False,False,0.0345
2012-10-09,1449.7500,1451.0000,1435.7500,1436.5000,1569801,390,09:30,15:59,Tuesday,False,False,-0.9140
2012-10-10,1436.2500,1437.5000,1425.0000,1427.5000,1363784,390,09:30,15:59,Wednesday,False,False,-0.6092
2012-10-11,1437.0000,1439.2500,1428.0000,1428.2500,1175443,390,09:30,15:59,Thursday,False,False,-0.6089
2012-10-12,1429.0000,1434.0000,1420.0000,1423.0000,1239145,390,09:30,15:59,Friday,False,False,-0.4199
2012-10-15,1426.5000,1436.5000,1422.0000,1435.0000,1192728,390,09:30,15:59,Monday,False,False,0.5959
2012-10-16,1441.7500,1450.7500,1440.7500,1450.0000,1218831,390,09:30,15:59,Tuesday,False,False,0.5722
2012-10-17,1450.5000,1457.7500,1448.5000,1456.2500,1160353,390,09:30,15:59,Wednesday,False,False,0.3964
2012-10-18,1452.7500,1459.7500,1447.7500,1453.0000,1500203,390,09:30,15:59,Thursday,False,False,0.0172
2012-10-19,1450.0000,1450.2500,1424.5000,1427.5000,2005527,390,09:30,15:59,Friday,False,False,-1.5517
2012-10-22,1425.7500,1430.7500,1416.7500,1428.2500,1423257,390,09:30,15:59,Monday,False,False,0.1753
2012-10-23,1412.2500,1414.5000,1402.0000,1407.7500,1758532,390,09:30,15:59,Tuesday,False,False,-0.3186
2012-10-24,1413.0000,1414.7500,1401.7500,1404.0000,1354791,390,09:30,15:59,Wednesday,False,False,-0.6369
2012-10-25,1414.2500,1416.7500,1399.5000,1408.0000,1457352,390,09:30,15:59,Thursday,False,False,-0.4419
2012-10-26,1406.7500,1412.5000,1397.5000,1406.7500,1469721,390,09:30,15:59,Friday,False,False,0.0000
2012-10-31,1412.5000,1414.5000,1400.5000,1406.0000,1398820,390,09:30,15:59,Wednesday,False,False,-0.4602
2012-11-01,1410.0000,1424.0000,1409.0000,1422.5000,1302676,390,09:30,15:59,Thursday,False,False,0.8865
2012-11-02,1430.7500,1430.7500,1407.7500,1409.2500,1577420,390,09:30,15:59,Friday,False,False,-1.5027
2012-11-05,1407.0000,1415.5000,1403.0000,1412.7500,1104585,390,09:30,15:59,Monday,False,False,0.4087
2012-11-06,1416.7500,1429.2500,1415.0000,1423.0000,1209340,390,09:30,15:59,Tuesday,False,False,0.4412
2012-11-07,1410.2500,1410.7500,1384.0000,1390.7500,2472861,390,09:30,15:59,Wednesday,False,False,-1.3827
2012-11-08,1390.2500,1397.5000,1373.5000,1373.7500,2126233,390,09:30,15:59,Thursday,False,False,-1.1868
2012-11-09,1369.7500,1388.0000,1369.0000,1375.2500,1924888,390,09:30,15:59,Friday,False,False,0.4015
2012-11-12,1379.5000,1381.7500,1373.0000,1376.2500,879925,390,09:30,15:59,Monday,False,False,-0.2356
2012-11-13,1369.0000,1386.2500,1367.0000,1371.7500,1478374,390,09:30,15:59,Tuesday,False,False,0.2009
2012-11-14,1375.7500,1377.7500,1349.5000,1352.7500,1996858,390,09:30,15:59,Wednesday,False,False,-1.6718
2012-11-15,1353.2500,1358.5000,1345.2500,1350.2500,1919941,390,09:30,15:59,Thursday,False,False,-0.2217
2012-11-16,1352.2500,1359.7500,1340.2500,1357.0000,2083937,390,09:30,15:59,Friday,False,False,0.3513
2012-11-19,1372.0000,1384.7500,1371.5000,1384.2500,1269824,390,09:30,15:59,Monday,False,False,0.8929
2012-11-20,1382.5000,1387.5000,1374.0000,1385.5000,1196847,390,09:30,15:59,Tuesday,False,False,0.2170
2012-11-21,1386.2500,1389.0000,1383.5000,1388.5000,748364,390,09:30,15:59,Wednesday,False,False,0.1623
2012-11-23,1394.7500,1407.5000,1393.7500,1404.7500,653875,225,09:30,13:14,Friday,True,False,0.7170
2012-11-26,1399.7500,1404.5000,1395.0000,1404.2500,932470,390,09:30,15:59,Monday,False,False,0.3215
2012-11-27,1402.2500,1407.0000,1395.5000,1397.2500,1287011,390,09:30,15:59,Tuesday,False,False,-0.3566
2012-11-28,1390.5000,1408.7500,1383.0000,1408.0000,1776444,390,09:30,15:59,Wednesday,False,False,1.2585
2012-11-29,1413.0000,1418.5000,1407.0000,1414.7500,1509851,390,09:30,15:59,Thursday,False,False,0.1238
2012-11-30,1414.7500,1417.7500,1410.0000,1413.7500,1309620,390,09:30,15:59,Friday,False,False,-0.0707
2012-12-03,1421.5000,1422.7500,1406.5000,1407.7500,1271561,390,09:30,15:59,Monday,False,False,-0.9673
2012-12-04,1407.5000,1411.7500,1401.5000,1405.2500,1271991,390,09:30,15:59,Tuesday,False,False,-0.1599
2012-12-05,1406.7500,1414.7500,1396.7500,1407.7500,1713206,390,09:30,15:59,Wednesday,False,False,0.0711
2012-12-06,1406.5000,1413.5000,1404.7500,1412.5000,1069399,390,09:30,15:59,Thursday,False,False,0.4266
2012-12-07,1418.5000,1420.0000,1409.5000,1417.0000,1291235,390,09:30,15:59,Friday,False,False,-0.1057
2012-12-10,1415.0000,1421.0000,1414.5000,1417.7500,815381,390,09:30,15:59,Monday,False,False,0.1943
2012-12-11,1423.7500,1434.2500,1422.7500,1427.2500,1343120,390,09:30,15:59,Tuesday,False,False,0.2458
2012-12-12,1433.2500,1438.7500,1426.2500,1428.0000,1389194,390,09:30,15:59,Wednesday,False,False,-0.3663
2012-12-13,1427.5000,1431.5000,1415.7500,1420.0000,1154966,390,09:30,15:59,Thursday,False,False,-0.5254
2012-12-14,1416.2500,1419.0000,1411.5000,1413.7500,284640,390,09:30,15:59,Friday,False,False,-0.1765
2012-12-17,1412.0000,1426.2500,1411.5000,1425.5000,1178027,390,09:30,15:59,Monday,False,False,0.9561
2012-12-18,1427.5000,1443.5000,1425.2500,1441.7500,1477284,390,09:30,15:59,Tuesday,False,False,0.9982
2012-12-19,1443.7500,1444.2500,1431.0000,1431.5000,1331690,390,09:30,15:59,Wednesday,False,False,-0.8485
2012-12-20,1432.2500,1439.5000,1428.2500,1438.7500,1117521,390,09:30,15:59,Thursday,False,False,0.4538
2012-12-21,1418.7500,1428.2500,1416.5000,1425.2500,1433001,390,09:30,15:59,Friday,False,False,0.4581
2012-12-24,1421.5000,1423.0000,1419.0000,1419.0000,242282,225,09:30,13:14,Monday,True,False,-0.1759
2012-12-26,1423.7500,1424.5000,1410.7500,1415.0000,507141,390,09:30,15:59,Wednesday,False,False,-0.6146
2012-12-27,1415.5000,1418.5000,1396.0000,1413.0000,1305166,390,09:30,15:59,Thursday,False,False,-0.1766
2012-12-28,1403.2500,1411.2500,1395.7500,1396.0000,736644,390,09:30,15:59,Friday,False,False,-0.5167
2012-12-31,1393.2500,1423.0000,1392.2500,1421.5000,1181124,390,09:30,15:59,Monday,False,False,2.0276
2013-01-02,1448.2500,1458.0000,1444.0000,1457.5000,1473838,390,09:30,15:59,Wednesday,False,False,0.6387
2013-01-03,1456.5000,1460.5000,1450.0000,1454.5000,1298960,390,09:30,15:59,Thursday,False,False,-0.1373
2013-01-04,1456.5000,1463.0000,1453.2500,1460.7500,1116528,390,09:30,15:59,Friday,False,False,0.2918
2013-01-07,1455.0000,1457.7500,1450.7500,1456.2500,949227,390,09:30,15:59,Monday,False,False,0.0859
2013-01-08,1453.5000,1455.7500,1446.0000,1451.7500,1088283,390,09:30,15:59,Tuesday,False,False,-0.1204
2013-01-09,1455.0000,1459.5000,1452.5000,1455.7500,912728,390,09:30,15:59,Wednesday,False,False,0.0515
2013-01-10,1463.5000,1467.2500,1455.7500,1467.0000,1200346,390,09:30,15:59,Thursday,False,False,0.2392
2013-01-11,1466.7500,1467.7500,1462.2500,1467.5000,806993,390,09:30,15:59,Friday,False,False,0.0511
2013-01-14,1465.2500,1467.0000,1460.2500,1466.0000,899045,390,09:30,15:59,Monday,False,False,0.0512
2013-01-15,1459.2500,1468.2500,1458.2500,1466.2500,973752,390,09:30,15:59,Tuesday,False,False,0.4797
2013-01-16,1464.0000,1469.0000,1462.0000,1466.7500,880328,390,09:30,15:59,Wednesday,False,False,0.1878
2013-01-17,1473.5000,1480.5000,1470.2500,1475.7500,1270835,390,09:30,15:59,Thursday,False,False,0.1527
2013-01-18,1476.2500,1481.0000,1470.5000,1479.5000,1102887,390,09:30,15:59,Friday,False,False,0.2202
2013-01-22,1479.5000,1487.5000,1475.7500,1487.0000,931108,390,09:30,15:59,Tuesday,False,False,0.5069
2013-01-23,1487.5000,1491.0000,1484.5000,1489.7500,876911,390,09:30,15:59,Wednesday,False,False,0.1513
2013-01-24,1487.5000,1497.7500,1486.2500,1490.2500,1436948,390,09:30,15:59,Thursday,False,False,0.1849
2013-01-25,1495.2500,1498.7500,1490.7500,1498.2500,1143394,390,09:30,15:59,Friday,False,False,0.2006
2013-01-28,1499.0000,1499.5000,1491.2500,1496.5000,922934,390,09:30,15:59,Monday,False,False,-0.1668
2013-01-29,1494.0000,1504.7500,1493.0000,1503.0000,1168861,390,09:30,15:59,Tuesday,False,False,0.6024
2013-01-30,1502.7500,1505.5000,1495.2500,1497.2500,1382350,390,09:30,15:59,Wednesday,False,False,-0.3660
2013-01-31,1495.2500,1500.0000,1492.0000,1494.5000,1217858,390,09:30,15:59,Thursday,False,False,-0.0502
2013-02-01,1502.7500,1510.5000,1500.0000,1508.2500,1253289,390,09:30,15:59,Friday,False,False,0.3660
2013-02-04,1499.0000,1501.7500,1490.2500,1491.5000,1329651,390,09:30,15:59,Monday,False,False,-0.5003
2013-02-05,1499.7500,1511.0000,1498.7500,1506.7500,1362545,390,09:30,15:59,Tuesday,False,False,0.4667
2013-02-06,1501.2500,1508.7500,1500.0000,1507.7500,1274744,390,09:30,15:59,Wednesday,False,False,0.4330
2013-02-07,1508.0000,1509.5000,1494.5000,1505.7500,1576549,390,09:30,15:59,Thursday,False,False,-0.1492
2013-02-08,1508.0000,1515.0000,1508.0000,1513.7500,1107358,390,09:30,15:59,Friday,False,False,0.3813
2013-02-11,1513.5000,1515.0000,1509.7500,1513.5000,991112,390,09:30,15:59,Monday,False,False,0.0000
2013-02-12,1513.7500,1519.0000,1512.0000,1516.0000,950430,390,09:30,15:59,Tuesday,False,False,0.1486
2013-02-13,1519.2500,1522.0000,1513.0000,1517.5000,1011956,390,09:30,15:59,Wednesday,False,False,-0.1152
2013-02-14,1512.7500,1520.7500,1510.7500,1519.0000,978506,390,09:30,15:59,Thursday,False,False,0.4132
2013-02-15,1520.2500,1521.7500,1511.2500,1517.5000,1295646,390,09:30,15:59,Friday,False,False,-0.1809
2013-02-19,1519.5000,1528.7500,1519.5000,1528.2500,1070909,390,09:30,15:59,Tuesday,False,False,0.5758
2013-02-20,1527.5000,1528.0000,1508.7500,1509.0000,1654289,390,09:30,15:59,Wednesday,False,False,-1.2111
2013-02-21,1505.5000,1505.5000,1495.0000,1499.7500,1951780,390,09:30,15:59,Thursday,False,False,-0.3819
2013-02-22,1507.5000,1514.2500,1503.2500,1514.2500,1307864,390,09:30,15:59,Friday,False,False,0.4478
2013-02-25,1522.2500,1524.5000,1485.5000,1485.7500,2489221,390,09:30,15:59,Monday,False,False,-2.3978
2013-02-26,1493.2500,1497.7500,1482.7500,1495.7500,2289025,390,09:30,15:59,Tuesday,False,False,0.1674
2013-02-27,1494.5000,1519.2500,1493.2500,1515.0000,2000655,390,09:30,15:59,Wednesday,False,False,1.3717
2013-02-28,1515.0000,1524.5000,1511.5000,1511.7500,1677993,390,09:30,15:59,Thursday,False,False,-0.2145
2013-03-01,1506.7500,1519.0000,1499.5000,1517.0000,1999577,390,09:30,15:59,Friday,False,False,0.6803
2013-03-04,1513.2500,1524.2500,1510.5000,1524.0000,1468743,390,09:30,15:59,Monday,False,False,0.7104
2013-03-05,1532.2500,1542.7500,1532.0000,1538.5000,1682994,390,09:30,15:59,Tuesday,False,False,0.4079
2013-03-06,1544.0000,1544.7500,1537.2500,1540.7500,1267259,390,09:30,15:59,Wednesday,False,False,-0.2105
2013-03-07,1542.7500,1545.5000,1540.7500,1543.7500,784389,390,09:30,15:59,Thursday,False,False,0.0648
2013-03-08,1550.0000,1552.0000,1542.2500,1549.7500,425713,390,09:30,15:59,Friday,False,False,-0.0161
2013-03-11,1548.7500,1556.0000,1547.0000,1555.5000,165881,390,09:30,15:59,Monday,False,False,0.4358
2013-03-12,1549.2500,1551.0000,1541.7500,1546.7500,1249077,390,09:30,15:59,Tuesday,False,False,-0.1614
2013-03-13,1547.7500,1551.0000,1542.2500,1548.5000,990856,390,09:30,15:59,Wednesday,False,False,0.0485
2013-03-14,1552.5000,1557.2500,1551.7500,1556.5000,989309,390,09:30,15:59,Thursday,False,False,0.2576
2013-03-15,1554.5000,1556.5000,1549.0000,1554.5000,1302107,390,09:30,15:59,Friday,False,False,0.0000
2013-03-18,1539.2500,1552.5000,1537.7500,1545.5000,1554061,390,09:30,15:59,Monday,False,False,0.4060
2013-03-19,1549.0000,1551.0000,1531.7500,1542.2500,2223513,390,09:30,15:59,Tuesday,False,False,-0.4358
2013-03-20,1551.2500,1555.7500,1548.7500,1552.5000,1273150,390,09:30,15:59,Wednesday,False,False,0.0806
2013-03-21,1543.7500,1549.0000,1536.5000,1539.2500,1509580,390,09:30,15:59,Thursday,False,False,-0.2915
2013-03-22,1544.2500,1551.7500,1543.0000,1551.0000,1220314,390,09:30,15:59,Friday,False,False,0.4371
2013-03-25,1556.0000,1558.5000,1539.0000,1545.7500,1886660,390,09:30,15:59,Monday,False,False,-0.6587
2013-03-26,1552.0000,1558.5000,1550.2500,1557.7500,1240783,390,09:30,15:59,Tuesday,False,False,0.3705
2013-03-27,1548.5000,1558.2500,1545.7500,1557.2500,1162313,390,09:30,15:59,Wednesday,False,False,0.5651
2013-03-28,1556.5000,1564.5000,1554.5000,1561.7500,1216496,390,09:30,15:59,Thursday,False,False,0.3373
2013-04-01,1561.5000,1565.0000,1552.5000,1556.5000,979636,390,09:30,15:59,Monday,False,False,-0.3202
2013-04-02,1562.0000,1568.0000,1559.5000,1564.0000,1274431,390,09:30,15:59,Tuesday,False,False,0.1280
2013-04-03,1565.0000,1566.2500,1544.0000,1548.5000,1964658,390,09:30,15:59,Wednesday,False,False,-1.0543
2013-04-04,1550.2500,1557.5000,1546.7500,1554.5000,1456406,390,09:30,15:59,Thursday,False,False,0.2741
2013-04-05,1535.2500,1549.2500,1533.2500,1547.5000,1575184,390,09:30,15:59,Friday,False,False,0.7979
2013-04-08,1548.2500,1558.2500,1543.0000,1557.7500,1092711,390,09:30,15:59,Monday,False,False,0.6136
2013-04-09,1561.0000,1569.0000,1555.5000,1563.2500,1335206,390,09:30,15:59,Tuesday,False,False,0.1441
2013-04-10,1567.5000,1584.5000,1567.0000,1582.5000,1635585,390,09:30,15:59,Wednesday,False,False,0.9569
2013-04-11,1583.0000,1593.0000,1581.0000,1588.0000,1422286,390,09:30,15:59,Thursday,False,False,0.3159
2013-04-12,1582.7500,1586.2500,1575.0000,1583.7500,1404111,390,09:30,15:59,Friday,False,False,0.0632
2013-04-15,1575.7500,1577.0000,1546.5000,1546.7500,2316135,390,09:30,15:59,Monday,False,False,-1.8404
2013-04-16,1558.5000,1570.7500,1554.5000,1569.7500,1679148,390,09:30,15:59,Tuesday,False,False,0.7218
2013-04-17,1558.5000,1558.7500,1538.0000,1545.7500,2449358,390,09:30,15:59,Wednesday,False,False,-0.8181
2013-04-18,1549.2500,1549.5000,1530.7500,1536.7500,1902662,390,09:30,15:59,Thursday,False,False,-0.8068
2013-04-19,1540.0000,1550.7500,1536.2500,1549.2500,1417643,390,09:30,15:59,Friday,False,False,0.6006
2013-04-22,1553.2500,1561.0000,1542.7500,1557.0000,1276882,390,09:30,15:59,Monday,False,False,0.2414
2013-04-23,1564.7500,1574.7500,1557.0000,1573.7500,1609575,390,09:30,15:59,Tuesday,False,False,0.5752
2013-04-24,1574.0000,1578.5000,1570.7500,1574.2500,1064479,390,09:30,15:59,Wednesday,False,False,0.0159
2013-04-25,1578.7500,1588.2500,1576.5000,1581.0000,1258892,390,09:30,15:59,Thursday,False,False,0.1425
2013-04-26,1578.7500,1581.5000,1572.5000,1578.0000,1019294,390,09:30,15:59,Friday,False,False,-0.0475
2013-04-29,1582.2500,1592.2500,1579.5000,1588.7500,985376,390,09:30,15:59,Monday,False,False,0.4108
2013-04-30,1588.0000,1592.5000,1581.2500,1592.2500,1239362,390,09:30,15:59,Tuesday,False,False,0.2676
2013-05-01,1588.7500,1589.5000,1576.0000,1578.2500,1203315,390,09:30,15:59,Wednesday,False,False,-0.6609
2013-05-02,1582.0000,1594.2500,1580.2500,1592.5000,1191213,390,09:30,15:59,Thursday,False,False,0.6637
2013-05-03,1606.5000,1614.2500,1605.5000,1609.0000,1413912,390,09:30,15:59,Friday,False,False,0.1556
2013-05-06,1610.0000,1615.2500,1609.2500,1613.2500,793051,390,09:30,15:59,Monday,False,False,0.2019
2013-05-07,1616.5000,1621.7500,1611.7500,1621.2500,2466452,390,09:30,15:59,Tuesday,False,False,0.2938
2013-05-08,1619.5000,1629.2500,1618.5000,1628.7500,1297444,390,09:30,15:59,Wednesday,False,False,0.5712
2013-05-09,1628.0000,1632.2500,1620.0000,1624.2500,1493137,390,09:30,15:59,Thursday,False,False,-0.2303
2013-05-10,1625.2500,1630.0000,1620.2500,1629.7500,1289970,390,09:30,15:59,Friday,False,False,0.2769
2013-05-13,1627.2500,1633.2500,1623.2500,1630.5000,1034532,390,09:30,15:59,Monday,False,False,0.1997
2013-05-14,1631.7500,1648.7500,1631.5000,1647.7500,1645351,390,09:30,15:59,Tuesday,False,False,0.9805
2013-05-15,1645.0000,1659.7500,1644.2500,1656.0000,1777372,390,09:30,15:59,Wednesday,False,False,0.6687
2013-05-16,1653.0000,1658.7500,1646.0000,1648.2500,1587619,390,09:30,15:59,Thursday,False,False,-0.2874
2013-05-17,1654.7500,1665.7500,1652.5000,1664.7500,1574979,390,09:30,15:59,Friday,False,False,0.6043
2013-05-20,1662.7500,1670.7500,1661.0000,1664.2500,1476619,390,09:30,15:59,Monday,False,False,0.0902
2013-05-21,1665.7500,1673.2500,1660.0000,1667.0000,1412612,390,09:30,15:59,Tuesday,False,False,0.0750
2013-05-22,1668.5000,1685.7500,1646.5000,1653.5000,2662754,390,09:30,15:59,Wednesday,False,False,-0.8990
2013-05-23,1636.5000,1654.0000,1634.2500,1649.2500,1944360,390,09:30,15:59,Thursday,False,False,0.7791
2013-05-24,1639.5000,1648.2500,1634.5000,1647.7500,1438225,390,09:30,15:59,Friday,False,False,0.5032
2013-05-28,1665.5000,1672.7500,1652.7500,1658.0000,1593242,390,09:30,15:59,Tuesday,False,False,-0.4503
2013-05-29,1649.0000,1652.7500,1638.0000,1647.2500,1680061,390,09:30,15:59,Wednesday,False,False,-0.1061
2013-05-30,1648.0000,1660.7500,1646.7500,1653.0000,1349343,390,09:30,15:59,Thursday,False,False,0.3034
2013-05-31,1648.2500,1658.0000,1628.2500,1629.0000,1991561,390,09:30,15:59,Friday,False,False,-1.1679
2013-06-03,1632.7500,1639.0000,1620.7500,1638.2500,2040413,390,09:30,15:59,Monday,False,False,0.3369
2013-06-04,1638.7500,1645.7500,1621.5000,1629.5000,3537594,390,09:30,15:59,Tuesday,False,False,-0.5645
2013-06-05,1625.2500,1628.7500,1605.5000,1607.0000,2171479,390,09:30,15:59,Wednesday,False,False,-1.1229
2013-06-06,1606.2500,1621.7500,1596.5000,1621.2500,2259721,390,09:30,15:59,Thursday,False,False,0.9339
2013-06-07,1633.0000,1644.0000,1625.7500,1642.5000,1688741,390,09:30,15:59,Friday,False,False,0.5818
2013-06-10,1647.2500,1648.5000,1638.2500,1642.0000,1349960,390,09:30,15:59,Monday,False,False,-0.3187
2013-06-11,1627.0000,1639.7500,1621.5000,1625.5000,1991403,390,09:30,15:59,Tuesday,False,False,-0.0922
2013-06-12,1636.5000,1638.2500,1610.0000,1611.7500,1914761,390,09:30,15:59,Wednesday,False,False,-1.5124
2013-06-13,1610.7500,1639.5000,1607.2500,1636.5000,1469040,390,09:30,15:59,Thursday,False,False,1.5986
2013-06-14,1634.7500,1640.7500,1623.2500,1626.0000,404264,390,09:30,15:59,Friday,False,False,-0.5353
2013-06-17,1631.5000,1641.0000,1623.7500,1633.0000,1300064,390,09:30,15:59,Monday,False,False,0.0919
2013-06-18,1634.0000,1648.7500,1633.5000,1646.0000,1010047,390,09:30,15:59,Tuesday,False,False,0.7344
2013-06-19,1644.5000,1647.5000,1622.0000,1623.0000,1672779,390,09:30,15:59,Wednesday,False,False,-1.3074
2013-06-20,1606.7500,1609.0000,1577.0000,1581.0000,2614549,390,09:30,15:59,Thursday,False,False,-1.6026
2013-06-21,1592.2500,1593.7500,1570.5000,1586.7500,2321721,390,09:30,15:59,Friday,False,False,-0.3454
2013-06-24,1570.0000,1580.2500,1553.2500,1566.2500,2322460,390,09:30,15:59,Monday,False,False,-0.2389
2013-06-25,1581.0000,1587.7500,1570.0000,1582.0000,1554242,390,09:30,15:59,Tuesday,False,False,0.0633
2013-06-26,1595.0000,1601.2500,1588.5000,1597.2500,1274914,390,09:30,15:59,Wednesday,False,False,0.1411
2013-06-27,1607.2500,1614.2500,1605.2500,1607.0000,1273098,390,09:30,15:59,Thursday,False,False,-0.0156
2013-06-28,1601.7500,1609.7500,1594.2500,1597.5000,1650465,390,09:30,15:59,Friday,False,False,-0.2653
2013-07-01,1608.2500,1620.5000,1606.0000,1609.0000,1234632,390,09:30,15:59,Monday,False,False,0.0466
2013-07-02,1606.5000,1618.5000,1600.2500,1607.0000,1369352,390,09:30,15:59,Tuesday,False,False,0.0311
2013-07-03,1600.0000,1613.0000,1597.2500,1610.0000,727956,225,09:30,13:14,Wednesday,True,False,0.6250
2013-07-05,1619.7500,1626.2500,1608.2500,1625.2500,1037301,390,09:30,15:59,Friday,False,False,0.3396
2013-07-08,1634.0000,1639.5000,1631.2500,1634.2500,987134,390,09:30,15:59,Monday,False,False,0.0153
2013-07-09,1645.2500,1649.0000,1638.2500,1646.2500,978363,390,09:30,15:59,Tuesday,False,False,0.0608
2013-07-10,1645.2500,1653.0000,1641.5000,1647.0000,1152097,390,09:30,15:59,Wednesday,False,False,0.1064
2013-07-11,1666.7500,1671.7500,1660.7500,1669.7500,1012696,390,09:30,15:59,Thursday,False,False,0.1800
2013-07-12,1669.7500,1674.2500,1667.0000,1672.5000,831373,390,09:30,15:59,Friday,False,False,0.1647
2013-07-15,1675.2500,1679.5000,1672.2500,1677.2500,698752,390,09:30,15:59,Monday,False,False,0.1194
2013-07-16,1678.5000,1679.5000,1666.5000,1671.0000,944926,390,09:30,15:59,Tuesday,False,False,-0.4468
2013-07-17,1677.5000,1680.5000,1672.7500,1675.2500,1042855,390,09:30,15:59,Wednesday,False,False,-0.1341
2013-07-18,1678.7500,1688.5000,1677.5000,1684.7500,1053484,390,09:30,15:59,Thursday,False,False,0.3574
2013-07-19,1680.7500,1687.5000,1678.5000,1687.5000,835530,390,09:30,15:59,Friday,False,False,0.4016
2013-07-22,1689.5000,1693.0000,1685.5000,1690.5000,674026,390,09:30,15:59,Monday,False,False,0.0592
2013-07-23,1693.5000,1694.0000,1686.0000,1688.0000,758569,390,09:30,15:59,Tuesday,False,False,-0.3248
2013-07-24,1693.7500,1694.5000,1677.2500,1681.0000,1231683,390,09:30,15:59,Wednesday,False,False,-0.7528
2013-07-25,1677.7500,1686.5000,1674.7500,1685.2500,1082020,390,09:30,15:59,Thursday,False,False,0.4470
2013-07-26,1678.0000,1687.2500,1670.5000,1687.0000,1106639,390,09:30,15:59,Friday,False,False,0.5364
2013-07-29,1682.2500,1686.2500,1676.5000,1681.2500,891135,390,09:30,15:59,Monday,False,False,-0.0594
2013-07-30,1686.5000,1688.5000,1677.2500,1681.2500,1088409,390,09:30,15:59,Tuesday,False,False,-0.3113
2013-07-31,1685.2500,1694.0000,1680.2500,1681.7500,1648890,390,09:30,15:59,Wednesday,False,False,-0.2077
2013-08-01,1695.5000,1703.7500,1694.2500,1701.7500,1166038,390,09:30,15:59,Thursday,False,False,0.3686
2013-08-02,1698.0000,1705.0000,1695.7500,1704.5000,876488,390,09:30,15:59,Friday,False,False,0.3828
2013-08-05,1701.0000,1705.0000,1698.7500,1702.5000,688621,390,09:30,15:59,Monday,False,False,0.0882
2013-08-06,1698.7500,1700.5000,1688.7500,1693.0000,1047472,390,09:30,15:59,Tuesday,False,False,-0.3385
2013-08-07,1687.2500,1689.5000,1680.5000,1687.5000,1123466,390,09:30,15:59,Wednesday,False,False,0.0148
2013-08-08,1695.2500,1697.0000,1684.5000,1693.0000,1241928,390,09:30,15:59,Thursday,False,False,-0.1327
2013-08-09,1691.0000,1696.2500,1682.5000,1688.5000,1406525,390,09:30,15:59,Friday,False,False,-0.1478
2013-08-12,1679.7500,1688.2500,1678.7500,1686.2500,973862,390,09:30,15:59,Monday,False,False,0.3870
2013-08-13,1689.2500,1694.5000,1679.2500,1691.2500,1329653,390,09:30,15:59,Tuesday,False,False,0.1184
2013-08-14,1690.5000,1693.2500,1682.0000,1682.5000,1247889,390,09:30,15:59,Wednesday,False,False,-0.4732
2013-08-15,1669.0000,1669.2500,1655.7500,1658.2500,1896609,390,09:30,15:59,Thursday,False,False,-0.6441
2013-08-16,1655.7500,1661.5000,1649.5000,1653.5000,1388579,390,09:30,15:59,Friday,False,False,-0.1359
2013-08-19,1651.2500,1657.0000,1642.2500,1642.2500,1184479,390,09:30,15:59,Monday,False,False,-0.5450
2013-08-20,1645.2500,1656.7500,1643.2500,1650.5000,1212322,390,09:30,15:59,Tuesday,False,False,0.3191
2013-08-21,1645.7500,1654.7500,1636.2500,1640.5000,1809946,390,09:30,15:59,Wednesday,False,False,-0.3190
2013-08-22,1643.7500,1657.7500,1643.2500,1654.5000,1176220,390,09:30,15:59,Thursday,False,False,0.6540
2013-08-23,1660.0000,1662.7500,1652.2500,1660.5000,1016331,390,09:30,15:59,Friday,False,False,0.0301
2013-08-26,1662.2500,1667.5000,1653.5000,1654.2500,977952,390,09:30,15:59,Monday,False,False,-0.4813
2013-08-27,1638.0000,1644.2500,1626.2500,1627.7500,1756227,390,09:30,15:59,Tuesday,False,False,-0.6258
2013-08-28,1627.0000,1639.2500,1624.7500,1633.5000,1281162,390,09:30,15:59,Wednesday,False,False,0.3995
2013-08-29,1629.5000,1644.7500,1628.2500,1635.7500,1374261,390,09:30,15:59,Thursday,False,False,0.3836
2013-08-30,1639.2500,1639.5000,1625.5000,1629.7500,1548688,390,09:30,15:59,Friday,False,False,-0.5795
2013-09-03,1646.5000,1650.0000,1630.7500,1638.0000,1750455,390,09:30,15:59,Tuesday,False,False,-0.5162
2013-09-04,1638.2500,1654.7500,1635.2500,1651.7500,1326795,390,09:30,15:59,Wednesday,False,False,0.8241
2013-09-05,1652.7500,1658.2500,1651.2500,1653.2500,954234,390,09:30,15:59,Thursday,False,False,0.0303
2013-09-06,1659.2500,1664.0000,1638.7500,1654.0000,2082690,390,09:30,15:59,Friday,False,False,-0.3164
2013-09-09,1658.5000,1671.7500,1658.2500,1670.5000,1156700,390,09:30,15:59,Monday,False,False,0.7235
2013-09-10,1680.5000,1683.2500,1676.7500,1683.2500,1376487,390,09:30,15:59,Tuesday,False,False,0.1636
2013-09-11,1680.7500,1688.5000,1677.7500,1688.5000,1325889,390,09:30,15:59,Wednesday,False,False,0.4611
2013-09-12,1688.0000,1690.0000,1681.2500,1683.7500,791124,390,09:30,15:59,Thursday,False,False,-0.2518
2013-09-13,1685.7500,1689.0000,1681.7500,1688.0000,244306,390,09:30,15:59,Friday,False,False,0.1335
2013-09-16,1699.5000,1700.5000,1688.0000,1690.7500,1052817,390,09:30,15:59,Monday,False,False,-0.5149
2013-09-17,1692.2500,1698.7500,1692.0000,1698.2500,657816,390,09:30,15:59,Tuesday,False,False,0.3546
2013-09-18,1697.7500,1723.2500,1693.2500,1718.7500,1656999,390,09:30,15:59,Wednesday,False,False,1.2369
2013-09-19,1723.0000,1723.7500,1713.2500,1715.5000,1241222,390,09:30,15:59,Thursday,False,False,-0.4353
2013-09-20,1719.0000,1719.2500,1701.2500,1702.7500,1335189,390,09:30,15:59,Friday,False,False,-0.9453
2013-09-23,1700.5000,1702.2500,1689.5000,1695.0000,1355440,390,09:30,15:59,Monday,False,False,-0.3234
2013-09-24,1694.7500,1701.0000,1687.5000,1691.2500,1211635,390,09:30,15:59,Tuesday,False,False,-0.2065
2013-09-25,1692.2500,1695.0000,1684.5000,1686.7500,1368404,390,09:30,15:59,Wednesday,False,False,-0.3250
2013-09-26,1689.0000,1697.5000,1685.7500,1692.0000,1222853,390,09:30,15:59,Thursday,False,False,0.1776
2013-09-27,1683.7500,1686.7500,1680.0000,1684.7500,1122176,390,09:30,15:59,Friday,False,False,0.0594
2013-09-30,1670.0000,1681.0000,1666.7500,1675.7500,1717708,390,09:30,15:59,Monday,False,False,0.3443
2013-10-01,1676.5000,1690.5000,1675.2500,1688.2500,1314493,390,09:30,15:59,Tuesday,False,False,0.7009
2013-10-02,1678.5000,1687.5000,1673.2500,1686.7500,1213390,390,09:30,15:59,Wednesday,False,False,0.4915
2013-10-03,1683.0000,1684.7500,1663.2500,1671.7500,1954205,390,09:30,15:59,Thursday,False,False,-0.6684
2013-10-04,1672.5000,1686.0000,1670.2500,1684.0000,1234205,390,09:30,15:59,Friday,False,False,0.6876
2013-10-07,1669.0000,1679.5000,1667.2500,1669.2500,1272379,390,09:30,15:59,Monday,False,False,0.0150
2013-10-08,1669.0000,1671.2500,1648.2500,1649.5000,1985058,390,09:30,15:59,Tuesday,False,False,-1.1684
2013-10-09,1652.7500,1656.7500,1640.0000,1650.5000,2102141,390,09:30,15:59,Wednesday,False,False,-0.1361
2013-10-10,1667.5000,1687.7500,1667.2500,1686.7500,1767597,390,09:30,15:59,Thursday,False,False,1.1544
2013-10-11,1684.2500,1698.2500,1682.5000,1697.5000,1179853,390,09:30,15:59,Friday,False,False,0.7867
2013-10-14,1687.0000,1706.0000,1685.5000,1704.7500,1199654,390,09:30,15:59,Monday,False,False,1.0522
2013-10-15,1700.0000,1706.5000,1689.5000,1691.7500,1501286,390,09:30,15:59,Tuesday,False,False,-0.4853
2013-10-16,1702.2500,1717.0000,1701.2500,1716.0000,1432368,390,09:30,15:59,Wednesday,False,False,0.8078
2013-10-17,1709.0000,1728.5000,1708.5000,1727.2500,1276996,390,09:30,15:59,Thursday,False,False,1.0679
2013-10-18,1733.5000,1740.2500,1730.2500,1738.7500,1196094,390,09:30,15:59,Friday,False,False,0.3029
2013-10-21,1739.2500,1742.5000,1734.7500,1739.0000,908157,390,09:30,15:59,Monday,False,False,-0.0144
2013-10-22,1744.0000,1754.5000,1741.7500,1749.2500,1513574,390,09:30,15:59,Tuesday,False,False,0.3010
2013-10-23,1743.2500,1744.0000,1734.5000,1741.2500,1190027,390,09:30,15:59,Wednesday,False,False,-0.1147
2013-10-24,1744.2500,1749.0000,1740.0000,1746.7500,938175,390,09:30,15:59,Thursday,False,False,0.1433
2013-10-25,1750.2500,1754.7500,1746.7500,1754.7500,990758,390,09:30,15:59,Friday,False,False,0.2571
2013-10-28,1754.0000,1760.0000,1752.0000,1757.5000,905439,390,09:30,15:59,Monday,False,False,0.1995
2013-10-29,1761.5000,1767.7500,1759.0000,1767.5000,959178,390,09:30,15:59,Tuesday,False,False,0.3406
2013-10-30,1769.2500,1770.5000,1751.7500,1758.7500,1511926,390,09:30,15:59,Wednesday,False,False,-0.5935
2013-10-31,1756.7500,1764.0000,1750.2500,1752.2500,1528915,390,09:30,15:59,Thursday,False,False,-0.2562
2013-11-01,1755.5000,1761.2500,1747.0000,1756.0000,1348069,390,09:30,15:59,Friday,False,False,0.0285
2013-11-04,1762.0000,1763.7500,1756.0000,1763.0000,785553,390,09:30,15:59,Monday,False,False,0.0568
2013-11-05,1756.2500,1762.2500,1750.5000,1757.7500,1185451,390,09:30,15:59,Tuesday,False,False,0.0854
2013-11-06,1765.5000,1770.0000,1760.0000,1766.5000,1084371,390,09:30,15:59,Wednesday,False,False,0.0566
2013-11-07,1770.0000,1771.5000,1742.2500,1744.2500,2030431,390,09:30,15:59,Thursday,False,False,-1.4548
2013-11-08,1743.2500,1767.5000,1743.2500,1767.2500,1462662,390,09:30,15:59,Friday,False,False,1.3767
2013-11-11,1766.2500,1770.2500,1764.0000,1768.0000,755808,390,09:30,15:59,Monday,False,False,0.0991
2013-11-12,1764.2500,1768.5000,1758.5000,1764.7500,1119108,390,09:30,15:59,Tuesday,False,False,0.0283
2013-11-13,1755.5000,1779.0000,1755.5000,1778.2500,1255246,390,09:30,15:59,Wednesday,False,False,1.2959
2013-11-14,1780.2500,1789.0000,1777.2500,1788.0000,1250608,390,09:30,15:59,Thursday,False,False,0.4353
2013-11-15,1790.5000,1795.5000,1788.0000,1795.2500,908129,390,09:30,15:59,Friday,False,False,0.2653
2013-11-18,1798.0000,1799.7500,1784.7500,1789.5000,1238184,390,09:30,15:59,Monday,False,False,-0.4727
2013-11-19,1788.2500,1793.7500,1782.0000,1785.5000,1304952,390,09:30,15:59,Tuesday,False,False,-0.1538
2013-11-20,1789.0000,1794.2500,1774.5000,1779.2500,1708090,390,09:30,15:59,Wednesday,False,False,-0.5450
2013-11-21,1784.7500,1795.5000,1783.5000,1793.5000,1026607,390,09:30,15:59,Thursday,False,False,0.4903
2013-11-22,1794.7500,1803.2500,1792.5000,1802.7500,890766,390,09:30,15:59,Friday,False,False,0.4457
2013-11-25,1806.2500,1806.7500,1798.5000,1801.5000,808942,390,09:30,15:59,Monday,False,False,-0.2630
2013-11-26,1802.2500,1807.0000,1798.7500,1802.0000,830414,390,09:30,15:59,Tuesday,False,False,-0.0139
2013-11-27,1803.7500,1807.5000,1801.2500,1806.0000,612976,390,09:30,15:59,Wednesday,False,False,0.1247
2013-11-29,1808.2500,1812.5000,1802.7500,1804.2500,607706,225,09:30,13:14,Friday,True,False,-0.2212
2013-12-02,1805.5000,1809.0000,1797.0000,1799.7500,1068634,390,09:30,15:59,Monday,False,False,-0.3185
2013-12-03,1794.0000,1798.5000,1786.2500,1793.5000,1351273,390,09:30,15:59,Tuesday,False,False,-0.0279
2013-12-04,1785.2500,1799.5000,1777.7500,1791.5000,1717475,390,09:30,15:59,Wednesday,False,False,0.3501
2013-12-05,1788.7500,1792.0000,1782.0000,1784.5000,1232330,390,09:30,15:59,Thursday,False,False,-0.2376
2013-12-06,1801.2500,1806.0000,1796.2500,1804.0000,1111445,390,09:30,15:59,Friday,False,False,0.1527
2013-12-09,1809.7500,1811.5000,1806.2500,1808.5000,746118,390,09:30,15:59,Monday,False,False,-0.0691
2013-12-10,1804.5000,1808.2500,1801.0000,1802.5000,835312,390,09:30,15:59,Tuesday,False,False,-0.1108
2013-12-11,1802.7500,1803.0000,1779.2500,1781.2500,1405672,390,09:30,15:59,Wednesday,False,False,-1.1926
2013-12-12,1780.5000,1783.2500,1771.7500,1776.0000,1033007,390,09:30,15:59,Thursday,False,False,-0.2527
2013-12-13,1779.2500,1780.7500,1771.7500,1775.0000,315399,390,09:30,15:59,Friday,False,False,-0.2389
2013-12-16,1777.5000,1786.2500,1777.0000,1780.0000,934118,390,09:30,15:59,Monday,False,False,0.1406
2013-12-17,1781.5000,1782.2500,1770.2500,1774.0000,1016988,390,09:30,15:59,Tuesday,False,False,-0.4210
2013-12-18,1777.2500,1805.7500,1760.7500,1805.0000,1984511,390,09:30,15:59,Wednesday,False,False,1.5614
2013-12-19,1799.7500,1805.0000,1795.0000,1803.0000,954360,390,09:30,15:59,Thursday,False,False,0.1806
2013-12-20,1804.5000,1817.7500,1804.2500,1813.2500,1010451,390,09:30,15:59,Friday,False,False,0.4849
2013-12-23,1822.0000,1824.5000,1818.2500,1822.5000,580135,390,09:30,15:59,Monday,False,False,0.0274
2013-12-24,1823.5000,1829.5000,1823.0000,1829.2500,261414,225,09:30,13:14,Tuesday,True,False,0.3153
2013-12-26,1831.0000,1837.7500,1831.0000,1836.5000,374246,390,09:30,15:59,Thursday,False,False,0.3004
2013-12-27,1839.2500,1840.0000,1834.2500,1836.0000,500819,390,09:30,15:59,Friday,False,False,-0.1767
2013-12-30,1836.5000,1838.0000,1833.5000,1835.5000,455415,390,09:30,15:59,Monday,False,False,-0.0545
2013-12-31,1838.0000,1844.2500,1836.7500,1842.7500,509128,390,09:30,15:59,Tuesday,False,False,0.2584
2014-01-02,1837.2500,1838.0000,1821.7500,1826.2500,1037385,390,09:30,15:59,Thursday,False,False,-0.5987
2014-01-03,1828.7500,1833.0000,1823.0000,1824.7500,757467,390,09:30,15:59,Friday,False,False,-0.2187
2014-01-06,1831.2500,1832.5000,1817.2500,1820.7500,1127548,390,09:30,15:59,Monday,False,False,-0.5734
2014-01-07,1827.7500,1834.7500,1826.2500,1831.2500,932319,390,09:30,15:59,Tuesday,False,False,0.1915
2014-01-08,1831.2500,1834.7500,1825.5000,1831.7500,1125782,390,09:30,15:59,Wednesday,False,False,0.0273
2014-01-09,1837.7500,1838.0000,1824.2500,1832.7500,1109987,390,09:30,15:59,Thursday,False,False,-0.2721
2014-01-10,1836.0000,1838.7500,1826.2500,1837.2500,1035820,390,09:30,15:59,Friday,False,False,0.0681
2014-01-13,1833.5000,1838.2500,1809.5000,1813.5000,1461707,390,09:30,15:59,Monday,False,False,-1.0908
2014-01-14,1819.2500,1834.2500,1815.7500,1833.2500,1286981,390,09:30,15:59,Tuesday,False,False,0.7695
2014-01-15,1837.2500,1845.7500,1836.5000,1843.0000,1003399,390,09:30,15:59,Wednesday,False,False,0.3130
2014-01-16,1839.0000,1841.0000,1834.5000,1840.2500,701695,390,09:30,15:59,Thursday,False,False,0.0680
2014-01-17,1837.2500,1840.5000,1829.2500,1832.2500,894174,390,09:30,15:59,Friday,False,False,-0.2721
2014-01-21,1843.0000,1844.0000,1826.2500,1838.2500,1010875,390,09:30,15:59,Tuesday,False,False,-0.2577
2014-01-22,1841.2500,1841.7500,1835.0000,1839.2500,702940,390,09:30,15:59,Wednesday,False,False,-0.1086
2014-01-23,1829.7500,1830.0000,1813.7500,1823.5000,1403569,390,09:30,15:59,Thursday,False,False,-0.3416
2014-01-24,1811.7500,1812.2500,1784.2500,1784.5000,1957134,390,09:30,15:59,Friday,False,False,-1.5041
2014-01-27,1786.5000,1791.0000,1767.0000,1775.7500,2192720,390,09:30,15:59,Monday,False,False,-0.6017
2014-01-28,1777.2500,1788.7500,1776.7500,1786.2500,1222977,390,09:30,15:59,Tuesday,False,False,0.5064
2014-01-29,1771.2500,1781.0000,1764.0000,1768.7500,2015213,390,09:30,15:59,Wednesday,False,False,-0.1411
2014-01-30,1784.2500,1793.7500,1778.0000,1788.7500,1320945,390,09:30,15:59,Thursday,False,False,0.2522
2014-01-31,1765.7500,1788.2500,1764.7500,1776.2500,1754607,390,09:30,15:59,Friday,False,False,0.5946
2014-02-03,1774.7500,1779.0000,1733.5000,1737.0000,2572631,390,09:30,15:59,Monday,False,False,-2.1271
2014-02-04,1744.7500,1753.5000,1738.7500,1749.0000,1784904,390,09:30,15:59,Tuesday,False,False,0.2436
2014-02-05,1743.0000,1750.7500,1732.0000,1746.2500,1592801,390,09:30,15:59,Wednesday,False,False,0.1865
2014-02-06,1750.7500,1769.7500,1750.5000,1769.2500,1251623,390,09:30,15:59,Thursday,False,False,1.0567
2014-02-07,1778.0000,1793.7500,1772.2500,1792.0000,1566820,390,09:30,15:59,Friday,False,False,0.7874
2014-02-10,1791.7500,1795.5000,1786.7500,1794.7500,860647,390,09:30,15:59,Monday,False,False,0.1674
2014-02-11,1796.5000,1819.5000,1795.2500,1814.5000,1344122,390,09:30,15:59,Tuesday,False,False,1.0019
2014-02-12,1817.2500,1823.2500,1812.0000,1816.0000,1072070,390,09:30,15:59,Wednesday,False,False,-0.0688
2014-02-13,1803.2500,1827.0000,1803.0000,1825.5000,1232271,390,09:30,15:59,Thursday,False,False,1.2339
2014-02-14,1823.2500,1838.7500,1821.5000,1835.2500,1009592,390,09:30,15:59,Friday,False,False,0.6582
2014-02-18,1837.0000,1840.0000,1831.5000,1837.5000,820871,390,09:30,15:59,Tuesday,False,False,0.0272
2014-02-19,1832.2500,1844.5000,1823.2500,1825.0000,1466063,390,09:30,15:59,Wednesday,False,False,-0.3957
2014-02-20,1827.5000,1840.2500,1821.0000,1836.5000,1140115,390,09:30,15:59,Thursday,False,False,0.4925
2014-02-21,1840.0000,1844.0000,1832.7500,1834.0000,1021714,390,09:30,15:59,Friday,False,False,-0.3261
2014-02-24,1837.7500,1856.7500,1837.0000,1845.0000,1257726,390,09:30,15:59,Monday,False,False,0.3945
2014-02-25,1845.2500,1851.0000,1837.2500,1843.0000,1273780,390,09:30,15:59,Tuesday,False,False,-0.1219
2014-02-26,1846.2500,1851.0000,1838.0000,1843.2500,1205242,390,09:30,15:59,Wednesday,False,False,-0.1625
2014-02-27,1840.7500,1853.5000,1838.5000,1853.2500,1146560,390,09:30,15:59,Thursday,False,False,0.6791
2014-02-28,1852.7500,1866.5000,1845.2500,1858.2500,1697349,390,09:30,15:59,Friday,False,False,0.2969
2014-03-03,1841.7500,1849.5000,1832.2500,1844.0000,1781702,390,09:30,15:59,Monday,False,False,0.1222
2014-03-04,1862.5000,1874.7500,1862.2500,1871.7500,1236734,390,09:30,15:59,Tuesday,False,False,0.4966
2014-03-05,1872.2500,1875.5000,1869.2500,1872.2500,973555,390,09:30,15:59,Wednesday,False,False,0.0000
2014-03-06,1877.0000,1881.0000,1873.7500,1876.7500,945874,390,09:30,15:59,Thursday,False,False,-0.0133
2014-03-07,1883.7500,1884.7500,1869.2500,1877.0000,1351498,390,09:30,15:59,Friday,False,False,-0.3583
2014-03-10,1874.5000,1877.5000,1865.7500,1876.7500,856823,390,09:30,15:59,Monday,False,False,0.1200
2014-03-11,1879.5000,1882.2500,1863.0000,1866.7500,1255496,390,09:30,15:59,Tuesday,False,False,-0.6784
2014-03-12,1858.2500,1868.5000,1853.7500,1867.5000,1166139,390,09:30,15:59,Wednesday,False,False,0.4978
2014-03-13,1873.5000,1875.0000,1841.5000,1847.0000,1569302,390,09:30,15:59,Thursday,False,False,-1.4145
2014-03-14,1843.0000,1853.0000,1839.2500,1840.7500,516635,390,09:30,15:59,Friday,False,False,-0.1221
2014-03-17,1843.7500,1855.7500,1842.7500,1851.0000,1024540,390,09:30,15:59,Monday,False,False,0.3932
2014-03-18,1854.7500,1867.0000,1852.7500,1864.7500,1036865,390,09:30,15:59,Tuesday,False,False,0.5392
2014-03-19,1865.0000,1867.2500,1842.0000,1854.2500,1349122,390,09:30,15:59,Wednesday,False,False,-0.5764
2014-03-20,1849.7500,1866.0000,1846.2500,1864.7500,1127967,390,09:30,15:59,Thursday,False,False,0.8109
2014-03-21,1872.5000,1876.7500,1855.5000,1857.5000,1379020,390,09:30,15:59,Friday,False,False,-0.8011
2014-03-24,1863.7500,1866.0000,1841.2500,1849.5000,1560582,390,09:30,15:59,Monday,False,False,-0.7646
2014-03-25,1859.0000,1864.5000,1848.0000,1858.7500,1378996,390,09:30,15:59,Tuesday,False,False,-0.0134
2014-03-26,1865.7500,1868.7500,1844.2500,1844.7500,1582591,390,09:30,15:59,Wednesday,False,False,-1.1256
2014-03-27,1842.7500,1848.2500,1834.0000,1841.0000,1709394,390,09:30,15:59,Thursday,False,False,-0.0950
2014-03-28,1846.0000,1859.5000,1845.0000,1849.5000,1251584,390,09:30,15:59,Friday,False,False,0.1896
2014-03-31,1861.2500,1868.0000,1859.5000,1865.0000,1258876,390,09:30,15:59,Monday,False,False,0.2015
2014-04-01,1871.2500,1878.5000,1869.2500,1877.5000,979727,390,09:30,15:59,Tuesday,False,False,0.3340
2014-04-02,1880.0000,1886.2500,1876.2500,1883.7500,947322,390,09:30,15:59,Wednesday,False,False,0.1995
2014-04-03,1886.5000,1887.0000,1875.5000,1881.2500,977191,390,09:30,15:59,Thursday,False,False,-0.2783
2014-04-04,1891.2500,1892.2500,1855.7500,1859.0000,2134301,390,09:30,15:59,Friday,False,False,-1.7052
2014-04-07,1854.0000,1857.5000,1834.5000,1838.0000,1811803,390,09:30,15:59,Monday,False,False,-0.8630
2014-04-08,1837.0000,1849.0000,1830.7500,1845.7500,1528959,390,09:30,15:59,Tuesday,False,False,0.4763
2014-04-09,1850.7500,1866.5000,1845.2500,1865.7500,1184430,390,09:30,15:59,Wednesday,False,False,0.8105
2014-04-10,1865.5000,1866.5000,1823.7500,1826.0000,1980480,390,09:30,15:59,Thursday,False,False,-2.1174
2014-04-11,1816.5000,1828.5000,1807.2500,1809.0000,1996983,390,09:30,15:59,Friday,False,False,-0.4129
2014-04-14,1823.7500,1828.0000,1808.7500,1823.7500,1448988,390,09:30,15:59,Monday,False,False,0.0000
2014-04-15,1827.5000,1837.7500,1809.2500,1836.5000,2235343,390,09:30,15:59,Tuesday,False,False,0.4925
2014-04-16,1849.2500,1856.0000,1840.7500,1855.7500,1242650,390,09:30,15:59,Wednesday,False,False,0.3515
2014-04-17,1853.2500,1863.7500,1850.2500,1858.2500,967020,390,09:30,15:59,Thursday,False,False,0.2698
2014-04-21,1859.0000,1865.5000,1856.5000,1865.0000,435487,390,09:30,15:59,Monday,False,False,0.3228
2014-04-22,1866.7500,1878.7500,1865.7500,1873.2500,874381,390,09:30,15:59,Tuesday,False,False,0.3482
2014-04-23,1872.7500,1873.7500,1867.5000,1869.2500,730311,390,09:30,15:59,Wednesday,False,False,-0.1869
2014-04-24,1878.2500,1878.5000,1863.7500,1873.0000,1309373,390,09:30,15:59,Thursday,False,False,-0.2795
2014-04-25,1867.0000,1868.0000,1853.0000,1857.7500,1231571,390,09:30,15:59,Friday,False,False,-0.4954
2014-04-28,1865.2500,1871.7500,1844.0000,1863.7500,1798220,390,09:30,15:59,Monday,False,False,-0.0804
2014-04-29,1869.5000,1875.2500,1865.2500,1872.0000,983717,390,09:30,15:59,Tuesday,False,False,0.1337
2014-04-30,1869.0000,1879.5000,1866.5000,1878.5000,1178494,390,09:30,15:59,Wednesday,False,False,0.5083
2014-05-01,1876.7500,1882.7500,1871.5000,1877.7500,819484,390,09:30,15:59,Thursday,False,False,0.0533
2014-05-02,1877.5000,1885.7500,1872.0000,1875.2500,1345093,390,09:30,15:59,Friday,False,False,-0.1198
2014-05-05,1865.7500,1880.0000,1860.5000,1878.5000,940710,390,09:30,15:59,Monday,False,False,0.6834
2014-05-06,1874.2500,1875.5000,1861.7500,1862.5000,1143459,390,09:30,15:59,Tuesday,False,False,-0.6269
2014-05-07,1868.7500,1874.0000,1854.5000,1873.2500,1636505,390,09:30,15:59,Wednesday,False,False,0.2408
2014-05-08,1871.2500,1884.7500,1865.0000,1871.2500,1484046,390,09:30,15:59,Thursday,False,False,0.0000
2014-05-09,1871.2500,1875.0000,1862.5000,1874.7500,1234193,390,09:30,15:59,Friday,False,False,0.1870
2014-05-12,1882.0000,1893.0000,1881.7500,1892.0000,954748,390,09:30,15:59,Monday,False,False,0.5313
2014-05-13,1894.2500,1898.5000,1892.0000,1893.7500,819230,390,09:30,15:59,Tuesday,False,False,-0.0264
2014-05-14,1892.5000,1893.2500,1882.2500,1884.7500,961500,390,09:30,15:59,Wednesday,False,False,-0.4095
2014-05-15,1881.0000,1881.5000,1859.0000,1868.2500,1868155,390,09:30,15:59,Thursday,False,False,-0.6778
2014-05-16,1869.2500,1875.5000,1861.2500,1875.0000,1148372,390,09:30,15:59,Friday,False,False,0.3076
2014-05-19,1871.0000,1883.0000,1869.2500,1881.5000,757308,390,09:30,15:59,Monday,False,False,0.5612
2014-05-20,1880.5000,1880.7500,1864.7500,1869.2500,1286453,390,09:30,15:59,Tuesday,False,False,-0.5982
2014-05-21,1875.0000,1886.5000,1874.5000,1885.2500,1056810,390,09:30,15:59,Wednesday,False,False,0.5467
2014-05-22,1885.7500,1894.0000,1882.7500,1890.2500,780474,390,09:30,15:59,Thursday,False,False,0.2386
2014-05-23,1891.5000,1899.2500,1890.7500,1898.0000,581581,390,09:30,15:59,Friday,False,False,0.3436
2014-05-26,1902.2500,1904.7500,1901.7500,1904.0000,21810,209,09:30,12:59,Monday,True,False,0.0920
2014-05-27,1904.7500,1910.0000,1903.5000,1909.2500,659571,390,09:30,15:59,Tuesday,False,False,0.2363
2014-05-28,1909.2500,1912.5000,1904.5000,1907.5000,809732,390,09:30,15:59,Wednesday,False,False,-0.0917
2014-05-29,1912.2500,1918.0000,1907.2500,1918.0000,761153,390,09:30,15:59,Thursday,False,False,0.3007
2014-05-30,1915.7500,1922.2500,1914.2500,1920.7500,910675,390,09:30,15:59,Friday,False,False,0.2610
2014-06-02,1923.5000,1924.0000,1913.7500,1923.0000,869382,390,09:30,15:59,Monday,False,False,-0.0260
2014-06-03,1918.0000,1923.0000,1916.5000,1922.0000,737297,390,09:30,15:59,Tuesday,False,False,0.2086
2014-06-04,1918.5000,1927.0000,1916.7500,1925.7500,695322,390,09:30,15:59,Wednesday,False,False,0.3779
2014-06-05,1928.0000,1940.7500,1921.0000,1938.5000,1283372,390,09:30,15:59,Thursday,False,False,0.5446
2014-06-06,1942.7500,1948.2500,1941.7500,1948.0000,860463,390,09:30,15:59,Friday,False,False,0.2702
2014-06-09,1947.5000,1954.7500,1945.7500,1950.0000,788958,390,09:30,15:59,Monday,False,False,0.1284
2014-06-10,1947.5000,1950.2500,1943.0000,1950.0000,692167,390,09:30,15:59,Tuesday,False,False,0.1284
2014-06-11,1943.0000,1945.2500,1938.5000,1943.5000,841012,390,09:30,15:59,Wednesday,False,False,0.0257
2014-06-16,1925.5000,1933.5000,1922.7500,1929.2500,914556,390,09:30,15:59,Monday,False,False,0.1948
2014-06-17,1926.5000,1935.7500,1924.2500,1934.5000,900083,390,09:30,15:59,Tuesday,False,False,0.4153
2014-06-18,1934.5000,1950.2500,1929.2500,1948.5000,1224200,390,09:30,15:59,Wednesday,False,False,0.7237
2014-06-19,1950.5000,1952.2500,1944.0000,1951.0000,977230,390,09:30,15:59,Thursday,False,False,0.0256
2014-06-20,1955.5000,1955.5000,1952.0000,1954.7500,814465,390,09:30,15:59,Friday,False,False,-0.0384
2014-06-23,1954.5000,1955.5000,1950.0000,1953.7500,750919,390,09:30,15:59,Monday,False,False,-0.0384
2014-06-24,1950.2500,1960.0000,1939.7500,1941.7500,1270481,390,09:30,15:59,Tuesday,False,False,-0.4358
2014-06-25,1937.7500,1953.2500,1937.7500,1950.7500,1181067,390,09:30,15:59,Wednesday,False,False,0.6709
2014-06-26,1951.5000,1951.5000,1936.2500,1949.5000,1252447,390,09:30,15:59,Thursday,False,False,-0.1025
2014-06-27,1944.7500,1954.0000,1943.7500,1953.2500,895258,390,09:30,15:59,Friday,False,False,0.4371
2014-06-30,1952.0000,1956.7500,1950.2500,1952.0000,896221,390,09:30,15:59,Monday,False,False,0.0000
2014-07-01,1956.7500,1971.7500,1956.2500,1965.7500,1246092,390,09:30,15:59,Tuesday,False,False,0.4599
2014-07-02,1965.7500,1970.0000,1964.7500,1967.7500,721802,390,09:30,15:59,Wednesday,False,False,0.1017
2014-07-03,1972.7500,1978.2500,1971.2500,1977.5000,624715,225,09:30,13:14,Thursday,True,False,0.2408
2014-07-04,1975.7500,1976.2500,1974.7500,1975.5000,13920,204,09:30,12:59,Friday,True,False,-0.0127
2014-07-07,1973.5000,1975.0000,1967.2500,1970.5000,920413,390,09:30,15:59,Monday,False,False,-0.1520
2014-07-08,1966.7500,1967.5000,1952.7500,1958.0000,1531566,390,09:30,15:59,Tuesday,False,False,-0.4449
2014-07-09,1962.2500,1968.2500,1958.2500,1966.5000,1145769,390,09:30,15:59,Wednesday,False,False,0.2166
2014-07-10,1947.5000,1964.0000,1945.7500,1958.5000,1500897,390,09:30,15:59,Thursday,False,False,0.5648
2014-07-11,1957.5000,1963.0000,1953.0000,1961.5000,1114446,390,09:30,15:59,Friday,False,False,0.2043
2014-07-14,1971.5000,1974.0000,1969.7500,1971.2500,784025,390,09:30,15:59,Monday,False,False,-0.0127
2014-07-15,1972.2500,1976.2500,1958.7500,1968.0000,1648577,390,09:30,15:59,Tuesday,False,False,-0.2155
2014-07-16,1976.5000,1978.0000,1969.2500,1975.0000,1064970,390,09:30,15:59,Wednesday,False,False,-0.0759
2014-07-17,1968.5000,1976.0000,1949.0000,1952.2500,2080116,390,09:30,15:59,Thursday,False,False,-0.8255
2014-07-18,1958.2500,1974.2500,1957.2500,1972.2500,1396601,390,09:30,15:59,Friday,False,False,0.7149
2014-07-21,1966.0000,1970.0000,1959.0000,1968.2500,1103306,390,09:30,15:59,Monday,False,False,0.1144
2014-07-22,1975.0000,1980.5000,1973.7500,1976.7500,933581,390,09:30,15:59,Tuesday,False,False,0.0886
2014-07-23,1980.0000,1983.5000,1975.7500,1981.5000,932824,390,09:30,15:59,Wednesday,False,False,0.0758
2014-07-24,1983.2500,1985.7500,1979.5000,1981.2500,896455,390,09:30,15:59,Thursday,False,False,-0.1008
2014-07-25,1975.7500,1977.5000,1968.0000,1972.2500,1177583,390,09:30,15:59,Friday,False,False,-0.1771
2014-07-28,1972.5000,1976.0000,1960.7500,1973.0000,1112227,390,09:30,15:59,Monday,False,False,0.0253
2014-07-29,1976.7500,1979.5000,1964.2500,1964.5000,1194235,390,09:30,15:59,Tuesday,False,False,-0.6197
2014-07-30,1971.2500,1974.2500,1956.5000,1965.0000,1434940,390,09:30,15:59,Wednesday,False,False,-0.3171
2014-07-31,1951.0000,1952.7500,1925.0000,1925.0000,2162818,390,09:30,15:59,Thursday,False,False,-1.3326
2014-08-01,1920.2500,1932.2500,1910.2500,1919.5000,2048537,390,09:30,15:59,Friday,False,False,-0.0391
2014-08-04,1923.2500,1937.5000,1914.7500,1933.5000,1242547,390,09:30,15:59,Monday,False,False,0.5330
2014-08-05,1925.5000,1930.5000,1907.5000,1914.2500,1745331,390,09:30,15:59,Tuesday,False,False,-0.5843
2014-08-06,1905.5000,1923.5000,1905.2500,1915.0000,1272933,390,09:30,15:59,Wednesday,False,False,0.4986
2014-08-07,1923.7500,1925.7500,1899.7500,1904.5000,1552007,390,09:30,15:59,Thursday,False,False,-1.0006
2014-08-08,1909.0000,1928.2500,1903.7500,1926.7500,1237508,390,09:30,15:59,Friday,False,False,0.9298
2014-08-11,1934.0000,1941.0000,1931.2500,1932.2500,879798,390,09:30,15:59,Monday,False,False,-0.0905
2014-08-12,1930.5000,1936.0000,1923.5000,1929.7500,973538,390,09:30,15:59,Tuesday,False,False,-0.0389
2014-08-13,1937.2500,1945.2500,1934.0000,1943.5000,822179,390,09:30,15:59,Wednesday,False,False,0.3226
2014-08-14,1946.2500,1952.0000,1944.0000,1951.7500,668269,390,09:30,15:59,Thursday,False,False,0.2826
2014-08-15,1959.0000,1961.0000,1937.2500,1951.5000,1558403,390,09:30,15:59,Friday,False,False,-0.3828
2014-08-18,1962.2500,1969.0000,1961.2500,1968.0000,614083,390,09:30,15:59,Monday,False,False,0.2930
2014-08-19,1972.5000,1979.7500,1970.7500,1978.0000,630854,390,09:30,15:59,Tuesday,False,False,0.2788
2014-08-20,1975.7500,1986.0000,1975.2500,1983.5000,828340,390,09:30,15:59,Wednesday,False,False,0.3923
2014-08-21,1985.0000,1992.0000,1983.5000,1989.0000,619332,390,09:30,15:59,Thursday,False,False,0.2015
2014-08-22,1987.7500,1991.2500,1981.5000,1986.0000,870278,390,09:30,15:59,Friday,False,False,-0.0880
2014-08-25,1995.7500,1999.7500,1992.7500,1996.2500,660334,390,09:30,15:59,Monday,False,False,0.0251
2014-08-26,1997.7500,2002.7500,1997.0000,1997.7500,674690,390,09:30,15:59,Tuesday,False,False,0.0000
2014-08-27,1998.7500,2000.0000,1993.5000,1996.7500,573751,390,09:30,15:59,Wednesday,False,False,-0.1001
2014-08-28,1990.0000,1997.0000,1988.0000,1995.7500,774288,390,09:30,15:59,Thursday,False,False,0.2889
2014-08-29,1998.7500,2001.7500,1992.2500,2001.2500,791533,390,09:30,15:59,Friday,False,False,0.1251
2014-09-01,1999.2500,2001.5000,1998.7500,2001.0000,17516,194,09:30,12:59,Monday,True,False,0.0875
2014-09-02,2004.0000,2004.2500,1992.7500,2000.0000,923778,390,09:30,15:59,Tuesday,False,False,-0.1996
2014-09-03,2008.2500,2008.5000,1996.2500,1999.5000,918649,390,09:30,15:59,Wednesday,False,False,-0.4357
2014-09-04,2002.5000,2010.0000,1990.7500,1996.5000,1126913,390,09:30,15:59,Thursday,False,False,-0.2996
2014-09-05,1995.7500,2006.2500,1988.2500,2005.5000,1163433,390,09:30,15:59,Friday,False,False,0.4885
2014-09-08,2003.5000,2006.2500,1994.0000,2000.2500,975957,390,09:30,15:59,Monday,False,False,-0.1622
2014-09-09,1998.2500,1999.5000,1983.2500,1987.5000,1480081,390,09:30,15:59,Tuesday,False,False,-0.5380
2014-09-10,1988.5000,1996.2500,1981.5000,1995.2500,1094270,390,09:30,15:59,Wednesday,False,False,0.3395
2014-09-11,1986.7500,1997.5000,1985.2500,1997.0000,949197,390,09:30,15:59,Thursday,False,False,0.5159
2014-09-12,1995.0000,1995.5000,1979.5000,1985.5000,449399,390,09:30,15:59,Friday,False,False,-0.4762
2014-09-15,1977.5000,1979.0000,1969.5000,1975.7500,957968,390,09:30,15:59,Monday,False,False,-0.0885
2014-09-16,1972.2500,1994.5000,1970.7500,1991.0000,1229198,390,09:30,15:59,Tuesday,False,False,0.9507
2014-09-17,1994.0000,2003.2500,1983.2500,1993.5000,1412685,390,09:30,15:59,Wednesday,False,False,-0.0251
2014-09-18,1999.7500,2005.0000,1997.2500,2004.2500,904889,390,09:30,15:59,Thursday,False,False,0.2250
2014-09-19,2010.7500,2012.7500,1998.2500,2002.5000,1212797,390,09:30,15:59,Friday,False,False,-0.4103
2014-09-22,1998.7500,1999.2500,1982.5000,1986.7500,1280694,390,09:30,15:59,Monday,False,False,-0.6004
2014-09-26,1962.2500,1979.2500,1959.5000,1974.5000,1268875,390,09:30,15:59,Friday,False,False,0.6243
2014-09-29,1957.0000,1974.0000,1955.5000,1970.2500,1364518,390,09:30,15:59,Monday,False,False,0.6771
2014-09-30,1971.7500,1978.2500,1961.0000,1965.2500,1599490,390,09:30,15:59,Tuesday,False,False,-0.3297
2014-10-01,1962.0000,1962.7500,1933.7500,1938.2500,2084505,390,09:30,15:59,Wednesday,False,False,-1.2105
2014-10-02,1936.5000,1945.2500,1918.2500,1938.7500,2250110,390,09:30,15:59,Thursday,False,False,0.1162
2014-10-03,1951.7500,1964.5000,1945.5000,1960.0000,1128842,390,09:30,15:59,Friday,False,False,0.4227
2014-10-06,1968.5000,1971.0000,1950.5000,1957.2500,1447067,390,09:30,15:59,Monday,False,False,-0.5715
2014-10-07,1947.2500,1951.7500,1926.7500,1927.0000,1767252,390,09:30,15:59,Tuesday,False,False,-1.0399
2014-10-08,1928.5000,1964.0000,1918.0000,1961.0000,2090273,390,09:30,15:59,Wednesday,False,False,1.6852
2014-10-09,1958.0000,1960.7500,1920.2500,1921.0000,2483839,390,09:30,15:59,Thursday,False,False,-1.8897
2014-10-10,1921.5000,1931.2500,1899.5000,1899.7500,2409220,390,09:30,15:59,Friday,False,False,-1.1319
2014-10-13,1899.0000,1906.0000,1867.2500,1868.0000,2325188,390,09:30,15:59,Monday,False,False,-1.6324
2014-10-14,1878.5000,1892.7500,1865.0000,1872.0000,2501899,390,09:30,15:59,Tuesday,False,False,-0.3460
2014-10-15,1845.7500,1863.0000,1813.0000,1857.2500,3856723,390,09:30,15:59,Wednesday,False,False,0.6231
2014-10-16,1824.7500,1869.7500,1822.7500,1856.2500,2531360,390,09:30,15:59,Thursday,False,False,1.7263
2014-10-17,1878.2500,1891.7500,1870.0000,1879.5000,1979502,390,09:30,15:59,Friday,False,False,0.0666
2014-10-20,1875.2500,1898.5000,1874.5000,1897.2500,1191810,390,09:30,15:59,Monday,False,False,1.1732
2014-10-21,1910.7500,1936.2500,1908.7500,1934.7500,1661271,390,09:30,15:59,Tuesday,False,False,1.2561
2014-10-22,1938.2500,1943.2500,1920.2500,1921.0000,1601429,390,09:30,15:59,Wednesday,False,False,-0.8900
2014-10-23,1940.5000,1956.2500,1937.0000,1943.7500,1600745,390,09:30,15:59,Thursday,False,False,0.1675
2014-10-24,1946.5000,1959.2500,1939.0000,1958.2500,1199315,390,09:30,15:59,Friday,False,False,0.6036
2014-10-27,1951.7500,1959.0000,1944.5000,1955.5000,1094939,390,09:30,15:59,Monday,False,False,0.1921
2014-10-28,1962.5000,1978.7500,1961.5000,1977.7500,1233964,390,09:30,15:59,Tuesday,False,False,0.7771
2014-10-29,1979.7500,1985.7500,1962.0000,1975.5000,1630077,390,09:30,15:59,Wednesday,False,False,-0.2147
2014-10-30,1970.0000,1994.2500,1968.0000,1989.0000,1581352,390,09:30,15:59,Thursday,False,False,0.9645
2014-10-31,2012.5000,2013.0000,2002.2500,2011.0000,1375511,390,09:30,15:59,Friday,False,False,-0.0745
2014-11-03,2013.7500,2019.2500,2007.7500,2012.0000,1114540,390,09:30,15:59,Monday,False,False,-0.0869
2014-11-04,2007.0000,2010.7500,1995.2500,2005.5000,1230062,390,09:30,15:59,Tuesday,False,False,-0.0747
2014-11-05,2019.7500,2020.5000,2008.7500,2018.0000,1259199,390,09:30,15:59,Wednesday,False,False,-0.0866
2014-11-06,2018.5000,2027.5000,2010.7500,2026.5000,1077934,390,09:30,15:59,Thursday,False,False,0.3963
2014-11-07,2026.5000,2030.7500,2020.5000,2028.5000,937945,390,09:30,15:59,Friday,False,False,0.0987
2014-11-10,2028.2500,2035.0000,2025.7500,2034.2500,747184,390,09:30,15:59,Monday,False,False,0.2958
2014-11-11,2035.2500,2037.7500,2031.0000,2036.7500,598291,390,09:30,15:59,Tuesday,False,False,0.0737
2014-11-12,2028.0000,2037.2500,2027.7500,2034.7500,827722,390,09:30,15:59,Wednesday,False,False,0.3328
2014-11-13,2036.5000,2043.2500,2026.7500,2036.7500,1266096,390,09:30,15:59,Thursday,False,False,0.0123
2014-11-14,2035.7500,2039.7500,2032.0000,2037.2500,776016,390,09:30,15:59,Friday,False,False,0.0737
2014-11-17,2033.2500,2040.5000,2031.2500,2038.5000,788720,390,09:30,15:59,Monday,False,False,0.2582
2014-11-18,2039.2500,2054.0000,2039.0000,2050.5000,904724,390,09:30,15:59,Tuesday,False,False,0.5517
2014-11-19,2048.0000,2050.5000,2037.7500,2047.0000,982467,390,09:30,15:59,Wednesday,False,False,-0.0488
2014-11-20,2037.5000,2052.0000,2036.5000,2051.0000,847528,390,09:30,15:59,Thursday,False,False,0.6626
2014-11-21,2071.5000,2072.2500,2054.7500,2061.7500,1196465,390,09:30,15:59,Friday,False,False,-0.4707
2014-11-24,2066.5000,2069.0000,2064.0000,2067.5000,580428,390,09:30,15:59,Monday,False,False,0.0484
2014-11-25,2070.2500,2073.0000,2062.7500,2066.7500,746883,390,09:30,15:59,Tuesday,False,False,-0.1691
2014-11-26,2067.7500,2072.2500,2065.2500,2070.7500,525024,390,09:30,15:59,Wednesday,False,False,0.1451
2014-11-27,2072.7500,2074.2500,2070.7500,2074.0000,26822,210,09:30,12:59,Thursday,True,False,0.0603
2014-11-28,2069.2500,2073.2500,2063.5000,2066.7500,591528,225,09:30,13:14,Friday,True,False,-0.1208
2014-12-01,2058.5000,2060.0000,2048.2500,2052.5000,1132802,390,09:30,15:59,Monday,False,False,-0.2915
2014-12-02,2052.5000,2068.0000,2052.5000,2065.5000,879053,390,09:30,15:59,Tuesday,False,False,0.6334
2014-12-03,2067.2500,2076.0000,2065.5000,2073.5000,712613,390,09:30,15:59,Wednesday,False,False,0.3023
2014-12-04,2069.7500,2077.2500,2061.2500,2071.2500,1059754,390,09:30,15:59,Thursday,False,False,0.0725
2014-12-05,2072.7500,2079.0000,2069.7500,2074.7500,819803,390,09:30,15:59,Friday,False,False,0.0965
2014-12-08,2069.7500,2075.7500,2053.7500,2060.7500,1178749,390,09:30,15:59,Monday,False,False,-0.4348
2014-12-09,2038.0000,2060.7500,2033.2500,2059.2500,1399095,390,09:30,15:59,Tuesday,False,False,1.0427
2014-12-10,2053.5000,2054.2500,2023.2500,2025.7500,1833705,390,09:30,15:59,Wednesday,False,False,-1.3514
2014-12-11,2033.2500,2056.5000,2031.2500,2036.0000,1370515,390,09:30,15:59,Thursday,False,False,0.1353
2014-12-12,2020.2500,2032.2500,2002.0000,2002.2500,660425,390,09:30,15:59,Friday,False,False,-0.8910
2014-12-15,2006.7500,2012.2500,1974.5000,1981.5000,1950878,390,09:30,15:59,Monday,False,False,-1.2583
2014-12-16,1972.7500,2011.2500,1965.7500,1966.2500,2066721,390,09:30,15:59,Tuesday,False,False,-0.3295
2014-12-17,1971.5000,2011.0000,1970.0000,2006.5000,1953158,390,09:30,15:59,Wednesday,False,False,1.7753
2014-12-18,2035.0000,2056.7500,2026.7500,2056.2500,1554691,390,09:30,15:59,Thursday,False,False,1.0442
2014-12-19,2063.0000,2076.2500,2056.5000,2067.2500,1256251,390,09:30,15:59,Friday,False,False,0.2060
2014-12-22,2070.0000,2075.0000,2068.0000,2074.7500,679114,390,09:30,15:59,Monday,False,False,0.2295
2014-12-23,2082.2500,2082.7500,2075.5000,2077.5000,610517,390,09:30,15:59,Tuesday,False,False,-0.2281
2014-12-24,2080.2500,2083.5000,2077.0000,2078.0000,206419,226,09:30,13:15,Wednesday,True,False,-0.1082
2014-12-26,2083.2500,2088.7500,2082.2500,2083.5000,248867,390,09:30,15:59,Friday,False,False,0.0120
2014-12-29,2082.0000,2088.7500,2081.0000,2085.7500,483655,390,09:30,15:59,Monday,False,False,0.1801
2014-12-30,2079.7500,2081.7500,2073.0000,2074.0000,565725,390,09:30,15:59,Tuesday,False,False,-0.2765
2015-01-02,2061.2500,2066.5000,2038.7500,2050.7500,1124245,390,09:30,15:59,Friday,False,False,-0.5094
2015-01-05,2038.2500,2040.5000,2009.5000,2014.2500,1701701,390,09:30,15:59,Monday,False,False,-1.1775
2015-01-06,2017.5000,2023.5000,1984.2500,1994.5000,2002695,390,09:30,15:59,Tuesday,False,False,-1.1400
2015-01-07,2010.2500,2023.7500,2004.7500,2019.5000,1406747,390,09:30,15:59,Wednesday,False,False,0.4601
2015-01-08,2036.5000,2058.5000,2036.0000,2055.7500,1217690,390,09:30,15:59,Thursday,False,False,0.9452
2015-01-09,2060.5000,2061.0000,2031.2500,2037.7500,1513441,390,09:30,15:59,Friday,False,False,-1.1041
2015-01-12,2040.0000,2042.2500,2015.2500,2022.0000,1363099,390,09:30,15:59,Monday,False,False,-0.8824
2015-01-13,2037.5000,2051.7500,2001.0000,2017.0000,2174840,390,09:30,15:59,Tuesday,False,False,-1.0061
2015-01-14,1992.2500,2007.0000,1981.2500,2004.7500,1951396,390,09:30,15:59,Wednesday,False,False,0.6274
2015-01-15,2012.2500,2016.0000,1984.7500,1985.7500,1643631,390,09:30,15:59,Thursday,False,False,-1.3169
2015-01-16,1983.5000,2014.2500,1981.2500,2011.7500,1548021,390,09:30,15:59,Friday,False,False,1.4243
2015-01-19,2017.2500,2018.7500,2006.7500,2008.5000,49957,210,09:30,12:59,Monday,True,False,-0.4338
2015-01-20,2020.0000,2023.2500,1997.5000,2016.7500,1369313,390,09:30,15:59,Tuesday,False,False,-0.1609
2015-01-21,2010.7500,2032.7500,2005.2500,2026.7500,1395666,390,09:30,15:59,Wednesday,False,False,0.7957
2015-01-22,2036.2500,2059.2500,2019.2500,2057.0000,1395436,390,09:30,15:59,Thursday,False,False,1.0190
2015-01-23,2053.7500,2057.2500,2044.0000,2045.7500,1057874,390,09:30,15:59,Friday,False,False,-0.3895
2015-01-26,2043.2500,2051.7500,2034.5000,2050.5000,963963,390,09:30,15:59,Monday,False,False,0.3548
2015-01-27,2025.5000,2037.0000,2013.2500,2023.0000,1554990,390,09:30,15:59,Tuesday,False,False,-0.1234
2015-01-28,2037.2500,2038.7500,1994.5000,1996.2500,1749275,390,09:30,15:59,Wednesday,False,False,-2.0125
2015-01-29,1999.0000,2018.7500,1982.0000,2015.5000,1742464,390,09:30,15:59,Thursday,False,False,0.8254
2015-01-30,2000.7500,2017.2500,1986.2500,1989.7500,1927789,390,09:30,15:59,Friday,False,False,-0.5498
2015-02-02,1995.7500,2015.5000,1973.7500,2013.7500,1723288,390,09:30,15:59,Monday,False,False,0.9019
2015-02-03,2025.2500,2044.0000,2021.0000,2043.5000,1401799,390,09:30,15:59,Tuesday,False,False,0.9011
2015-02-04,2034.5000,2049.2500,2030.2500,2036.0000,1376080,390,09:30,15:59,Wednesday,False,False,0.0737
2015-02-05,2044.2500,2058.7500,2043.0000,2057.5000,1026734,390,09:30,15:59,Thursday,False,False,0.6482
2015-02-06,2061.0000,2068.0000,2044.5000,2050.5000,1408140,390,09:30,15:59,Friday,False,False,-0.5095
2015-02-09,2042.7500,2051.7500,2036.5000,2041.0000,1036019,390,09:30,15:59,Monday,False,False,-0.0857
2015-02-10,2054.0000,2066.5000,2043.2500,2063.2500,1094688,390,09:30,15:59,Tuesday,False,False,0.4503
2015-02-11,2061.2500,2069.7500,2053.2500,2064.5000,1075384,390,09:30,15:59,Wednesday,False,False,0.1577
2015-02-12,2073.7500,2085.5000,2071.7500,2084.0000,1090530,390,09:30,15:59,Thursday,False,False,0.4943
2015-02-13,2086.0000,2093.7500,2082.7500,2093.2500,1005691,390,09:30,15:59,Friday,False,False,0.3476
2015-02-16,2090.5000,2093.7500,2083.5000,2086.7500,53163,210,09:30,12:59,Monday,True,False,-0.1794
2015-02-17,2089.2500,2098.7500,2086.2500,2097.0000,909846,390,09:30,15:59,Tuesday,False,False,0.3709
2015-02-18,2091.7500,2097.5000,2088.5000,2096.7500,906758,390,09:30,15:59,Wednesday,False,False,0.2390
2015-02-19,2089.2500,2099.5000,2087.5000,2095.2500,913707,390,09:30,15:59,Thursday,False,False,0.2872
2015-02-20,2089.7500,2108.7500,2082.2500,2108.0000,1367609,390,09:30,15:59,Friday,False,False,0.8733
2015-02-23,2104.5000,2107.2500,2099.7500,2107.0000,678270,390,09:30,15:59,Monday,False,False,0.1188
2015-02-24,2106.2500,2115.7500,2102.7500,2113.5000,922774,390,09:30,15:59,Tuesday,False,False,0.3442
2015-02-25,2111.7500,2117.7500,2107.2500,2111.5000,831201,390,09:30,15:59,Wednesday,False,False,-0.0118
2015-02-26,2110.2500,2112.2500,2101.5000,2109.0000,964539,390,09:30,15:59,Thursday,False,False,-0.0592
2015-02-27,2107.7500,2111.0000,2101.5000,2102.0000,979950,390,09:30,15:59,Friday,False,False,-0.2728
2015-03-02,2102.7500,2115.5000,2102.2500,2115.2500,864412,390,09:30,15:59,Monday,False,False,0.5945
2015-03-03,2109.5000,2110.7500,2095.5000,2106.0000,1149554,390,09:30,15:59,Tuesday,False,False,-0.1659
2015-03-04,2098.7500,2099.7500,2085.2500,2097.2500,1258215,390,09:30,15:59,Wednesday,False,False,-0.0715
2015-03-05,2101.0000,2102.7500,2093.2500,2099.2500,860758,390,09:30,15:59,Thursday,False,False,-0.0833
2015-03-06,2088.7500,2094.2500,2065.5000,2069.2500,1530263,390,09:30,15:59,Friday,False,False,-0.9336
2015-03-09,2072.0000,2082.5000,2070.2500,2078.5000,917993,390,09:30,15:59,Monday,False,False,0.3137
2015-03-10,2061.7500,2062.7500,2044.0000,2044.2500,1435769,390,09:30,15:59,Tuesday,False,False,-0.8488
2015-03-11,2047.0000,2049.5000,2038.2500,2039.7500,1175718,390,09:30,15:59,Wednesday,False,False,-0.3542
2015-03-12,2047.0000,2066.5000,2046.5000,2065.5000,864080,390,09:30,15:59,Thursday,False,False,0.9038
2015-03-13,2062.2500,2064.0000,2040.0000,2052.7500,526281,390,09:30,15:59,Friday,False,False,-0.4607
2015-03-16,2054.0000,2074.0000,2053.7500,2073.5000,859318,390,09:30,15:59,Monday,False,False,0.9494
2015-03-17,2063.7500,2070.5000,2056.2500,2066.2500,854880,390,09:30,15:59,Tuesday,False,False,0.1211
2015-03-18,2060.0000,2099.7500,2052.2500,2091.2500,1423988,390,09:30,15:59,Wednesday,False,False,1.5170
2015-03-19,2086.5000,2089.5000,2076.5000,2081.0000,988624,390,09:30,15:59,Thursday,False,False,-0.2636
2015-03-20,2093.0000,2106.7500,2092.2500,2100.2500,1026661,390,09:30,15:59,Friday,False,False,0.3464
2015-03-23,2100.2500,2107.0000,2096.0000,2096.5000,738990,390,09:30,15:59,Monday,False,False,-0.1786
2015-03-24,2094.5000,2100.2500,2083.0000,2083.7500,951984,390,09:30,15:59,Tuesday,False,False,-0.5132
2015-03-25,2086.5000,2089.2500,2052.2500,2052.7500,1532952,390,09:30,15:59,Wednesday,False,False,-1.6175
2015-03-26,2045.0000,2058.7500,2036.2500,2048.0000,1421149,390,09:30,15:59,Thursday,False,False,0.1467
2015-03-27,2046.5000,2054.7500,2044.0000,2052.0000,911878,390,09:30,15:59,Friday,False,False,0.2688
2015-03-30,2065.0000,2081.7500,2064.5000,2078.0000,962555,390,09:30,15:59,Monday,False,False,0.6295
2015-03-31,2067.7500,2076.2500,2058.5000,2059.7500,1219357,390,09:30,15:59,Tuesday,False,False,-0.3869
2015-04-01,2058.7500,2059.0000,2039.7500,2052.5000,1405186,390,09:30,15:59,Wednesday,False,False,-0.3036
2015-04-02,2051.2500,2064.7500,2048.7500,2058.7500,830499,390,09:30,15:59,Thursday,False,False,0.3656
2015-04-06,2048.7500,2080.0000,2047.0000,2073.7500,777790,390,09:30,15:59,Monday,False,False,1.2203
2015-04-07,2074.0000,2082.7500,2067.5000,2067.7500,794959,390,09:30,15:59,Tuesday,False,False,-0.3014
2015-04-08,2070.5000,2080.2500,2065.7500,2074.7500,1000070,390,09:30,15:59,Wednesday,False,False,0.2053
2015-04-09,2072.7500,2087.0000,2066.7500,2084.5000,1003695,390,09:30,15:59,Thursday,False,False,0.5669
2015-04-10,2086.7500,2096.0000,2084.5000,2095.2500,683228,390,09:30,15:59,Friday,False,False,0.4073
2015-04-13,2093.7500,2101.2500,2085.2500,2085.7500,883423,390,09:30,15:59,Monday,False,False,-0.3821
2015-04-14,2083.2500,2092.0000,2075.7500,2089.7500,984035,390,09:30,15:59,Tuesday,False,False,0.3120
2015-04-15,2095.2500,2105.5000,2094.2500,2099.5000,840110,390,09:30,15:59,Wednesday,False,False,0.2028
2015-04-16,2095.5000,2104.7500,2092.7500,2098.5000,827481,390,09:30,15:59,Thursday,False,False,0.1432
2015-04-17,2084.0000,2087.0000,2064.5000,2073.7500,1406181,390,09:30,15:59,Friday,False,False,-0.4918
2015-04-20,2085.2500,2097.5000,2084.2500,2093.5000,845733,390,09:30,15:59,Monday,False,False,0.3956
2015-04-21,2101.5000,2103.5000,2087.2500,2091.2500,810013,390,09:30,15:59,Tuesday,False,False,-0.4877
2015-04-22,2095.0000,2103.7500,2083.7500,2101.2500,900191,390,09:30,15:59,Wednesday,False,False,0.2983
2015-04-23,2096.5000,2114.5000,2094.7500,2107.0000,1087647,390,09:30,15:59,Thursday,False,False,0.5008
2015-04-24,2111.7500,2114.7500,2106.0000,2111.2500,706049,390,09:30,15:59,Friday,False,False,-0.0237
2015-04-27,2118.5000,2119.7500,2100.2500,2102.7500,973801,390,09:30,15:59,Monday,False,False,-0.7435
2015-04-28,2102.5000,2110.2500,2088.2500,2109.2500,1217170,390,09:30,15:59,Tuesday,False,False,0.3210
2015-04-29,2098.5000,2107.7500,2090.5000,2100.0000,1404280,390,09:30,15:59,Wednesday,False,False,0.0715
2015-04-30,2093.5000,2098.0000,2070.2500,2078.7500,1615854,390,09:30,15:59,Thursday,False,False,-0.7046
2015-05-01,2088.5000,2102.5000,2087.2500,2101.5000,830329,390,09:30,15:59,Friday,False,False,0.6225
2015-05-04,2107.0000,2115.0000,2105.5000,2108.5000,811247,390,09:30,15:59,Monday,False,False,0.0712
2015-05-05,2105.0000,2109.2500,2081.5000,2083.2500,1329026,390,09:30,15:59,Tuesday,False,False,-1.0333
2015-05-06,2090.0000,2093.7500,2061.2500,2074.5000,1464296,390,09:30,15:59,Wednesday,False,False,-0.7416
2015-05-07,2073.5000,2088.2500,2069.2500,2083.2500,1031634,390,09:30,15:59,Thursday,False,False,0.4702
2015-05-08,2103.2500,2113.5000,2102.5000,2111.0000,970862,390,09:30,15:59,Friday,False,False,0.3685
2015-05-11,2110.0000,2113.5000,2099.5000,2100.2500,935162,390,09:30,15:59,Monday,False,False,-0.4621
2015-05-12,2090.5000,2100.7500,2080.2500,2093.7500,1099296,390,09:30,15:59,Tuesday,False,False,0.1555
2015-05-13,2098.7500,2106.5000,2091.5000,2094.7500,1063919,390,09:30,15:59,Wednesday,False,False,-0.1906
2015-05-14,2107.0000,2117.7500,2103.5000,2116.7500,843525,390,09:30,15:59,Thursday,False,False,0.4627
2015-05-15,2118.7500,2120.5000,2113.2500,2119.0000,805853,390,09:30,15:59,Friday,False,False,0.0118
2015-05-18,2117.0000,2128.7500,2116.2500,2125.2500,684655,390,09:30,15:59,Monday,False,False,0.3897
2015-05-19,2127.0000,2130.2500,2121.2500,2124.7500,770738,390,09:30,15:59,Tuesday,False,False,-0.1058
2015-05-20,2126.0000,2132.2500,2119.2500,2123.0000,816687,390,09:30,15:59,Wednesday,False,False,-0.1411
2015-05-21,2121.5000,2132.0000,2119.5000,2129.0000,619881,390,09:30,15:59,Thursday,False,False,0.3535
2015-05-22,2124.5000,2129.7500,2123.2500,2124.2500,583471,390,09:30,15:59,Friday,False,False,-0.0118
2015-05-25,2121.7500,2125.7500,2121.5000,2122.2500,11022,209,09:30,12:59,Monday,True,False,0.0236
2015-05-26,2118.5000,2119.2500,2096.0000,2101.5000,1273958,390,09:30,15:59,Tuesday,False,False,-0.8025
2015-05-27,2106.7500,2124.2500,2102.5000,2121.2500,1038174,390,09:30,15:59,Wednesday,False,False,0.6883
2015-05-28,2117.7500,2120.2500,2110.5000,2119.0000,873192,390,09:30,15:59,Thursday,False,False,0.0590
2015-05-29,2118.2500,2118.7500,2102.2500,2105.0000,1377683,390,09:30,15:59,Friday,False,False,-0.6255
2015-06-01,2113.5000,2117.7500,2100.2500,2109.5000,1062023,390,09:30,15:59,Monday,False,False,-0.1893
2015-06-02,2104.5000,2116.0000,2096.2500,2107.7500,1020191,390,09:30,15:59,Tuesday,False,False,0.1544
2015-06-03,2114.0000,2120.7500,2107.2500,2113.2500,1001561,390,09:30,15:59,Wednesday,False,False,-0.0355
2015-06-04,2104.5000,2111.7500,2091.2500,2096.0000,1323268,390,09:30,15:59,Thursday,False,False,-0.4039
2015-06-05,2093.2500,2099.7500,2083.5000,2091.7500,1048216,390,09:30,15:59,Friday,False,False,-0.0717
2015-06-08,2090.0000,2092.0000,2077.5000,2078.2500,994440,390,09:30,15:59,Monday,False,False,-0.5622
2015-06-09,2078.2500,2084.7500,2070.7500,2078.0000,1000394,390,09:30,15:59,Tuesday,False,False,-0.0120
2015-06-10,2087.5000,2108.0000,2086.7500,2103.0000,1189675,390,09:30,15:59,Wednesday,False,False,0.7425
2015-06-11,2108.7500,2114.7500,2105.7500,2109.7500,761306,390,09:30,15:59,Thursday,False,False,0.0474
2015-06-12,2100.0000,2102.0000,2090.2500,2093.2500,393441,390,09:30,15:59,Friday,False,False,-0.3214
2015-06-15,2071.2500,2079.5000,2062.7500,2075.7500,1035486,390,09:30,15:59,Monday,False,False,0.2173
2015-06-16,2074.5000,2088.7500,2072.0000,2088.0000,800308,390,09:30,15:59,Tuesday,False,False,0.6508
2015-06-17,2091.7500,2098.7500,2078.7500,2091.7500,1050092,390,09:30,15:59,Wednesday,False,False,0.0000
2015-06-18,2098.7500,2119.2500,2097.0000,2113.5000,1340662,390,09:30,15:59,Thursday,False,False,0.7028
2015-06-19,2111.0000,2111.5000,2099.7500,2100.0000,881965,390,09:30,15:59,Friday,False,False,-0.5211
2015-06-22,2115.0000,2122.0000,2112.2500,2115.0000,779350,390,09:30,15:59,Monday,False,False,0.0000
2015-06-23,2117.2500,2120.2500,2111.2500,2116.0000,632650,390,09:30,15:59,Tuesday,False,False,-0.0590
2015-06-24,2112.7500,2117.5000,2100.0000,2100.0000,876516,390,09:30,15:59,Wednesday,False,False,-0.6035
2015-06-25,2106.5000,2107.7500,2092.5000,2093.0000,928654,390,09:30,15:59,Thursday,False,False,-0.6409
2015-06-26,2098.0000,2100.7500,2086.2500,2093.2500,1040280,390,09:30,15:59,Friday,False,False,-0.2264
2015-06-29,2075.0000,2083.2500,2047.2500,2048.5000,1709054,390,09:30,15:59,Monday,False,False,-1.2771
2015-06-30,2067.0000,2067.5000,2046.7500,2053.2500,1779475,390,09:30,15:59,Tuesday,False,False,-0.6652
2015-07-01,2071.7500,2074.5000,2059.7500,2069.2500,1101273,390,09:30,15:59,Wednesday,False,False,-0.1207
2015-07-02,2074.7500,2077.0000,2062.2500,2067.0000,933050,390,09:30,15:59,Thursday,False,False,-0.3735
2015-07-03,2067.2500,2068.0000,2063.2500,2067.0000,46285,211,09:30,13:00,Friday,True,False,-0.0121
2015-07-06,2051.7500,2070.5000,2049.2500,2061.2500,1374851,390,09:30,15:59,Monday,False,False,0.4630
2015-07-07,2063.5000,2076.0000,2035.0000,2074.2500,2162321,390,09:30,15:59,Tuesday,False,False,0.5210
2015-07-08,2058.2500,2061.7500,2036.2500,2038.7500,1847527,390,09:30,15:59,Wednesday,False,False,-0.9474
2015-07-09,2064.7500,2068.0000,2043.2500,2043.5000,1549985,390,09:30,15:59,Thursday,False,False,-1.0292
2015-07-10,2068.0000,2074.7500,2059.5000,2069.2500,1136222,390,09:30,15:59,Friday,False,False,0.0604
2015-07-13,2084.7500,2094.0000,2084.0000,2092.5000,892706,390,09:30,15:59,Monday,False,False,0.3717
2015-07-14,2092.0000,2105.5000,2091.5000,2101.5000,740427,390,09:30,15:59,Tuesday,False,False,0.4541
2015-07-15,2102.2500,2107.7500,2095.0000,2101.0000,927157,390,09:30,15:59,Wednesday,False,False,-0.0595
2015-07-16,2113.5000,2117.7500,2110.7500,2117.5000,844810,390,09:30,15:59,Thursday,False,False,0.1893
2015-07-17,2117.7500,2120.0000,2112.7500,2119.0000,710781,390,09:30,15:59,Friday,False,False,0.0590
2015-07-20,2121.7500,2126.2500,2116.5000,2120.5000,803203,390,09:30,15:59,Monday,False,False,-0.0589
2015-07-21,2118.5000,2121.7500,2108.0000,2111.7500,1018709,390,09:30,15:59,Tuesday,False,False,-0.3186
2015-07-22,2103.5000,2112.0000,2103.0000,2107.5000,1001827,390,09:30,15:59,Wednesday,False,False,0.1902
2015-07-23,2109.5000,2110.5000,2091.5000,2095.7500,1211455,390,09:30,15:59,Thursday,False,False,-0.6518
2015-07-24,2097.0000,2097.7500,2069.7500,2073.5000,1423734,390,09:30,15:59,Friday,False,False,-1.1206
2015-07-27,2063.5000,2069.5000,2056.5000,2061.5000,1396780,390,09:30,15:59,Monday,False,False,-0.0969
2015-07-28,2071.7500,2089.0000,2061.5000,2086.7500,1393550,390,09:30,15:59,Tuesday,False,False,0.7240
2015-07-29,2088.5000,2104.2500,2086.7500,2101.2500,1128152,390,09:30,15:59,Wednesday,False,False,0.6105
2015-07-30,2095.0000,2104.0000,2087.7500,2101.5000,1030722,390,09:30,15:59,Thursday,False,False,0.3103
2015-07-31,2108.2500,2108.5000,2095.2500,2098.5000,1258832,390,09:30,15:59,Friday,False,False,-0.4625
2015-08-03,2098.2500,2099.0000,2080.0000,2091.0000,1273810,390,09:30,15:59,Monday,False,False,-0.3455
2015-08-04,2090.7500,2096.2500,2081.5000,2087.0000,1087825,390,09:30,15:59,Tuesday,False,False,-0.1794
2015-08-05,2098.2500,2107.0000,2090.7500,2094.5000,1113361,390,09:30,15:59,Wednesday,False,False,-0.1787
2015-08-06,2096.7500,2098.0000,2070.0000,2078.0000,1404982,390,09:30,15:59,Thursday,False,False,-0.8942
2015-08-07,2075.2500,2076.7500,2062.0000,2072.7500,1246569,390,09:30,15:59,Friday,False,False,-0.1205
2015-08-10,2086.2500,2100.7500,2086.0000,2099.7500,904821,390,09:30,15:59,Monday,False,False,0.6471
2015-08-11,2083.2500,2088.2500,2070.7500,2079.7500,1370494,390,09:30,15:59,Tuesday,False,False,-0.1680
2015-08-12,2064.2500,2084.7500,2046.5000,2082.0000,1851733,390,09:30,15:59,Wednesday,False,False,0.8599
2015-08-13,2081.0000,2089.0000,2073.2500,2079.7500,1141177,390,09:30,15:59,Thursday,False,False,-0.0601
2015-08-14,2077.7500,2088.5000,2076.0000,2087.2500,831517,390,09:30,15:59,Friday,False,False,0.4572
2015-08-17,2080.5000,2099.2500,2074.7500,2099.2500,1000169,390,09:30,15:59,Monday,False,False,0.9012
2015-08-18,2096.2500,2100.2500,2090.2500,2093.0000,884659,390,09:30,15:59,Tuesday,False,False,-0.1550
2015-08-19,2084.2500,2093.5000,2066.5000,2076.5000,1943843,390,09:30,15:59,Wednesday,False,False,-0.3718
2015-08-20,2058.2500,2065.0000,2032.2500,2032.2500,2022359,390,09:30,15:59,Thursday,False,False,-1.2632
2015-08-21,2010.7500,2022.2500,1968.0000,1968.0000,3303033,390,09:30,15:59,Friday,False,False,-2.1261
2015-08-24,1868.7500,1950.7500,1831.0000,1886.2500,3756097,390,09:30,15:59,Monday,False,False,0.9365
2015-08-25,1946.7500,1947.2500,1862.7500,1864.7500,2657687,390,09:30,15:59,Tuesday,False,False,-4.2121
2015-08-26,1913.5000,1940.5000,1875.5000,1938.0000,2623193,390,09:30,15:59,Wednesday,False,False,1.2804
2015-08-27,1963.0000,1986.7500,1944.2500,1985.5000,2345561,390,09:30,15:59,Thursday,False,False,1.1462
2015-08-28,1977.5000,1991.0000,1971.5000,1985.2500,1490900,390,09:30,15:59,Friday,False,False,0.3919
2015-08-31,1973.5000,1983.7500,1962.2500,1968.2500,1477360,390,09:30,15:59,Monday,False,False,-0.2660
2015-09-01,1923.0000,1939.5000,1898.7500,1907.7500,2071466,390,09:30,15:59,Tuesday,False,False,-0.7930
2015-09-02,1938.7500,1946.7500,1916.2500,1946.7500,1628354,390,09:30,15:59,Wednesday,False,False,0.4126
2015-09-03,1955.0000,1973.5000,1942.0000,1947.7500,1647519,390,09:30,15:59,Thursday,False,False,-0.3708
2015-09-04,1920.5000,1930.7500,1907.7500,1917.7500,1492879,390,09:30,15:59,Friday,False,False,-0.1432
2015-09-07,1931.7500,1936.0000,1927.5000,1931.0000,32397,210,09:30,12:59,Monday,True,False,-0.0388
2015-09-08,1951.5000,1968.7500,1944.0000,1967.7500,1208375,390,09:30,15:59,Tuesday,False,False,0.8327
2015-09-09,1986.2500,1987.5000,1935.5000,1939.7500,1595768,390,09:30,15:59,Wednesday,False,False,-2.3411
2015-09-10,1937.5000,1965.2500,1934.7500,1951.0000,1239804,390,09:30,15:59,Thursday,False,False,0.6968
2015-09-11,1946.2500,1960.0000,1937.5000,1960.0000,340930,390,09:30,15:59,Friday,False,False,0.7065
2015-09-14,1952.0000,1952.5000,1936.5000,1942.5000,733958,390,09:30,15:59,Monday,False,False,-0.4867
2015-09-15,1948.7500,1973.0000,1943.5000,1968.0000,995713,390,09:30,15:59,Tuesday,False,False,0.9878
2015-09-16,1971.0000,1987.0000,1967.0000,1984.5000,999314,390,09:30,15:59,Wednesday,False,False,0.6849
2015-09-17,1982.7500,2011.7500,1975.5000,1979.7500,1787619,390,09:30,15:59,Thursday,False,False,-0.1513
2015-09-18,1949.0000,1967.5000,1941.2500,1946.0000,1672975,390,09:30,15:59,Friday,False,False,-0.1539
2015-09-21,1956.5000,1969.0000,1944.2500,1957.0000,1179863,390,09:30,15:59,Monday,False,False,0.0256
2015-09-22,1930.7500,1936.7500,1917.7500,1931.0000,1508718,390,09:30,15:59,Tuesday,False,False,0.0129
2015-09-23,1933.2500,1938.7500,1920.7500,1927.7500,989322,390,09:30,15:59,Wednesday,False,False,-0.2845
2015-09-24,1913.2500,1926.7500,1897.2500,1921.5000,1755122,390,09:30,15:59,Thursday,False,False,0.4312
2015-09-25,1938.7500,1942.5000,1910.2500,1920.7500,1580216,390,09:30,15:59,Friday,False,False,-0.9284
2015-09-28,1910.5000,1911.7500,1868.7500,1871.5000,1868599,390,09:30,15:59,Monday,False,False,-2.0414
2015-09-29,1874.7500,1889.7500,1861.5000,1872.7500,1880309,390,09:30,15:59,Tuesday,False,False,-0.1067
2015-09-30,1896.0000,1910.5000,1886.5000,1909.0000,1732726,390,09:30,15:59,Wednesday,False,False,0.6857
2015-10-01,1913.0000,1917.2500,1890.2500,1913.5000,1605176,390,09:30,15:59,Thursday,False,False,0.0261
2015-10-02,1889.7500,1942.2500,1883.0000,1942.0000,1870955,390,09:30,15:59,Friday,False,False,2.7649
2015-10-05,1957.0000,1980.0000,1955.2500,1977.7500,1276724,390,09:30,15:59,Monday,False,False,1.0603
2015-10-06,1975.5000,1982.2500,1962.5000,1970.7500,1318795,390,09:30,15:59,Tuesday,False,False,-0.2404
2015-10-07,1981.5000,1991.2500,1967.5000,1987.2500,1588495,390,09:30,15:59,Wednesday,False,False,0.2902
2015-10-08,1982.5000,2008.7500,1978.7500,2005.2500,1461779,390,09:30,15:59,Thursday,False,False,1.1475
2015-10-09,2007.0000,2012.2500,1998.7500,2006.7500,1074355,390,09:30,15:59,Friday,False,False,-0.0125
2015-10-12,2007.0000,2010.7500,2002.2500,2008.7500,638707,390,09:30,15:59,Monday,False,False,0.0872
2015-10-13,1999.5000,2014.7500,1993.5000,1995.2500,1187315,390,09:30,15:59,Tuesday,False,False,-0.2126
2015-10-14,1995.0000,2001.7500,1982.5000,1985.7500,1436138,390,09:30,15:59,Wednesday,False,False,-0.4637
2015-10-15,1994.2500,2017.0000,1989.5000,2016.7500,1375237,390,09:30,15:59,Thursday,False,False,1.1282
2015-10-16,2021.7500,2026.0000,2012.2500,2024.5000,1068567,390,09:30,15:59,Friday,False,False,0.1360
2015-10-19,2018.2500,2027.0000,2014.2500,2026.5000,1063549,390,09:30,15:59,Monday,False,False,0.4088
2015-10-20,2021.7500,2031.5000,2018.5000,2024.2500,1066428,390,09:30,15:59,Tuesday,False,False,0.1237
2015-10-21,2029.7500,2031.2500,2009.5000,2011.5000,1482541,390,09:30,15:59,Wednesday,False,False,-0.8991
2015-10-22,2023.2500,2048.7500,2021.5000,2045.7500,1674160,390,09:30,15:59,Thursday,False,False,1.1121
2015-10-23,2066.2500,2073.5000,2056.7500,2069.0000,1573305,390,09:30,15:59,Friday,False,False,0.1331
2015-10-26,2066.7500,2067.5000,2059.5000,2063.5000,968362,390,09:30,15:59,Monday,False,False,-0.1573
2015-10-27,2055.5000,2063.7500,2051.2500,2059.5000,1021268,390,09:30,15:59,Tuesday,False,False,0.1946
2015-10-28,2063.5000,2083.5000,2055.5000,2083.2500,1670008,390,09:30,15:59,Wednesday,False,False,0.9571
2015-10-29,2077.0000,2086.5000,2075.5000,2082.2500,1156028,390,09:30,15:59,Thursday,False,False,0.2528
2015-10-30,2084.2500,2088.2500,2071.7500,2072.2500,1405279,390,09:30,15:59,Friday,False,False,-0.5757
2015-11-02,2077.0000,2100.0000,2075.2500,2097.2500,992264,390,09:30,15:59,Monday,False,False,0.9750
2015-11-03,2093.5000,2110.2500,2090.5000,2103.0000,1145504,390,09:30,15:59,Tuesday,False,False,0.4538
2015-11-04,2107.0000,2108.5000,2090.5000,2096.7500,1300422,390,09:30,15:59,Wednesday,False,False,-0.4865
2015-11-05,2097.2500,2103.2500,2084.0000,2094.2500,1299441,390,09:30,15:59,Thursday,False,False,-0.1430
2015-11-06,2090.5000,2096.2500,2077.5000,2093.2500,1389486,390,09:30,15:59,Friday,False,False,0.1315
2015-11-09,2086.0000,2088.0000,2062.0000,2073.2500,1619654,390,09:30,15:59,Monday,False,False,-0.6112
2015-11-10,2067.7500,2078.7500,2064.5000,2077.7500,1011518,390,09:30,15:59,Tuesday,False,False,0.4836
2015-11-11,2081.7500,2082.5000,2069.2500,2070.0000,967447,390,09:30,15:59,Wednesday,False,False,-0.5644
2015-11-12,2057.7500,2063.5000,2041.0000,2041.5000,1461806,390,09:30,15:59,Thursday,False,False,-0.7897
2015-11-13,2036.2500,2039.5000,2016.7500,2018.0000,1757322,390,09:30,15:59,Friday,False,False,-0.8963
2015-11-16,2016.0000,2049.5000,2014.5000,2049.0000,1286117,390,09:30,15:59,Monday,False,False,1.6369
2015-11-17,2052.7500,2063.5000,2041.5000,2046.7500,1328850,390,09:30,15:59,Tuesday,False,False,-0.2923
2015-11-18,2053.5000,2082.5000,2052.7500,2080.5000,1258664,390,09:30,15:59,Wednesday,False,False,1.3148
2015-11-19,2079.0000,2083.7500,2075.2500,2078.5000,1018962,390,09:30,15:59,Thursday,False,False,-0.0241
2015-11-20,2087.7500,2094.5000,2081.7500,2086.5000,1024501,390,09:30,15:59,Friday,False,False,-0.0599
2015-11-23,2087.0000,2093.0000,2078.2500,2083.7500,769428,390,09:30,15:59,Monday,False,False,-0.1557
2015-11-24,2071.5000,2091.5000,2067.0000,2087.0000,1189645,390,09:30,15:59,Tuesday,False,False,0.7483
2015-11-25,2088.0000,2090.5000,2083.2500,2086.5000,573521,390,09:30,15:59,Wednesday,False,False,-0.0718
2015-11-26,2095.0000,2097.0000,2093.2500,2095.2500,29299,209,09:30,12:59,Thursday,True,False,0.0119
2015-11-27,2087.5000,2091.2500,2081.5000,2090.5000,389482,225,09:30,13:14,Friday,True,False,0.1437
2015-11-30,2090.2500,2092.0000,2078.5000,2080.0000,1080439,390,09:30,15:59,Monday,False,False,-0.4904
2015-12-01,2087.7500,2101.5000,2084.2500,2100.7500,1202236,390,09:30,15:59,Tuesday,False,False,0.6227
2015-12-02,2099.5000,2103.2500,2075.0000,2078.0000,1411362,390,09:30,15:59,Wednesday,False,False,-1.0241
2015-12-03,2081.5000,2084.5000,2040.0000,2048.7500,2055840,390,09:30,15:59,Thursday,False,False,-1.5734
2015-12-04,2053.7500,2093.0000,2052.0000,2089.2500,1766380,390,09:30,15:59,Friday,False,False,1.7285
2015-12-07,2085.0000,2085.5000,2064.5000,2075.5000,1385515,390,09:30,15:59,Monday,False,False,-0.4556
2015-12-08,2057.5000,2073.2500,2050.2500,2062.2500,1542256,390,09:30,15:59,Tuesday,False,False,0.2309
2015-12-09,2054.5000,2079.7500,2034.2500,2046.2500,2053379,390,09:30,15:59,Wednesday,False,False,-0.4016
2015-12-10,2047.0000,2067.0000,2043.7500,2051.0000,1148889,390,09:30,15:59,Thursday,False,False,0.1954
2015-12-11,2026.0000,2033.7500,2007.2500,2010.7500,740294,390,09:30,15:59,Friday,False,False,-0.7527
2015-12-14,2004.5000,2014.2500,1983.2500,2014.0000,1602165,390,09:30,15:59,Monday,False,False,0.4739
2015-12-15,2031.0000,2045.7500,2029.5000,2035.0000,1160575,390,09:30,15:59,Tuesday,False,False,0.1969
2015-12-16,2048.2500,2068.7500,2031.0000,2064.7500,1445196,390,09:30,15:59,Wednesday,False,False,0.8056
2015-12-17,2068.5000,2069.5000,2031.5000,2032.0000,1517358,390,09:30,15:59,Thursday,False,False,-1.7646
2015-12-18,2021.7500,2023.7500,1994.0000,1994.0000,1555082,390,09:30,15:59,Friday,False,False,-1.3726
2015-12-21,2010.0000,2014.5000,1995.7500,2012.2500,999648,390,09:30,15:59,Monday,False,False,0.1119
2015-12-22,2022.7500,2034.5000,2010.5000,2031.0000,890530,390,09:30,15:59,Tuesday,False,False,0.4079
2015-12-23,2043.0000,2057.7500,2041.7500,2057.0000,821452,390,09:30,15:59,Wednesday,False,False,0.6853
2015-12-24,2053.7500,2059.7500,2049.5000,2050.7500,262412,225,09:30,13:14,Thursday,True,False,-0.1461
2015-12-28,2045.0000,2048.5000,2035.2500,2047.7500,570810,390,09:30,15:59,Monday,False,False,0.1345
2015-12-29,2061.0000,2074.5000,2060.7500,2070.7500,670986,390,09:30,15:59,Tuesday,False,False,0.4731
2015-12-30,2067.2500,2068.5000,2053.5000,2055.5000,573943,390,09:30,15:59,Wednesday,False,False,-0.5684
2015-12-31,2047.0000,2054.7500,2033.7500,2034.5000,822153,390,09:30,15:59,Thursday,False,False,-0.6106
2016-01-04,2000.0000,2005.0000,1980.2500,2004.7500,1731681,390,09:30,15:59,Monday,False,False,0.2375
2016-01-05,2009.0000,2014.2500,1995.2500,2009.5000,1303578,390,09:30,15:59,Tuesday,False,False,0.0249
2016-01-06,1978.0000,1995.5000,1970.5000,1983.0000,1632883,390,09:30,15:59,Wednesday,False,False,0.2528
2016-01-07,1948.5000,1969.0000,1930.2500,1934.7500,2108509,390,09:30,15:59,Thursday,False,False,-0.7057
2016-01-08,1946.7500,1953.2500,1910.0000,1913.7500,1942389,390,09:30,15:59,Friday,False,False,-1.6951
2016-01-11,1924.7500,1929.0000,1892.5000,1915.2500,1903995,390,09:30,15:59,Monday,False,False,-0.4936
2016-01-12,1932.7500,1940.2500,1905.7500,1930.7500,1947790,390,09:30,15:59,Tuesday,False,False,-0.1035
2016-01-13,1939.0000,1943.2500,1878.0000,1882.7500,2382690,390,09:30,15:59,Wednesday,False,False,-2.9010
2016-01-14,1890.0000,1927.5000,1871.0000,1913.2500,2405478,390,09:30,15:59,Thursday,False,False,1.2302
2016-01-15,1861.7500,1882.0000,1849.2500,1871.7500,2630827,390,09:30,15:59,Friday,False,False,0.5371
2016-01-18,1869.5000,1874.2500,1867.5000,1873.0000,88749,210,09:30,12:59,Monday,True,False,0.1872
2016-01-19,1894.0000,1895.5000,1856.2500,1874.7500,1863213,390,09:30,15:59,Tuesday,False,False,-1.0164
2016-01-20,1844.7500,1869.2500,1804.2500,1851.7500,3257344,390,09:30,15:59,Wednesday,False,False,0.3795
2016-01-21,1856.2500,1883.2500,1840.7500,1861.0000,1933537,390,09:30,15:59,Thursday,False,False,0.2559
2016-01-22,1892.2500,1902.2500,1883.2500,1899.2500,1587840,390,09:30,15:59,Friday,False,False,0.3699
2016-01-25,1893.7500,1895.7500,1868.0000,1871.0000,1251297,390,09:30,15:59,Monday,False,False,-1.2013
2016-01-26,1878.7500,1899.7500,1874.5000,1896.0000,1283478,390,09:30,15:59,Tuesday,False,False,0.9182
2016-01-27,1890.2500,1910.0000,1864.5000,1875.2500,1718837,390,09:30,15:59,Wednesday,False,False,-0.7935
2016-01-28,1893.7500,1896.2500,1865.7500,1885.7500,1617629,390,09:30,15:59,Thursday,False,False,-0.4224
2016-01-29,1894.5000,1932.0000,1893.2500,1931.2500,1737685,390,09:30,15:59,Friday,False,False,1.9398
2016-02-01,1919.2500,1940.0000,1912.5000,1930.7500,1267411,390,09:30,15:59,Monday,False,False,0.5992
2016-02-02,1913.5000,1914.0000,1889.0000,1895.2500,1659808,390,09:30,15:59,Tuesday,False,False,-0.9537
2016-02-03,1908.5000,1912.2500,1865.0000,1906.2500,2337904,390,09:30,15:59,Wednesday,False,False,-0.1179
2016-02-04,1901.5000,1921.7500,1893.7500,1909.7500,1723906,390,09:30,15:59,Thursday,False,False,0.4339
2016-02-05,1904.0000,1905.2500,1865.7500,1873.2500,1751366,390,09:30,15:59,Friday,False,False,-1.6150
2016-02-08,1851.5000,1855.0000,1821.7500,1847.5000,2120383,390,09:30,15:59,Monday,False,False,-0.2160
2016-02-09,1827.2500,1863.7500,1825.7500,1848.0000,2174509,390,09:30,15:59,Tuesday,False,False,1.1356
2016-02-10,1858.2500,1877.7500,1845.2500,1847.0000,1762409,390,09:30,15:59,Wednesday,False,False,-0.6054
2016-02-11,1817.2500,1834.7500,1805.0000,1824.2500,2451074,390,09:30,15:59,Thursday,False,False,0.3852
2016-02-12,1843.5000,1860.7500,1833.5000,1860.7500,1444316,390,09:30,15:59,Friday,False,False,0.9357
2016-02-15,1880.5000,1885.2500,1879.7500,1885.2500,63240,210,09:30,12:59,Monday,True,False,0.2526
2016-02-16,1882.2500,1892.0000,1870.2500,1891.7500,1235457,390,09:30,15:59,Tuesday,False,False,0.5047
2016-02-17,1906.0000,1927.2500,1904.0000,1923.0000,1385044,390,09:30,15:59,Wednesday,False,False,0.8919
2016-02-18,1926.0000,1927.0000,1911.2500,1914.5000,1267384,390,09:30,15:59,Thursday,False,False,-0.5971
2016-02-19,1906.0000,1916.0000,1898.5000,1914.5000,1155284,390,09:30,15:59,Friday,False,False,0.4460
2016-02-22,1932.7500,1943.7500,1932.0000,1941.7500,1017584,390,09:30,15:59,Monday,False,False,0.4657
2016-02-23,1934.2500,1937.2500,1915.7500,1917.7500,1220395,390,09:30,15:59,Tuesday,False,False,-0.8530
2016-02-24,1900.2500,1929.2500,1886.7500,1926.0000,1840380,390,09:30,15:59,Wednesday,False,False,1.3551
2016-02-25,1931.5000,1949.5000,1922.0000,1949.5000,1351064,390,09:30,15:59,Thursday,False,False,0.9319
2016-02-26,1959.7500,1961.0000,1943.0000,1945.2500,1369534,390,09:30,15:59,Friday,False,False,-0.7399
2016-02-29,1944.7500,1956.2500,1927.7500,1928.5000,1339825,390,09:30,15:59,Monday,False,False,-0.8356
2016-03-01,1943.7500,1975.7500,1938.2500,1975.5000,1569632,390,09:30,15:59,Tuesday,False,False,1.6334
2016-03-02,1971.0000,1984.5000,1966.2500,1983.7500,1428670,390,09:30,15:59,Wednesday,False,False,0.6469
2016-03-03,1981.7500,1991.7500,1974.7500,1991.5000,1234585,390,09:30,15:59,Thursday,False,False,0.4920
2016-03-04,1994.2500,2007.5000,1984.0000,1997.5000,1735594,390,09:30,15:59,Friday,False,False,0.1630
2016-03-07,1987.2500,2004.5000,1986.0000,1999.7500,1266693,390,09:30,15:59,Monday,False,False,0.6290
2016-03-08,1986.7500,1993.0000,1976.0000,1977.2500,1414590,390,09:30,15:59,Tuesday,False,False,-0.4782
2016-03-09,1987.5000,1991.7500,1978.0000,1988.0000,1216143,390,09:30,15:59,Wednesday,False,False,0.0252
2016-03-10,1993.2500,2004.7500,1967.2500,1989.2500,1752332,390,09:30,15:59,Thursday,False,False,-0.2007
2016-03-11,2006.7500,2022.2500,2005.2500,2021.5000,485451,390,09:30,15:59,Friday,False,False,0.7350
2016-03-14,2006.2500,2015.0000,2002.0000,2009.5000,891191,390,09:30,15:59,Monday,False,False,0.1620
2016-03-15,1998.0000,2006.7500,1995.0000,2006.5000,940791,390,09:30,15:59,Tuesday,False,False,0.4254
2016-03-16,2000.2500,2022.7500,1999.7500,2018.5000,1402050,390,09:30,15:59,Wednesday,False,False,0.9124
2016-03-17,2016.7500,2036.7500,2012.0000,2031.2500,1338912,390,09:30,15:59,Thursday,False,False,0.7190
2016-03-18,2036.7500,2042.7500,2033.0000,2039.2500,1362525,390,09:30,15:59,Friday,False,False,0.1227
2016-03-21,2035.7500,2044.5000,2032.7500,2041.7500,1031949,390,09:30,15:59,Monday,False,False,0.2947
2016-03-22,2032.2500,2047.5000,2030.5000,2041.2500,1150169,390,09:30,15:59,Tuesday,False,False,0.4429
2016-03-23,2036.5000,2038.5000,2025.2500,2027.7500,1294620,390,09:30,15:59,Wednesday,False,False,-0.4297
2016-03-24,2014.7500,2026.7500,2012.2500,2026.7500,1174205,390,09:30,15:59,Thursday,False,False,0.5956
2016-03-28,2031.2500,2034.0000,2022.0000,2027.7500,766723,390,09:30,15:59,Monday,False,False,-0.1723
2016-03-29,2023.0000,2047.5000,2019.2500,2047.0000,1227407,390,09:30,15:59,Tuesday,False,False,1.1864
2016-03-30,2058.2500,2064.5000,2051.5000,2056.2500,1295123,390,09:30,15:59,Wednesday,False,False,-0.0972
2016-03-31,2054.5000,2059.7500,2048.7500,2051.0000,1344419,390,09:30,15:59,Thursday,False,False,-0.1704
2016-04-01,2039.0000,2067.0000,2035.2500,2064.5000,1515292,390,09:30,15:59,Friday,False,False,1.2506
2016-04-04,2064.2500,2066.5000,2054.2500,2058.0000,1029811,390,09:30,15:59,Monday,False,False,-0.3028
2016-04-05,2042.0000,2048.0000,2034.2500,2037.5000,1352680,390,09:30,15:59,Tuesday,False,False,-0.2204
2016-04-06,2038.2500,2060.5000,2035.0000,2059.7500,1560470,390,09:30,15:59,Wednesday,False,False,1.0548
2016-04-07,2047.0000,2051.0000,2026.0000,2034.7500,1647001,390,09:30,15:59,Thursday,False,False,-0.5984
2016-04-08,2049.0000,2054.2500,2034.0000,2040.7500,1354640,390,09:30,15:59,Friday,False,False,-0.4026
2016-04-11,2048.2500,2056.5000,2034.5000,2035.2500,1305054,390,09:30,15:59,Monday,False,False,-0.6347
2016-04-12,2037.7500,2058.5000,2032.5000,2055.2500,1483052,390,09:30,15:59,Tuesday,False,False,0.8588
2016-04-13,2065.7500,2077.0000,2064.0000,2076.0000,1261097,390,09:30,15:59,Wednesday,False,False,0.4962
2016-04-14,2076.5000,2081.7500,2071.7500,2076.0000,1026138,390,09:30,15:59,Thursday,False,False,-0.0241
2016-04-15,2076.0000,2077.0000,2069.5000,2073.5000,908175,390,09:30,15:59,Friday,False,False,-0.1204
2016-04-18,2066.7500,2088.7500,2065.2500,2088.5000,1006355,390,09:30,15:59,Monday,False,False,1.0524
2016-04-19,2093.0000,2097.7500,2085.0000,2094.7500,1215881,390,09:30,15:59,Tuesday,False,False,0.0836
2016-04-20,2095.5000,2105.2500,2089.5000,2096.5000,1136348,390,09:30,15:59,Wednesday,False,False,0.0477
2016-04-21,2097.0000,2098.5000,2082.2500,2085.5000,1218840,390,09:30,15:59,Thursday,False,False,-0.5484
2016-04-22,2081.5000,2089.0000,2075.0000,2086.0000,1167026,390,09:30,15:59,Friday,False,False,0.2162
2016-04-25,2078.5000,2082.2500,2071.0000,2082.0000,946599,390,09:30,15:59,Monday,False,False,0.1684
2016-04-26,2086.5000,2091.2500,2079.5000,2085.7500,920459,390,09:30,15:59,Tuesday,False,False,-0.0359
2016-04-27,2080.7500,2094.0000,2076.2500,2089.5000,1164220,390,09:30,15:59,Wednesday,False,False,0.4205
2016-04-28,2080.2500,2093.5000,2065.2500,2070.5000,1425091,390,09:30,15:59,Thursday,False,False,-0.4687
2016-04-29,2062.7500,2067.0000,2045.7500,2058.7500,1940670,390,09:30,15:59,Friday,False,False,-0.1939
2016-05-02,2065.0000,2077.5000,2059.5000,2075.2500,1057182,390,09:30,15:59,Monday,False,False,0.4964
2016-05-03,2060.5000,2063.2500,2048.0000,2057.0000,1460519,390,09:30,15:59,Tuesday,False,False,-0.1699
2016-05-04,2045.0000,2053.5000,2039.0000,2044.7500,1193728,390,09:30,15:59,Wednesday,False,False,-0.0122
2016-05-05,2050.7500,2055.0000,2039.5000,2044.7500,1145127,390,09:30,15:59,Thursday,False,False,-0.2926
2016-05-06,2035.5000,2052.7500,2033.7500,2052.0000,1357770,390,09:30,15:59,Friday,False,False,0.8106
2016-05-09,2050.5000,2058.7500,2048.2500,2053.7500,1060399,390,09:30,15:59,Monday,False,False,0.1585
2016-05-10,2062.2500,2079.7500,2061.2500,2079.5000,1020420,390,09:30,15:59,Tuesday,False,False,0.8365
2016-05-11,2074.2500,2078.5000,2059.7500,2060.5000,1174817,390,09:30,15:59,Wednesday,False,False,-0.6629
2016-05-12,2067.7500,2069.7500,2048.5000,2060.5000,1450822,390,09:30,15:59,Thursday,False,False,-0.3506
2016-05-13,2057.0000,2063.5000,2038.5000,2042.2500,1455842,390,09:30,15:59,Friday,False,False,-0.7171
2016-05-16,2044.2500,2068.5000,2043.5000,2062.7500,1157992,390,09:30,15:59,Monday,False,False,0.9050
2016-05-17,2059.5000,2062.7500,2036.7500,2043.7500,1638229,390,09:30,15:59,Tuesday,False,False,-0.7647
2016-05-18,2039.2500,2057.7500,2030.7500,2044.0000,1757341,390,09:30,15:59,Wednesday,False,False,0.2329
2016-05-19,2035.0000,2039.7500,2022.0000,2036.5000,1727165,390,09:30,15:59,Thursday,False,False,0.0737
2016-05-20,2043.5000,2055.5000,2042.7500,2049.0000,1250194,390,09:30,15:59,Friday,False,False,0.2691
2016-05-23,2049.5000,2052.7500,2044.2500,2046.0000,896191,390,09:30,15:59,Monday,False,False,-0.1708
2016-05-24,2056.5000,2077.2500,2056.0000,2073.0000,1284809,390,09:30,15:59,Tuesday,False,False,0.8023
2016-05-25,2081.5000,2092.5000,2080.7500,2086.7500,1142118,390,09:30,15:59,Wednesday,False,False,0.2522
2016-05-26,2089.2500,2091.7500,2084.2500,2087.7500,734032,390,09:30,15:59,Thursday,False,False,-0.0718
2016-05-27,2089.7500,2096.7500,2089.2500,2096.7500,822777,390,09:30,15:59,Friday,False,False,0.3350
2016-05-30,2101.7500,2102.7500,2099.7500,2102.0000,22691,209,09:30,12:59,Monday,True,False,0.0119
2016-05-31,2100.0000,2101.5000,2086.0000,2093.2500,1228169,390,09:30,15:59,Tuesday,False,False,-0.3214
2016-06-01,2085.7500,2099.2500,2083.2500,2097.0000,1003813,390,09:30,15:59,Wednesday,False,False,0.5394
2016-06-02,2092.2500,2103.5000,2086.7500,2103.2500,1005695,390,09:30,15:59,Thursday,False,False,0.5257
2016-06-03,2097.0000,2101.2500,2082.7500,2097.2500,1314627,390,09:30,15:59,Friday,False,False,0.0119
2016-06-06,2101.2500,2112.2500,2099.5000,2108.0000,967881,390,09:30,15:59,Monday,False,False,0.3212
2016-06-07,2109.7500,2118.0000,2109.2500,2111.2500,828296,390,09:30,15:59,Tuesday,False,False,0.0711
2016-06-08,2112.7500,2119.7500,2111.2500,2118.0000,925341,390,09:30,15:59,Wednesday,False,False,0.2485
2016-06-09,2109.5000,2116.7500,2106.2500,2114.5000,864405,390,09:30,15:59,Thursday,False,False,0.2370
2016-06-10,2099.0000,2103.0000,2088.5000,2095.2500,545930,390,09:30,15:59,Friday,False,False,-0.1787
2016-06-13,2079.0000,2089.2500,2068.7500,2070.0000,1394846,390,09:30,15:59,Monday,False,False,-0.4329
2016-06-14,2065.2500,2072.7500,2054.7500,2066.5000,1625400,390,09:30,15:59,Tuesday,False,False,0.0605
2016-06-15,2071.2500,2079.5000,2061.0000,2063.0000,1190948,390,09:30,15:59,Wednesday,False,False,-0.3983
2016-06-16,2053.0000,2071.5000,2040.7500,2069.7500,1839208,390,09:30,15:59,Thursday,False,False,0.8159
2016-06-17,2068.0000,2068.2500,2053.2500,2062.0000,1397184,390,09:30,15:59,Friday,False,False,-0.2901
2016-06-20,2084.5000,2092.5000,2073.7500,2075.0000,1175852,390,09:30,15:59,Monday,False,False,-0.4557
2016-06-21,2079.2500,2085.7500,2074.0000,2080.2500,1085575,390,09:30,15:59,Tuesday,False,False,0.0481
2016-06-22,2082.5000,2091.2500,2075.2500,2076.5000,1171530,390,09:30,15:59,Wednesday,False,False,-0.2881
2016-06-23,2094.5000,2105.0000,2089.0000,2104.7500,864972,390,09:30,15:59,Thursday,False,False,0.4894
2016-06-24,2031.5000,2064.7500,2022.2500,2027.5000,2187097,390,09:30,15:59,Friday,False,False,-0.1969
2016-06-27,2010.7500,2010.7500,1981.5000,1991.0000,2246962,390,09:30,15:59,Monday,False,False,-0.9822
2016-06-28,2009.7500,2027.0000,2006.0000,2026.7500,1779352,390,09:30,15:59,Tuesday,False,False,0.8459
2016-06-29,2043.7500,2064.5000,2042.2500,2062.0000,1569373,390,09:30,15:59,Wednesday,False,False,0.8930
2016-06-30,2067.7500,2091.2500,2061.0000,2091.0000,1777835,390,09:30,15:59,Thursday,False,False,1.1244
2016-07-01,2089.2500,2100.7500,2089.0000,2093.7500,1295999,390,09:30,15:59,Friday,False,False,0.2154
2016-07-04,2099.0000,2101.2500,2095.2500,2100.0000,39829,210,09:30,12:59,Monday,True,False,0.0476
2016-07-05,2085.2500,2086.5000,2072.5000,2079.7500,1360728,390,09:30,15:59,Tuesday,False,False,-0.2638
2016-07-06,2073.7500,2093.7500,2065.7500,2093.0000,1582670,390,09:30,15:59,Wednesday,False,False,0.9283
2016-07-07,2094.2500,2102.0000,2081.7500,2090.7500,1347289,390,09:30,15:59,Thursday,False,False,-0.1671
2016-07-08,2106.2500,2125.5000,2103.5000,2122.2500,1445352,390,09:30,15:59,Friday,False,False,0.7596
2016-07-11,2127.5000,2136.7500,2125.2500,2130.0000,1115735,390,09:30,15:59,Monday,False,False,0.1175
2016-07-12,2141.2500,2149.2500,2138.2500,2145.5000,1340761,390,09:30,15:59,Tuesday,False,False,0.1985
2016-07-13,2150.7500,2150.7500,2139.5000,2145.2500,1309563,390,09:30,15:59,Wednesday,False,False,-0.2557
2016-07-14,2160.2500,2163.0000,2152.7500,2157.0000,1253293,390,09:30,15:59,Thursday,False,False,-0.1504
2016-07-15,2163.7500,2164.2500,2149.0000,2154.2500,1025409,390,09:30,15:59,Friday,False,False,-0.4391
2016-07-18,2156.0000,2162.5000,2152.7500,2160.2500,867167,390,09:30,15:59,Monday,False,False,0.1971
2016-07-19,2155.2500,2158.5000,2152.2500,2157.7500,855566,390,09:30,15:59,Tuesday,False,False,0.1160
2016-07-20,2163.5000,2169.7500,2158.5000,2166.7500,860104,390,09:30,15:59,Wednesday,False,False,0.1502
2016-07-21,2165.7500,2168.5000,2153.5000,2158.5000,1038324,390,09:30,15:59,Thursday,False,False,-0.3348
2016-07-22,2160.2500,2169.2500,2157.0000,2168.2500,865474,390,09:30,15:59,Friday,False,False,0.3703
2016-07-25,2166.0000,2167.0000,2155.7500,2163.0000,993689,390,09:30,15:59,Monday,False,False,-0.1385
2016-07-26,2161.7500,2168.0000,2153.7500,2163.7500,1322361,390,09:30,15:59,Tuesday,False,False,0.0925
2016-07-27,2168.2500,2169.2500,2152.0000,2161.5000,1338466,390,09:30,15:59,Wednesday,False,False,-0.3113
2016-07-28,2159.2500,2167.5000,2153.5000,2164.0000,1273425,390,09:30,15:59,Thursday,False,False,0.2200
2016-07-29,2161.0000,2171.7500,2157.5000,2167.2500,1313681,390,09:30,15:59,Friday,False,False,0.2892
2016-08-01,2168.0000,2172.7500,2159.7500,2164.7500,1372579,390,09:30,15:59,Monday,False,False,-0.1499
2016-08-02,2162.2500,2164.0000,2141.5000,2151.5000,1620393,390,09:30,15:59,Tuesday,False,False,-0.4972
2016-08-03,2150.7500,2158.2500,2147.0000,2157.7500,1051746,390,09:30,15:59,Wednesday,False,False,0.3255
2016-08-04,2158.7500,2163.5000,2154.0000,2160.0000,953376,390,09:30,15:59,Thursday,False,False,0.0579
2016-08-05,2168.0000,2178.5000,2166.5000,2177.7500,1045822,390,09:30,15:59,Friday,False,False,0.4497
2016-08-08,2180.2500,2181.2500,2173.2500,2176.2500,739208,390,09:30,15:59,Monday,False,False,-0.1835
2016-08-09,2177.2500,2183.5000,2173.7500,2177.5000,1006053,390,09:30,15:59,Tuesday,False,False,0.0115
2016-08-10,2179.0000,2180.0000,2167.7500,2172.0000,1148302,390,09:30,15:59,Wednesday,False,False,-0.3212
2016-08-11,2178.2500,2185.2500,2175.2500,2182.2500,1075774,390,09:30,15:59,Thursday,False,False,0.1836
2016-08-12,2178.7500,2183.0000,2175.5000,2180.0000,1035010,390,09:30,15:59,Friday,False,False,0.0574
2016-08-15,2184.7500,2190.7500,2184.5000,2187.0000,899458,390,09:30,15:59,Monday,False,False,0.1030
2016-08-16,2181.5000,2182.5000,2175.2500,2175.2500,1094468,390,09:30,15:59,Tuesday,False,False,-0.2865
2016-08-17,2175.7500,2181.0000,2165.5000,2179.2500,1453369,390,09:30,15:59,Wednesday,False,False,0.1609
2016-08-18,2178.7500,2184.5000,2177.7500,2184.2500,977779,390,09:30,15:59,Thursday,False,False,0.2524
2016-08-19,2178.7500,2183.0000,2172.5000,2181.2500,1162177,390,09:30,15:59,Friday,False,False,0.1147
2016-08-22,2178.0000,2183.5000,2173.5000,2180.5000,1267700,390,09:30,15:59,Monday,False,False,0.1148
2016-08-23,2187.7500,2191.5000,2184.5000,2185.0000,881408,390,09:30,15:59,Tuesday,False,False,-0.1257
2016-08-24,2183.7500,2184.7500,2168.7500,2174.2500,1222454,390,09:30,15:59,Wednesday,False,False,-0.4350
2016-08-25,2169.2500,2177.2500,2167.5000,2171.7500,1197649,390,09:30,15:59,Thursday,False,False,0.1152
2016-08-26,2174.7500,2186.7500,2157.5000,2168.0000,2268566,390,09:30,15:59,Friday,False,False,-0.3104
2016-08-29,2169.7500,2182.2500,2169.2500,2179.2500,996844,390,09:30,15:59,Monday,False,False,0.4378
2016-08-30,2178.0000,2181.5000,2168.5000,2175.0000,1131001,390,09:30,15:59,Tuesday,False,False,-0.1377
2016-08-31,2171.7500,2172.7500,2159.5000,2168.7500,1551370,390,09:30,15:59,Wednesday,False,False,-0.1381
2016-09-01,2168.2500,2172.2500,2154.7500,2168.7500,1629294,390,09:30,15:59,Thursday,False,False,0.0231
2016-09-02,2178.7500,2183.7500,2171.7500,2178.5000,1265851,390,09:30,15:59,Friday,False,False,-0.0115
2016-09-05,2178.7500,2179.2500,2175.0000,2178.7500,34469,209,09:30,12:59,Monday,True,False,0.0000
2016-09-06,2181.7500,2185.7500,2173.0000,2185.5000,1159250,390,09:30,15:59,Tuesday,False,False,0.1719
2016-09-07,2183.0000,2186.7500,2177.5000,2185.2500,1084502,390,09:30,15:59,Wednesday,False,False,0.1031
2016-09-08,2180.5000,2184.0000,2175.7500,2179.7500,1145951,390,09:30,15:59,Thursday,False,False,-0.0344
2016-09-09,2164.0000,2164.5000,2126.5000,2126.7500,1086864,390,09:30,15:59,Friday,False,False,-1.7213
2016-09-12,2111.2500,2156.0000,2110.5000,2151.2500,2126261,390,09:30,15:59,Monday,False,False,1.8946
2016-09-13,2135.7500,2139.0000,2112.2500,2119.5000,2595043,390,09:30,15:59,Tuesday,False,False,-0.7609
2016-09-14,2120.5000,2134.5000,2112.0000,2118.5000,1780631,390,09:30,15:59,Wednesday,False,False,-0.0943
2016-09-15,2116.5000,2144.5000,2114.5000,2140.0000,1673212,390,09:30,15:59,Thursday,False,False,1.1103
2016-09-16,2131.2500,2134.2500,2123.0000,2130.5000,1563453,390,09:30,15:59,Friday,False,False,-0.0352
2016-09-19,2139.0000,2146.7500,2127.7500,2131.2500,1288438,390,09:30,15:59,Monday,False,False,-0.3623
2016-09-20,2141.7500,2143.5000,2131.0000,2131.7500,1109561,390,09:30,15:59,Tuesday,False,False,-0.4669
2016-09-21,2139.7500,2157.5000,2131.5000,2155.2500,1505803,390,09:30,15:59,Wednesday,False,False,0.7244
2016-09-22,2167.5000,2172.7500,2164.2500,2168.7500,1217940,390,09:30,15:59,Thursday,False,False,0.0577
2016-09-23,2164.2500,2166.2500,2156.0000,2157.2500,1175335,390,09:30,15:59,Friday,False,False,-0.3234
2016-09-26,2148.0000,2149.5000,2136.7500,2139.0000,1271124,390,09:30,15:59,Monday,False,False,-0.4190
2016-09-27,2137.2500,2154.0000,2132.7500,2152.5000,1233049,390,09:30,15:59,Tuesday,False,False,0.7135
2016-09-28,2155.5000,2165.2500,2144.0000,2163.7500,1410503,390,09:30,15:59,Wednesday,False,False,0.3827
2016-09-29,2161.2500,2165.7500,2137.2500,2143.7500,2022897,390,09:30,15:59,Thursday,False,False,-0.8097
2016-09-30,2153.2500,2168.2500,2150.5000,2160.5000,1497553,390,09:30,15:59,Friday,False,False,0.3367
2016-10-03,2154.7500,2156.7500,2146.7500,2153.5000,1165384,390,09:30,15:59,Monday,False,False,-0.0580
2016-10-04,2155.7500,2158.2500,2136.0000,2143.5000,1870058,390,09:30,15:59,Tuesday,False,False,-0.5682
2016-10-05,2150.5000,2158.0000,2149.7500,2153.0000,1072194,390,09:30,15:59,Wednesday,False,False,0.1163
2016-10-06,2150.0000,2156.7500,2143.2500,2154.5000,964511,390,09:30,15:59,Thursday,False,False,0.2093
2016-10-07,2157.2500,2159.2500,2138.0000,2146.7500,1482624,390,09:30,15:59,Friday,False,False,-0.4867
2016-10-10,2158.0000,2163.5000,2156.2500,2157.5000,695025,390,09:30,15:59,Monday,False,False,-0.0232
2016-10-11,2152.7500,2153.7500,2121.7500,2130.7500,1922033,390,09:30,15:59,Tuesday,False,False,-1.0219
2016-10-12,2132.0000,2139.5000,2126.2500,2133.5000,1136531,390,09:30,15:59,Wednesday,False,False,0.0704
2016-10-13,2117.7500,2132.2500,2107.7500,2126.2500,1733458,390,09:30,15:59,Thursday,False,False,0.4014
2016-10-14,2137.5000,2143.2500,2126.5000,2127.0000,1480311,390,09:30,15:59,Friday,False,False,-0.4912
2016-10-17,2127.0000,2130.0000,2117.7500,2120.2500,958232,390,09:30,15:59,Monday,False,False,-0.3173
2016-10-18,2139.0000,2139.2500,2129.0000,2133.0000,833255,390,09:30,15:59,Tuesday,False,False,-0.2805
2016-10-19,2136.7500,2142.5000,2132.2500,2138.7500,713294,390,09:30,15:59,Wednesday,False,False,0.0936
2016-10-20,2134.7500,2141.2500,2126.7500,2135.0000,1343064,390,09:30,15:59,Thursday,False,False,0.0117
2016-10-21,2125.2500,2136.7500,2123.2500,2135.5000,1095920,390,09:30,15:59,Friday,False,False,0.4823
2016-10-24,2145.7500,2149.0000,2140.5000,2144.5000,779417,390,09:30,15:59,Monday,False,False,-0.0583
2016-10-25,2142.5000,2145.7500,2135.2500,2137.7500,981661,390,09:30,15:59,Tuesday,False,False,-0.2217
2016-10-26,2127.5000,2140.0000,2124.7500,2133.2500,1289156,390,09:30,15:59,Wednesday,False,False,0.2703
2016-10-27,2141.7500,2142.2500,2126.7500,2127.7500,1375923,390,09:30,15:59,Thursday,False,False,-0.6537
2016-10-28,2127.2500,2135.2500,2112.5000,2121.2500,1968871,390,09:30,15:59,Friday,False,False,-0.2821
2016-10-31,2125.2500,2127.7500,2119.0000,2120.7500,1071061,390,09:30,15:59,Monday,False,False,-0.2117
2016-11-01,2125.0000,2125.5000,2091.0000,2105.2500,1940711,390,09:30,15:59,Tuesday,False,False,-0.9294
2016-11-02,2101.7500,2106.5000,2087.2500,2092.0000,1614762,390,09:30,15:59,Wednesday,False,False,-0.4639
2016-11-03,2095.0000,2097.7500,2079.7500,2083.5000,1428905,390,09:30,15:59,Thursday,False,False,-0.5489
2016-11-04,2084.2500,2094.2500,2079.0000,2080.2500,1679173,390,09:30,15:59,Friday,False,False,-0.1919
2016-11-07,2109.5000,2127.5000,2108.0000,2126.5000,1310774,390,09:30,15:59,Monday,False,False,0.8059
2016-11-08,2122.5000,2143.2500,2119.0000,2136.5000,1400568,390,09:30,15:59,Tuesday,False,False,0.6596
2016-11-09,2118.7500,2166.7500,2118.2500,2159.7500,2613054,390,09:30,15:59,Wednesday,False,False,1.9351
2016-11-10,2168.2500,2178.5000,2147.7500,2164.2500,2517291,390,09:30,15:59,Thursday,False,False,-0.1845
2016-11-11,2156.5000,2162.2500,2148.5000,2159.7500,1430566,390,09:30,15:59,Friday,False,False,0.1507
2016-11-14,2165.5000,2168.0000,2152.2500,2160.2500,1411056,390,09:30,15:59,Monday,False,False,-0.2424
2016-11-15,2165.5000,2178.0000,2163.0000,2177.5000,1115478,390,09:30,15:59,Tuesday,False,False,0.5541
2016-11-16,2170.7500,2176.2500,2169.0000,2174.0000,1007513,390,09:30,15:59,Wednesday,False,False,0.1497
2016-11-17,2175.2500,2185.5000,2174.0000,2184.2500,1092133,390,09:30,15:59,Thursday,False,False,0.4137
2016-11-18,2185.5000,2187.5000,2177.5000,2179.7500,972509,390,09:30,15:59,Friday,False,False,-0.2631
2016-11-21,2186.5000,2196.5000,2184.7500,2195.5000,955077,390,09:30,15:59,Monday,False,False,0.4116
2016-11-22,2200.0000,2202.7500,2191.7500,2199.7500,993525,390,09:30,15:59,Tuesday,False,False,-0.0114
2016-11-23,2194.5000,2202.2500,2192.0000,2201.7500,848695,390,09:30,15:59,Wednesday,False,False,0.3304
2016-11-24,2204.2500,2207.0000,2203.0000,2206.0000,27964,210,09:30,12:59,Thursday,True,False,0.0794
2016-11-25,2205.7500,2211.7500,2204.7500,2211.5000,353491,225,09:30,13:14,Friday,True,False,0.2607
2016-11-28,2206.2500,2209.5000,2198.2500,2200.0000,1093083,390,09:30,15:59,Monday,False,False,-0.2833
2016-11-29,2200.2500,2209.5000,2196.2500,2203.7500,1145886,390,09:30,15:59,Tuesday,False,False,0.1591
2016-11-30,2211.2500,2213.0000,2197.7500,2198.0000,1515881,390,09:30,15:59,Wednesday,False,False,-0.5992
2016-12-01,2201.7500,2202.0000,2186.0000,2189.7500,1851642,390,09:30,15:59,Thursday,False,False,-0.5450
2016-12-02,2191.2500,2197.2500,2187.0000,2191.0000,1336022,390,09:30,15:59,Friday,False,False,-0.0114
2016-12-05,2201.0000,2208.7500,2198.7500,2203.5000,1269819,390,09:30,15:59,Monday,False,False,0.1136
2016-12-06,2206.2500,2212.0000,2200.7500,2211.2500,1173106,390,09:30,15:59,Tuesday,False,False,0.2266
2016-12-07,2209.5000,2241.2500,2207.7500,2239.7500,1812843,390,09:30,15:59,Wednesday,False,False,1.3691
2016-12-08,2239.7500,2251.5000,2236.7500,2245.5000,1331819,390,09:30,15:59,Thursday,False,False,0.2567
2016-12-09,2248.5000,2259.7500,2247.7500,2259.5000,354626,390,09:30,15:59,Friday,False,False,0.4892
2016-12-12,2258.5000,2264.2500,2252.2500,2257.0000,251831,390,09:30,15:59,Monday,False,False,-0.0664
2016-12-13,2259.5000,2273.0000,2259.0000,2266.5000,1350988,390,09:30,15:59,Tuesday,False,False,0.3098
2016-12-14,2263.5000,2272.5000,2243.0000,2248.7500,1574367,390,09:30,15:59,Wednesday,False,False,-0.6516
2016-12-15,2251.0000,2267.7500,2249.2500,2257.2500,1368935,390,09:30,15:59,Thursday,False,False,0.2777
2016-12-16,2261.5000,2262.7500,2249.5000,2254.0000,1098957,390,09:30,15:59,Friday,False,False,-0.3316
2016-12-19,2256.0000,2263.7500,2254.0000,2258.5000,781091,390,09:30,15:59,Monday,False,False,0.1108
2016-12-20,2265.2500,2269.5000,2262.2500,2267.0000,640760,390,09:30,15:59,Tuesday,False,False,0.0773
2016-12-21,2265.7500,2268.0000,2260.2500,2261.0000,506132,390,09:30,15:59,Wednesday,False,False,-0.2096
2016-12-22,2258.5000,2260.0000,2251.5000,2257.0000,675657,390,09:30,15:59,Thursday,False,False,-0.0664
2016-12-23,2256.5000,2259.2500,2254.2500,2259.0000,287565,390,09:30,15:59,Friday,False,False,0.1108
2016-12-27,2262.2500,2269.5000,2262.0000,2264.0000,394591,390,09:30,15:59,Tuesday,False,False,0.0774
2016-12-28,2267.0000,2267.0000,2243.5000,2245.2500,839345,390,09:30,15:59,Wednesday,False,False,-0.9594
2016-12-29,2245.7500,2250.0000,2239.5000,2245.0000,737003,390,09:30,15:59,Thursday,False,False,-0.0334
2016-12-30,2248.7500,2249.5000,2228.0000,2236.7500,1037133,390,09:30,15:59,Friday,False,False,-0.5336
2017-01-03,2252.0000,2259.5000,2239.5000,2252.5000,1479679,390,09:30,15:59,Tuesday,False,False,0.0222
2017-01-04,2256.2500,2267.2500,2256.0000,2264.7500,1159267,390,09:30,15:59,Wednesday,False,False,0.3767
2017-01-05,2261.7500,2265.2500,2254.0000,2263.5000,1073703,390,09:30,15:59,Thursday,False,False,0.0774
2017-01-06,2264.7500,2277.0000,2258.2500,2271.7500,1329505,390,09:30,15:59,Friday,False,False,0.3091
2017-01-09,2268.7500,2270.2500,2263.5000,2264.7500,834164,390,09:30,15:59,Monday,False,False,-0.1763
2017-01-10,2264.5000,2274.0000,2259.5000,2263.7500,1094144,390,09:30,15:59,Tuesday,False,False,-0.0331
2017-01-11,2263.2500,2270.2500,2255.0000,2270.2500,1483606,390,09:30,15:59,Wednesday,False,False,0.3093
2017-01-12,2264.5000,2267.2500,2248.5000,2265.0000,1508287,390,09:30,15:59,Thursday,False,False,0.0221
2017-01-13,2266.7500,2273.5000,2266.2500,2269.7500,950998,390,09:30,15:59,Friday,False,False,0.1323
2017-01-16,2267.2500,2267.7500,2265.2500,2266.0000,31067,210,09:30,12:59,Monday,True,False,-0.0551
2017-01-17,2262.5000,2267.2500,2257.2500,2262.2500,1113997,390,09:30,15:59,Tuesday,False,False,-0.0110
2017-01-18,2264.7500,2267.2500,2258.2500,2266.5000,885921,390,09:30,15:59,Wednesday,False,False,0.0773
2017-01-19,2267.7500,2269.5000,2253.0000,2258.7500,1144692,390,09:30,15:59,Thursday,False,False,-0.3969
2017-01-20,2266.5000,2272.7500,2259.7500,2266.2500,1436791,390,09:30,15:59,Friday,False,False,-0.0110
2017-01-23,2262.5000,2267.5000,2251.7500,2261.5000,1176017,390,09:30,15:59,Monday,False,False,-0.0442
2017-01-24,2263.5000,2280.5000,2262.0000,2275.5000,1045536,390,09:30,15:59,Tuesday,False,False,0.5302
2017-01-25,2286.5000,2295.2500,2284.2500,2294.5000,1107904,390,09:30,15:59,Wednesday,False,False,0.3499
2017-01-26,2293.0000,2296.5000,2289.5000,2292.5000,928365,390,09:30,15:59,Thursday,False,False,-0.0218
2017-01-27,2293.7500,2295.5000,2287.0000,2289.2500,756334,390,09:30,15:59,Friday,False,False,-0.1962
2017-01-30,2281.0000,2281.2500,2263.2500,2275.2500,1593545,390,09:30,15:59,Monday,False,False,-0.2521
2017-01-31,2268.7500,2275.2500,2262.2500,2275.0000,1284862,390,09:30,15:59,Tuesday,False,False,0.2755
2017-02-01,2281.7500,2285.0000,2268.2500,2275.0000,1312660,390,09:30,15:59,Wednesday,False,False,-0.2958
2017-02-02,2270.7500,2279.7500,2266.7500,2276.2500,1147326,390,09:30,15:59,Thursday,False,False,0.2422
2017-02-03,2287.0000,2294.0000,2283.0000,2292.0000,1071754,390,09:30,15:59,Friday,False,False,0.2186
2017-02-06,2286.7500,2291.5000,2283.5000,2288.0000,901728,390,09:30,15:59,Monday,False,False,0.0547
2017-02-07,2292.2500,2295.0000,2285.2500,2287.7500,974848,390,09:30,15:59,Tuesday,False,False,-0.1963
2017-02-08,2284.2500,2292.0000,2281.0000,2290.5000,1046762,390,09:30,15:59,Wednesday,False,False,0.2736
2017-02-09,2293.7500,2307.7500,2293.0000,2304.0000,1120022,390,09:30,15:59,Thursday,False,False,0.4469
2017-02-10,2308.0000,2315.7500,2306.7500,2312.7500,965238,390,09:30,15:59,Friday,False,False,0.2058
2017-02-13,2319.0000,2329.0000,2318.5000,2325.5000,959872,390,09:30,15:59,Monday,False,False,0.2803
2017-02-14,2323.7500,2335.7500,2319.7500,2335.5000,1150596,390,09:30,15:59,Tuesday,False,False,0.5056
2017-02-15,2332.7500,2349.7500,2332.0000,2346.7500,1220705,390,09:30,15:59,Wednesday,False,False,0.6002
2017-02-16,2348.0000,2349.7500,2336.7500,2345.7500,1470502,390,09:30,15:59,Thursday,False,False,-0.0958
2017-02-17,2337.7500,2348.7500,2337.2500,2348.2500,1044192,390,09:30,15:59,Friday,False,False,0.4491
2017-02-20,2353.5000,2354.5000,2350.5000,2352.7500,37013,210,09:30,12:59,Monday,True,False,-0.0319
2017-02-21,2353.0000,2365.0000,2352.7500,2362.5000,1227434,390,09:30,15:59,Tuesday,False,False,0.4037
2017-02-22,2358.0000,2363.2500,2355.7500,2360.5000,1028082,390,09:30,15:59,Wednesday,False,False,0.1060
2017-02-23,2366.5000,2366.7500,2353.0000,2362.0000,1293509,390,09:30,15:59,Thursday,False,False,-0.1902
2017-02-24,2352.2500,2365.7500,2351.5000,2365.2500,1149874,390,09:30,15:59,Friday,False,False,0.5527
2017-02-27,2363.7500,2370.7500,2361.0000,2368.7500,832888,390,09:30,15:59,Monday,False,False,0.2115
2017-02-28,2364.5000,2367.0000,2357.5000,2362.5000,1202481,390,09:30,15:59,Tuesday,False,False,-0.0846
2017-03-01,2381.5000,2401.0000,2381.2500,2394.7500,1591724,390,09:30,15:59,Wednesday,False,False,0.5564
2017-03-02,2392.7500,2393.0000,2379.2500,2380.2500,1401495,390,09:30,15:59,Thursday,False,False,-0.5224
2017-03-03,2378.7500,2383.2500,2374.2500,2381.7500,1019505,390,09:30,15:59,Friday,False,False,0.1261
2017-03-06,2372.0000,2378.2500,2367.0000,2374.7500,1020519,390,09:30,15:59,Monday,False,False,0.1159
2017-03-07,2370.5000,2374.7500,2364.5000,2367.2500,1010869,390,09:30,15:59,Tuesday,False,False,-0.1371
2017-03-08,2370.0000,2373.0000,2360.7500,2362.5000,1083896,390,09:30,15:59,Wednesday,False,False,-0.3165
2017-03-09,2363.7500,2369.2500,2354.0000,2364.7500,1004936,390,09:30,15:59,Thursday,False,False,0.0423
2017-03-10,2376.5000,2377.2500,2362.2500,2373.0000,399090,390,09:30,15:59,Friday,False,False,-0.1473
2017-03-13,2369.2500,2372.0000,2365.5000,2371.0000,637327,390,09:30,15:59,Monday,False,False,0.0739
2017-03-14,2365.2500,2365.5000,2354.7500,2362.5000,1094579,390,09:30,15:59,Tuesday,False,False,-0.1163
2017-03-15,2368.7500,2387.7500,2365.7500,2382.0000,1108516,390,09:30,15:59,Wednesday,False,False,0.5594
2017-03-16,2383.7500,2384.5000,2373.5000,2377.7500,1104497,390,09:30,15:59,Thursday,False,False,-0.2517
2017-03-17,2380.5000,2382.2500,2372.7500,2373.0000,917669,390,09:30,15:59,Friday,False,False,-0.3151
2017-03-20,2372.7500,2376.0000,2365.5000,2370.0000,893655,390,09:30,15:59,Monday,False,False,-0.1159
2017-03-21,2377.2500,2378.7500,2338.0000,2340.0000,2305276,390,09:30,15:59,Tuesday,False,False,-1.5669
2017-03-22,2340.2500,2348.7500,2332.7500,2345.2500,1479151,390,09:30,15:59,Wednesday,False,False,0.2137
2017-03-23,2342.5000,2356.0000,2338.2500,2342.5000,1337600,390,09:30,15:59,Thursday,False,False,0.0000
2017-03-24,2346.2500,2352.7500,2331.7500,2341.7500,1351286,390,09:30,15:59,Friday,False,False,-0.1918
2017-03-27,2321.0000,2341.5000,2318.0000,2337.7500,1241494,390,09:30,15:59,Monday,False,False,0.7217
2017-03-28,2334.7500,2360.5000,2333.5000,2354.5000,1326170,390,09:30,15:59,Tuesday,False,False,0.8459
2017-03-29,2352.0000,2359.7500,2348.7500,2357.5000,937444,390,09:30,15:59,Wednesday,False,False,0.2338
2017-03-30,2356.0000,2366.7500,2354.0000,2364.5000,951224,390,09:30,15:59,Thursday,False,False,0.3608
2017-03-31,2360.5000,2366.7500,2358.2500,2358.5000,1218600,390,09:30,15:59,Friday,False,False,-0.0847
2017-04-03,2359.2500,2361.7500,2340.0000,2354.7500,1462656,390,09:30,15:59,Monday,False,False,-0.1907
2017-04-04,2350.7500,2357.0000,2346.5000,2356.2500,953625,390,09:30,15:59,Tuesday,False,False,0.2340
2017-04-05,2363.0000,2375.0000,2346.2500,2348.2500,1621684,390,09:30,15:59,Wednesday,False,False,-0.6242
2017-04-06,2350.5000,2361.2500,2345.0000,2354.5000,1241874,390,09:30,15:59,Thursday,False,False,0.1702
2017-04-07,2352.2500,2360.7500,2347.0000,2352.5000,1000449,390,09:30,15:59,Friday,False,False,0.0106
2017-04-10,2354.2500,2363.2500,2347.5000,2353.7500,1125933,390,09:30,15:59,Monday,False,False,-0.0212
2017-04-11,2349.0000,2351.7500,2333.2500,2350.2500,1580105,390,09:30,15:59,Tuesday,False,False,0.0532
2017-04-12,2347.0000,2349.5000,2337.5000,2341.0000,1207143,390,09:30,15:59,Wednesday,False,False,-0.2556
2017-04-13,2336.2500,2345.0000,2325.2500,2325.5000,1194539,390,09:30,15:59,Thursday,False,False,-0.4601
2017-04-17,2330.7500,2345.5000,2328.7500,2345.5000,780480,390,09:30,15:59,Monday,False,False,0.6328
2017-04-18,2336.7500,2344.5000,2330.2500,2338.2500,1116760,390,09:30,15:59,Tuesday,False,False,0.0642
2017-04-19,2345.0000,2349.2500,2331.2500,2334.5000,1012235,390,09:30,15:59,Wednesday,False,False,-0.4478
2017-04-20,2341.0000,2358.2500,2337.2500,2352.5000,1182632,390,09:30,15:59,Thursday,False,False,0.4912
2017-04-21,2352.2500,2353.0000,2340.5000,2345.2500,1012948,390,09:30,15:59,Friday,False,False,-0.2976
2017-04-24,2371.5000,2374.0000,2365.7500,2370.7500,1080437,390,09:30,15:59,Monday,False,False,-0.0316
2017-04-25,2378.5000,2389.2500,2377.5000,2385.0000,1022620,390,09:30,15:59,Tuesday,False,False,0.2733
2017-04-26,2384.7500,2394.7500,2382.5000,2383.5000,1235878,390,09:30,15:59,Wednesday,False,False,-0.0524
2017-04-27,2386.5000,2388.7500,2378.7500,2385.2500,878987,390,09:30,15:59,Thursday,False,False,-0.0524
2017-04-28,2388.0000,2388.2500,2378.2500,2380.2500,915589,390,09:30,15:59,Friday,False,False,-0.3245
2017-05-01,2386.0000,2390.7500,2380.7500,2385.5000,749962,390,09:30,15:59,Monday,False,False,-0.0210
2017-05-02,2387.5000,2388.7500,2381.7500,2386.7500,783083,390,09:30,15:59,Tuesday,False,False,-0.0314
2017-05-03,2381.5000,2386.0000,2375.5000,2383.5000,913738,390,09:30,15:59,Wednesday,False,False,0.0840
2017-05-04,2386.7500,2387.7500,2376.0000,2386.0000,1004753,390,09:30,15:59,Thursday,False,False,-0.0314
2017-05-05,2390.0000,2395.7500,2385.0000,2395.7500,850763,390,09:30,15:59,Friday,False,False,0.2406
2017-05-08,2395.7500,2397.7500,2389.7500,2395.0000,666893,390,09:30,15:59,Monday,False,False,-0.0313
2017-05-09,2397.7500,2400.0000,2388.7500,2392.7500,900525,390,09:30,15:59,Tuesday,False,False,-0.2085
2017-05-10,2391.7500,2396.7500,2389.2500,2396.5000,769066,390,09:30,15:59,Wednesday,False,False,0.1986
2017-05-11,2391.2500,2393.5000,2379.0000,2391.7500,1144481,390,09:30,15:59,Thursday,False,False,0.0209
2017-05-12,2388.5000,2389.7500,2384.2500,2387.7500,784580,390,09:30,15:59,Friday,False,False,-0.0314
2017-05-15,2392.5000,2402.2500,2392.2500,2400.2500,777517,390,09:30,15:59,Monday,False,False,0.3239
2017-05-16,2404.0000,2404.5000,2393.7500,2398.7500,843697,390,09:30,15:59,Tuesday,False,False,-0.2184
2017-05-17,2378.5000,2383.7500,2354.7500,2356.0000,2135050,390,09:30,15:59,Wednesday,False,False,-0.9460
2017-05-18,2354.2500,2375.0000,2351.5000,2364.7500,1825971,390,09:30,15:59,Thursday,False,False,0.4460
2017-05-19,2370.2500,2388.0000,2369.7500,2380.0000,1318779,390,09:30,15:59,Friday,False,False,0.4113
2017-05-22,2386.0000,2394.2500,2385.0000,2392.2500,865641,390,09:30,15:59,Monday,False,False,0.2619
2017-05-23,2396.5000,2399.5000,2392.0000,2397.5000,748727,390,09:30,15:59,Tuesday,False,False,0.0417
2017-05-24,2400.0000,2404.0000,2396.0000,2402.5000,778956,390,09:30,15:59,Wednesday,False,False,0.1042
2017-05-25,2408.5000,2417.7500,2406.0000,2413.7500,1030683,390,09:30,15:59,Thursday,False,False,0.2180
2017-05-26,2412.0000,2415.5000,2411.0000,2413.7500,625708,390,09:30,15:59,Friday,False,False,0.0726
2017-05-29,2416.5000,2417.0000,2414.2500,2414.2500,17555,206,09:30,12:59,Monday,True,False,-0.0931
2017-05-30,2409.7500,2414.5000,2408.0000,2411.7500,732432,390,09:30,15:59,Tuesday,False,False,0.0830
2017-05-31,2414.5000,2415.2500,2402.7500,2410.2500,1422555,390,09:30,15:59,Wednesday,False,False,-0.1760
2017-06-01,2415.7500,2429.7500,2412.7500,2429.5000,1105812,390,09:30,15:59,Thursday,False,False,0.5692
2017-06-02,2430.2500,2439.7500,2427.0000,2437.2500,1261364,390,09:30,15:59,Friday,False,False,0.2880
2017-06-05,2435.7500,2439.0000,2433.5000,2435.7500,698616,390,09:30,15:59,Monday,False,False,0.0000
2017-06-06,2429.0000,2435.7500,2427.0000,2428.7500,1019315,390,09:30,15:59,Tuesday,False,False,-0.0103
2017-06-07,2431.7500,2435.0000,2424.0000,2432.2500,1043597,390,09:30,15:59,Wednesday,False,False,0.0206
2017-06-08,2433.2500,2439.0000,2427.2500,2433.2500,859362,390,09:30,15:59,Thursday,False,False,0.0000
2017-06-09,2436.7500,2445.7500,2414.7500,2430.0000,780355,390,09:30,15:59,Friday,False,False,-0.2770
2017-06-12,2424.2500,2427.5000,2416.7500,2426.7500,1128141,390,09:30,15:59,Monday,False,False,0.1031
2017-06-13,2433.0000,2439.2500,2428.7500,2438.5000,928930,390,09:30,15:59,Tuesday,False,False,0.2261
2017-06-14,2441.5000,2442.0000,2425.7500,2435.5000,1147332,390,09:30,15:59,Wednesday,False,False,-0.2458
2017-06-15,2419.5000,2432.0000,2416.2500,2430.7500,1241958,390,09:30,15:59,Thursday,False,False,0.4650
2017-06-16,2431.7500,2432.5000,2420.2500,2430.5000,1015441,390,09:30,15:59,Friday,False,False,-0.0514
2017-06-19,2440.0000,2451.5000,2438.5000,2450.5000,940300,390,09:30,15:59,Monday,False,False,0.4303
2017-06-20,2446.2500,2446.7500,2434.0000,2434.5000,1070649,390,09:30,15:59,Tuesday,False,False,-0.4803
2017-06-21,2438.2500,2440.0000,2428.0000,2433.2500,1068038,390,09:30,15:59,Wednesday,False,False,-0.2051
2017-06-22,2433.5000,2439.0000,2430.0000,2432.0000,830288,390,09:30,15:59,Thursday,False,False,-0.0616
2017-06-23,2432.7500,2438.7500,2428.2500,2435.5000,975869,390,09:30,15:59,Friday,False,False,0.1130
2017-06-26,2442.2500,2447.5000,2434.0000,2436.2500,1060694,390,09:30,15:59,Monday,False,False,-0.2457
2017-06-27,2433.2500,2437.0000,2416.5000,2417.2500,1336105,390,09:30,15:59,Tuesday,False,False,-0.6576
2017-06-28,2428.0000,2440.5000,2425.5000,2438.0000,1145731,390,09:30,15:59,Wednesday,False,False,0.4119
2017-06-29,2439.7500,2440.5000,2402.2500,2417.0000,1992829,390,09:30,15:59,Thursday,False,False,-0.9325
2017-06-30,2425.5000,2429.7500,2418.5000,2420.5000,1183727,390,09:30,15:59,Friday,False,False,-0.2061
2017-07-03,2431.7500,2436.5000,2422.0000,2423.7500,609029,225,09:30,13:14,Monday,True,False,-0.3290
2017-07-04,2428.5000,2430.2500,2423.5000,2425.2500,35135,210,09:30,12:59,Tuesday,True,False,-0.1338
2017-07-05,2428.5000,2432.2500,2419.2500,2429.5000,898894,390,09:30,15:59,Wednesday,False,False,0.0412
2017-07-06,2420.7500,2422.2500,2405.2500,2408.0000,1263663,390,09:30,15:59,Thursday,False,False,-0.5267
2017-07-07,2413.7500,2425.0000,2412.0000,2422.7500,944578,390,09:30,15:59,Friday,False,False,0.3729
2017-07-10,2421.0000,2430.0000,2419.2500,2425.2500,653783,390,09:30,15:59,Monday,False,False,0.1755
2017-07-11,2423.2500,2427.2500,2410.2500,2423.2500,958151,390,09:30,15:59,Tuesday,False,False,0.0000
2017-07-12,2435.0000,2443.7500,2434.7500,2441.2500,832700,390,09:30,15:59,Wednesday,False,False,0.2567
2017-07-13,2441.7500,2447.0000,2439.0000,2445.2500,716606,390,09:30,15:59,Thursday,False,False,0.1433
2017-07-14,2445.7500,2461.2500,2444.2500,2456.7500,840209,390,09:30,15:59,Friday,False,False,0.4498
2017-07-17,2456.0000,2460.5000,2454.2500,2456.5000,661312,390,09:30,15:59,Monday,False,False,0.0204
2017-07-18,2452.0000,2458.5000,2448.0000,2458.0000,810872,390,09:30,15:59,Tuesday,False,False,0.2447
2017-07-19,2461.5000,2471.0000,2461.2500,2470.7500,729863,390,09:30,15:59,Wednesday,False,False,0.3758
2017-07-20,2474.0000,2475.2500,2465.5000,2471.5000,860299,390,09:30,15:59,Thursday,False,False,-0.1011
2017-07-21,2465.7500,2470.2500,2462.7500,2469.7500,814863,390,09:30,15:59,Friday,False,False,0.1622
2017-07-24,2469.0000,2470.5000,2463.5000,2469.0000,603583,390,09:30,15:59,Monday,False,False,0.0000
2017-07-25,2478.0000,2478.7500,2472.5000,2474.5000,820702,390,09:30,15:59,Tuesday,False,False,-0.1412
2017-07-26,2478.2500,2478.5000,2471.5000,2474.7500,728133,390,09:30,15:59,Wednesday,False,False,-0.1412
2017-07-27,2480.0000,2480.5000,2457.0000,2472.5000,1362664,390,09:30,15:59,Thursday,False,False,-0.3024
2017-07-28,2466.5000,2470.7500,2461.5000,2469.0000,830755,390,09:30,15:59,Friday,False,False,0.1014
2017-07-31,2474.0000,2475.0000,2465.2500,2467.5000,898316,390,09:30,15:59,Monday,False,False,-0.2627
2017-08-01,2474.5000,2475.0000,2468.0000,2473.0000,742027,390,09:30,15:59,Tuesday,False,False,-0.0606
2017-08-02,2474.7500,2475.7500,2463.2500,2474.0000,1086553,390,09:30,15:59,Wednesday,False,False,-0.0303
2017-08-03,2473.0000,2473.0000,2466.0000,2469.5000,805215,390,09:30,15:59,Thursday,False,False,-0.1415
2017-08-04,2474.7500,2477.7500,2469.2500,2473.7500,803632,390,09:30,15:59,Friday,False,False,-0.0404
2017-08-07,2474.2500,2478.2500,2473.0000,2477.7500,413088,390,09:30,15:59,Monday,False,False,0.1415
2017-08-08,2474.2500,2488.5000,2467.5000,2472.0000,1164957,390,09:30,15:59,Tuesday,False,False,-0.0909
2017-08-09,2463.5000,2472.0000,2459.2500,2471.0000,1106268,390,09:30,15:59,Wednesday,False,False,0.3044
2017-08-10,2461.2500,2463.0000,2435.7500,2436.5000,1861243,390,09:30,15:59,Thursday,False,False,-1.0056
2017-08-11,2438.7500,2446.5000,2436.0000,2439.7500,1139361,390,09:30,15:59,Friday,False,False,0.0410
2017-08-14,2454.2500,2466.5000,2454.0000,2463.5000,1131337,390,09:30,15:59,Monday,False,False,0.3769
2017-08-15,2468.2500,2468.5000,2460.0000,2463.5000,763164,390,09:30,15:59,Tuesday,False,False,-0.1924
2017-08-16,2469.5000,2474.0000,2462.5000,2467.2500,900395,390,09:30,15:59,Wednesday,False,False,-0.0911
2017-08-17,2460.5000,2464.0000,2428.7500,2429.2500,1835662,390,09:30,15:59,Thursday,False,False,-1.2701
2017-08-18,2426.5000,2439.5000,2419.5000,2424.2500,1659603,390,09:30,15:59,Friday,False,False,-0.0927
2017-08-21,2424.2500,2429.5000,2415.7500,2426.7500,1017362,390,09:30,15:59,Monday,False,False,0.1031
2017-08-22,2433.2500,2454.0000,2432.7500,2451.2500,1011777,390,09:30,15:59,Tuesday,False,False,0.7398
2017-08-23,2440.5000,2447.7500,2438.7500,2442.7500,878555,390,09:30,15:59,Wednesday,False,False,0.0922
2017-08-24,2447.5000,2449.0000,2434.5000,2437.5000,1113670,390,09:30,15:59,Thursday,False,False,-0.4086
2017-08-25,2446.2500,2453.5000,2441.0000,2442.5000,908760,390,09:30,15:59,Friday,False,False,-0.1533
2017-08-28,2448.2500,2449.2500,2438.0000,2443.2500,700789,390,09:30,15:59,Monday,False,False,-0.2042
2017-08-29,2428.2500,2448.5000,2426.2500,2445.2500,1104979,390,09:30,15:59,Tuesday,False,False,0.7001
2017-08-30,2444.7500,2459.7500,2442.7500,2456.7500,975542,390,09:30,15:59,Wednesday,False,False,0.4908
2017-08-31,2463.7500,2474.2500,2462.5000,2470.7500,1363748,390,09:30,15:59,Thursday,False,False,0.2841
2017-09-01,2475.5000,2479.7500,2473.0000,2475.0000,719432,390,09:30,15:59,Friday,False,False,-0.0202
2017-09-04,2465.7500,2469.0000,2464.5000,2468.0000,37615,210,09:30,12:59,Monday,True,False,0.0913
2017-09-05,2468.7500,2471.2500,2445.5000,2457.0000,1573292,390,09:30,15:59,Tuesday,False,False,-0.4759
2017-09-06,2464.7500,2469.0000,2458.2500,2465.2500,1092789,390,09:30,15:59,Wednesday,False,False,0.0203
2017-09-07,2468.5000,2468.7500,2459.5000,2464.7500,799651,390,09:30,15:59,Thursday,False,False,-0.1519
2017-09-08,2460.7500,2466.5000,2458.5000,2461.0000,403755,390,09:30,15:59,Friday,False,False,0.0102
2017-09-11,2474.5000,2487.0000,2474.0000,2485.5000,734897,390,09:30,15:59,Monday,False,False,0.4445
2017-09-12,2489.7500,2494.5000,2487.7500,2494.2500,780512,390,09:30,15:59,Tuesday,False,False,0.1807
2017-09-13,2490.5000,2495.5000,2489.2500,2495.2500,719133,390,09:30,15:59,Wednesday,False,False,0.1907
2017-09-14,2490.7500,2496.2500,2489.0000,2494.5000,804459,390,09:30,15:59,Thursday,False,False,0.1506
2017-09-15,2492.0000,2498.0000,2490.5000,2497.5000,921582,390,09:30,15:59,Friday,False,False,0.2207
2017-09-18,2501.0000,2506.0000,2497.7500,2502.2500,840947,390,09:30,15:59,Monday,False,False,0.0500
2017-09-19,2505.0000,2506.0000,2501.2500,2505.0000,741264,390,09:30,15:59,Tuesday,False,False,0.0000
2017-09-20,2506.0000,2507.2500,2494.0000,2506.0000,1023171,390,09:30,15:59,Wednesday,False,False,0.0000
2017-09-21,2503.7500,2504.5000,2496.5000,2499.0000,901651,390,09:30,15:59,Thursday,False,False,-0.1897
2017-09-22,2495.2500,2501.0000,2494.7500,2499.0000,708202,390,09:30,15:59,Friday,False,False,0.1503
2017-09-25,2495.7500,2500.0000,2485.0000,2494.2500,1230641,390,09:30,15:59,Monday,False,False,-0.0601
2017-09-26,2498.5000,2501.2500,2492.2500,2495.0000,888203,390,09:30,15:59,Tuesday,False,False,-0.1401
2017-09-27,2503.5000,2509.2500,2493.0000,2504.5000,1276649,390,09:30,15:59,Wednesday,False,False,0.0399
2017-09-28,2501.2500,2508.2500,2500.0000,2507.2500,859336,390,09:30,15:59,Thursday,False,False,0.2399
2017-09-29,2506.7500,2517.0000,2504.7500,2515.7500,1011916,390,09:30,15:59,Friday,False,False,0.3590
2017-10-02,2518.2500,2526.7500,2517.5000,2526.2500,866810,390,09:30,15:59,Monday,False,False,0.3177
2017-10-03,2527.7500,2532.5000,2525.7500,2531.7500,648258,390,09:30,15:59,Tuesday,False,False,0.1582
2017-10-04,2530.0000,2538.0000,2529.0000,2535.2500,747380,390,09:30,15:59,Wednesday,False,False,0.2075
2017-10-05,2538.5000,2550.0000,2537.2500,2549.5000,863274,390,09:30,15:59,Thursday,False,False,0.4333
2017-10-06,2544.2500,2547.5000,2541.5000,2546.7500,845150,390,09:30,15:59,Friday,False,False,0.0983
2017-10-09,2549.0000,2550.0000,2539.2500,2542.5000,546806,390,09:30,15:59,Monday,False,False,-0.2550
2017-10-10,2549.0000,2553.2500,2542.7500,2549.0000,949916,390,09:30,15:59,Tuesday,False,False,0.0000
2017-10-11,2548.0000,2553.2500,2546.0000,2553.2500,618929,390,09:30,15:59,Wednesday,False,False,0.2060
2017-10-12,2549.2500,2553.2500,2546.2500,2548.7500,753916,390,09:30,15:59,Thursday,False,False,-0.0196
2017-10-13,2554.0000,2555.5000,2550.2500,2552.0000,652166,390,09:30,15:59,Friday,False,False,-0.0783
2017-10-16,2554.7500,2557.7500,2550.7500,2555.5000,626513,390,09:30,15:59,Monday,False,False,0.0294
2017-10-17,2554.7500,2557.7500,2552.2500,2557.2500,559036,390,09:30,15:59,Tuesday,False,False,0.0979
2017-10-18,2561.5000,2562.0000,2557.2500,2559.5000,560413,390,09:30,15:59,Wednesday,False,False,-0.0781
2017-10-19,2550.2500,2560.5000,2545.2500,2560.5000,914670,390,09:30,15:59,Thursday,False,False,0.4019
2017-10-20,2569.0000,2573.2500,2566.0000,2572.7500,820181,390,09:30,15:59,Friday,False,False,0.1460
2017-10-23,2576.7500,2576.7500,2562.0000,2563.7500,933014,390,09:30,15:59,Monday,False,False,-0.5045
2017-10-24,2567.7500,2570.2500,2563.2500,2567.5000,773785,390,09:30,15:59,Tuesday,False,False,-0.0097
2017-10-25,2563.7500,2565.0000,2541.5000,2554.7500,1773931,390,09:30,15:59,Wednesday,False,False,-0.3510
2017-10-26,2561.7500,2565.0000,2557.2500,2557.5000,998623,390,09:30,15:59,Thursday,False,False,-0.1659
2017-10-27,2566.5000,2580.7500,2563.2500,2578.7500,1161173,390,09:30,15:59,Friday,False,False,0.4773
2017-10-30,2572.2500,2577.5000,2565.5000,2569.0000,926542,390,09:30,15:59,Monday,False,False,-0.1263
2017-10-31,2573.0000,2575.5000,2569.0000,2572.0000,824077,390,09:30,15:59,Tuesday,False,False,-0.0389
2017-11-01,2581.5000,2585.5000,2571.5000,2576.0000,991677,390,09:30,15:59,Wednesday,False,False,-0.2131
2017-11-02,2574.5000,2578.2500,2562.2500,2576.7500,1002916,390,09:30,15:59,Thursday,False,False,0.0874
2017-11-03,2578.2500,2585.5000,2573.5000,2585.0000,738183,390,09:30,15:59,Friday,False,False,0.2618
2017-11-06,2583.0000,2590.0000,2582.2500,2588.0000,590606,390,09:30,15:59,Monday,False,False,0.1936
2017-11-07,2589.7500,2593.5000,2580.7500,2587.2500,907283,390,09:30,15:59,Tuesday,False,False,-0.0965
2017-11-08,2584.5000,2592.5000,2581.5000,2591.5000,772365,390,09:30,15:59,Wednesday,False,False,0.2708
2017-11-09,2577.0000,2583.7500,2563.2500,2582.0000,1706210,390,09:30,15:59,Thursday,False,False,0.1940
2017-11-10,2577.0000,2581.7500,2573.0000,2580.2500,810694,390,09:30,15:59,Friday,False,False,0.1261
2017-11-13,2572.5000,2585.5000,2572.0000,2583.0000,721046,390,09:30,15:59,Monday,False,False,0.4082
2017-11-14,2573.5000,2578.2500,2564.2500,2577.0000,1270256,390,09:30,15:59,Tuesday,False,False,0.1360
2017-11-15,2566.2500,2571.5000,2555.5000,2563.7500,1392637,390,09:30,15:59,Wednesday,False,False,-0.0974
2017-11-16,2574.0000,2589.5000,2573.7500,2584.7500,1145068,390,09:30,15:59,Thursday,False,False,0.4176
2017-11-17,2580.7500,2583.2500,2576.2500,2577.7500,841249,390,09:30,15:59,Friday,False,False,-0.1162
2017-11-20,2580.0000,2584.0000,2577.0000,2581.5000,655283,390,09:30,15:59,Monday,False,False,0.0581
2017-11-21,2590.2500,2600.5000,2589.2500,2598.0000,796537,390,09:30,15:59,Tuesday,False,False,0.2992
2017-11-22,2598.2500,2599.7500,2593.7500,2595.5000,531462,390,09:30,15:59,Wednesday,False,False,-0.1058
2017-11-23,2596.7500,2597.2500,2595.5000,2597.0000,17594,209,09:30,12:59,Thursday,True,False,0.0096
2017-11-24,2600.5000,2603.0000,2599.2500,2601.5000,271799,225,09:30,13:14,Friday,True,False,0.0385
2017-11-27,2601.7500,2605.5000,2597.7500,2600.5000,634425,390,09:30,15:59,Monday,False,False,-0.0480
2017-11-28,2605.7500,2627.0000,2604.2500,2626.5000,1220609,390,09:30,15:59,Tuesday,False,False,0.7963
2017-11-29,2628.0000,2634.2500,2619.7500,2625.2500,1357961,390,09:30,15:59,Wednesday,False,False,-0.1046
2017-11-30,2635.2500,2658.5000,2634.5000,2646.7500,1814285,390,09:30,15:59,Thursday,False,False,0.4364
2017-12-01,2645.2500,2650.7500,2605.0000,2642.0000,1937446,390,09:30,15:59,Friday,False,False,-0.1229
2017-12-04,2660.2500,2665.2500,2638.2500,2638.5000,1309835,390,09:30,15:59,Monday,False,False,-0.8176
2017-12-05,2641.7500,2648.7500,2627.5000,2629.0000,936449,390,09:30,15:59,Tuesday,False,False,-0.4826
2017-12-06,2625.7500,2634.5000,2624.0000,2629.2500,750588,390,09:30,15:59,Wednesday,False,False,0.1333
2017-12-07,2627.7500,2641.2500,2626.2500,2637.5000,637689,390,09:30,15:59,Thursday,False,False,0.3710
2017-12-08,2646.7500,2652.2500,2644.0000,2651.7500,319024,390,09:30,15:59,Friday,False,False,0.1889
2017-12-11,2655.5000,2664.0000,2654.5000,2663.5000,529305,390,09:30,15:59,Monday,False,False,0.3013
2017-12-12,2665.5000,2673.0000,2663.2500,2667.5000,732065,390,09:30,15:59,Tuesday,False,False,0.0750
2017-12-13,2670.2500,2675.5000,2666.2500,2667.0000,798971,390,09:30,15:59,Wednesday,False,False,-0.1217
2017-12-14,2670.2500,2671.2500,2654.7500,2655.2500,959811,390,09:30,15:59,Thursday,False,False,-0.5617
2017-12-15,2666.7500,2682.7500,2666.0000,2677.5000,991574,390,09:30,15:59,Friday,False,False,0.4031
2017-12-18,2692.5000,2698.0000,2691.5000,2694.7500,769835,390,09:30,15:59,Monday,False,False,0.0836
2017-12-19,2697.2500,2697.5000,2683.0000,2684.2500,805713,390,09:30,15:59,Tuesday,False,False,-0.4820
2017-12-20,2694.5000,2695.5000,2679.0000,2682.7500,748846,390,09:30,15:59,Wednesday,False,False,-0.4361
2017-12-21,2689.2500,2696.0000,2684.7500,2688.2500,634089,390,09:30,15:59,Thursday,False,False,-0.0372
2017-12-22,2688.2500,2689.5000,2682.2500,2688.7500,452339,390,09:30,15:59,Friday,False,False,0.0186
2017-12-26,2685.5000,2688.2500,2684.2500,2687.0000,289712,390,09:30,15:59,Tuesday,False,False,0.0559
2017-12-27,2688.2500,2691.0000,2681.5000,2684.7500,489336,390,09:30,15:59,Wednesday,False,False,-0.1302
2017-12-28,2688.2500,2689.0000,2683.0000,2686.7500,406292,390,09:30,15:59,Thursday,False,False,-0.0558
2017-12-29,2693.7500,2694.0000,2674.2500,2677.5000,740822,390,09:30,15:59,Friday,False,False,-0.6032
2018-01-02,2687.0000,2696.0000,2681.7500,2695.7500,697102,390,09:30,15:59,Tuesday,False,False,0.3256
2018-01-03,2697.2500,2714.2500,2697.0000,2712.5000,874448,390,09:30,15:59,Wednesday,False,False,0.5654
2018-01-04,2719.2500,2729.0000,2718.2500,2724.0000,908056,390,09:30,15:59,Thursday,False,False,0.1747
2018-01-05,2732.2500,2743.0000,2726.5000,2741.2500,825564,390,09:30,15:59,Friday,False,False,0.3294
2018-01-08,2740.0000,2748.5000,2737.0000,2746.5000,647086,390,09:30,15:59,Monday,False,False,0.2372
2018-01-09,2751.0000,2760.0000,2748.0000,2753.0000,899275,390,09:30,15:59,Tuesday,False,False,0.0727
2018-01-10,2744.0000,2751.7500,2736.5000,2748.7500,925434,390,09:30,15:59,Wednesday,False,False,0.1731
2018-01-11,2754.2500,2768.5000,2752.7500,2768.2500,761234,390,09:30,15:59,Thursday,False,False,0.5083
2018-01-12,2771.2500,2788.7500,2770.0000,2786.5000,953986,390,09:30,15:59,Friday,False,False,0.5503
2018-01-15,2793.7500,2796.0000,2792.5000,2794.5000,38294,210,09:30,12:59,Monday,True,False,0.0268
2018-01-16,2800.7500,2808.5000,2769.2500,2777.7500,1483048,390,09:30,15:59,Tuesday,False,False,-0.8212
2018-01-17,2788.7500,2809.5000,2780.5000,2804.5000,1107925,390,09:30,15:59,Wednesday,False,False,0.5648
2018-01-18,2802.7500,2807.7500,2793.7500,2800.2500,919189,390,09:30,15:59,Thursday,False,False,-0.0892
2018-01-19,2806.0000,2812.7500,2799.5000,2812.5000,893780,390,09:30,15:59,Friday,False,False,0.2316
2018-01-22,2809.5000,2835.5000,2809.2500,2835.0000,849223,390,09:30,15:59,Monday,False,False,0.9076
2018-01-23,2835.5000,2844.7500,2832.0000,2840.5000,902391,390,09:30,15:59,Tuesday,False,False,0.1763
2018-01-24,2848.0000,2855.2500,2825.5000,2839.2500,1503106,390,09:30,15:59,Wednesday,False,False,-0.3072
2018-01-25,2848.5000,2850.0000,2830.7500,2839.7500,1059072,390,09:30,15:59,Thursday,False,False,-0.3072
2018-01-26,2849.7500,2873.2500,2846.5000,2873.0000,903420,390,09:30,15:59,Friday,False,False,0.8159
2018-01-29,2866.2500,2871.2500,2851.5000,2853.0000,1045870,390,09:30,15:59,Monday,False,False,-0.4623
2018-01-30,2831.7500,2839.5000,2818.5000,2823.5000,1535487,390,09:30,15:59,Tuesday,False,False,-0.2913
2018-01-31,2833.7500,2839.7500,2813.0000,2825.7500,1331879,390,09:30,15:59,Wednesday,False,False,-0.2823
2018-02-01,2817.0000,2836.7500,2812.5000,2822.0000,1167565,390,09:30,15:59,Thursday,False,False,0.1775
2018-02-02,2806.0000,2807.7500,2758.7500,2760.0000,1865564,390,09:30,15:59,Friday,False,False,-1.6393
2018-02-05,2739.2500,2763.0000,2635.5000,2645.2500,3038264,390,09:30,15:59,Monday,False,False,-3.4316
2018-02-06,2601.7500,2699.7500,2589.0000,2694.7500,3162541,390,09:30,15:59,Tuesday,False,False,3.5745
2018-02-07,2687.2500,2726.7500,2678.7500,2679.0000,1874955,390,09:30,15:59,Wednesday,False,False,-0.3070
2018-02-08,2682.0000,2684.0000,2577.0000,2578.2500,2496596,390,09:30,15:59,Thursday,False,False,-3.8684
2018-02-09,2609.5000,2637.7500,2530.2500,2618.5000,3104436,390,09:30,15:59,Friday,False,False,0.3449
2018-02-12,2639.5000,2671.5000,2620.0000,2654.0000,1636243,390,09:30,15:59,Monday,False,False,0.5493
2018-02-13,2640.7500,2667.5000,2634.2500,2661.7500,1094547,390,09:30,15:59,Tuesday,False,False,0.7952
2018-02-14,2645.2500,2701.7500,2642.7500,2698.7500,1446584,390,09:30,15:59,Wednesday,False,False,2.0225
2018-02-15,2716.7500,2731.7500,2688.5000,2731.7500,1226927,390,09:30,15:59,Thursday,False,False,0.5521
2018-02-16,2724.0000,2754.7500,2723.7500,2732.5000,1308103,390,09:30,15:59,Friday,False,False,0.3120
2018-02-19,2735.7500,2735.7500,2719.5000,2728.5000,102497,210,09:30,12:59,Monday,True,False,-0.2650
2018-02-20,2720.7500,2737.7500,2705.7500,2715.2500,950676,390,09:30,15:59,Tuesday,False,False,-0.2022
2018-02-21,2719.2500,2747.7500,2700.2500,2700.2500,1282763,390,09:30,15:59,Wednesday,False,False,-0.6987
2018-02-22,2711.5000,2731.0000,2696.5000,2703.2500,1234110,390,09:30,15:59,Thursday,False,False,-0.3043
2018-02-23,2718.2500,2747.5000,2712.7500,2747.5000,908978,390,09:30,15:59,Friday,False,False,1.0761
2018-02-26,2759.5000,2780.5000,2752.7500,2779.2500,950158,390,09:30,15:59,Monday,False,False,0.7157
2018-02-27,2781.7500,2789.7500,2743.5000,2743.5000,1348829,390,09:30,15:59,Tuesday,False,False,-1.3750
2018-02-28,2757.2500,2762.0000,2712.5000,2713.5000,1381162,390,09:30,15:59,Wednesday,False,False,-1.5867
2018-03-01,2713.5000,2731.0000,2658.5000,2676.0000,2301190,390,09:30,15:59,Thursday,False,False,-1.3820
2018-03-02,2656.5000,2696.0000,2647.0000,2689.7500,1652238,390,09:30,15:59,Friday,False,False,1.2516
2018-03-05,2676.0000,2727.7500,2674.5000,2721.2500,1322889,390,09:30,15:59,Monday,False,False,1.6910
2018-03-06,2731.5000,2732.7500,2710.2500,2727.5000,1080963,390,09:30,15:59,Tuesday,False,False,-0.1464
2018-03-07,2702.5000,2730.2500,2700.2500,2726.0000,1204846,390,09:30,15:59,Wednesday,False,False,0.8696
2018-03-08,2733.5000,2740.5000,2722.0000,2739.0000,869536,390,09:30,15:59,Thursday,False,False,0.2012
2018-03-09,2755.0000,2787.0000,2751.5000,2786.5000,587009,390,09:30,15:59,Friday,False,False,1.1434
2018-03-12,2790.0000,2797.2500,2779.0000,2782.7500,322439,390,09:30,15:59,Monday,False,False,-0.2599
2018-03-13,2796.5000,2802.5000,2758.5000,2765.0000,347262,390,09:30,15:59,Tuesday,False,False,-1.1264
2018-03-14,2780.2500,2782.5000,2748.2500,2754.2500,1262800,390,09:30,15:59,Wednesday,False,False,-0.9352
2018-03-15,2760.0000,2767.2500,2745.7500,2751.2500,946442,390,09:30,15:59,Thursday,False,False,-0.3170
2018-03-16,2756.2500,2766.2500,2753.5000,2753.7500,839178,390,09:30,15:59,Friday,False,False,-0.0907
2018-03-19,2745.0000,2745.2500,2697.2500,2716.2500,1654579,390,09:30,15:59,Monday,False,False,-1.0474
2018-03-20,2720.5000,2727.7500,2712.7500,2720.5000,840264,390,09:30,15:59,Tuesday,False,False,0.0000
2018-03-21,2720.2500,2744.0000,2712.5000,2714.7500,1192725,390,09:30,15:59,Wednesday,False,False,-0.2022
2018-03-22,2688.5000,2698.2500,2642.0000,2645.5000,2043034,390,09:30,15:59,Thursday,False,False,-1.5994
2018-03-23,2650.0000,2658.7500,2586.0000,2587.7500,2188888,390,09:30,15:59,Friday,False,False,-2.3491
2018-03-26,2629.7500,2662.7500,2602.0000,2660.0000,1751899,390,09:30,15:59,Monday,False,False,1.1503
2018-03-27,2670.5000,2676.0000,2596.0000,2613.2500,2034848,390,09:30,15:59,Tuesday,False,False,-2.1438
2018-03-28,2614.7500,2633.7500,2593.0000,2605.0000,2247013,390,09:30,15:59,Wednesday,False,False,-0.3729
2018-03-29,2617.5000,2659.5000,2609.2500,2641.7500,1619765,390,09:30,15:59,Thursday,False,False,0.9265
2018-04-02,2632.0000,2638.0000,2552.0000,2579.7500,2100043,390,09:30,15:59,Monday,False,False,-1.9852
2018-04-03,2594.0000,2618.7500,2573.5000,2614.0000,1821032,390,09:30,15:59,Tuesday,False,False,0.7710
2018-04-04,2572.5000,2649.7500,2571.2500,2643.2500,1681667,390,09:30,15:59,Wednesday,False,False,2.7502
2018-04-05,2660.7500,2672.2500,2649.0000,2662.5000,1247899,390,09:30,15:59,Thursday,False,False,0.0658
2018-04-06,2639.5000,2656.7500,2584.5000,2602.7500,1940728,390,09:30,15:59,Friday,False,False,-1.3923
2018-04-09,2618.7500,2653.7500,2610.5000,2613.7500,1380554,390,09:30,15:59,Monday,False,False,-0.1909
2018-04-10,2647.7500,2666.2500,2635.0000,2656.5000,1519821,390,09:30,15:59,Tuesday,False,False,0.3305
2018-04-11,2639.5000,2661.2500,2638.5000,2642.5000,1237283,390,09:30,15:59,Wednesday,False,False,0.1137
2018-04-12,2657.0000,2675.0000,2655.0000,2663.7500,1042019,390,09:30,15:59,Thursday,False,False,0.2540
2018-04-13,2678.7500,2680.5000,2644.7500,2656.2500,1392040,390,09:30,15:59,Friday,False,False,-0.8399
2018-04-16,2675.2500,2687.0000,2666.0000,2678.0000,917023,390,09:30,15:59,Monday,False,False,0.1028
2018-04-17,2698.2500,2713.7500,2692.5000,2706.5000,960453,390,09:30,15:59,Tuesday,False,False,0.3058
2018-04-18,2711.7500,2718.0000,2703.7500,2708.7500,795973,390,09:30,15:59,Wednesday,False,False,-0.1106
2018-04-19,2700.7500,2703.5000,2681.5000,2693.2500,1292523,390,09:30,15:59,Thursday,False,False,-0.2777
2018-04-20,2692.2500,2694.7500,2659.7500,2670.7500,1305885,390,09:30,15:59,Friday,False,False,-0.7986
2018-04-23,2677.0000,2683.0000,2657.2500,2669.7500,975466,390,09:30,15:59,Monday,False,False,-0.2708
2018-04-24,2681.0000,2683.7500,2616.0000,2633.7500,2044380,390,09:30,15:59,Tuesday,False,False,-1.7624
2018-04-25,2632.2500,2644.2500,2611.2500,2638.7500,1512410,390,09:30,15:59,Wednesday,False,False,0.2469
2018-04-26,2651.0000,2675.5000,2645.5000,2666.2500,978606,390,09:30,15:59,Thursday,False,False,0.5753
2018-04-27,2672.7500,2676.2500,2657.7500,2669.0000,916818,390,09:30,15:59,Friday,False,False,-0.1403
2018-04-30,2675.0000,2681.7500,2645.7500,2646.5000,1049288,390,09:30,15:59,Monday,False,False,-1.0654
2018-05-01,2641.2500,2653.0000,2623.2500,2651.7500,1093061,390,09:30,15:59,Tuesday,False,False,0.3975
2018-05-02,2649.2500,2658.5000,2629.0000,2633.2500,1118301,390,09:30,15:59,Wednesday,False,False,-0.6039
2018-05-03,2623.5000,2634.7500,2591.2500,2627.5000,1818721,390,09:30,15:59,Thursday,False,False,0.1525
2018-05-04,2615.7500,2669.5000,2612.2500,2661.7500,1262359,390,09:30,15:59,Friday,False,False,1.7586
2018-05-07,2670.5000,2681.5000,2662.5000,2670.7500,903751,390,09:30,15:59,Monday,False,False,0.0094
2018-05-08,2666.2500,2674.2500,2652.2500,2669.5000,1045754,390,09:30,15:59,Tuesday,False,False,0.1219
2018-05-09,2677.5000,2700.0000,2672.0000,2696.2500,977198,390,09:30,15:59,Wednesday,False,False,0.7003
2018-05-10,2704.0000,2725.0000,2703.0000,2721.5000,936422,390,09:30,15:59,Thursday,False,False,0.6472
2018-05-11,2722.2500,2732.5000,2716.7500,2726.7500,813793,390,09:30,15:59,Friday,False,False,0.1653
2018-05-14,2734.0000,2741.2500,2724.2500,2729.7500,718124,390,09:30,15:59,Monday,False,False,-0.1554
2018-05-15,2715.7500,2717.0000,2700.5000,2709.5000,1190877,390,09:30,15:59,Tuesday,False,False,-0.2301
2018-05-16,2711.0000,2728.0000,2711.0000,2722.2500,812816,390,09:30,15:59,Wednesday,False,False,0.4150
2018-05-17,2719.5000,2732.0000,2711.0000,2719.5000,870134,390,09:30,15:59,Thursday,False,False,0.0000
2018-05-18,2716.5000,2719.7500,2708.7500,2713.0000,756124,390,09:30,15:59,Friday,False,False,-0.1288
2018-05-21,2729.0000,2739.2500,2725.2500,2732.5000,736256,390,09:30,15:59,Monday,False,False,0.1283
2018-05-22,2739.0000,2741.7500,2721.5000,2724.5000,707894,390,09:30,15:59,Tuesday,False,False,-0.5294
2018-05-23,2710.2500,2732.7500,2708.5000,2732.2500,949110,390,09:30,15:59,Wednesday,False,False,0.8117
2018-05-24,2727.2500,2730.5000,2705.7500,2726.7500,1004616,390,09:30,15:59,Thursday,False,False,-0.0183
2018-05-25,2720.0000,2727.0000,2713.7500,2719.7500,715330,390,09:30,15:59,Friday,False,False,-0.0092
2018-05-28,2719.7500,2724.7500,2718.7500,2723.2500,27219,210,09:30,12:59,Monday,True,False,0.1287
2018-05-29,2700.7500,2709.5000,2675.0000,2688.2500,1437396,390,09:30,15:59,Tuesday,False,False,-0.4628
2018-05-30,2703.2500,2729.2500,2701.7500,2723.5000,1032645,390,09:30,15:59,Wednesday,False,False,0.7491
2018-05-31,2719.7500,2722.5000,2699.7500,2705.5000,1290437,390,09:30,15:59,Thursday,False,False,-0.5239
2018-06-01,2721.5000,2737.0000,2720.5000,2733.7500,869222,390,09:30,15:59,Friday,False,False,0.4501
2018-06-04,2742.2500,2749.2500,2739.7500,2746.5000,591129,390,09:30,15:59,Monday,False,False,0.1550
2018-06-05,2747.5000,2752.5000,2739.0000,2749.0000,749928,390,09:30,15:59,Tuesday,False,False,0.0546
2018-06-06,2754.7500,2772.0000,2748.0000,2771.7500,908915,390,09:30,15:59,Wednesday,False,False,0.6171
2018-06-07,2776.2500,2779.5000,2760.0000,2769.5000,1041041,390,09:30,15:59,Thursday,False,False,-0.2431
2018-06-08,2765.2500,2779.2500,2763.2500,2777.7500,498758,390,09:30,15:59,Friday,False,False,0.4520
2018-06-11,2780.7500,2790.5000,2779.2500,2781.2500,259310,390,09:30,15:59,Monday,False,False,0.0180
2018-06-12,2787.0000,2789.7500,2778.5000,2787.0000,172055,390,09:30,15:59,Tuesday,False,False,0.0000
2018-06-13,2792.5000,2796.0000,2778.7500,2779.7500,814026,390,09:30,15:59,Wednesday,False,False,-0.4566
2018-06-14,2790.2500,2794.0000,2781.0000,2788.2500,811638,390,09:30,15:59,Thursday,False,False,-0.0717
2018-06-15,2779.0000,2787.5000,2765.5000,2784.2500,1022601,390,09:30,15:59,Friday,False,False,0.1889
2018-06-18,2766.5000,2779.0000,2761.2500,2777.7500,720150,390,09:30,15:59,Monday,False,False,0.4067
2018-06-19,2750.5000,2769.0000,2746.2500,2766.2500,1119552,390,09:30,15:59,Tuesday,False,False,0.5726
2018-06-20,2774.0000,2778.2500,2767.0000,2771.5000,769761,390,09:30,15:59,Wednesday,False,False,-0.0901
2018-06-21,2770.0000,2770.5000,2747.0000,2752.2500,1136231,390,09:30,15:59,Thursday,False,False,-0.6408
2018-06-22,2767.2500,2768.5000,2755.2500,2757.0000,818578,390,09:30,15:59,Friday,False,False,-0.3704
2018-06-25,2744.5000,2746.2500,2700.5000,2718.5000,1809616,390,09:30,15:59,Monday,False,False,-0.9473
2018-06-26,2725.5000,2735.2500,2717.2500,2725.0000,1071530,390,09:30,15:59,Tuesday,False,False,-0.0183
2018-06-27,2731.7500,2748.0000,2701.0000,2701.0000,1540408,390,09:30,15:59,Wednesday,False,False,-1.1257
2018-06-28,2701.2500,2726.2500,2693.5000,2718.7500,1234109,390,09:30,15:59,Thursday,False,False,0.6478
2018-06-29,2729.5000,2745.5000,2720.5000,2721.2500,1114847,390,09:30,15:59,Friday,False,False,-0.3023
2018-07-02,2703.0000,2728.5000,2700.5000,2728.0000,872936,390,09:30,15:59,Monday,False,False,0.9249
2018-07-03,2737.0000,2738.0000,2712.0000,2713.2500,614890,226,09:30,13:15,Tuesday,True,False,-0.8677
2018-07-04,2721.7500,2722.7500,2718.0000,2721.7500,22904,210,09:30,12:59,Wednesday,True,False,0.0000
2018-07-05,2729.7500,2739.5000,2717.0000,2738.5000,797988,390,09:30,15:59,Thursday,False,False,0.3205
2018-07-06,2739.0000,2766.2500,2734.5000,2761.5000,901820,390,09:30,15:59,Friday,False,False,0.8215
2018-07-09,2773.5000,2787.2500,2772.7500,2786.5000,735759,390,09:30,15:59,Monday,False,False,0.4687
2018-07-10,2791.7500,2797.7500,2788.5000,2796.2500,666673,390,09:30,15:59,Tuesday,False,False,0.1612
2018-07-11,2778.5000,2787.7500,2772.2500,2776.0000,918902,390,09:30,15:59,Wednesday,False,False,-0.0900
2018-07-12,2789.5000,2801.0000,2782.7500,2799.7500,825551,390,09:30,15:59,Thursday,False,False,0.3674
2018-07-13,2798.7500,2806.2500,2793.2500,2802.7500,705951,390,09:30,15:59,Friday,False,False,0.1429
2018-07-16,2803.0000,2804.7500,2795.0000,2799.2500,589651,390,09:30,15:59,Monday,False,False,-0.1338
2018-07-17,2791.5000,2815.7500,2790.7500,2811.5000,811429,390,09:30,15:59,Tuesday,False,False,0.7165
2018-07-18,2811.7500,2818.2500,2806.7500,2817.2500,637219,390,09:30,15:59,Wednesday,False,False,0.1956
2018-07-19,2808.7500,2813.2500,2800.2500,2805.0000,845819,390,09:30,15:59,Thursday,False,False,-0.1335
2018-07-20,2803.2500,2810.5000,2800.7500,2802.7500,632115,390,09:30,15:59,Friday,False,False,-0.0178
2018-07-23,2800.0000,2809.5000,2796.0000,2808.0000,603733,390,09:30,15:59,Monday,False,False,0.2857
2018-07-24,2823.2500,2831.2500,2812.0000,2820.5000,1074235,390,09:30,15:59,Tuesday,False,False,-0.0974
2018-07-25,2819.0000,2849.5000,2818.2500,2847.0000,1004808,390,09:30,15:59,Wednesday,False,False,0.9933
2018-07-26,2837.0000,2846.5000,2836.0000,2837.7500,730555,390,09:30,15:59,Thursday,False,False,0.0264
2018-07-27,2841.7500,2843.2500,2808.7500,2819.2500,1230031,390,09:30,15:59,Friday,False,False,-0.7918
2018-07-30,2819.7500,2821.7500,2798.2500,2803.0000,932602,390,09:30,15:59,Monday,False,False,-0.5940
2018-07-31,2813.0000,2825.0000,2808.5000,2816.5000,974520,390,09:30,15:59,Tuesday,False,False,0.1244
2018-08-01,2819.5000,2825.7500,2805.5000,2813.2500,804755,390,09:30,15:59,Wednesday,False,False,-0.2217
2018-08-02,2797.5000,2829.5000,2795.0000,2826.5000,892554,390,09:30,15:59,Thursday,False,False,1.0366
2018-08-03,2829.0000,2840.2500,2827.0000,2839.7500,618841,390,09:30,15:59,Friday,False,False,0.3800
2018-08-06,2838.7500,2853.5000,2835.5000,2850.5000,591771,390,09:30,15:59,Monday,False,False,0.4139
2018-08-07,2857.0000,2863.7500,2855.7500,2858.7500,593516,390,09:30,15:59,Tuesday,False,False,0.0613
2018-08-08,2857.0000,2862.5000,2853.0000,2857.7500,545242,390,09:30,15:59,Wednesday,False,False,0.0263
2018-08-09,2858.0000,2862.7500,2852.2500,2853.5000,528578,390,09:30,15:59,Thursday,False,False,-0.1575
2018-08-10,2837.0000,2843.0000,2826.0000,2833.7500,1013484,390,09:30,15:59,Friday,False,False,-0.1146
2018-08-13,2837.0000,2843.7500,2820.0000,2822.7500,931075,390,09:30,15:59,Monday,False,False,-0.5023
2018-08-14,2831.0000,2843.5000,2826.7500,2840.7500,760983,390,09:30,15:59,Tuesday,False,False,0.3444
2018-08-15,2825.2500,2826.7500,2803.0000,2819.2500,1491560,390,09:30,15:59,Wednesday,False,False,-0.2124
2018-08-16,2835.0000,2851.7500,2834.7500,2842.5000,920066,390,09:30,15:59,Thursday,False,False,0.2646
2018-08-17,2839.5000,2857.0000,2835.0000,2851.7500,918866,390,09:30,15:59,Friday,False,False,0.4314
2018-08-20,2856.7500,2860.7500,2851.5000,2858.0000,597981,390,09:30,15:59,Monday,False,False,0.0438
2018-08-21,2863.5000,2874.0000,2862.0000,2863.5000,825134,390,09:30,15:59,Tuesday,False,False,0.0000
2018-08-22,2859.5000,2868.2500,2856.2500,2862.7500,682873,390,09:30,15:59,Wednesday,False,False,0.1137
2018-08-23,2859.7500,2869.7500,2854.7500,2858.0000,860179,390,09:30,15:59,Thursday,False,False,-0.0612
2018-08-24,2864.7500,2877.2500,2864.0000,2875.5000,802591,390,09:30,15:59,Friday,False,False,0.3753
2018-08-27,2888.5000,2899.2500,2887.0000,2897.7500,729301,390,09:30,15:59,Monday,False,False,0.3202
2018-08-28,2903.2500,2904.5000,2894.2500,2899.2500,699586,390,09:30,15:59,Tuesday,False,False,-0.1378
2018-08-29,2901.7500,2917.5000,2898.7500,2914.5000,863337,390,09:30,15:59,Wednesday,False,False,0.4394
2018-08-30,2909.0000,2913.0000,2895.5000,2901.5000,1071520,390,09:30,15:59,Thursday,False,False,-0.2578
2018-08-31,2897.5000,2907.5000,2891.7500,2901.2500,1000668,390,09:30,15:59,Friday,False,False,0.1294
2018-09-03,2908.2500,2910.5000,2907.0000,2908.2500,27982,209,09:30,13:00,Monday,True,False,0.0000
2018-09-04,2897.5000,2901.0000,2885.5000,2897.2500,1172179,390,09:30,15:59,Tuesday,False,False,-0.0086
2018-09-05,2893.0000,2895.0000,2877.5000,2889.2500,1273655,390,09:30,15:59,Wednesday,False,False,-0.1296
2018-09-06,2889.7500,2893.0000,2868.0000,2880.0000,1324613,390,09:30,15:59,Thursday,False,False,-0.3374
2018-09-07,2867.5000,2885.0000,2865.0000,2873.7500,1283865,390,09:30,15:59,Friday,False,False,0.2180
2018-09-10,2885.2500,2888.2500,2876.5000,2878.7500,953870,390,09:30,15:59,Monday,False,False,-0.2253
2018-09-11,2871.2500,2893.0000,2867.2500,2889.0000,925199,390,09:30,15:59,Tuesday,False,False,0.6182
2018-09-12,2888.0000,2895.2500,2879.5000,2888.7500,1211039,390,09:30,15:59,Wednesday,False,False,0.0260
2018-09-13,2899.7500,2907.0000,2896.5000,2905.2500,931429,390,09:30,15:59,Thursday,False,False,0.1897
2018-09-14,2907.0000,2909.5000,2896.7500,2905.7500,480343,390,09:30,15:59,Friday,False,False,-0.0430
2018-09-17,2909.5000,2910.2500,2892.2500,2895.0000,832218,390,09:30,15:59,Monday,False,False,-0.4984
2018-09-18,2897.7500,2917.7500,2897.2500,2911.2500,889446,390,09:30,15:59,Tuesday,False,False,0.4659
2018-09-19,2911.5000,2918.7500,2910.0000,2914.2500,788858,390,09:30,15:59,Wednesday,False,False,0.0945
2018-09-20,2927.7500,2940.7500,2926.2500,2936.7500,995514,390,09:30,15:59,Thursday,False,False,0.3074
2018-09-21,2945.2500,2946.5000,2932.5000,2934.5000,1061600,390,09:30,15:59,Friday,False,False,-0.3650
2018-09-24,2927.5000,2929.0000,2917.7500,2924.5000,909763,390,09:30,15:59,Monday,False,False,-0.1025
2018-09-25,2929.0000,2930.2500,2918.2500,2920.7500,832125,390,09:30,15:59,Tuesday,False,False,-0.2817
2018-09-26,2922.2500,2936.0000,2907.5000,2912.0000,1051575,390,09:30,15:59,Wednesday,False,False,-0.3508
2018-09-27,2917.5000,2932.0000,2914.0000,2919.7500,928404,390,09:30,15:59,Thursday,False,False,0.0771
2018-09-28,2912.5000,2925.5000,2912.0000,2919.0000,1033214,390,09:30,15:59,Friday,False,False,0.2232
2018-10-01,2933.7500,2942.0000,2922.5000,2929.2500,938418,390,09:30,15:59,Monday,False,False,-0.1534
2018-10-02,2928.0000,2936.0000,2924.0000,2928.2500,875923,390,09:30,15:59,Tuesday,False,False,0.0085
2018-10-03,2939.5000,2944.7500,2925.5000,2930.2500,1004741,390,09:30,15:59,Wednesday,False,False,-0.3147
2018-10-04,2923.7500,2924.0000,2887.7500,2906.2500,1764819,390,09:30,15:59,Thursday,False,False,-0.5985
2018-10-05,2908.0000,2914.0000,2873.2500,2890.2500,1815339,390,09:30,15:59,Friday,False,False,-0.6104
2018-10-08,2881.2500,2893.7500,2866.0000,2889.7500,1426206,390,09:30,15:59,Monday,False,False,0.2950
2018-10-09,2885.5000,2900.0000,2879.0000,2885.7500,1411517,390,09:30,15:59,Tuesday,False,False,0.0087
2018-10-10,2879.5000,2880.0000,2789.5000,2792.5000,2927047,390,09:30,15:59,Wednesday,False,False,-3.0214
2018-10-11,2780.7500,2798.7500,2712.2500,2731.7500,2943004,390,09:30,15:59,Thursday,False,False,-1.7621
2018-10-12,2776.2500,2779.2500,2732.2500,2768.7500,2129598,390,09:30,15:59,Friday,False,False,-0.2701
2018-10-15,2763.2500,2778.7500,2751.2500,2753.0000,1286753,390,09:30,15:59,Monday,False,False,-0.3709
2018-10-16,2773.7500,2816.2500,2768.5000,2811.0000,1308706,390,09:30,15:59,Tuesday,False,False,1.3429
2018-10-17,2812.2500,2819.2500,2783.2500,2812.2500,1548627,390,09:30,15:59,Wednesday,False,False,0.0000
2018-10-18,2801.2500,2808.0000,2756.5000,2772.0000,1870325,390,09:30,15:59,Thursday,False,False,-1.0442
2018-10-19,2778.2500,2800.5000,2762.2500,2769.0000,1518229,390,09:30,15:59,Friday,False,False,-0.3329
2018-10-22,2777.0000,2780.5000,2751.0000,2757.5000,1258428,390,09:30,15:59,Monday,False,False,-0.7022
2018-10-23,2715.5000,2754.7500,2692.2500,2741.5000,2163579,390,09:30,15:59,Tuesday,False,False,0.9575
2018-10-24,2739.0000,2743.5000,2652.2500,2657.7500,2211479,390,09:30,15:59,Wednesday,False,False,-2.9664
2018-10-25,2679.2500,2723.7500,2667.5000,2706.7500,1822014,390,09:30,15:59,Thursday,False,False,1.0264
2018-10-26,2663.7500,2692.7500,2627.2500,2657.2500,2687797,390,09:30,15:59,Friday,False,False,-0.2440
2018-10-29,2692.2500,2707.0000,2603.0000,2643.0000,2256214,390,09:30,15:59,Monday,False,False,-1.8293
2018-10-30,2641.2500,2686.5000,2635.7500,2683.2500,1953342,390,09:30,15:59,Tuesday,False,False,1.5902
2018-10-31,2711.7500,2737.2500,2706.2500,2711.7500,1867589,390,09:30,15:59,Wednesday,False,False,0.0000
2018-11-01,2720.5000,2741.2500,2707.7500,2738.7500,1412358,390,09:30,15:59,Thursday,False,False,0.6708
2018-11-02,2751.2500,2756.5000,2699.5000,2721.7500,1772210,390,09:30,15:59,Friday,False,False,-1.0722
2018-11-05,2727.7500,2743.7500,2717.0000,2738.0000,1024895,390,09:30,15:59,Monday,False,False,0.3758
2018-11-06,2736.7500,2756.5000,2735.7500,2754.5000,993029,390,09:30,15:59,Tuesday,False,False,0.6486
2018-11-07,2779.2500,2815.0000,2774.2500,2813.2500,1272050,390,09:30,15:59,Wednesday,False,False,1.2234
2018-11-08,2804.5000,2815.2500,2795.0000,2807.5000,982415,390,09:30,15:59,Thursday,False,False,0.1070
2018-11-09,2793.0000,2795.2500,2764.5000,2781.0000,1355631,390,09:30,15:59,Friday,False,False,-0.4296
2018-11-12,2774.2500,2777.5000,2722.2500,2727.7500,1561960,390,09:30,15:59,Monday,False,False,-1.6761
2018-11-13,2733.2500,2755.7500,2714.5000,2722.5000,1669905,390,09:30,15:59,Tuesday,False,False,-0.3933
2018-11-14,2744.0000,2748.2500,2686.2500,2703.5000,1807744,390,09:30,15:59,Wednesday,False,False,-1.4759
2018-11-15,2689.0000,2736.7500,2671.2500,2731.7500,1903791,390,09:30,15:59,Thursday,False,False,1.5898
2018-11-16,2719.0000,2748.7500,2713.2500,2738.0000,1428947,390,09:30,15:59,Friday,False,False,0.6988
2018-11-19,2731.2500,2734.7500,2681.5000,2692.5000,1649483,390,09:30,15:59,Monday,False,False,-1.4188
2018-11-20,2654.2500,2670.7500,2631.7500,2642.5000,2007243,390,09:30,15:59,Tuesday,False,False,-0.4427
2018-11-21,2658.2500,2671.2500,2649.7500,2650.5000,1008858,390,09:30,15:59,Wednesday,False,False,-0.2915
2018-11-22,2642.5000,2643.7500,2627.0000,2632.7500,64538,210,09:30,12:59,Thursday,True,False,-0.3690
2018-11-23,2631.0000,2647.5000,2628.5000,2628.5000,499217,225,09:30,13:14,Friday,True,False,-0.0950
2018-11-26,2657.2500,2674.5000,2652.5000,2673.7500,1020665,390,09:30,15:59,Monday,False,False,0.6209
2018-11-27,2662.2500,2683.0000,2655.2500,2682.5000,1136467,390,09:30,15:59,Tuesday,False,False,0.7606
2018-11-28,2695.2500,2745.0000,2684.2500,2744.5000,1511988,390,09:30,15:59,Wednesday,False,False,1.8273
2018-11-29,2736.2500,2754.5000,2723.2500,2738.7500,1188671,390,09:30,15:59,Thursday,False,False,0.0914
2018-11-30,2736.7500,2761.5000,2733.2500,2756.5000,1101526,390,09:30,15:59,Friday,False,False,0.7217
2018-12-03,2801.2500,2802.5000,2773.5000,2790.7500,1403513,390,09:30,15:59,Monday,False,False,-0.3748
2018-12-04,2782.2500,2787.2500,2697.2500,2703.5000,2250878,390,09:30,15:59,Tuesday,False,False,-2.8304
2018-12-06,2656.7500,2697.2500,2621.2500,2696.7500,2539204,390,09:30,15:59,Thursday,False,False,1.5056
2018-12-07,2691.7500,2709.7500,2623.2500,2633.5000,2085306,390,09:30,15:59,Friday,False,False,-2.1640
2018-12-10,2630.7500,2648.5000,2583.0000,2637.5000,2076631,390,09:30,15:59,Monday,False,False,0.2566
2018-12-11,2673.2500,2675.5000,2621.2500,2637.7500,1770159,390,09:30,15:59,Tuesday,False,False,-1.3280
2018-12-12,2671.5000,2686.5000,2650.2500,2651.5000,1338441,390,09:30,15:59,Wednesday,False,False,-0.7486
2018-12-13,2661.2500,2671.0000,2637.2500,2649.5000,1341498,390,09:30,15:59,Thursday,False,False,-0.4415
2018-12-14,2625.2500,2636.5000,2594.0000,2600.7500,702783,390,09:30,15:59,Friday,False,False,-0.9332
2018-12-17,2593.0000,2605.5000,2533.5000,2551.5000,1868061,390,09:30,15:59,Monday,False,False,-1.6005
2018-12-18,2570.0000,2577.7500,2531.0000,2548.7500,1616170,390,09:30,15:59,Tuesday,False,False,-0.8268
2018-12-19,2549.2500,2592.0000,2489.5000,2506.2500,2114252,390,09:30,15:59,Wednesday,False,False,-1.6868
2018-12-20,2494.2500,2512.0000,2441.5000,2466.0000,2751076,390,09:30,15:59,Thursday,False,False,-1.1326
2018-12-21,2476.5000,2508.0000,2409.2500,2415.2500,2307770,390,09:30,15:59,Friday,False,False,-2.4732
2018-12-24,2400.2500,2412.5000,2340.5000,2342.2500,972705,225,09:30,13:14,Monday,True,False,-2.4164
2018-12-26,2368.2500,2468.5000,2345.5000,2468.2500,1495739,390,09:30,15:59,Wednesday,False,False,4.2225
2018-12-27,2433.2500,2491.2500,2397.0000,2491.0000,1678221,390,09:30,15:59,Thursday,False,False,2.3734
2018-12-28,2504.2500,2523.0000,2472.7500,2486.2500,1548552,390,09:30,15:59,Friday,False,False,-0.7188
2018-12-31,2503.5000,2510.0000,2482.7500,2509.5000,1091852,390,09:30,15:59,Monday,False,False,0.2397
2019-01-02,2468.0000,2520.5000,2467.0000,2511.0000,1506504,390,09:30,15:59,Wednesday,False,False,1.7423
2019-01-03,2490.5000,2493.5000,2443.2500,2448.2500,1807593,390,09:30,15:59,Thursday,False,False,-1.6964
2019-01-04,2483.0000,2539.2500,2478.7500,2532.7500,1767426,390,09:30,15:59,Friday,False,False,2.0036
2019-01-07,2534.5000,2567.5000,2524.5000,2550.5000,1235960,390,09:30,15:59,Monday,False,False,0.6313
2019-01-08,2576.0000,2581.2500,2547.5000,2574.5000,1311618,390,09:30,15:59,Tuesday,False,False,-0.0582
2019-01-09,2583.0000,2596.7500,2569.0000,2586.2500,1249309,390,09:30,15:59,Wednesday,False,False,0.1258
2019-01-10,2569.7500,2598.7500,2562.0000,2596.7500,1176761,390,09:30,15:59,Thursday,False,False,1.0507
2019-01-11,2583.7500,2596.7500,2577.0000,2596.2500,888104,390,09:30,15:59,Friday,False,False,0.4838
2019-01-14,2575.5000,2589.7500,2570.7500,2581.2500,858131,390,09:30,15:59,Monday,False,False,0.2233
2019-01-15,2584.7500,2613.7500,2584.2500,2610.5000,1172383,390,09:30,15:59,Tuesday,False,False,0.9962
2019-01-16,2614.7500,2626.2500,2612.5000,2616.5000,1004954,390,09:30,15:59,Wednesday,False,False,0.0669
2019-01-17,2605.7500,2645.5000,2605.5000,2636.0000,1165498,390,09:30,15:59,Thursday,False,False,1.1609
2019-01-18,2656.0000,2676.5000,2647.0000,2670.5000,1321114,390,09:30,15:59,Friday,False,False,0.5459
2019-01-21,2662.7500,2664.7500,2655.7500,2663.2500,51273,210,09:30,12:59,Monday,True,False,0.0188
2019-01-22,2654.2500,2656.5000,2616.5000,2636.0000,1393550,390,09:30,15:59,Tuesday,False,False,-0.6876
2019-01-23,2646.2500,2653.7500,2612.5000,2639.2500,1273649,390,09:30,15:59,Wednesday,False,False,-0.2645
2019-01-24,2637.5000,2647.5000,2626.0000,2641.5000,932224,390,09:30,15:59,Thursday,False,False,0.1517
2019-01-25,2661.2500,2672.5000,2656.5000,2663.2500,1028824,390,09:30,15:59,Friday,False,False,0.0752
2019-01-28,2638.5000,2643.2500,2622.2500,2642.7500,1092496,390,09:30,15:59,Monday,False,False,0.1611
2019-01-29,2643.5000,2650.0000,2629.2500,2638.7500,923191,390,09:30,15:59,Tuesday,False,False,-0.1797
2019-01-30,2655.2500,2689.7500,2646.5000,2680.2500,1219323,390,09:30,15:59,Wednesday,False,False,0.9415
2019-01-31,2679.0000,2708.0000,2676.5000,2702.7500,1445147,390,09:30,15:59,Thursday,False,False,0.8865
2019-02-01,2705.0000,2716.0000,2695.5000,2704.5000,1097175,390,09:30,15:59,Friday,False,False,-0.0185
2019-02-04,2704.7500,2724.0000,2697.0000,2723.7500,785131,390,09:30,15:59,Monday,False,False,0.7025
2019-02-05,2728.0000,2737.7500,2722.2500,2735.0000,982670,390,09:30,15:59,Tuesday,False,False,0.2566
2019-02-06,2731.2500,2736.5000,2722.2500,2731.0000,946825,390,09:30,15:59,Wednesday,False,False,-0.0092
2019-02-07,2711.7500,2718.5000,2685.5000,2704.5000,1586270,390,09:30,15:59,Thursday,False,False,-0.2674
2019-02-08,2690.0000,2707.7500,2680.7500,2707.5000,1189200,390,09:30,15:59,Friday,False,False,0.6506
2019-02-11,2714.5000,2717.5000,2702.7500,2708.7500,849619,390,09:30,15:59,Monday,False,False,-0.2118
2019-02-12,2726.7500,2748.0000,2726.0000,2744.0000,983516,390,09:30,15:59,Tuesday,False,False,0.6326
2019-02-13,2753.0000,2762.0000,2748.0000,2752.0000,908260,390,09:30,15:59,Wednesday,False,False,-0.0363
2019-02-14,2739.5000,2758.2500,2730.2500,2745.5000,1289924,390,09:30,15:59,Thursday,False,False,0.2190
2019-02-15,2765.0000,2775.7500,2763.0000,2775.7500,1062795,390,09:30,15:59,Friday,False,False,0.3888
2019-02-18,2776.7500,2778.7500,2774.2500,2778.2500,36915,210,09:30,12:59,Monday,True,False,0.0540
2019-02-19,2766.2500,2787.5000,2766.0000,2780.2500,779552,390,09:30,15:59,Tuesday,False,False,0.5061
2019-02-20,2779.5000,2790.7500,2773.7500,2786.0000,1030715,390,09:30,15:59,Wednesday,False,False,0.2339
2019-02-21,2777.7500,2781.7500,2764.2500,2775.2500,1067057,390,09:30,15:59,Thursday,False,False,-0.0900
2019-02-22,2781.7500,2794.5000,2778.7500,2792.2500,900575,390,09:30,15:59,Friday,False,False,0.3775
2019-02-25,2807.7500,2814.0000,2795.0000,2796.5000,942103,390,09:30,15:59,Monday,False,False,-0.4007
2019-02-26,2791.5000,2803.5000,2789.5000,2793.7500,890223,390,09:30,15:59,Tuesday,False,False,0.0806
2019-02-27,2785.5000,2796.2500,2775.0000,2792.7500,904771,390,09:30,15:59,Wednesday,False,False,0.2603
2019-02-28,2789.2500,2794.2500,2782.7500,2785.0000,984211,390,09:30,15:59,Thursday,False,False,-0.1524
2019-03-01,2803.7500,2808.2500,2787.5000,2804.5000,972716,390,09:30,15:59,Friday,False,False,0.0267
2019-03-04,2815.5000,2818.0000,2767.5000,2793.2500,1502954,390,09:30,15:59,Monday,False,False,-0.7903
2019-03-05,2794.7500,2796.7500,2783.2500,2790.0000,924762,390,09:30,15:59,Tuesday,False,False,-0.1700
2019-03-06,2790.5000,2790.7500,2768.5000,2772.0000,1122584,390,09:30,15:59,Wednesday,False,False,-0.6630
2019-03-07,2766.2500,2767.7500,2738.5000,2749.0000,1279796,390,09:30,15:59,Thursday,False,False,-0.6236
2019-03-08,2727.2500,2744.5000,2722.0000,2743.2500,593517,390,09:30,15:59,Friday,False,False,0.5867
2019-03-11,2755.2500,2789.2500,2755.0000,2788.0000,829486,390,09:30,15:59,Monday,False,False,1.1886
2019-03-12,2793.5000,2803.2500,2791.0000,2797.2500,902098,390,09:30,15:59,Tuesday,False,False,0.1342
2019-03-13,2807.5000,2826.5000,2805.5000,2816.2500,1034788,390,09:30,15:59,Wednesday,False,False,0.3117
2019-03-14,2815.5000,2820.7500,2808.5000,2814.0000,812016,390,09:30,15:59,Thursday,False,False,-0.0533
2019-03-15,2819.2500,2836.5000,2817.2500,2828.2500,1006174,390,09:30,15:59,Friday,False,False,0.3192
2019-03-18,2830.0000,2841.0000,2827.5000,2838.5000,827114,390,09:30,15:59,Monday,False,False,0.3004
2019-03-19,2849.7500,2858.7500,2829.0000,2840.0000,1239406,390,09:30,15:59,Tuesday,False,False,-0.3421
2019-03-20,2836.5000,2849.2500,2817.2500,2829.5000,1395976,390,09:30,15:59,Wednesday,False,False,-0.2468
2019-03-21,2820.2500,2866.0000,2819.7500,2861.0000,1335003,390,09:30,15:59,Thursday,False,False,1.4449
2019-03-22,2845.5000,2851.7500,2805.2500,2806.0000,1820182,390,09:30,15:59,Friday,False,False,-1.3882
2019-03-25,2801.7500,2815.2500,2789.5000,2803.5000,1397830,390,09:30,15:59,Monday,False,False,0.0625
2019-03-26,2822.7500,2835.0000,2808.5000,2823.2500,1152106,390,09:30,15:59,Tuesday,False,False,0.0177
2019-03-27,2824.2500,2830.5000,2791.7500,2810.0000,1396383,390,09:30,15:59,Wednesday,False,False,-0.5046
2019-03-28,2815.5000,2824.2500,2802.5000,2820.0000,876196,390,09:30,15:59,Thursday,False,False,0.1598
2019-03-29,2835.7500,2840.5000,2823.2500,2838.0000,1145557,390,09:30,15:59,Friday,False,False,0.0793
2019-04-01,2859.0000,2873.5000,2856.0000,2871.0000,921484,390,09:30,15:59,Monday,False,False,0.4197
2019-04-02,2871.7500,2873.7500,2862.2500,2871.5000,662055,390,09:30,15:59,Tuesday,False,False,-0.0087
2019-04-03,2884.7500,2889.2500,2869.0000,2876.5000,948561,390,09:30,15:59,Wednesday,False,False,-0.2860
2019-04-04,2878.7500,2885.7500,2871.0000,2883.0000,852665,390,09:30,15:59,Thursday,False,False,0.1476
2019-04-05,2890.0000,2897.2500,2886.7500,2896.2500,858636,390,09:30,15:59,Friday,False,False,0.2163
2019-04-08,2891.5000,2899.7500,2884.2500,2898.7500,775702,390,09:30,15:59,Monday,False,False,0.2507
2019-04-09,2887.2500,2891.0000,2877.2500,2883.7500,956304,390,09:30,15:59,Tuesday,False,False,-0.1212
2019-04-10,2887.7500,2894.2500,2883.2500,2893.5000,746888,390,09:30,15:59,Wednesday,False,False,0.1991
2019-04-11,2898.0000,2898.5000,2885.2500,2892.2500,744740,390,09:30,15:59,Thursday,False,False,-0.1984
2019-04-12,2910.0000,2914.7500,2902.5000,2912.0000,858481,390,09:30,15:59,Friday,False,False,0.0687
2019-04-15,2912.2500,2913.5000,2900.5000,2910.0000,748357,390,09:30,15:59,Monday,False,False,-0.0773
2019-04-16,2919.2500,2920.0000,2904.5000,2911.7500,832750,390,09:30,15:59,Tuesday,False,False,-0.2569
2019-04-17,2923.0000,2923.5000,2898.5000,2903.5000,1108400,390,09:30,15:59,Wednesday,False,False,-0.6671
2019-04-18,2909.5000,2911.5000,2895.0000,2908.5000,937785,390,09:30,15:59,Thursday,False,False,-0.0344
2019-04-22,2900.0000,2912.7500,2899.0000,2911.5000,523631,390,09:30,15:59,Monday,False,False,0.3966
2019-04-23,2915.2500,2939.7500,2912.2500,2936.7500,938080,390,09:30,15:59,Tuesday,False,False,0.7375
2019-04-24,2936.0000,2939.5000,2928.5000,2930.2500,829671,390,09:30,15:59,Wednesday,False,False,-0.1958
2019-04-25,2928.7500,2935.0000,2914.2500,2928.0000,1108206,390,09:30,15:59,Thursday,False,False,-0.0256
2019-04-26,2928.0000,2942.2500,2919.2500,2941.7500,910611,390,09:30,15:59,Friday,False,False,0.4696
2019-04-29,2942.0000,2951.5000,2941.0000,2945.0000,713727,390,09:30,15:59,Monday,False,False,0.1020
2019-04-30,2941.5000,2950.2500,2926.0000,2946.5000,1150912,390,09:30,15:59,Tuesday,False,False,0.1700
2019-05-01,2954.0000,2956.0000,2924.5000,2924.7500,1229042,390,09:30,15:59,Wednesday,False,False,-0.9902
2019-05-02,2922.7500,2932.7500,2901.0000,2918.7500,1506969,390,09:30,15:59,Thursday,False,False,-0.1369
2019-05-03,2933.7500,2949.0000,2931.2500,2945.7500,951546,390,09:30,15:59,Friday,False,False,0.4090
2019-05-06,2897.5000,2938.2500,2894.0000,2934.0000,1273416,390,09:30,15:59,Monday,False,False,1.2597
2019-05-07,2906.0000,2913.0000,2862.5000,2885.0000,2199707,390,09:30,15:59,Tuesday,False,False,-0.7226
2019-05-08,2879.7500,2898.7500,2873.0000,2880.2500,1376193,390,09:30,15:59,Wednesday,False,False,0.0174
2019-05-09,2856.2500,2877.0000,2836.2500,2871.0000,2129373,390,09:30,15:59,Thursday,False,False,0.5164
2019-05-10,2860.2500,2893.0000,2826.0000,2884.0000,2100916,390,09:30,15:59,Friday,False,False,0.8303
2019-05-13,2826.7500,2837.7500,2802.0000,2812.7500,2163851,390,09:30,15:59,Monday,False,False,-0.4953
2019-05-14,2822.7500,2853.7500,2821.0000,2835.7500,1284155,390,09:30,15:59,Tuesday,False,False,0.4605
2019-05-15,2818.2500,2860.0000,2815.7500,2853.0000,1201339,390,09:30,15:59,Wednesday,False,False,1.2330
2019-05-16,2859.7500,2894.0000,2859.2500,2878.0000,1238339,390,09:30,15:59,Thursday,False,False,0.6382
2019-05-17,2853.0000,2887.5000,2852.5000,2860.7500,1445240,390,09:30,15:59,Friday,False,False,0.2716
2019-05-20,2842.0000,2855.7500,2832.5000,2841.2500,1196527,390,09:30,15:59,Monday,False,False,-0.0264
2019-05-21,2859.2500,2870.7500,2856.5000,2866.2500,919284,390,09:30,15:59,Tuesday,False,False,0.2448
2019-05-22,2855.5000,2868.0000,2852.0000,2857.5000,897267,390,09:30,15:59,Wednesday,False,False,0.0700
2019-05-23,2832.0000,2832.2500,2805.7500,2822.7500,1523831,390,09:30,15:59,Thursday,False,False,-0.3266
2019-05-24,2837.5000,2842.0000,2820.7500,2828.0000,827649,390,09:30,15:59,Friday,False,False,-0.3348
2019-05-27,2829.0000,2832.2500,2827.5000,2831.7500,40947,210,09:30,12:59,Monday,True,False,0.0972
2019-05-28,2830.7500,2841.2500,2801.0000,2801.2500,1105530,390,09:30,15:59,Tuesday,False,False,-1.0421
2019-05-29,2788.5000,2792.7500,2766.2500,2782.7500,1624820,390,09:30,15:59,Wednesday,False,False,-0.2062
2019-05-30,2789.7500,2799.0000,2776.5000,2789.2500,990828,390,09:30,15:59,Thursday,False,False,-0.0179
2019-05-31,2760.5000,2769.5000,2750.5000,2752.0000,1508450,390,09:30,15:59,Friday,False,False,-0.3079
2019-06-03,2751.0000,2763.7500,2728.7500,2743.7500,1803795,390,09:30,15:59,Monday,False,False,-0.2635
2019-06-04,2769.2500,2805.0000,2764.0000,2803.2500,1351482,390,09:30,15:59,Tuesday,False,False,1.2278
2019-06-05,2821.2500,2828.0000,2801.0000,2827.2500,1239927,390,09:30,15:59,Wednesday,False,False,0.2127
2019-06-06,2830.7500,2853.0000,2823.2500,2845.0000,1148548,390,09:30,15:59,Thursday,False,False,0.5034
2019-06-07,2856.7500,2886.2500,2854.7500,2873.5000,1180137,390,09:30,15:59,Friday,False,False,0.5863
2019-06-10,2890.7500,2905.7500,2886.2500,2886.7500,1035957,390,09:30,15:59,Monday,False,False,-0.1384
2019-06-11,2907.0000,2911.5000,2879.2500,2886.2500,1037976,390,09:30,15:59,Tuesday,False,False,-0.7138
2019-06-12,2883.5000,2889.7500,2875.2500,2880.7500,815882,390,09:30,15:59,Wednesday,False,False,-0.0954
2019-06-13,2890.5000,2896.5000,2882.7500,2893.2500,796491,390,09:30,15:59,Thursday,False,False,0.0951
2019-06-14,2889.0000,2895.7500,2880.5000,2888.5000,430105,390,09:30,15:59,Friday,False,False,-0.0173
2019-06-17,2895.5000,2902.7500,2892.0000,2894.7500,637503,390,09:30,15:59,Monday,False,False,-0.0259
2019-06-18,2914.0000,2936.5000,2910.2500,2923.5000,1243006,390,09:30,15:59,Tuesday,False,False,0.3260
2019-06-19,2925.5000,2936.7500,2915.2500,2931.0000,1040332,390,09:30,15:59,Wednesday,False,False,0.1880
2019-06-20,2960.5000,2963.2500,2935.7500,2958.5000,1234232,390,09:30,15:59,Thursday,False,False,-0.0676
2019-06-21,2955.5000,2969.2500,2951.7500,2955.0000,1023434,390,09:30,15:59,Friday,False,False,-0.0169
2019-06-24,2956.2500,2960.0000,2948.7500,2951.0000,681841,390,09:30,15:59,Monday,False,False,-0.1776
2019-06-25,2951.0000,2951.2500,2920.0000,2922.0000,1118648,390,09:30,15:59,Tuesday,False,False,-0.9827
2019-06-26,2931.2500,2936.7500,2917.0000,2918.7500,859208,390,09:30,15:59,Wednesday,False,False,-0.4264
2019-06-27,2926.2500,2933.5000,2922.0000,2928.0000,704828,390,09:30,15:59,Thursday,False,False,0.0598
2019-06-28,2938.5000,2948.5000,2932.7500,2943.2500,932481,390,09:30,15:59,Friday,False,False,0.1616
2019-07-01,2979.2500,2981.7500,2955.5000,2968.2500,1057525,390,09:30,15:59,Monday,False,False,-0.3692
2019-07-02,2968.0000,2977.0000,2958.5000,2976.7500,851695,390,09:30,15:59,Tuesday,False,False,0.2948
2019-07-03,2983.2500,3001.5000,2981.5000,3001.0000,578144,225,09:30,13:14,Wednesday,True,False,0.5950
2019-07-04,3002.5000,3003.7500,3001.2500,3002.2500,25560,209,09:30,12:59,Thursday,True,False,-0.0083
2019-07-05,2985.7500,2997.7500,2971.2500,2995.0000,879992,390,09:30,15:59,Friday,False,False,0.3098
2019-07-08,2981.5000,2984.7500,2973.2500,2979.7500,736034,390,09:30,15:59,Monday,False,False,-0.0587
2019-07-09,2966.2500,2986.2500,2965.7500,2983.5000,667197,390,09:30,15:59,Tuesday,False,False,0.5815
2019-07-10,2994.5000,3007.5000,2988.5000,2996.7500,1053659,390,09:30,15:59,Wednesday,False,False,0.0751
2019-07-11,3003.5000,3006.2500,2992.5000,3003.5000,877541,390,09:30,15:59,Thursday,False,False,0.0000
2019-07-12,3009.0000,3018.0000,3005.5000,3017.0000,665179,390,09:30,15:59,Friday,False,False,0.2659
2019-07-15,3021.5000,3021.5000,3012.5000,3018.0000,584631,390,09:30,15:59,Monday,False,False,-0.1158
2019-07-16,3016.7500,3018.7500,3004.5000,3007.5000,720645,390,09:30,15:59,Tuesday,False,False,-0.3066
2019-07-17,3007.2500,3009.2500,2987.0000,2987.2500,766218,390,09:30,15:59,Wednesday,False,False,-0.6651
2019-07-18,2980.7500,3001.5000,2975.7500,2997.5000,981984,390,09:30,15:59,Thursday,False,False,0.5619
2019-07-19,3009.2500,3009.7500,2977.7500,2979.7500,1051668,390,09:30,15:59,Friday,False,False,-0.9803
2019-07-22,2984.5000,2993.5000,2978.5000,2987.7500,779946,390,09:30,15:59,Monday,False,False,0.1089
2019-07-23,3000.0000,3008.2500,2990.2500,3007.5000,784163,390,09:30,15:59,Tuesday,False,False,0.2500
2019-07-24,2999.5000,3022.0000,2998.7500,3021.5000,758337,390,09:30,15:59,Wednesday,False,False,0.7335
2019-07-25,3017.0000,3017.7500,2998.0000,3006.7500,989242,390,09:30,15:59,Thursday,False,False,-0.3397
2019-07-26,3014.7500,3029.5000,3013.2500,3026.7500,671943,390,09:30,15:59,Friday,False,False,0.3980
2019-07-29,3026.0000,3026.2500,3015.5000,3021.5000,622616,390,09:30,15:59,Monday,False,False,-0.1487
2019-07-30,3005.7500,3018.2500,3001.5000,3014.7500,838515,390,09:30,15:59,Tuesday,False,False,0.2994
2019-07-31,3016.2500,3018.5000,2958.0000,2979.5000,1547323,390,09:30,15:59,Wednesday,False,False,-1.2184
2019-08-01,2981.2500,3014.2500,2944.5000,2954.0000,2220719,390,09:30,15:59,Thursday,False,False,-0.9140
2019-08-02,2943.5000,2946.0000,2913.5000,2932.0000,1674919,390,09:30,15:59,Friday,False,False,-0.3907
2019-08-05,2885.0000,2886.2500,2820.5000,2844.2500,2205839,390,09:30,15:59,Monday,False,False,-1.4125
2019-08-06,2862.7500,2883.7500,2846.0000,2881.5000,1581226,390,09:30,15:59,Tuesday,False,False,0.6550
2019-08-07,2847.2500,2891.5000,2823.2500,2883.2500,1910562,390,09:30,15:59,Wednesday,False,False,1.2644
2019-08-08,2898.5000,2939.0000,2892.5000,2939.0000,1270492,390,09:30,15:59,Thursday,False,False,1.3973
2019-08-09,2928.7500,2935.5000,2899.0000,2918.5000,1548417,390,09:30,15:59,Friday,False,False,-0.3500
2019-08-12,2902.0000,2908.2500,2872.5000,2883.5000,1241837,390,09:30,15:59,Monday,False,False,-0.6375
2019-08-13,2879.7500,2944.2500,2875.7500,2927.2500,1661463,390,09:30,15:59,Tuesday,False,False,1.6494
2019-08-14,2882.5000,2889.7500,2839.2500,2841.2500,2046236,390,09:30,15:59,Wednesday,False,False,-1.4310
2019-08-15,2850.2500,2857.7500,2825.0000,2848.0000,1506548,390,09:30,15:59,Thursday,False,False,-0.0789
2019-08-16,2865.7500,2894.7500,2865.0000,2890.0000,1059655,390,09:30,15:59,Friday,False,False,0.8462
2019-08-19,2923.5000,2932.2500,2915.5000,2924.5000,844915,390,09:30,15:59,Monday,False,False,0.0342
2019-08-20,2918.7500,2924.5000,2900.2500,2901.0000,1073200,390,09:30,15:59,Tuesday,False,False,-0.6081
2019-08-21,2925.5000,2929.5000,2918.0000,2924.7500,803973,390,09:30,15:59,Wednesday,False,False,-0.0256
2019-08-22,2932.5000,2939.7500,2904.2500,2923.2500,1061781,390,09:30,15:59,Thursday,False,False,-0.3154
2019-08-23,2909.5000,2927.7500,2834.0000,2847.7500,2146832,390,09:30,15:59,Friday,False,False,-2.1224
2019-08-26,2872.5000,2880.0000,2855.2500,2879.5000,1018335,390,09:30,15:59,Monday,False,False,0.2437
2019-08-27,2895.2500,2899.5000,2860.0000,2868.0000,1095717,390,09:30,15:59,Tuesday,False,False,-0.9412
2019-08-28,2860.7500,2890.5000,2851.7500,2888.2500,987964,390,09:30,15:59,Wednesday,False,False,0.9613
2019-08-29,2916.5000,2930.7500,2905.2500,2924.7500,968871,390,09:30,15:59,Thursday,False,False,0.2829
2019-08-30,2941.5000,2941.7500,2913.2500,2923.2500,1161017,390,09:30,15:59,Friday,False,False,-0.6204
2019-09-02,2917.5000,2918.5000,2889.0000,2898.7500,99413,210,09:30,12:59,Monday,True,False,-0.6427
2019-09-03,2904.0000,2914.5000,2891.0000,2906.2500,1192449,390,09:30,15:59,Tuesday,False,False,0.0775
2019-09-04,2930.0000,2939.0000,2921.5000,2938.2500,792415,390,09:30,15:59,Wednesday,False,False,0.2816
2019-09-05,2966.0000,2986.5000,2964.5000,2976.2500,1116330,390,09:30,15:59,Thursday,False,False,0.3456
2019-09-06,2980.0000,2985.7500,2972.2500,2978.7500,773906,390,09:30,15:59,Friday,False,False,-0.0419
2019-09-09,2989.5000,2990.2500,2969.5000,2979.2500,916633,390,09:30,15:59,Monday,False,False,-0.3429
2019-09-10,2971.2500,2979.7500,2957.2500,2979.5000,1088860,390,09:30,15:59,Tuesday,False,False,0.2777
2019-09-11,2982.0000,3001.0000,2974.7500,3000.5000,962750,390,09:30,15:59,Wednesday,False,False,0.6204
2019-09-12,3009.5000,3021.7500,3001.0000,3009.7500,1072254,390,09:30,15:59,Thursday,False,False,0.0083
2019-09-13,3014.7500,3018.7500,3003.5000,3007.5000,468599,390,09:30,15:59,Friday,False,False,-0.2405
2019-09-16,2997.2500,3005.2500,2993.2500,3000.2500,643845,390,09:30,15:59,Monday,False,False,0.1001
2019-09-17,2998.2500,3009.0000,2996.5000,3008.0000,625004,390,09:30,15:59,Tuesday,False,False,0.3252
2019-09-18,3003.5000,3010.7500,2980.7500,3009.5000,1038943,390,09:30,15:59,Wednesday,False,False,0.1998
2019-09-19,3013.5000,3024.5000,3004.7500,3008.2500,842843,390,09:30,15:59,Thursday,False,False,-0.1742
2019-09-20,3015.0000,3018.0000,2985.2500,2992.2500,1070553,390,09:30,15:59,Friday,False,False,-0.7546
2019-09-23,2986.2500,3000.7500,2983.5000,2993.5000,713672,390,09:30,15:59,Monday,False,False,0.2428
2019-09-24,3005.0000,3009.2500,2958.5000,2968.7500,1636920,390,09:30,15:59,Tuesday,False,False,-1.2063
2019-09-25,2969.7500,2991.7500,2953.7500,2986.5000,1100921,390,09:30,15:59,Wednesday,False,False,0.5640
2019-09-26,2986.5000,2988.5000,2964.2500,2979.7500,1055023,390,09:30,15:59,Thursday,False,False,-0.2260
2019-09-27,2988.2500,2989.5000,2946.2500,2962.7500,1339623,390,09:30,15:59,Friday,False,False,-0.8533
2019-09-30,2969.0000,2985.0000,2968.2500,2977.7500,792449,390,09:30,15:59,Monday,False,False,0.2947
2019-10-01,2986.7500,2994.0000,2938.5000,2940.5000,1311584,390,09:30,15:59,Tuesday,False,False,-1.5485
2019-10-02,2923.2500,2923.7500,2874.0000,2888.0000,1636165,390,09:30,15:59,Wednesday,False,False,-1.2058
2019-10-03,2885.2500,2911.2500,2855.0000,2911.0000,1589926,390,09:30,15:59,Thursday,False,False,0.8925
2019-10-04,2918.5000,2953.2500,2917.5000,2950.7500,1013270,390,09:30,15:59,Friday,False,False,1.1050
2019-10-07,2941.5000,2959.5000,2934.2500,2937.7500,963725,390,09:30,15:59,Monday,False,False,-0.1275
2019-10-08,2916.2500,2924.7500,2890.7500,2891.7500,1383451,390,09:30,15:59,Tuesday,False,False,-0.8401
2019-10-09,2913.7500,2929.5000,2906.5000,2918.5000,840787,390,09:30,15:59,Wednesday,False,False,0.1630
2019-10-10,2917.5000,2948.2500,2915.7500,2938.7500,979241,390,09:30,15:59,Thursday,False,False,0.7284
2019-10-11,2968.7500,2994.0000,2967.5000,2968.5000,1261255,390,09:30,15:59,Friday,False,False,-0.0084
2019-10-14,2965.0000,2972.5000,2961.5000,2965.7500,496514,390,09:30,15:59,Monday,False,False,0.0253
2019-10-15,2976.7500,3003.2500,2975.5000,2995.5000,852958,390,09:30,15:59,Tuesday,False,False,0.6299
2019-10-16,2989.5000,2997.5000,2984.7500,2990.5000,763478,390,09:30,15:59,Wednesday,False,False,0.0335
2019-10-17,3002.2500,3008.0000,2990.5000,2997.7500,756005,390,09:30,15:59,Thursday,False,False,-0.1499
2019-10-18,2991.7500,2999.0000,2975.0000,2985.0000,983972,390,09:30,15:59,Friday,False,False,-0.2256
2019-10-21,2999.5000,3007.5000,2994.5000,3005.7500,627391,390,09:30,15:59,Monday,False,False,0.2084
2019-10-22,3011.0000,3014.0000,2994.2500,2995.2500,850559,390,09:30,15:59,Tuesday,False,False,-0.5231
2019-10-23,2992.0000,3004.5000,2989.7500,3003.5000,712234,390,09:30,15:59,Wednesday,False,False,0.3844
2019-10-24,3013.7500,3015.2500,2998.7500,3008.5000,801833,390,09:30,15:59,Thursday,False,False,-0.1742
2019-10-25,3001.5000,3026.5000,3001.2500,3021.0000,856333,390,09:30,15:59,Friday,False,False,0.6497
2019-10-28,3033.2500,3042.7500,3033.2500,3037.7500,784385,390,09:30,15:59,Monday,False,False,0.1484
2019-10-29,3034.0000,3046.2500,3032.2500,3035.7500,809275,390,09:30,15:59,Tuesday,False,False,0.0577
2019-10-30,3038.0000,3049.0000,3023.2500,3045.0000,939492,390,09:30,15:59,Wednesday,False,False,0.2304
2019-10-31,3044.0000,3044.5000,3020.2500,3036.0000,1300364,390,09:30,15:59,Thursday,False,False,-0.2628
2019-11-01,3051.7500,3065.0000,3050.2500,3064.7500,928002,390,09:30,15:59,Friday,False,False,0.4260
2019-11-04,3081.5000,3083.0000,3072.5000,3076.5000,850352,390,09:30,15:59,Monday,False,False,-0.1623
2019-11-05,3079.0000,3082.0000,3069.7500,3072.7500,843619,390,09:30,15:59,Tuesday,False,False,-0.2030
2019-11-06,3073.2500,3077.0000,3063.0000,3074.0000,832020,390,09:30,15:59,Wednesday,False,False,0.0244
2019-11-07,3088.0000,3097.0000,3078.7500,3084.5000,1015552,390,09:30,15:59,Thursday,False,False,-0.1133
2019-11-08,3080.0000,3092.0000,3072.5000,3092.0000,768951,390,09:30,15:59,Friday,False,False,0.3896
2019-11-11,3076.0000,3087.2500,3074.5000,3085.7500,560929,390,09:30,15:59,Monday,False,False,0.3170
2019-11-12,3089.2500,3102.0000,3083.0000,3091.2500,867900,390,09:30,15:59,Tuesday,False,False,0.0647
2019-11-13,3080.5000,3097.0000,3078.0000,3092.5000,941127,390,09:30,15:59,Wednesday,False,False,0.3895
2019-11-14,3088.5000,3097.2500,3081.7500,3096.2500,784037,390,09:30,15:59,Thursday,False,False,0.2509
2019-11-15,3110.7500,3119.2500,3103.2500,3119.2500,832201,390,09:30,15:59,Friday,False,False,0.2732
2019-11-18,3116.0000,3123.5000,3111.0000,3121.0000,690115,390,09:30,15:59,Monday,False,False,0.1605
2019-11-19,3127.5000,3128.0000,3112.7500,3119.5000,877776,390,09:30,15:59,Tuesday,False,False,-0.2558
2019-11-20,3113.2500,3118.5000,3090.7500,3108.2500,1251366,390,09:30,15:59,Wednesday,False,False,-0.1606
2019-11-21,3108.5000,3109.7500,3093.5000,3102.7500,915335,390,09:30,15:59,Thursday,False,False,-0.1850
2019-11-22,3110.5000,3111.7500,3097.7500,3109.7500,661409,390,09:30,15:59,Friday,False,False,-0.0241
2019-11-25,3119.5000,3133.5000,3119.2500,3133.2500,658350,390,09:30,15:59,Monday,False,False,0.4408
2019-11-26,3133.7500,3142.0000,3129.7500,3139.5000,731986,390,09:30,15:59,Tuesday,False,False,0.1835
2019-11-27,3145.0000,3153.7500,3142.2500,3153.2500,656144,390,09:30,15:59,Wednesday,False,False,0.2623
2019-11-28,3148.5000,3151.0000,3147.5000,3150.2500,23811,210,09:30,12:59,Thursday,True,False,0.0556
2019-11-29,3147.5000,3150.2500,3139.5000,3143.7500,558645,225,09:30,13:14,Friday,True,False,-0.1191
2019-12-02,3144.7500,3145.2500,3110.2500,3114.5000,1519786,390,09:30,15:59,Monday,False,False,-0.9619
2019-12-03,3084.7500,3094.7500,3069.5000,3093.2500,1548253,390,09:30,15:59,Tuesday,False,False,0.2755
2019-12-04,3105.2500,3119.5000,3101.2500,3113.0000,876306,390,09:30,15:59,Wednesday,False,False,0.2496
2019-12-05,3120.2500,3120.2500,3103.2500,3118.0000,958387,390,09:30,15:59,Thursday,False,False,-0.0721
2019-12-06,3138.7500,3151.0000,3138.5000,3146.0000,871953,390,09:30,15:59,Friday,False,False,0.2310
2019-12-09,3142.0000,3149.5000,3135.5000,3136.5000,800251,390,09:30,15:59,Monday,False,False,-0.1750
2019-12-10,3136.0000,3143.0000,3125.5000,3132.7500,899607,390,09:30,15:59,Tuesday,False,False,-0.1036
2019-12-11,3137.7500,3144.5000,3133.5000,3141.7500,796661,390,09:30,15:59,Wednesday,False,False,0.1275
2019-12-12,3141.5000,3177.5000,3138.7500,3168.5000,1614829,390,09:30,15:59,Thursday,False,False,0.8595
2019-12-13,3165.5000,3184.0000,3156.7500,3169.7500,707665,390,09:30,15:59,Friday,False,False,0.1343
2019-12-16,3192.0000,3202.5000,3191.7500,3196.0000,740750,390,09:30,15:59,Monday,False,False,0.1253
2019-12-17,3200.0000,3203.5000,3194.5000,3195.5000,716093,390,09:30,15:59,Tuesday,False,False,-0.1406
2019-12-18,3200.0000,3203.0000,3195.5000,3196.7500,656695,390,09:30,15:59,Wednesday,False,False,-0.1016
2019-12-19,3198.0000,3211.0000,3197.5000,3210.2500,655540,390,09:30,15:59,Thursday,False,False,0.3831
2019-12-20,3221.2500,3229.5000,3219.2500,3224.0000,857176,390,09:30,15:59,Friday,False,False,0.0854
2019-12-23,3230.5000,3230.7500,3224.2500,3226.2500,447956,390,09:30,15:59,Monday,False,False,-0.1316
2019-12-24,3228.2500,3228.7500,3222.5000,3226.5000,233188,225,09:30,13:14,Tuesday,True,False,-0.0542
2019-12-26,3229.2500,3242.7500,3229.0000,3242.5000,343324,390,09:30,15:59,Thursday,False,False,0.4103
2019-12-27,3250.5000,3251.0000,3235.5000,3241.5000,741218,390,09:30,15:59,Friday,False,False,-0.2769
2019-12-30,3241.5000,3243.0000,3217.2500,3222.5000,915572,390,09:30,15:59,Monday,False,False,-0.5861
2019-12-31,3216.7500,3232.5000,3213.0000,3229.7500,899187,390,09:30,15:59,Tuesday,False,False,0.4041
2020-01-02,3246.5000,3258.7500,3235.5000,3258.5000,1082005,390,09:30,15:59,Thursday,False,False,0.3696
2020-01-03,3221.5000,3246.2500,3220.7500,3234.2500,1144729,390,09:30,15:59,Friday,False,False,0.3958
2020-01-06,3214.5000,3247.5000,3213.2500,3246.5000,1021281,390,09:30,15:59,Monday,False,False,0.9955
2020-01-07,3239.5000,3244.7500,3231.7500,3237.2500,868427,390,09:30,15:59,Tuesday,False,False,-0.0695
2020-01-08,3239.0000,3267.7500,3236.0000,3253.7500,1270526,390,09:30,15:59,Wednesday,False,False,0.4554
2020-01-09,3271.0000,3276.7500,3264.2500,3275.5000,951044,390,09:30,15:59,Thursday,False,False,0.1376
2020-01-10,3282.0000,3283.7500,3260.7500,3265.7500,1147346,390,09:30,15:59,Friday,False,False,-0.4951
2020-01-13,3273.0000,3288.7500,3268.0000,3288.5000,733234,390,09:30,15:59,Monday,False,False,0.4736
2020-01-14,3283.7500,3295.0000,3277.2500,3283.2500,1286390,390,09:30,15:59,Tuesday,False,False,-0.0152
2020-01-15,3282.2500,3299.0000,3281.2500,3291.0000,1143136,390,09:30,15:59,Wednesday,False,False,0.2666
2020-01-16,3305.2500,3317.7500,3302.7500,3317.5000,986448,390,09:30,15:59,Thursday,False,False,0.3706
2020-01-17,3325.2500,3330.2500,3319.0000,3328.2500,876276,390,09:30,15:59,Friday,False,False,0.0902
2020-01-20,3321.0000,3325.7500,3320.2500,3325.2500,31525,210,09:30,12:59,Monday,True,False,0.1280
2020-01-21,3316.5000,3329.7500,3316.0000,3321.2500,1042889,390,09:30,15:59,Tuesday,False,False,0.1432
2020-01-22,3330.5000,3337.5000,3319.5000,3321.5000,1134510,390,09:30,15:59,Wednesday,False,False,-0.2702
2020-01-23,3313.5000,3327.0000,3301.2500,3325.2500,1329439,390,09:30,15:59,Thursday,False,False,0.3546
2020-01-24,3331.5000,3332.5000,3280.5000,3294.5000,2139013,390,09:30,15:59,Friday,False,False,-1.1106
2020-01-27,3236.7500,3257.7500,3233.0000,3241.2500,1737048,390,09:30,15:59,Monday,False,False,0.1390
2020-01-28,3257.0000,3285.0000,3251.7500,3276.0000,1289056,390,09:30,15:59,Tuesday,False,False,0.5834
2020-01-29,3290.2500,3292.7500,3270.2500,3272.5000,1217529,390,09:30,15:59,Wednesday,False,False,-0.5395
2020-01-30,3249.0000,3285.2500,3241.0000,3282.7500,1717314,390,09:30,15:59,Thursday,False,False,1.0388
2020-01-31,3275.5000,3277.5000,3212.7500,3222.5000,2443582,390,09:30,15:59,Friday,False,False,-1.6181
2020-02-03,3239.2500,3267.2500,3237.7500,3247.0000,1261219,390,09:30,15:59,Monday,False,False,0.2393
2020-02-04,3286.5000,3305.2500,3282.2500,3296.0000,1102570,390,09:30,15:59,Tuesday,False,False,0.2891
2020-02-05,3328.0000,3336.0000,3311.7500,3333.5000,1301600,390,09:30,15:59,Wednesday,False,False,0.1653
2020-02-06,3344.0000,3346.5000,3332.7500,3344.5000,960806,390,09:30,15:59,Thursday,False,False,0.0150
2020-02-07,3333.0000,3341.2500,3320.7500,3326.7500,1149587,390,09:30,15:59,Friday,False,False,-0.1875
2020-02-10,3316.5000,3351.7500,3316.2500,3351.5000,848276,390,09:30,15:59,Monday,False,False,1.0553
2020-02-11,3366.2500,3374.5000,3351.7500,3356.7500,1150003,390,09:30,15:59,Tuesday,False,False,-0.2822
2020-02-12,3372.5000,3380.7500,3368.5000,3378.2500,884070,390,09:30,15:59,Wednesday,False,False,0.1705
2020-02-13,3362.2500,3384.7500,3359.0000,3374.7500,1180260,390,09:30,15:59,Thursday,False,False,0.3718
2020-02-14,3378.0000,3380.7500,3365.2500,3379.5000,949154,390,09:30,15:59,Friday,False,False,0.0444
2020-02-17,3386.2500,3389.7500,3386.0000,3388.0000,24709,210,09:30,12:59,Monday,True,False,0.0517
2020-02-18,3368.5000,3375.0000,3355.2500,3370.0000,1149844,390,09:30,15:59,Tuesday,False,False,0.0445
2020-02-19,3380.7500,3393.7500,3377.7500,3386.2500,813559,390,09:30,15:59,Wednesday,False,False,0.1627
2020-02-20,3380.0000,3389.0000,3339.2500,3372.0000,1608985,390,09:30,15:59,Thursday,False,False,-0.2367
2020-02-21,3357.2500,3360.5000,3328.0000,3337.0000,1632844,390,09:30,15:59,Friday,False,False,-0.6032
2020-02-24,3232.7500,3260.0000,3213.7500,3225.5000,2289613,390,09:30,15:59,Monday,False,False,-0.2243
2020-02-25,3240.5000,3247.2500,3117.2500,3127.7500,3311431,390,09:30,15:59,Tuesday,False,False,-3.4794
2020-02-26,3142.2500,3182.0000,3107.5000,3116.2500,2582744,390,09:30,15:59,Wednesday,False,False,-0.8274
2020-02-27,3054.2500,3096.2500,2973.7500,2973.7500,3247896,390,09:30,15:59,Thursday,False,False,-2.6357
2020-02-28,2885.7500,2966.0000,2853.2500,2963.7500,3688011,390,09:30,15:59,Friday,False,False,2.7029
2020-03-02,2980.5000,3090.7500,2942.5000,3089.5000,2242460,390,09:30,15:59,Monday,False,False,3.6571
2020-03-03,3093.5000,3137.0000,2973.0000,3001.0000,2647040,390,09:30,15:59,Tuesday,False,False,-2.9901
2020-03-04,3058.7500,3129.0000,3030.7500,3127.0000,1669799,390,09:30,15:59,Wednesday,False,False,2.2313
2020-03-05,3047.0000,3082.2500,2996.5000,3021.5000,1953256,390,09:30,15:59,Thursday,False,False,-0.8369
2020-03-06,2928.2500,2984.2500,2898.0000,2970.5000,2040427,390,09:30,15:59,Friday,False,False,1.4428
2020-03-09,2762.0000,2836.7500,2715.0000,2735.7500,1964965,377,09:30,15:59,Monday,False,False,-0.9504
2020-03-10,2840.2500,2882.0000,2728.5000,2881.2500,2320021,390,09:30,15:59,Tuesday,False,False,1.4435
2020-03-11,2802.2500,2814.5000,2702.7500,2738.0000,2004076,390,09:30,15:59,Wednesday,False,False,-2.2928
2020-03-12,2563.0000,2658.7500,2465.0000,2469.7500,2631269,377,09:30,15:59,Thursday,False,False,-3.6383
2020-03-13,2622.5000,2706.0000,2488.7500,2703.7500,1594561,390,09:30,15:59,Friday,False,False,3.0982
2020-03-16,2513.5000,2562.5000,2360.2500,2387.0000,987248,376,09:30,15:59,Monday,False,False,-5.0328
2020-03-17,2443.7500,2554.5000,2365.0000,2549.0000,593001,390,09:30,15:59,Tuesday,False,False,4.3069
2020-03-18,2353.0000,2442.0000,2262.0000,2392.7500,2256449,377,09:30,15:59,Wednesday,False,False,1.6893
2020-03-19,2374.7500,2457.2500,2306.2500,2398.2500,1979563,390,09:30,15:59,Thursday,False,False,0.9896
2020-03-20,2420.7500,2442.5000,2280.7500,2284.2500,2091467,390,09:30,15:59,Friday,False,False,-5.6387
2020-03-23,2279.5000,2290.7500,2179.5000,2216.7500,2077651,390,09:30,15:59,Monday,False,False,-2.7528
2020-03-24,2346.7500,2437.7500,2334.0000,2433.0000,1895607,390,09:30,15:59,Tuesday,False,False,3.6753
2020-03-25,2444.0000,2560.7500,2393.5000,2466.7500,2060498,390,09:30,15:59,Wednesday,False,False,0.9309
2020-03-26,2493.0000,2625.7500,2487.2500,2609.0000,1654085,390,09:30,15:59,Thursday,False,False,4.6530
2020-03-27,2528.0000,2605.0000,2505.2500,2532.0000,1519617,390,09:30,15:59,Friday,False,False,0.1582
2020-03-30,2552.7500,2621.7500,2532.2500,2614.0000,1188906,390,09:30,15:59,Monday,False,False,2.3994
2020-03-31,2602.5000,2629.5000,2558.5000,2571.7500,1638849,390,09:30,15:59,Tuesday,False,False,-1.1816
2020-04-01,2475.5000,2509.7500,2434.2500,2455.7500,1432222,390,09:30,15:59,Wednesday,False,False,-0.7978
2020-04-02,2447.7500,2523.0000,2441.2500,2516.0000,1534037,390,09:30,15:59,Thursday,False,False,2.7883
2020-04-03,2503.5000,2529.5000,2449.0000,2479.5000,1268601,390,09:30,15:59,Friday,False,False,-0.9587
2020-04-06,2575.2500,2668.5000,2564.0000,2646.7500,1400670,390,09:30,15:59,Monday,False,False,2.7764
2020-04-07,2739.7500,2750.0000,2647.5000,2649.7500,1754259,390,09:30,15:59,Tuesday,False,False,-3.2850
2020-04-08,2677.7500,2752.5000,2653.5000,2738.5000,1374900,390,09:30,15:59,Wednesday,False,False,2.2687
2020-04-09,2773.2500,2809.5000,2752.2500,2780.0000,1619830,390,09:30,15:59,Thursday,False,False,0.2434
2020-04-13,2768.7500,2771.7500,2711.0000,2753.0000,1203351,390,09:30,15:59,Monday,False,False,-0.5688
2020-04-14,2807.5000,2846.0000,2796.2500,2837.0000,1267133,390,09:30,15:59,Tuesday,False,False,1.0508
2020-04-15,2772.7500,2792.7500,2751.2500,2775.0000,1279040,390,09:30,15:59,Wednesday,False,False,0.0811
2020-04-16,2788.7500,2797.7500,2754.7500,2788.7500,1219955,390,09:30,15:59,Thursday,False,False,0.0000
2020-04-17,2850.2500,2871.0000,2821.0000,2864.5000,1216657,390,09:30,15:59,Friday,False,False,0.5000
2020-04-20,2822.7500,2860.7500,2810.7500,2813.2500,1049967,390,09:30,15:59,Monday,False,False,-0.3366
2020-04-21,2764.2500,2777.5000,2717.2500,2727.0000,1393864,390,09:30,15:59,Tuesday,False,False,-1.3476
2020-04-22,2780.7500,2808.0000,2766.2500,2789.0000,916392,390,09:30,15:59,Wednesday,False,False,0.2967
2020-04-23,2802.0000,2836.7500,2785.0000,2788.0000,1319055,390,09:30,15:59,Thursday,False,False,-0.4996
2020-04-24,2805.0000,2835.0000,2782.2500,2828.0000,896600,390,09:30,15:59,Friday,False,False,0.8200
2020-04-27,2849.0000,2881.2500,2843.7500,2869.2500,837937,390,09:30,15:59,Monday,False,False,0.7108
2020-04-28,2908.5000,2912.2500,2852.0000,2856.0000,1204186,390,09:30,15:59,Tuesday,False,False,-1.8051
2020-04-29,2913.2500,2947.2500,2902.2500,2929.7500,1182838,390,09:30,15:59,Wednesday,False,False,0.5664
2020-04-30,2914.7500,2920.0000,2883.2500,2901.2500,1387639,390,09:30,15:59,Thursday,False,False,-0.4632
2020-05-01,2850.2500,2857.7500,2811.7500,2824.2500,1213839,390,09:30,15:59,Friday,False,False,-0.9122
2020-05-04,2804.2500,2835.7500,2788.5000,2833.0000,970328,390,09:30,15:59,Monday,False,False,1.0252
2020-05-05,2863.2500,2889.7500,2854.2500,2858.7500,1073286,390,09:30,15:59,Tuesday,False,False,-0.1572
2020-05-06,2877.5000,2881.7500,2837.7500,2840.0000,1073114,390,09:30,15:59,Wednesday,False,False,-1.3032
2020-05-07,2874.5000,2895.0000,2867.7500,2874.0000,1083439,390,09:30,15:59,Thursday,False,False,-0.0174
2020-05-08,2908.0000,2926.0000,2895.7500,2921.5000,892864,390,09:30,15:59,Friday,False,False,0.4642
2020-05-11,2900.2500,2937.0000,2895.5000,2922.2500,1023564,390,09:30,15:59,Monday,False,False,0.7586
2020-05-12,2935.0000,2939.2500,2862.0000,2862.7500,1334558,390,09:30,15:59,Tuesday,False,False,-2.4617
2020-05-13,2857.2500,2868.7500,2786.0000,2813.2500,1959828,390,09:30,15:59,Wednesday,False,False,-1.5399
2020-05-14,2786.2500,2847.5000,2760.2500,2846.7500,1840745,390,09:30,15:59,Thursday,False,False,2.1714
2020-05-15,2820.5000,2859.5000,2809.5000,2859.0000,1271325,390,09:30,15:59,Friday,False,False,1.3650
2020-05-18,2927.0000,2964.7500,2923.5000,2946.2500,1237563,390,09:30,15:59,Monday,False,False,0.6577
2020-05-19,2939.7500,2958.5000,2915.7500,2916.2500,1081448,390,09:30,15:59,Tuesday,False,False,-0.7994
2020-05-20,2954.5000,2975.7500,2952.2500,2966.2500,1129408,390,09:30,15:59,Wednesday,False,False,0.3977
2020-05-21,2964.2500,2973.0000,2933.0000,2944.0000,1248009,390,09:30,15:59,Thursday,False,False,-0.6831
2020-05-22,2941.7500,2952.7500,2928.2500,2950.2500,905357,390,09:30,15:59,Friday,False,False,0.2889
2020-05-25,2985.7500,2990.0000,2982.7500,2989.5000,39654,210,09:30,12:59,Monday,True,False,0.1256
2020-05-26,3016.2500,3019.0000,2983.5000,2987.7500,1163822,390,09:30,15:59,Tuesday,False,False,-0.9449
2020-05-27,3017.5000,3032.0000,2965.5000,3031.2500,1543977,390,09:30,15:59,Wednesday,False,False,0.4557
2020-05-28,3043.5000,3065.5000,3019.5000,3026.5000,1332247,390,09:30,15:59,Thursday,False,False,-0.5586
2020-05-29,3021.2500,3046.2500,2992.0000,3038.2500,1674502,390,09:30,15:59,Friday,False,False,0.5627
2020-06-01,3032.7500,3059.0000,3027.0000,3052.7500,793569,390,09:30,15:59,Monday,False,False,0.6595
2020-06-02,3062.2500,3078.2500,3047.7500,3078.0000,1009099,390,09:30,15:59,Tuesday,False,False,0.5143
2020-06-03,3098.7500,3129.5000,3096.0000,3119.2500,1146895,390,09:30,15:59,Wednesday,False,False,0.6616
2020-06-04,3107.7500,3126.7500,3087.5000,3110.0000,1315047,390,09:30,15:59,Thursday,False,False,0.0724
2020-06-05,3169.5000,3210.5000,3168.5000,3189.5000,1697719,390,09:30,15:59,Friday,False,False,0.6310
2020-06-08,3199.7500,3231.2500,3193.5000,3229.7500,1037121,390,09:30,15:59,Monday,False,False,0.9376
2020-06-09,3200.2500,3221.0000,3190.7500,3205.7500,1127954,390,09:30,15:59,Tuesday,False,False,0.1719
2020-06-10,3211.7500,3221.2500,3179.7500,3188.0000,1476718,390,09:30,15:59,Wednesday,False,False,-0.7395
2020-06-11,3111.7500,3118.2500,2996.2500,3003.5000,2375396,390,09:30,15:59,Thursday,False,False,-3.4787
2020-06-12,3079.5000,3087.7500,2982.0000,3039.0000,1559685,390,09:30,15:59,Friday,False,False,-1.3151
2020-06-15,2976.7500,3079.2500,2963.5000,3066.7500,566478,390,09:30,15:59,Monday,False,False,3.0234
2020-06-16,3151.7500,3153.5000,3072.7500,3126.7500,400658,390,09:30,15:59,Tuesday,False,False,-0.7932
2020-06-17,3127.2500,3130.2500,3094.5000,3102.0000,1029711,390,09:30,15:59,Wednesday,False,False,-0.8074
2020-06-18,3086.0000,3109.0000,3080.7500,3103.0000,908076,390,09:30,15:59,Thursday,False,False,0.5509
2020-06-19,3141.2500,3144.0000,3071.0000,3084.5000,1390199,390,09:30,15:59,Friday,False,False,-1.8066
2020-06-22,3079.0000,3109.5000,3066.2500,3106.0000,930914,390,09:30,15:59,Monday,False,False,0.8769
2020-06-23,3134.2500,3145.0000,3115.5000,3119.7500,984698,390,09:30,15:59,Tuesday,False,False,-0.4626
2020-06-24,3097.5000,3104.5000,3019.7500,3040.2500,1894021,390,09:30,15:59,Wednesday,False,False,-1.8483
2020-06-25,3034.0000,3076.0000,3011.5000,3072.5000,1375611,390,09:30,15:59,Thursday,False,False,1.2690
2020-06-26,3061.0000,3063.2500,2992.5000,2999.7500,1751351,390,09:30,15:59,Friday,False,False,-2.0010
2020-06-29,3013.2500,3043.7500,2988.5000,3043.5000,1084044,390,09:30,15:59,Monday,False,False,1.0039
2020-06-30,3038.2500,3101.2500,3037.5000,3088.7500,1245737,390,09:30,15:59,Tuesday,False,False,1.6621
2020-07-01,3094.5000,3117.7500,3089.2500,3104.7500,1074247,390,09:30,15:59,Wednesday,False,False,0.3312
2020-07-02,3142.0000,3156.5000,3114.2500,3121.5000,1111237,390,09:30,15:59,Thursday,False,False,-0.6525
2020-07-03,3118.7500,3121.2500,3105.7500,3115.5000,54946,210,09:30,12:59,Friday,True,False,-0.1042
2020-07-06,3163.5000,3174.5000,3155.0000,3169.2500,869124,390,09:30,15:59,Monday,False,False,0.1818
2020-07-07,3153.0000,3174.2500,3132.5000,3136.5000,962621,390,09:30,15:59,Tuesday,False,False,-0.5233
2020-07-08,3145.0000,3162.2500,3126.0000,3160.2500,1141947,390,09:30,15:59,Wednesday,False,False,0.4849
2020-07-09,3167.2500,3170.0000,3105.2500,3143.2500,1563836,390,09:30,15:59,Thursday,False,False,-0.7578
2020-07-10,3141.5000,3177.7500,3126.5000,3175.2500,966396,390,09:30,15:59,Friday,False,False,1.0743
2020-07-13,3200.5000,3226.2500,3140.5000,3148.0000,1670468,390,09:30,15:59,Monday,False,False,-1.6404
2020-07-14,3131.7500,3192.2500,3119.0000,3188.0000,1731506,390,09:30,15:59,Tuesday,False,False,1.7961
2020-07-15,3223.0000,3229.7500,3192.0000,3218.2500,1455732,390,09:30,15:59,Wednesday,False,False,-0.1474
2020-07-16,3197.2500,3212.0000,3190.2500,3207.2500,1037558,390,09:30,15:59,Thursday,False,False,0.3128
2020-07-17,3217.7500,3225.2500,3196.5000,3216.5000,931261,390,09:30,15:59,Friday,False,False,-0.0388
2020-07-20,3213.7500,3250.5000,3205.2500,3242.7500,1017985,390,09:30,15:59,Monday,False,False,0.9024
2020-07-21,3263.7500,3268.7500,3239.2500,3249.5000,1101588,390,09:30,15:59,Tuesday,False,False,-0.4366
2020-07-22,3245.7500,3271.7500,3244.5000,3267.7500,962686,390,09:30,15:59,Wednesday,False,False,0.6778
2020-07-23,3264.2500,3271.7500,3214.2500,3228.7500,1388938,390,09:30,15:59,Thursday,False,False,-1.0875
2020-07-24,3209.0000,3219.2500,3191.5000,3208.0000,1346327,390,09:30,15:59,Friday,False,False,-0.0312
2020-07-27,3216.0000,3233.7500,3207.2500,3231.0000,960382,390,09:30,15:59,Monday,False,False,0.4664
2020-07-28,3223.7500,3236.2500,3208.0000,3211.7500,1068045,390,09:30,15:59,Tuesday,False,False,-0.3722
2020-07-29,3220.5000,3257.0000,3220.0000,3250.2500,937279,390,09:30,15:59,Wednesday,False,False,0.9238
2020-07-30,3218.2500,3243.7500,3195.0000,3239.0000,1543864,390,09:30,15:59,Thursday,False,False,0.6448
2020-07-31,3258.0000,3265.2500,3212.5000,3265.0000,1815547,390,09:30,15:59,Friday,False,False,0.2149
2020-08-03,3283.0000,3295.5000,3276.5000,3286.7500,894071,390,09:30,15:59,Monday,False,False,0.1142
2020-08-04,3278.0000,3300.5000,3277.7500,3300.0000,810372,390,09:30,15:59,Tuesday,False,False,0.6711
2020-08-05,3314.2500,3323.2500,3311.2500,3320.0000,789140,390,09:30,15:59,Wednesday,False,False,0.1735
2020-08-06,3313.7500,3344.0000,3310.5000,3342.5000,1005528,390,09:30,15:59,Thursday,False,False,0.8676
2020-08-07,3332.0000,3346.7500,3322.2500,3344.7500,1218923,390,09:30,15:59,Friday,False,False,0.3827
2020-08-10,3350.0000,3357.2500,3329.0000,3355.0000,952883,390,09:30,15:59,Monday,False,False,0.1493
2020-08-11,3368.2500,3374.7500,3319.5000,3328.0000,1373992,390,09:30,15:59,Tuesday,False,False,-1.1950
2020-08-12,3353.7500,3382.5000,3353.5000,3373.5000,1049982,390,09:30,15:59,Wednesday,False,False,0.5889
2020-08-13,3365.2500,3382.0000,3357.5000,3367.7500,959110,390,09:30,15:59,Thursday,False,False,0.0743
2020-08-14,3363.5000,3373.5000,3356.0000,3367.7500,769118,390,09:30,15:59,Friday,False,False,0.1264
2020-08-17,3378.7500,3382.7500,3374.0000,3378.2500,528962,390,09:30,15:59,Monday,False,False,-0.0148
2020-08-18,3382.7500,3390.7500,3365.2500,3385.7500,758879,390,09:30,15:59,Tuesday,False,False,0.0887
2020-08-19,3390.0000,3395.7500,3365.5000,3371.7500,1103923,390,09:30,15:59,Wednesday,False,False,-0.5383
2020-08-20,3352.7500,3387.0000,3351.2500,3382.0000,835782,390,09:30,15:59,Thursday,False,False,0.8724
2020-08-21,3378.5000,3396.2500,3374.7500,3393.7500,810902,390,09:30,15:59,Friday,False,False,0.4514
2020-08-24,3420.5000,3429.5000,3409.5000,3428.5000,947917,390,09:30,15:59,Monday,False,False,0.2339
2020-08-25,3434.7500,3441.5000,3421.7500,3440.2500,861711,390,09:30,15:59,Tuesday,False,False,0.1601
2020-08-26,3446.7500,3478.0000,3441.0000,3475.0000,1028922,390,09:30,15:59,Wednesday,False,False,0.8196
2020-08-27,3484.5000,3498.2500,3464.7500,3482.2500,1316011,390,09:30,15:59,Thursday,False,False,-0.0646
2020-08-28,3493.7500,3506.7500,3480.7500,3505.0000,882245,390,09:30,15:59,Friday,False,False,0.3220
2020-08-31,3502.7500,3513.0000,3490.2500,3492.5000,1061431,390,09:30,15:59,Monday,False,False,-0.2926
2020-09-01,3501.5000,3526.5000,3491.7500,3525.0000,909590,390,09:30,15:59,Tuesday,False,False,0.6711
2020-09-02,3546.2500,3587.0000,3533.7500,3576.5000,1438601,390,09:30,15:59,Wednesday,False,False,0.8530
2020-09-03,3558.0000,3563.5000,3424.5000,3453.2500,2369160,390,09:30,15:59,Thursday,False,False,-2.9441
2020-09-04,3460.2500,3477.2500,3347.7500,3425.5000,2345478,390,09:30,15:59,Friday,False,False,-1.0043
2020-09-07,3419.5000,3438.5000,3418.0000,3433.0000,67372,210,09:30,12:59,Monday,True,False,0.3948
2020-09-08,3365.7500,3379.5000,3327.5000,3332.2500,1841359,390,09:30,15:59,Tuesday,False,False,-0.9953
2020-09-09,3375.0000,3424.0000,3365.0000,3396.5000,1419298,390,09:30,15:59,Wednesday,False,False,0.6370
2020-09-10,3417.2500,3424.2500,3327.2500,3338.0000,1624901,390,09:30,15:59,Thursday,False,False,-2.3191
2020-09-11,3357.0000,3368.5000,3308.7500,3339.7500,881304,390,09:30,15:59,Friday,False,False,-0.5139
2020-09-14,3363.5000,3392.5000,3358.2500,3373.0000,1049422,390,09:30,15:59,Monday,False,False,0.2824
2020-09-15,3400.0000,3409.0000,3378.5000,3390.2500,1032164,390,09:30,15:59,Tuesday,False,False,-0.2868
2020-09-16,3404.2500,3419.5000,3373.7500,3376.7500,1179893,390,09:30,15:59,Wednesday,False,False,-0.8078
2020-09-17,3323.5000,3365.2500,3317.7500,3347.2500,1970852,390,09:30,15:59,Thursday,False,False,0.7146
2020-09-18,3355.0000,3357.2500,3280.7500,3307.7500,1897582,390,09:30,15:59,Friday,False,False,-1.4083
2020-09-21,3258.0000,3271.5000,3217.7500,3270.5000,1916479,390,09:30,15:59,Monday,False,False,0.3837
2020-09-22,3286.0000,3309.5000,3258.7500,3303.7500,1183042,390,09:30,15:59,Tuesday,False,False,0.5402
2020-09-23,3309.2500,3312.5000,3221.0000,3226.7500,1612014,390,09:30,15:59,Wednesday,False,False,-2.4930
2020-09-24,3212.2500,3268.2500,3198.0000,3235.2500,1783624,390,09:30,15:59,Thursday,False,False,0.7160
2020-09-25,3225.7500,3296.2500,3216.0000,3287.5000,1264800,390,09:30,15:59,Friday,False,False,1.9143
2020-09-28,3333.0000,3350.7500,3321.7500,3343.0000,1159254,390,09:30,15:59,Monday,False,False,0.3000
2020-09-29,3340.7500,3348.2500,3316.5000,3324.7500,1019953,390,09:30,15:59,Tuesday,False,False,-0.4789
2020-09-30,3331.7500,3384.0000,3329.2500,3349.5000,1572260,390,09:30,15:59,Wednesday,False,False,0.5328
2020-10-01,3377.2500,3387.5000,3350.0000,3370.2500,1144768,390,09:30,15:59,Thursday,False,False,-0.2073
2020-10-02,3316.7500,3359.5000,3311.5000,3338.5000,1380799,390,09:30,15:59,Friday,False,False,0.6558
2020-10-05,3360.5000,3400.0000,3360.5000,3397.5000,789235,390,09:30,15:59,Monday,False,False,1.1010
2020-10-06,3399.2500,3421.7500,3343.7500,3349.2500,1364367,390,09:30,15:59,Tuesday,False,False,-1.4709
2020-10-07,3381.2500,3416.7500,3381.0000,3407.0000,996138,390,09:30,15:59,Wednesday,False,False,0.7616
2020-10-08,3428.5000,3438.7500,3418.7500,3437.5000,765076,390,09:30,15:59,Thursday,False,False,0.2625
2020-10-09,3456.2500,3474.0000,3449.5000,3468.7500,880603,390,09:30,15:59,Friday,False,False,0.3617
2020-10-12,3496.7500,3541.0000,3491.2500,3525.0000,1038191,390,09:30,15:59,Monday,False,False,0.8079
2020-10-13,3523.5000,3524.7500,3491.5000,3502.2500,1211854,390,09:30,15:59,Tuesday,False,False,-0.6031
2020-10-14,3508.0000,3520.2500,3472.0000,3480.5000,1205223,390,09:30,15:59,Wednesday,False,False,-0.7839
2020-10-15,3437.0000,3481.0000,3431.5000,3475.7500,1167114,390,09:30,15:59,Thursday,False,False,1.1274
2020-10-16,3490.0000,3508.5000,3472.0000,3473.5000,974894,390,09:30,15:59,Friday,False,False,-0.4728
2020-10-19,3487.2500,3493.7500,3410.7500,3421.0000,1356606,390,09:30,15:59,Monday,False,False,-1.8998
2020-10-20,3435.0000,3469.7500,3426.7500,3434.2500,1351871,390,09:30,15:59,Tuesday,False,False,-0.0218
2020-10-21,3433.7500,3457.2500,3424.5000,3427.2500,1315600,390,09:30,15:59,Wednesday,False,False,-0.1893
2020-10-22,3430.0000,3453.0000,3406.7500,3447.5000,1122456,390,09:30,15:59,Thursday,False,False,0.5102
2020-10-23,3460.0000,3460.5000,3431.5000,3458.2500,924764,390,09:30,15:59,Friday,False,False,-0.0506
2020-10-26,3421.7500,3430.0000,3356.0000,3394.5000,1588512,390,09:30,15:59,Monday,False,False,-0.7964
2020-10-27,3397.2500,3401.5000,3380.0000,3383.2500,1219418,390,09:30,15:59,Tuesday,False,False,-0.4121
2020-10-28,3321.0000,3328.2500,3260.7500,3266.7500,2075530,390,09:30,15:59,Wednesday,False,False,-1.6335
2020-10-29,3268.7500,3333.7500,3250.2500,3299.7500,1437021,390,09:30,15:59,Thursday,False,False,0.9484
2020-10-30,3281.5000,3296.2500,3225.0000,3265.2500,1896068,390,09:30,15:59,Friday,False,False,-0.4952
2020-11-02,3302.0000,3323.5000,3272.0000,3301.7500,1392094,390,09:30,15:59,Monday,False,False,-0.0076
2020-11-03,3337.0000,3382.7500,3331.5000,3359.2500,1317426,390,09:30,15:59,Tuesday,False,False,0.6668
2020-11-04,3409.0000,3480.0000,3395.7500,3435.0000,1641055,390,09:30,15:59,Wednesday,False,False,0.7627
2020-11-05,3492.2500,3522.5000,3488.7500,3502.5000,1228658,390,09:30,15:59,Thursday,False,False,0.2935
2020-11-06,3499.2500,3515.7500,3476.5000,3501.7500,1059216,390,09:30,15:59,Friday,False,False,0.0714
2020-11-09,3640.5000,3645.2500,3541.2500,3546.5000,1770304,390,09:30,15:59,Monday,False,False,-2.5821
2020-11-10,3535.2500,3552.5000,3506.5000,3541.7500,1626950,390,09:30,15:59,Tuesday,False,False,0.1839
2020-11-11,3564.7500,3576.7500,3551.2500,3567.0000,950914,390,09:30,15:59,Wednesday,False,False,0.0631
2020-11-12,3557.0000,3565.2500,3513.0000,3533.5000,1316426,390,09:30,15:59,Thursday,False,False,-0.6607
2020-11-13,3553.5000,3590.0000,3547.5000,3581.7500,1010179,390,09:30,15:59,Friday,False,False,0.7950
2020-11-16,3611.0000,3626.5000,3596.7500,3626.2500,883576,390,09:30,15:59,Monday,False,False,0.4223
2020-11-17,3600.7500,3620.2500,3584.2500,3607.5000,978354,390,09:30,15:59,Tuesday,False,False,0.1875
2020-11-18,3609.7500,3616.2500,3563.0000,3563.5000,989407,390,09:30,15:59,Wednesday,False,False,-1.2813
2020-11-19,3556.7500,3582.7500,3542.2500,3578.0000,939458,390,09:30,15:59,Thursday,False,False,0.5975
2020-11-20,3575.5000,3577.5000,3552.7500,3553.5000,793597,390,09:30,15:59,Friday,False,False,-0.6153
2020-11-23,3573.0000,3588.0000,3548.7500,3575.5000,898802,390,09:30,15:59,Monday,False,False,0.0700
2020-11-24,3602.5000,3638.7500,3593.2500,3632.5000,985305,390,09:30,15:59,Tuesday,False,False,0.8328
2020-11-25,3631.7500,3632.0000,3615.2500,3627.2500,719935,390,09:30,15:59,Wednesday,False,False,-0.1239
2020-11-26,3628.5000,3630.7500,3613.2500,3617.7500,36816,210,09:30,12:59,Thursday,True,False,-0.2963
2020-11-27,3638.7500,3642.7500,3626.2500,3637.0000,375112,225,09:30,13:14,Friday,True,False,-0.0481
2020-11-30,3628.5000,3631.5000,3592.2500,3620.7500,1261141,390,09:30,15:59,Monday,False,False,-0.2136
2020-12-01,3656.2500,3677.5000,3650.2500,3660.7500,1011089,390,09:30,15:59,Tuesday,False,False,0.1231
2020-12-02,3648.7500,3669.7500,3642.2500,3668.0000,787887,390,09:30,15:59,Wednesday,False,False,0.5276
2020-12-03,3667.0000,3682.0000,3655.2500,3667.0000,859379,390,09:30,15:59,Thursday,False,False,0.0000
2020-12-04,3672.7500,3699.0000,3672.2500,3698.7500,712220,390,09:30,15:59,Friday,False,False,0.7079
2020-12-07,3690.5000,3696.5000,3677.2500,3691.2500,778555,390,09:30,15:59,Monday,False,False,0.0203
2020-12-08,3677.0000,3708.0000,3676.5000,3701.7500,813884,390,09:30,15:59,Tuesday,False,False,0.6731
2020-12-09,3708.7500,3710.5000,3659.5000,3668.7500,1448174,390,09:30,15:59,Wednesday,False,False,-1.0785
2020-12-10,3653.5000,3678.5000,3644.0000,3667.2500,1018204,390,09:30,15:59,Thursday,False,False,0.3764
2020-12-11,3648.5000,3665.5000,3632.2500,3662.5000,631244,390,09:30,15:59,Friday,False,False,0.3837
2020-12-14,3678.7500,3691.5000,3637.5000,3638.7500,1158503,390,09:30,15:59,Monday,False,False,-1.0873
2020-12-15,3667.2500,3688.2500,3652.2500,3687.7500,1009614,390,09:30,15:59,Tuesday,False,False,0.5590
2020-12-16,3691.0000,3704.5000,3681.2500,3694.7500,929684,390,09:30,15:59,Wednesday,False,False,0.1016
2020-12-17,3711.5000,3717.0000,3702.0000,3713.5000,875944,390,09:30,15:59,Thursday,False,False,0.0539
2020-12-18,3716.0000,3718.5000,3677.2500,3700.2500,1289506,390,09:30,15:59,Friday,False,False,-0.4238
2020-12-21,3655.7500,3694.2500,3625.0000,3685.5000,1248787,390,09:30,15:59,Monday,False,False,0.8138
2020-12-22,3687.7500,3689.0000,3665.7500,3678.2500,876801,390,09:30,15:59,Tuesday,False,False,-0.2576
2020-12-23,3688.2500,3701.7500,3679.2500,3681.0000,733213,390,09:30,15:59,Wednesday,False,False,-0.1966
2020-12-24,3686.2500,3696.0000,3679.7500,3692.7500,277806,225,09:30,13:14,Thursday,True,False,0.1763
2020-12-28,3722.7500,3732.2500,3716.0000,3727.7500,557329,390,09:30,15:59,Monday,False,False,0.1343
2020-12-29,3744.2500,3746.2500,3714.5000,3721.2500,820686,390,09:30,15:59,Tuesday,False,False,-0.6143
2020-12-30,3729.2500,3736.2500,3721.0000,3725.0000,583852,390,09:30,15:59,Wednesday,False,False,-0.1140
2020-12-31,3723.2500,3753.0000,3717.7500,3744.2500,747222,390,09:30,15:59,Thursday,False,False,0.5640
2021-01-04,3758.5000,3760.0000,3652.5000,3693.5000,1693380,390,09:30,15:59,Monday,False,False,-1.7294
2021-01-05,3685.5000,3730.0000,3685.2500,3717.5000,1053385,390,09:30,15:59,Tuesday,False,False,0.8683
2021-01-06,3702.0000,3774.7500,3695.7500,3740.5000,1546783,390,09:30,15:59,Wednesday,False,False,1.0400
2021-01-07,3765.7500,3804.0000,3763.7500,3795.2500,951358,390,09:30,15:59,Thursday,False,False,0.7834
2021-01-08,3810.2500,3819.2500,3775.0000,3817.0000,1273560,390,09:30,15:59,Friday,False,False,0.1772
2021-01-11,3782.7500,3810.5000,3781.0000,3792.2500,958083,390,09:30,15:59,Monday,False,False,0.2511
2021-01-12,3793.0000,3803.2500,3768.0000,3792.7500,972791,390,09:30,15:59,Tuesday,False,False,-0.0066
2021-01-13,3791.2500,3813.5000,3782.7500,3802.5000,783215,390,09:30,15:59,Wednesday,False,False,0.2967
2021-01-14,3810.2500,3816.0000,3786.2500,3790.2500,917261,390,09:30,15:59,Thursday,False,False,-0.5249
2021-01-15,3771.5000,3780.5000,3741.5000,3761.7500,1338148,390,09:30,15:59,Friday,False,False,-0.2585
2021-01-18,3762.0000,3769.0000,3760.2500,3768.5000,33611,210,09:30,12:59,Monday,True,False,0.1728
2021-01-19,3788.2500,3797.0000,3772.2500,3790.2500,887982,390,09:30,15:59,Tuesday,False,False,0.0528
2021-01-20,3815.5000,3852.5000,3811.2500,3842.7500,943904,390,09:30,15:59,Wednesday,False,False,0.7142
2021-01-21,3849.2500,3853.7500,3836.5000,3846.2500,795233,390,09:30,15:59,Thursday,False,False,-0.0779
2021-01-22,3826.2500,3845.0000,3822.2500,3832.7500,808450,390,09:30,15:59,Friday,False,False,0.1699
2021-01-25,3841.0000,3852.0000,3788.5000,3848.5000,1429650,390,09:30,15:59,Monday,False,False,0.1953
2021-01-26,3858.2500,3862.2500,3840.0000,3842.5000,874143,390,09:30,15:59,Tuesday,False,False,-0.4082
2021-01-27,3806.0000,3806.7500,3723.2500,3749.0000,1962550,390,09:30,15:59,Wednesday,False,False,-1.4976
2021-01-28,3767.2500,3823.5000,3762.5000,3779.7500,1407249,390,09:30,15:59,Thursday,False,False,0.3318
2021-01-29,3760.0000,3770.2500,3685.5000,3705.0000,1966248,390,09:30,15:59,Friday,False,False,-1.4628
2021-02-01,3740.7500,3777.0000,3717.2500,3764.7500,1159385,390,09:30,15:59,Monday,False,False,0.6416
2021-02-02,3799.2500,3835.7500,3799.0000,3818.5000,1043264,390,09:30,15:59,Tuesday,False,False,0.5067
2021-02-03,3827.2500,3840.0000,3807.7500,3822.0000,947643,390,09:30,15:59,Wednesday,False,False,-0.1372
2021-02-04,3832.2500,3865.7500,3830.5000,3865.2500,853029,390,09:30,15:59,Thursday,False,False,0.8611
2021-02-05,3885.5000,3888.2500,3868.5000,3880.2500,819548,390,09:30,15:59,Friday,False,False,-0.1351
2021-02-08,3896.0000,3909.2500,3887.0000,3909.0000,710443,390,09:30,15:59,Monday,False,False,0.3337
2021-02-09,3899.7500,3912.2500,3895.0000,3906.0000,657039,390,09:30,15:59,Tuesday,False,False,0.1603
2021-02-10,3924.5000,3926.0000,3878.2500,3904.5000,1296441,390,09:30,15:59,Wednesday,False,False,-0.5096
2021-02-11,3916.0000,3920.5000,3884.5000,3911.2500,1078398,390,09:30,15:59,Thursday,False,False,-0.1213
2021-02-12,3901.7500,3932.7500,3901.0000,3930.7500,776091,390,09:30,15:59,Friday,False,False,0.7433
2021-02-15,3947.7500,3952.0000,3947.0000,3950.5000,31022,210,09:30,12:59,Monday,True,False,0.0697
2021-02-16,3943.0000,3945.0000,3918.7500,3927.2500,1042629,390,09:30,15:59,Tuesday,False,False,-0.3994
2021-02-17,3907.5000,3930.0000,3896.5000,3928.0000,1011880,390,09:30,15:59,Wednesday,False,False,0.5246
2021-02-18,3898.7500,3918.5000,3880.5000,3911.0000,1136633,390,09:30,15:59,Thursday,False,False,0.3142
2021-02-19,3923.7500,3927.2500,3898.7500,3903.5000,1023106,390,09:30,15:59,Friday,False,False,-0.5161
2021-02-22,3873.2500,3899.2500,3870.0000,3874.5000,1030588,390,09:30,15:59,Monday,False,False,0.0323
2021-02-23,3849.2500,3892.2500,3804.7500,3878.0000,1758326,390,09:30,15:59,Tuesday,False,False,0.7469
2021-02-24,3866.0000,3925.7500,3855.5000,3920.5000,1345808,390,09:30,15:59,Wednesday,False,False,1.4097
2021-02-25,3907.2500,3921.7500,3810.2500,3826.5000,2413809,390,09:30,15:59,Thursday,False,False,-2.0667
2021-02-26,3846.5000,3858.5000,3785.0000,3805.5000,2105529,390,09:30,15:59,Friday,False,False,-1.0659
2021-03-01,3858.7500,3912.0000,3858.0000,3897.7500,1239515,390,09:30,15:59,Monday,False,False,1.0107
2021-03-02,3900.7500,3903.5000,3865.5000,3868.2500,1235045,390,09:30,15:59,Tuesday,False,False,-0.8332
2021-03-03,3860.0000,3870.5000,3815.5000,3817.0000,1722844,390,09:30,15:59,Wednesday,False,False,-1.1140
2021-03-04,3814.2500,3842.2500,3720.5000,3769.5000,2616986,390,09:30,15:59,Thursday,False,False,-1.1732
2021-03-05,3806.5000,3850.0000,3728.5000,3838.0000,2188689,390,09:30,15:59,Friday,False,False,0.8275
2021-03-08,3848.7500,3878.7500,3816.2500,3819.7500,1618851,390,09:30,15:59,Monday,False,False,-0.7535
2021-03-09,3860.7500,3901.2500,3855.2500,3873.0000,1202162,390,09:30,15:59,Tuesday,False,False,0.3173
2021-03-10,3899.0000,3916.2500,3883.5000,3897.2500,1323382,390,09:30,15:59,Wednesday,False,False,-0.0449
2021-03-11,3924.0000,3958.5000,3919.0000,3936.5000,900754,390,09:30,15:59,Thursday,False,False,0.3186
2021-03-12,3922.7500,3944.2500,3913.7500,3943.0000,507241,390,09:30,15:59,Friday,False,False,0.5162
2021-03-15,3936.0000,3959.7500,3913.0000,3957.5000,806302,390,09:30,15:59,Monday,False,False,0.5462
2021-03-16,3963.2500,3970.7500,3942.7500,3951.7500,1118672,390,09:30,15:59,Tuesday,False,False,-0.2902
2021-03-17,3937.5000,3973.5000,3925.0000,3964.0000,1421928,390,09:30,15:59,Wednesday,False,False,0.6730
2021-03-18,3936.2500,3958.7500,3900.5000,3906.0000,1554849,390,09:30,15:59,Thursday,False,False,-0.7685
2021-03-19,3902.2500,3919.5000,3875.0000,3898.0000,1482606,390,09:30,15:59,Friday,False,False,-0.1089
2021-03-22,3904.0000,3944.5000,3903.5000,3929.5000,1012349,390,09:30,15:59,Monday,False,False,0.6532
2021-03-23,3922.7500,3938.5000,3890.5000,3899.0000,1565791,390,09:30,15:59,Tuesday,False,False,-0.6054
2021-03-24,3914.2500,3931.5000,3879.0000,3879.0000,1735225,390,09:30,15:59,Wednesday,False,False,-0.9006
2021-03-25,3864.0000,3909.5000,3843.2500,3900.7500,1873638,390,09:30,15:59,Thursday,False,False,0.9511
2021-03-26,3913.5000,3968.0000,3906.7500,3963.0000,1574955,390,09:30,15:59,Friday,False,False,1.2649
2021-03-29,3947.7500,3971.2500,3931.7500,3961.7500,1642493,390,09:30,15:59,Monday,False,False,0.3546
2021-03-30,3947.7500,3958.2500,3933.7500,3952.0000,1280736,390,09:30,15:59,Tuesday,False,False,0.1077
2021-03-31,3957.0000,3983.7500,3956.5000,3968.7500,1274031,390,09:30,15:59,Wednesday,False,False,0.2969
2021-04-01,3988.0000,4011.0000,3985.0000,4009.5000,915383,390,09:30,15:59,Thursday,False,False,0.5391
2021-04-05,4038.2500,4073.7500,4037.5000,4067.0000,1038796,390,09:30,15:59,Monday,False,False,0.7119
2021-04-06,4061.5000,4076.0000,4058.2500,4064.5000,984651,390,09:30,15:59,Tuesday,False,False,0.0739
2021-04-07,4063.2500,4073.5000,4058.2500,4069.5000,869546,390,09:30,15:59,Wednesday,False,False,0.1538
2021-04-08,4082.7500,4090.0000,4073.0000,4089.2500,725959,390,09:30,15:59,Thursday,False,False,0.1592
2021-04-09,4087.7500,4121.5000,4086.7500,4119.2500,763258,390,09:30,15:59,Friday,False,False,0.7706
2021-04-12,4112.7500,4123.7500,4106.0000,4121.0000,848698,390,09:30,15:59,Monday,False,False,0.2006
2021-04-13,4119.7500,4139.7500,4115.5000,4132.5000,775175,390,09:30,15:59,Tuesday,False,False,0.3095
2021-04-14,4132.2500,4144.0000,4113.0000,4120.0000,1267040,390,09:30,15:59,Wednesday,False,False,-0.2964
2021-04-15,4141.7500,4166.5000,4141.2500,4163.2500,990112,390,09:30,15:59,Thursday,False,False,0.5191
2021-04-16,4177.2500,4183.5000,4161.7500,4177.2500,967517,390,09:30,15:59,Friday,False,False,0.0000
2021-04-19,4166.7500,4171.5000,4141.7500,4157.2500,1363352,390,09:30,15:59,Monday,False,False,-0.2280
2021-04-20,4143.2500,4151.0000,4110.5000,4126.5000,1378657,390,09:30,15:59,Tuesday,False,False,-0.4043
2021-04-21,4119.2500,4167.2500,4117.7500,4164.7500,1200015,390,09:30,15:59,Wednesday,False,False,1.1046
2021-04-22,4163.2500,4171.7500,4115.2500,4127.2500,1706825,390,09:30,15:59,Thursday,False,False,-0.8647
2021-04-23,4132.7500,4186.7500,4131.7500,4170.7500,1206289,390,09:30,15:59,Friday,False,False,0.9195
2021-04-26,4178.2500,4186.0000,4173.2500,4180.2500,780674,390,09:30,15:59,Monday,False,False,0.0479
2021-04-27,4183.0000,4185.2500,4166.7500,4179.0000,779917,390,09:30,15:59,Tuesday,False,False,-0.0956
2021-04-28,4182.0000,4193.7500,4172.7500,4178.0000,1064022,390,09:30,15:59,Wednesday,False,False,-0.0956
2021-04-29,4207.2500,4211.0000,4168.0000,4203.7500,1483035,390,09:30,15:59,Thursday,False,False,-0.0832
2021-04-30,4180.0000,4189.2500,4167.2500,4177.2500,1543969,390,09:30,15:59,Friday,False,False,-0.0658
2021-05-03,4198.2500,4202.5000,4181.0000,4186.2500,985806,390,09:30,15:59,Monday,False,False,-0.2858
2021-05-04,4164.7500,4170.2500,4120.5000,4160.7500,1624383,390,09:30,15:59,Tuesday,False,False,-0.0960
2021-05-05,4177.7500,4180.0000,4153.0000,4161.0000,1127779,390,09:30,15:59,Wednesday,False,False,-0.4009
2021-05-06,4162.2500,4195.7500,4140.5000,4194.5000,1415448,390,09:30,15:59,Thursday,False,False,0.7748
2021-05-07,4203.0000,4232.2500,4195.5000,4224.5000,1246371,390,09:30,15:59,Friday,False,False,0.5115
2021-05-10,4228.5000,4231.0000,4181.7500,4183.7500,1366053,390,09:30,15:59,Monday,False,False,-1.0583
2021-05-11,4134.2500,4156.2500,4103.7500,4146.2500,1952744,390,09:30,15:59,Tuesday,False,False,0.2903
2021-05-12,4115.7500,4129.0000,4051.0000,4057.7500,1976912,390,09:30,15:59,Wednesday,False,False,-1.4092
2021-05-13,4073.7500,4126.7500,4073.2500,4105.5000,1826349,390,09:30,15:59,Thursday,False,False,0.7794
2021-05-14,4135.0000,4178.2500,4134.7500,4169.0000,1115332,390,09:30,15:59,Friday,False,False,0.8222
2021-05-17,4156.7500,4167.0000,4136.5000,4158.5000,1163447,390,09:30,15:59,Monday,False,False,0.0421
2021-05-18,4161.0000,4163.5000,4120.5000,4123.0000,974635,390,09:30,15:59,Tuesday,False,False,-0.9132
2021-05-19,4071.7500,4113.0000,4055.5000,4111.5000,1781235,390,09:30,15:59,Wednesday,False,False,0.9762
2021-05-20,4120.7500,4169.2500,4119.2500,4155.5000,1133416,390,09:30,15:59,Thursday,False,False,0.8433
2021-05-21,4171.5000,4185.0000,4147.0000,4152.5000,1163564,390,09:30,15:59,Friday,False,False,-0.4555
2021-05-24,4176.2500,4206.2500,4173.5000,4194.5000,799550,390,09:30,15:59,Monday,False,False,0.4370
2021-05-25,4206.2500,4210.0000,4179.2500,4185.7500,997705,390,09:30,15:59,Tuesday,False,False,-0.4874
2021-05-26,4191.5000,4199.0000,4180.5000,4193.7500,810617,390,09:30,15:59,Wednesday,False,False,0.0537
2021-05-27,4204.5000,4210.0000,4194.2500,4195.0000,862147,390,09:30,15:59,Thursday,False,False,-0.2259
2021-05-28,4212.5000,4215.5000,4201.0000,4203.5000,805437,390,09:30,15:59,Friday,False,False,-0.2136
2021-05-31,4198.2500,4198.7500,4190.0000,4191.2500,31998,210,09:30,12:59,Monday,True,False,-0.1667
2021-06-01,4228.7500,4230.0000,4195.0000,4199.2500,979166,390,09:30,15:59,Tuesday,False,False,-0.6976
2021-06-02,4206.5000,4215.0000,4195.5000,4206.2500,825771,390,09:30,15:59,Wednesday,False,False,-0.0059
2021-06-03,4181.0000,4202.5000,4165.2500,4190.7500,1060401,390,09:30,15:59,Thursday,False,False,0.2332
2021-06-04,4210.2500,4232.0000,4209.2500,4228.2500,687010,390,09:30,15:59,Friday,False,False,0.4275
2021-06-07,4228.5000,4230.5000,4214.5000,4225.2500,681508,390,09:30,15:59,Monday,False,False,-0.0769
2021-06-08,4234.0000,4235.0000,4205.7500,4225.5000,965898,390,09:30,15:59,Tuesday,False,False,-0.2008
2021-06-09,4234.5000,4235.0000,4217.0000,4219.2500,747049,390,09:30,15:59,Wednesday,False,False,-0.3601
2021-06-10,4232.5000,4249.0000,4218.2500,4238.5000,909781,390,09:30,15:59,Thursday,False,False,0.1418
2021-06-11,4244.7500,4246.7500,4230.7500,4245.5000,296305,390,09:30,15:59,Friday,False,False,0.0177
2021-06-14,4237.7500,4247.5000,4224.5000,4247.2500,679445,390,09:30,15:59,Monday,False,False,0.2242
2021-06-15,4247.7500,4248.2500,4228.2500,4237.5000,713817,390,09:30,15:59,Tuesday,False,False,-0.2413
2021-06-16,4239.2500,4241.5000,4190.2500,4213.7500,1187344,390,09:30,15:59,Wednesday,False,False,-0.6015
2021-06-17,4208.7500,4222.7500,4185.5000,4212.5000,1260923,390,09:30,15:59,Thursday,False,False,0.0891
2021-06-18,4175.7500,4183.7500,4151.7500,4154.7500,1357326,390,09:30,15:59,Friday,False,False,-0.5029
2021-06-21,4173.5000,4216.2500,4164.7500,4214.0000,1003578,390,09:30,15:59,Monday,False,False,0.9704
2021-06-22,4213.7500,4245.5000,4205.7500,4236.0000,787577,390,09:30,15:59,Tuesday,False,False,0.5280
2021-06-23,4237.0000,4246.2500,4230.5000,4231.7500,713118,390,09:30,15:59,Wednesday,False,False,-0.1239
2021-06-24,4254.2500,4260.7500,4251.2500,4256.0000,641344,390,09:30,15:59,Thursday,False,False,0.0411
2021-06-25,4264.2500,4276.7500,4260.7500,4270.7500,663857,390,09:30,15:59,Friday,False,False,0.1524
2021-06-28,4277.2500,4282.0000,4264.2500,4280.2500,622995,390,09:30,15:59,Monday,False,False,0.0701
2021-06-29,4284.2500,4291.0000,4277.0000,4282.5000,552317,390,09:30,15:59,Tuesday,False,False,-0.0408
2021-06-30,4277.5000,4293.7500,4277.2500,4286.2500,766948,390,09:30,15:59,Wednesday,False,False,0.2046
2021-07-01,4294.0000,4312.0000,4293.2500,4310.5000,700640,390,09:30,15:59,Thursday,False,False,0.3843
2021-07-02,4322.2500,4347.0000,4319.0000,4343.0000,676404,390,09:30,15:59,Friday,False,False,0.4801
2021-07-05,4343.2500,4346.0000,4340.7500,4341.5000,17648,210,09:30,12:59,Monday,True,False,-0.0403
2021-07-06,4343.5000,4345.7500,4305.2500,4334.5000,1064523,390,09:30,15:59,Tuesday,False,False,-0.2072
2021-07-07,4342.2500,4353.2500,4320.2500,4349.7500,970545,390,09:30,15:59,Wednesday,False,False,0.1727
2021-07-08,4292.5000,4322.7500,4280.2500,4315.5000,1464221,390,09:30,15:59,Thursday,False,False,0.5358
2021-07-09,4331.0000,4364.0000,4328.2500,4360.2500,927601,390,09:30,15:59,Friday,False,False,0.6754
2021-07-12,4359.2500,4379.2500,4354.7500,4376.2500,782382,390,09:30,15:59,Monday,False,False,0.3900
2021-07-13,4367.5000,4383.7500,4358.5000,4361.5000,928911,390,09:30,15:59,Tuesday,False,False,-0.1374
2021-07-14,4379.2500,4384.5000,4354.5000,4367.7500,1016517,390,09:30,15:59,Wednesday,False,False,-0.2626
2021-07-15,4353.2500,4360.7500,4332.5000,4353.0000,1267262,390,09:30,15:59,Thursday,False,False,-0.0057
2021-07-16,4365.2500,4365.7500,4314.2500,4319.0000,1276281,390,09:30,15:59,Friday,False,False,-1.0595
2021-07-19,4266.7500,4272.0000,4224.0000,4255.0000,1976678,390,09:30,15:59,Monday,False,False,-0.2754
2021-07-20,4261.2500,4329.0000,4252.7500,4314.7500,1365249,390,09:30,15:59,Tuesday,False,False,1.2555
2021-07-21,4328.0000,4352.2500,4326.0000,4351.2500,820333,390,09:30,15:59,Wednesday,False,False,0.5372
2021-07-22,4352.0000,4362.2500,4341.5000,4359.7500,745175,390,09:30,15:59,Thursday,False,False,0.1781
2021-07-23,4379.7500,4408.2500,4372.5000,4403.7500,917501,390,09:30,15:59,Friday,False,False,0.5480
2021-07-26,4398.0000,4415.0000,4397.0000,4414.5000,656725,390,09:30,15:59,Monday,False,False,0.3752
2021-07-27,4403.5000,4404.0000,4364.7500,4395.0000,1262067,390,09:30,15:59,Tuesday,False,False,-0.1930
2021-07-28,4401.2500,4407.7500,4377.5000,4392.7500,919892,390,09:30,15:59,Wednesday,False,False,-0.1931
2021-07-29,4402.7500,4422.5000,4402.5000,4411.7500,710108,390,09:30,15:59,Thursday,False,False,0.2044
2021-07-30,4384.0000,4405.0000,4382.2500,4390.0000,960131,390,09:30,15:59,Friday,False,False,0.1369
2021-08-02,4408.0000,4414.0000,4377.2500,4380.0000,895666,390,09:30,15:59,Monday,False,False,-0.6352
2021-08-03,4388.5000,4417.0000,4365.2500,4415.5000,1059256,390,09:30,15:59,Tuesday,False,False,0.6152
2021-08-04,4401.7500,4408.2500,4391.2500,4394.0000,797437,390,09:30,15:59,Wednesday,False,False,-0.1761
2021-08-05,4406.0000,4422.7500,4402.0000,4421.5000,550495,390,09:30,15:59,Thursday,False,False,0.3518
2021-08-06,4425.0000,4433.2500,4421.7500,4429.2500,695424,390,09:30,15:59,Friday,False,False,0.0960
2021-08-09,4428.5000,4432.0000,4416.7500,4425.5000,572244,390,09:30,15:59,Monday,False,False,-0.0677
2021-08-10,4429.7500,4438.2500,4422.2500,4430.2500,777487,390,09:30,15:59,Tuesday,False,False,0.0113
2021-08-11,4441.7500,4442.5000,4430.0000,4441.0000,729950,390,09:30,15:59,Wednesday,False,False,-0.0169
2021-08-12,4439.7500,4456.2500,4430.2500,4454.5000,683350,390,09:30,15:59,Thursday,False,False,0.3322
2021-08-13,4459.5000,4463.2500,4454.2500,4462.7500,603591,390,09:30,15:59,Friday,False,False,0.0729
2021-08-16,4449.2500,4474.7500,4432.5000,4473.7500,933108,390,09:30,15:59,Monday,False,False,0.5507
2021-08-17,4445.7500,4453.5000,4411.7500,4444.5000,1459927,390,09:30,15:59,Tuesday,False,False,-0.0281
2021-08-18,4433.0000,4449.7500,4392.5000,4395.5000,1234763,390,09:30,15:59,Wednesday,False,False,-0.8459
2021-08-19,4365.7500,4414.7500,4364.5000,4402.2500,1439826,390,09:30,15:59,Thursday,False,False,0.8361
2021-08-20,4405.5000,4440.5000,4400.0000,4436.5000,920270,390,09:30,15:59,Friday,False,False,0.7037
2021-08-23,4455.0000,4485.7500,4454.2500,4476.0000,711067,390,09:30,15:59,Monday,False,False,0.4714
2021-08-24,4482.7500,4488.5000,4477.5000,4483.0000,561876,390,09:30,15:59,Tuesday,False,False,0.0056
2021-08-25,4485.0000,4498.0000,4480.7500,4492.5000,597060,390,09:30,15:59,Wednesday,False,False,0.1672
2021-08-26,4489.5000,4492.0000,4465.0000,4466.0000,1069221,390,09:30,15:59,Thursday,False,False,-0.5234
2021-08-27,4474.5000,4510.0000,4473.7500,4505.0000,942309,390,09:30,15:59,Friday,False,False,0.6816
2021-08-30,4513.2500,4534.5000,4510.5000,4525.7500,758221,390,09:30,15:59,Monday,False,False,0.2770
2021-08-31,4525.0000,4528.5000,4512.5000,4520.2500,999254,390,09:30,15:59,Tuesday,False,False,-0.1050
2021-09-01,4529.5000,4535.0000,4519.2500,4522.0000,761935,390,09:30,15:59,Wednesday,False,False,-0.1656
2021-09-02,4537.0000,4544.0000,4522.7500,4536.0000,786862,390,09:30,15:59,Thursday,False,False,-0.0220
2021-09-03,4523.2500,4540.0000,4519.2500,4534.5000,785329,390,09:30,15:59,Friday,False,False,0.2487
2021-09-06,4543.5000,4548.0000,4542.5000,4544.5000,26187,210,09:30,12:59,Monday,True,False,0.0220
2021-09-07,4530.7500,4532.0000,4510.7500,4519.0000,877483,390,09:30,15:59,Tuesday,False,False,-0.2593
2021-09-08,4512.5000,4520.2500,4492.0000,4513.0000,1109577,390,09:30,15:59,Wednesday,False,False,0.0111
2021-09-09,4510.2500,4529.5000,4490.5000,4493.2500,1062475,390,09:30,15:59,Thursday,False,False,-0.3769
2021-09-10,4514.0000,4518.2500,4456.5000,4458.7500,720491,390,09:30,15:59,Friday,False,False,-1.2240
2021-09-13,4480.5000,4483.5000,4434.5000,4459.5000,1198872,390,09:30,15:59,Monday,False,False,-0.4687
2021-09-14,4475.2500,4477.2500,4425.2500,4435.7500,1220123,390,09:30,15:59,Tuesday,False,False,-0.8826
2021-09-15,4439.5000,4477.7500,4427.5000,4472.2500,1090672,390,09:30,15:59,Wednesday,False,False,0.7377
2021-09-16,4466.2500,4476.5000,4433.2500,4464.5000,1107627,390,09:30,15:59,Thursday,False,False,-0.0392
2021-09-17,4455.7500,4460.2500,4416.2500,4420.0000,1468984,390,09:30,15:59,Friday,False,False,-0.8023
2021-09-20,4354.2500,4371.2500,4293.7500,4346.5000,2015321,390,09:30,15:59,Monday,False,False,-0.1780
2021-09-21,4371.2500,4385.0000,4336.5000,4342.7500,1460962,390,09:30,15:59,Tuesday,False,False,-0.6520
2021-09-22,4366.5000,4406.5000,4356.5000,4384.2500,1391454,390,09:30,15:59,Wednesday,False,False,0.4065
2021-09-23,4404.2500,4455.0000,4401.2500,4437.2500,1051196,390,09:30,15:59,Thursday,False,False,0.7493
2021-09-24,4420.2500,4453.0000,4417.7500,4445.5000,843876,390,09:30,15:59,Friday,False,False,0.5712
2021-09-27,4433.5000,4446.5000,4425.0000,4433.2500,950372,390,09:30,15:59,Monday,False,False,-0.0056
2021-09-28,4402.7500,4406.2500,4334.7500,4343.7500,1797341,390,09:30,15:59,Tuesday,False,False,-1.3401
2021-09-29,4358.0000,4376.5000,4344.2500,4350.5000,1355719,390,09:30,15:59,Wednesday,False,False,-0.1721
2021-09-30,4366.0000,4373.5000,4294.2500,4296.7500,1818574,390,09:30,15:59,Thursday,False,False,-1.5861
2021-10-01,4315.0000,4365.7500,4277.0000,4347.0000,1620898,390,09:30,15:59,Friday,False,False,0.7416
2021-10-04,4334.7500,4344.5000,4267.5000,4292.0000,1656857,390,09:30,15:59,Monday,False,False,-0.9862
2021-10-05,4307.5000,4359.7500,4298.5000,4335.0000,1214037,390,09:30,15:59,Tuesday,False,False,0.6384
2021-10-06,4297.0000,4355.7500,4279.5000,4353.5000,1620415,390,09:30,15:59,Wednesday,False,False,1.3149
2021-10-07,4388.2500,4421.5000,4386.5000,4391.0000,1031305,390,09:30,15:59,Thursday,False,False,0.0627
2021-10-08,4399.2500,4403.2500,4376.2500,4383.0000,973089,390,09:30,15:59,Friday,False,False,-0.3694
2021-10-11,4376.0000,4407.5000,4350.0000,4350.7500,909004,390,09:30,15:59,Monday,False,False,-0.5770
2021-10-12,4360.7500,4365.0000,4331.7500,4340.2500,905233,390,09:30,15:59,Tuesday,False,False,-0.4701
2021-10-13,4351.0000,4364.7500,4318.7500,4355.2500,1000980,390,09:30,15:59,Wednesday,False,False,0.0977
2021-10-14,4395.2500,4431.0000,4390.0000,4429.0000,925544,390,09:30,15:59,Thursday,False,False,0.7679
2021-10-15,4452.0000,4467.5000,4445.0000,4463.2500,854411,390,09:30,15:59,Friday,False,False,0.2527
2021-10-18,4443.7500,4479.7500,4436.7500,4476.7500,766550,390,09:30,15:59,Monday,False,False,0.7426
2021-10-19,4493.5000,4512.2500,4487.2500,4511.7500,738242,390,09:30,15:59,Tuesday,False,False,0.4061
2021-10-20,4515.7500,4532.2500,4514.5000,4529.0000,758506,390,09:30,15:59,Wednesday,False,False,0.2934
2021-10-21,4522.0000,4543.2500,4517.7500,4541.0000,692038,390,09:30,15:59,Thursday,False,False,0.4202
2021-10-22,4536.0000,4551.5000,4515.2500,4536.2500,1046395,390,09:30,15:59,Friday,False,False,0.0055
2021-10-25,4547.7500,4564.0000,4528.7500,4560.2500,774833,390,09:30,15:59,Monday,False,False,0.2749
2021-10-26,4576.5000,4590.0000,4560.7500,4564.7500,1021652,390,09:30,15:59,Tuesday,False,False,-0.2567
2021-10-27,4569.0000,4576.7500,4543.7500,4544.0000,984870,390,09:30,15:59,Wednesday,False,False,-0.5472
2021-10-28,4559.7500,4588.7500,4559.0000,4587.7500,884017,390,09:30,15:59,Thursday,False,False,0.6141
2021-10-29,4563.7500,4601.0000,4560.2500,4597.2500,1011566,390,09:30,15:59,Friday,False,False,0.7340
2021-11-01,4608.0000,4612.0000,4586.5000,4606.0000,793420,390,09:30,15:59,Monday,False,False,-0.0434
2021-11-02,4607.0000,4627.0000,4605.5000,4623.7500,776552,390,09:30,15:59,Tuesday,False,False,0.3636
2021-11-03,4618.0000,4657.0000,4613.0000,4652.2500,879595,390,09:30,15:59,Wednesday,False,False,0.7417
2021-11-04,4658.0000,4674.7500,4654.5000,4674.0000,909045,390,09:30,15:59,Thursday,False,False,0.3435
2021-11-05,4697.7500,4711.7500,4674.2500,4690.0000,1119106,390,09:30,15:59,Friday,False,False,-0.1650
2021-11-08,4701.7500,4707.0000,4686.7500,4694.2500,719425,390,09:30,15:59,Monday,False,False,-0.1595
2021-11-09,4698.2500,4700.5000,4663.2500,4678.7500,1065274,390,09:30,15:59,Tuesday,False,False,-0.4150
2021-11-10,4660.5000,4678.7500,4625.2500,4641.2500,1285195,390,09:30,15:59,Wednesday,False,False,-0.4130
2021-11-11,4656.7500,4657.5000,4642.0000,4642.7500,694782,390,09:30,15:59,Thursday,False,False,-0.3006
2021-11-12,4656.0000,4683.5000,4645.7500,4677.2500,890118,390,09:30,15:59,Friday,False,False,0.4564
2021-11-15,4691.5000,4692.7500,4667.0000,4679.0000,820487,390,09:30,15:59,Monday,False,False,-0.2664
2021-11-16,4676.2500,4709.7500,4675.5000,4697.2500,782795,390,09:30,15:59,Tuesday,False,False,0.4491
2021-11-17,4694.7500,4696.7500,4679.2500,4686.2500,850242,390,09:30,15:59,Wednesday,False,False,-0.1811
2021-11-18,4697.2500,4705.0000,4668.0000,4702.0000,957081,390,09:30,15:59,Thursday,False,False,0.1011
2021-11-19,4700.7500,4714.2500,4690.0000,4693.7500,883539,390,09:30,15:59,Friday,False,False,-0.1489
2021-11-22,4712.5000,4740.5000,4678.0000,4680.0000,1327288,390,09:30,15:59,Monday,False,False,-0.6897
2021-11-23,4676.7500,4695.5000,4649.0000,4687.2500,1478006,390,09:30,15:59,Tuesday,False,False,0.2245
2021-11-24,4665.0000,4700.7500,4656.2500,4698.5000,1083194,390,09:30,15:59,Wednesday,False,False,0.7181
2021-11-25,4705.7500,4708.7500,4703.2500,4705.5000,23643,210,09:30,12:59,Thursday,True,False,-0.0053
2021-11-26,4628.2500,4643.2500,4577.2500,4579.0000,1292067,225,09:30,13:14,Friday,True,False,-1.0641
2021-11-29,4645.0000,4669.7500,4621.2500,4650.5000,1413956,390,09:30,15:59,Monday,False,False,0.1184
2021-11-30,4624.0000,4644.2500,4557.0000,4562.7500,2143211,390,09:30,15:59,Tuesday,False,False,-1.3246
2021-12-01,4620.5000,4650.7500,4505.5000,4508.5000,2108721,390,09:30,15:59,Wednesday,False,False,-2.4240
2021-12-02,4510.2500,4593.7500,4506.2500,4577.5000,1995749,390,09:30,15:59,Thursday,False,False,1.4910
2021-12-03,4595.0000,4606.5000,4492.0000,4537.2500,2213768,390,09:30,15:59,Friday,False,False,-1.2568
2021-12-06,4564.7500,4611.7500,4539.2500,4591.2500,1537386,390,09:30,15:59,Monday,False,False,0.5805
2021-12-07,4647.7500,4692.5000,4647.2500,4686.2500,1316707,390,09:30,15:59,Tuesday,False,False,0.8284
2021-12-08,4690.2500,4703.2500,4671.7500,4698.5000,947627,390,09:30,15:59,Wednesday,False,False,0.1759
2021-12-09,4684.7500,4694.7500,4665.0000,4666.7500,974981,390,09:30,15:59,Thursday,False,False,-0.3842
2021-12-10,4696.0000,4712.5000,4668.7500,4710.7500,662320,390,09:30,15:59,Friday,False,False,0.3141
2021-12-13,4698.0000,4701.5000,4657.5000,4661.0000,1148546,390,09:30,15:59,Monday,False,False,-0.7876
2021-12-14,4624.7500,4652.0000,4596.2500,4628.7500,1288178,390,09:30,15:59,Tuesday,False,False,0.0865
2021-12-15,4628.7500,4703.5000,4602.0000,4700.2500,1518831,390,09:30,15:59,Wednesday,False,False,1.5447
2021-12-16,4720.0000,4723.2500,4642.0000,4658.0000,1587650,390,09:30,15:59,Thursday,False,False,-1.3136
2021-12-17,4624.7500,4657.0000,4590.0000,4608.5000,1894894,390,09:30,15:59,Friday,False,False,-0.3514
2021-12-20,4552.7500,4563.5000,4520.2500,4559.0000,1556704,390,09:30,15:59,Monday,False,False,0.1373
2021-12-21,4594.7500,4642.2500,4572.2500,4640.2500,1169801,390,09:30,15:59,Tuesday,False,False,0.9903
2021-12-22,4637.5000,4687.5000,4635.5000,4686.2500,855534,390,09:30,15:59,Wednesday,False,False,1.0512
2021-12-23,4696.5000,4731.2500,4695.5000,4715.0000,741178,390,09:30,15:59,Thursday,False,False,0.3939
2021-12-27,4729.7500,4783.5000,4729.5000,4782.7500,710051,390,09:30,15:59,Monday,False,False,1.1206
2021-12-28,4787.2500,4798.0000,4770.5000,4780.0000,764157,390,09:30,15:59,Tuesday,False,False,-0.1514
2021-12-29,4780.2500,4796.0000,4770.0000,4784.5000,674640,390,09:30,15:59,Wednesday,False,False,0.0889
2021-12-30,4788.5000,4799.7500,4767.2500,4772.2500,582658,390,09:30,15:59,Thursday,False,False,-0.3394
2021-12-31,4766.2500,4778.5000,4757.2500,4759.5000,707511,390,09:30,15:59,Friday,False,False,-0.1416
2022-01-03,4773.0000,4787.2500,4747.5000,4786.5000,1051735,390,09:30,15:59,Monday,False,False,0.2828
2022-01-04,4801.2500,4808.2500,4764.5000,4783.7500,1131848,390,09:30,15:59,Tuesday,False,False,-0.3645
2022-01-05,4780.2500,4788.2500,4691.0000,4692.2500,1502878,390,09:30,15:59,Wednesday,False,False,-1.8409
2022-01-06,4687.2500,4715.7500,4662.0000,4687.0000,1431014,390,09:30,15:59,Thursday,False,False,-0.0053
2022-01-07,4687.0000,4699.5000,4653.7500,4668.7500,1200339,390,09:30,15:59,Friday,False,False,-0.3894
2022-01-10,4633.7500,4665.0000,4572.7500,4662.2500,1803615,390,09:30,15:59,Monday,False,False,0.6151
2022-01-11,4659.7500,4706.5000,4627.2500,4705.0000,1368099,390,09:30,15:59,Tuesday,False,False,0.9711
2022-01-12,4723.0000,4739.5000,4696.7500,4718.5000,1221999,390,09:30,15:59,Wednesday,False,False,-0.0953
2022-01-13,4729.5000,4736.2500,4642.5000,4653.0000,1519765,390,09:30,15:59,Thursday,False,False,-1.6175
2022-01-14,4618.7500,4658.5000,4606.0000,4653.7500,1533191,390,09:30,15:59,Friday,False,False,0.7578
2022-01-17,4655.2500,4660.5000,4650.5000,4654.5000,35894,210,09:30,12:59,Monday,True,False,-0.0161
2022-01-18,4604.0000,4606.5000,4560.0000,4572.5000,1626450,390,09:30,15:59,Tuesday,False,False,-0.6842
2022-01-19,4588.0000,4603.0000,4521.2500,4524.7500,1457201,390,09:30,15:59,Wednesday,False,False,-1.3786
2022-01-20,4543.7500,4594.2500,4469.0000,4474.2500,1552217,390,09:30,15:59,Thursday,False,False,-1.5296
2022-01-21,4462.2500,4487.0000,4385.2500,4385.5000,2327229,390,09:30,15:59,Friday,False,False,-1.7200
2022-01-24,4326.2500,4410.0000,4212.7500,4404.7500,3029557,390,09:30,15:59,Monday,False,False,1.8145
2022-01-25,4336.2500,4402.7500,4276.5000,4351.0000,1835034,390,09:30,15:59,Tuesday,False,False,0.3402
2022-01-26,4413.0000,4446.2500,4294.2500,4340.0000,1902792,390,09:30,15:59,Wednesday,False,False,-1.6542
2022-01-27,4387.5000,4422.0000,4298.7500,4317.7500,1633809,390,09:30,15:59,Thursday,False,False,-1.5897
2022-01-28,4332.0000,4425.0000,4283.0000,4424.0000,1621541,390,09:30,15:59,Friday,False,False,2.1237
2022-01-31,4417.0000,4507.7500,4402.7500,4501.7500,1333117,390,09:30,15:59,Monday,False,False,1.9187
2022-02-01,4511.7500,4541.0000,4474.0000,4534.2500,1207532,390,09:30,15:59,Tuesday,False,False,0.4987
2022-02-02,4559.7500,4586.0000,4535.2500,4577.2500,1237430,390,09:30,15:59,Wednesday,False,False,0.3838
2022-02-03,4514.2500,4534.2500,4462.0000,4471.7500,1338245,390,09:30,15:59,Thursday,False,False,-0.9415
2022-02-04,4467.7500,4532.5000,4442.5000,4491.2500,1367643,390,09:30,15:59,Friday,False,False,0.5260
2022-02-07,4499.5000,4514.5000,4462.7500,4476.7500,1146387,390,09:30,15:59,Monday,False,False,-0.5056
2022-02-08,4471.0000,4523.7500,4456.2500,4513.2500,1182481,390,09:30,15:59,Tuesday,False,False,0.9450
2022-02-09,4556.7500,4582.5000,4554.5000,4579.5000,1075507,390,09:30,15:59,Wednesday,False,False,0.4993
2022-02-10,4517.5000,4581.7500,4476.0000,4498.0000,1925600,390,09:30,15:59,Thursday,False,False,-0.4317
2022-02-11,4498.7500,4520.5000,4393.2500,4408.2500,2021561,390,09:30,15:59,Friday,False,False,-2.0117
2022-02-14,4403.0000,4420.0000,4357.0000,4394.7500,1557524,390,09:30,15:59,Monday,False,False,-0.1874
2022-02-15,4441.5000,4466.7500,4436.0000,4464.5000,1084295,390,09:30,15:59,Tuesday,False,False,0.5178
2022-02-16,4443.5000,4484.5000,4422.7500,4470.2500,1078972,390,09:30,15:59,Wednesday,False,False,0.6020
2022-02-17,4436.0000,4441.7500,4367.7500,4375.0000,1173038,390,09:30,15:59,Thursday,False,False,-1.3751
2022-02-18,4377.0000,4390.2500,4321.0000,4346.0000,1364303,390,09:30,15:59,Friday,False,False,-0.7082
2022-02-21,4323.0000,4329.0000,4285.2500,4289.5000,105179,210,09:30,12:59,Monday,True,False,-0.7749
2022-02-22,4322.2500,4358.7500,4261.5000,4300.0000,1512091,390,09:30,15:59,Tuesday,False,False,-0.5148
2022-02-23,4330.2500,4335.7500,4216.2500,4223.0000,1529223,390,09:30,15:59,Wednesday,False,False,-2.4768
2022-02-24,4112.5000,4290.0000,4108.7500,4285.7500,1909711,390,09:30,15:59,Thursday,False,False,4.2128
2022-02-25,4298.7500,4381.7500,4281.2500,4380.0000,1329455,390,09:30,15:59,Friday,False,False,1.8901
2022-02-28,4323.5000,4385.5000,4310.0000,4369.5000,1492877,390,09:30,15:59,Monday,False,False,1.0640
2022-03-01,4353.2500,4374.5000,4275.0000,4303.2500,1392119,390,09:30,15:59,Tuesday,False,False,-1.1486
2022-03-02,4327.2500,4399.2500,4318.7500,4381.5000,1203458,390,09:30,15:59,Wednesday,False,False,1.2537
2022-03-03,4407.5000,4414.0000,4341.0000,4360.5000,1191218,390,09:30,15:59,Thursday,False,False,-1.0664
2022-03-04,4320.0000,4337.0000,4281.2500,4325.5000,1223041,390,09:30,15:59,Friday,False,False,0.1273
2022-03-07,4318.5000,4321.2500,4197.0000,4198.0000,1258857,390,09:30,15:59,Monday,False,False,-2.7903
2022-03-08,4199.7500,4275.0000,4153.2500,4165.2500,1733213,390,09:30,15:59,Tuesday,False,False,-0.8215
2022-03-09,4254.7500,4298.2500,4230.7500,4277.2500,1070685,390,09:30,15:59,Wednesday,False,False,0.5288
2022-03-10,4227.7500,4267.5000,4207.0000,4258.0000,1003513,390,09:30,15:59,Thursday,False,False,0.7155
2022-03-11,4284.7500,4290.7500,4198.0000,4203.5000,569032,390,09:30,15:59,Friday,False,False,-1.8963
2022-03-14,4203.0000,4239.7500,4152.2500,4165.0000,918010,390,09:30,15:59,Monday,False,False,-0.9041
2022-03-15,4192.0000,4263.2500,4178.5000,4256.2500,1076010,390,09:30,15:59,Tuesday,False,False,1.5327
2022-03-16,4294.0000,4351.7500,4242.2500,4351.0000,1338185,390,09:30,15:59,Wednesday,False,False,1.3274
2022-03-17,4330.0000,4406.5000,4325.7500,4405.0000,923974,390,09:30,15:59,Thursday,False,False,1.7321
2022-03-18,4387.7500,4457.0000,4379.0000,4452.7500,970781,390,09:30,15:59,Friday,False,False,1.4814
2022-03-21,4451.5000,4473.0000,4415.0000,4453.0000,1090285,390,09:30,15:59,Monday,False,False,0.0337
2022-03-22,4467.2500,4514.7500,4467.0000,4505.5000,949366,390,09:30,15:59,Tuesday,False,False,0.8562
2022-03-23,4477.5000,4493.7500,4446.0000,4446.7500,1014228,390,09:30,15:59,Wednesday,False,False,-0.6868
2022-03-24,4468.0000,4513.5000,4456.0000,4513.2500,940672,390,09:30,15:59,Thursday,False,False,1.0128
2022-03-25,4520.2500,4539.0000,4493.2500,4536.0000,967111,390,09:30,15:59,Friday,False,False,0.3484
2022-03-28,4529.5000,4569.0000,4509.7500,4569.0000,901226,390,09:30,15:59,Monday,False,False,0.8721
2022-03-29,4610.0000,4631.0000,4581.7500,4627.0000,992443,390,09:30,15:59,Tuesday,False,False,0.3688
2022-03-30,4614.0000,4622.5000,4574.7500,4598.0000,923502,390,09:30,15:59,Wednesday,False,False,-0.3468
2022-03-31,4589.2500,4597.2500,4526.2500,4527.7500,1215548,390,09:30,15:59,Thursday,False,False,-1.3401
2022-04-01,4543.5000,4545.0000,4501.2500,4538.0000,1136516,390,09:30,15:59,Friday,False,False,-0.1211
2022-04-04,4541.2500,4578.7500,4532.7500,4577.7500,792569,390,09:30,15:59,Monday,False,False,0.8037
2022-04-05,4562.2500,4588.7500,4507.7500,4521.2500,1095149,390,09:30,15:59,Tuesday,False,False,-0.8987
2022-04-06,4477.7500,4499.5000,4444.5000,4475.5000,1428276,390,09:30,15:59,Wednesday,False,False,-0.0502
2022-04-07,4466.0000,4517.2500,4444.5000,4497.5000,1155578,390,09:30,15:59,Thursday,False,False,0.7053
2022-04-08,4489.2500,4516.0000,4468.7500,4487.0000,1060052,390,09:30,15:59,Friday,False,False,-0.0501
2022-04-11,4450.5000,4459.5000,4403.5000,4409.2500,1084844,390,09:30,15:59,Monday,False,False,-0.9269
2022-04-12,4440.7500,4466.7500,4375.5000,4391.2500,1289447,390,09:30,15:59,Tuesday,False,False,-1.1147
2022-04-13,4389.2500,4449.5000,4387.0000,4442.5000,930963,390,09:30,15:59,Wednesday,False,False,1.2132
2022-04-14,4444.0000,4455.7500,4385.2500,4387.2500,1048798,390,09:30,15:59,Thursday,False,False,-1.2770
2022-04-18,4376.2500,4406.2500,4364.5000,4389.0000,917365,390,09:30,15:59,Monday,False,False,0.2913
2022-04-19,4386.7500,4467.0000,4385.0000,4459.0000,1117261,390,09:30,15:59,Tuesday,False,False,1.6470
2022-04-20,4477.5000,4484.2500,4443.5000,4455.7500,1107039,390,09:30,15:59,Wednesday,False,False,-0.4858
2022-04-21,4494.5000,4509.0000,4380.0000,4388.7500,1419551,390,09:30,15:59,Thursday,False,False,-2.3529
2022-04-22,4377.2500,4380.5000,4262.2500,4269.2500,1597620,390,09:30,15:59,Friday,False,False,-2.4673
2022-04-25,4244.0000,4294.7500,4195.2500,4293.0000,1772200,390,09:30,15:59,Monday,False,False,1.1546
2022-04-26,4265.7500,4267.5000,4167.2500,4168.0000,1587959,390,09:30,15:59,Tuesday,False,False,-2.2915
2022-04-27,4179.2500,4236.2500,4157.0000,4179.5000,1542683,390,09:30,15:59,Wednesday,False,False,0.0060
2022-04-28,4229.7500,4303.5000,4182.5000,4285.2500,1360088,390,09:30,15:59,Thursday,False,False,1.3121
2022-04-29,4242.5000,4265.5000,4118.7500,4127.7500,1626232,390,09:30,15:59,Friday,False,False,-2.7048
2022-05-02,4127.0000,4165.7500,4056.0000,4151.5000,1904415,390,09:30,15:59,Monday,False,False,0.5937
2022-05-03,4156.0000,4195.7500,4139.0000,4170.2500,1368556,390,09:30,15:59,Tuesday,False,False,0.3429
2022-05-04,4176.5000,4303.0000,4142.7500,4297.0000,1505487,390,09:30,15:59,Wednesday,False,False,2.8852
2022-05-05,4251.0000,4252.0000,4099.2500,4144.5000,2009296,390,09:30,15:59,Thursday,False,False,-2.5053
2022-05-06,4116.5000,4153.2500,4062.0000,4119.0000,1822023,390,09:30,15:59,Friday,False,False,0.0607
2022-05-09,4055.5000,4069.0000,3970.0000,3987.2500,1616572,390,09:30,15:59,Monday,False,False,-1.6829
2022-05-10,4050.0000,4065.5000,3953.0000,3995.0000,1772111,390,09:30,15:59,Tuesday,False,False,-1.3580
2022-05-11,3985.0000,4045.0000,3923.7500,3932.0000,1617752,390,09:30,15:59,Wednesday,False,False,-1.3300
2022-05-12,3897.0000,3961.7500,3855.0000,3927.7500,1816183,390,09:30,15:59,Thursday,False,False,0.7891
2022-05-13,3970.7500,4036.0000,3959.5000,4020.2500,1453492,390,09:30,15:59,Friday,False,False,1.2466
2022-05-16,4003.2500,4043.5000,3979.5000,4006.5000,1319910,390,09:30,15:59,Monday,False,False,0.0812
2022-05-17,4069.5000,4089.7500,4029.7500,4086.2500,1315538,390,09:30,15:59,Tuesday,False,False,0.4116
2022-05-18,4038.2500,4041.5000,3908.0000,3923.7500,1756388,390,09:30,15:59,Wednesday,False,False,-2.8354
2022-05-19,3888.2500,3943.5000,3874.0000,3897.0000,1775694,390,09:30,15:59,Thursday,False,False,0.2250
2022-05-20,3935.5000,3941.0000,3807.5000,3898.2500,1930400,390,09:30,15:59,Friday,False,False,-0.9465
2022-05-23,3931.0000,3980.5000,3906.5000,3972.0000,1363098,390,09:30,15:59,Monday,False,False,1.0430
2022-05-24,3928.0000,3954.5000,3872.0000,3943.2500,1675116,390,09:30,15:59,Tuesday,False,False,0.3882
2022-05-25,3925.0000,3997.7500,3921.5000,3979.0000,1379284,390,09:30,15:59,Wednesday,False,False,1.3758
2022-05-26,3989.2500,4073.5000,3987.5000,4055.5000,1101127,390,09:30,15:59,Thursday,False,False,1.6607
2022-05-27,4081.5000,4157.2500,4079.5000,4156.2500,1133104,390,09:30,15:59,Friday,False,False,1.8314
2022-05-30,4169.2500,4187.0000,4166.2500,4177.5000,48716,210,09:30,12:59,Monday,True,False,0.1979
2022-05-31,4138.0000,4167.7500,4102.7500,4132.2500,1545273,390,09:30,15:59,Tuesday,False,False,-0.1390
2022-06-01,4154.2500,4165.0000,4071.5000,4098.2500,1567664,390,09:30,15:59,Wednesday,False,False,-1.3480
2022-06-02,4096.5000,4176.5000,4072.2500,4175.7500,1172957,390,09:30,15:59,Thursday,False,False,1.9346
2022-06-03,4125.5000,4142.2500,4096.7500,4108.0000,1150513,390,09:30,15:59,Friday,False,False,-0.4242
2022-06-06,4149.7500,4168.2500,4107.2500,4119.2500,1172818,390,09:30,15:59,Monday,False,False,-0.7350
2022-06-07,4082.5000,4164.0000,4077.7500,4158.7500,1270711,390,09:30,15:59,Tuesday,False,False,1.8677
2022-06-08,4141.0000,4160.0000,4105.2500,4114.2500,1338631,390,09:30,15:59,Wednesday,False,False,-0.6460
2022-06-09,4094.5000,4118.2500,4014.7500,4015.0000,1361373,390,09:30,15:59,Thursday,False,False,-1.9416
2022-06-10,3949.5000,3958.2500,3897.0000,3898.0000,1024092,390,09:30,15:59,Friday,False,False,-1.3040
2022-06-13,3797.5000,3818.0000,3732.5000,3750.2500,814286,390,09:30,15:59,Monday,False,False,-1.2442
2022-06-14,3768.0000,3778.7500,3705.2500,3738.0000,360638,390,09:30,15:59,Tuesday,False,False,-0.7962
2022-06-15,3776.2500,3843.0000,3723.5000,3795.5000,1562039,390,09:30,15:59,Wednesday,False,False,0.5098
2022-06-16,3707.5000,3711.7500,3642.0000,3673.5000,1714269,390,09:30,15:59,Thursday,False,False,-0.9171
2022-06-17,3672.5000,3711.7500,3639.0000,3675.2500,1602751,390,09:30,15:59,Friday,False,False,0.0749
2022-06-20,3703.0000,3725.0000,3697.2500,3716.0000,64645,210,09:30,12:59,Monday,True,False,0.3511
2022-06-21,3736.2500,3783.7500,3735.5000,3768.5000,1016083,390,09:30,15:59,Tuesday,False,False,0.8632
2022-06-22,3724.0000,3805.5000,3719.2500,3760.7500,1271825,390,09:30,15:59,Wednesday,False,False,0.9868
2022-06-23,3783.7500,3805.7500,3745.7500,3798.7500,1246235,390,09:30,15:59,Thursday,False,False,0.3964
2022-06-24,3831.7500,3919.5000,3831.0000,3919.0000,1152862,390,09:30,15:59,Friday,False,False,2.2770
2022-06-27,3928.7500,3931.7500,3892.5000,3905.5000,1139011,390,09:30,15:59,Monday,False,False,-0.5918
2022-06-28,3920.2500,3950.0000,3823.0000,3825.2500,1455284,390,09:30,15:59,Tuesday,False,False,-2.4233
2022-06-29,3830.0000,3840.0000,3801.2500,3820.5000,1350105,390,09:30,15:59,Wednesday,False,False,-0.2480
2022-06-30,3778.0000,3822.7500,3741.2500,3789.5000,1817989,390,09:30,15:59,Thursday,False,False,0.3044
2022-07-01,3781.0000,3833.5000,3753.5000,3828.0000,1336636,390,09:30,15:59,Friday,False,False,1.2431
2022-07-04,3818.7500,3819.5000,3805.7500,3813.5000,30228,210,09:30,12:59,Monday,True,False,-0.1375
2022-07-05,3774.5000,3835.7500,3744.0000,3835.5000,1481338,390,09:30,15:59,Tuesday,False,False,1.6161
2022-07-06,3836.7500,3875.0000,3811.5000,3849.5000,1336986,390,09:30,15:59,Wednesday,False,False,0.3323
2022-07-07,3867.0000,3914.2500,3866.5000,3904.7500,1003259,390,09:30,15:59,Thursday,False,False,0.9762
2022-07-08,3887.5000,3922.0000,3871.5000,3902.0000,1102310,390,09:30,15:59,Friday,False,False,0.3730
2022-07-11,3873.2500,3884.0000,3850.0000,3857.7500,1200448,390,09:30,15:59,Monday,False,False,-0.4002
2022-07-12,3851.0000,3876.5000,3804.7500,3824.0000,1339526,390,09:30,15:59,Tuesday,False,False,-0.7011
2022-07-13,3765.5000,3834.7500,3760.5000,3803.0000,1620413,390,09:30,15:59,Wednesday,False,False,0.9959
2022-07-14,3749.5000,3800.0000,3723.7500,3794.2500,1463846,390,09:30,15:59,Thursday,False,False,1.1935
2022-07-15,3840.0000,3867.0000,3819.7500,3865.5000,1070424,390,09:30,15:59,Friday,False,False,0.6641
2022-07-18,3898.0000,3905.2500,3820.2500,3834.0000,1137263,390,09:30,15:59,Monday,False,False,-1.6419
2022-07-19,3874.5000,3943.2500,3868.0000,3936.5000,1241368,390,09:30,15:59,Tuesday,False,False,1.6002
2022-07-20,3938.5000,3977.2500,3924.7500,3962.5000,1366838,390,09:30,15:59,Wednesday,False,False,0.6094
2022-07-21,3954.7500,4003.0000,3930.2500,4002.7500,1448782,390,09:30,15:59,Thursday,False,False,1.2137
2022-07-22,4003.2500,4016.2500,3941.5000,3965.5000,1462662,390,09:30,15:59,Friday,False,False,-0.9430
2022-07-25,3971.2500,3979.0000,3946.0000,3970.0000,1221610,390,09:30,15:59,Monday,False,False,-0.0315
2022-07-26,3952.7500,3955.0000,3913.2500,3923.0000,1268170,390,09:30,15:59,Tuesday,False,False,-0.7526
2022-07-27,3957.5000,4042.7500,3954.5000,4024.0000,1413782,390,09:30,15:59,Wednesday,False,False,1.6804
2022-07-28,4031.7500,4081.2500,3994.5000,4073.2500,1596317,390,09:30,15:59,Thursday,False,False,1.0293
2022-07-29,4089.0000,4144.0000,4081.0000,4133.7500,1510079,390,09:30,15:59,Friday,False,False,1.0944
2022-08-01,4105.0000,4147.2500,4097.0000,4119.7500,1454952,390,09:30,15:59,Monday,False,False,0.3593
2022-08-02,4103.7500,4143.0000,4080.5000,4094.0000,1550831,390,09:30,15:59,Tuesday,False,False,-0.2376
2022-08-03,4115.7500,4170.0000,4112.5000,4157.0000,1386416,390,09:30,15:59,Wednesday,False,False,1.0022
2022-08-04,4155.7500,4163.0000,4136.0000,4153.2500,979068,390,09:30,15:59,Thursday,False,False,-0.0602
2022-08-05,4108.0000,4153.2500,4107.2500,4146.0000,1355620,390,09:30,15:59,Friday,False,False,0.9250
2022-08-08,4164.2500,4188.0000,4129.2500,4141.5000,1248839,390,09:30,15:59,Monday,False,False,-0.5463
2022-08-09,4133.5000,4138.7500,4113.0000,4125.0000,1045439,390,09:30,15:59,Tuesday,False,False,-0.2056
2022-08-10,4199.0000,4213.0000,4178.5000,4210.5000,1160452,390,09:30,15:59,Wednesday,False,False,0.2739
2022-08-11,4240.5000,4260.5000,4202.7500,4211.5000,1253575,390,09:30,15:59,Thursday,False,False,-0.6839
2022-08-12,4231.0000,4282.7500,4221.0000,4281.0000,977636,390,09:30,15:59,Friday,False,False,1.1818
2022-08-15,4258.2500,4304.7500,4257.7500,4299.0000,1051770,390,09:30,15:59,Monday,False,False,0.9570
2022-08-16,4287.7500,4327.5000,4278.7500,4307.0000,1112594,390,09:30,15:59,Tuesday,False,False,0.4490
2022-08-17,4269.2500,4305.2500,4255.0000,4276.5000,1319459,390,09:30,15:59,Wednesday,False,False,0.1698
2022-08-18,4277.5000,4295.5000,4264.0000,4288.5000,1102620,390,09:30,15:59,Thursday,False,False,0.2572
2022-08-19,4259.0000,4261.7500,4220.7500,4230.0000,1343276,390,09:30,15:59,Friday,False,False,-0.6809
2022-08-22,4178.7500,4180.5000,4131.5000,4142.7500,1376059,390,09:30,15:59,Monday,False,False,-0.8615
2022-08-23,4137.0000,4161.7500,4125.0000,4131.0000,1273920,390,09:30,15:59,Tuesday,False,False,-0.1450
2022-08-24,4128.5000,4158.5000,4121.2500,4143.7500,1052720,390,09:30,15:59,Wednesday,False,False,0.3694
2022-08-25,4158.7500,4202.7500,4147.5000,4202.2500,1301982,390,09:30,15:59,Thursday,False,False,1.0460
2022-08-26,4200.7500,4206.2500,4058.2500,4059.0000,1795044,390,09:30,15:59,Friday,False,False,-3.3744
2022-08-29,4028.0000,4064.0000,4017.0000,4032.0000,1517497,390,09:30,15:59,Monday,False,False,0.0993
2022-08-30,4043.5000,4046.5000,3964.5000,3986.2500,2168783,390,09:30,15:59,Tuesday,False,False,-1.4159
2022-08-31,4004.0000,4017.0000,3954.7500,3955.7500,1870679,390,09:30,15:59,Wednesday,False,False,-1.2050
2022-09-01,3932.0000,3971.2500,3903.5000,3967.5000,1744066,390,09:30,15:59,Thursday,False,False,0.9028
2022-09-02,4006.2500,4019.2500,3906.0000,3925.5000,1995719,390,09:30,15:59,Friday,False,False,-2.0156
2022-09-05,3931.7500,3940.5000,3928.2500,3936.2500,41103,210,09:30,12:59,Monday,True,False,0.1145
2022-09-06,3934.0000,3944.5000,3886.7500,3911.0000,1747949,390,09:30,15:59,Tuesday,False,False,-0.5846
2022-09-07,3906.7500,3988.7500,3904.5000,3980.5000,1509853,390,09:30,15:59,Wednesday,False,False,1.8878
2022-09-08,3955.2500,4010.7500,3942.7500,4005.7500,1768039,390,09:30,15:59,Thursday,False,False,1.2768
2022-09-09,4029.2500,4077.2500,4026.2500,4066.7500,891023,390,09:30,15:59,Friday,False,False,0.9307
2022-09-12,4089.5000,4119.7500,4086.0000,4111.2500,513484,390,09:30,15:59,Monday,False,False,0.5318
2022-09-13,4019.2500,4032.0000,3919.7500,3932.2500,408443,390,09:30,15:59,Tuesday,False,False,-2.1646
2022-09-14,3963.7500,3981.2500,3929.0000,3964.2500,1765158,390,09:30,15:59,Wednesday,False,False,0.0126
2022-09-15,3947.0000,3977.5000,3905.0000,3918.7500,1962804,390,09:30,15:59,Thursday,False,False,-0.7157
2022-09-16,3873.7500,3895.0000,3853.0000,3888.7500,2109652,390,09:30,15:59,Friday,False,False,0.3872
2022-09-19,3854.0000,3918.7500,3853.2500,3918.7500,1735436,390,09:30,15:59,Monday,False,False,1.6801
2022-09-20,3882.7500,3893.2500,3843.2500,3874.0000,1937511,390,09:30,15:59,Tuesday,False,False,-0.2254
2022-09-21,3893.0000,3925.2500,3804.0000,3804.0000,1983739,390,09:30,15:59,Wednesday,False,False,-2.2862
2022-09-22,3795.7500,3806.7500,3763.5000,3771.2500,2001396,390,09:30,15:59,Thursday,False,False,-0.6455
2022-09-23,3734.7500,3735.2500,3660.2500,3707.5000,2276220,390,09:30,15:59,Friday,False,False,-0.7296
2022-09-26,3692.0000,3730.5000,3657.5000,3671.0000,2270918,390,09:30,15:59,Monday,False,False,-0.5688
2022-09-27,3708.5000,3733.0000,3635.2500,3661.0000,2415982,390,09:30,15:59,Tuesday,False,False,-1.2808
2022-09-28,3670.2500,3751.2500,3652.2500,3732.5000,1871549,390,09:30,15:59,Wednesday,False,False,1.6961
2022-09-29,3694.2500,3697.5000,3622.0000,3654.5000,2233419,390,09:30,15:59,Thursday,False,False,-1.0760
2022-09-30,3644.0000,3684.5000,3596.5000,3597.2500,2183033,390,09:30,15:59,Friday,False,False,-1.2829
2022-10-03,3635.7500,3711.7500,3617.0000,3691.2500,1708106,390,09:30,15:59,Monday,False,False,1.5265
2022-10-04,3749.2500,3805.7500,3748.5000,3804.7500,1808755,390,09:30,15:59,Tuesday,False,False,1.4803
2022-10-05,3759.0000,3820.0000,3734.0000,3797.0000,1621751,390,09:30,15:59,Wednesday,False,False,1.0109
2022-10-06,3780.5000,3811.5000,3750.7500,3756.0000,1710926,390,09:30,15:59,Thursday,False,False,-0.6481
2022-10-07,3713.7500,3717.5000,3632.5000,3651.2500,1640759,390,09:30,15:59,Friday,False,False,-1.6829
2022-10-10,3663.0000,3665.5000,3600.0000,3623.5000,1607993,390,09:30,15:59,Monday,False,False,-1.0784
2022-10-11,3604.7500,3653.2500,3579.0000,3599.7500,1897824,390,09:30,15:59,Tuesday,False,False,-0.1387
2022-10-12,3604.0000,3620.7500,3585.5000,3587.5000,1433279,390,09:30,15:59,Wednesday,False,False,-0.4578
2022-10-13,3513.2500,3697.7500,3502.0000,3682.0000,2512019,390,09:30,15:59,Thursday,False,False,4.8032
2022-10-14,3707.5000,3725.2500,3591.2500,3599.2500,2055601,390,09:30,15:59,Friday,False,False,-2.9198
2022-10-17,3662.2500,3702.5000,3661.5000,3690.0000,1498203,390,09:30,15:59,Monday,False,False,0.7577
2022-10-18,3773.5000,3777.2500,3697.2500,3733.7500,2072243,390,09:30,15:59,Tuesday,False,False,-1.0534
2022-10-19,3712.0000,3740.7500,3676.7500,3707.0000,1800627,390,09:30,15:59,Wednesday,False,False,-0.1347
2022-10-20,3700.2500,3748.0000,3666.2500,3674.5000,1836016,390,09:30,15:59,Thursday,False,False,-0.6959
2022-10-21,3671.5000,3769.5000,3655.5000,3763.7500,2008205,390,09:30,15:59,Friday,False,False,2.5126
2022-10-24,3779.5000,3822.0000,3751.7500,3809.5000,1525885,390,09:30,15:59,Monday,False,False,0.7938
2022-10-25,3808.7500,3874.2500,3807.0000,3870.0000,1357077,390,09:30,15:59,Tuesday,False,False,1.6081
2022-10-26,3837.2500,3897.5000,3834.2500,3842.0000,1607145,390,09:30,15:59,Wednesday,False,False,0.1238
2022-10-27,3850.7500,3870.7500,3813.5000,3820.0000,1549322,390,09:30,15:59,Thursday,False,False,-0.7985
2022-10-28,3818.5000,3916.5000,3816.5000,3910.7500,1485548,390,09:30,15:59,Friday,False,False,2.4159
2022-10-31,3884.2500,3904.5000,3872.2500,3882.7500,1558824,390,09:30,15:59,Monday,False,False,-0.0386
2022-11-01,3921.7500,3924.2500,3852.5000,3865.0000,1494419,390,09:30,15:59,Tuesday,False,False,-1.4471
2022-11-02,3858.5000,3907.0000,3766.7500,3767.0000,1818213,390,09:30,15:59,Wednesday,False,False,-2.3714
2022-11-03,3732.0000,3758.5000,3704.2500,3726.2500,1417105,390,09:30,15:59,Thursday,False,False,-0.1541
2022-11-04,3786.2500,3805.5000,3715.2500,3780.2500,1912624,390,09:30,15:59,Friday,False,False,-0.1585
2022-11-07,3793.0000,3821.7500,3771.2500,3816.0000,1085499,390,09:30,15:59,Monday,False,False,0.6064
2022-11-08,3826.7500,3867.0000,3792.7500,3835.2500,1517824,390,09:30,15:59,Tuesday,False,False,0.2221
2022-11-09,3813.2500,3825.7500,3750.0000,3755.5000,1458458,390,09:30,15:59,Wednesday,False,False,-1.5145
2022-11-10,3894.2500,3965.5000,3870.7500,3961.0000,1696553,390,09:30,15:59,Thursday,False,False,1.7141
2022-11-11,3971.2500,4009.7500,3951.0000,4000.7500,1422330,390,09:30,15:59,Friday,False,False,0.7428
2022-11-14,3981.7500,4017.5000,3964.0000,3967.5000,1223081,390,09:30,15:59,Monday,False,False,-0.3579
2022-11-15,4026.7500,4038.7500,3960.0000,4001.0000,1774294,390,09:30,15:59,Tuesday,False,False,-0.6395
2022-11-16,3983.0000,3992.7500,3962.0000,3969.5000,1090419,390,09:30,15:59,Wednesday,False,False,-0.3389
2022-11-17,3917.0000,3962.5000,3913.7500,3956.0000,1138573,390,09:30,15:59,Thursday,False,False,0.9957
2022-11-18,3990.5000,3991.7500,3942.5000,3973.2500,1148735,390,09:30,15:59,Friday,False,False,-0.4323
2022-11-21,3958.5000,3970.5000,3937.5000,3958.0000,903437,390,09:30,15:59,Monday,False,False,-0.0126
2022-11-22,3977.5000,4012.5000,3962.7500,4010.0000,850017,390,09:30,15:59,Tuesday,False,False,0.8171
2022-11-23,4005.7500,4039.5000,4003.2500,4034.5000,979674,390,09:30,15:59,Wednesday,False,False,0.7177
2022-11-24,4043.2500,4047.5000,4042.0000,4043.5000,22505,210,09:30,12:59,Thursday,True,False,0.0062
2022-11-25,4028.0000,4039.2500,4025.2500,4034.2500,329377,225,09:30,13:14,Friday,True,False,0.1552
2022-11-28,4000.5000,4017.7500,3960.2500,3968.5000,1113227,390,09:30,15:59,Monday,False,False,-0.7999
2022-11-29,3969.0000,3981.7500,3941.2500,3961.2500,1165845,390,09:30,15:59,Tuesday,False,False,-0.1953
2022-11-30,3962.7500,4083.5000,3942.7500,4082.2500,1928775,390,09:30,15:59,Wednesday,False,False,3.0156
2022-12-01,4095.2500,4110.0000,4054.5000,4081.0000,1347219,390,09:30,15:59,Thursday,False,False,-0.3480
2022-12-02,4028.5000,4085.5000,4027.5000,4075.2500,1321776,390,09:30,15:59,Friday,False,False,1.1605
2022-12-05,4045.7500,4055.5000,3987.2500,4002.0000,1172921,390,09:30,15:59,Monday,False,False,-1.0814
2022-12-06,4000.0000,4005.5000,3921.5000,3943.7500,1480058,390,09:30,15:59,Tuesday,False,False,-1.4062
2022-12-07,3933.7500,3961.5000,3924.2500,3936.2500,1312283,390,09:30,15:59,Wednesday,False,False,0.0636
2022-12-08,3955.0000,3977.2500,3937.7500,3965.7500,1204184,390,09:30,15:59,Thursday,False,False,0.2718
2022-12-09,3952.2500,3979.5000,3934.7500,3936.2500,833696,390,09:30,15:59,Friday,False,False,-0.4048
2022-12-12,3944.5000,3992.7500,3937.0000,3992.5000,403681,390,09:30,15:59,Monday,False,False,1.2169
2022-12-13,4106.5000,4107.2500,3993.5000,4023.0000,443364,390,09:30,15:59,Tuesday,False,False,-2.0334
2022-12-14,4051.7500,4090.7500,3997.0000,4029.2500,1344726,390,09:30,15:59,Wednesday,False,False,-0.5553
2022-12-15,3976.0000,3985.2500,3908.0000,3927.0000,1526072,390,09:30,15:59,Thursday,False,False,-1.2324
2022-12-16,3898.5000,3912.5000,3855.2500,3877.7500,1376062,390,09:30,15:59,Friday,False,False,-0.5323
2022-12-19,3880.0000,3883.5000,3827.2500,3844.2500,1098113,390,09:30,15:59,Monday,False,False,-0.9214
2022-12-20,3836.7500,3866.5000,3822.2500,3849.2500,1129580,390,09:30,15:59,Tuesday,False,False,0.3258
2022-12-21,3876.7500,3918.7500,3870.5000,3906.5000,1189984,390,09:30,15:59,Wednesday,False,False,0.7674
2022-12-22,3872.5000,3875.5000,3788.5000,3850.0000,1479979,390,09:30,15:59,Thursday,False,False,-0.5810
2022-12-23,3838.0000,3872.5000,3821.2500,3871.2500,1030813,390,09:30,15:59,Friday,False,False,0.8663
2022-12-27,3869.7500,3873.0000,3837.2500,3855.7500,788960,390,09:30,15:59,Tuesday,False,False,-0.3618
2022-12-28,3854.0000,3875.0000,3804.5000,3806.7500,1028797,390,09:30,15:59,Wednesday,False,False,-1.2260
2022-12-29,3834.7500,3882.7500,3829.0000,3872.2500,887875,390,09:30,15:59,Thursday,False,False,0.9779
2022-12-30,3844.0000,3862.2500,3821.5000,3861.2500,1068410,390,09:30,15:59,Friday,False,False,0.4488
2023-01-03,3881.0000,3901.5000,3814.5000,3844.7500,1256031,390,09:30,15:59,Tuesday,False,False,-0.9340
2023-01-04,3869.0000,3896.2500,3836.5000,3873.7500,1551880,390,09:30,15:59,Wednesday,False,False,0.1228
2023-01-05,3852.7500,3853.5000,3822.5000,3829.0000,1303478,390,09:30,15:59,Thursday,False,False,-0.6164
2023-01-06,3861.2500,3928.7500,3829.0000,3916.2500,1498682,390,09:30,15:59,Friday,False,False,1.4244
2023-01-09,3939.5000,3973.2500,3911.7500,3913.7500,1369562,390,09:30,15:59,Monday,False,False,-0.6536
2023-01-10,3907.5000,3942.0000,3897.2500,3941.7500,1173353,390,09:30,15:59,Tuesday,False,False,0.8765
2023-01-11,3957.5000,3990.7500,3948.7500,3989.7500,1075586,390,09:30,15:59,Wednesday,False,False,0.8149
2023-01-12,3999.7500,4018.5000,3957.2500,4002.7500,1505328,390,09:30,15:59,Thursday,False,False,0.0750
2023-01-13,3968.2500,4024.2500,3965.7500,4017.7500,1066341,390,09:30,15:59,Friday,False,False,1.2474
2023-01-16,4014.7500,4020.5000,4008.2500,4009.7500,37975,210,09:30,12:59,Monday,True,False,-0.1245
2023-01-17,4018.2500,4035.2500,4002.7500,4010.2500,996837,390,09:30,15:59,Tuesday,False,False,-0.1991
2023-01-18,4022.0000,4033.5000,3943.7500,3946.7500,1481968,390,09:30,15:59,Wednesday,False,False,-1.8710
2023-01-19,3923.0000,3940.2500,3901.7500,3916.7500,1435153,390,09:30,15:59,Thursday,False,False,-0.1593
2023-01-20,3929.7500,3990.5000,3912.2500,3987.7500,1236568,390,09:30,15:59,Friday,False,False,1.4759
2023-01-23,3996.5000,4056.7500,3986.2500,4035.5000,1296317,390,09:30,15:59,Monday,False,False,0.9759
2023-01-24,4018.0000,4041.0000,4005.2500,4030.5000,1152702,390,09:30,15:59,Tuesday,False,False,0.3111
2023-01-25,3987.5000,4035.7500,3963.2500,4032.5000,1392861,390,09:30,15:59,Wednesday,False,False,1.1285
2023-01-26,4059.0000,4077.0000,4027.2500,4074.7500,1268404,390,09:30,15:59,Thursday,False,False,0.3880
2023-01-27,4063.7500,4109.2500,4061.7500,4084.0000,1290615,390,09:30,15:59,Friday,False,False,0.4983
2023-01-30,4054.5000,4078.0000,4029.5000,4033.2500,1402018,390,09:30,15:59,Monday,False,False,-0.5241
2023-01-31,4036.7500,4091.2500,4033.2500,4090.2500,1278958,390,09:30,15:59,Tuesday,False,False,1.3253
2023-02-01,4077.7500,4163.2500,4048.5000,4134.5000,1634000,390,09:30,15:59,Wednesday,False,False,1.3917
2023-02-02,4173.7500,4208.5000,4153.2500,4192.7500,1729425,390,09:30,15:59,Thursday,False,False,0.4552
2023-02-03,4140.5000,4194.0000,4135.0000,4147.7500,1743412,390,09:30,15:59,Friday,False,False,0.1751
2023-02-06,4121.2500,4136.5000,4104.0000,4122.7500,1197293,390,09:30,15:59,Monday,False,False,0.0364
2023-02-07,4111.0000,4188.2500,4098.2500,4175.0000,1845403,390,09:30,15:59,Tuesday,False,False,1.5568
2023-02-08,4153.7500,4168.0000,4121.2500,4129.2500,1461876,390,09:30,15:59,Wednesday,False,False,-0.5898
2023-02-09,4165.5000,4166.7500,4078.2500,4092.0000,1494464,390,09:30,15:59,Thursday,False,False,-1.7645
2023-02-10,4078.5000,4104.2500,4069.7500,4100.0000,1347889,390,09:30,15:59,Friday,False,False,0.5272
2023-02-13,4107.0000,4149.5000,4101.5000,4148.2500,1076505,390,09:30,15:59,Monday,False,False,1.0044
2023-02-14,4131.5000,4170.0000,4103.7500,4146.2500,1823575,390,09:30,15:59,Tuesday,False,False,0.3570
2023-02-15,4122.0000,4159.2500,4113.0000,4158.7500,1230618,390,09:30,15:59,Wednesday,False,False,0.8916
2023-02-16,4103.7500,4145.5000,4097.2500,4099.7500,1586739,390,09:30,15:59,Thursday,False,False,-0.0975
2023-02-17,4076.2500,4090.5000,4055.7500,4088.2500,1576098,390,09:30,15:59,Friday,False,False,0.2944
2023-02-20,4081.2500,4081.7500,4073.2500,4075.7500,31868,210,09:30,12:59,Monday,True,False,-0.1348
2023-02-21,4045.2500,4056.2500,4002.0000,4006.2500,1380130,390,09:30,15:59,Tuesday,False,False,-0.9641
2023-02-22,4009.0000,4025.0000,3983.7500,4000.2500,1521386,390,09:30,15:59,Wednesday,False,False,-0.2183
2023-02-23,4028.5000,4034.2500,3974.2500,4018.7500,1566799,390,09:30,15:59,Thursday,False,False,-0.2420
2023-02-24,3965.2500,3984.0000,3947.5000,3975.7500,1576420,390,09:30,15:59,Friday,False,False,0.2648
2023-02-27,4010.2500,4024.7500,3978.5000,3988.2500,1287011,390,09:30,15:59,Monday,False,False,-0.5486
2023-02-28,3982.7500,4003.5000,3971.7500,3972.0000,1392299,390,09:30,15:59,Tuesday,False,False,-0.2699
2023-03-01,3963.7500,3976.5000,3943.0000,3957.7500,1574216,390,09:30,15:59,Wednesday,False,False,-0.1514
2023-03-02,3935.0000,3995.2500,3931.0000,3986.2500,1363747,390,09:30,15:59,Thursday,False,False,1.3024
2023-03-03,4005.0000,4053.0000,3998.0000,4049.2500,1256554,390,09:30,15:59,Friday,False,False,1.1049
2023-03-06,4057.7500,4082.5000,4048.0000,4052.2500,1171953,390,09:30,15:59,Monday,False,False,-0.1355
2023-03-07,4051.2500,4054.0000,3982.5000,3989.5000,1792862,390,09:30,15:59,Tuesday,False,False,-1.5242
2023-03-08,3990.2500,4003.2500,3971.5000,3995.5000,1416805,390,09:30,15:59,Wednesday,False,False,0.1316
2023-03-09,4002.5000,4019.7500,3909.5000,3920.2500,1922940,390,09:30,15:59,Thursday,False,False,-2.0550
2023-03-10,3913.5000,3934.7500,3846.2500,3862.5000,1876616,390,09:30,15:59,Friday,False,False,-1.3032
2023-03-13,3821.2500,3908.0000,3810.0000,3857.0000,931233,390,09:30,15:59,Monday,False,False,0.9356
2023-03-14,3908.7500,3938.0000,3873.0000,3919.0000,422176,390,09:30,15:59,Tuesday,False,False,0.2622
2023-03-15,3890.7500,3928.7500,3869.5000,3928.7500,1967749,390,09:30,15:59,Wednesday,False,False,0.9767
2023-03-16,3901.0000,3999.0000,3895.0000,3994.7500,1744048,390,09:30,15:59,Thursday,False,False,2.4032
2023-03-17,3981.5000,3992.5000,3932.5000,3948.0000,1618958,390,09:30,15:59,Friday,False,False,-0.8414
2023-03-20,3954.5000,3989.5000,3946.7500,3984.5000,1195620,390,09:30,15:59,Monday,False,False,0.7586
2023-03-21,4020.0000,4043.2500,4003.5000,4038.5000,1147852,390,09:30,15:59,Tuesday,False,False,0.4602
2023-03-22,4035.7500,4073.7500,3967.7500,3969.0000,1456884,390,09:30,15:59,Wednesday,False,False,-1.6540
2023-03-23,3996.5000,4039.5000,3948.5000,3975.7500,1803916,390,09:30,15:59,Thursday,False,False,-0.5192
2023-03-24,3962.5000,4003.5000,3937.5000,4002.5000,1414714,390,09:30,15:59,Friday,False,False,1.0095
2023-03-27,4026.0000,4034.2500,4000.2500,4010.2500,958294,390,09:30,15:59,Monday,False,False,-0.3912
2023-03-28,4002.2500,4009.5000,3980.7500,4001.2500,973207,390,09:30,15:59,Tuesday,False,False,-0.0250
2023-03-29,4044.5000,4061.2500,4032.0000,4058.7500,1037763,390,09:30,15:59,Wednesday,False,False,0.3523
2023-03-30,4085.0000,4087.7500,4061.2500,4080.7500,964397,390,09:30,15:59,Thursday,False,False,-0.1040
2023-03-31,4090.2500,4141.2500,4088.5000,4138.0000,1215368,390,09:30,15:59,Friday,False,False,1.1674
2023-04-03,4132.5000,4157.7500,4127.7500,4153.5000,1046909,390,09:30,15:59,Monday,False,False,0.5082
2023-04-04,4160.2500,4163.2500,4115.2500,4130.2500,1310669,390,09:30,15:59,Tuesday,False,False,-0.7211
2023-04-05,4120.0000,4127.7500,4099.0000,4117.2500,1187790,390,09:30,15:59,Wednesday,False,False,-0.0667
2023-04-06,4107.7500,4135.2500,4096.5000,4132.5000,1003472,390,09:30,15:59,Thursday,False,False,0.6025
2023-04-10,4105.7500,4137.7500,4098.7500,4137.5000,894926,390,09:30,15:59,Monday,False,False,0.7733
2023-04-11,4142.2500,4151.7500,4128.7500,4137.7500,956567,390,09:30,15:59,Tuesday,False,False,-0.1086
2023-04-12,4158.2500,4161.0000,4113.5000,4120.7500,1463281,390,09:30,15:59,Wednesday,False,False,-0.9018
2023-04-13,4130.2500,4177.0000,4124.5000,4173.2500,1091153,390,09:30,15:59,Thursday,False,False,1.0411
2023-04-14,4166.2500,4189.0000,4138.0000,4163.2500,1472905,390,09:30,15:59,Friday,False,False,-0.0720
2023-04-17,4161.0000,4177.7500,4148.0000,4177.2500,1013433,390,09:30,15:59,Monday,False,False,0.3905
2023-04-18,4193.5000,4194.7500,4164.5000,4179.2500,1116366,390,09:30,15:59,Tuesday,False,False,-0.3398
2023-04-19,4158.5000,4187.5000,4157.7500,4178.5000,997015,390,09:30,15:59,Wednesday,False,False,0.4809
2023-04-20,4146.2500,4171.7500,4137.0000,4153.5000,1396654,390,09:30,15:59,Thursday,False,False,0.1749
2023-04-21,4155.7500,4161.0000,4135.2500,4156.0000,1322222,390,09:30,15:59,Friday,False,False,0.0060
2023-04-24,4153.5000,4164.2500,4139.0000,4160.5000,1070850,390,09:30,15:59,Monday,False,False,0.1685
2023-04-25,4138.5000,4144.2500,4092.2500,4093.5000,1377558,390,09:30,15:59,Tuesday,False,False,-1.0874
2023-04-26,4098.7500,4109.7500,4068.7500,4074.7500,1378272,390,09:30,15:59,Wednesday,False,False,-0.5855
2023-04-27,4099.7500,4157.5000,4097.2500,4154.2500,1282374,390,09:30,15:59,Thursday,False,False,1.3293
2023-04-28,4144.5000,4190.0000,4143.7500,4189.5000,1330503,390,09:30,15:59,Friday,False,False,1.0858
2023-05-01,4184.2500,4206.2500,4182.2500,4184.7500,1026060,390,09:30,15:59,Monday,False,False,0.0119
2023-05-02,4177.0000,4177.2500,4105.5000,4137.2500,1698841,390,09:30,15:59,Tuesday,False,False,-0.9516
2023-05-03,4141.5000,4167.0000,4105.0000,4107.5000,1364721,390,09:30,15:59,Wednesday,False,False,-0.8210
2023-05-04,4095.2500,4098.2500,4062.2500,4077.2500,1570582,390,09:30,15:59,Thursday,False,False,-0.4395
2023-05-05,4114.5000,4163.2500,4111.5000,4151.7500,1147028,390,09:30,15:59,Friday,False,False,0.9053
2023-05-08,4154.7500,4157.5000,4137.5000,4153.2500,823478,390,09:30,15:59,Monday,False,False,-0.0361
2023-05-09,4135.5000,4145.2500,4131.0000,4134.5000,787937,390,09:30,15:59,Tuesday,False,False,-0.0242
2023-05-10,4162.7500,4169.5000,4112.2500,4152.5000,1433420,390,09:30,15:59,Wednesday,False,False,-0.2462
2023-05-11,4141.5000,4146.7500,4121.5000,4144.0000,1097782,390,09:30,15:59,Thursday,False,False,0.0604
2023-05-12,4155.7500,4158.2500,4111.7500,4138.0000,1160875,390,09:30,15:59,Friday,False,False,-0.4271
2023-05-15,4143.0000,4155.2500,4123.0000,4151.5000,901974,390,09:30,15:59,Monday,False,False,0.2052
2023-05-16,4139.0000,4148.7500,4122.5000,4123.0000,1028807,390,09:30,15:59,Tuesday,False,False,-0.3866
2023-05-17,4143.7500,4179.0000,4125.7500,4172.2500,1237261,390,09:30,15:59,Wednesday,False,False,0.6878
2023-05-18,4167.2500,4215.5000,4164.7500,4211.2500,1345631,390,09:30,15:59,Thursday,False,False,1.0559
2023-05-19,4219.7500,4225.7500,4191.5000,4204.5000,1283425,390,09:30,15:59,Friday,False,False,-0.3614
2023-05-22,4204.5000,4221.7500,4191.0000,4205.7500,1053342,390,09:30,15:59,Monday,False,False,0.0297
2023-05-23,4187.7500,4198.5000,4153.0000,4158.0000,1335225,390,09:30,15:59,Tuesday,False,False,-0.7104
2023-05-24,4140.0000,4143.7500,4114.0000,4126.7500,1466373,390,09:30,15:59,Wednesday,False,False,-0.3200
2023-05-25,4160.7500,4175.5000,4137.5000,4160.0000,1477703,390,09:30,15:59,Thursday,False,False,-0.0180
2023-05-26,4166.2500,4221.2500,4165.5000,4213.5000,1351443,390,09:30,15:59,Friday,False,False,1.1341
2023-05-29,4221.5000,4227.2500,4220.2500,4224.7500,26548,210,09:30,12:59,Monday,True,False,0.0770
2023-05-30,4233.0000,4238.5000,4200.0000,4215.0000,1488115,390,09:30,15:59,Tuesday,False,False,-0.4252
2023-05-31,4194.7500,4204.5000,4174.0000,4191.2500,1696035,390,09:30,15:59,Wednesday,False,False,-0.0834
2023-06-01,4191.2500,4239.7500,4178.0000,4228.7500,1448435,390,09:30,15:59,Thursday,False,False,0.8947
2023-06-02,4254.7500,4297.7500,4249.0000,4289.2500,1542124,390,09:30,15:59,Friday,False,False,0.8109
2023-06-05,4292.0000,4305.7500,4273.0000,4280.5000,1361260,390,09:30,15:59,Monday,False,False,-0.2679
2023-06-06,4275.5000,4294.7500,4268.5000,4289.7500,1240961,390,09:30,15:59,Tuesday,False,False,0.3333
2023-06-07,4292.7500,4304.7500,4269.2500,4274.5000,1571063,390,09:30,15:59,Wednesday,False,False,-0.4251
2023-06-08,4272.5000,4302.5000,4264.5000,4297.7500,1190269,390,09:30,15:59,Thursday,False,False,0.5910
2023-06-09,4305.2500,4325.5000,4294.0000,4305.0000,1208186,390,09:30,15:59,Friday,False,False,-0.0058
2023-06-12,4314.5000,4344.7500,4307.0000,4343.5000,375573,390,09:30,15:59,Monday,False,False,0.6722
2023-06-13,4357.5000,4377.7500,4350.7500,4371.0000,366025,390,09:30,15:59,Tuesday,False,False,0.3098
2023-06-14,4418.5000,4439.5000,4383.5000,4419.5000,1468010,390,09:30,15:59,Wednesday,False,False,0.0226
2023-06-15,4408.2500,4485.5000,4407.2500,4472.7500,1398619,390,09:30,15:59,Thursday,False,False,1.4632
2023-06-16,4492.2500,4493.5000,4451.0000,4455.7500,1360056,390,09:30,15:59,Friday,False,False,-0.8125
2023-06-19,4448.2500,4449.0000,4443.0000,4448.2500,43776,210,09:30,12:59,Monday,True,False,0.0000
2023-06-20,4435.0000,4444.7500,4410.5000,4434.0000,1103202,390,09:30,15:59,Tuesday,False,False,-0.0225
2023-06-21,4422.0000,4430.7500,4403.5000,4409.5000,1179709,390,09:30,15:59,Wednesday,False,False,-0.2827
2023-06-22,4398.0000,4424.5000,4393.7500,4423.7500,1041092,390,09:30,15:59,Thursday,False,False,0.5855
2023-06-23,4386.0000,4408.0000,4381.5000,4390.2500,1136923,390,09:30,15:59,Friday,False,False,0.0969
2023-06-26,4383.0000,4403.0000,4368.5000,4371.2500,1281982,390,09:30,15:59,Monday,False,False,-0.2681
2023-06-27,4379.5000,4424.7500,4374.5000,4418.0000,1188481,390,09:30,15:59,Tuesday,False,False,0.8791
2023-06-28,4406.2500,4430.2500,4399.2500,4420.7500,1343815,390,09:30,15:59,Wednesday,False,False,0.3291
2023-06-29,4414.0000,4437.7500,4409.7500,4436.5000,1250707,390,09:30,15:59,Thursday,False,False,0.5097
2023-06-30,4468.2500,4498.0000,4465.0000,4486.2500,1246621,390,09:30,15:59,Friday,False,False,0.4028
2023-07-03,4482.7500,4494.0000,4479.5000,4492.0000,428450,225,09:30,13:14,Monday,True,False,0.2063
2023-07-04,4491.2500,4491.7500,4488.2500,4490.5000,18994,210,09:30,12:59,Tuesday,True,False,-0.0167
2023-07-05,4471.2500,4491.2500,4471.0000,4483.7500,828438,390,09:30,15:59,Wednesday,False,False,0.2796
2023-07-06,4443.7500,4451.0000,4419.5000,4446.5000,1280599,390,09:30,15:59,Thursday,False,False,0.0619
2023-07-07,4434.7500,4476.0000,4431.7500,4434.7500,1201838,390,09:30,15:59,Friday,False,False,0.0000
2023-07-10,4430.0000,4446.7500,4424.0000,4445.5000,1010266,390,09:30,15:59,Monday,False,False,0.3499
2023-07-11,4453.0000,4478.5000,4442.0000,4473.0000,1047509,390,09:30,15:59,Tuesday,False,False,0.4491
2023-07-12,4512.5000,4523.7500,4497.0000,4509.2500,1326357,390,09:30,15:59,Wednesday,False,False,-0.0720
2023-07-13,4526.0000,4551.5000,4521.2500,4542.7500,836399,390,09:30,15:59,Thursday,False,False,0.3701
2023-07-14,4551.5000,4560.5000,4531.0000,4539.2500,1086744,390,09:30,15:59,Friday,False,False,-0.2691
2023-07-17,4536.7500,4565.7500,4536.2500,4554.5000,815614,390,09:30,15:59,Monday,False,False,0.3912
2023-07-18,4550.0000,4594.5000,4545.2500,4587.7500,1021249,390,09:30,15:59,Tuesday,False,False,0.8297
2023-07-19,4595.2500,4609.2500,4588.5000,4596.0000,1202315,390,09:30,15:59,Wednesday,False,False,0.0163
2023-07-20,4584.2500,4594.2500,4557.2500,4565.0000,1193820,390,09:30,15:59,Thursday,False,False,-0.4199
2023-07-21,4581.7500,4584.0000,4563.7500,4563.7500,1116804,390,09:30,15:59,Friday,False,False,-0.3929
2023-07-24,4575.2500,4592.5000,4568.7500,4584.2500,947529,390,09:30,15:59,Monday,False,False,0.1967
2023-07-25,4580.0000,4608.7500,4579.5000,4595.2500,912451,390,09:30,15:59,Tuesday,False,False,0.3330
2023-07-26,4585.2500,4610.7500,4573.7500,4596.2500,1055619,390,09:30,15:59,Wednesday,False,False,0.2399
2023-07-27,4629.2500,4633.5000,4553.7500,4563.5000,1517746,390,09:30,15:59,Thursday,False,False,-1.4203
2023-07-28,4596.7500,4616.5000,4588.7500,4606.7500,1135135,390,09:30,15:59,Friday,False,False,0.2175
2023-07-31,4611.5000,4619.2500,4597.7500,4616.0000,925483,390,09:30,15:59,Monday,False,False,0.0976
2023-08-01,4599.5000,4609.2500,4591.0000,4601.0000,877440,390,09:30,15:59,Tuesday,False,False,0.0326
2023-08-02,4567.7500,4570.2500,4527.7500,4536.2500,1370076,390,09:30,15:59,Wednesday,False,False,-0.6896
2023-08-03,4513.2500,4540.5000,4505.7500,4520.2500,1245007,390,09:30,15:59,Thursday,False,False,0.1551
2023-08-04,4538.5000,4560.7500,4493.7500,4499.2500,1533422,390,09:30,15:59,Friday,False,False,-0.8648
2023-08-07,4518.2500,4539.7500,4510.5000,4538.2500,1079158,390,09:30,15:59,Monday,False,False,0.4426
2023-08-08,4510.7500,4522.2500,4482.0000,4517.2500,1301024,390,09:30,15:59,Tuesday,False,False,0.1441
2023-08-09,4519.7500,4521.5000,4478.2500,4486.2500,1336754,390,09:30,15:59,Wednesday,False,False,-0.7412
2023-08-10,4509.0000,4544.7500,4473.5000,4486.2500,1804929,390,09:30,15:59,Thursday,False,False,-0.5045
2023-08-11,4465.5000,4493.0000,4459.0000,4482.0000,1189886,390,09:30,15:59,Friday,False,False,0.3695
2023-08-14,4472.5000,4507.0000,4469.0000,4506.7500,951267,390,09:30,15:59,Monday,False,False,0.7658
2023-08-15,4487.2500,4491.0000,4447.0000,4454.0000,1081200,390,09:30,15:59,Tuesday,False,False,-0.7410
2023-08-16,4448.2500,4465.5000,4418.5000,4419.7500,1181045,390,09:30,15:59,Wednesday,False,False,-0.6407
2023-08-17,4433.0000,4435.7500,4378.5000,4383.5000,1259851,390,09:30,15:59,Thursday,False,False,-1.1166
2023-08-18,4353.5000,4396.0000,4350.0000,4384.7500,1295975,390,09:30,15:59,Friday,False,False,0.7178
2023-08-21,4395.0000,4421.0000,4372.2500,4412.7500,1081461,390,09:30,15:59,Monday,False,False,0.4039
2023-08-22,4431.0000,4431.2500,4394.2500,4399.7500,1090773,390,09:30,15:59,Tuesday,False,False,-0.7053
2023-08-23,4410.5000,4455.2500,4409.0000,4448.0000,926090,390,09:30,15:59,Wednesday,False,False,0.8502
2023-08-24,4463.5000,4468.7500,4384.2500,4385.0000,1383756,390,09:30,15:59,Thursday,False,False,-1.7587
2023-08-25,4402.2500,4429.0000,4365.2500,4415.0000,1558539,390,09:30,15:59,Friday,False,False,0.2896
2023-08-28,4437.7500,4449.5000,4423.2500,4441.7500,1030025,390,09:30,15:59,Monday,False,False,0.0901
2023-08-29,4441.0000,4509.0000,4438.5000,4506.0000,1126095,390,09:30,15:59,Tuesday,False,False,1.4636
2023-08-30,4509.2500,4530.7500,4501.0000,4524.0000,1060981,390,09:30,15:59,Wednesday,False,False,0.3271
2023-08-31,4527.7500,4539.7500,4512.7500,4514.2500,1037549,390,09:30,15:59,Thursday,False,False,-0.2982
2023-09-01,4542.7500,4547.5000,4507.2500,4522.7500,1053042,390,09:30,15:59,Friday,False,False,-0.4403
2023-09-04,4526.5000,4528.2500,4515.2500,4518.7500,43334,210,09:30,12:59,Monday,True,False,-0.1712
2023-09-05,4517.5000,4520.7500,4501.5000,4502.2500,943055,390,09:30,15:59,Tuesday,False,False,-0.3376
2023-09-06,4493.0000,4494.2500,4447.0000,4471.0000,1297467,390,09:30,15:59,Wednesday,False,False,-0.4897
2023-09-07,4438.0000,4463.0000,4434.2500,4455.2500,1151202,390,09:30,15:59,Thursday,False,False,0.3887
2023-09-08,4455.2500,4477.5000,4451.5000,4461.5000,855819,390,09:30,15:59,Friday,False,False,0.1403
2023-09-11,4488.2500,4493.5000,4470.0000,4490.5000,436016,390,09:30,15:59,Monday,False,False,0.0501
2023-09-12,4474.2500,4491.0000,4458.7500,4464.7500,237338,390,09:30,15:59,Tuesday,False,False,-0.2123
2023-09-13,4515.2500,4530.2500,4503.0000,4518.0000,1015025,390,09:30,15:59,Wednesday,False,False,0.0609
2023-09-14,4542.0000,4562.0000,4528.0000,4555.0000,1089488,390,09:30,15:59,Thursday,False,False,0.2862
2023-09-15,4537.0000,4540.5000,4494.0000,4497.7500,1339983,390,09:30,15:59,Friday,False,False,-0.8651
2023-09-18,4494.5000,4514.5000,4490.0000,4501.0000,879458,390,09:30,15:59,Monday,False,False,0.1446
2023-09-19,4490.5000,4496.7500,4462.2500,4491.0000,1168994,390,09:30,15:59,Tuesday,False,False,0.0111
2023-09-20,4503.2500,4507.5000,4446.0000,4448.0000,1182948,390,09:30,15:59,Wednesday,False,False,-1.2269
2023-09-21,4415.7500,4418.5000,4370.7500,4373.0000,1479978,390,09:30,15:59,Thursday,False,False,-0.9681
2023-09-22,4382.2500,4399.0000,4357.2500,4361.5000,1309109,390,09:30,15:59,Friday,False,False,-0.4735
2023-09-25,4348.2500,4380.2500,4343.5000,4379.5000,1166098,390,09:30,15:59,Monday,False,False,0.7187
2023-09-26,4346.2500,4354.0000,4305.5000,4314.0000,1323653,390,09:30,15:59,Tuesday,False,False,-0.7420
2023-09-27,4325.5000,4331.7500,4277.0000,4315.0000,1580585,390,09:30,15:59,Wednesday,False,False,-0.2427
2023-09-28,4307.2500,4355.7500,4301.0000,4338.2500,1498305,390,09:30,15:59,Thursday,False,False,0.7197
2023-09-29,4369.7500,4371.2500,4311.0000,4326.2500,1602023,390,09:30,15:59,Friday,False,False,-0.9955
2023-10-02,4317.2500,4337.7500,4295.5000,4324.7500,1515667,390,09:30,15:59,Monday,False,False,0.1737
2023-10-03,4301.0000,4317.0000,4251.2500,4266.5000,1755481,390,09:30,15:59,Tuesday,False,False,-0.8021
2023-10-04,4269.5000,4304.0000,4254.2500,4296.2500,1582615,390,09:30,15:59,Wednesday,False,False,0.6265
2023-10-05,4290.7500,4300.7500,4258.0000,4291.5000,1288955,390,09:30,15:59,Thursday,False,False,0.0175
2023-10-06,4265.2500,4358.5000,4251.5000,4342.0000,1615141,390,09:30,15:59,Friday,False,False,1.7994
2023-10-09,4321.7500,4375.7500,4316.0000,4370.0000,1085363,390,09:30,15:59,Monday,False,False,1.1164
2023-10-10,4376.0000,4419.0000,4371.2500,4391.5000,1253488,390,09:30,15:59,Tuesday,False,False,0.3542
2023-10-11,4402.5000,4411.5000,4377.2500,4408.7500,1076967,390,09:30,15:59,Wednesday,False,False,0.1420
2023-10-12,4413.7500,4417.5000,4355.5000,4380.7500,1489446,390,09:30,15:59,Thursday,False,False,-0.7477
2023-10-13,4395.0000,4407.7500,4340.7500,4358.0000,1749667,390,09:30,15:59,Friday,False,False,-0.8419
2023-10-16,4380.2500,4414.2500,4377.7500,4402.5000,1294079,390,09:30,15:59,Monday,False,False,0.5080
2023-10-17,4369.2500,4423.2500,4365.7500,4402.5000,1508882,390,09:30,15:59,Tuesday,False,False,0.7610
2023-10-18,4382.7500,4392.5000,4330.7500,4343.0000,1856298,390,09:30,15:59,Wednesday,False,False,-0.9070
2023-10-19,4347.7500,4366.5000,4294.7500,4301.5000,2251669,390,09:30,15:59,Thursday,False,False,-1.0638
2023-10-20,4296.5000,4302.2500,4247.2500,4248.5000,1827102,390,09:30,15:59,Friday,False,False,-1.1172
2023-10-23,4231.2500,4280.7500,4213.2500,4240.5000,1533613,390,09:30,15:59,Monday,False,False,0.2186
2023-10-24,4261.7500,4283.5000,4242.0000,4271.0000,1381924,390,09:30,15:59,Tuesday,False,False,0.2170
2023-10-25,4253.5000,4253.5000,4203.7500,4210.2500,1595711,390,09:30,15:59,Wednesday,False,False,-1.0168
2023-10-26,4196.2500,4205.0000,4146.2500,4156.7500,1807121,390,09:30,15:59,Thursday,False,False,-0.9413
2023-10-27,4172.7500,4176.7500,4122.2500,4138.0000,1742256,390,09:30,15:59,Friday,False,False,-0.8328
2023-10-30,4165.7500,4197.5000,4152.0000,4186.0000,1527235,390,09:30,15:59,Monday,False,False,0.4861
2023-10-31,4191.5000,4215.0000,4171.7500,4212.2500,1379310,390,09:30,15:59,Tuesday,False,False,0.4950
2023-11-01,4221.5000,4264.7500,4215.5000,4256.5000,1598040,390,09:30,15:59,Wednesday,False,False,0.8291
2023-11-02,4294.0000,4337.7500,4293.7500,4336.2500,1327292,390,09:30,15:59,Thursday,False,False,0.9839
2023-11-03,4359.5000,4391.7500,4358.2500,4375.0000,1316745,390,09:30,15:59,Friday,False,False,0.3555
2023-11-06,4382.5000,4389.5000,4364.2500,4384.5000,1055534,390,09:30,15:59,Monday,False,False,0.0456
2023-11-07,4384.0000,4403.2500,4372.2500,4396.5000,1060151,390,09:30,15:59,Tuesday,False,False,0.2851
2023-11-08,4402.2500,4407.7500,4375.0000,4398.5000,1106800,390,09:30,15:59,Wednesday,False,False,-0.0852
2023-11-09,4409.0000,4409.5000,4357.7500,4363.0000,1662476,390,09:30,15:59,Thursday,False,False,-1.0433
2023-11-10,4383.7500,4433.5000,4367.7500,4430.2500,1339034,390,09:30,15:59,Friday,False,False,1.0607
2023-11-13,4415.5000,4436.7500,4407.2500,4425.5000,967871,390,09:30,15:59,Monday,False,False,0.2265
2023-11-14,4486.5000,4524.2500,4483.7500,4510.7500,1308346,390,09:30,15:59,Tuesday,False,False,0.5405
2023-11-15,4523.7500,4536.7500,4510.7500,4519.5000,1140358,390,09:30,15:59,Wednesday,False,False,-0.0939
2023-11-16,4513.0000,4526.2500,4501.7500,4523.0000,1105441,390,09:30,15:59,Thursday,False,False,0.2216
2023-11-17,4522.2500,4534.5000,4512.7500,4528.2500,973684,390,09:30,15:59,Friday,False,False,0.1327
2023-11-20,4524.5000,4571.0000,4524.5000,4562.2500,918195,390,09:30,15:59,Monday,False,False,0.8343
2023-11-21,4550.0000,4554.7500,4537.7500,4551.0000,804327,390,09:30,15:59,Tuesday,False,False,0.0220
2023-11-22,4566.5000,4580.5000,4555.0000,4566.7500,1107107,390,09:30,15:59,Wednesday,False,False,0.0055
2023-11-23,4570.2500,4572.7500,4567.5000,4569.5000,26857,210,09:30,12:59,Thursday,True,False,-0.0164
2023-11-24,4566.2500,4571.0000,4562.7500,4568.2500,327573,225,09:30,13:14,Friday,True,False,0.0438
2023-11-27,4561.2500,4570.0000,4555.5000,4560.2500,829938,390,09:30,15:59,Monday,False,False,-0.0219
2023-11-28,4555.2500,4577.2500,4549.2500,4563.2500,1147462,390,09:30,15:59,Tuesday,False,False,0.1756
2023-11-29,4585.2500,4597.0000,4555.5000,4560.0000,1221321,390,09:30,15:59,Wednesday,False,False,-0.5507
2023-11-30,4566.2500,4579.5000,4544.7500,4574.7500,1574464,390,09:30,15:59,Thursday,False,False,0.1861
2023-12-01,4568.7500,4607.7500,4562.5000,4601.2500,1505008,390,09:30,15:59,Friday,False,False,0.7114
2023-12-04,4566.0000,4579.7500,4553.5000,4576.7500,1372946,390,09:30,15:59,Monday,False,False,0.2354
2023-12-05,4562.0000,4585.5000,4558.2500,4575.7500,1476938,390,09:30,15:59,Tuesday,False,False,0.3014
2023-12-06,4597.2500,4597.5000,4552.0000,4556.0000,1378066,390,09:30,15:59,Wednesday,False,False,-0.8973
2023-12-07,4576.5000,4596.0000,4569.7500,4588.5000,1265960,390,09:30,15:59,Thursday,False,False,0.2622
2023-12-08,4581.0000,4613.7500,4578.2500,4607.7500,1081843,390,09:30,15:59,Friday,False,False,0.5839
2023-12-11,4602.2500,4627.2500,4599.7500,4625.0000,362352,390,09:30,15:59,Monday,False,False,0.4943
2023-12-12,4621.0000,4647.0000,4610.5000,4646.2500,193910,390,09:30,15:59,Tuesday,False,False,0.5464
2023-12-13,4700.2500,4764.2500,4696.7500,4761.0000,1313891,390,09:30,15:59,Wednesday,False,False,1.2925
2023-12-14,4779.0000,4791.7500,4746.2500,4775.2500,1497814,390,09:30,15:59,Thursday,False,False,-0.0785
2023-12-15,4768.2500,4779.5000,4757.2500,4766.7500,1177604,390,09:30,15:59,Friday,False,False,-0.0315
2023-12-18,4782.0000,4802.2500,4780.2500,4792.7500,849965,390,09:30,15:59,Monday,False,False,0.2248
2023-12-19,4797.5000,4821.5000,4796.5000,4820.2500,863038,390,09:30,15:59,Tuesday,False,False,0.4742
2023-12-20,4810.5000,4830.7500,4748.0000,4749.7500,1338993,390,09:30,15:59,Wednesday,False,False,-1.2629
2023-12-21,4781.2500,4798.2500,4755.5000,4795.2500,1265323,390,09:30,15:59,Thursday,False,False,0.2928
2023-12-22,4806.2500,4821.7500,4784.7500,4805.2500,1015563,390,09:30,15:59,Friday,False,False,-0.0208
2023-12-26,4808.7500,4834.5000,4808.0000,4825.0000,491212,390,09:30,15:59,Tuesday,False,False,0.3379
2023-12-27,4822.2500,4835.5000,4816.5000,4834.7500,788083,390,09:30,15:59,Wednesday,False,False,0.2592
2023-12-28,4832.0000,4839.7500,4828.0000,4833.0000,687803,390,09:30,15:59,Thursday,False,False,0.0207
2023-12-29,4828.5000,4835.0000,4796.7500,4818.7500,953813,390,09:30,15:59,Friday,False,False,-0.2019
2024-01-02,4783.5000,4797.5000,4765.5000,4788.0000,1213448,390,09:30,15:59,Tuesday,False,False,0.0941
2024-01-03,4764.2500,4771.7500,4741.0000,4747.0000,1318621,390,09:30,15:59,Wednesday,False,False,-0.3621
2024-01-04,4739.5000,4766.5000,4727.0000,4729.7500,1019821,390,09:30,15:59,Thursday,False,False,-0.2057
2024-01-05,4730.2500,4760.2500,4719.7500,4735.5000,1269131,390,09:30,15:59,Friday,False,False,0.1110
2024-01-08,4739.2500,4803.2500,4738.0000,4801.5000,1046234,390,09:30,15:59,Monday,False,False,1.3135
2024-01-09,4773.0000,4804.0000,4767.5000,4793.0000,1047255,390,09:30,15:59,Tuesday,False,False,0.4190
2024-01-10,4795.2500,4828.5000,4792.2500,4819.2500,1081462,390,09:30,15:59,Wednesday,False,False,0.5005
2024-01-11,4827.0000,4832.2500,4772.7500,4814.7500,1375734,390,09:30,15:59,Thursday,False,False,-0.2538
2024-01-12,4829.0000,4836.5000,4802.2500,4816.7500,1074946,390,09:30,15:59,Friday,False,False,-0.2537
2024-01-15,4811.5000,4813.5000,4809.0000,4813.5000,38579,210,09:30,12:59,Monday,True,False,0.0416
2024-01-16,4802.0000,4815.7500,4779.5000,4798.5000,1366435,390,09:30,15:59,Tuesday,False,False,-0.0729
2024-01-17,4766.0000,4775.7500,4746.2500,4771.0000,1226492,390,09:30,15:59,Wednesday,False,False,0.1049
2024-01-18,4786.0000,4817.0000,4770.0000,4811.0000,1322779,390,09:30,15:59,Thursday,False,False,0.5224
2024-01-19,4822.0000,4874.2500,4815.0000,4870.7500,1390655,390,09:30,15:59,Friday,False,False,1.0110
2024-01-22,4885.7500,4898.2500,4873.5000,4881.7500,985196,390,09:30,15:59,Monday,False,False,-0.0819
2024-01-23,4885.7500,4897.0000,4874.2500,4894.7500,826190,390,09:30,15:59,Tuesday,False,False,0.1842
2024-01-24,4923.5000,4933.2500,4895.2500,4898.7500,1235306,390,09:30,15:59,Wednesday,False,False,-0.5027
2024-01-25,4919.0000,4926.5000,4896.7500,4924.0000,1150815,390,09:30,15:59,Thursday,False,False,0.1016
2024-01-26,4918.2500,4934.2500,4907.5000,4917.0000,965110,390,09:30,15:59,Friday,False,False,-0.0254
2024-01-29,4919.0000,4956.0000,4912.7500,4954.7500,900409,390,09:30,15:59,Monday,False,False,0.7268
2024-01-30,4946.2500,4957.2500,4941.5000,4949.2500,830448,390,09:30,15:59,Tuesday,False,False,0.0607
2024-01-31,4926.0000,4930.5000,4868.2500,4868.7500,1797407,390,09:30,15:59,Wednesday,False,False,-1.1622
2024-02-01,4883.2500,4929.7500,4874.5000,4929.7500,1340534,390,09:30,15:59,Thursday,False,False,0.9522
2024-02-02,4933.0000,4997.7500,4929.0000,4979.5000,1446754,390,09:30,15:59,Friday,False,False,0.9426
2024-02-05,4973.0000,4977.5000,4937.7500,4961.0000,1137014,390,09:30,15:59,Monday,False,False,-0.2413
2024-02-06,4970.0000,4978.2500,4955.0000,4975.0000,1010522,390,09:30,15:59,Tuesday,False,False,0.1006
2024-02-07,4997.5000,5020.0000,4988.0000,5015.5000,1032552,390,09:30,15:59,Wednesday,False,False,0.3602
2024-02-08,5013.2500,5020.0000,5005.0000,5017.0000,757895,390,09:30,15:59,Thursday,False,False,0.0748
2024-02-09,5020.0000,5048.5000,5016.2500,5044.0000,849072,390,09:30,15:59,Friday,False,False,0.4781
2024-02-12,5043.0000,5066.5000,5033.2500,5041.5000,924466,390,09:30,15:59,Monday,False,False,-0.0297
2024-02-13,4975.0000,4988.2500,4936.5000,4971.7500,1560306,390,09:30,15:59,Tuesday,False,False,-0.0653
2024-02-14,4997.2500,5020.2500,4972.7500,5015.2500,1239256,390,09:30,15:59,Wednesday,False,False,0.3602
2024-02-15,5019.0000,5048.5000,5013.7500,5046.7500,1022850,390,09:30,15:59,Thursday,False,False,0.5529
2024-02-16,5043.0000,5054.5000,5012.7500,5020.5000,1137132,390,09:30,15:59,Friday,False,False,-0.4462
2024-02-19,5025.7500,5028.7500,5023.0000,5024.5000,33348,210,09:30,12:59,Monday,True,False,-0.0249
2024-02-20,5001.7500,5009.2500,4968.2500,4992.5000,1161252,390,09:30,15:59,Tuesday,False,False,-0.1849
2024-02-21,4978.0000,4998.2500,4959.0000,4995.7500,1110562,390,09:30,15:59,Wednesday,False,False,0.3566
2024-02-22,5062.2500,5107.7500,5052.2500,5097.5000,1264064,390,09:30,15:59,Thursday,False,False,0.6963
2024-02-23,5114.2500,5123.5000,5092.5000,5099.7500,1034710,390,09:30,15:59,Friday,False,False,-0.2835
2024-02-26,5103.7500,5108.0000,5078.7500,5080.0000,838660,390,09:30,15:59,Monday,False,False,-0.4653
2024-02-27,5086.5000,5091.7500,5067.0000,5088.5000,783504,390,09:30,15:59,Tuesday,False,False,0.0393
2024-02-28,5072.2500,5087.7500,5068.5000,5081.5000,879766,390,09:30,15:59,Wednesday,False,False,0.1824
2024-02-29,5098.0000,5114.5000,5070.0000,5096.7500,1256033,390,09:30,15:59,Thursday,False,False,-0.0245
2024-03-01,5105.7500,5149.2500,5101.2500,5145.0000,1195244,390,09:30,15:59,Friday,False,False,0.7687
2024-03-04,5135.7500,5157.7500,5135.2500,5137.7500,923449,390,09:30,15:59,Monday,False,False,0.0389
2024-03-05,5116.5000,5121.5000,5063.0000,5085.7500,1480127,390,09:30,15:59,Tuesday,False,False,-0.6010
2024-03-06,5119.2500,5134.5000,5097.7500,5112.0000,1568125,390,09:30,15:59,Wednesday,False,False,-0.1416
2024-03-07,5143.0000,5170.5000,5133.2500,5159.7500,1224010,390,09:30,15:59,Thursday,False,False,0.3257
2024-03-08,5165.0000,5193.0000,5121.7500,5128.2500,1664577,390,09:30,15:59,Friday,False,False,-0.7115
2024-03-11,5114.2500,5129.0000,5094.7500,5122.7500,509029,390,09:30,15:59,Monday,False,False,0.1662
2024-03-12,5143.7500,5183.0000,5117.7500,5177.2500,344015,390,09:30,15:59,Tuesday,False,False,0.6513
2024-03-13,5243.2500,5246.0000,5217.5000,5233.0000,1084881,390,09:30,15:59,Wednesday,False,False,-0.1955
2024-03-14,5240.0000,5241.5000,5188.0000,5220.2500,1639855,390,09:30,15:59,Thursday,False,False,-0.3769
2024-03-15,5186.0000,5201.7500,5167.7500,5182.7500,1383475,390,09:30,15:59,Friday,False,False,-0.0627
2024-03-18,5225.5000,5240.2500,5210.2500,5215.2500,1061002,390,09:30,15:59,Monday,False,False,-0.1962
2024-03-19,5205.7500,5244.7500,5195.2500,5242.5000,1027910,390,09:30,15:59,Tuesday,False,False,0.7060
2024-03-20,5241.0000,5289.5000,5233.0000,5287.7500,1112805,390,09:30,15:59,Wednesday,False,False,0.8920
2024-03-21,5315.0000,5322.7500,5300.0000,5302.7500,992635,390,09:30,15:59,Thursday,False,False,-0.2305
2024-03-22,5301.2500,5306.0000,5289.0000,5292.0000,809152,390,09:30,15:59,Friday,False,False,-0.1745
2024-03-25,5276.7500,5288.7500,5274.2500,5277.0000,650100,390,09:30,15:59,Monday,False,False,0.0047
2024-03-26,5290.0000,5294.5000,5263.0000,5266.0000,810058,390,09:30,15:59,Tuesday,False,False,-0.4537
2024-03-27,5293.0000,5310.5000,5270.7500,5310.2500,1119022,390,09:30,15:59,Wednesday,False,False,0.3259
2024-03-28,5309.5000,5321.0000,5303.2500,5305.2500,876242,390,09:30,15:59,Thursday,False,False,-0.0800
2024-04-01,5311.7500,5317.2500,5282.2500,5294.0000,864755,390,09:30,15:59,Monday,False,False,-0.3342
2024-04-02,5253.2500,5261.7500,5235.0000,5261.0000,1043422,390,09:30,15:59,Tuesday,False,False,0.1475
2024-04-03,5247.7500,5280.7500,5247.0000,5265.2500,1069876,390,09:30,15:59,Wednesday,False,False,0.3335
2024-04-04,5305.2500,5308.5000,5194.2500,5197.5000,1546707,390,09:30,15:59,Thursday,False,False,-2.0310
2024-04-05,5211.0000,5272.5000,5206.7500,5251.2500,1415683,390,09:30,15:59,Friday,False,False,0.7724
2024-04-08,5258.5000,5268.7500,5245.2500,5254.2500,844792,390,09:30,15:59,Monday,False,False,-0.0808
2024-04-09,5271.7500,5274.2500,5208.2500,5260.0000,1299045,390,09:30,15:59,Tuesday,False,False,-0.2229
2024-04-10,5199.7500,5226.5000,5185.0000,5205.2500,1764388,390,09:30,15:59,Wednesday,False,False,0.1058
2024-04-11,5218.7500,5257.5000,5181.7500,5242.5000,1293791,390,09:30,15:59,Thursday,False,False,0.4551
2024-04-12,5204.2500,5218.7500,5150.0000,5167.7500,1526603,390,09:30,15:59,Friday,False,False,-0.7013
2024-04-15,5211.2500,5213.0000,5094.0000,5103.2500,1696024,390,09:30,15:59,Monday,False,False,-2.0724
2024-04-16,5107.0000,5123.2500,5078.7500,5092.0000,1596537,390,09:30,15:59,Tuesday,False,False,-0.2937
2024-04-17,5117.5000,5119.0000,5047.0000,5060.7500,1538335,390,09:30,15:59,Wednesday,False,False,-1.1089
2024-04-18,5073.7500,5095.2500,5038.5000,5048.2500,1345069,390,09:30,15:59,Thursday,False,False,-0.5026
2024-04-19,5047.2500,5058.0000,4991.2500,5003.2500,1594995,390,09:30,15:59,Friday,False,False,-0.8718
2024-04-22,5030.2500,5076.7500,5006.0000,5048.5000,1231152,390,09:30,15:59,Monday,False,False,0.3628
2024-04-23,5069.5000,5112.7500,5063.7500,5107.7500,1046119,390,09:30,15:59,Tuesday,False,False,0.7545
2024-04-24,5116.7500,5124.7500,5082.0000,5105.2500,1137113,390,09:30,15:59,Wednesday,False,False,-0.2248
2024-04-25,5039.5000,5090.7500,5022.2500,5082.7500,1368262,390,09:30,15:59,Thursday,False,False,0.8582
2024-04-26,5111.0000,5146.5000,5104.5000,5129.5000,1058528,390,09:30,15:59,Friday,False,False,0.3620
2024-04-29,5147.2500,5154.2500,5118.7500,5147.2500,924321,390,09:30,15:59,Monday,False,False,0.0000
2024-04-30,5131.0000,5141.2500,5065.0000,5065.0000,1219834,390,09:30,15:59,Tuesday,False,False,-1.2863
2024-05-01,5058.0000,5126.7500,5042.2500,5046.0000,1623879,390,09:30,15:59,Wednesday,False,False,-0.2372
2024-05-02,5083.2500,5100.7500,5036.2500,5091.7500,1214638,390,09:30,15:59,Thursday,False,False,0.1672
2024-05-03,5153.2500,5166.7500,5126.7500,5154.2500,1214822,390,09:30,15:59,Friday,False,False,0.0194
2024-05-06,5178.5000,5207.5000,5174.0000,5207.0000,766167,390,09:30,15:59,Monday,False,False,0.5504
2024-05-07,5216.2500,5226.7500,5205.5000,5212.2500,878686,390,09:30,15:59,Tuesday,False,False,-0.0767
2024-05-08,5192.2500,5217.2500,5191.2500,5211.7500,765567,390,09:30,15:59,Wednesday,False,False,0.3756
2024-05-09,5211.2500,5240.0000,5204.2500,5239.2500,855771,390,09:30,15:59,Thursday,False,False,0.5373
2024-05-10,5255.5000,5264.0000,5232.7500,5245.2500,870822,390,09:30,15:59,Friday,False,False,-0.1950
2024-05-13,5262.0000,5263.2500,5233.2500,5245.7500,734045,390,09:30,15:59,Monday,False,False,-0.3088
2024-05-14,5246.7500,5274.2500,5241.2500,5268.5000,933831,390,09:30,15:59,Tuesday,False,False,0.4145
2024-05-15,5293.5000,5337.2500,5286.7500,5333.5000,1026965,390,09:30,15:59,Wednesday,False,False,0.7556
2024-05-16,5332.2500,5349.0000,5318.7500,5320.0000,950418,390,09:30,15:59,Thursday,False,False,-0.2297
2024-05-17,5320.7500,5328.7500,5305.7500,5327.7500,805460,390,09:30,15:59,Friday,False,False,0.1316
2024-05-20,5328.0000,5348.2500,5323.7500,5333.2500,815837,390,09:30,15:59,Monday,False,False,0.0985
2024-05-21,5324.5000,5347.5000,5322.5000,5346.0000,769535,390,09:30,15:59,Tuesday,False,False,0.4038
2024-05-22,5338.0000,5345.0000,5306.7500,5329.2500,968629,390,09:30,15:59,Wednesday,False,False,-0.1639
2024-05-23,5357.5000,5358.2500,5273.5000,5286.2500,1670103,390,09:30,15:59,Thursday,False,False,-1.3299
2024-05-24,5304.5000,5329.2500,5294.7500,5321.7500,970792,390,09:30,15:59,Friday,False,False,0.3252
2024-05-27,5320.2500,5334.7500,5318.5000,5334.0000,38251,210,09:30,12:59,Monday,True,False,0.2584
2024-05-28,5328.5000,5331.2500,5296.7500,5325.5000,1025598,390,09:30,15:59,Tuesday,False,False,-0.0563
2024-05-29,5282.0000,5298.2500,5278.7500,5287.5000,1074193,390,09:30,15:59,Wednesday,False,False,0.1041
2024-05-30,5269.7500,5277.0000,5238.2500,5251.5000,1102469,390,09:30,15:59,Thursday,False,False,-0.3463
2024-05-31,5257.7500,5299.5000,5205.5000,5296.7500,1823582,390,09:30,15:59,Friday,False,False,0.7418
2024-06-03,5312.2500,5313.2500,5246.7500,5299.5000,1429884,390,09:30,15:59,Monday,False,False,-0.2400
2024-06-04,5285.2500,5312.2500,5269.5000,5304.0000,1333415,390,09:30,15:59,Tuesday,False,False,0.3548
2024-06-05,5327.5000,5367.0000,5306.5000,5366.5000,1070627,390,09:30,15:59,Wednesday,False,False,0.7321
2024-06-06,5369.2500,5373.2500,5345.2500,5365.2500,976802,390,09:30,15:59,Thursday,False,False,-0.0745
2024-06-07,5352.5000,5385.5000,5341.0000,5356.0000,1172089,390,09:30,15:59,Friday,False,False,0.0654
2024-06-10,5347.2500,5375.7500,5341.0000,5372.7500,919738,390,09:30,15:59,Monday,False,False,0.4769
2024-06-11,5355.5000,5385.2500,5334.5000,5384.0000,1125068,390,09:30,15:59,Tuesday,False,False,0.5322
2024-06-12,5430.0000,5454.5000,5416.2500,5426.7500,1397953,390,09:30,15:59,Wednesday,False,False,-0.0599
2024-06-13,5444.2500,5445.7500,5408.5000,5436.5000,1042364,390,09:30,15:59,Thursday,False,False,-0.1424
2024-06-14,5419.0000,5438.5000,5408.5000,5437.2500,779548,390,09:30,15:59,Friday,False,False,0.3368
2024-06-17,5429.7500,5494.0000,5424.7500,5479.7500,354628,390,09:30,15:59,Monday,False,False,0.9209
2024-06-18,5479.2500,5494.0000,5475.0000,5492.7500,154073,390,09:30,15:59,Tuesday,False,False,0.2464
2024-06-19,5565.7500,5566.5000,5560.0000,5561.7500,30943,210,09:30,12:59,Wednesday,True,False,-0.0719
2024-06-20,5570.2500,5576.7500,5525.5000,5545.2500,1201838,390,09:30,15:59,Thursday,False,False,-0.4488
2024-06-21,5534.2500,5545.7500,5519.0000,5530.2500,979414,390,09:30,15:59,Friday,False,False,-0.0723
2024-06-24,5531.0000,5558.5000,5514.5000,5514.5000,1099381,390,09:30,15:59,Monday,False,False,-0.2983
2024-06-25,5527.2500,5539.7500,5511.7500,5535.2500,860386,390,09:30,15:59,Tuesday,False,False,0.1447
2024-06-26,5523.0000,5549.0000,5516.2500,5541.5000,847041,390,09:30,15:59,Wednesday,False,False,0.3350
2024-06-27,5538.7500,5555.0000,5530.0000,5548.0000,955933,390,09:30,15:59,Thursday,False,False,0.1670
2024-06-28,5552.7500,5585.0000,5510.7500,5523.2500,1398421,390,09:30,15:59,Friday,False,False,-0.5313
2024-07-01,5537.0000,5539.5000,5504.5000,5533.7500,1110346,390,09:30,15:59,Monday,False,False,-0.0587
2024-07-02,5516.0000,5569.7500,5515.0000,5569.5000,990207,390,09:30,15:59,Tuesday,False,False,0.9699
2024-07-03,5564.2500,5595.7500,5563.7500,5591.0000,580493,225,09:30,13:14,Wednesday,True,False,0.4807
2024-07-04,5595.2500,5595.5000,5585.2500,5588.5000,37422,210,09:30,12:59,Thursday,True,False,-0.1206
2024-07-05,5592.2500,5626.0000,5585.5000,5622.0000,812952,390,09:30,15:59,Friday,False,False,0.5320
2024-07-08,5629.0000,5637.5000,5615.2500,5627.5000,730512,390,09:30,15:59,Monday,False,False,-0.0266
2024-07-09,5636.0000,5645.7500,5628.2500,5631.7500,837743,390,09:30,15:59,Tuesday,False,False,-0.0754
2024-07-10,5643.2500,5690.5000,5640.2500,5686.2500,909441,390,09:30,15:59,Wednesday,False,False,0.7620
2024-07-11,5686.5000,5695.7500,5630.0000,5636.0000,1575795,390,09:30,15:59,Thursday,False,False,-0.8881
2024-07-12,5646.0000,5708.2500,5642.5000,5670.2500,1333702,390,09:30,15:59,Friday,False,False,0.4295
2024-07-15,5690.5000,5718.7500,5666.0000,5685.5000,1415209,390,09:30,15:59,Monday,False,False,-0.0879
2024-07-16,5698.2500,5721.2500,5690.2500,5717.7500,1212558,390,09:30,15:59,Tuesday,False,False,0.3422
2024-07-17,5655.2500,5672.7500,5633.2500,5637.2500,1606236,390,09:30,15:59,Wednesday,False,False,-0.3183
2024-07-18,5651.7500,5661.7500,5570.2500,5593.2500,2119023,390,09:30,15:59,Thursday,False,False,-1.0351
2024-07-19,5587.2500,5604.7500,5542.0000,5553.7500,1656461,390,09:30,15:59,Friday,False,False,-0.5996
2024-07-22,5593.5000,5616.0000,5572.7500,5609.5000,1333584,390,09:30,15:59,Monday,False,False,0.2860
2024-07-23,5607.5000,5629.7500,5594.5000,5598.7500,1080091,390,09:30,15:59,Tuesday,False,False,-0.1560
2024-07-24,5548.5000,5551.7500,5462.0000,5471.7500,1685198,390,09:30,15:59,Wednesday,False,False,-1.3833
2024-07-25,5471.7500,5533.2500,5432.5000,5441.2500,2230643,390,09:30,15:59,Thursday,False,False,-0.5574
2024-07-26,5478.5000,5528.2500,5470.0000,5499.2500,1614289,390,09:30,15:59,Friday,False,False,0.3788
2024-07-29,5514.2500,5525.2500,5481.0000,5503.0000,1405062,390,09:30,15:59,Monday,False,False,-0.2040
2024-07-30,5516.2500,5527.5000,5438.0000,5472.7500,1698706,390,09:30,15:59,Tuesday,False,False,-0.7886
2024-07-31,5543.2500,5588.5000,5528.7500,5556.5000,1614852,390,09:30,15:59,Wednesday,False,False,0.2390
2024-08-01,5578.0000,5600.7500,5444.7500,5480.7500,2242151,390,09:30,15:59,Thursday,False,False,-1.7435
2024-08-02,5404.5000,5417.2500,5331.7500,5376.2500,2471907,390,09:30,15:59,Friday,False,False,-0.5227
2024-08-05,5159.5000,5279.5000,5146.0000,5218.7500,2186946,390,09:30,15:59,Monday,False,False,1.1484
2024-08-06,5235.2500,5342.0000,5221.7500,5264.7500,1557527,390,09:30,15:59,Tuesday,False,False,0.5635
2024-08-07,5327.7500,5359.2500,5222.2500,5228.7500,1684000,390,09:30,15:59,Wednesday,False,False,-1.8582
2024-08-08,5280.7500,5355.5000,5259.7500,5348.2500,1357622,390,09:30,15:59,Thursday,False,False,1.2782
2024-08-09,5337.5000,5385.2500,5324.7500,5368.5000,1060343,390,09:30,15:59,Friday,False,False,0.5808
2024-08-12,5381.0000,5396.7500,5347.7500,5371.7500,988223,390,09:30,15:59,Monday,False,False,-0.1719
2024-08-13,5403.5000,5461.2500,5401.5000,5458.7500,927315,390,09:30,15:59,Tuesday,False,False,1.0225
2024-08-14,5466.2500,5487.7500,5438.7500,5475.2500,987261,390,09:30,15:59,Wednesday,False,False,0.1646
2024-08-15,5532.5000,5571.7500,5526.2500,5568.5000,1008912,390,09:30,15:59,Thursday,False,False,0.6507
2024-08-16,5549.5000,5586.2500,5547.5000,5578.2500,769558,390,09:30,15:59,Friday,False,False,0.5181
2024-08-19,5582.2500,5631.2500,5573.5000,5631.0000,723019,390,09:30,15:59,Monday,False,False,0.8733
2024-08-20,5626.0000,5643.7500,5607.7500,5621.0000,814626,390,09:30,15:59,Tuesday,False,False,-0.0889
2024-08-21,5631.2500,5655.2500,5613.5000,5640.2500,876371,390,09:30,15:59,Wednesday,False,False,0.1598
2024-08-22,5658.7500,5665.2500,5582.7500,5595.2500,1167160,390,09:30,15:59,Thursday,False,False,-1.1222
2024-08-23,5626.0000,5662.2500,5603.0000,5651.2500,1185764,390,09:30,15:59,Friday,False,False,0.4488
2024-08-26,5661.0000,5669.0000,5619.7500,5637.2500,897968,390,09:30,15:59,Monday,False,False,-0.4195
2024-08-27,5623.2500,5649.5000,5611.5000,5643.7500,789695,390,09:30,15:59,Tuesday,False,False,0.3646
2024-08-28,5640.0000,5644.5000,5577.5000,5611.5000,1058102,390,09:30,15:59,Wednesday,False,False,-0.5053
2024-08-29,5630.5000,5663.7500,5598.0000,5610.2500,1237818,390,09:30,15:59,Thursday,False,False,-0.3596
2024-08-30,5631.2500,5665.0000,5594.2500,5658.2500,1221262,390,09:30,15:59,Friday,False,False,0.4795
2024-09-02,5657.0000,5667.0000,5652.2500,5665.0000,38902,210,09:30,12:59,Monday,True,False,0.1414
2024-09-03,5626.2500,5630.0000,5516.7500,5543.2500,1424497,390,09:30,15:59,Tuesday,False,False,-1.4752
2024-09-04,5522.7500,5565.0000,5515.0000,5528.0000,1330443,390,09:30,15:59,Wednesday,False,False,0.0951
2024-09-05,5528.2500,5557.2500,5490.0000,5515.0000,1361344,390,09:30,15:59,Thursday,False,False,-0.2397
2024-09-06,5515.5000,5532.5000,5410.2500,5420.5000,1774209,390,09:30,15:59,Friday,False,False,-1.7224
2024-09-09,5462.0000,5493.0000,5442.5000,5479.5000,1205943,390,09:30,15:59,Monday,False,False,0.3204
2024-09-10,5498.2500,5506.0000,5448.2500,5502.0000,1189802,390,09:30,15:59,Tuesday,False,False,0.0682
2024-09-11,5500.5000,5567.5000,5412.0000,5556.7500,1778463,390,09:30,15:59,Wednesday,False,False,1.0226
2024-09-12,5562.7500,5607.0000,5540.2500,5603.5000,1233410,390,09:30,15:59,Thursday,False,False,0.7326
2024-09-13,5607.7500,5641.5000,5605.0000,5630.0000,865156,390,09:30,15:59,Friday,False,False,0.3968
2024-09-16,5627.7500,5641.5000,5609.2500,5639.0000,365541,390,09:30,15:59,Monday,False,False,0.1999
2024-09-17,5660.7500,5675.5000,5617.0000,5640.7500,317973,390,09:30,15:59,Tuesday,False,False,-0.3533
2024-09-18,5707.2500,5755.7500,5675.2500,5680.7500,1279597,390,09:30,15:59,Wednesday,False,False,-0.4643
2024-09-19,5778.2500,5797.5000,5748.2500,5778.0000,1138625,390,09:30,15:59,Thursday,False,False,-0.0043
2024-09-20,5760.5000,5775.0000,5733.5000,5763.0000,1148724,390,09:30,15:59,Friday,False,False,0.0434
2024-09-23,5774.5000,5784.5000,5761.0000,5776.2500,816231,390,09:30,15:59,Monday,False,False,0.0303
2024-09-24,5784.2500,5794.2500,5754.7500,5793.0000,902303,390,09:30,15:59,Tuesday,False,False,0.1513
2024-09-25,5790.5000,5798.7500,5768.0000,5779.5000,797702,390,09:30,15:59,Wednesday,False,False,-0.1900
2024-09-26,5823.7500,5827.2500,5778.2500,5803.0000,1024696,390,09:30,15:59,Thursday,False,False,-0.3563
2024-09-27,5811.5000,5821.5000,5782.0000,5791.0000,938792,390,09:30,15:59,Friday,False,False,-0.3527
2024-09-30,5780.2500,5820.2500,5756.2500,5816.0000,1083250,390,09:30,15:59,Monday,False,False,0.6185
2024-10-01,5808.5000,5809.5000,5733.0000,5760.5000,1644937,390,09:30,15:59,Tuesday,False,False,-0.8264
2024-10-02,5749.7500,5772.2500,5724.0000,5760.7500,935352,390,09:30,15:59,Wednesday,False,False,0.1913
2024-10-03,5744.5000,5770.0000,5725.7500,5749.0000,1104283,390,09:30,15:59,Thursday,False,False,0.0783
2024-10-04,5793.5000,5804.7500,5749.5000,5799.7500,1067786,390,09:30,15:59,Friday,False,False,0.1079
2024-10-07,5781.7500,5788.7500,5734.2500,5747.0000,892112,390,09:30,15:59,Monday,False,False,-0.6010
2024-10-08,5772.5000,5806.7500,5763.7500,5800.7500,792309,390,09:30,15:59,Tuesday,False,False,0.4894
2024-10-09,5799.5000,5846.5000,5793.7500,5839.7500,866038,390,09:30,15:59,Wednesday,False,False,0.6940
2024-10-10,5825.5000,5843.2500,5811.5000,5828.7500,795923,390,09:30,15:59,Thursday,False,False,0.0558
2024-10-11,5824.2500,5868.2500,5823.2500,5859.5000,781514,390,09:30,15:59,Friday,False,False,0.6052
2024-10-14,5876.5000,5918.5000,5873.0000,5909.2500,680193,390,09:30,15:59,Monday,False,False,0.5573
2024-10-15,5911.0000,5914.0000,5850.0000,5863.0000,1091588,390,09:30,15:59,Tuesday,False,False,-0.8120
2024-10-16,5861.7500,5892.7500,5853.2500,5886.0000,705721,390,09:30,15:59,Wednesday,False,False,0.4137
2024-10-17,5923.0000,5925.0000,5884.7500,5886.2500,912480,390,09:30,15:59,Thursday,False,False,-0.6205
2024-10-18,5901.5000,5915.5000,5886.5000,5906.2500,674257,390,09:30,15:59,Friday,False,False,0.0805
2024-10-21,5898.5000,5908.5000,5865.0000,5897.0000,832653,390,09:30,15:59,Monday,False,False,-0.0254
2024-10-22,5869.2500,5904.2500,5862.2500,5892.5000,753380,390,09:30,15:59,Tuesday,False,False,0.3961
2024-10-23,5870.2500,5874.7500,5801.0000,5837.2500,1187603,390,09:30,15:59,Wednesday,False,False,-0.5622
2024-10-24,5857.0000,5857.7500,5822.5000,5849.0000,916411,390,09:30,15:59,Thursday,False,False,-0.1366
2024-10-25,5870.0000,5900.7500,5835.0000,5845.5000,1102996,390,09:30,15:59,Friday,False,False,-0.4174
2024-10-28,5879.7500,5880.7500,5859.5000,5862.7500,724186,390,09:30,15:59,Monday,False,False,-0.2891
2024-10-29,5852.0000,5883.2500,5837.5000,5871.7500,870547,390,09:30,15:59,Tuesday,False,False,0.3375
2024-10-30,5866.2500,5886.7500,5845.5000,5853.0000,967803,390,09:30,15:59,Wednesday,False,False,-0.2259
2024-10-31,5807.2500,5807.2500,5734.5000,5735.5000,1443857,390,09:30,15:59,Thursday,False,False,-1.2355
2024-11-01,5760.7500,5803.7500,5752.5000,5756.7500,1208435,390,09:30,15:59,Friday,False,False,-0.0694
2024-11-04,5757.7500,5771.5000,5724.2500,5744.2500,1020335,390,09:30,15:59,Monday,False,False,-0.2345
2024-11-05,5753.0000,5813.5000,5750.5000,5813.0000,929772,390,09:30,15:59,Tuesday,False,False,1.0429
2024-11-06,5939.0000,5967.0000,5900.7500,5957.5000,1214594,390,09:30,15:59,Wednesday,False,False,0.3115
2024-11-07,5977.0000,6013.0000,5976.0000,6002.5000,933710,390,09:30,15:59,Thursday,False,False,0.4266
2024-11-08,6004.7500,6040.5000,6004.7500,6027.0000,834966,390,09:30,15:59,Friday,False,False,0.3705
2024-11-11,6042.0000,6045.2500,6013.5000,6032.2500,785400,390,09:30,15:59,Monday,False,False,-0.1614
2024-11-12,6030.5000,6036.5000,5986.7500,6012.5000,1060339,390,09:30,15:59,Tuesday,False,False,-0.2985
2024-11-13,6016.0000,6035.2500,5991.7500,6015.7500,1067883,390,09:30,15:59,Wednesday,False,False,-0.0042
2024-11-14,6015.2500,6020.5000,5968.7500,5976.7500,1212869,390,09:30,15:59,Thursday,False,False,-0.6400
2024-11-15,5936.7500,5941.7500,5876.7500,5897.0000,1471519,390,09:30,15:59,Friday,False,False,-0.6696
2024-11-18,5900.2500,5933.0000,5891.2500,5920.2500,987273,390,09:30,15:59,Monday,False,False,0.3390
2024-11-19,5883.7500,5947.5000,5876.2500,5939.0000,1110000,390,09:30,15:59,Tuesday,False,False,0.9390
2024-11-20,5938.7500,5942.7500,5880.0000,5939.2500,1225832,390,09:30,15:59,Wednesday,False,False,0.0084
2024-11-21,5967.7500,5985.0000,5907.2500,5970.0000,1395730,390,09:30,15:59,Thursday,False,False,0.0377
2024-11-22,5968.2500,5993.5000,5962.7500,5986.0000,1189330,390,09:30,15:59,Friday,False,False,0.2974
2024-11-25,6026.7500,6040.0000,5982.5000,6005.5000,1247497,390,09:30,15:59,Monday,False,False,-0.3526
2024-11-26,6018.5000,6044.0000,6011.2500,6037.0000,909045,390,09:30,15:59,Tuesday,False,False,0.3074
2024-11-27,6033.0000,6037.0000,6000.2500,6015.7500,885917,390,09:30,15:59,Wednesday,False,False,-0.2859
2024-11-28,6025.0000,6032.5000,6024.7500,6029.7500,35836,210,09:30,12:59,Thursday,True,False,0.0788
2024-11-29,6021.5000,6060.0000,6019.0000,6051.5000,564144,225,09:30,13:14,Friday,True,False,0.4982
2024-12-02,6055.2500,6068.5000,6049.7500,6062.0000,718615,390,09:30,15:59,Monday,False,False,0.1115
2024-12-03,6058.5000,6066.0000,6047.5000,6062.7500,719341,390,09:30,15:59,Tuesday,False,False,0.0701
2024-12-04,6080.0000,6102.2500,6072.5000,6099.0000,826138,390,09:30,15:59,Wednesday,False,False,0.3125
2024-12-05,6098.7500,6107.2500,6085.5000,6088.7500,875908,390,09:30,15:59,Thursday,False,False,-0.1640
2024-12-06,6094.5000,6111.0000,6090.0000,6098.5000,868536,390,09:30,15:59,Friday,False,False,0.0656
2024-12-09,6096.0000,6097.7500,6060.0000,6065.7500,1070993,390,09:30,15:59,Monday,False,False,-0.4962
2024-12-10,6071.7500,6075.2500,6039.7500,6047.5000,1048920,390,09:30,15:59,Tuesday,False,False,-0.3994
2024-12-11,6075.5000,6102.5000,6072.5000,6092.2500,927306,390,09:30,15:59,Wednesday,False,False,0.2757
2024-12-12,6082.2500,6087.7500,6059.5000,6059.7500,1072177,390,09:30,15:59,Thursday,False,False,-0.3699
2024-12-13,6077.2500,6084.7500,6041.2500,6055.7500,978249,390,09:30,15:59,Friday,False,False,-0.3538
2024-12-16,6072.5000,6090.5000,6064.7500,6080.0000,356575,390,09:30,15:59,Monday,False,False,0.1235
2024-12-17,6052.7500,6063.5000,6040.7500,6054.0000,260120,390,09:30,15:59,Tuesday,False,False,0.0207
2024-12-18,6124.0000,6148.0000,5934.7500,5939.2500,1783646,390,09:30,15:59,Wednesday,False,False,-3.0168
2024-12-19,5988.7500,6005.2500,5931.7500,5934.2500,1621661,390,09:30,15:59,Thursday,False,False,-0.9100
2024-12-20,5907.2500,6050.7500,5898.2500,6002.2500,1602326,390,09:30,15:59,Friday,False,False,1.6082
2024-12-23,5998.7500,6043.0000,5965.0000,6036.7500,1045358,390,09:30,15:59,Monday,False,False,0.6335
2024-12-24,6048.0000,6099.5000,6042.2500,6099.0000,497383,225,09:30,13:14,Tuesday,True,False,0.8433
2024-12-26,6079.2500,6107.5000,6063.2500,6094.7500,690116,390,09:30,15:59,Thursday,False,False,0.2550
2024-12-27,6052.5000,6055.5000,5982.7500,6028.5000,1348172,390,09:30,15:59,Friday,False,False,-0.3965
2024-12-30,5955.2500,5993.2500,5918.2500,5958.0000,1212897,390,09:30,15:59,Monday,False,False,0.0462
2024-12-31,5972.5000,5980.2500,5917.2500,5935.0000,1087512,390,09:30,15:59,Tuesday,False,False,-0.6279
2025-01-02,5967.7500,5985.0000,5874.7500,5917.2500,1454079,390,09:30,15:59,Thursday,False,False,-0.8462
2025-01-03,5945.0000,5996.7500,5934.0000,5988.0000,965464,390,09:30,15:59,Friday,False,False,0.7233
2025-01-06,6032.7500,6068.2500,6004.0000,6022.5000,1151200,390,09:30,15:59,Monday,False,False,-0.1699
2025-01-07,6042.0000,6045.5000,5935.0000,5955.0000,1492593,390,09:30,15:59,Tuesday,False,False,-1.4399
2025-01-08,5954.0000,5971.7500,5917.0000,5959.0000,1374747,390,09:30,15:59,Wednesday,False,False,0.0840
2025-01-10,5920.7500,5921.7500,5845.2500,5866.5000,1631078,390,09:30,15:59,Friday,False,False,-0.9163
2025-01-13,5817.5000,5878.2500,5813.0000,5875.2500,1369780,390,09:30,15:59,Monday,False,False,0.9927
2025-01-14,5902.7500,5909.7500,5842.5000,5882.0000,1463809,390,09:30,15:59,Tuesday,False,False,-0.3515
2025-01-15,5964.7500,6001.2500,5952.5000,5988.5000,1206422,390,09:30,15:59,Wednesday,False,False,0.3982
2025-01-16,6001.7500,6004.2500,5969.0000,5976.2500,1210901,390,09:30,15:59,Thursday,False,False,-0.4249
2025-01-17,6026.7500,6051.5000,6012.7500,6033.0000,1033398,390,09:30,15:59,Friday,False,False,0.1037
2025-01-20,6064.2500,6078.2500,6036.5000,6055.2500,126932,210,09:30,12:59,Monday,True,False,-0.1484
2025-01-21,6063.7500,6087.2500,6043.5000,6086.5000,1056027,390,09:30,15:59,Tuesday,False,False,0.3752
2025-01-22,6116.2500,6135.7500,6111.2500,6120.2500,938015,390,09:30,15:59,Wednesday,False,False,0.0654
2025-01-23,6113.5000,6154.0000,6111.2500,6153.5000,831070,390,09:30,15:59,Thursday,False,False,0.6543
2025-01-24,6152.0000,6162.2500,6122.0000,6132.7500,971501,390,09:30,15:59,Friday,False,False,-0.3129
2025-01-27,5998.0000,6048.7500,5996.7500,6046.7500,1613112,390,09:30,15:59,Monday,False,False,0.8128
2025-01-28,6057.5000,6105.5000,6023.5000,6096.0000,1226766,390,09:30,15:59,Tuesday,False,False,0.6356
2025-01-29,6087.2500,6091.2500,6042.2500,6068.2500,1231245,390,09:30,15:59,Wednesday,False,False,-0.3121
2025-01-30,6089.5000,6116.2500,6056.5000,6099.2500,1294706,390,09:30,15:59,Thursday,False,False,0.1601
2025-01-31,6122.5000,6147.7500,6057.7500,6064.7500,1528199,390,09:30,15:59,Friday,False,False,-0.9432
2025-02-03,5972.2500,6049.2500,5950.2500,6023.0000,1601118,390,09:30,15:59,Monday,False,False,0.8498
2025-02-04,6023.5000,6068.7500,6018.0000,6062.5000,941971,390,09:30,15:59,Tuesday,False,False,0.6475
2025-02-05,6051.0000,6088.5000,6029.5000,6086.0000,906027,390,09:30,15:59,Wednesday,False,False,0.5784
2025-02-06,6103.7500,6108.5000,6070.0000,6107.0000,892309,390,09:30,15:59,Thursday,False,False,0.0532
2025-02-07,6110.5000,6123.2500,6041.2500,6049.2500,1411538,390,09:30,15:59,Friday,False,False,-1.0024
2025-02-10,6080.7500,6096.0000,6067.7500,6088.2500,768226,390,09:30,15:59,Monday,False,False,0.1233
2025-02-11,6065.0000,6098.7500,6064.0000,6092.5000,797378,390,09:30,15:59,Tuesday,False,False,0.4534
2025-02-12,6030.7500,6084.7500,6023.7500,6072.7500,1154453,390,09:30,15:59,Wednesday,False,False,0.6964
2025-02-13,6083.5000,6138.0000,6070.2500,6135.2500,1181644,390,09:30,15:59,Thursday,False,False,0.8507
2025-02-14,6134.5000,6145.2500,6125.7500,6131.7500,756580,390,09:30,15:59,Friday,False,False,-0.0448
2025-02-17,6143.7500,6147.0000,6136.2500,6146.0000,35064,209,09:30,12:59,Monday,True,False,0.0366
2025-02-18,6143.2500,6148.5000,6118.2500,6148.0000,863861,390,09:30,15:59,Tuesday,False,False,0.0773
2025-02-19,6134.2500,6166.5000,6129.2500,6163.0000,840354,390,09:30,15:59,Wednesday,False,False,0.4687
2025-02-20,6148.5000,6150.0000,6102.7500,6137.2500,1164562,390,09:30,15:59,Thursday,False,False,-0.1830
2025-02-21,6132.5000,6133.0000,6024.5000,6030.2500,1626846,390,09:30,15:59,Friday,False,False,-1.6673
2025-02-24,6050.0000,6060.0000,5994.5000,6002.2500,1445385,390,09:30,15:59,Monday,False,False,-0.7893
2025-02-25,6000.5000,6007.7500,5924.0000,5970.5000,1810187,390,09:30,15:59,Tuesday,False,False,-0.5000
2025-02-26,5987.2500,6023.7500,5945.5000,5972.0000,1542082,390,09:30,15:59,Wednesday,False,False,-0.2547
2025-02-27,5995.5000,6007.2500,5873.0000,5877.5000,2111415,390,09:30,15:59,Thursday,False,False,-1.9681
2025-02-28,5879.7500,5971.0000,5848.0000,5964.0000,2201314,390,09:30,15:59,Friday,False,False,1.4329
2025-03-03,5984.7500,5997.0000,5821.7500,5862.7500,2153353,390,09:30,15:59,Monday,False,False,-2.0385
2025-03-04,5819.0000,5875.7500,5744.0000,5790.7500,2624222,390,09:30,15:59,Tuesday,False,False,-0.4855
2025-03-05,5788.0000,5869.5000,5750.7500,5850.7500,1764285,390,09:30,15:59,Wednesday,False,False,1.0841
2025-03-06,5773.7500,5821.2500,5720.0000,5747.7500,2082361,390,09:30,15:59,Thursday,False,False,-0.4503
2025-03-07,5726.2500,5791.0000,5673.0000,5775.0000,1807432,390,09:30,15:59,Friday,False,False,0.8513
2025-03-10,5691.2500,5711.2500,5571.5000,5623.5000,1967869,390,09:30,15:59,Monday,False,False,-1.1904
2025-03-11,5609.0000,5643.7500,5534.0000,5575.7500,1984300,390,09:30,15:59,Tuesday,False,False,-0.5928
2025-03-12,5635.5000,5645.0000,5550.2500,5602.7500,1459017,390,09:30,15:59,Wednesday,False,False,-0.5811
2025-03-13,5598.0000,5603.7500,5509.2500,5528.2500,1489125,390,09:30,15:59,Thursday,False,False,-1.2460
2025-03-14,5572.0000,5648.7500,5564.0000,5637.5000,1235667,390,09:30,15:59,Friday,False,False,1.1755
2025-03-17,5637.2500,5707.5000,5632.7500,5680.5000,526925,390,09:30,15:59,Monday,False,False,0.7672
2025-03-18,5657.2500,5659.2500,5600.0000,5620.5000,283143,390,09:30,15:59,Tuesday,False,False,-0.6496
2025-03-19,5687.7500,5770.5000,5675.7500,5730.7500,1117182,390,09:30,15:59,Wednesday,False,False,0.7560
2025-03-20,5692.0000,5765.2500,5684.5000,5714.5000,1210549,390,09:30,15:59,Thursday,False,False,0.3953
2025-03-21,5664.0000,5722.2500,5652.2500,5714.5000,1140297,390,09:30,15:59,Friday,False,False,0.8916
2025-03-24,5782.5000,5825.5000,5776.0000,5813.5000,1050737,390,09:30,15:59,Monday,False,False,0.5361
2025-03-25,5826.0000,5837.2500,5809.5000,5826.0000,804615,390,09:30,15:59,Tuesday,False,False,0.0000
2025-03-26,5824.0000,5834.5000,5743.0000,5758.2500,1218289,390,09:30,15:59,Wednesday,False,False,-1.1289
2025-03-27,5742.7500,5779.7500,5720.0000,5740.5000,1235640,390,09:30,15:59,Thursday,False,False,-0.0392
2025-03-28,5723.5000,5731.2500,5617.2500,5624.5000,1509843,390,09:30,15:59,Friday,False,False,-1.7297
2025-03-31,5563.5000,5672.7500,5533.7500,5656.2500,1675766,390,09:30,15:59,Monday,False,False,1.6671
2025-04-01,5638.7500,5694.7500,5600.2500,5674.7500,1454605,390,09:30,15:59,Tuesday,False,False,0.6384
2025-04-02,5613.0000,5739.2500,5610.7500,5710.0000,1443763,390,09:30,15:59,Wednesday,False,False,1.7281
2025-04-03,5512.0000,5540.5000,5428.5000,5436.0000,1719522,390,09:30,15:59,Thursday,False,False,-1.3788
2025-04-04,5292.0000,5314.5000,5103.0000,5108.5000,2426689,390,09:30,15:59,Friday,False,False,-3.4675
2025-04-07,4941.7500,5286.5000,4867.0000,5098.7500,2334032,390,09:30,15:59,Monday,False,False,3.1770
2025-04-08,5272.0000,5305.2500,4940.5000,5017.5000,1739757,390,09:30,15:59,Tuesday,False,False,-4.8274
2025-04-09,4982.7500,5520.0000,4980.0000,5489.5000,2052935,390,09:30,15:59,Wednesday,False,False,10.1701
2025-04-10,5375.5000,5389.0000,5146.7500,5299.5000,1773456,390,09:30,15:59,Thursday,False,False,-1.4138
2025-04-11,5281.2500,5418.2500,5251.5000,5390.0000,1173780,390,09:30,15:59,Friday,False,False,2.0592
2025-04-14,5493.2500,5496.5000,5391.0000,5442.5000,942349,390,09:30,15:59,Monday,False,False,-0.9239
2025-04-15,5449.2500,5485.0000,5419.5000,5427.7500,881461,390,09:30,15:59,Tuesday,False,False,-0.3945
2025-04-16,5367.2500,5401.0000,5251.0000,5305.2500,1139254,390,09:30,15:59,Wednesday,False,False,-1.1552
2025-04-17,5322.7500,5359.5000,5285.5000,5310.7500,975612,390,09:30,15:59,Thursday,False,False,-0.2254
2025-04-21,5257.2500,5262.5000,5127.2500,5183.5000,938556,390,09:30,15:59,Monday,False,False,-1.4028
2025-04-22,5245.5000,5339.2500,5236.0000,5314.2500,1246858,390,09:30,15:59,Tuesday,False,False,1.3106
2025-04-23,5450.0000,5499.7500,5383.7500,5398.2500,1372940,390,09:30,15:59,Wednesday,False,False,-0.9495
2025-04-24,5411.7500,5520.0000,5398.5000,5510.5000,1050363,390,09:30,15:59,Thursday,False,False,1.8247
2025-04-25,5510.5000,5554.5000,5480.2500,5548.2500,977470,390,09:30,15:59,Friday,False,False,0.6851
2025-04-28,5557.0000,5578.7500,5492.0000,5551.5000,938962,390,09:30,15:59,Monday,False,False,-0.0990
2025-04-29,5531.0000,5597.2500,5527.7500,5583.5000,943365,390,09:30,15:59,Tuesday,False,False,0.9492
2025-04-30,5516.2500,5606.7500,5455.5000,5584.0000,1382351,390,09:30,15:59,Wednesday,False,False,1.2282
2025-05-01,5645.0000,5682.5000,5618.7500,5625.0000,1023519,390,09:30,15:59,Thursday,False,False,-0.3543
2025-05-02,5686.5000,5724.7500,5663.0000,5706.0000,1003996,390,09:30,15:59,Friday,False,False,0.3429
2025-05-05,5664.2500,5706.2500,5655.2500,5674.5000,763447,390,09:30,15:59,Monday,False,False,0.1810
2025-05-06,5616.5000,5671.7500,5607.0000,5625.5000,1012584,390,09:30,15:59,Tuesday,False,False,0.1602
2025-05-07,5638.5000,5675.0000,5596.0000,5648.7500,1089363,390,09:30,15:59,Wednesday,False,False,0.1818
2025-05-08,5688.7500,5741.0000,5653.0000,5686.5000,1076560,390,09:30,15:59,Thursday,False,False,-0.0396
2025-05-09,5699.7500,5710.0000,5662.5000,5677.7500,777466,390,09:30,15:59,Friday,False,False,-0.3860
2025-05-12,5850.2500,5866.2500,5805.7500,5864.2500,1181750,390,09:30,15:59,Monday,False,False,0.2393
2025-05-13,5869.7500,5927.0000,5863.5000,5903.5000,1021319,390,09:30,15:59,Tuesday,False,False,0.5750
2025-05-14,5913.2500,5925.0000,5890.0000,5909.5000,923816,390,09:30,15:59,Wednesday,False,False,-0.0634
2025-05-15,5889.0000,5944.5000,5884.5000,5938.2500,994185,390,09:30,15:59,Thursday,False,False,0.8363
2025-05-16,5944.5000,5977.5000,5924.7500,5975.2500,865093,390,09:30,15:59,Friday,False,False,0.5173
2025-05-19,5912.2500,5987.5000,5912.2500,5981.2500,923217,390,09:30,15:59,Monday,False,False,1.1671
2025-05-20,5962.0000,5971.0000,5926.7500,5959.2500,874455,390,09:30,15:59,Tuesday,False,False,-0.0461
2025-05-21,5914.5000,5956.2500,5847.7500,5859.2500,1238260,390,09:30,15:59,Wednesday,False,False,-0.9341
2025-05-22,5855.5000,5895.0000,5842.7500,5858.5000,1075735,390,09:30,15:59,Thursday,False,False,0.0512
2025-05-23,5784.0000,5843.7500,5780.5000,5817.0000,1076592,390,09:30,15:59,Friday,False,False,0.5705
2025-05-26,5883.5000,5893.0000,5871.0000,5891.0000,36684,210,09:30,12:59,Monday,True,False,0.1275
2025-05-27,5886.2500,5938.7500,5868.2500,5936.0000,868907,390,09:30,15:59,Tuesday,False,False,0.8452
2025-05-28,5940.2500,5952.5000,5894.5000,5901.5000,922443,390,09:30,15:59,Wednesday,False,False,-0.6523
2025-05-29,5955.0000,5956.2500,5884.0000,5923.2500,1008952,390,09:30,15:59,Thursday,False,False,-0.5332
2025-05-30,5910.5000,5932.7500,5853.2500,5914.7500,1262336,390,09:30,15:59,Friday,False,False,0.0719
2025-06-02,5897.5000,5949.0000,5870.5000,5947.2500,914595,390,09:30,15:59,Monday,False,False,0.8436
2025-06-03,5943.5000,5991.2500,5938.2500,5981.5000,904320,390,09:30,15:59,Tuesday,False,False,0.6394
2025-06-04,5989.2500,5999.0000,5974.2500,5978.2500,853639,390,09:30,15:59,Wednesday,False,False,-0.1837
2025-06-05,5995.0000,6009.0000,5928.7500,5947.7500,1285610,390,09:30,15:59,Thursday,False,False,-0.7882
2025-06-06,6002.7500,6025.0000,5984.5000,6006.5000,982897,390,09:30,15:59,Friday,False,False,0.0625
2025-06-09,6012.7500,6027.7500,6000.0000,6010.0000,681419,390,09:30,15:59,Monday,False,False,-0.0457
2025-06-10,6016.2500,6049.5000,6005.0000,6045.0000,795049,390,09:30,15:59,Tuesday,False,False,0.4779
2025-06-11,6055.5000,6064.7500,6006.2500,6028.5000,1179628,390,09:30,15:59,Wednesday,False,False,-0.4459
2025-06-12,6014.0000,6051.0000,6008.5000,6050.5000,877765,390,09:30,15:59,Thursday,False,False,0.6069
2025-06-13,5996.0000,6029.7500,5965.2500,5980.0000,1017650,390,09:30,15:59,Friday,False,False,-0.2668
2025-06-16,6014.2500,6055.2500,6013.5000,6038.0000,399849,390,09:30,15:59,Monday,False,False,0.3949
2025-06-17,6011.5000,6027.0000,5976.7500,5985.0000,168659,390,09:30,15:59,Tuesday,False,False,-0.4408
2025-06-18,6045.0000,6073.7500,6026.2500,6035.5000,926620,390,09:30,15:59,Wednesday,False,False,-0.1572
2025-06-19,5999.0000,5999.2500,5969.5000,5978.2500,110389,210,09:30,12:59,Thursday,True,False,-0.3459
2025-06-20,6060.5000,6071.0000,6003.2500,6016.7500,1026661,390,09:30,15:59,Friday,False,False,-0.7219
2025-06-23,6025.0000,6081.5000,5993.2500,6076.7500,1057948,390,09:30,15:59,Monday,False,False,0.8589
2025-06-24,6118.5000,6155.2500,6109.0000,6143.7500,727240,390,09:30,15:59,Tuesday,False,False,0.4127
2025-06-25,6155.0000,6160.2500,6130.7500,6147.5000,711697,390,09:30,15:59,Wednesday,False,False,-0.1219
2025-06-26,6165.5000,6200.0000,6159.2500,6196.2500,791687,390,09:30,15:59,Thursday,False,False,0.4987
2025-06-27,6204.2500,6239.0000,6183.2500,6223.2500,1062488,390,09:30,15:59,Friday,False,False,0.3062
2025-06-30,6248.2500,6265.5000,6224.2500,6251.5000,1015776,390,09:30,15:59,Monday,False,False,0.0520
2025-07-01,6235.2500,6261.5000,6227.5000,6249.0000,1065767,390,09:30,15:59,Tuesday,False,False,0.2205
2025-07-02,6245.0000,6276.5000,6238.2500,6275.2500,770957,390,09:30,15:59,Wednesday,False,False,0.4844
2025-07-03,6293.2500,6333.2500,6292.7500,6323.5000,539274,225,09:30,13:14,Thursday,True,False,0.4807
2025-07-04,6284.5000,6292.7500,6279.2500,6283.5000,33215,210,09:30,12:59,Friday,True,False,-0.0159
2025-07-07,6302.0000,6309.7500,6246.2500,6275.5000,1006368,390,09:30,15:59,Monday,False,False,-0.4205
2025-07-08,6281.0000,6288.7500,6262.5000,6270.5000,878597,390,09:30,15:59,Tuesday,False,False,-0.1672
2025-07-09,6295.2500,6315.2500,6276.0000,6307.0000,930875,390,09:30,15:59,Wednesday,False,False,0.1866
2025-07-10,6307.7500,6335.5000,6296.0000,6324.5000,732053,390,09:30,15:59,Thursday,False,False,0.2655
2025-07-11,6290.5000,6312.7500,6278.5000,6299.0000,791369,390,09:30,15:59,Friday,False,False,0.1351
2025-07-14,6294.2500,6315.0000,6280.5000,6310.7500,714219,390,09:30,15:59,Monday,False,False,0.2621
2025-07-15,6338.0000,6341.7500,6282.0000,6282.2500,959153,390,09:30,15:59,Tuesday,False,False,-0.8796
2025-07-16,6298.5000,6308.7500,6241.0000,6302.7500,1216591,390,09:30,15:59,Wednesday,False,False,0.0675
2025-07-17,6304.5000,6345.5000,6302.0000,6342.2500,803559,390,09:30,15:59,Thursday,False,False,0.5988
2025-07-18,6352.0000,6353.5000,6323.2500,6334.7500,799625,390,09:30,15:59,Friday,False,False,-0.2716
2025-07-21,6345.5000,6374.0000,6341.0000,6345.2500,747436,390,09:30,15:59,Monday,False,False,-0.0039
2025-07-22,6348.0000,6353.7500,6318.7500,6345.5000,919712,390,09:30,15:59,Tuesday,False,False,-0.0394
2025-07-23,6372.7500,6399.2500,6353.5000,6399.0000,927024,390,09:30,15:59,Wednesday,False,False,0.4119
2025-07-24,6402.2500,6418.2500,6396.2500,6401.7500,837964,390,09:30,15:59,Thursday,False,False,-0.0078
2025-07-25,6405.0000,6431.0000,6402.5000,6425.7500,611797,390,09:30,15:59,Friday,False,False,0.3240
2025-07-28,6429.0000,6434.2500,6408.7500,6423.0000,727586,390,09:30,15:59,Monday,False,False,-0.0933
2025-07-29,6436.7500,6440.0000,6396.2500,6406.0000,937402,390,09:30,15:59,Tuesday,False,False,-0.4777
2025-07-30,6412.0000,6429.7500,6366.7500,6397.5000,1020034,390,09:30,15:59,Wednesday,False,False,-0.2261
2025-07-31,6446.7500,6451.0000,6358.2500,6371.0000,1459574,390,09:30,15:59,Thursday,False,False,-1.1750
2025-08-01,6311.0000,6311.5000,6239.5000,6263.5000,1754425,390,09:30,15:59,Friday,False,False,-0.7527
2025-08-04,6303.2500,6358.5000,6302.0000,6357.0000,959792,390,09:30,15:59,Monday,False,False,0.8527
2025-08-05,6363.7500,6371.7500,6315.5000,6325.2500,1144091,390,09:30,15:59,Tuesday,False,False,-0.6050
2025-08-06,6335.0000,6379.5000,6325.7500,6371.7500,979072,390,09:30,15:59,Wednesday,False,False,0.5801
2025-08-07,6407.2500,6414.5000,6334.5000,6367.5000,1159442,390,09:30,15:59,Thursday,False,False,-0.6204
2025-08-08,6383.0000,6419.0000,6379.7500,6414.0000,964452,390,09:30,15:59,Friday,False,False,0.4857
2025-08-11,6416.2500,6431.5000,6387.5000,6400.0000,872721,390,09:30,15:59,Monday,False,False,-0.2533
2025-08-12,6423.7500,6470.0000,6408.5000,6467.5000,958617,390,09:30,15:59,Tuesday,False,False,0.6811
2025-08-13,6489.5000,6502.5000,6466.7500,6489.0000,892552,390,09:30,15:59,Wednesday,False,False,-0.0077
2025-08-14,6467.5000,6496.0000,6462.7500,6488.7500,909581,390,09:30,15:59,Thursday,False,False,0.3286
2025-08-15,6496.7500,6498.0000,6461.5000,6471.5000,856877,390,09:30,15:59,Friday,False,False,-0.3887
2025-08-18,6464.5000,6475.2500,6457.2500,6468.7500,686253,390,09:30,15:59,Monday,False,False,0.0657
2025-08-19,6466.2500,6476.2500,6419.2500,6432.7500,1023556,390,09:30,15:59,Tuesday,False,False,-0.5181
2025-08-20,6428.0000,6430.7500,6362.7500,6413.7500,1336635,390,09:30,15:59,Wednesday,False,False,-0.2217
2025-08-21,6395.2500,6412.2500,6370.2500,6388.2500,981858,390,09:30,15:59,Thursday,False,False,-0.1095
2025-08-22,6407.7500,6496.2500,6402.5000,6483.2500,1175807,390,09:30,15:59,Friday,False,False,1.1783
2025-08-25,6470.0000,6482.7500,6453.2500,6454.5000,725044,390,09:30,15:59,Monday,False,False,-0.2396
2025-08-26,6450.7500,6485.0000,6444.5000,6481.0000,829411,390,09:30,15:59,Tuesday,False,False,0.4689
2025-08-27,6474.0000,6502.5000,6472.7500,6494.2500,713888,390,09:30,15:59,Wednesday,False,False,0.3128
2025-08-28,6500.0000,6523.0000,6480.7500,6517.0000,903854,390,09:30,15:59,Thursday,False,False,0.2615
2025-08-29,6499.0000,6502.7500,6455.5000,6475.2500,1073017,390,09:30,15:59,Friday,False,False,-0.3654
2025-09-01,6474.0000,6484.0000,6467.7500,6483.0000,33201,210,09:30,12:59,Monday,True,False,0.1390
2025-09-02,6398.2500,6427.7500,6371.7500,6426.0000,1266627,390,09:30,15:59,Tuesday,False,False,0.4337
2025-09-03,6448.7500,6464.2500,6426.5000,6458.5000,1130654,390,09:30,15:59,Wednesday,False,False,0.1512
2025-09-04,6465.7500,6512.7500,6456.2500,6511.2500,918855,390,09:30,15:59,Thursday,False,False,0.7037
2025-09-05,6533.5000,6541.7500,6452.0000,6491.0000,1388893,390,09:30,15:59,Friday,False,False,-0.6505
2025-09-08,6504.5000,6516.5000,6490.2500,6507.0000,932308,390,09:30,15:59,Monday,False,False,0.0384
2025-09-09,6507.2500,6526.2500,6489.2500,6521.0000,918253,390,09:30,15:59,Tuesday,False,False,0.2113
2025-09-10,6553.2500,6562.2500,6522.5000,6539.2500,1053217,390,09:30,15:59,Wednesday,False,False,-0.2136
2025-09-11,6557.7500,6600.0000,6552.0000,6592.2500,918940,390,09:30,15:59,Thursday,False,False,0.5261
2025-09-12,6589.7500,6606.0000,6583.0000,6587.7500,780398,390,09:30,15:59,Friday,False,False,-0.0304
2025-09-15,6609.2500,6623.5000,6605.5000,6621.7500,333028,390,09:30,15:59,Monday,False,False,0.1891
2025-09-16,6627.0000,6630.2500,6604.2500,6611.5000,177796,390,09:30,15:59,Tuesday,False,False,-0.2339
2025-09-17,6669.0000,6686.5000,6611.0000,6660.2500,1242426,390,09:30,15:59,Wednesday,False,False,-0.1312
2025-09-18,6686.7500,6718.0000,6670.2500,6692.2500,1042340,390,09:30,15:59,Thursday,False,False,0.0823
2025-09-19,6707.0000,6731.5000,6687.2500,6721.7500,984648,390,09:30,15:59,Friday,False,False,0.2199
2025-09-22,6706.0000,6756.7500,6705.7500,6751.7500,822717,390,09:30,15:59,Monday,False,False,0.6822
2025-09-23,6750.2500,6756.5000,6701.7500,6715.7500,1049747,390,09:30,15:59,Tuesday,False,False,-0.5111
2025-09-24,6727.2500,6728.5000,6678.0000,6692.0000,1021318,390,09:30,15:59,Wednesday,False,False,-0.5240
2025-09-25,6660.0000,6675.0000,6624.2500,6660.5000,1394103,390,09:30,15:59,Thursday,False,False,0.0075
2025-09-26,6673.5000,6703.7500,6657.2500,6696.2500,1036750,390,09:30,15:59,Friday,False,False,0.3409
2025-09-29,6722.2500,6731.2500,6696.2500,6714.2500,932692,390,09:30,15:59,Monday,False,False,-0.1190
2025-09-30,6706.7500,6743.5000,6693.0000,6737.2500,1211182,390,09:30,15:59,Tuesday,False,False,0.4548
2025-10-01,6706.7500,6769.5000,6705.2500,6760.5000,966421,390,09:30,15:59,Wednesday,False,False,0.8014
2025-10-02,6779.0000,6780.2500,6741.5000,6766.7500,951119,390,09:30,15:59,Thursday,False,False,-0.1807
2025-10-03,6772.0000,6800.0000,6754.0000,6765.0000,1146691,390,09:30,15:59,Friday,False,False,-0.1034
2025-10-06,6788.5000,6797.7500,6766.5000,6788.5000,817310,390,09:30,15:59,Monday,False,False,0.0000
2025-10-07,6797.2500,6801.7500,6747.2500,6762.5000,1184575,390,09:30,15:59,Tuesday,False,False,-0.5112
2025-10-08,6773.2500,6803.2500,6764.5000,6802.0000,816702,390,09:30,15:59,Wednesday,False,False,0.4245
2025-10-09,6805.5000,6809.5000,6760.7500,6781.2500,1136419,390,09:30,15:59,Thursday,False,False,-0.3563
2025-10-10,6788.0000,6806.5000,6591.7500,6595.0000,2171934,390,09:30,15:59,Friday,False,False,-2.8433
2025-10-13,6670.2500,6711.5000,6661.7500,6694.5000,1239769,390,09:30,15:59,Monday,False,False,0.3636
2025-10-14,6634.0000,6722.5000,6593.2500,6686.0000,1633088,390,09:30,15:59,Tuesday,False,False,0.7838
2025-10-15,6732.0000,6766.7500,6651.5000,6715.0000,1668848,390,09:30,15:59,Wednesday,False,False,-0.2525
2025-10-16,6731.5000,6750.5000,6632.0000,6668.5000,1907111,390,09:30,15:59,Thursday,False,False,-0.9359
2025-10-17,6654.5000,6718.0000,6640.5000,6703.7500,1445575,390,09:30,15:59,Friday,False,False,0.7401
2025-10-20,6733.5000,6783.0000,6733.0000,6773.2500,909467,390,09:30,15:59,Monday,False,False,0.5903
2025-10-21,6774.2500,6789.7500,6759.2500,6772.0000,1047142,390,09:30,15:59,Tuesday,False,False,-0.0332
2025-10-22,6779.0000,6779.2500,6690.7500,6737.0000,1642873,390,09:30,15:59,Wednesday,False,False,-0.6196
2025-10-23,6739.2500,6785.7500,6736.0000,6774.7500,1092472,390,09:30,15:59,Thursday,False,False,0.5268
2025-10-24,6820.7500,6841.2500,6812.5000,6827.2500,958790,390,09:30,15:59,Friday,False,False,0.0953
2025-10-27,6883.0000,6911.7500,6877.0000,6907.5000,875514,390,09:30,15:59,Monday,False,False,0.3559
2025-10-28,6925.7500,6944.7500,6903.0000,6925.5000,951942,390,09:30,15:59,Tuesday,False,False,-0.0036
2025-10-29,6942.0000,6952.0000,6882.2500,6928.0000,1220532,390,09:30,15:59,Wednesday,False,False,-0.2017
2025-10-30,6893.0000,6913.7500,6852.5000,6853.7500,1328647,390,09:30,15:59,Thursday,False,False,-0.5694
2025-10-31,6902.0000,6902.5000,6843.5000,6872.0000,1411340,390,09:30,15:59,Friday,False,False,-0.4347
2025-11-03,6908.2500,6909.5000,6849.5000,6885.2500,1077401,390,09:30,15:59,Monday,False,False,-0.3329
2025-11-04,6810.2500,6849.2500,6794.7500,6803.5000,1245853,390,09:30,15:59,Tuesday,False,False,-0.0991
2025-11-05,6798.5000,6857.7500,6789.7500,6824.2500,1036438,390,09:30,15:59,Wednesday,False,False,0.3788
2025-11-06,6812.2500,6821.5000,6733.5000,6750.0000,1526179,390,09:30,15:59,Thursday,False,False,-0.9138
2025-11-07,6723.5000,6755.5000,6655.5000,6753.2500,1685753,390,09:30,15:59,Friday,False,False,0.4425
2025-11-10,6815.7500,6865.7500,6792.7500,6857.0000,1239757,390,09:30,15:59,Monday,False,False,0.6052
2025-11-11,6842.5000,6879.7500,6830.5000,6872.7500,1093543,390,09:30,15:59,Tuesday,False,False,0.4421
2025-11-12,6891.2500,6892.7500,6852.0000,6876.0000,1141850,390,09:30,15:59,Wednesday,False,False,-0.2213
2025-11-13,6847.2500,6850.5000,6746.0000,6762.0000,1723101,390,09:30,15:59,Thursday,False,False,-1.2450
2025-11-14,6692.0000,6795.5000,6670.5000,6758.0000,1601870,390,09:30,15:59,Friday,False,False,0.9863
2025-11-17,6734.2500,6774.7500,6658.5000,6693.7500,1543795,390,09:30,15:59,Monday,False,False,-0.6014
2025-11-18,6656.7500,6687.5000,6594.0000,6637.5000,2047065,390,09:30,15:59,Tuesday,False,False,-0.2892
2025-11-19,6642.5000,6709.0000,6622.0000,6661.7500,1619315,390,09:30,15:59,Wednesday,False,False,0.2898
2025-11-20,6765.0000,6791.2500,6552.5000,6558.7500,2509959,390,09:30,15:59,Thursday,False,False,-3.0488
2025-11-21,6581.5000,6677.5000,6539.0000,6622.5000,1968220,390,09:30,15:59,Friday,False,False,0.6230
2025-11-24,6657.7500,6731.7500,6646.7500,6718.7500,1268026,390,09:30,15:59,Monday,False,False,0.9162
2025-11-25,6716.5000,6792.5000,6674.5000,6780.2500,1329726,390,09:30,15:59,Tuesday,False,False,0.9492
2025-11-26,6805.0000,6846.7500,6795.7500,6825.2500,1159425,390,09:30,15:59,Wednesday,False,False,0.2976
2025-11-27,6829.2500,6831.7500,6825.0000,6828.0000,21839,209,09:30,12:59,Thursday,True,False,-0.0183
2025-11-28,6834.2500,6863.7500,6831.2500,6857.2500,300011,225,09:30,13:14,Friday,True,False,0.3365
2025-12-01,6813.5000,6855.7500,6812.7500,6829.0000,1132926,390,09:30,15:59,Monday,False,False,0.2275
2025-12-02,6844.2500,6863.5000,6818.0000,6839.2500,1220753,390,09:30,15:59,Tuesday,False,False,-0.0731
2025-12-03,6829.2500,6873.2500,6820.2500,6862.5000,1007513,390,09:30,15:59,Wednesday,False,False,0.4869
2025-12-04,6876.2500,6876.7500,6836.2500,6867.5000,1095598,390,09:30,15:59,Thursday,False,False,-0.1272
2025-12-05,6875.2500,6905.0000,6866.5000,6876.7500,1081564,390,09:30,15:59,Friday,False,False,0.0218
2025-12-08,6885.7500,6886.2500,6835.2500,6856.5000,965025,390,09:30,15:59,Monday,False,False,-0.4248
2025-12-09,6850.5000,6872.7500,6844.5000,6849.2500,757373,390,09:30,15:59,Tuesday,False,False,-0.0182
2025-12-10,6843.5000,6908.0000,6830.7500,6892.0000,1151867,390,09:30,15:59,Wednesday,False,False,0.7087
2025-12-11,6868.0000,6909.2500,6838.0000,6908.0000,1209466,390,09:30,15:59,Thursday,False,False,0.5824
2025-12-12,6896.2500,6903.0000,6805.0000,6831.2500,1587047,390,09:30,15:59,Friday,False,False,-0.9425
2025-12-15,6871.0000,6871.7500,6806.2500,6820.7500,480856,390,09:30,15:59,Monday,False,False,-0.7313
2025-12-16,6805.2500,6823.7500,6762.0000,6800.2500,256293,390,09:30,15:59,Tuesday,False,False,-0.0735
2025-12-17,6865.5000,6871.2500,6775.5000,6777.0000,1328533,390,09:30,15:59,Wednesday,False,False,-1.2891
2025-12-18,6839.7500,6872.0000,6811.7500,6828.5000,1664448,390,09:30,15:59,Thursday,False,False,-0.1645
2025-12-19,6847.2500,6893.7500,6845.7500,6888.5000,985481,390,09:30,15:59,Friday,False,False,0.6024
2025-12-22,6921.7500,6936.2500,6908.5000,6929.5000,777562,390,09:30,15:59,Monday,False,False,0.1120
2025-12-23,6919.2500,6963.7500,6918.7500,6960.2500,667028,390,09:30,15:59,Tuesday,False,False,0.5925
2025-12-24,6959.0000,6988.0000,6957.2500,6980.0000,362557,225,09:30,13:14,Wednesday,True,False,0.3018
2025-12-26,6983.5000,6994.0000,6969.0000,6980.0000,504380,390,09:30,15:59,Friday,False,False,-0.0501
2025-12-29,6951.2500,6967.7500,6936.0000,6955.0000,674239,390,09:30,15:59,Monday,False,False,0.0539
2025-12-30,6949.7500,6961.5000,6940.7500,6945.2500,602118,390,09:30,15:59,Tuesday,False,False,-0.0648
2025-12-31,6945.2500,6947.5000,6890.2500,6891.7500,759424,390,09:30,15:59,Wednesday,False,False,-0.7703
2026-01-02,6927.7500,6939.7500,6866.7500,6900.2500,1311291,390,09:30,15:59,Friday,False,False,-0.3970
2026-01-05,6934.2500,6963.5000,6932.7500,6946.0000,989306,390,09:30,15:59,Monday,False,False,0.1694
2026-01-06,6946.7500,6991.5000,6945.5000,6986.2500,941656,390,09:30,15:59,Tuesday,False,False,0.5686
2026-01-07,6989.0000,7006.7500,6959.2500,6963.0000,1016255,390,09:30,15:59,Wednesday,False,False,-0.3720
2026-01-08,6953.7500,6972.5000,6940.0000,6960.7500,1044036,390,09:30,15:59,Thursday,False,False,0.1007
2026-01-09,6970.2500,7017.5000,6955.7500,7004.7500,1065467,390,09:30,15:59,Friday,False,False,0.4950
2026-01-12,6969.5000,7025.2500,6968.7500,7016.0000,723609,390,09:30,15:59,Monday,False,False,0.6672
2026-01-13,7018.5000,7024.2500,6976.7500,7000.7500,1090021,390,09:30,15:59,Tuesday,False,False,-0.2529
2026-01-14,6972.2500,6979.7500,6923.2500,6968.0000,1435544,390,09:30,15:59,Wednesday,False,False,-0.0610
2026-01-15,7009.0000,7017.2500,6974.7500,6984.7500,994119,390,09:30,15:59,Thursday,False,False,-0.3460
2026-01-16,6996.5000,7002.2500,6960.5000,6976.5000,1001715,390,09:30,15:59,Friday,False,False,-0.2859
2026-01-19,6896.5000,6916.7500,6887.5000,6913.2500,83441,210,09:30,12:59,Monday,True,False,0.2429
2026-01-20,6871.7500,6904.7500,6822.2500,6833.7500,1594678,390,09:30,15:59,Tuesday,False,False,-0.5530
2026-01-21,6852.7500,6945.2500,6837.2500,6911.0000,1738158,390,09:30,15:59,Wednesday,False,False,0.8500
2026-01-22,6956.0000,6969.0000,6925.5000,6946.0000,1016196,390,09:30,15:59,Thursday,False,False,-0.1438
2026-01-23,6935.0000,6964.0000,6925.0000,6945.5000,935620,390,09:30,15:59,Friday,False,False,0.1514
2026-01-26,6957.7500,6995.5000,6952.0000,6980.7500,772587,390,09:30,15:59,Monday,False,False,0.3306
2026-01-27,6994.2500,7018.5000,6988.2500,7008.7500,740540,390,09:30,15:59,Tuesday,False,False,0.2073
2026-01-28,7022.7500,7031.0000,6991.2500,7006.5000,880256,390,09:30,15:59,Wednesday,False,False,-0.2314
2026-01-29,7015.0000,7021.5000,6898.2500,6989.7500,1622826,390,09:30,15:59,Thursday,False,False,-0.3599
2026-01-30,6966.2500,6991.2500,6918.7500,6968.0000,1597009,390,09:30,15:59,Friday,False,False,0.0251
2026-02-02,6943.5000,7017.2500,6941.7500,7003.0000,1006688,390,09:30,15:59,Monday,False,False,0.8569
2026-02-03,7009.5000,7017.0000,6886.2500,6940.5000,1656746,390,09:30,15:59,Tuesday,False,False,-0.9844
2026-02-04,6949.2500,6960.7500,6862.5000,6906.2500,1783765,390,09:30,15:59,Wednesday,False,False,-0.6188
2026-02-05,6853.5000,6881.2500,6801.5000,6817.7500,1586794,390,09:30,15:59,Thursday,False,False,-0.5216
2026-02-06,6856.2500,6965.5000,6850.2500,6948.7500,1297203,390,09:30,15:59,Friday,False,False,1.3491
2026-02-09,6935.5000,7000.5000,6924.2500,6980.2500,878619,390,09:30,15:59,Monday,False,False,0.6452
2026-02-10,6989.7500,7006.5000,6957.0000,6961.2500,936045,390,09:30,15:59,Tuesday,False,False,-0.4077
2026-02-11,7003.7500,7011.5000,6931.0000,6958.7500,1217732,390,09:30,15:59,Wednesday,False,False,-0.6425
2026-02-12,6981.5000,6992.7500,6842.0000,6850.5000,1777865,390,09:30,15:59,Thursday,False,False,-1.8764
2026-02-13,6851.5000,6897.7500,6808.7500,6850.0000,1325529,390,09:30,15:59,Friday,False,False,-0.0219
2026-02-16,6859.0000,6864.0000,6841.0000,6854.2500,82532,210,09:30,12:59,Monday,True,False,-0.0693
2026-02-17,6835.0000,6883.7500,6791.0000,6862.5000,1299254,390,09:30,15:59,Tuesday,False,False,0.4023
2026-02-18,6873.7500,6925.7500,6861.5000,6895.5000,1056888,390,09:30,15:59,Wednesday,False,False,0.3164
2026-02-19,6870.7500,6894.5000,6847.7500,6878.2500,992456,390,09:30,15:59,Thursday,False,False,0.1092
2026-02-20,6852.7500,6931.5000,6847.2500,6924.7500,1475598,390,09:30,15:59,Friday,False,False,1.0507
2026-02-23,6908.0000,6930.2500,6832.7500,6854.0000,1143307,390,09:30,15:59,Monday,False,False,-0.7817
2026-02-24,6847.5000,6912.7500,6828.5000,6903.2500,1049859,390,09:30,15:59,Tuesday,False,False,0.8142
2026-02-25,6930.5000,6965.7500,6929.7500,6959.5000,776539,390,09:30,15:59,Wednesday,False,False,0.4184
2026-02-26,6961.0000,6961.2500,6870.7500,6921.5000,1293209,390,09:30,15:59,Thursday,False,False,-0.5674
2026-02-27,6855.7500,6894.0000,6841.5000,6888.2500,1246648,390,09:30,15:59,Friday,False,False,0.4741
2026-03-02,6811.0000,6911.2500,6804.5000,6887.2500,1259614,390,09:30,15:59,Monday,False,False,1.1195
2026-03-03,6772.7500,6849.7500,6718.7500,6825.7500,1625859,390,09:30,15:59,Tuesday,False,False,0.7825
2026-03-04,6838.7500,6894.0000,6817.7500,6873.0000,1011018,390,09:30,15:59,Wednesday,False,False,0.5008
2026-03-05,6842.2500,6877.5000,6777.0000,6835.0000,1441637,390,09:30,15:59,Thursday,False,False,-0.1060
2026-03-06,6752.2500,6780.5000,6715.7500,6742.5000,1355884,390,09:30,15:59,Friday,False,False,-0.1444
2026-03-09,6681.5000,6818.5000,6641.0000,6801.7500,1469054,390,09:30,15:59,Monday,False,False,1.7997
2026-03-10,6795.0000,6852.0000,6765.0000,6788.0000,1393126,390,09:30,15:59,Tuesday,False,False,-0.1030
2026-03-11,6792.5000,6818.0000,6749.7500,6779.7500,1175949,390,09:30,15:59,Wednesday,False,False,-0.1877
2026-03-12,6726.7500,6732.0000,6675.2500,6676.2500,1434749,390,09:30,15:59,Thursday,False,False,-0.7507
2026-03-13,6706.5000,6737.5000,6627.0000,6637.0000,1371898,390,09:30,15:59,Friday,False,False,-1.0363
2026-03-16,6697.2500,6734.2500,6684.5000,6703.0000,562398,390,09:30,15:59,Monday,False,False,0.0859
2026-03-17,6736.7500,6757.5000,6713.7500,6720.5000,155280,390,09:30,15:59,Tuesday,False,False,-0.2412
2026-03-18,6746.5000,6759.7500,6673.7500,6677.2500,1068690,390,09:30,15:59,Wednesday,False,False,-1.0265
2026-03-19,6629.2500,6692.0000,6611.7500,6658.7500,1365235,390,09:30,15:59,Thursday,False,False,0.4450
2026-03-20,6642.7500,6643.0000,6523.7500,6562.7500,1429214,390,09:30,15:59,Friday,False,False,-1.2043
2026-03-23,6658.0000,6704.7500,6616.0000,6631.5000,1322355,390,09:30,15:59,Monday,False,False,-0.3980
2026-03-24,6589.2500,6646.0000,6573.5000,6607.0000,1393136,390,09:30,15:59,Tuesday,False,False,0.2694
2026-03-25,6661.7500,6684.7500,6616.5000,6642.0000,1260913,390,09:30,15:59,Wednesday,False,False,-0.2965
2026-03-26,6593.0000,6622.0000,6520.2500,6523.0000,1204322,390,09:30,15:59,Thursday,False,False,-1.0617
2026-03-27,6494.7500,6495.7500,6398.2500,6407.2500,1408732,390,09:30,15:59,Friday,False,False,-1.3472
2026-03-30,6467.7500,6471.2500,6359.5000,6387.7500,1259420,390,09:30,15:59,Monday,False,False,-1.2369
2026-03-31,6457.2500,6583.2500,6447.0000,6569.0000,1714840,390,09:30,15:59,Tuesday,False,False,1.7306
2026-04-01,6606.2500,6653.7500,6598.0000,6619.5000,1254080,390,09:30,15:59,Wednesday,False,False,0.2006
2026-04-02,6527.7500,6644.5000,6514.2500,6623.2500,1452057,390,09:30,15:59,Thursday,False,False,1.4630
2026-04-06,6621.7500,6661.0000,6617.7500,6653.0000,805526,390,09:30,15:59,Monday,False,False,0.4719
2026-04-07,6629.5000,6659.5000,6572.7500,6655.5000,1472103,390,09:30,15:59,Tuesday,False,False,0.3922
2026-04-08,6829.5000,6836.7500,6780.0000,6823.5000,1467389,390,09:30,15:59,Wednesday,False,False,-0.0879
2026-04-09,6812.7500,6876.0000,6801.7500,6861.7500,1251520,390,09:30,15:59,Thursday,False,False,0.7192
2026-04-10,6875.0000,6883.0000,6846.2500,6855.5000,1007189,390,09:30,15:59,Friday,False,False,-0.2836
2026-04-13,6834.7500,6924.7500,6826.5000,6921.2500,1150229,390,09:30,15:59,Monday,False,False,1.2656
2026-04-14,6937.7500,7008.0000,6937.5000,7006.0000,1011599,390,09:30,15:59,Tuesday,False,False,0.9837
2026-04-15,7014.2500,7064.5000,7004.0000,7060.0000,1042507,390,09:30,15:59,Wednesday,False,False,0.6522
2026-04-16,7071.5000,7089.0000,7046.5000,7076.7500,1089736,390,09:30,15:59,Thursday,False,False,0.0742
2026-04-17,7121.2500,7185.7500,7117.0000,7161.5000,1301063,390,09:30,15:59,Friday,False,False,0.5652
2026-04-20,7148.2500,7159.5000,7121.5000,7148.2500,984343,390,09:30,15:59,Monday,False,False,0.0000
2026-04-21,7162.5000,7172.5000,7085.0000,7100.5000,1479226,390,09:30,15:59,Tuesday,False,False,-0.8656
2026-04-22,7150.2500,7173.0000,7140.7500,7170.2500,867879,390,09:30,15:59,Wednesday,False,False,0.2797
2026-04-23,7152.2500,7181.5000,7079.2500,7141.7500,1447358,390,09:30,15:59,Thursday,False,False,-0.1468
2026-04-24,7162.5000,7200.5000,7145.0000,7194.7500,1064637,390,09:30,15:59,Friday,False,False,0.4503
2026-04-27,7186.2500,7211.2500,7177.0000,7207.2500,807909,390,09:30,15:59,Monday,False,False,0.2922
2026-04-28,7172.0000,7183.0000,7146.2500,7171.5000,1012633,390,09:30,15:59,Tuesday,False,False,-0.0070
2026-04-29,7163.2500,7175.2500,7137.0000,7170.2500,1011724,390,09:30,15:59,Wednesday,False,False,0.0977
2026-04-30,7200.0000,7251.7500,7157.2500,7238.2500,1222625,390,09:30,15:59,Thursday,False,False,0.5313
2026-05-01,7264.5000,7300.7500,7255.5000,7257.5000,1008323,390,09:30,15:59,Friday,False,False,-0.0964
2026-05-04,7250.5000,7271.0000,7199.5000,7231.0000,1206201,390,09:30,15:59,Monday,False,False,-0.2689
2026-05-05,7267.5000,7299.7500,7264.2500,7287.0000,837245,390,09:30,15:59,Tuesday,False,False,0.2683
2026-05-06,7331.0000,7395.7500,7327.2500,7386.7500,1065469,390,09:30,15:59,Wednesday,False,False,0.7605
2026-05-07,7399.2500,7410.0000,7345.5000,7364.2500,1376680,390,09:30,15:59,Thursday,False,False,-0.4730
2026-05-08,7395.7500,7427.7500,7391.7500,7421.0000,909148,390,09:30,15:59,Friday,False,False,0.3414
2026-05-11,7410.0000,7454.7500,7410.0000,7438.7500,925225,390,09:30,15:59,Monday,False,False,0.3880
2026-05-12,7414.0000,7433.7500,7363.2500,7428.2500,1277774,390,09:30,15:59,Tuesday,False,False,0.1922
2026-05-13,7429.2500,7483.7500,7399.0000,7468.5000,954487,390,09:30,15:59,Wednesday,False,False,0.5283
2026-05-14,7481.0000,7540.0000,7479.7500,7526.0000,1066109,390,09:30,15:59,Thursday,False,False,0.6015
2026-05-15,7459.5000,7475.7500,7420.2500,7432.5000,1349274,390,09:30,15:59,Friday,False,False,-0.3620
2026-05-18,7438.5000,7454.2500,7373.5000,7426.2500,1463376,390,09:30,15:59,Monday,False,False,-0.1647
2026-05-19,7386.7500,7415.2500,7354.2500,7377.5000,1422305,390,09:30,15:59,Tuesday,False,False,-0.1252
2026-05-20,7395.0000,7458.0000,7376.7500,7451.5000,1212428,390,09:30,15:59,Wednesday,False,False,0.7640
2026-05-21,7423.7500,7486.7500,7408.5000,7465.2500,1368161,390,09:30,15:59,Thursday,False,False,0.5590
2026-05-22,7496.7500,7524.0000,7478.7500,7490.7500,884430,390,09:30,15:59,Friday,False,False,-0.0800
2026-05-25,7558.5000,7569.7500,7554.2500,7564.5000,59608,210,09:30,12:59,Monday,True,False,0.0794
2026-05-26,7534.0000,7555.2500,7517.0000,7539.2500,884813,390,09:30,15:59,Tuesday,False,False,0.0697
2026-05-27,7542.0000,7547.0000,7515.0000,7540.0000,968618,390,09:30,15:59,Wednesday,False,False,-0.0265
2026-05-28,7535.2500,7586.5000,7525.2500,7582.0000,891064,390,09:30,15:59,Thursday,False,False,0.6204
2026-05-29,7590.7500,7611.5000,7577.5000,7595.0000,1204262,390,09:30,15:59,Friday,False,False,0.0560
2026-06-01,7583.0000,7632.2500,7576.2500,7614.0000,1005500,390,09:30,15:59,Monday,False,False,0.4088
2026-06-02,7598.2500,7632.0000,7595.5000,7623.5000,763387,390,09:30,15:59,Tuesday,False,False,0.3323
2026-06-03,7608.5000,7614.7500,7562.5000,7572.5000,1014140,390,09:30,15:59,Wednesday,False,False,-0.4732
2026-06-04,7548.2500,7611.5000,7541.7500,7599.5000,854913,390,09:30,15:59,Thursday,False,False,0.6790
2026-06-05,7547.7500,7553.0000,7379.7500,7400.2500,1833649,390,09:30,15:59,Friday,False,False,-1.9542
2026-06-08,7457.2500,7476.7500,7403.7500,7416.0000,1238181,390,09:30,15:59,Monday,False,False,-0.5532
2026-06-09,7458.5000,7491.0000,7247.2500,7392.0000,2072085,390,09:30,15:59,Tuesday,False,False,-0.8916
2026-06-10,7355.0000,7404.7500,7275.2500,7276.0000,1254391,390,09:30,15:59,Wednesday,False,False,-1.0741
2026-06-11,7308.0000,7420.0000,7263.0000,7394.2500,1430388,390,09:30,15:59,Thursday,False,False,1.1802
2026-06-12,7423.5000,7461.7500,7366.5000,7433.5000,898207,390,09:30,15:59,Friday,False,False,0.1347
2026-06-15,7535.0000,7584.5000,7534.2500,7564.5000,427761,390,09:30,15:59,Monday,False,False,0.3915
2026-06-16,7561.5000,7570.5000,7514.2500,7519.2500,133290,390,09:30,15:59,Tuesday,False,False,-0.5588
2026-06-17,7595.7500,7604.2500,7472.2500,7492.2500,1260831,390,09:30,15:59,Wednesday,False,False,-1.3626
2026-06-18,7577.2500,7581.5000,7535.5000,7564.2500,1084452,390,09:30,15:59,Thursday,False,False,-0.1716
2026-06-19,7559.0000,7568.5000,7553.5000,7556.2500,49012,210,09:30,12:59,Friday,True,False,-0.0364
2026-06-22,7573.2500,7599.2500,7527.2500,7540.2500,1080786,390,09:30,15:59,Monday,False,False,-0.4357
2026-06-23,7429.5000,7491.0000,7415.2500,7434.7500,1312741,390,09:30,15:59,Tuesday,False,False,0.0707
2026-06-24,7447.2500,7496.5000,7404.2500,7428.2500,1424381,390,09:30,15:59,Wednesday,False,False,-0.2551
2026-06-25,7485.7500,7490.5000,7390.5000,7428.5000,1304006,390,09:30,15:59,Thursday,False,False,-0.7648
2026-06-26,7380.7500,7459.5000,7360.0000,7380.2500,1019291,390,09:30,15:59,Friday,False,False,-0.0068
2026-06-29,7457.2500,7505.0000,7409.0000,7497.0000,1142766,390,09:30,15:59,Monday,False,False,0.5330
2026-06-30,7500.0000,7567.7500,7495.7500,7544.7500,952265,390,09:30,15:59,Tuesday,False,False,0.5967
2026-07-01,7532.2500,7579.0000,7505.7500,7542.0000,965596,390,09:30,15:59,Wednesday,False,False,0.1294
2026-07-02,7555.2500,7593.7500,7479.5000,7526.2500,1386059,390,09:30,15:59,Thursday,False,False,-0.3838
2026-07-03,7554.7500,7561.7500,7549.2500,7557.0000,39752,210,09:30,12:59,Friday,True,False,0.0298
2026-07-06,7564.7500,7602.5000,7552.5000,7593.5000,781610,390,09:30,15:59,Monday,False,False,0.3801
2026-07-07,7580.7500,7587.5000,7529.5000,7553.0000,971542,390,09:30,15:59,Tuesday,False,False,-0.3661
2026-07-08,7507.0000,7536.5000,7469.5000,7526.7500,1042820,390,09:30,15:59,Wednesday,False,False,0.2631
2026-07-09,7546.7500,7595.0000,7529.5000,7590.7500,791588,390,09:30,15:59,Thursday,False,False,0.5830
2026-07-10,7592.2500,7627.2500,7552.7500,7620.7500,783969,390,09:30,15:59,Friday,False,False,0.3754
2026-07-13,7595.5000,7610.5000,7551.0000,7563.2500,943857,390,09:30,15:59,Monday,False,False,-0.4246
2026-07-14,7579.5000,7603.7500,7556.5000,7590.0000,767083,390,09:30,15:59,Tuesday,False,False,0.1385
2026-07-15,7612.5000,7626.2500,7571.7500,7617.0000,1027531,390,09:30,15:59,Wednesday,False,False,0.0591
2026-07-16,7597.0000,7615.0000,7548.2500,7577.0000,996690,390,09:30,15:59,Thursday,False,False,-0.2633
2026-07-17,7485.2500,7539.0000,7473.0000,7497.0000,1236784,390,09:30,15:59,Friday,False,False,0.1570
2026-07-20,7534.5000,7552.0000,7478.0000,7486.0000,1010968,390,09:30,15:59,Monday,False,False,-0.6437
2026-07-21,7526.0000,7554.0000,7504.5000,7545.7500,756899,390,09:30,15:59,Tuesday,False,False,0.2624
2026-07-22,7527.7500,7563.5000,7525.2500,7536.5000,726793,390,09:30,15:59,Wednesday,False,False,0.1162
2026-07-23,7453.5000,7486.2500,7411.7500,7444.0000,1217878,390,09:30,15:59,Thursday,False,False,-0.1275
2026-07-24,7444.0000,7496.5000,7431.5000,7447.7500,1140985,390,09:30,15:59,Friday,False,False,0.0504
2026-07-27,7507.7500,7514.0000,7416.2500,7449.2500,1155199,390,09:30,15:59,Monday,False,False,-0.7792
2026-07-28,7449.7500,7485.7500,7417.0000,7466.0000,1023409,390,09:30,15:59,Tuesday,False,False,0.2181
2026-07-29,7456.2500,7482.7500,7345.7500,7350.2500,1546472,390,09:30,15:59,Wednesday,False,False,-1.4216
2026-07-30,7414.5000,7478.5000,7399.0000,7472.7500,1220542,390,09:30,15:59,Thursday,False,False,0.7856
2026-07-31,7499.0000,7541.0000,7427.5000,7520.0000,1421147,390,09:30,15:59,Friday,False,False,0.2800
2026-08-03,7546.2500,7637.7500,7542.7500,7628.5000,1080316,390,09:30,15:59,Monday,False,False,1.0899
2026-08-04,7657.5000,7786.0000,7656.0000,7764.0000,1299173,390,09:30,15:59,Tuesday,False,False,1.3908
2026-08-05,7809.7500,7820.2500,7745.7500,7747.7500,1145083,390,09:30,15:59,Wednesday,False,False,-0.7939
2026-08-06,7752.0000,7768.5000,7724.2500,7735.2500,997617,390,09:30,15:59,Thursday,False,False,-0.2161
2026-08-07,7757.2500,7786.7500,7743.5000,7778.2500,915525,390,09:30,15:59,Friday,False,False,0.2707
2026-08-10,7773.0000,7798.0000,7764.5000,7778.0000,699486,390,09:30,15:59,Monday,False,False,0.0643
2026-08-11,7791.7500,7792.5000,7738.0000,7749.7500,765460,390,09:30,15:59,Tuesday,False,False,-0.5390
2026-08-12,7791.7500,7794.0000,7756.5000,7769.5000,703538,390,09:30,15:59,Wednesday,False,False,-0.2856
2026-08-13,7793.2500,7838.5000,7785.5000,7823.2500,887338,390,09:30,15:59,Thursday,False,False,0.3849
2026-08-14,7827.7500,7830.7500,7796.5000,7805.5000,697481,390,09:30,15:59,Friday,False,False,-0.2842
2026-08-17,7803.0000,7809.5000,7766.2500,7768.7500,771885,390,09:30,15:59,Monday,False,False,-0.4389
2026-08-18,7726.2500,7735.2500,7710.2500,7715.2500,963346,390,09:30,15:59,Tuesday,False,False,-0.1424
2026-08-19,7743.5000,7764.7500,7720.7500,7731.2500,1067055,390,09:30,15:59,Wednesday,False,False,-0.1582
2026-08-20,7698.0000,7720.0000,7659.0000,7665.2500,1105265,390,09:30,15:59,Thursday,False,False,-0.4254
2026-08-21,7695.7500,7714.0000,7676.7500,7691.7500,890249,390,09:30,15:59,Friday,False,False,-0.0520
2026-08-24,7681.7500,7686.5000,7655.0000,7669.7500,838509,390,09:30,15:59,Monday,False,False,-0.1562
2026-08-25,7695.0000,7701.2500,7663.2500,7691.0000,740077,390,09:30,15:59,Tuesday,False,False,-0.0520
2026-08-26,7678.7500,7705.5000,7671.0000,7692.0000,804888,390,09:30,15:59,Wednesday,False,False,0.1726
2026-08-27,7716.2500,7755.5000,7702.7500,7741.2500,1029444,390,09:30,15:59,Thursday,False,False,0.3240
2026-08-28,7746.2500,7782.5000,7711.7500,7722.5000,1283646,390,09:30,15:59,Friday,False,False,-0.3066
2026-08-31,7701.2500,7708.2500,7674.7500,7698.0000,924587,390,09:30,15:59,Monday,False,False,-0.0422
2026-09-01,7647.0000,7673.7500,7621.5000,7644.2500,1222498,390,09:30,15:59,Tuesday,False,False,-0.0360
2026-09-02,7650.5000,7691.2500,7643.0000,7678.2500,996251,390,09:30,15:59,Wednesday,False,False,0.3627
2026-09-03,7704.2500,7766.5000,7700.0000,7756.2500,1143529,390,09:30,15:59,Thursday,False,False,0.6750
2026-09-04,7742.0000,7751.0000,7711.7500,7723.7500,938359,390,09:30,15:59,Friday,False,False,-0.2357
2026-09-07,7714.7500,7717.2500,7703.5000,7708.7500,36948,210,09:30,12:59,Monday,True,False,-0.0778
2026-09-08,7711.5000,7717.7500,7672.2500,7681.0000,1042160,390,09:30,15:59,Tuesday,False,False,-0.3955
2026-09-09,7660.7500,7665.0000,7628.7500,7644.7500,1060818,390,09:30,15:59,Wednesday,False,False,-0.2089
2026-09-10,7599.0000,7620.0000,7585.5000,7598.7500,1178832,390,09:30,15:59,Thursday,False,False,-0.0033
2026-09-11,7665.0000,7682.0000,7653.2500,7659.0000,1074607,390,09:30,15:59,Friday,False,False,-0.0783
2026-09-14,7606.5000,7652.0000,7595.2500,7624.7500,546086,390,09:30,15:59,Monday,False,False,0.2399
2026-09-15,7616.7500,7619.0000,7576.7500,7589.7500,178985,390,09:30,15:59,Tuesday,False,False,-0.3545
