week_monday,first_day,last_day,n_days,n_half_days,n_suspicious,week_open,week_close,week_high,week_low,week_move_pct,full_week,mon_open,mon_close,mon_half_day,mon_move_pct
2010-06-07,2010-06-07,2010-06-11,5,0,0,1066.7500,1091.5000,1092.2500,1041.2500,2.3201,True,1066.7500,1049.7500,False,-1.5936
2010-06-14,2010-06-14,2010-06-18,5,0,0,1095.7500,1112.2500,1116.7500,1084.2500,1.5058,True,1095.7500,1085.5000,False,-0.9354
2010-06-21,2010-06-21,2010-06-25,5,0,0,1126.5000,1074.2500,1127.5000,1062.7500,-4.6383,True,1126.5000,1109.0000,False,-1.5535
2010-06-28,2010-06-28,2010-07-02,5,0,0,1075.5000,1017.2500,1078.5000,1006.0000,-5.4161,True,1075.5000,1070.0000,False,-0.5114
2010-07-05,2010-07-05,2010-07-09,5,1,0,1013.7500,1074.2500,1074.7500,1011.2500,5.9679,False,1013.7500,1012.0000,True,-0.1726
2010-07-12,2010-07-12,2010-07-16,5,0,0,1071.0000,1061.5000,1096.0000,1059.0000,-0.8870,True,1071.0000,1075.2500,False,0.3968
2010-07-19,2010-07-19,2010-07-23,5,0,0,1065.2500,1099.0000,1100.7500,1053.0000,3.1683,True,1065.2500,1068.2500,False,0.2816
2010-07-26,2010-07-26,2010-07-30,5,0,0,1100.7500,1098.0000,1117.7500,1084.5000,-0.2498,True,1100.7500,1110.7500,False,0.9085
2010-08-02,2010-08-02,2010-08-06,5,0,0,1114.5000,1118.5000,1126.0000,1103.7500,0.3589,True,1114.5000,1122.2500,False,0.6954
2010-08-09,2010-08-09,2010-08-13,5,0,0,1123.7500,1077.5000,1126.7500,1070.5000,-4.1157,True,1123.7500,1124.5000,False,0.0667
2010-08-16,2010-08-16,2010-08-20,5,0,0,1070.2500,1070.0000,1098.5000,1061.7500,-0.0234,True,1070.2500,1077.5000,False,0.6774
2010-08-23,2010-08-23,2010-08-27,5,0,0,1074.7500,1063.2500,1080.2500,1037.0000,-1.0700,True,1074.7500,1065.7500,False,-0.8374
2010-08-30,2010-08-30,2010-09-03,5,0,0,1060.2500,1103.7500,1104.5000,1039.2500,4.1028,True,1060.2500,1047.7500,False,-1.1790
2010-09-06,2010-09-06,2010-09-10,5,1,0,1106.0000,1109.7500,1111.5000,1089.7500,0.3391,False,1106.0000,1104.5000,True,-0.1356
2010-09-13,2010-09-13,2010-09-17,5,0,0,1115.2500,1120.2500,1126.7500,1109.0000,0.4483,True,1115.2500,1117.0000,False,0.1569
2010-09-20,2010-09-20,2010-09-24,5,0,0,1124.0000,1143.5000,1144.5000,1117.2500,1.7349,True,1124.0000,1137.7500,False,1.2233
2010-09-27,2010-09-27,2010-10-01,5,0,0,1144.0000,1141.2500,1153.5000,1127.2500,-0.2404,True,1144.0000,1138.2500,False,-0.5026
2010-10-04,2010-10-04,2010-10-08,5,0,0,1139.0000,1160.7500,1164.0000,1127.0000,1.9096,True,1139.0000,1132.7500,False,-0.5487
2010-10-11,2010-10-11,2010-10-15,5,0,0,1162.7500,1172.5000,1181.0000,1151.7500,0.8385,True,1162.7500,1162.0000,False,-0.0645
2010-10-18,2010-10-18,2010-10-22,5,0,0,1172.7500,1179.2500,1186.2500,1155.5000,0.5543,True,1172.7500,1180.7500,False,0.6822
2010-10-25,2010-10-25,2010-10-29,5,0,0,1186.7500,1180.2500,1193.0000,1167.7500,-0.5477,True,1186.7500,1182.2500,False,-0.3792
2010-11-01,2010-11-01,2010-11-05,5,0,0,1186.2500,1222.5000,1224.5000,1173.7500,3.0558,True,1186.2500,1181.0000,False,-0.4426
2010-11-08,2010-11-08,2010-11-12,5,0,0,1218.7500,1197.0000,1224.7500,1191.5000,-1.7846,True,1218.7500,1220.5000,False,0.1436
2010-11-15,2010-11-15,2010-11-19,5,0,0,1201.0000,1198.0000,1205.7500,1171.0000,-0.2498,True,1201.0000,1195.2500,False,-0.4788
2010-11-22,2010-11-22,2010-11-26,5,2,0,1192.0000,1183.2500,1200.5000,1174.7500,-0.7341,False,1192.0000,1196.5000,False,0.3775
2010-11-29,2010-11-29,2010-12-03,5,0,0,1179.7500,1223.7500,1225.5000,1172.2500,3.7296,True,1179.7500,1186.7500,False,0.5933
2010-12-06,2010-12-06,2010-12-10,5,0,0,1221.2500,1239.7500,1241.0000,1219.0000,1.5148,True,1221.2500,1222.2500,False,0.0819
2010-12-13,2010-12-13,2010-12-17,5,0,0,1240.5000,1239.7500,1242.2500,1227.5000,-0.0605,True,1240.5000,1235.5000,False,-0.4031
2010-12-20,2010-12-20,2010-12-23,4,0,0,1243.0000,1252.2500,1254.7500,1236.2500,0.7442,False,1243.0000,1242.2500,False,-0.0603
2010-12-27,2010-12-27,2010-12-31,5,0,0,1247.5000,1254.2500,1258.5000,1247.0000,0.5411,True,1247.5000,1253.0000,False,0.4409
2011-01-03,2011-01-03,2011-01-07,5,0,0,1263.2500,1267.5000,1274.5000,1257.7500,0.3364,True,1263.2500,1266.7500,False,0.2771
2011-01-10,2011-01-10,2011-01-14,5,0,0,1262.2500,1289.0000,1289.5000,1258.0000,2.1192,True,1262.2500,1266.2500,False,0.3169
2011-01-17,2011-01-17,2011-01-21,5,1,0,1284.2500,1280.2500,1292.5000,1267.5000,-0.3115,False,1284.2500,1285.2500,True,0.0779
2011-01-24,2011-01-24,2011-01-28,5,0,0,1279.0000,1273.0000,1299.5000,1271.0000,-0.4691,True,1279.0000,1287.5000,False,0.6646
2011-01-31,2011-01-31,2011-02-04,5,0,0,1276.5000,1307.2500,1308.0000,1273.2500,2.4089,True,1276.5000,1282.7500,False,0.4896
2011-02-07,2011-02-07,2011-02-11,5,0,0,1310.5000,1327.0000,1328.7500,1308.5000,1.2591,True,1310.5000,1315.5000,False,0.3815
2011-02-14,2011-02-14,2011-02-18,5,0,0,1326.0000,1341.5000,1342.7500,1322.2500,1.1689,True,1326.0000,1329.7500,False,0.2828
2011-02-21,2011-02-21,2011-02-25,5,1,0,1338.5000,1319.0000,1339.0000,1292.5000,-1.4569,False,1338.5000,1330.0000,True,-0.6350
2011-02-28,2011-02-28,2011-03-04,5,0,0,1323.7500,1320.2500,1332.5000,1301.5000,-0.2644,True,1323.7500,1327.2500,False,0.2644
2011-03-07,2011-03-07,2011-03-11,5,0,0,1324.2500,1303.7500,1327.2500,1290.2500,-1.5480,True,1324.2500,1309.7500,False,-1.0950
2011-03-14,2011-03-14,2011-03-18,5,0,0,1290.5000,1273.7500,1295.2500,1243.2500,-1.2979,True,1290.5000,1291.5000,False,0.0775
2011-03-21,2011-03-21,2011-03-25,5,0,0,1289.5000,1308.2500,1314.5000,1279.0000,1.4541,True,1289.5000,1293.0000,False,0.2714
2011-03-28,2011-03-28,2011-04-01,5,0,0,1311.5000,1327.2500,1333.7500,1300.2500,1.2009,True,1311.5000,1305.5000,False,-0.4575
2011-04-04,2011-04-04,2011-04-08,5,0,0,1330.2500,1323.7500,1335.7500,1318.7500,-0.4886,True,1330.2500,1328.5000,False,-0.1316
2011-04-11,2011-04-11,2011-04-15,5,0,0,1325.7500,1316.2500,1330.2500,1298.2500,-0.7166,True,1325.7500,1320.0000,False,-0.4337
2011-04-18,2011-04-18,2011-04-21,4,0,0,1301.2500,1333.0000,1334.0000,1290.2500,2.4400,False,1301.2500,1301.0000,False,-0.0192
2011-04-25,2011-04-25,2011-04-29,5,0,0,1332.0000,1360.0000,1361.0000,1327.2500,2.1021,True,1332.0000,1331.5000,False,-0.0375
2011-05-02,2011-05-02,2011-05-06,5,0,0,1365.7500,1337.0000,1367.2500,1325.2500,-2.1051,True,1365.7500,1357.5000,False,-0.6041
2011-05-09,2011-05-09,2011-05-13,5,0,0,1337.0000,1335.2500,1356.5000,1328.7500,-0.1309,True,1337.0000,1342.2500,False,0.3927
2011-05-16,2011-05-16,2011-05-20,5,0,0,1331.0000,1331.2500,1345.5000,1316.0000,0.0188,True,1331.0000,1327.0000,False,-0.3005
2011-05-23,2011-05-23,2011-05-27,5,0,0,1315.0000,1330.0000,1333.7500,1308.7500,1.1407,True,1315.0000,1315.5000,False,0.0380
2011-05-30,2011-05-30,2011-06-03,5,1,0,1331.7500,1299.0000,1344.2500,1295.5000,-2.4592,False,1331.7500,1330.5000,True,-0.0939
2011-06-06,2011-06-06,2011-06-10,5,0,0,1295.7500,1269.7500,1298.2500,1267.0000,-2.0066,True,1295.7500,1285.2500,False,-0.8103
2011-06-13,2011-06-13,2011-06-17,5,0,0,1268.0000,1266.2500,1287.0000,1252.2500,-0.1380,True,1268.0000,1266.2500,False,-0.1380
2011-06-20,2011-06-20,2011-06-24,5,0,0,1261.7500,1263.2500,1293.7500,1257.0000,0.1189,True,1261.7500,1272.7500,False,0.8718
2011-06-27,2011-06-27,2011-07-01,5,0,0,1264.2500,1334.7500,1336.5000,1261.7500,5.5764,True,1264.2500,1274.7500,False,0.8305
2011-07-04,2011-07-04,2011-07-08,5,1,0,1332.5000,1339.7500,1352.7500,1326.5000,0.5441,False,1332.5000,1333.7500,True,0.0938
2011-07-11,2011-07-11,2011-07-15,5,0,0,1323.0000,1312.2500,1327.7500,1302.0000,-0.8125,True,1323.0000,1315.0000,False,-0.6047
2011-07-18,2011-07-18,2011-07-22,5,0,0,1306.2500,1341.0000,1343.5000,1291.2500,2.6603,True,1306.2500,1301.0000,False,-0.4019
2011-07-25,2011-07-25,2011-07-29,5,0,0,1328.2500,1288.2500,1340.2500,1278.5000,-3.0115,True,1328.2500,1333.7500,False,0.4141
2011-08-01,2011-08-01,2011-08-05,5,0,0,1303.2500,1195.0000,1304.7500,1163.2500,-8.3062,True,1303.2500,1282.7500,False,-1.5730
2011-08-08,2011-08-08,2011-08-12,5,0,0,1164.0000,1176.2500,1186.7500,1097.0000,1.0524,True,1164.0000,1117.0000,False,-4.0378
2011-08-15,2011-08-15,2011-08-19,5,0,0,1186.5000,1121.2500,1206.7500,1119.0000,-5.4994,True,1186.5000,1201.2500,False,1.2432
2011-08-22,2011-08-22,2011-08-26,5,0,0,1146.0000,1174.0000,1188.5000,1118.5000,2.4433,True,1146.0000,1122.0000,False,-2.0942
2011-08-29,2011-08-29,2011-09-02,5,0,0,1189.7500,1172.7500,1229.7500,1168.5000,-1.4289,True,1189.7500,1208.0000,False,1.5339
2011-09-05,2011-09-05,2011-09-09,5,1,0,1152.5000,1153.0000,1203.7500,1138.0000,0.0434,False,1152.5000,1145.5000,True,-0.6074
2011-09-12,2011-09-12,2011-09-16,5,0,0,1133.2500,1209.7500,1214.5000,1128.7500,6.7505,True,1133.2500,1155.7500,False,1.9854
2011-09-19,2011-09-19,2011-09-23,5,0,0,1189.5000,1128.2500,1214.5000,1106.7500,-5.1492,True,1189.5000,1197.7500,False,0.6936
2011-09-26,2011-09-26,2011-09-30,5,0,0,1140.2500,1125.7500,1190.0000,1123.7500,-1.2717,True,1140.2500,1156.2500,False,1.4032
2011-10-03,2011-10-03,2011-10-07,5,0,0,1118.5000,1151.2500,1166.5000,1068.0000,2.9280,True,1118.5000,1092.7500,False,-2.3022
2011-10-10,2011-10-10,2011-10-14,5,0,0,1171.0000,1220.2500,1220.7500,1170.7500,4.2058,True,1171.0000,1190.2500,False,1.6439
2011-10-17,2011-10-17,2011-10-21,5,0,0,1214.5000,1234.0000,1235.7500,1186.2500,1.6056,True,1214.5000,1196.5000,False,-1.4821
2011-10-24,2011-10-24,2011-10-28,5,0,0,1236.0000,1280.7500,1289.2500,1216.5000,3.6206,True,1236.0000,1249.2500,False,1.0720
2011-10-31,2011-10-31,2011-11-04,5,0,0,1266.5000,1249.5000,1267.5000,1209.5000,-1.3423,True,1266.5000,1248.2500,False,-1.4410
2011-11-07,2011-11-07,2011-11-11,5,0,0,1248.5000,1261.7500,1275.0000,1222.7500,1.0613,True,1248.5000,1257.5000,False,0.7209
2011-11-14,2011-11-14,2011-11-18,5,0,0,1256.2500,1214.0000,1262.2500,1206.5000,-3.3632,True,1256.2500,1249.2500,False,-0.5572
2011-11-21,2011-11-21,2011-11-25,5,2,0,1196.0000,1153.5000,1197.7500,1149.2500,-3.5535,False,1196.0000,1190.5000,False,-0.4599
2011-11-28,2011-11-28,2011-12-02,5,0,0,1189.5000,1242.7500,1259.5000,1182.5000,4.4767,True,1189.5000,1191.2500,False,0.1471
2011-12-05,2011-12-05,2011-12-09,5,0,0,1262.7500,1254.5000,1267.0000,1230.7500,-0.6533,True,1262.7500,1256.5000,False,-0.4950
2011-12-12,2011-12-12,2011-12-16,5,0,0,1238.2500,1211.7500,1244.0000,1202.5000,-2.1401,True,1238.2500,1230.2500,False,-0.6461
2011-12-19,2011-12-19,2011-12-23,5,0,0,1215.7500,1259.5000,1260.2500,1195.5000,3.5986,True,1215.7500,1198.5000,False,-1.4189
2011-12-26,2011-12-27,2011-12-30,4,0,0,1257.5000,1252.0000,1264.0000,1243.0000,-0.4374,False,,,,
2012-01-02,2012-01-03,2012-01-06,4,0,0,1273.5000,1273.5000,1279.7500,1259.7500,0.0000,False,,,,
2012-01-09,2012-01-09,2012-01-13,5,0,0,1275.5000,1285.2500,1292.7500,1269.5000,0.7644,True,1275.5000,1275.2500,False,-0.0196
2012-01-16,2012-01-16,2012-01-20,5,1,0,1287.2500,1311.0000,1311.5000,1286.0000,1.8450,False,1287.2500,1291.5000,True,0.3302
2012-01-23,2012-01-23,2012-01-27,5,0,0,1310.7500,1312.7500,1329.7500,1301.5000,0.1526,True,1310.7500,1311.7500,False,0.0763
2012-01-30,2012-01-30,2012-02-03,5,0,0,1300.7500,1341.2500,1342.0000,1296.0000,3.1136,True,1300.7500,1309.0000,False,0.6342
2012-02-06,2012-02-06,2012-02-10,5,0,0,1335.2500,1339.2500,1351.2500,1331.7500,0.2996,True,1335.2500,1340.0000,False,0.3557
2012-02-13,2012-02-13,2012-02-17,5,0,0,1348.7500,1359.5000,1361.2500,1337.7500,0.7970,True,1348.7500,1348.7500,False,0.0000
2012-02-20,2012-02-20,2012-02-24,5,1,0,1364.5000,1364.2500,1367.5000,1350.2500,-0.0183,False,1364.5000,1366.5000,True,0.1466
2012-02-27,2012-02-27,2012-03-02,5,0,0,1355.5000,1368.5000,1377.2500,1353.0000,0.9591,True,1355.5000,1366.5000,False,0.8115
2012-03-05,2012-03-05,2012-03-09,5,0,0,1366.0000,1371.0000,1374.5000,1338.5000,0.3660,True,1366.0000,1363.0000,False,-0.2196
2012-03-12,2012-03-12,2012-03-16,5,0,0,1370.5000,1398.5000,1400.2500,1366.0000,2.0430,True,1370.5000,1371.0000,False,0.0365
2012-03-19,2012-03-19,2012-03-23,5,0,0,1397.7500,1392.0000,1408.0000,1380.5000,-0.4114,True,1397.7500,1403.7500,False,0.4293
2012-03-26,2012-03-26,2012-03-30,5,0,0,1401.7500,1402.7500,1414.0000,1386.2500,0.0713,True,1401.7500,1411.2500,False,0.6777
2012-04-02,2012-04-02,2012-04-05,4,0,0,1401.7500,1392.7500,1417.7500,1387.5000,-0.6421,False,1401.7500,1413.2500,False,0.8204
2012-04-09,2012-04-09,2012-04-13,5,0,0,1375.2500,1366.0000,1384.2500,1352.5000,-0.6726,True,1375.2500,1377.2500,False,0.1454
2012-04-16,2012-04-16,2012-04-20,5,0,0,1373.5000,1374.2500,1388.7500,1360.7500,0.0546,True,1373.5000,1365.0000,False,-0.6189
2012-04-23,2012-04-23,2012-04-27,5,0,0,1360.0000,1399.2500,1402.7500,1354.0000,2.8860,True,1360.0000,1362.7500,False,0.2022
2012-04-30,2012-04-30,2012-05-04,5,0,0,1396.2500,1364.5000,1411.7500,1363.5000,-2.2739,True,1396.2500,1393.0000,False,-0.2328
2012-05-07,2012-05-07,2012-05-11,5,0,0,1360.0000,1350.2500,1370.2500,1339.2500,-0.7169,True,1360.0000,1365.5000,False,0.4044
2012-05-14,2012-05-14,2012-05-18,5,0,0,1337.5000,1292.5000,1344.7500,1289.7500,-3.3645,True,1337.5000,1336.0000,False,-0.1121
2012-05-21,2012-05-21,2012-05-25,5,0,0,1296.0000,1315.7500,1326.5000,1293.7500,1.5239,True,1296.0000,1314.0000,False,1.3889
2012-05-28,2012-05-28,2012-06-01,5,1,0,1321.2500,1276.0000,1333.7500,1275.5000,-3.4248,False,1321.2500,1321.5000,True,0.0189
2012-06-04,2012-06-04,2012-06-08,5,0,0,1277.7500,1325.0000,1329.5000,1265.2500,3.6979,True,1277.7500,1275.7500,False,-0.1565
2012-06-11,2012-06-11,2012-06-15,5,0,0,1329.0000,1335.5000,1337.0000,1299.0000,0.4891,True,1329.0000,1302.5000,False,-1.9940
2012-06-18,2012-06-18,2012-06-22,5,0,0,1330.2500,1329.0000,1357.0000,1317.5000,-0.0940,True,1330.2500,1338.5000,False,0.6202
2012-06-25,2012-06-25,2012-06-29,5,0,0,1314.7500,1356.7500,1357.0000,1302.5000,3.1945,True,1314.7500,1307.0000,False,-0.5895
2012-07-02,2012-07-02,2012-07-06,5,2,0,1359.2500,1349.2500,1369.5000,1342.2500,-0.7357,False,1359.2500,1358.7500,False,-0.0368
2012-07-09,2012-07-09,2012-07-13,5,0,0,1347.7500,1351.0000,1356.5000,1319.7500,0.2411,True,1347.7500,1347.2500,False,-0.0371
2012-07-16,2012-07-16,2012-07-20,5,0,0,1348.2500,1358.7500,1376.0000,1339.2500,0.7788,True,1348.2500,1348.2500,False,0.0000
2012-07-23,2012-07-23,2012-07-27,5,0,0,1338.5000,1381.0000,1385.0000,1323.7500,3.1752,True,1338.5000,1345.0000,False,0.4856
2012-07-30,2012-07-30,2012-08-03,5,0,0,1379.2500,1387.2500,1390.5000,1349.2500,0.5800,True,1379.2500,1381.0000,False,0.1269
2012-08-06,2012-08-06,2012-08-10,5,0,0,1391.2500,1402.5000,1403.2500,1389.5000,0.8086,True,1391.2500,1390.2500,False,-0.0719
2012-08-13,2012-08-13,2012-08-17,5,0,0,1399.7500,1415.5000,1416.7500,1394.2500,1.1252,True,1399.7500,1401.7500,False,0.1429
2012-08-20,2012-08-20,2012-08-24,5,0,0,1413.2500,1408.7500,1424.7500,1395.5000,-0.3184,True,1413.2500,1415.5000,False,0.1592
2012-08-27,2012-08-27,2012-08-31,5,0,0,1412.5000,1405.0000,1414.5000,1395.2500,-0.5310,True,1412.5000,1408.7500,False,-0.2655
2012-09-03,2012-09-03,2012-09-07,5,1,0,1406.5000,1437.0000,1437.0000,1394.5000,2.1685,False,1406.5000,1408.5000,True,0.1422
2012-09-10,2012-09-10,2012-09-14,5,0,0,1435.5000,1466.0000,1474.7500,1428.2500,2.1247,True,1435.5000,1428.7500,False,-0.4702
2012-09-17,2012-09-17,2012-09-21,5,0,0,1456.2500,1453.0000,1461.5000,1443.5000,-0.2232,True,1456.2500,1454.5000,False,-0.1202
2012-09-24,2012-09-24,2012-09-28,5,0,0,1446.0000,1433.5000,1457.0000,1424.0000,-0.8645,True,1446.0000,1450.7500,False,0.3285
2012-10-01,2012-10-01,2012-10-05,5,0,0,1439.5000,1455.7500,1466.0000,1432.2500,1.1289,True,1439.5000,1437.2500,False,-0.1563
2012-10-08,2012-10-08,2012-10-12,5,0,0,1450.2500,1423.0000,1453.5000,1420.0000,-1.8790,True,1450.2500,1450.7500,False,0.0345
2012-10-15,2012-10-15,2012-10-19,5,0,0,1426.5000,1427.5000,1459.7500,1422.0000,0.0701,True,1426.5000,1435.0000,False,0.5959
2012-10-22,2012-10-22,2012-10-26,5,0,0,1425.7500,1406.7500,1430.7500,1397.5000,-1.3326,True,1425.7500,1428.2500,False,0.1753
2012-10-29,2012-10-31,2012-11-02,3,0,0,1412.5000,1409.2500,1430.7500,1400.5000,-0.2301,False,,,,
2012-11-05,2012-11-05,2012-11-09,5,0,0,1407.0000,1375.2500,1429.2500,1369.0000,-2.2566,True,1407.0000,1412.7500,False,0.4087
2012-11-12,2012-11-12,2012-11-16,5,0,0,1379.5000,1357.0000,1386.2500,1340.2500,-1.6310,True,1379.5000,1376.2500,False,-0.2356
2012-11-19,2012-11-19,2012-11-23,4,1,0,1372.0000,1404.7500,1407.5000,1371.5000,2.3870,False,1372.0000,1384.2500,False,0.8929
2012-11-26,2012-11-26,2012-11-30,5,0,0,1399.7500,1413.7500,1418.5000,1383.0000,1.0002,True,1399.7500,1404.2500,False,0.3215
2012-12-03,2012-12-03,2012-12-07,5,0,0,1421.5000,1417.0000,1422.7500,1396.7500,-0.3166,True,1421.5000,1407.7500,False,-0.9673
2012-12-10,2012-12-10,2012-12-14,5,0,0,1415.0000,1413.7500,1438.7500,1411.5000,-0.0883,True,1415.0000,1417.7500,False,0.1943
2012-12-17,2012-12-17,2012-12-21,5,0,0,1412.0000,1425.2500,1444.2500,1411.5000,0.9384,True,1412.0000,1425.5000,False,0.9561
2012-12-24,2012-12-24,2012-12-28,4,1,0,1421.5000,1396.0000,1424.5000,1395.7500,-1.7939,False,1421.5000,1419.0000,True,-0.1759
2012-12-31,2012-12-31,2013-01-04,4,0,0,1393.2500,1460.7500,1463.0000,1392.2500,4.8448,False,1393.2500,1421.5000,False,2.0276
2013-01-07,2013-01-07,2013-01-11,5,0,0,1455.0000,1467.5000,1467.7500,1446.0000,0.8591,True,1455.0000,1456.2500,False,0.0859
2013-01-14,2013-01-14,2013-01-18,5,0,0,1465.2500,1479.5000,1481.0000,1458.2500,0.9725,True,1465.2500,1466.0000,False,0.0512
2013-01-21,2013-01-22,2013-01-25,4,0,0,1479.5000,1498.2500,1498.7500,1475.7500,1.2673,False,,,,
2013-01-28,2013-01-28,2013-02-01,5,0,0,1499.0000,1508.2500,1510.5000,1491.2500,0.6171,True,1499.0000,1496.5000,False,-0.1668
2013-02-04,2013-02-04,2013-02-08,5,0,0,1499.0000,1513.7500,1515.0000,1490.2500,0.9840,True,1499.0000,1491.5000,False,-0.5003
2013-02-11,2013-02-11,2013-02-15,5,0,0,1513.5000,1517.5000,1522.0000,1509.7500,0.2643,True,1513.5000,1513.5000,False,0.0000
2013-02-18,2013-02-19,2013-02-22,4,0,0,1519.5000,1514.2500,1528.7500,1495.0000,-0.3455,False,,,,
2013-02-25,2013-02-25,2013-03-01,5,0,0,1522.2500,1517.0000,1524.5000,1482.7500,-0.3449,True,1522.2500,1485.7500,False,-2.3978
2013-03-04,2013-03-04,2013-03-08,5,0,0,1513.2500,1549.7500,1552.0000,1510.5000,2.4120,True,1513.2500,1524.0000,False,0.7104
2013-03-11,2013-03-11,2013-03-15,5,0,0,1548.7500,1554.5000,1557.2500,1541.7500,0.3713,True,1548.7500,1555.5000,False,0.4358
2013-03-18,2013-03-18,2013-03-22,5,0,0,1539.2500,1551.0000,1555.7500,1531.7500,0.7634,True,1539.2500,1545.5000,False,0.4060
2013-03-25,2013-03-25,2013-03-28,4,0,0,1556.0000,1561.7500,1564.5000,1539.0000,0.3695,False,1556.0000,1545.7500,False,-0.6587
2013-04-01,2013-04-01,2013-04-05,5,0,0,1561.5000,1547.5000,1568.0000,1533.2500,-0.8966,True,1561.5000,1556.5000,False,-0.3202
2013-04-08,2013-04-08,2013-04-12,5,0,0,1548.2500,1583.7500,1593.0000,1543.0000,2.2929,True,1548.2500,1557.7500,False,0.6136
2013-04-15,2013-04-15,2013-04-19,5,0,0,1575.7500,1549.2500,1577.0000,1530.7500,-1.6817,True,1575.7500,1546.7500,False,-1.8404
2013-04-22,2013-04-22,2013-04-26,5,0,0,1553.2500,1578.0000,1588.2500,1542.7500,1.5934,True,1553.2500,1557.0000,False,0.2414
2013-04-29,2013-04-29,2013-05-03,5,0,0,1582.2500,1609.0000,1614.2500,1576.0000,1.6906,True,1582.2500,1588.7500,False,0.4108
2013-05-06,2013-05-06,2013-05-10,5,0,0,1610.0000,1629.7500,1632.2500,1609.2500,1.2267,True,1610.0000,1613.2500,False,0.2019
2013-05-13,2013-05-13,2013-05-17,5,0,0,1627.2500,1664.7500,1665.7500,1623.2500,2.3045,True,1627.2500,1630.5000,False,0.1997
2013-05-20,2013-05-20,2013-05-24,5,0,0,1662.7500,1647.7500,1685.7500,1634.2500,-0.9021,True,1662.7500,1664.2500,False,0.0902
2013-05-27,2013-05-28,2013-05-31,4,0,0,1665.5000,1629.0000,1672.7500,1628.2500,-2.1915,False,,,,
2013-06-03,2013-06-03,2013-06-07,5,0,0,1632.7500,1642.5000,1645.7500,1596.5000,0.5972,True,1632.7500,1638.2500,False,0.3369
2013-06-10,2013-06-10,2013-06-14,5,0,0,1647.2500,1626.0000,1648.5000,1607.2500,-1.2900,True,1647.2500,1642.0000,False,-0.3187
2013-06-17,2013-06-17,2013-06-21,5,0,0,1631.5000,1586.7500,1648.7500,1570.5000,-2.7429,True,1631.5000,1633.0000,False,0.0919
2013-06-24,2013-06-24,2013-06-28,5,0,0,1570.0000,1597.5000,1614.2500,1553.2500,1.7516,True,1570.0000,1566.2500,False,-0.2389
2013-07-01,2013-07-01,2013-07-05,4,1,0,1608.2500,1625.2500,1626.2500,1597.2500,1.0570,False,1608.2500,1609.0000,False,0.0466
2013-07-08,2013-07-08,2013-07-12,5,0,0,1634.0000,1672.5000,1674.2500,1631.2500,2.3562,True,1634.0000,1634.2500,False,0.0153
2013-07-15,2013-07-15,2013-07-19,5,0,0,1675.2500,1687.5000,1688.5000,1666.5000,0.7312,True,1675.2500,1677.2500,False,0.1194
2013-07-22,2013-07-22,2013-07-26,5,0,0,1689.5000,1687.0000,1694.5000,1670.5000,-0.1480,True,1689.5000,1690.5000,False,0.0592
2013-07-29,2013-07-29,2013-08-02,5,0,0,1682.2500,1704.5000,1705.0000,1676.5000,1.3226,True,1682.2500,1681.2500,False,-0.0594
2013-08-05,2013-08-05,2013-08-09,5,0,0,1701.0000,1688.5000,1705.0000,1680.5000,-0.7349,True,1701.0000,1702.5000,False,0.0882
2013-08-12,2013-08-12,2013-08-16,5,0,0,1679.7500,1653.5000,1694.5000,1649.5000,-1.5627,True,1679.7500,1686.2500,False,0.3870
2013-08-19,2013-08-19,2013-08-23,5,0,0,1651.2500,1660.5000,1662.7500,1636.2500,0.5602,True,1651.2500,1642.2500,False,-0.5450
2013-08-26,2013-08-26,2013-08-30,5,0,0,1662.2500,1629.7500,1667.5000,1624.7500,-1.9552,True,1662.2500,1654.2500,False,-0.4813
2013-09-02,2013-09-03,2013-09-06,4,0,0,1646.5000,1654.0000,1664.0000,1630.7500,0.4555,False,,,,
2013-09-09,2013-09-09,2013-09-13,5,0,0,1658.5000,1688.0000,1690.0000,1658.2500,1.7787,True,1658.5000,1670.5000,False,0.7235
2013-09-16,2013-09-16,2013-09-20,5,0,0,1699.5000,1702.7500,1723.7500,1688.0000,0.1912,True,1699.5000,1690.7500,False,-0.5149
2013-09-23,2013-09-23,2013-09-27,5,0,0,1700.5000,1684.7500,1702.2500,1680.0000,-0.9262,True,1700.5000,1695.0000,False,-0.3234
2013-09-30,2013-09-30,2013-10-04,5,0,0,1670.0000,1684.0000,1690.5000,1663.2500,0.8383,True,1670.0000,1675.7500,False,0.3443
2013-10-07,2013-10-07,2013-10-11,5,0,0,1669.0000,1697.5000,1698.2500,1640.0000,1.7076,True,1669.0000,1669.2500,False,0.0150
2013-10-14,2013-10-14,2013-10-18,5,0,0,1687.0000,1738.7500,1740.2500,1685.5000,3.0676,True,1687.0000,1704.7500,False,1.0522
2013-10-21,2013-10-21,2013-10-25,5,0,0,1739.2500,1754.7500,1754.7500,1734.5000,0.8912,True,1739.2500,1739.0000,False,-0.0144
2013-10-28,2013-10-28,2013-11-01,5,0,0,1754.0000,1756.0000,1770.5000,1747.0000,0.1140,True,1754.0000,1757.5000,False,0.1995
2013-11-04,2013-11-04,2013-11-08,5,0,0,1762.0000,1767.2500,1771.5000,1742.2500,0.2980,True,1762.0000,1763.0000,False,0.0568
2013-11-11,2013-11-11,2013-11-15,5,0,0,1766.2500,1795.2500,1795.5000,1755.5000,1.6419,True,1766.2500,1768.0000,False,0.0991
2013-11-18,2013-11-18,2013-11-22,5,0,0,1798.0000,1802.7500,1803.2500,1774.5000,0.2642,True,1798.0000,1789.5000,False,-0.4727
2013-11-25,2013-11-25,2013-11-29,4,1,0,1806.2500,1804.2500,1812.5000,1798.5000,-0.1107,False,1806.2500,1801.5000,False,-0.2630
2013-12-02,2013-12-02,2013-12-06,5,0,0,1805.5000,1804.0000,1809.0000,1777.7500,-0.0831,True,1805.5000,1799.7500,False,-0.3185
2013-12-09,2013-12-09,2013-12-13,5,0,0,1809.7500,1775.0000,1811.5000,1771.7500,-1.9202,True,1809.7500,1808.5000,False,-0.0691
2013-12-16,2013-12-16,2013-12-20,5,0,0,1777.5000,1813.2500,1817.7500,1760.7500,2.0113,True,1777.5000,1780.0000,False,0.1406
2013-12-23,2013-12-23,2013-12-27,4,1,0,1822.0000,1836.0000,1840.0000,1818.2500,0.7684,False,1822.0000,1822.5000,False,0.0274
2013-12-30,2013-12-30,2014-01-03,4,0,0,1836.5000,1824.7500,1844.2500,1821.7500,-0.6398,False,1836.5000,1835.5000,False,-0.0545
2014-01-06,2014-01-06,2014-01-10,5,0,0,1831.2500,1837.2500,1838.7500,1817.2500,0.3276,True,1831.2500,1820.7500,False,-0.5734
2014-01-13,2014-01-13,2014-01-17,5,0,0,1833.5000,1832.2500,1845.7500,1809.5000,-0.0682,True,1833.5000,1813.5000,False,-1.0908
2014-01-20,2014-01-21,2014-01-24,4,0,0,1843.0000,1784.5000,1844.0000,1784.2500,-3.1742,False,,,,
2014-01-27,2014-01-27,2014-01-31,5,0,0,1786.5000,1776.2500,1793.7500,1764.0000,-0.5737,True,1786.5000,1775.7500,False,-0.6017
2014-02-03,2014-02-03,2014-02-07,5,0,0,1774.7500,1792.0000,1793.7500,1732.0000,0.9720,True,1774.7500,1737.0000,False,-2.1271
2014-02-10,2014-02-10,2014-02-14,5,0,0,1791.7500,1835.2500,1838.7500,1786.7500,2.4278,True,1791.7500,1794.7500,False,0.1674
2014-02-17,2014-02-18,2014-02-21,4,0,0,1837.0000,1834.0000,1844.5000,1821.0000,-0.1633,False,,,,
2014-02-24,2014-02-24,2014-02-28,5,0,0,1837.7500,1858.2500,1866.5000,1837.0000,1.1155,True,1837.7500,1845.0000,False,0.3945
2014-03-03,2014-03-03,2014-03-07,5,0,0,1841.7500,1877.0000,1884.7500,1832.2500,1.9139,True,1841.7500,1844.0000,False,0.1222
2014-03-10,2014-03-10,2014-03-14,5,0,0,1874.5000,1840.7500,1882.2500,1839.2500,-1.8005,True,1874.5000,1876.7500,False,0.1200
2014-03-17,2014-03-17,2014-03-21,5,0,0,1843.7500,1857.5000,1876.7500,1842.0000,0.7458,True,1843.7500,1851.0000,False,0.3932
2014-03-24,2014-03-24,2014-03-28,5,0,0,1863.7500,1849.5000,1868.7500,1834.0000,-0.7646,True,1863.7500,1849.5000,False,-0.7646
2014-03-31,2014-03-31,2014-04-04,5,0,0,1861.2500,1859.0000,1892.2500,1855.7500,-0.1209,True,1861.2500,1865.0000,False,0.2015
2014-04-07,2014-04-07,2014-04-11,5,0,0,1854.0000,1809.0000,1866.5000,1807.2500,-2.4272,True,1854.0000,1838.0000,False,-0.8630
2014-04-14,2014-04-14,2014-04-17,4,0,0,1823.7500,1858.2500,1863.7500,1808.7500,1.8917,False,1823.7500,1823.7500,False,0.0000
2014-04-21,2014-04-21,2014-04-25,5,0,0,1859.0000,1857.7500,1878.7500,1853.0000,-0.0672,True,1859.0000,1865.0000,False,0.3228
2014-04-28,2014-04-28,2014-05-02,5,0,0,1865.2500,1875.2500,1885.7500,1844.0000,0.5361,True,1865.2500,1863.7500,False,-0.0804
2014-05-05,2014-05-05,2014-05-09,5,0,0,1865.7500,1874.7500,1884.7500,1854.5000,0.4824,True,1865.7500,1878.5000,False,0.6834
2014-05-12,2014-05-12,2014-05-16,5,0,0,1882.0000,1875.0000,1898.5000,1859.0000,-0.3719,True,1882.0000,1892.0000,False,0.5313
2014-05-19,2014-05-19,2014-05-23,5,0,0,1871.0000,1898.0000,1899.2500,1864.7500,1.4431,True,1871.0000,1881.5000,False,0.5612
2014-05-26,2014-05-26,2014-05-30,5,1,0,1902.2500,1920.7500,1922.2500,1901.7500,0.9725,False,1902.2500,1904.0000,True,0.0920
2014-06-02,2014-06-02,2014-06-06,5,0,0,1923.5000,1948.0000,1948.2500,1913.7500,1.2737,True,1923.5000,1923.0000,False,-0.0260
2014-06-09,2014-06-09,2014-06-11,3,0,0,1947.5000,1943.5000,1954.7500,1938.5000,-0.2054,False,1947.5000,1950.0000,False,0.1284
2014-06-16,2014-06-16,2014-06-20,5,0,0,1925.5000,1954.7500,1955.5000,1922.7500,1.5191,True,1925.5000,1929.2500,False,0.1948
2014-06-23,2014-06-23,2014-06-27,5,0,0,1954.5000,1953.2500,1960.0000,1936.2500,-0.0640,True,1954.5000,1953.7500,False,-0.0384
2014-06-30,2014-06-30,2014-07-04,5,2,0,1952.0000,1975.5000,1978.2500,1950.2500,1.2039,False,1952.0000,1952.0000,False,0.0000
2014-07-07,2014-07-07,2014-07-11,5,0,0,1973.5000,1961.5000,1975.0000,1945.7500,-0.6081,True,1973.5000,1970.5000,False,-0.1520
2014-07-14,2014-07-14,2014-07-18,5,0,0,1971.5000,1972.2500,1978.0000,1949.0000,0.0380,True,1971.5000,1971.2500,False,-0.0127
2014-07-21,2014-07-21,2014-07-25,5,0,0,1966.0000,1972.2500,1985.7500,1959.0000,0.3179,True,1966.0000,1968.2500,False,0.1144
2014-07-28,2014-07-28,2014-08-01,5,0,0,1972.5000,1919.5000,1979.5000,1910.2500,-2.6869,True,1972.5000,1973.0000,False,0.0253
2014-08-04,2014-08-04,2014-08-08,5,0,0,1923.2500,1926.7500,1937.5000,1899.7500,0.1820,True,1923.2500,1933.5000,False,0.5330
2014-08-11,2014-08-11,2014-08-15,5,0,0,1934.0000,1951.5000,1961.0000,1923.5000,0.9049,True,1934.0000,1932.2500,False,-0.0905
2014-08-18,2014-08-18,2014-08-22,5,0,0,1962.2500,1986.0000,1992.0000,1961.2500,1.2103,True,1962.2500,1968.0000,False,0.2930
2014-08-25,2014-08-25,2014-08-29,5,0,0,1995.7500,2001.2500,2002.7500,1988.0000,0.2756,True,1995.7500,1996.2500,False,0.0251
2014-09-01,2014-09-01,2014-09-05,5,1,0,1999.2500,2005.5000,2010.0000,1988.2500,0.3126,False,1999.2500,2001.0000,True,0.0875
2014-09-08,2014-09-08,2014-09-12,5,0,0,2003.5000,1985.5000,2006.2500,1979.5000,-0.8984,True,2003.5000,2000.2500,False,-0.1622
2014-09-15,2014-09-15,2014-09-19,5,0,0,1977.5000,2002.5000,2012.7500,1969.5000,1.2642,True,1977.5000,1975.7500,False,-0.0885
2014-09-22,2014-09-22,2014-09-26,2,0,0,1998.7500,1974.5000,1999.2500,1959.5000,-1.2133,False,1998.7500,1986.7500,False,-0.6004
2014-09-29,2014-09-29,2014-10-03,5,0,0,1957.0000,1960.0000,1978.2500,1918.2500,0.1533,True,1957.0000,1970.2500,False,0.6771
2014-10-06,2014-10-06,2014-10-10,5,0,0,1968.5000,1899.7500,1971.0000,1899.5000,-3.4925,True,1968.5000,1957.2500,False,-0.5715
2014-10-13,2014-10-13,2014-10-17,5,0,0,1899.0000,1879.5000,1906.0000,1813.0000,-1.0269,True,1899.0000,1868.0000,False,-1.6324
2014-10-20,2014-10-20,2014-10-24,5,0,0,1875.2500,1958.2500,1959.2500,1874.5000,4.4261,True,1875.2500,1897.2500,False,1.1732
2014-10-27,2014-10-27,2014-10-31,5,0,0,1951.7500,2011.0000,2013.0000,1944.5000,3.0357,True,1951.7500,1955.5000,False,0.1921
2014-11-03,2014-11-03,2014-11-07,5,0,0,2013.7500,2028.5000,2030.7500,1995.2500,0.7325,True,2013.7500,2012.0000,False,-0.0869
2014-11-10,2014-11-10,2014-11-14,5,0,0,2028.2500,2037.2500,2043.2500,2025.7500,0.4437,True,2028.2500,2034.2500,False,0.2958
2014-11-17,2014-11-17,2014-11-21,5,0,0,2033.2500,2061.7500,2072.2500,2031.2500,1.4017,True,2033.2500,2038.5000,False,0.2582
2014-11-24,2014-11-24,2014-11-28,5,2,0,2066.5000,2066.7500,2074.2500,2062.7500,0.0121,False,2066.5000,2067.5000,False,0.0484
2014-12-01,2014-12-01,2014-12-05,5,0,0,2058.5000,2074.7500,2079.0000,2048.2500,0.7894,True,2058.5000,2052.5000,False,-0.2915
2014-12-08,2014-12-08,2014-12-12,5,0,0,2069.7500,2002.2500,2075.7500,2002.0000,-3.2613,True,2069.7500,2060.7500,False,-0.4348
2014-12-15,2014-12-15,2014-12-19,5,0,0,2006.7500,2067.2500,2076.2500,1965.7500,3.0148,True,2006.7500,1981.5000,False,-1.2583
2014-12-22,2014-12-22,2014-12-26,4,1,0,2070.0000,2083.5000,2088.7500,2068.0000,0.6522,False,2070.0000,2074.7500,False,0.2295
2014-12-29,2014-12-29,2015-01-02,3,0,0,2082.0000,2050.7500,2088.7500,2038.7500,-1.5010,False,2082.0000,2085.7500,False,0.1801
2015-01-05,2015-01-05,2015-01-09,5,0,0,2038.2500,2037.7500,2061.0000,1984.2500,-0.0245,True,2038.2500,2014.2500,False,-1.1775
2015-01-12,2015-01-12,2015-01-16,5,0,0,2040.0000,2011.7500,2051.7500,1981.2500,-1.3848,True,2040.0000,2022.0000,False,-0.8824
2015-01-19,2015-01-19,2015-01-23,5,1,0,2017.2500,2045.7500,2059.2500,1997.5000,1.4128,False,2017.2500,2008.5000,True,-0.4338
2015-01-26,2015-01-26,2015-01-30,5,0,0,2043.2500,1989.7500,2051.7500,1982.0000,-2.6184,True,2043.2500,2050.5000,False,0.3548
2015-02-02,2015-02-02,2015-02-06,5,0,0,1995.7500,2050.5000,2068.0000,1973.7500,2.7433,True,1995.7500,2013.7500,False,0.9019
2015-02-09,2015-02-09,2015-02-13,5,0,0,2042.7500,2093.2500,2093.7500,2036.5000,2.4722,True,2042.7500,2041.0000,False,-0.0857
2015-02-16,2015-02-16,2015-02-20,5,1,0,2090.5000,2108.0000,2108.7500,2082.2500,0.8371,False,2090.5000,2086.7500,True,-0.1794
2015-02-23,2015-02-23,2015-02-27,5,0,0,2104.5000,2102.0000,2117.7500,2099.7500,-0.1188,True,2104.5000,2107.0000,False,0.1188
2015-03-02,2015-03-02,2015-03-06,5,0,0,2102.7500,2069.2500,2115.5000,2065.5000,-1.5932,True,2102.7500,2115.2500,False,0.5945
2015-03-09,2015-03-09,2015-03-13,5,0,0,2072.0000,2052.7500,2082.5000,2038.2500,-0.9291,True,2072.0000,2078.5000,False,0.3137
2015-03-16,2015-03-16,2015-03-20,5,0,0,2054.0000,2100.2500,2106.7500,2052.2500,2.2517,True,2054.0000,2073.5000,False,0.9494
2015-03-23,2015-03-23,2015-03-27,5,0,0,2100.2500,2052.0000,2107.0000,2036.2500,-2.2973,True,2100.2500,2096.5000,False,-0.1786
2015-03-30,2015-03-30,2015-04-02,4,0,0,2065.0000,2058.7500,2081.7500,2039.7500,-0.3027,False,2065.0000,2078.0000,False,0.6295
2015-04-06,2015-04-06,2015-04-10,5,0,0,2048.7500,2095.2500,2096.0000,2047.0000,2.2697,True,2048.7500,2073.7500,False,1.2203
2015-04-13,2015-04-13,2015-04-17,5,0,0,2093.7500,2073.7500,2105.5000,2064.5000,-0.9552,True,2093.7500,2085.7500,False,-0.3821
2015-04-20,2015-04-20,2015-04-24,5,0,0,2085.2500,2111.2500,2114.7500,2083.7500,1.2469,True,2085.2500,2093.5000,False,0.3956
2015-04-27,2015-04-27,2015-05-01,5,0,0,2118.5000,2101.5000,2119.7500,2070.2500,-0.8025,True,2118.5000,2102.7500,False,-0.7435
2015-05-04,2015-05-04,2015-05-08,5,0,0,2107.0000,2111.0000,2115.0000,2061.2500,0.1898,True,2107.0000,2108.5000,False,0.0712
2015-05-11,2015-05-11,2015-05-15,5,0,0,2110.0000,2119.0000,2120.5000,2080.2500,0.4265,True,2110.0000,2100.2500,False,-0.4621
2015-05-18,2015-05-18,2015-05-22,5,0,0,2117.0000,2124.2500,2132.2500,2116.2500,0.3425,True,2117.0000,2125.2500,False,0.3897
2015-05-25,2015-05-25,2015-05-29,5,1,0,2121.7500,2105.0000,2125.7500,2096.0000,-0.7894,False,2121.7500,2122.2500,True,0.0236
2015-06-01,2015-06-01,2015-06-05,5,0,0,2113.5000,2091.7500,2120.7500,2083.5000,-1.0291,True,2113.5000,2109.5000,False,-0.1893
2015-06-08,2015-06-08,2015-06-12,5,0,0,2090.0000,2093.2500,2114.7500,2070.7500,0.1555,True,2090.0000,2078.2500,False,-0.5622
2015-06-15,2015-06-15,2015-06-19,5,0,0,2071.2500,2100.0000,2119.2500,2062.7500,1.3881,True,2071.2500,2075.7500,False,0.2173
2015-06-22,2015-06-22,2015-06-26,5,0,0,2115.0000,2093.2500,2122.0000,2086.2500,-1.0284,True,2115.0000,2115.0000,False,0.0000
2015-06-29,2015-06-29,2015-07-03,5,1,0,2075.0000,2067.0000,2083.2500,2046.7500,-0.3855,False,2075.0000,2048.5000,False,-1.2771
2015-07-06,2015-07-06,2015-07-10,5,0,0,2051.7500,2069.2500,2076.0000,2035.0000,0.8529,True,2051.7500,2061.2500,False,0.4630
2015-07-13,2015-07-13,2015-07-17,5,0,0,2084.7500,2119.0000,2120.0000,2084.0000,1.6429,True,2084.7500,2092.5000,False,0.3717
2015-07-20,2015-07-20,2015-07-24,5,0,0,2121.7500,2073.5000,2126.2500,2069.7500,-2.2741,True,2121.7500,2120.5000,False,-0.0589
2015-07-27,2015-07-27,2015-07-31,5,0,0,2063.5000,2098.5000,2108.5000,2056.5000,1.6961,True,2063.5000,2061.5000,False,-0.0969
2015-08-03,2015-08-03,2015-08-07,5,0,0,2098.2500,2072.7500,2107.0000,2062.0000,-1.2153,True,2098.2500,2091.0000,False,-0.3455
2015-08-10,2015-08-10,2015-08-14,5,0,0,2086.2500,2087.2500,2100.7500,2046.5000,0.0479,True,2086.2500,2099.7500,False,0.6471
2015-08-17,2015-08-17,2015-08-21,5,0,0,2080.5000,1968.0000,2100.2500,1968.0000,-5.4074,True,2080.5000,2099.2500,False,0.9012
2015-08-24,2015-08-24,2015-08-28,5,0,0,1868.7500,1985.2500,1991.0000,1831.0000,6.2341,True,1868.7500,1886.2500,False,0.9365
2015-08-31,2015-08-31,2015-09-04,5,0,0,1973.5000,1917.7500,1983.7500,1898.7500,-2.8249,True,1973.5000,1968.2500,False,-0.2660
2015-09-07,2015-09-07,2015-09-11,5,1,0,1931.7500,1960.0000,1987.5000,1927.5000,1.4624,False,1931.7500,1931.0000,True,-0.0388
2015-09-14,2015-09-14,2015-09-18,5,0,0,1952.0000,1946.0000,2011.7500,1936.5000,-0.3074,True,1952.0000,1942.5000,False,-0.4867
2015-09-21,2015-09-21,2015-09-25,5,0,0,1956.5000,1920.7500,1969.0000,1897.2500,-1.8272,True,1956.5000,1957.0000,False,0.0256
2015-09-28,2015-09-28,2015-10-02,5,0,0,1910.5000,1942.0000,1942.2500,1861.5000,1.6488,True,1910.5000,1871.5000,False,-2.0414
2015-10-05,2015-10-05,2015-10-09,5,0,0,1957.0000,2006.7500,2012.2500,1955.2500,2.5422,True,1957.0000,1977.7500,False,1.0603
2015-10-12,2015-10-12,2015-10-16,5,0,0,2007.0000,2024.5000,2026.0000,1982.5000,0.8719,True,2007.0000,2008.7500,False,0.0872
2015-10-19,2015-10-19,2015-10-23,5,0,0,2018.2500,2069.0000,2073.5000,2009.5000,2.5146,True,2018.2500,2026.5000,False,0.4088
2015-10-26,2015-10-26,2015-10-30,5,0,0,2066.7500,2072.2500,2088.2500,2051.2500,0.2661,True,2066.7500,2063.5000,False,-0.1573
2015-11-02,2015-11-02,2015-11-06,5,0,0,2077.0000,2093.2500,2110.2500,2075.2500,0.7824,True,2077.0000,2097.2500,False,0.9750
2015-11-09,2015-11-09,2015-11-13,5,0,0,2086.0000,2018.0000,2088.0000,2016.7500,-3.2598,True,2086.0000,2073.2500,False,-0.6112
2015-11-16,2015-11-16,2015-11-20,5,0,0,2016.0000,2086.5000,2094.5000,2014.5000,3.4970,True,2016.0000,2049.0000,False,1.6369
2015-11-23,2015-11-23,2015-11-27,5,2,0,2087.0000,2090.5000,2097.0000,2067.0000,0.1677,False,2087.0000,2083.7500,False,-0.1557
2015-11-30,2015-11-30,2015-12-04,5,0,0,2090.2500,2089.2500,2103.2500,2040.0000,-0.0478,True,2090.2500,2080.0000,False,-0.4904
2015-12-07,2015-12-07,2015-12-11,5,0,0,2085.0000,2010.7500,2085.5000,2007.2500,-3.5612,True,2085.0000,2075.5000,False,-0.4556
2015-12-14,2015-12-14,2015-12-18,5,0,0,2004.5000,1994.0000,2069.5000,1983.2500,-0.5238,True,2004.5000,2014.0000,False,0.4739
2015-12-21,2015-12-21,2015-12-24,4,1,0,2010.0000,2050.7500,2059.7500,1995.7500,2.0274,False,2010.0000,2012.2500,False,0.1119
2015-12-28,2015-12-28,2015-12-31,4,0,0,2045.0000,2034.5000,2074.5000,2033.7500,-0.5134,False,2045.0000,2047.7500,False,0.1345
2016-01-04,2016-01-04,2016-01-08,5,0,0,2000.0000,1913.7500,2014.2500,1910.0000,-4.3125,True,2000.0000,2004.7500,False,0.2375
2016-01-11,2016-01-11,2016-01-15,5,0,0,1924.7500,1871.7500,1943.2500,1849.2500,-2.7536,True,1924.7500,1915.2500,False,-0.4936
2016-01-18,2016-01-18,2016-01-22,5,1,0,1869.5000,1899.2500,1902.2500,1804.2500,1.5913,False,1869.5000,1873.0000,True,0.1872
2016-01-25,2016-01-25,2016-01-29,5,0,0,1893.7500,1931.2500,1932.0000,1864.5000,1.9802,True,1893.7500,1871.0000,False,-1.2013
2016-02-01,2016-02-01,2016-02-05,5,0,0,1919.2500,1873.2500,1940.0000,1865.0000,-2.3968,True,1919.2500,1930.7500,False,0.5992
2016-02-08,2016-02-08,2016-02-12,5,0,0,1851.5000,1860.7500,1877.7500,1805.0000,0.4996,True,1851.5000,1847.5000,False,-0.2160
2016-02-15,2016-02-15,2016-02-19,5,1,0,1880.5000,1914.5000,1927.2500,1870.2500,1.8080,False,1880.5000,1885.2500,True,0.2526
2016-02-22,2016-02-22,2016-02-26,5,0,0,1932.7500,1945.2500,1961.0000,1886.7500,0.6467,True,1932.7500,1941.7500,False,0.4657
2016-02-29,2016-02-29,2016-03-04,5,0,0,1944.7500,1997.5000,2007.5000,1927.7500,2.7124,True,1944.7500,1928.5000,False,-0.8356
2016-03-07,2016-03-07,2016-03-11,5,0,0,1987.2500,2021.5000,2022.2500,1967.2500,1.7235,True,1987.2500,1999.7500,False,0.6290
2016-03-14,2016-03-14,2016-03-18,5,0,0,2006.2500,2039.2500,2042.7500,1995.0000,1.6449,True,2006.2500,2009.5000,False,0.1620
2016-03-21,2016-03-21,2016-03-24,4,0,0,2035.7500,2026.7500,2047.5000,2012.2500,-0.4421,False,2035.7500,2041.7500,False,0.2947
2016-03-28,2016-03-28,2016-04-01,5,0,0,2031.2500,2064.5000,2067.0000,2019.2500,1.6369,True,2031.2500,2027.7500,False,-0.1723
2016-04-04,2016-04-04,2016-04-08,5,0,0,2064.2500,2040.7500,2066.5000,2026.0000,-1.1384,True,2064.2500,2058.0000,False,-0.3028
2016-04-11,2016-04-11,2016-04-15,5,0,0,2048.2500,2073.5000,2081.7500,2032.5000,1.2328,True,2048.2500,2035.2500,False,-0.6347
2016-04-18,2016-04-18,2016-04-22,5,0,0,2066.7500,2086.0000,2105.2500,2065.2500,0.9314,True,2066.7500,2088.5000,False,1.0524
2016-04-25,2016-04-25,2016-04-29,5,0,0,2078.5000,2058.7500,2094.0000,2045.7500,-0.9502,True,2078.5000,2082.0000,False,0.1684
2016-05-02,2016-05-02,2016-05-06,5,0,0,2065.0000,2052.0000,2077.5000,2033.7500,-0.6295,True,2065.0000,2075.2500,False,0.4964
2016-05-09,2016-05-09,2016-05-13,5,0,0,2050.5000,2042.2500,2079.7500,2038.5000,-0.4023,True,2050.5000,2053.7500,False,0.1585
2016-05-16,2016-05-16,2016-05-20,5,0,0,2044.2500,2049.0000,2068.5000,2022.0000,0.2324,True,2044.2500,2062.7500,False,0.9050
2016-05-23,2016-05-23,2016-05-27,5,0,0,2049.5000,2096.7500,2096.7500,2044.2500,2.3054,True,2049.5000,2046.0000,False,-0.1708
2016-05-30,2016-05-30,2016-06-03,5,1,0,2101.7500,2097.2500,2103.5000,2082.7500,-0.2141,False,2101.7500,2102.0000,True,0.0119
2016-06-06,2016-06-06,2016-06-10,5,0,0,2101.2500,2095.2500,2119.7500,2088.5000,-0.2855,True,2101.2500,2108.0000,False,0.3212
2016-06-13,2016-06-13,2016-06-17,5,0,0,2079.0000,2062.0000,2089.2500,2040.7500,-0.8177,True,2079.0000,2070.0000,False,-0.4329
2016-06-20,2016-06-20,2016-06-24,5,0,0,2084.5000,2027.5000,2105.0000,2022.2500,-2.7345,True,2084.5000,2075.0000,False,-0.4557
2016-06-27,2016-06-27,2016-07-01,5,0,0,2010.7500,2093.7500,2100.7500,1981.5000,4.1278,True,2010.7500,1991.0000,False,-0.9822
2016-07-04,2016-07-04,2016-07-08,5,1,0,2099.0000,2122.2500,2125.5000,2065.7500,1.1077,False,2099.0000,2100.0000,True,0.0476
2016-07-11,2016-07-11,2016-07-15,5,0,0,2127.5000,2154.2500,2164.2500,2125.2500,1.2573,True,2127.5000,2130.0000,False,0.1175
2016-07-18,2016-07-18,2016-07-22,5,0,0,2156.0000,2168.2500,2169.7500,2152.2500,0.5682,True,2156.0000,2160.2500,False,0.1971
2016-07-25,2016-07-25,2016-07-29,5,0,0,2166.0000,2167.2500,2171.7500,2152.0000,0.0577,True,2166.0000,2163.0000,False,-0.1385
2016-08-01,2016-08-01,2016-08-05,5,0,0,2168.0000,2177.7500,2178.5000,2141.5000,0.4497,True,2168.0000,2164.7500,False,-0.1499
2016-08-08,2016-08-08,2016-08-12,5,0,0,2180.2500,2180.0000,2185.2500,2167.7500,-0.0115,True,2180.2500,2176.2500,False,-0.1835
2016-08-15,2016-08-15,2016-08-19,5,0,0,2184.7500,2181.2500,2190.7500,2165.5000,-0.1602,True,2184.7500,2187.0000,False,0.1030
2016-08-22,2016-08-22,2016-08-26,5,0,0,2178.0000,2168.0000,2191.5000,2157.5000,-0.4591,True,2178.0000,2180.5000,False,0.1148
2016-08-29,2016-08-29,2016-09-02,5,0,0,2169.7500,2178.5000,2183.7500,2154.7500,0.4033,True,2169.7500,2179.2500,False,0.4378
2016-09-05,2016-09-05,2016-09-09,5,1,0,2178.7500,2126.7500,2186.7500,2126.5000,-2.3867,False,2178.7500,2178.7500,True,0.0000
2016-09-12,2016-09-12,2016-09-16,5,0,0,2111.2500,2130.5000,2156.0000,2110.5000,0.9118,True,2111.2500,2151.2500,False,1.8946
2016-09-19,2016-09-19,2016-09-23,5,0,0,2139.0000,2157.2500,2172.7500,2127.7500,0.8532,True,2139.0000,2131.2500,False,-0.3623
2016-09-26,2016-09-26,2016-09-30,5,0,0,2148.0000,2160.5000,2168.2500,2132.7500,0.5819,True,2148.0000,2139.0000,False,-0.4190
2016-10-03,2016-10-03,2016-10-07,5,0,0,2154.7500,2146.7500,2159.2500,2136.0000,-0.3713,True,2154.7500,2153.5000,False,-0.0580
2016-10-10,2016-10-10,2016-10-14,5,0,0,2158.0000,2127.0000,2163.5000,2107.7500,-1.4365,True,2158.0000,2157.5000,False,-0.0232
2016-10-17,2016-10-17,2016-10-21,5,0,0,2127.0000,2135.5000,2142.5000,2117.7500,0.3996,True,2127.0000,2120.2500,False,-0.3173
2016-10-24,2016-10-24,2016-10-28,5,0,0,2145.7500,2121.2500,2149.0000,2112.5000,-1.1418,True,2145.7500,2144.5000,False,-0.0583
2016-10-31,2016-10-31,2016-11-04,5,0,0,2125.2500,2080.2500,2127.7500,2079.0000,-2.1174,True,2125.2500,2120.7500,False,-0.2117
2016-11-07,2016-11-07,2016-11-11,5,0,0,2109.5000,2159.7500,2178.5000,2108.0000,2.3821,True,2109.5000,2126.5000,False,0.8059
2016-11-14,2016-11-14,2016-11-18,5,0,0,2165.5000,2179.7500,2187.5000,2152.2500,0.6580,True,2165.5000,2160.2500,False,-0.2424
2016-11-21,2016-11-21,2016-11-25,5,2,0,2186.5000,2211.5000,2211.7500,2184.7500,1.1434,False,2186.5000,2195.5000,False,0.4116
2016-11-28,2016-11-28,2016-12-02,5,0,0,2206.2500,2191.0000,2213.0000,2186.0000,-0.6912,True,2206.2500,2200.0000,False,-0.2833
2016-12-05,2016-12-05,2016-12-09,5,0,0,2201.0000,2259.5000,2259.7500,2198.7500,2.6579,True,2201.0000,2203.5000,False,0.1136
2016-12-12,2016-12-12,2016-12-16,5,0,0,2258.5000,2254.0000,2273.0000,2243.0000,-0.1992,True,2258.5000,2257.0000,False,-0.0664
2016-12-19,2016-12-19,2016-12-23,5,0,0,2256.0000,2259.0000,2269.5000,2251.5000,0.1330,True,2256.0000,2258.5000,False,0.1108
2016-12-26,2016-12-27,2016-12-30,4,0,0,2262.2500,2236.7500,2269.5000,2228.0000,-1.1272,False,,,,
2017-01-02,2017-01-03,2017-01-06,4,0,0,2252.0000,2271.7500,2277.0000,2239.5000,0.8770,False,,,,
2017-01-09,2017-01-09,2017-01-13,5,0,0,2268.7500,2269.7500,2274.0000,2248.5000,0.0441,True,2268.7500,2264.7500,False,-0.1763
2017-01-16,2017-01-16,2017-01-20,5,1,0,2267.2500,2266.2500,2272.7500,2253.0000,-0.0441,False,2267.2500,2266.0000,True,-0.0551
2017-01-23,2017-01-23,2017-01-27,5,0,0,2262.5000,2289.2500,2296.5000,2251.7500,1.1823,True,2262.5000,2261.5000,False,-0.0442
2017-01-30,2017-01-30,2017-02-03,5,0,0,2281.0000,2292.0000,2294.0000,2262.2500,0.4822,True,2281.0000,2275.2500,False,-0.2521
2017-02-06,2017-02-06,2017-02-10,5,0,0,2286.7500,2312.7500,2315.7500,2281.0000,1.1370,True,2286.7500,2288.0000,False,0.0547
2017-02-13,2017-02-13,2017-02-17,5,0,0,2319.0000,2348.2500,2349.7500,2318.5000,1.2613,True,2319.0000,2325.5000,False,0.2803
2017-02-20,2017-02-20,2017-02-24,5,1,0,2353.5000,2365.2500,2366.7500,2350.5000,0.4993,False,2353.5000,2352.7500,True,-0.0319
2017-02-27,2017-02-27,2017-03-03,5,0,0,2363.7500,2381.7500,2401.0000,2357.5000,0.7615,True,2363.7500,2368.7500,False,0.2115
2017-03-06,2017-03-06,2017-03-10,5,0,0,2372.0000,2373.0000,2378.2500,2354.0000,0.0422,True,2372.0000,2374.7500,False,0.1159
2017-03-13,2017-03-13,2017-03-17,5,0,0,2369.2500,2373.0000,2387.7500,2354.7500,0.1583,True,2369.2500,2371.0000,False,0.0739
2017-03-20,2017-03-20,2017-03-24,5,0,0,2372.7500,2341.7500,2378.7500,2331.7500,-1.3065,True,2372.7500,2370.0000,False,-0.1159
2017-03-27,2017-03-27,2017-03-31,5,0,0,2321.0000,2358.5000,2366.7500,2318.0000,1.6157,True,2321.0000,2337.7500,False,0.7217
2017-04-03,2017-04-03,2017-04-07,5,0,0,2359.2500,2352.5000,2375.0000,2340.0000,-0.2861,True,2359.2500,2354.7500,False,-0.1907
2017-04-10,2017-04-10,2017-04-13,4,0,0,2354.2500,2325.5000,2363.2500,2325.2500,-1.2212,False,2354.2500,2353.7500,False,-0.0212
2017-04-17,2017-04-17,2017-04-21,5,0,0,2330.7500,2345.2500,2358.2500,2328.7500,0.6221,True,2330.7500,2345.5000,False,0.6328
2017-04-24,2017-04-24,2017-04-28,5,0,0,2371.5000,2380.2500,2394.7500,2365.7500,0.3690,True,2371.5000,2370.7500,False,-0.0316
2017-05-01,2017-05-01,2017-05-05,5,0,0,2386.0000,2395.7500,2395.7500,2375.5000,0.4086,True,2386.0000,2385.5000,False,-0.0210
2017-05-08,2017-05-08,2017-05-12,5,0,0,2395.7500,2387.7500,2400.0000,2379.0000,-0.3339,True,2395.7500,2395.0000,False,-0.0313
2017-05-15,2017-05-15,2017-05-19,5,0,0,2392.5000,2380.0000,2404.5000,2351.5000,-0.5225,True,2392.5000,2400.2500,False,0.3239
2017-05-22,2017-05-22,2017-05-26,5,0,0,2386.0000,2413.7500,2417.7500,2385.0000,1.1630,True,2386.0000,2392.2500,False,0.2619
2017-05-29,2017-05-29,2017-06-02,5,1,0,2416.5000,2437.2500,2439.7500,2402.7500,0.8587,False,2416.5000,2414.2500,True,-0.0931
2017-06-05,2017-06-05,2017-06-09,5,0,0,2435.7500,2430.0000,2445.7500,2414.7500,-0.2361,True,2435.7500,2435.7500,False,0.0000
2017-06-12,2017-06-12,2017-06-16,5,0,0,2424.2500,2430.5000,2442.0000,2416.2500,0.2578,True,2424.2500,2426.7500,False,0.1031
2017-06-19,2017-06-19,2017-06-23,5,0,0,2440.0000,2435.5000,2451.5000,2428.0000,-0.1844,True,2440.0000,2450.5000,False,0.4303
2017-06-26,2017-06-26,2017-06-30,5,0,0,2442.2500,2420.5000,2447.5000,2402.2500,-0.8906,True,2442.2500,2436.2500,False,-0.2457
2017-07-03,2017-07-03,2017-07-07,5,2,0,2431.7500,2422.7500,2436.5000,2405.2500,-0.3701,False,2431.7500,2423.7500,True,-0.3290
2017-07-10,2017-07-10,2017-07-14,5,0,0,2421.0000,2456.7500,2461.2500,2410.2500,1.4767,True,2421.0000,2425.2500,False,0.1755
2017-07-17,2017-07-17,2017-07-21,5,0,0,2456.0000,2469.7500,2475.2500,2448.0000,0.5599,True,2456.0000,2456.5000,False,0.0204
2017-07-24,2017-07-24,2017-07-28,5,0,0,2469.0000,2469.0000,2480.5000,2457.0000,0.0000,True,2469.0000,2469.0000,False,0.0000
2017-07-31,2017-07-31,2017-08-04,5,0,0,2474.0000,2473.7500,2477.7500,2463.2500,-0.0101,True,2474.0000,2467.5000,False,-0.2627
2017-08-07,2017-08-07,2017-08-11,5,0,0,2474.2500,2439.7500,2488.5000,2435.7500,-1.3944,True,2474.2500,2477.7500,False,0.1415
2017-08-14,2017-08-14,2017-08-18,5,0,0,2454.2500,2424.2500,2474.0000,2419.5000,-1.2224,True,2454.2500,2463.5000,False,0.3769
2017-08-21,2017-08-21,2017-08-25,5,0,0,2424.2500,2442.5000,2454.0000,2415.7500,0.7528,True,2424.2500,2426.7500,False,0.1031
2017-08-28,2017-08-28,2017-09-01,5,0,0,2448.2500,2475.0000,2479.7500,2426.2500,1.0926,True,2448.2500,2443.2500,False,-0.2042
2017-09-04,2017-09-04,2017-09-08,5,1,0,2465.7500,2461.0000,2471.2500,2445.5000,-0.1926,False,2465.7500,2468.0000,True,0.0913
2017-09-11,2017-09-11,2017-09-15,5,0,0,2474.5000,2497.5000,2498.0000,2474.0000,0.9295,True,2474.5000,2485.5000,False,0.4445
2017-09-18,2017-09-18,2017-09-22,5,0,0,2501.0000,2499.0000,2507.2500,2494.0000,-0.0800,True,2501.0000,2502.2500,False,0.0500
2017-09-25,2017-09-25,2017-09-29,5,0,0,2495.7500,2515.7500,2517.0000,2485.0000,0.8014,True,2495.7500,2494.2500,False,-0.0601
2017-10-02,2017-10-02,2017-10-06,5,0,0,2518.2500,2546.7500,2550.0000,2517.5000,1.1317,True,2518.2500,2526.2500,False,0.3177
2017-10-09,2017-10-09,2017-10-13,5,0,0,2549.0000,2552.0000,2555.5000,2539.2500,0.1177,True,2549.0000,2542.5000,False,-0.2550
2017-10-16,2017-10-16,2017-10-20,5,0,0,2554.7500,2572.7500,2573.2500,2545.2500,0.7046,True,2554.7500,2555.5000,False,0.0294
2017-10-23,2017-10-23,2017-10-27,5,0,0,2576.7500,2578.7500,2580.7500,2541.5000,0.0776,True,2576.7500,2563.7500,False,-0.5045
2017-10-30,2017-10-30,2017-11-03,5,0,0,2572.2500,2585.0000,2585.5000,2562.2500,0.4957,True,2572.2500,2569.0000,False,-0.1263
2017-11-06,2017-11-06,2017-11-10,5,0,0,2583.0000,2580.2500,2593.5000,2563.2500,-0.1065,True,2583.0000,2588.0000,False,0.1936
2017-11-13,2017-11-13,2017-11-17,5,0,0,2572.5000,2577.7500,2589.5000,2555.5000,0.2041,True,2572.5000,2583.0000,False,0.4082
2017-11-20,2017-11-20,2017-11-24,5,2,0,2580.0000,2601.5000,2603.0000,2577.0000,0.8333,False,2580.0000,2581.5000,False,0.0581
2017-11-27,2017-11-27,2017-12-01,5,0,0,2601.7500,2642.0000,2658.5000,2597.7500,1.5470,True,2601.7500,2600.5000,False,-0.0480
2017-12-04,2017-12-04,2017-12-08,5,0,0,2660.2500,2651.7500,2665.2500,2624.0000,-0.3195,True,2660.2500,2638.5000,False,-0.8176
2017-12-11,2017-12-11,2017-12-15,5,0,0,2655.5000,2677.5000,2682.7500,2654.5000,0.8285,True,2655.5000,2663.5000,False,0.3013
2017-12-18,2017-12-18,2017-12-22,5,0,0,2692.5000,2688.7500,2698.0000,2679.0000,-0.1393,True,2692.5000,2694.7500,False,0.0836
2017-12-25,2017-12-26,2017-12-29,4,0,0,2685.5000,2677.5000,2694.0000,2674.2500,-0.2979,False,,,,
2018-01-01,2018-01-02,2018-01-05,4,0,0,2687.0000,2741.2500,2743.0000,2681.7500,2.0190,False,,,,
2018-01-08,2018-01-08,2018-01-12,5,0,0,2740.0000,2786.5000,2788.7500,2736.5000,1.6971,True,2740.0000,2746.5000,False,0.2372
2018-01-15,2018-01-15,2018-01-19,5,1,0,2793.7500,2812.5000,2812.7500,2769.2500,0.6711,False,2793.7500,2794.5000,True,0.0268
2018-01-22,2018-01-22,2018-01-26,5,0,0,2809.5000,2873.0000,2873.2500,2809.2500,2.2602,True,2809.5000,2835.0000,False,0.9076
2018-01-29,2018-01-29,2018-02-02,5,0,0,2866.2500,2760.0000,2871.2500,2758.7500,-3.7069,True,2866.2500,2853.0000,False,-0.4623
2018-02-05,2018-02-05,2018-02-09,5,0,0,2739.2500,2618.5000,2763.0000,2530.2500,-4.4081,True,2739.2500,2645.2500,False,-3.4316
2018-02-12,2018-02-12,2018-02-16,5,0,0,2639.5000,2732.5000,2754.7500,2620.0000,3.5234,True,2639.5000,2654.0000,False,0.5493
2018-02-19,2018-02-19,2018-02-23,5,1,0,2735.7500,2747.5000,2747.7500,2696.5000,0.4295,False,2735.7500,2728.5000,True,-0.2650
2018-02-26,2018-02-26,2018-03-02,5,0,0,2759.5000,2689.7500,2789.7500,2647.0000,-2.5276,True,2759.5000,2779.2500,False,0.7157
2018-03-05,2018-03-05,2018-03-09,5,0,0,2676.0000,2786.5000,2787.0000,2674.5000,4.1293,True,2676.0000,2721.2500,False,1.6910
2018-03-12,2018-03-12,2018-03-16,5,0,0,2790.0000,2753.7500,2802.5000,2745.7500,-1.2993,True,2790.0000,2782.7500,False,-0.2599
2018-03-19,2018-03-19,2018-03-23,5,0,0,2745.0000,2587.7500,2745.2500,2586.0000,-5.7286,True,2745.0000,2716.2500,False,-1.0474
2018-03-26,2018-03-26,2018-03-29,4,0,0,2629.7500,2641.7500,2676.0000,2593.0000,0.4563,False,2629.7500,2660.0000,False,1.1503
2018-04-02,2018-04-02,2018-04-06,5,0,0,2632.0000,2602.7500,2672.2500,2552.0000,-1.1113,True,2632.0000,2579.7500,False,-1.9852
2018-04-09,2018-04-09,2018-04-13,5,0,0,2618.7500,2656.2500,2680.5000,2610.5000,1.4320,True,2618.7500,2613.7500,False,-0.1909
2018-04-16,2018-04-16,2018-04-20,5,0,0,2675.2500,2670.7500,2718.0000,2659.7500,-0.1682,True,2675.2500,2678.0000,False,0.1028
2018-04-23,2018-04-23,2018-04-27,5,0,0,2677.0000,2669.0000,2683.7500,2611.2500,-0.2988,True,2677.0000,2669.7500,False,-0.2708
2018-04-30,2018-04-30,2018-05-04,5,0,0,2675.0000,2661.7500,2681.7500,2591.2500,-0.4953,True,2675.0000,2646.5000,False,-1.0654
2018-05-07,2018-05-07,2018-05-11,5,0,0,2670.5000,2726.7500,2732.5000,2652.2500,2.1063,True,2670.5000,2670.7500,False,0.0094
2018-05-14,2018-05-14,2018-05-18,5,0,0,2734.0000,2713.0000,2741.2500,2700.5000,-0.7681,True,2734.0000,2729.7500,False,-0.1554
2018-05-21,2018-05-21,2018-05-25,5,0,0,2729.0000,2719.7500,2741.7500,2705.7500,-0.3390,True,2729.0000,2732.5000,False,0.1283
2018-05-28,2018-05-28,2018-06-01,5,1,0,2719.7500,2733.7500,2737.0000,2675.0000,0.5148,False,2719.7500,2723.2500,True,0.1287
2018-06-04,2018-06-04,2018-06-08,5,0,0,2742.2500,2777.7500,2779.5000,2739.0000,1.2946,True,2742.2500,2746.5000,False,0.1550
2018-06-11,2018-06-11,2018-06-15,5,0,0,2780.7500,2784.2500,2796.0000,2765.5000,0.1259,True,2780.7500,2781.2500,False,0.0180
2018-06-18,2018-06-18,2018-06-22,5,0,0,2766.5000,2757.0000,2779.0000,2746.2500,-0.3434,True,2766.5000,2777.7500,False,0.4067
2018-06-25,2018-06-25,2018-06-29,5,0,0,2744.5000,2721.2500,2748.0000,2693.5000,-0.8471,True,2744.5000,2718.5000,False,-0.9473
2018-07-02,2018-07-02,2018-07-06,5,2,0,2703.0000,2761.5000,2766.2500,2700.5000,2.1643,False,2703.0000,2728.0000,False,0.9249
2018-07-09,2018-07-09,2018-07-13,5,0,0,2773.5000,2802.7500,2806.2500,2772.2500,1.0546,True,2773.5000,2786.5000,False,0.4687
2018-07-16,2018-07-16,2018-07-20,5,0,0,2803.0000,2802.7500,2818.2500,2790.7500,-0.0089,True,2803.0000,2799.2500,False,-0.1338
2018-07-23,2018-07-23,2018-07-27,5,0,0,2800.0000,2819.2500,2849.5000,2796.0000,0.6875,True,2800.0000,2808.0000,False,0.2857
2018-07-30,2018-07-30,2018-08-03,5,0,0,2819.7500,2839.7500,2840.2500,2795.0000,0.7093,True,2819.7500,2803.0000,False,-0.5940
2018-08-06,2018-08-06,2018-08-10,5,0,0,2838.7500,2833.7500,2863.7500,2826.0000,-0.1761,True,2838.7500,2850.5000,False,0.4139
2018-08-13,2018-08-13,2018-08-17,5,0,0,2837.0000,2851.7500,2857.0000,2803.0000,0.5199,True,2837.0000,2822.7500,False,-0.5023
2018-08-20,2018-08-20,2018-08-24,5,0,0,2856.7500,2875.5000,2877.2500,2851.5000,0.6563,True,2856.7500,2858.0000,False,0.0438
2018-08-27,2018-08-27,2018-08-31,5,0,0,2888.5000,2901.2500,2917.5000,2887.0000,0.4414,True,2888.5000,2897.7500,False,0.3202
2018-09-03,2018-09-03,2018-09-07,5,1,0,2908.2500,2873.7500,2910.5000,2865.0000,-1.1863,False,2908.2500,2908.2500,True,0.0000
2018-09-10,2018-09-10,2018-09-14,5,0,0,2885.2500,2905.7500,2909.5000,2867.2500,0.7105,True,2885.2500,2878.7500,False,-0.2253
2018-09-17,2018-09-17,2018-09-21,5,0,0,2909.5000,2934.5000,2946.5000,2892.2500,0.8593,True,2909.5000,2895.0000,False,-0.4984
2018-09-24,2018-09-24,2018-09-28,5,0,0,2927.5000,2919.0000,2936.0000,2907.5000,-0.2904,True,2927.5000,2924.5000,False,-0.1025
2018-10-01,2018-10-01,2018-10-05,5,0,0,2933.7500,2890.2500,2944.7500,2873.2500,-1.4827,True,2933.7500,2929.2500,False,-0.1534
2018-10-08,2018-10-08,2018-10-12,5,0,0,2881.2500,2768.7500,2900.0000,2712.2500,-3.9046,True,2881.2500,2889.7500,False,0.2950
2018-10-15,2018-10-15,2018-10-19,5,0,0,2763.2500,2769.0000,2819.2500,2751.2500,0.2081,True,2763.2500,2753.0000,False,-0.3709
2018-10-22,2018-10-22,2018-10-26,5,0,0,2777.0000,2657.2500,2780.5000,2627.2500,-4.3122,True,2777.0000,2757.5000,False,-0.7022
2018-10-29,2018-10-29,2018-11-02,5,0,0,2692.2500,2721.7500,2756.5000,2603.0000,1.0957,True,2692.2500,2643.0000,False,-1.8293
2018-11-05,2018-11-05,2018-11-09,5,0,0,2727.7500,2781.0000,2815.2500,2717.0000,1.9522,True,2727.7500,2738.0000,False,0.3758
2018-11-12,2018-11-12,2018-11-16,5,0,0,2774.2500,2738.0000,2777.5000,2671.2500,-1.3067,True,2774.2500,2727.7500,False,-1.6761
2018-11-19,2018-11-19,2018-11-23,5,2,0,2731.2500,2628.5000,2734.7500,2627.0000,-3.7620,False,2731.2500,2692.5000,False,-1.4188
2018-11-26,2018-11-26,2018-11-30,5,0,0,2657.2500,2756.5000,2761.5000,2652.5000,3.7351,True,2657.2500,2673.7500,False,0.6209
2018-12-03,2018-12-03,2018-12-07,4,0,0,2801.2500,2633.5000,2802.5000,2621.2500,-5.9884,False,2801.2500,2790.7500,False,-0.3748
2018-12-10,2018-12-10,2018-12-14,5,0,0,2630.7500,2600.7500,2686.5000,2583.0000,-1.1404,True,2630.7500,2637.5000,False,0.2566
2018-12-17,2018-12-17,2018-12-21,5,0,0,2593.0000,2415.2500,2605.5000,2409.2500,-6.8550,True,2593.0000,2551.5000,False,-1.6005
2018-12-24,2018-12-24,2018-12-28,4,1,0,2400.2500,2486.2500,2523.0000,2340.5000,3.5830,False,2400.2500,2342.2500,True,-2.4164
2018-12-31,2018-12-31,2019-01-04,4,0,0,2503.5000,2532.7500,2539.2500,2443.2500,1.1684,False,2503.5000,2509.5000,False,0.2397
2019-01-07,2019-01-07,2019-01-11,5,0,0,2534.5000,2596.2500,2598.7500,2524.5000,2.4364,True,2534.5000,2550.5000,False,0.6313
2019-01-14,2019-01-14,2019-01-18,5,0,0,2575.5000,2670.5000,2676.5000,2570.7500,3.6886,True,2575.5000,2581.2500,False,0.2233
2019-01-21,2019-01-21,2019-01-25,5,1,0,2662.7500,2663.2500,2672.5000,2612.5000,0.0188,False,2662.7500,2663.2500,True,0.0188
2019-01-28,2019-01-28,2019-02-01,5,0,0,2638.5000,2704.5000,2716.0000,2622.2500,2.5014,True,2638.5000,2642.7500,False,0.1611
2019-02-04,2019-02-04,2019-02-08,5,0,0,2704.7500,2707.5000,2737.7500,2680.7500,0.1017,True,2704.7500,2723.7500,False,0.7025
2019-02-11,2019-02-11,2019-02-15,5,0,0,2714.5000,2775.7500,2775.7500,2702.7500,2.2564,True,2714.5000,2708.7500,False,-0.2118
2019-02-18,2019-02-18,2019-02-22,5,1,0,2776.7500,2792.2500,2794.5000,2764.2500,0.5582,False,2776.7500,2778.2500,True,0.0540
2019-02-25,2019-02-25,2019-03-01,5,0,0,2807.7500,2804.5000,2814.0000,2775.0000,-0.1158,True,2807.7500,2796.5000,False,-0.4007
2019-03-04,2019-03-04,2019-03-08,5,0,0,2815.5000,2743.2500,2818.0000,2722.0000,-2.5662,True,2815.5000,2793.2500,False,-0.7903
2019-03-11,2019-03-11,2019-03-15,5,0,0,2755.2500,2828.2500,2836.5000,2755.0000,2.6495,True,2755.2500,2788.0000,False,1.1886
2019-03-18,2019-03-18,2019-03-22,5,0,0,2830.0000,2806.0000,2866.0000,2805.2500,-0.8481,True,2830.0000,2838.5000,False,0.3004
2019-03-25,2019-03-25,2019-03-29,5,0,0,2801.7500,2838.0000,2840.5000,2789.5000,1.2938,True,2801.7500,2803.5000,False,0.0625
2019-04-01,2019-04-01,2019-04-05,5,0,0,2859.0000,2896.2500,2897.2500,2856.0000,1.3029,True,2859.0000,2871.0000,False,0.4197
2019-04-08,2019-04-08,2019-04-12,5,0,0,2891.5000,2912.0000,2914.7500,2877.2500,0.7090,True,2891.5000,2898.7500,False,0.2507
2019-04-15,2019-04-15,2019-04-18,4,0,0,2912.2500,2908.5000,2923.5000,2895.0000,-0.1288,False,2912.2500,2910.0000,False,-0.0773
2019-04-22,2019-04-22,2019-04-26,5,0,0,2900.0000,2941.7500,2942.2500,2899.0000,1.4397,True,2900.0000,2911.5000,False,0.3966
2019-04-29,2019-04-29,2019-05-03,5,0,0,2942.0000,2945.7500,2956.0000,2901.0000,0.1275,True,2942.0000,2945.0000,False,0.1020
2019-05-06,2019-05-06,2019-05-10,5,0,0,2897.5000,2884.0000,2938.2500,2826.0000,-0.4659,True,2897.5000,2934.0000,False,1.2597
2019-05-13,2019-05-13,2019-05-17,5,0,0,2826.7500,2860.7500,2894.0000,2802.0000,1.2028,True,2826.7500,2812.7500,False,-0.4953
2019-05-20,2019-05-20,2019-05-24,5,0,0,2842.0000,2828.0000,2870.7500,2805.7500,-0.4926,True,2842.0000,2841.2500,False,-0.0264
2019-05-27,2019-05-27,2019-05-31,5,1,0,2829.0000,2752.0000,2841.2500,2750.5000,-2.7218,False,2829.0000,2831.7500,True,0.0972
2019-06-03,2019-06-03,2019-06-07,5,0,0,2751.0000,2873.5000,2886.2500,2728.7500,4.4529,True,2751.0000,2743.7500,False,-0.2635
2019-06-10,2019-06-10,2019-06-14,5,0,0,2890.7500,2888.5000,2911.5000,2875.2500,-0.0778,True,2890.7500,2886.7500,False,-0.1384
2019-06-17,2019-06-17,2019-06-21,5,0,0,2895.5000,2955.0000,2969.2500,2892.0000,2.0549,True,2895.5000,2894.7500,False,-0.0259
2019-06-24,2019-06-24,2019-06-28,5,0,0,2956.2500,2943.2500,2960.0000,2917.0000,-0.4397,True,2956.2500,2951.0000,False,-0.1776
2019-07-01,2019-07-01,2019-07-05,5,2,0,2979.2500,2995.0000,3003.7500,2955.5000,0.5287,False,2979.2500,2968.2500,False,-0.3692
2019-07-08,2019-07-08,2019-07-12,5,0,0,2981.5000,3017.0000,3018.0000,2965.7500,1.1907,True,2981.5000,2979.7500,False,-0.0587
2019-07-15,2019-07-15,2019-07-19,5,0,0,3021.5000,2979.7500,3021.5000,2975.7500,-1.3818,True,3021.5000,3018.0000,False,-0.1158
2019-07-22,2019-07-22,2019-07-26,5,0,0,2984.5000,3026.7500,3029.5000,2978.5000,1.4156,True,2984.5000,2987.7500,False,0.1089
2019-07-29,2019-07-29,2019-08-02,5,0,0,3026.0000,2932.0000,3026.2500,2913.5000,-3.1064,True,3026.0000,3021.5000,False,-0.1487
2019-08-05,2019-08-05,2019-08-09,5,0,0,2885.0000,2918.5000,2939.0000,2820.5000,1.1612,True,2885.0000,2844.2500,False,-1.4125
2019-08-12,2019-08-12,2019-08-16,5,0,0,2902.0000,2890.0000,2944.2500,2825.0000,-0.4135,True,2902.0000,2883.5000,False,-0.6375
2019-08-19,2019-08-19,2019-08-23,5,0,0,2923.5000,2847.7500,2939.7500,2834.0000,-2.5911,True,2923.5000,2924.5000,False,0.0342
2019-08-26,2019-08-26,2019-08-30,5,0,0,2872.5000,2923.2500,2941.7500,2851.7500,1.7668,True,2872.5000,2879.5000,False,0.2437
2019-09-02,2019-09-02,2019-09-06,5,1,0,2917.5000,2978.7500,2986.5000,2889.0000,2.0994,False,2917.5000,2898.7500,True,-0.6427
2019-09-09,2019-09-09,2019-09-13,5,0,0,2989.5000,3007.5000,3021.7500,2957.2500,0.6021,True,2989.5000,2979.2500,False,-0.3429
2019-09-16,2019-09-16,2019-09-20,5,0,0,2997.2500,2992.2500,3024.5000,2980.7500,-0.1668,True,2997.2500,3000.2500,False,0.1001
2019-09-23,2019-09-23,2019-09-27,5,0,0,2986.2500,2962.7500,3009.2500,2946.2500,-0.7869,True,2986.2500,2993.5000,False,0.2428
2019-09-30,2019-09-30,2019-10-04,5,0,0,2969.0000,2950.7500,2994.0000,2855.0000,-0.6147,True,2969.0000,2977.7500,False,0.2947
2019-10-07,2019-10-07,2019-10-11,5,0,0,2941.5000,2968.5000,2994.0000,2890.7500,0.9179,True,2941.5000,2937.7500,False,-0.1275
2019-10-14,2019-10-14,2019-10-18,5,0,0,2965.0000,2985.0000,3008.0000,2961.5000,0.6745,True,2965.0000,2965.7500,False,0.0253
2019-10-21,2019-10-21,2019-10-25,5,0,0,2999.5000,3021.0000,3026.5000,2989.7500,0.7168,True,2999.5000,3005.7500,False,0.2084
2019-10-28,2019-10-28,2019-11-01,5,0,0,3033.2500,3064.7500,3065.0000,3020.2500,1.0385,True,3033.2500,3037.7500,False,0.1484
2019-11-04,2019-11-04,2019-11-08,5,0,0,3081.5000,3092.0000,3097.0000,3063.0000,0.3407,True,3081.5000,3076.5000,False,-0.1623
2019-11-11,2019-11-11,2019-11-15,5,0,0,3076.0000,3119.2500,3119.2500,3074.5000,1.4060,True,3076.0000,3085.7500,False,0.3170
2019-11-18,2019-11-18,2019-11-22,5,0,0,3116.0000,3109.7500,3128.0000,3090.7500,-0.2006,True,3116.0000,3121.0000,False,0.1605
2019-11-25,2019-11-25,2019-11-29,5,2,0,3119.5000,3143.7500,3153.7500,3119.2500,0.7774,False,3119.5000,3133.2500,False,0.4408
2019-12-02,2019-12-02,2019-12-06,5,0,0,3144.7500,3146.0000,3151.0000,3069.5000,0.0397,True,3144.7500,3114.5000,False,-0.9619
2019-12-09,2019-12-09,2019-12-13,5,0,0,3142.0000,3169.7500,3184.0000,3125.5000,0.8832,True,3142.0000,3136.5000,False,-0.1750
2019-12-16,2019-12-16,2019-12-20,5,0,0,3192.0000,3224.0000,3229.5000,3191.7500,1.0025,True,3192.0000,3196.0000,False,0.1253
2019-12-23,2019-12-23,2019-12-27,4,1,0,3230.5000,3241.5000,3251.0000,3222.5000,0.3405,False,3230.5000,3226.2500,False,-0.1316
2019-12-30,2019-12-30,2020-01-03,4,0,0,3241.5000,3234.2500,3258.7500,3213.0000,-0.2237,False,3241.5000,3222.5000,False,-0.5861
2020-01-06,2020-01-06,2020-01-10,5,0,0,3214.5000,3265.7500,3283.7500,3213.2500,1.5943,True,3214.5000,3246.5000,False,0.9955
2020-01-13,2020-01-13,2020-01-17,5,0,0,3273.0000,3328.2500,3330.2500,3268.0000,1.6881,True,3273.0000,3288.5000,False,0.4736
2020-01-20,2020-01-20,2020-01-24,5,1,0,3321.0000,3294.5000,3337.5000,3280.5000,-0.7980,False,3321.0000,3325.2500,True,0.1280
2020-01-27,2020-01-27,2020-01-31,5,0,0,3236.7500,3222.5000,3292.7500,3212.7500,-0.4403,True,3236.7500,3241.2500,False,0.1390
2020-02-03,2020-02-03,2020-02-07,5,0,0,3239.2500,3326.7500,3346.5000,3237.7500,2.7012,True,3239.2500,3247.0000,False,0.2393
2020-02-10,2020-02-10,2020-02-14,5,0,0,3316.5000,3379.5000,3384.7500,3316.2500,1.8996,True,3316.5000,3351.5000,False,1.0553
2020-02-17,2020-02-17,2020-02-21,5,1,0,3386.2500,3337.0000,3393.7500,3328.0000,-1.4544,False,3386.2500,3388.0000,True,0.0517
2020-02-24,2020-02-24,2020-02-28,5,0,0,3232.7500,2963.7500,3260.0000,2853.2500,-8.3211,True,3232.7500,3225.5000,False,-0.2243
2020-03-02,2020-03-02,2020-03-06,5,0,0,2980.5000,2970.5000,3137.0000,2898.0000,-0.3355,True,2980.5000,3089.5000,False,3.6571
2020-03-09,2020-03-09,2020-03-13,5,0,0,2762.0000,2703.7500,2882.0000,2465.0000,-2.1090,True,2762.0000,2735.7500,False,-0.9504
2020-03-16,2020-03-16,2020-03-20,5,0,0,2513.5000,2284.2500,2562.5000,2262.0000,-9.1207,True,2513.5000,2387.0000,False,-5.0328
2020-03-23,2020-03-23,2020-03-27,5,0,0,2279.5000,2532.0000,2625.7500,2179.5000,11.0770,True,2279.5000,2216.7500,False,-2.7528
2020-03-30,2020-03-30,2020-04-03,5,0,0,2552.7500,2479.5000,2629.5000,2434.2500,-2.8695,True,2552.7500,2614.0000,False,2.3994
2020-04-06,2020-04-06,2020-04-09,4,0,0,2575.2500,2780.0000,2809.5000,2564.0000,7.9507,False,2575.2500,2646.7500,False,2.7764
2020-04-13,2020-04-13,2020-04-17,5,0,0,2768.7500,2864.5000,2871.0000,2711.0000,3.4582,True,2768.7500,2753.0000,False,-0.5688
2020-04-20,2020-04-20,2020-04-24,5,0,0,2822.7500,2828.0000,2860.7500,2717.2500,0.1860,True,2822.7500,2813.2500,False,-0.3366
2020-04-27,2020-04-27,2020-05-01,5,0,0,2849.0000,2824.2500,2947.2500,2811.7500,-0.8687,True,2849.0000,2869.2500,False,0.7108
2020-05-04,2020-05-04,2020-05-08,5,0,0,2804.2500,2921.5000,2926.0000,2788.5000,4.1812,True,2804.2500,2833.0000,False,1.0252
2020-05-11,2020-05-11,2020-05-15,5,0,0,2900.2500,2859.0000,2939.2500,2760.2500,-1.4223,True,2900.2500,2922.2500,False,0.7586
2020-05-18,2020-05-18,2020-05-22,5,0,0,2927.0000,2950.2500,2975.7500,2915.7500,0.7943,True,2927.0000,2946.2500,False,0.6577
2020-05-25,2020-05-25,2020-05-29,5,1,0,2985.7500,3038.2500,3065.5000,2965.5000,1.7584,False,2985.7500,2989.5000,True,0.1256
2020-06-01,2020-06-01,2020-06-05,5,0,0,3032.7500,3189.5000,3210.5000,3027.0000,5.1686,True,3032.7500,3052.7500,False,0.6595
2020-06-08,2020-06-08,2020-06-12,5,0,0,3199.7500,3039.0000,3231.2500,2982.0000,-5.0238,True,3199.7500,3229.7500,False,0.9376
2020-06-15,2020-06-15,2020-06-19,5,0,0,2976.7500,3084.5000,3153.5000,2963.5000,3.6197,True,2976.7500,3066.7500,False,3.0234
2020-06-22,2020-06-22,2020-06-26,5,0,0,3079.0000,2999.7500,3145.0000,2992.5000,-2.5739,True,3079.0000,3106.0000,False,0.8769
2020-06-29,2020-06-29,2020-07-03,5,1,0,3013.2500,3115.5000,3156.5000,2988.5000,3.3933,False,3013.2500,3043.5000,False,1.0039
2020-07-06,2020-07-06,2020-07-10,5,0,0,3163.5000,3175.2500,3177.7500,3105.2500,0.3714,True,3163.5000,3169.2500,False,0.1818
2020-07-13,2020-07-13,2020-07-17,5,0,0,3200.5000,3216.5000,3229.7500,3119.0000,0.4999,True,3200.5000,3148.0000,False,-1.6404
2020-07-20,2020-07-20,2020-07-24,5,0,0,3213.7500,3208.0000,3271.7500,3191.5000,-0.1789,True,3213.7500,3242.7500,False,0.9024
2020-07-27,2020-07-27,2020-07-31,5,0,0,3216.0000,3265.0000,3265.2500,3195.0000,1.5236,True,3216.0000,3231.0000,False,0.4664
2020-08-03,2020-08-03,2020-08-07,5,0,0,3283.0000,3344.7500,3346.7500,3276.5000,1.8809,True,3283.0000,3286.7500,False,0.1142
2020-08-10,2020-08-10,2020-08-14,5,0,0,3350.0000,3367.7500,3382.5000,3319.5000,0.5299,True,3350.0000,3355.0000,False,0.1493
2020-08-17,2020-08-17,2020-08-21,5,0,0,3378.7500,3393.7500,3396.2500,3351.2500,0.4440,True,3378.7500,3378.2500,False,-0.0148
2020-08-24,2020-08-24,2020-08-28,5,0,0,3420.5000,3505.0000,3506.7500,3409.5000,2.4704,True,3420.5000,3428.5000,False,0.2339
2020-08-31,2020-08-31,2020-09-04,5,0,0,3502.7500,3425.5000,3587.0000,3347.7500,-2.2054,True,3502.7500,3492.5000,False,-0.2926
2020-09-07,2020-09-07,2020-09-11,5,1,0,3419.5000,3339.7500,3438.5000,3308.7500,-2.3322,False,3419.5000,3433.0000,True,0.3948
2020-09-14,2020-09-14,2020-09-18,5,0,0,3363.5000,3307.7500,3419.5000,3280.7500,-1.6575,True,3363.5000,3373.0000,False,0.2824
2020-09-21,2020-09-21,2020-09-25,5,0,0,3258.0000,3287.5000,3312.5000,3198.0000,0.9055,True,3258.0000,3270.5000,False,0.3837
2020-09-28,2020-09-28,2020-10-02,5,0,0,3333.0000,3338.5000,3387.5000,3311.5000,0.1650,True,3333.0000,3343.0000,False,0.3000
2020-10-05,2020-10-05,2020-10-09,5,0,0,3360.5000,3468.7500,3474.0000,3343.7500,3.2212,True,3360.5000,3397.5000,False,1.1010
2020-10-12,2020-10-12,2020-10-16,5,0,0,3496.7500,3473.5000,3541.0000,3431.5000,-0.6649,True,3496.7500,3525.0000,False,0.8079
2020-10-19,2020-10-19,2020-10-23,5,0,0,3487.2500,3458.2500,3493.7500,3406.7500,-0.8316,True,3487.2500,3421.0000,False,-1.8998
2020-10-26,2020-10-26,2020-10-30,5,0,0,3421.7500,3265.2500,3430.0000,3225.0000,-4.5737,True,3421.7500,3394.5000,False,-0.7964
2020-11-02,2020-11-02,2020-11-06,5,0,0,3302.0000,3501.7500,3522.5000,3272.0000,6.0494,True,3302.0000,3301.7500,False,-0.0076
2020-11-09,2020-11-09,2020-11-13,5,0,0,3640.5000,3581.7500,3645.2500,3506.5000,-1.6138,True,3640.5000,3546.5000,False,-2.5821
2020-11-16,2020-11-16,2020-11-20,5,0,0,3611.0000,3553.5000,3626.5000,3542.2500,-1.5924,True,3611.0000,3626.2500,False,0.4223
2020-11-23,2020-11-23,2020-11-27,5,2,0,3573.0000,3637.0000,3642.7500,3548.7500,1.7912,False,3573.0000,3575.5000,False,0.0700
2020-11-30,2020-11-30,2020-12-04,5,0,0,3628.5000,3698.7500,3699.0000,3592.2500,1.9361,True,3628.5000,3620.7500,False,-0.2136
2020-12-07,2020-12-07,2020-12-11,5,0,0,3690.5000,3662.5000,3710.5000,3632.2500,-0.7587,True,3690.5000,3691.2500,False,0.0203
2020-12-14,2020-12-14,2020-12-18,5,0,0,3678.7500,3700.2500,3718.5000,3637.5000,0.5844,True,3678.7500,3638.7500,False,-1.0873
2020-12-21,2020-12-21,2020-12-24,4,1,0,3655.7500,3692.7500,3701.7500,3625.0000,1.0121,False,3655.7500,3685.5000,False,0.8138
2020-12-28,2020-12-28,2020-12-31,4,0,0,3722.7500,3744.2500,3753.0000,3714.5000,0.5775,False,3722.7500,3727.7500,False,0.1343
2021-01-04,2021-01-04,2021-01-08,5,0,0,3758.5000,3817.0000,3819.2500,3652.5000,1.5565,True,3758.5000,3693.5000,False,-1.7294
2021-01-11,2021-01-11,2021-01-15,5,0,0,3782.7500,3761.7500,3816.0000,3741.5000,-0.5552,True,3782.7500,3792.2500,False,0.2511
2021-01-18,2021-01-18,2021-01-22,5,1,0,3762.0000,3832.7500,3853.7500,3760.2500,1.8806,False,3762.0000,3768.5000,True,0.1728
2021-01-25,2021-01-25,2021-01-29,5,0,0,3841.0000,3705.0000,3862.2500,3685.5000,-3.5407,True,3841.0000,3848.5000,False,0.1953
2021-02-01,2021-02-01,2021-02-05,5,0,0,3740.7500,3880.2500,3888.2500,3717.2500,3.7292,True,3740.7500,3764.7500,False,0.6416
2021-02-08,2021-02-08,2021-02-12,5,0,0,3896.0000,3930.7500,3932.7500,3878.2500,0.8919,True,3896.0000,3909.0000,False,0.3337
2021-02-15,2021-02-15,2021-02-19,5,1,0,3947.7500,3903.5000,3952.0000,3880.5000,-1.1209,False,3947.7500,3950.5000,True,0.0697
2021-02-22,2021-02-22,2021-02-26,5,0,0,3873.2500,3805.5000,3925.7500,3785.0000,-1.7492,True,3873.2500,3874.5000,False,0.0323
2021-03-01,2021-03-01,2021-03-05,5,0,0,3858.7500,3838.0000,3912.0000,3720.5000,-0.5377,True,3858.7500,3897.7500,False,1.0107
2021-03-08,2021-03-08,2021-03-12,5,0,0,3848.7500,3943.0000,3958.5000,3816.2500,2.4488,True,3848.7500,3819.7500,False,-0.7535
2021-03-15,2021-03-15,2021-03-19,5,0,0,3936.0000,3898.0000,3973.5000,3875.0000,-0.9654,True,3936.0000,3957.5000,False,0.5462
2021-03-22,2021-03-22,2021-03-26,5,0,0,3904.0000,3963.0000,3968.0000,3843.2500,1.5113,True,3904.0000,3929.5000,False,0.6532
2021-03-29,2021-03-29,2021-04-01,4,0,0,3947.7500,4009.5000,4011.0000,3931.7500,1.5642,False,3947.7500,3961.7500,False,0.3546
2021-04-05,2021-04-05,2021-04-09,5,0,0,4038.2500,4119.2500,4121.5000,4037.5000,2.0058,True,4038.2500,4067.0000,False,0.7119
2021-04-12,2021-04-12,2021-04-16,5,0,0,4112.7500,4177.2500,4183.5000,4106.0000,1.5683,True,4112.7500,4121.0000,False,0.2006
2021-04-19,2021-04-19,2021-04-23,5,0,0,4166.7500,4170.7500,4186.7500,4110.5000,0.0960,True,4166.7500,4157.2500,False,-0.2280
2021-04-26,2021-04-26,2021-04-30,5,0,0,4178.2500,4177.2500,4211.0000,4166.7500,-0.0239,True,4178.2500,4180.2500,False,0.0479
2021-05-03,2021-05-03,2021-05-07,5,0,0,4198.2500,4224.5000,4232.2500,4120.5000,0.6253,True,4198.2500,4186.2500,False,-0.2858
2021-05-10,2021-05-10,2021-05-14,5,0,0,4228.5000,4169.0000,4231.0000,4051.0000,-1.4071,True,4228.5000,4183.7500,False,-1.0583
2021-05-17,2021-05-17,2021-05-21,5,0,0,4156.7500,4152.5000,4185.0000,4055.5000,-0.1022,True,4156.7500,4158.5000,False,0.0421
2021-05-24,2021-05-24,2021-05-28,5,0,0,4176.2500,4203.5000,4215.5000,4173.5000,0.6525,True,4176.2500,4194.5000,False,0.4370
2021-05-31,2021-05-31,2021-06-04,5,1,0,4198.2500,4228.2500,4232.0000,4165.2500,0.7146,False,4198.2500,4191.2500,True,-0.1667
2021-06-07,2021-06-07,2021-06-11,5,0,0,4228.5000,4245.5000,4249.0000,4205.7500,0.4020,True,4228.5000,4225.2500,False,-0.0769
2021-06-14,2021-06-14,2021-06-18,5,0,0,4237.7500,4154.7500,4248.2500,4151.7500,-1.9586,True,4237.7500,4247.2500,False,0.2242
2021-06-21,2021-06-21,2021-06-25,5,0,0,4173.5000,4270.7500,4276.7500,4164.7500,2.3302,True,4173.5000,4214.0000,False,0.9704
2021-06-28,2021-06-28,2021-07-02,5,0,0,4277.2500,4343.0000,4347.0000,4264.2500,1.5372,True,4277.2500,4280.2500,False,0.0701
2021-07-05,2021-07-05,2021-07-09,5,1,0,4343.2500,4360.2500,4364.0000,4280.2500,0.3914,False,4343.2500,4341.5000,True,-0.0403
2021-07-12,2021-07-12,2021-07-16,5,0,0,4359.2500,4319.0000,4384.5000,4314.2500,-0.9233,True,4359.2500,4376.2500,False,0.3900
2021-07-19,2021-07-19,2021-07-23,5,0,0,4266.7500,4403.7500,4408.2500,4224.0000,3.2109,True,4266.7500,4255.0000,False,-0.2754
2021-07-26,2021-07-26,2021-07-30,5,0,0,4398.0000,4390.0000,4422.5000,4364.7500,-0.1819,True,4398.0000,4414.5000,False,0.3752
2021-08-02,2021-08-02,2021-08-06,5,0,0,4408.0000,4429.2500,4433.2500,4365.2500,0.4821,True,4408.0000,4380.0000,False,-0.6352
2021-08-09,2021-08-09,2021-08-13,5,0,0,4428.5000,4462.7500,4463.2500,4416.7500,0.7734,True,4428.5000,4425.5000,False,-0.0677
2021-08-16,2021-08-16,2021-08-20,5,0,0,4449.2500,4436.5000,4474.7500,4364.5000,-0.2866,True,4449.2500,4473.7500,False,0.5507
2021-08-23,2021-08-23,2021-08-27,5,0,0,4455.0000,4505.0000,4510.0000,4454.2500,1.1223,True,4455.0000,4476.0000,False,0.4714
2021-08-30,2021-08-30,2021-09-03,5,0,0,4513.2500,4534.5000,4544.0000,4510.5000,0.4708,True,4513.2500,4525.7500,False,0.2770
2021-09-06,2021-09-06,2021-09-10,5,1,0,4543.5000,4458.7500,4548.0000,4456.5000,-1.8653,False,4543.5000,4544.5000,True,0.0220
2021-09-13,2021-09-13,2021-09-17,5,0,0,4480.5000,4420.0000,4483.5000,4416.2500,-1.3503,True,4480.5000,4459.5000,False,-0.4687
2021-09-20,2021-09-20,2021-09-24,5,0,0,4354.2500,4445.5000,4455.0000,4293.7500,2.0957,True,4354.2500,4346.5000,False,-0.1780
2021-09-27,2021-09-27,2021-10-01,5,0,0,4433.5000,4347.0000,4446.5000,4277.0000,-1.9511,True,4433.5000,4433.2500,False,-0.0056
2021-10-04,2021-10-04,2021-10-08,5,0,0,4334.7500,4383.0000,4421.5000,4267.5000,1.1131,True,4334.7500,4292.0000,False,-0.9862
2021-10-11,2021-10-11,2021-10-15,5,0,0,4376.0000,4463.2500,4467.5000,4318.7500,1.9938,True,4376.0000,4350.7500,False,-0.5770
2021-10-18,2021-10-18,2021-10-22,5,0,0,4443.7500,4536.2500,4551.5000,4436.7500,2.0816,True,4443.7500,4476.7500,False,0.7426
2021-10-25,2021-10-25,2021-10-29,5,0,0,4547.7500,4597.2500,4601.0000,4528.7500,1.0885,True,4547.7500,4560.2500,False,0.2749
2021-11-01,2021-11-01,2021-11-05,5,0,0,4608.0000,4690.0000,4711.7500,4586.5000,1.7795,True,4608.0000,4606.0000,False,-0.0434
2021-11-08,2021-11-08,2021-11-12,5,0,0,4701.7500,4677.2500,4707.0000,4625.2500,-0.5211,True,4701.7500,4694.2500,False,-0.1595
2021-11-15,2021-11-15,2021-11-19,5,0,0,4691.5000,4693.7500,4714.2500,4667.0000,0.0480,True,4691.5000,4679.0000,False,-0.2664
2021-11-22,2021-11-22,2021-11-26,5,2,0,4712.5000,4579.0000,4740.5000,4577.2500,-2.8329,False,4712.5000,4680.0000,False,-0.6897
2021-11-29,2021-11-29,2021-12-03,5,0,0,4645.0000,4537.2500,4669.7500,4492.0000,-2.3197,True,4645.0000,4650.5000,False,0.1184
2021-12-06,2021-12-06,2021-12-10,5,0,0,4564.7500,4710.7500,4712.5000,4539.2500,3.1984,True,4564.7500,4591.2500,False,0.5805
2021-12-13,2021-12-13,2021-12-17,5,0,0,4698.0000,4608.5000,4723.2500,4590.0000,-1.9051,True,4698.0000,4661.0000,False,-0.7876
2021-12-20,2021-12-20,2021-12-23,4,0,0,4552.7500,4715.0000,4731.2500,4520.2500,3.5638,False,4552.7500,4559.0000,False,0.1373
2021-12-27,2021-12-27,2021-12-31,5,0,0,4729.7500,4759.5000,4799.7500,4729.5000,0.6290,True,4729.7500,4782.7500,False,1.1206
2022-01-03,2022-01-03,2022-01-07,5,0,0,4773.0000,4668.7500,4808.2500,4653.7500,-2.1842,True,4773.0000,4786.5000,False,0.2828
2022-01-10,2022-01-10,2022-01-14,5,0,0,4633.7500,4653.7500,4739.5000,4572.7500,0.4316,True,4633.7500,4662.2500,False,0.6151
2022-01-17,2022-01-17,2022-01-21,5,1,0,4655.2500,4385.5000,4660.5000,4385.2500,-5.7945,False,4655.2500,4654.5000,True,-0.0161
2022-01-24,2022-01-24,2022-01-28,5,0,0,4326.2500,4424.0000,4446.2500,4212.7500,2.2595,True,4326.2500,4404.7500,False,1.8145
2022-01-31,2022-01-31,2022-02-04,5,0,0,4417.0000,4491.2500,4586.0000,4402.7500,1.6810,True,4417.0000,4501.7500,False,1.9187
2022-02-07,2022-02-07,2022-02-11,5,0,0,4499.5000,4408.2500,4582.5000,4393.2500,-2.0280,True,4499.5000,4476.7500,False,-0.5056
2022-02-14,2022-02-14,2022-02-18,5,0,0,4403.0000,4346.0000,4484.5000,4321.0000,-1.2946,True,4403.0000,4394.7500,False,-0.1874
2022-02-21,2022-02-21,2022-02-25,5,1,0,4323.0000,4380.0000,4381.7500,4108.7500,1.3185,False,4323.0000,4289.5000,True,-0.7749
2022-02-28,2022-02-28,2022-03-04,5,0,0,4323.5000,4325.5000,4414.0000,4275.0000,0.0463,True,4323.5000,4369.5000,False,1.0640
2022-03-07,2022-03-07,2022-03-11,5,0,0,4318.5000,4203.5000,4321.2500,4153.2500,-2.6630,True,4318.5000,4198.0000,False,-2.7903
2022-03-14,2022-03-14,2022-03-18,5,0,0,4203.0000,4452.7500,4457.0000,4152.2500,5.9422,True,4203.0000,4165.0000,False,-0.9041
2022-03-21,2022-03-21,2022-03-25,5,0,0,4451.5000,4536.0000,4539.0000,4415.0000,1.8982,True,4451.5000,4453.0000,False,0.0337
2022-03-28,2022-03-28,2022-04-01,5,0,0,4529.5000,4538.0000,4631.0000,4501.2500,0.1877,True,4529.5000,4569.0000,False,0.8721
2022-04-04,2022-04-04,2022-04-08,5,0,0,4541.2500,4487.0000,4588.7500,4444.5000,-1.1946,True,4541.2500,4577.7500,False,0.8037
2022-04-11,2022-04-11,2022-04-14,4,0,0,4450.5000,4387.2500,4466.7500,4375.5000,-1.4212,False,4450.5000,4409.2500,False,-0.9269
2022-04-18,2022-04-18,2022-04-22,5,0,0,4376.2500,4269.2500,4509.0000,4262.2500,-2.4450,True,4376.2500,4389.0000,False,0.2913
2022-04-25,2022-04-25,2022-04-29,5,0,0,4244.0000,4127.7500,4303.5000,4118.7500,-2.7392,True,4244.0000,4293.0000,False,1.1546
2022-05-02,2022-05-02,2022-05-06,5,0,0,4127.0000,4119.0000,4303.0000,4056.0000,-0.1938,True,4127.0000,4151.5000,False,0.5937
2022-05-09,2022-05-09,2022-05-13,5,0,0,4055.5000,4020.2500,4069.0000,3855.0000,-0.8692,True,4055.5000,3987.2500,False,-1.6829
2022-05-16,2022-05-16,2022-05-20,5,0,0,4003.2500,3898.2500,4089.7500,3807.5000,-2.6229,True,4003.2500,4006.5000,False,0.0812
2022-05-23,2022-05-23,2022-05-27,5,0,0,3931.0000,4156.2500,4157.2500,3872.0000,5.7301,True,3931.0000,3972.0000,False,1.0430
2022-05-30,2022-05-30,2022-06-03,5,1,0,4169.2500,4108.0000,4187.0000,4071.5000,-1.4691,False,4169.2500,4177.5000,True,0.1979
2022-06-06,2022-06-06,2022-06-10,5,0,0,4149.7500,3898.0000,4168.2500,3897.0000,-6.0666,True,4149.7500,4119.2500,False,-0.7350
2022-06-13,2022-06-13,2022-06-17,5,0,0,3797.5000,3675.2500,3843.0000,3639.0000,-3.2192,True,3797.5000,3750.2500,False,-1.2442
2022-06-20,2022-06-20,2022-06-24,5,1,0,3703.0000,3919.0000,3919.5000,3697.2500,5.8331,False,3703.0000,3716.0000,True,0.3511
2022-06-27,2022-06-27,2022-07-01,5,0,0,3928.7500,3828.0000,3950.0000,3741.2500,-2.5644,True,3928.7500,3905.5000,False,-0.5918
2022-07-04,2022-07-04,2022-07-08,5,1,0,3818.7500,3902.0000,3922.0000,3744.0000,2.1800,False,3818.7500,3813.5000,True,-0.1375
2022-07-11,2022-07-11,2022-07-15,5,0,0,3873.2500,3865.5000,3884.0000,3723.7500,-0.2001,True,3873.2500,3857.7500,False,-0.4002
2022-07-18,2022-07-18,2022-07-22,5,0,0,3898.0000,3965.5000,4016.2500,3820.2500,1.7317,True,3898.0000,3834.0000,False,-1.6419
2022-07-25,2022-07-25,2022-07-29,5,0,0,3971.2500,4133.7500,4144.0000,3913.2500,4.0919,True,3971.2500,3970.0000,False,-0.0315
2022-08-01,2022-08-01,2022-08-05,5,0,0,4105.0000,4146.0000,4170.0000,4080.5000,0.9988,True,4105.0000,4119.7500,False,0.3593
2022-08-08,2022-08-08,2022-08-12,5,0,0,4164.2500,4281.0000,4282.7500,4113.0000,2.8036,True,4164.2500,4141.5000,False,-0.5463
2022-08-15,2022-08-15,2022-08-19,5,0,0,4258.2500,4230.0000,4327.5000,4220.7500,-0.6634,True,4258.2500,4299.0000,False,0.9570
2022-08-22,2022-08-22,2022-08-26,5,0,0,4178.7500,4059.0000,4206.2500,4058.2500,-2.8657,True,4178.7500,4142.7500,False,-0.8615
2022-08-29,2022-08-29,2022-09-02,5,0,0,4028.0000,3925.5000,4064.0000,3903.5000,-2.5447,True,4028.0000,4032.0000,False,0.0993
2022-09-05,2022-09-05,2022-09-09,5,1,0,3931.7500,4066.7500,4077.2500,3886.7500,3.4336,False,3931.7500,3936.2500,True,0.1145
2022-09-12,2022-09-12,2022-09-16,5,0,0,4089.5000,3888.7500,4119.7500,3853.0000,-4.9089,True,4089.5000,4111.2500,False,0.5318
2022-09-19,2022-09-19,2022-09-23,5,0,0,3854.0000,3707.5000,3925.2500,3660.2500,-3.8012,True,3854.0000,3918.7500,False,1.6801
2022-09-26,2022-09-26,2022-09-30,5,0,0,3692.0000,3597.2500,3751.2500,3596.5000,-2.5664,True,3692.0000,3671.0000,False,-0.5688
2022-10-03,2022-10-03,2022-10-07,5,0,0,3635.7500,3651.2500,3820.0000,3617.0000,0.4263,True,3635.7500,3691.2500,False,1.5265
2022-10-10,2022-10-10,2022-10-14,5,0,0,3663.0000,3599.2500,3725.2500,3502.0000,-1.7404,True,3663.0000,3623.5000,False,-1.0784
2022-10-17,2022-10-17,2022-10-21,5,0,0,3662.2500,3763.7500,3777.2500,3655.5000,2.7715,True,3662.2500,3690.0000,False,0.7577
2022-10-24,2022-10-24,2022-10-28,5,0,0,3779.5000,3910.7500,3916.5000,3751.7500,3.4727,True,3779.5000,3809.5000,False,0.7938
2022-10-31,2022-10-31,2022-11-04,5,0,0,3884.2500,3780.2500,3924.2500,3704.2500,-2.6775,True,3884.2500,3882.7500,False,-0.0386
2022-11-07,2022-11-07,2022-11-11,5,0,0,3793.0000,4000.7500,4009.7500,3750.0000,5.4772,True,3793.0000,3816.0000,False,0.6064
2022-11-14,2022-11-14,2022-11-18,5,0,0,3981.7500,3973.2500,4038.7500,3913.7500,-0.2135,True,3981.7500,3967.5000,False,-0.3579
2022-11-21,2022-11-21,2022-11-25,5,2,0,3958.5000,4034.2500,4047.5000,3937.5000,1.9136,False,3958.5000,3958.0000,False,-0.0126
2022-11-28,2022-11-28,2022-12-02,5,0,0,4000.5000,4075.2500,4110.0000,3941.2500,1.8685,True,4000.5000,3968.5000,False,-0.7999
2022-12-05,2022-12-05,2022-12-09,5,0,0,4045.7500,3936.2500,4055.5000,3921.5000,-2.7065,True,4045.7500,4002.0000,False,-1.0814
2022-12-12,2022-12-12,2022-12-16,5,0,0,3944.5000,3877.7500,4107.2500,3855.2500,-1.6922,True,3944.5000,3992.5000,False,1.2169
2022-12-19,2022-12-19,2022-12-23,5,0,0,3880.0000,3871.2500,3918.7500,3788.5000,-0.2255,True,3880.0000,3844.2500,False,-0.9214
2022-12-26,2022-12-27,2022-12-30,4,0,0,3869.7500,3861.2500,3882.7500,3804.5000,-0.2197,False,,,,
2023-01-02,2023-01-03,2023-01-06,4,0,0,3881.0000,3916.2500,3928.7500,3814.5000,0.9083,False,,,,
2023-01-09,2023-01-09,2023-01-13,5,0,0,3939.5000,4017.7500,4024.2500,3897.2500,1.9863,True,3939.5000,3913.7500,False,-0.6536
2023-01-16,2023-01-16,2023-01-20,5,1,0,4014.7500,3987.7500,4035.2500,3901.7500,-0.6725,False,4014.7500,4009.7500,True,-0.1245
2023-01-23,2023-01-23,2023-01-27,5,0,0,3996.5000,4084.0000,4109.2500,3963.2500,2.1894,True,3996.5000,4035.5000,False,0.9759
2023-01-30,2023-01-30,2023-02-03,5,0,0,4054.5000,4147.7500,4208.5000,4029.5000,2.2999,True,4054.5000,4033.2500,False,-0.5241
2023-02-06,2023-02-06,2023-02-10,5,0,0,4121.2500,4100.0000,4188.2500,4069.7500,-0.5156,True,4121.2500,4122.7500,False,0.0364
2023-02-13,2023-02-13,2023-02-17,5,0,0,4107.0000,4088.2500,4170.0000,4055.7500,-0.4565,True,4107.0000,4148.2500,False,1.0044
2023-02-20,2023-02-20,2023-02-24,5,1,0,4081.2500,3975.7500,4081.7500,3947.5000,-2.5850,False,4081.2500,4075.7500,True,-0.1348
2023-02-27,2023-02-27,2023-03-03,5,0,0,4010.2500,4049.2500,4053.0000,3931.0000,0.9725,True,4010.2500,3988.2500,False,-0.5486
2023-03-06,2023-03-06,2023-03-10,5,0,0,4057.7500,3862.5000,4082.5000,3846.2500,-4.8118,True,4057.7500,4052.2500,False,-0.1355
2023-03-13,2023-03-13,2023-03-17,5,0,0,3821.2500,3948.0000,3999.0000,3810.0000,3.3170,True,3821.2500,3857.0000,False,0.9356
2023-03-20,2023-03-20,2023-03-24,5,0,0,3954.5000,4002.5000,4073.7500,3937.5000,1.2138,True,3954.5000,3984.5000,False,0.7586
2023-03-27,2023-03-27,2023-03-31,5,0,0,4026.0000,4138.0000,4141.2500,3980.7500,2.7819,True,4026.0000,4010.2500,False,-0.3912
2023-04-03,2023-04-03,2023-04-06,4,0,0,4132.5000,4132.5000,4163.2500,4096.5000,0.0000,False,4132.5000,4153.5000,False,0.5082
2023-04-10,2023-04-10,2023-04-14,5,0,0,4105.7500,4163.2500,4189.0000,4098.7500,1.4005,True,4105.7500,4137.5000,False,0.7733
2023-04-17,2023-04-17,2023-04-21,5,0,0,4161.0000,4156.0000,4194.7500,4135.2500,-0.1202,True,4161.0000,4177.2500,False,0.3905
2023-04-24,2023-04-24,2023-04-28,5,0,0,4153.5000,4189.5000,4190.0000,4068.7500,0.8667,True,4153.5000,4160.5000,False,0.1685
2023-05-01,2023-05-01,2023-05-05,5,0,0,4184.2500,4151.7500,4206.2500,4062.2500,-0.7767,True,4184.2500,4184.7500,False,0.0119
2023-05-08,2023-05-08,2023-05-12,5,0,0,4154.7500,4138.0000,4169.5000,4111.7500,-0.4032,True,4154.7500,4153.2500,False,-0.0361
2023-05-15,2023-05-15,2023-05-19,5,0,0,4143.0000,4204.5000,4225.7500,4122.5000,1.4844,True,4143.0000,4151.5000,False,0.2052
2023-05-22,2023-05-22,2023-05-26,5,0,0,4204.5000,4213.5000,4221.7500,4114.0000,0.2141,True,4204.5000,4205.7500,False,0.0297
2023-05-29,2023-05-29,2023-06-02,5,1,0,4221.5000,4289.2500,4297.7500,4174.0000,1.6049,False,4221.5000,4224.7500,True,0.0770
2023-06-05,2023-06-05,2023-06-09,5,0,0,4292.0000,4305.0000,4325.5000,4264.5000,0.3029,True,4292.0000,4280.5000,False,-0.2679
2023-06-12,2023-06-12,2023-06-16,5,0,0,4314.5000,4455.7500,4493.5000,4307.0000,3.2738,True,4314.5000,4343.5000,False,0.6722
2023-06-19,2023-06-19,2023-06-23,5,1,0,4448.2500,4390.2500,4449.0000,4381.5000,-1.3039,False,4448.2500,4448.2500,True,0.0000
2023-06-26,2023-06-26,2023-06-30,5,0,0,4383.0000,4486.2500,4498.0000,4368.5000,2.3557,True,4383.0000,4371.2500,False,-0.2681
2023-07-03,2023-07-03,2023-07-07,5,2,0,4482.7500,4434.7500,4494.0000,4419.5000,-1.0708,False,4482.7500,4492.0000,True,0.2063
2023-07-10,2023-07-10,2023-07-14,5,0,0,4430.0000,4539.2500,4560.5000,4424.0000,2.4661,True,4430.0000,4445.5000,False,0.3499
2023-07-17,2023-07-17,2023-07-21,5,0,0,4536.7500,4563.7500,4609.2500,4536.2500,0.5951,True,4536.7500,4554.5000,False,0.3912
2023-07-24,2023-07-24,2023-07-28,5,0,0,4575.2500,4606.7500,4633.5000,4553.7500,0.6885,True,4575.2500,4584.2500,False,0.1967
2023-07-31,2023-07-31,2023-08-04,5,0,0,4611.5000,4499.2500,4619.2500,4493.7500,-2.4341,True,4611.5000,4616.0000,False,0.0976
2023-08-07,2023-08-07,2023-08-11,5,0,0,4518.2500,4482.0000,4544.7500,4459.0000,-0.8023,True,4518.2500,4538.2500,False,0.4426
2023-08-14,2023-08-14,2023-08-18,5,0,0,4472.5000,4384.7500,4507.0000,4350.0000,-1.9620,True,4472.5000,4506.7500,False,0.7658
2023-08-21,2023-08-21,2023-08-25,5,0,0,4395.0000,4415.0000,4468.7500,4365.2500,0.4551,True,4395.0000,4412.7500,False,0.4039
2023-08-28,2023-08-28,2023-09-01,5,0,0,4437.7500,4522.7500,4547.5000,4423.2500,1.9154,True,4437.7500,4441.7500,False,0.0901
2023-09-04,2023-09-04,2023-09-08,5,1,0,4526.5000,4461.5000,4528.2500,4434.2500,-1.4360,False,4526.5000,4518.7500,True,-0.1712
2023-09-11,2023-09-11,2023-09-15,5,0,0,4488.2500,4497.7500,4562.0000,4458.7500,0.2117,True,4488.2500,4490.5000,False,0.0501
2023-09-18,2023-09-18,2023-09-22,5,0,0,4494.5000,4361.5000,4514.5000,4357.2500,-2.9592,True,4494.5000,4501.0000,False,0.1446
2023-09-25,2023-09-25,2023-09-29,5,0,0,4348.2500,4326.2500,4380.2500,4277.0000,-0.5060,True,4348.2500,4379.5000,False,0.7187
2023-10-02,2023-10-02,2023-10-06,5,0,0,4317.2500,4342.0000,4358.5000,4251.2500,0.5733,True,4317.2500,4324.7500,False,0.1737
2023-10-09,2023-10-09,2023-10-13,5,0,0,4321.7500,4358.0000,4419.0000,4316.0000,0.8388,True,4321.7500,4370.0000,False,1.1164
2023-10-16,2023-10-16,2023-10-20,5,0,0,4380.2500,4248.5000,4423.2500,4247.2500,-3.0078,True,4380.2500,4402.5000,False,0.5080
2023-10-23,2023-10-23,2023-10-27,5,0,0,4231.2500,4138.0000,4283.5000,4122.2500,-2.2038,True,4231.2500,4240.5000,False,0.2186
2023-10-30,2023-10-30,2023-11-03,5,0,0,4165.7500,4375.0000,4391.7500,4152.0000,5.0231,True,4165.7500,4186.0000,False,0.4861
2023-11-06,2023-11-06,2023-11-10,5,0,0,4382.5000,4430.2500,4433.5000,4357.7500,1.0896,True,4382.5000,4384.5000,False,0.0456
2023-11-13,2023-11-13,2023-11-17,5,0,0,4415.5000,4528.2500,4536.7500,4407.2500,2.5535,True,4415.5000,4425.5000,False,0.2265
2023-11-20,2023-11-20,2023-11-24,5,2,0,4524.5000,4568.2500,4580.5000,4524.5000,0.9670,False,4524.5000,4562.2500,False,0.8343
2023-11-27,2023-11-27,2023-12-01,5,0,0,4561.2500,4601.2500,4607.7500,4544.7500,0.8770,True,4561.2500,4560.2500,False,-0.0219
2023-12-04,2023-12-04,2023-12-08,5,0,0,4566.0000,4607.7500,4613.7500,4552.0000,0.9144,True,4566.0000,4576.7500,False,0.2354
2023-12-11,2023-12-11,2023-12-15,5,0,0,4602.2500,4766.7500,4791.7500,4599.7500,3.5743,True,4602.2500,4625.0000,False,0.4943
2023-12-18,2023-12-18,2023-12-22,5,0,0,4782.0000,4805.2500,4830.7500,4748.0000,0.4862,True,4782.0000,4792.7500,False,0.2248
2023-12-25,2023-12-26,2023-12-29,4,0,0,4808.7500,4818.7500,4839.7500,4796.7500,0.2080,False,,,,
2024-01-01,2024-01-02,2024-01-05,4,0,0,4783.5000,4735.5000,4797.5000,4719.7500,-1.0034,False,,,,
2024-01-08,2024-01-08,2024-01-12,5,0,0,4739.2500,4816.7500,4836.5000,4738.0000,1.6353,True,4739.2500,4801.5000,False,1.3135
2024-01-15,2024-01-15,2024-01-19,5,1,0,4811.5000,4870.7500,4874.2500,4746.2500,1.2314,False,4811.5000,4813.5000,True,0.0416
2024-01-22,2024-01-22,2024-01-26,5,0,0,4885.7500,4917.0000,4934.2500,4873.5000,0.6396,True,4885.7500,4881.7500,False,-0.0819
2024-01-29,2024-01-29,2024-02-02,5,0,0,4919.0000,4979.5000,4997.7500,4868.2500,1.2299,True,4919.0000,4954.7500,False,0.7268
2024-02-05,2024-02-05,2024-02-09,5,0,0,4973.0000,5044.0000,5048.5000,4937.7500,1.4277,True,4973.0000,4961.0000,False,-0.2413
2024-02-12,2024-02-12,2024-02-16,5,0,0,5043.0000,5020.5000,5066.5000,4936.5000,-0.4462,True,5043.0000,5041.5000,False,-0.0297
2024-02-19,2024-02-19,2024-02-23,5,1,0,5025.7500,5099.7500,5123.5000,4959.0000,1.4724,False,5025.7500,5024.5000,True,-0.0249
2024-02-26,2024-02-26,2024-03-01,5,0,0,5103.7500,5145.0000,5149.2500,5067.0000,0.8082,True,5103.7500,5080.0000,False,-0.4653
2024-03-04,2024-03-04,2024-03-08,5,0,0,5135.7500,5128.2500,5193.0000,5063.0000,-0.1460,True,5135.7500,5137.7500,False,0.0389
2024-03-11,2024-03-11,2024-03-15,5,0,0,5114.2500,5182.7500,5246.0000,5094.7500,1.3394,True,5114.2500,5122.7500,False,0.1662
2024-03-18,2024-03-18,2024-03-22,5,0,0,5225.5000,5292.0000,5322.7500,5195.2500,1.2726,True,5225.5000,5215.2500,False,-0.1962
2024-03-25,2024-03-25,2024-03-28,4,0,0,5276.7500,5305.2500,5321.0000,5263.0000,0.5401,False,5276.7500,5277.0000,False,0.0047
2024-04-01,2024-04-01,2024-04-05,5,0,0,5311.7500,5251.2500,5317.2500,5194.2500,-1.1390,True,5311.7500,5294.0000,False,-0.3342
2024-04-08,2024-04-08,2024-04-12,5,0,0,5258.5000,5167.7500,5274.2500,5150.0000,-1.7258,True,5258.5000,5254.2500,False,-0.0808
2024-04-15,2024-04-15,2024-04-19,5,0,0,5211.2500,5003.2500,5213.0000,4991.2500,-3.9914,True,5211.2500,5103.2500,False,-2.0724
2024-04-22,2024-04-22,2024-04-26,5,0,0,5030.2500,5129.5000,5146.5000,5006.0000,1.9731,True,5030.2500,5048.5000,False,0.3628
2024-04-29,2024-04-29,2024-05-03,5,0,0,5147.2500,5154.2500,5166.7500,5036.2500,0.1360,True,5147.2500,5147.2500,False,0.0000
2024-05-06,2024-05-06,2024-05-10,5,0,0,5178.5000,5245.2500,5264.0000,5174.0000,1.2890,True,5178.5000,5207.0000,False,0.5504
2024-05-13,2024-05-13,2024-05-17,5,0,0,5262.0000,5327.7500,5349.0000,5233.2500,1.2495,True,5262.0000,5245.7500,False,-0.3088
2024-05-20,2024-05-20,2024-05-24,5,0,0,5328.0000,5321.7500,5358.2500,5273.5000,-0.1173,True,5328.0000,5333.2500,False,0.0985
2024-05-27,2024-05-27,2024-05-31,5,1,0,5320.2500,5296.7500,5334.7500,5205.5000,-0.4417,False,5320.2500,5334.0000,True,0.2584
2024-06-03,2024-06-03,2024-06-07,5,0,0,5312.2500,5356.0000,5385.5000,5246.7500,0.8236,True,5312.2500,5299.5000,False,-0.2400
2024-06-10,2024-06-10,2024-06-14,5,0,0,5347.2500,5437.2500,5454.5000,5334.5000,1.6831,True,5347.2500,5372.7500,False,0.4769
2024-06-17,2024-06-17,2024-06-21,5,1,0,5429.7500,5530.2500,5576.7500,5424.7500,1.8509,False,5429.7500,5479.7500,False,0.9209
2024-06-24,2024-06-24,2024-06-28,5,0,0,5531.0000,5523.2500,5585.0000,5510.7500,-0.1401,True,5531.0000,5514.5000,False,-0.2983
2024-07-01,2024-07-01,2024-07-05,5,2,0,5537.0000,5622.0000,5626.0000,5504.5000,1.5351,False,5537.0000,5533.7500,False,-0.0587
2024-07-08,2024-07-08,2024-07-12,5,0,0,5629.0000,5670.2500,5708.2500,5615.2500,0.7328,True,5629.0000,5627.5000,False,-0.0266
2024-07-15,2024-07-15,2024-07-19,5,0,0,5690.5000,5553.7500,5721.2500,5542.0000,-2.4031,True,5690.5000,5685.5000,False,-0.0879
2024-07-22,2024-07-22,2024-07-26,5,0,0,5593.5000,5499.2500,5629.7500,5432.5000,-1.6850,True,5593.5000,5609.5000,False,0.2860
2024-07-29,2024-07-29,2024-08-02,5,0,0,5514.2500,5376.2500,5600.7500,5331.7500,-2.5026,True,5514.2500,5503.0000,False,-0.2040
2024-08-05,2024-08-05,2024-08-09,5,0,0,5159.5000,5368.5000,5385.2500,5146.0000,4.0508,True,5159.5000,5218.7500,False,1.1484
2024-08-12,2024-08-12,2024-08-16,5,0,0,5381.0000,5578.2500,5586.2500,5347.7500,3.6657,True,5381.0000,5371.7500,False,-0.1719
2024-08-19,2024-08-19,2024-08-23,5,0,0,5582.2500,5651.2500,5665.2500,5573.5000,1.2361,True,5582.2500,5631.0000,False,0.8733
2024-08-26,2024-08-26,2024-08-30,5,0,0,5661.0000,5658.2500,5669.0000,5577.5000,-0.0486,True,5661.0000,5637.2500,False,-0.4195
2024-09-02,2024-09-02,2024-09-06,5,1,0,5657.0000,5420.5000,5667.0000,5410.2500,-4.1807,False,5657.0000,5665.0000,True,0.1414
2024-09-09,2024-09-09,2024-09-13,5,0,0,5462.0000,5630.0000,5641.5000,5412.0000,3.0758,True,5462.0000,5479.5000,False,0.3204
2024-09-16,2024-09-16,2024-09-20,5,0,0,5627.7500,5763.0000,5797.5000,5609.2500,2.4033,True,5627.7500,5639.0000,False,0.1999
2024-09-23,2024-09-23,2024-09-27,5,0,0,5774.5000,5791.0000,5827.2500,5754.7500,0.2857,True,5774.5000,5776.2500,False,0.0303
2024-09-30,2024-09-30,2024-10-04,5,0,0,5780.2500,5799.7500,5820.2500,5724.0000,0.3374,True,5780.2500,5816.0000,False,0.6185
2024-10-07,2024-10-07,2024-10-11,5,0,0,5781.7500,5859.5000,5868.2500,5734.2500,1.3447,True,5781.7500,5747.0000,False,-0.6010
2024-10-14,2024-10-14,2024-10-18,5,0,0,5876.5000,5906.2500,5925.0000,5850.0000,0.5063,True,5876.5000,5909.2500,False,0.5573
2024-10-21,2024-10-21,2024-10-25,5,0,0,5898.5000,5845.5000,5908.5000,5801.0000,-0.8985,True,5898.5000,5897.0000,False,-0.0254
2024-10-28,2024-10-28,2024-11-01,5,0,0,5879.7500,5756.7500,5886.7500,5734.5000,-2.0919,True,5879.7500,5862.7500,False,-0.2891
2024-11-04,2024-11-04,2024-11-08,5,0,0,5757.7500,6027.0000,6040.5000,5724.2500,4.6763,True,5757.7500,5744.2500,False,-0.2345
2024-11-11,2024-11-11,2024-11-15,5,0,0,6042.0000,5897.0000,6045.2500,5876.7500,-2.3999,True,6042.0000,6032.2500,False,-0.1614
2024-11-18,2024-11-18,2024-11-22,5,0,0,5900.2500,5986.0000,5993.5000,5876.2500,1.4533,True,5900.2500,5920.2500,False,0.3390
2024-11-25,2024-11-25,2024-11-29,5,2,0,6026.7500,6051.5000,6060.0000,5982.5000,0.4107,False,6026.7500,6005.5000,False,-0.3526
2024-12-02,2024-12-02,2024-12-06,5,0,0,6055.2500,6098.5000,6111.0000,6047.5000,0.7143,True,6055.2500,6062.0000,False,0.1115
2024-12-09,2024-12-09,2024-12-13,5,0,0,6096.0000,6055.7500,6102.5000,6039.7500,-0.6603,True,6096.0000,6065.7500,False,-0.4962
2024-12-16,2024-12-16,2024-12-20,5,0,0,6072.5000,6002.2500,6148.0000,5898.2500,-1.1569,True,6072.5000,6080.0000,False,0.1235
2024-12-23,2024-12-23,2024-12-27,4,1,0,5998.7500,6028.5000,6107.5000,5965.0000,0.4959,False,5998.7500,6036.7500,False,0.6335
2024-12-30,2024-12-30,2025-01-03,4,0,0,5955.2500,5988.0000,5996.7500,5874.7500,0.5499,False,5955.2500,5958.0000,False,0.0462
2025-01-06,2025-01-06,2025-01-10,4,0,0,6032.7500,5866.5000,6068.2500,5845.2500,-2.7558,False,6032.7500,6022.5000,False,-0.1699
2025-01-13,2025-01-13,2025-01-17,5,0,0,5817.5000,6033.0000,6051.5000,5813.0000,3.7043,True,5817.5000,5875.2500,False,0.9927
2025-01-20,2025-01-20,2025-01-24,5,1,0,6064.2500,6132.7500,6162.2500,6036.5000,1.1296,False,6064.2500,6055.2500,True,-0.1484
2025-01-27,2025-01-27,2025-01-31,5,0,0,5998.0000,6064.7500,6147.7500,5996.7500,1.1129,True,5998.0000,6046.7500,False,0.8128
2025-02-03,2025-02-03,2025-02-07,5,0,0,5972.2500,6049.2500,6123.2500,5950.2500,1.2893,True,5972.2500,6023.0000,False,0.8498
2025-02-10,2025-02-10,2025-02-14,5,0,0,6080.7500,6131.7500,6145.2500,6023.7500,0.8387,True,6080.7500,6088.2500,False,0.1233
2025-02-17,2025-02-17,2025-02-21,5,1,0,6143.7500,6030.2500,6166.5000,6024.5000,-1.8474,False,6143.7500,6146.0000,True,0.0366
2025-02-24,2025-02-24,2025-02-28,5,0,0,6050.0000,5964.0000,6060.0000,5848.0000,-1.4215,True,6050.0000,6002.2500,False,-0.7893
2025-03-03,2025-03-03,2025-03-07,5,0,0,5984.7500,5775.0000,5997.0000,5673.0000,-3.5047,True,5984.7500,5862.7500,False,-2.0385
2025-03-10,2025-03-10,2025-03-14,5,0,0,5691.2500,5637.5000,5711.2500,5509.2500,-0.9444,True,5691.2500,5623.5000,False,-1.1904
2025-03-17,2025-03-17,2025-03-21,5,0,0,5637.2500,5714.5000,5770.5000,5600.0000,1.3703,True,5637.2500,5680.5000,False,0.7672
2025-03-24,2025-03-24,2025-03-28,5,0,0,5782.5000,5624.5000,5837.2500,5617.2500,-2.7324,True,5782.5000,5813.5000,False,0.5361
2025-03-31,2025-03-31,2025-04-04,5,0,0,5563.5000,5108.5000,5739.2500,5103.0000,-8.1783,True,5563.5000,5656.2500,False,1.6671
2025-04-07,2025-04-07,2025-04-11,5,0,0,4941.7500,5390.0000,5520.0000,4867.0000,9.0707,True,4941.7500,5098.7500,False,3.1770
2025-04-14,2025-04-14,2025-04-17,4,0,0,5493.2500,5310.7500,5496.5000,5251.0000,-3.3223,False,5493.2500,5442.5000,False,-0.9239
2025-04-21,2025-04-21,2025-04-25,5,0,0,5257.2500,5548.2500,5554.5000,5127.2500,5.5352,True,5257.2500,5183.5000,False,-1.4028
2025-04-28,2025-04-28,2025-05-02,5,0,0,5557.0000,5706.0000,5724.7500,5455.5000,2.6813,True,5557.0000,5551.5000,False,-0.0990
2025-05-05,2025-05-05,2025-05-09,5,0,0,5664.2500,5677.7500,5741.0000,5596.0000,0.2383,True,5664.2500,5674.5000,False,0.1810
2025-05-12,2025-05-12,2025-05-16,5,0,0,5850.2500,5975.2500,5977.5000,5805.7500,2.1367,True,5850.2500,5864.2500,False,0.2393
2025-05-19,2025-05-19,2025-05-23,5,0,0,5912.2500,5817.0000,5987.5000,5780.5000,-1.6111,True,5912.2500,5981.2500,False,1.1671
2025-05-26,2025-05-26,2025-05-30,5,1,0,5883.5000,5914.7500,5956.2500,5853.2500,0.5311,False,5883.5000,5891.0000,True,0.1275
2025-06-02,2025-06-02,2025-06-06,5,0,0,5897.5000,6006.5000,6025.0000,5870.5000,1.8482,True,5897.5000,5947.2500,False,0.8436
2025-06-09,2025-06-09,2025-06-13,5,0,0,6012.7500,5980.0000,6064.7500,5965.2500,-0.5447,True,6012.7500,6010.0000,False,-0.0457
2025-06-16,2025-06-16,2025-06-20,5,1,0,6014.2500,6016.7500,6073.7500,5969.5000,0.0416,False,6014.2500,6038.0000,False,0.3949
2025-06-23,2025-06-23,2025-06-27,5,0,0,6025.0000,6223.2500,6239.0000,5993.2500,3.2905,True,6025.0000,6076.7500,False,0.8589
2025-06-30,2025-06-30,2025-07-04,5,2,0,6248.2500,6283.5000,6333.2500,6224.2500,0.5642,False,6248.2500,6251.5000,False,0.0520
2025-07-07,2025-07-07,2025-07-11,5,0,0,6302.0000,6299.0000,6335.5000,6246.2500,-0.0476,True,6302.0000,6275.5000,False,-0.4205
2025-07-14,2025-07-14,2025-07-18,5,0,0,6294.2500,6334.7500,6353.5000,6241.0000,0.6434,True,6294.2500,6310.7500,False,0.2621
2025-07-21,2025-07-21,2025-07-25,5,0,0,6345.5000,6425.7500,6431.0000,6318.7500,1.2647,True,6345.5000,6345.2500,False,-0.0039
2025-07-28,2025-07-28,2025-08-01,5,0,0,6429.0000,6263.5000,6451.0000,6239.5000,-2.5743,True,6429.0000,6423.0000,False,-0.0933
2025-08-04,2025-08-04,2025-08-08,5,0,0,6303.2500,6414.0000,6419.0000,6302.0000,1.7570,True,6303.2500,6357.0000,False,0.8527
2025-08-11,2025-08-11,2025-08-15,5,0,0,6416.2500,6471.5000,6502.5000,6387.5000,0.8611,True,6416.2500,6400.0000,False,-0.2533
2025-08-18,2025-08-18,2025-08-22,5,0,0,6464.5000,6483.2500,6496.2500,6362.7500,0.2900,True,6464.5000,6468.7500,False,0.0657
2025-08-25,2025-08-25,2025-08-29,5,0,0,6470.0000,6475.2500,6523.0000,6444.5000,0.0811,True,6470.0000,6454.5000,False,-0.2396
2025-09-01,2025-09-01,2025-09-05,5,1,0,6474.0000,6491.0000,6541.7500,6371.7500,0.2626,False,6474.0000,6483.0000,True,0.1390
2025-09-08,2025-09-08,2025-09-12,5,0,0,6504.5000,6587.7500,6606.0000,6489.2500,1.2799,True,6504.5000,6507.0000,False,0.0384
2025-09-15,2025-09-15,2025-09-19,5,0,0,6609.2500,6721.7500,6731.5000,6604.2500,1.7022,True,6609.2500,6621.7500,False,0.1891
2025-09-22,2025-09-22,2025-09-26,5,0,0,6706.0000,6696.2500,6756.7500,6624.2500,-0.1454,True,6706.0000,6751.7500,False,0.6822
2025-09-29,2025-09-29,2025-10-03,5,0,0,6722.2500,6765.0000,6800.0000,6693.0000,0.6359,True,6722.2500,6714.2500,False,-0.1190
2025-10-06,2025-10-06,2025-10-10,5,0,0,6788.5000,6595.0000,6809.5000,6591.7500,-2.8504,True,6788.5000,6788.5000,False,0.0000
2025-10-13,2025-10-13,2025-10-17,5,0,0,6670.2500,6703.7500,6766.7500,6593.2500,0.5022,True,6670.2500,6694.5000,False,0.3636
2025-10-20,2025-10-20,2025-10-24,5,0,0,6733.5000,6827.2500,6841.2500,6690.7500,1.3923,True,6733.5000,6773.2500,False,0.5903
2025-10-27,2025-10-27,2025-10-31,5,0,0,6883.0000,6872.0000,6952.0000,6843.5000,-0.1598,True,6883.0000,6907.5000,False,0.3559
2025-11-03,2025-11-03,2025-11-07,5,0,0,6908.2500,6753.2500,6909.5000,6655.5000,-2.2437,True,6908.2500,6885.2500,False,-0.3329
2025-11-10,2025-11-10,2025-11-14,5,0,0,6815.7500,6758.0000,6892.7500,6670.5000,-0.8473,True,6815.7500,6857.0000,False,0.6052
2025-11-17,2025-11-17,2025-11-21,5,0,0,6734.2500,6622.5000,6791.2500,6539.0000,-1.6594,True,6734.2500,6693.7500,False,-0.6014
2025-11-24,2025-11-24,2025-11-28,5,2,0,6657.7500,6857.2500,6863.7500,6646.7500,2.9965,False,6657.7500,6718.7500,False,0.9162
2025-12-01,2025-12-01,2025-12-05,5,0,0,6813.5000,6876.7500,6905.0000,6812.7500,0.9283,True,6813.5000,6829.0000,False,0.2275
2025-12-08,2025-12-08,2025-12-12,5,0,0,6885.7500,6831.2500,6909.2500,6805.0000,-0.7915,True,6885.7500,6856.5000,False,-0.4248
2025-12-15,2025-12-15,2025-12-19,5,0,0,6871.0000,6888.5000,6893.7500,6762.0000,0.2547,True,6871.0000,6820.7500,False,-0.7313
2025-12-22,2025-12-22,2025-12-26,4,1,0,6921.7500,6980.0000,6994.0000,6908.5000,0.8416,False,6921.7500,6929.5000,False,0.1120
2025-12-29,2025-12-29,2026-01-02,4,0,0,6951.2500,6900.2500,6967.7500,6866.7500,-0.7337,False,6951.2500,6955.0000,False,0.0539
2026-01-05,2026-01-05,2026-01-09,5,0,0,6934.2500,7004.7500,7017.5000,6932.7500,1.0167,True,6934.2500,6946.0000,False,0.1694
2026-01-12,2026-01-12,2026-01-16,5,0,0,6969.5000,6976.5000,7025.2500,6923.2500,0.1004,True,6969.5000,7016.0000,False,0.6672
2026-01-19,2026-01-19,2026-01-23,5,1,0,6896.5000,6945.5000,6969.0000,6822.2500,0.7105,False,6896.5000,6913.2500,True,0.2429
2026-01-26,2026-01-26,2026-01-30,5,0,0,6957.7500,6968.0000,7031.0000,6898.2500,0.1473,True,6957.7500,6980.7500,False,0.3306
2026-02-02,2026-02-02,2026-02-06,5,0,0,6943.5000,6948.7500,7017.2500,6801.5000,0.0756,True,6943.5000,7003.0000,False,0.8569
2026-02-09,2026-02-09,2026-02-13,5,0,0,6935.5000,6850.0000,7011.5000,6808.7500,-1.2328,True,6935.5000,6980.2500,False,0.6452
2026-02-16,2026-02-16,2026-02-20,5,1,0,6859.0000,6924.7500,6931.5000,6791.0000,0.9586,False,6859.0000,6854.2500,True,-0.0693
2026-02-23,2026-02-23,2026-02-27,5,0,0,6908.0000,6888.2500,6965.7500,6828.5000,-0.2859,True,6908.0000,6854.0000,False,-0.7817
2026-03-02,2026-03-02,2026-03-06,5,0,0,6811.0000,6742.5000,6911.2500,6715.7500,-1.0057,True,6811.0000,6887.2500,False,1.1195
2026-03-09,2026-03-09,2026-03-13,5,0,0,6681.5000,6637.0000,6852.0000,6627.0000,-0.6660,True,6681.5000,6801.7500,False,1.7997
2026-03-16,2026-03-16,2026-03-20,5,0,0,6697.2500,6562.7500,6759.7500,6523.7500,-2.0083,True,6697.2500,6703.0000,False,0.0859
2026-03-23,2026-03-23,2026-03-27,5,0,0,6658.0000,6407.2500,6704.7500,6398.2500,-3.7661,True,6658.0000,6631.5000,False,-0.3980
2026-03-30,2026-03-30,2026-04-02,4,0,0,6467.7500,6623.2500,6653.7500,6359.5000,2.4042,False,6467.7500,6387.7500,False,-1.2369
2026-04-06,2026-04-06,2026-04-10,5,0,0,6621.7500,6855.5000,6883.0000,6572.7500,3.5300,True,6621.7500,6653.0000,False,0.4719
2026-04-13,2026-04-13,2026-04-17,5,0,0,6834.7500,7161.5000,7185.7500,6826.5000,4.7807,True,6834.7500,6921.2500,False,1.2656
2026-04-20,2026-04-20,2026-04-24,5,0,0,7148.2500,7194.7500,7200.5000,7079.2500,0.6505,True,7148.2500,7148.2500,False,0.0000
2026-04-27,2026-04-27,2026-05-01,5,0,0,7186.2500,7257.5000,7300.7500,7137.0000,0.9915,True,7186.2500,7207.2500,False,0.2922
2026-05-04,2026-05-04,2026-05-08,5,0,0,7250.5000,7421.0000,7427.7500,7199.5000,2.3516,True,7250.5000,7231.0000,False,-0.2689
2026-05-11,2026-05-11,2026-05-15,5,0,0,7410.0000,7432.5000,7540.0000,7363.2500,0.3036,True,7410.0000,7438.7500,False,0.3880
2026-05-18,2026-05-18,2026-05-22,5,0,0,7438.5000,7490.7500,7524.0000,7354.2500,0.7024,True,7438.5000,7426.2500,False,-0.1647
2026-05-25,2026-05-25,2026-05-29,5,1,0,7558.5000,7595.0000,7611.5000,7515.0000,0.4829,False,7558.5000,7564.5000,True,0.0794
2026-06-01,2026-06-01,2026-06-05,5,0,0,7583.0000,7400.2500,7632.2500,7379.7500,-2.4100,True,7583.0000,7614.0000,False,0.4088
2026-06-08,2026-06-08,2026-06-12,5,0,0,7457.2500,7433.5000,7491.0000,7247.2500,-0.3185,True,7457.2500,7416.0000,False,-0.5532
2026-06-15,2026-06-15,2026-06-19,5,1,0,7535.0000,7556.2500,7604.2500,7472.2500,0.2820,False,7535.0000,7564.5000,False,0.3915
2026-06-22,2026-06-22,2026-06-26,5,0,0,7573.2500,7380.2500,7599.2500,7360.0000,-2.5484,True,7573.2500,7540.2500,False,-0.4357
2026-06-29,2026-06-29,2026-07-03,5,1,0,7457.2500,7557.0000,7593.7500,7409.0000,1.3376,False,7457.2500,7497.0000,False,0.5330
2026-07-06,2026-07-06,2026-07-10,5,0,0,7564.7500,7620.7500,7627.2500,7469.5000,0.7403,True,7564.7500,7593.5000,False,0.3801
2026-07-13,2026-07-13,2026-07-17,5,0,0,7595.5000,7497.0000,7626.2500,7473.0000,-1.2968,True,7595.5000,7563.2500,False,-0.4246
2026-07-20,2026-07-20,2026-07-24,5,0,0,7534.5000,7447.7500,7563.5000,7411.7500,-1.1514,True,7534.5000,7486.0000,False,-0.6437
2026-07-27,2026-07-27,2026-07-31,5,0,0,7507.7500,7520.0000,7541.0000,7345.7500,0.1632,True,7507.7500,7449.2500,False,-0.7792
2026-08-03,2026-08-03,2026-08-07,5,0,0,7546.2500,7778.2500,7820.2500,7542.7500,3.0744,True,7546.2500,7628.5000,False,1.0899
2026-08-10,2026-08-10,2026-08-14,5,0,0,7773.0000,7805.5000,7838.5000,7738.0000,0.4181,True,7773.0000,7778.0000,False,0.0643
2026-08-17,2026-08-17,2026-08-21,5,0,0,7803.0000,7691.7500,7809.5000,7659.0000,-1.4257,True,7803.0000,7768.7500,False,-0.4389
2026-08-24,2026-08-24,2026-08-28,5,0,0,7681.7500,7722.5000,7782.5000,7655.0000,0.5305,True,7681.7500,7669.7500,False,-0.1562
2026-08-31,2026-08-31,2026-09-04,5,0,0,7701.2500,7723.7500,7766.5000,7621.5000,0.2922,True,7701.2500,7698.0000,False,-0.0422
2026-09-07,2026-09-07,2026-09-11,5,1,0,7714.7500,7659.0000,7717.7500,7585.5000,-0.7226,False,7714.7500,7708.7500,True,-0.0778
2026-09-14,2026-09-14,2026-09-15,2,0,0,7606.5000,7589.7500,7652.0000,7576.7500,-0.2202,False,7606.5000,7624.7500,False,0.2399
